Time,Stouch_RA5C1,Stouch_RA6D1,Stouch_RA4P2,Stouch_RA5C2,Stouch_RA6D2,Stouch_RA4P3,Stouch_RA5C3,Stouch_RA6D3,Stouch_RA4P4,Stouch_RA5C4,Stouch_RA6D4,Stouch_RA4P5,Stouch_RA5C5,Stouch_RA6D5
0, 0, 0, 0, 0, 0, 0, 0, 0, 0, 0, 0, 0, 0, 0
0.003, 0, 0, 0, 0, 0, 0, 0, 0, 0, 0, 0, 0, 0, 0
0.005, 0, 0, 0, 0, 0, 0, 0, 0, 0, 0, 0, 0, 0, 0
0.007, 0, 0, 0, 0, 0, 0, 0, 0, 0, 0, 0, 0, 0, 0
0.009, 0, 0, 0, 0, 0, 0, 0, 0, 0, 0, 0, 0, 0, 0
0.01, 0, 0, 0, 0, 0, 0, 0, 0, 0, 0, 0, 0, 0, 0
0.012, 0, 0, 0, 0, 0, 0, 0, 0, 0, 0, 0, 0, 0, 0
0.014, 0, 0, 0, 0, 0, 0, 0, 0, 0, 0, 0, 0, 0, 0
0.016, 0, 0, 0, 0, 0, 0, 0, 0, 0, 0, 0, 0, 0, 0
0.018, 0, 0, 0, 0, 0, 0, 0, 0, 0, 0, 0, 0, 0, 0
0.02, 0, 0, 0, 0, 0, 0, 0, 0, 0, 0, 0, 0, 0, 0
0.021, 0, 0, 0, 0, 0, 0, 0, 0, 0, 0, 0, 0, 0, 0
0.023, 0, 0, 0, 0, 0, 0, 0, 0, 0, 0, 0, 0, 0, 0
0.025, 0, 0, 0, 0, 0, 0, 0, 0, 0, 0, 0, 0, 0, 0
0.027, 0, 0, 0, 0, 0, 0, 0, 0, 0, 0, 0, 0, 0, 0
0.031, 0, 0, 0, 0, 0, 0, 0, 0, 0, 0, 0, 0, 0, 0
0.033, 0, 0, 0, 0, 0, 0, 0, 0, 0, 0, 0, 0, 0, 0
0.034, 0, 0, 0, 0, 0, 0, 0, 0, 0, 0, 0, 0, 0, 0
0.036, 0, 0, 0, 0, 0, 0, 0, 0, 0, 0, 0, 0, 0, 0
0.038, 0, 0, 0, 0, 0, 0, 0, 0, 0, 0, 0, 0, 0, 0
0.04, 0, 0, 0, 0, 0, 0, 0, 0, 0, 0, 0, 0, 0, 0
0.042, 0, 0, 0, 0, 0, 0, 0, 0, 0, 0, 0, 0, 0, 0
0.044, 0, 0, 0, 0, 0, 0, 0, 0, 0, 0, 0, 0, 0, 0
0.046, 0, 0, 0, 0, 0, 0, 0, 0, 0, 0, 0, 0, 0, 0
0.047, 0, 0, 0, 0, 0, 0, 0, 0, 0, 0, 0, 0, 0, 0
0.049, 0, 0, 0, 0, 0, 0, 0, 0, 0, 0, 0, 0, 0, 0
0.051, 0, 0, 0, 0, 0, 0, 0, 0, 0, 0, 0, 0, 0, 0
0.053, 0, 0, 0, 0, 0, 0, 0, 0, 0, 0, 0, 0, 0, 0
0.055, 0, 0, 0, 0, 0, 0, 0, 0, 0, 0, 0, 0, 0, 0
0.057, 0, 0, 0, 0, 0, 0, 0, 0, 0, 0, 0, 0, 0, 0
0.059, 0, 0, 0, 0, 0, 0, 0, 0, 0, 0, 0, 0, 0, 0
0.062, 0, 0, 0, 0, 0, 0, 0, 0, 0, 0, 0, 0, 0, 0
0.064, 0, 0, 0, 0, 0, 0, 0, 0, 0, 0, 0, 0, 0, 0
0.066, 0, 0, 0, 0, 0, 0, 0, 0, 0, 0, 0, 0, 0, 0
0.068, 0, 0, 0, 0, 0, 0, 0, 0, 0, 0, 0, 0, 0, 0
0.07, 0, 0, 0, 0, 0, 0, 0, 0, 0, 0, 0, 0, 0, 0
0.072, 0, 0, 0, 0, 0, 0, 0, 0, 0, 0, 0, 0, 0, 0
0.074, 0, 0, 0, 0, 0, 0, 0, 0, 0, 0, 0, 0, 0, 0
0.075, 0, 0, 0, 0, 0, 0, 0, 0, 0, 0, 0, 0, 0, 0
0.077, 0, 0, 0, 0, 0, 0, 0, 0, 0, 0, 0, 0, 0, 0
0.079, 0, 0, 0, 0, 0, 0, 0, 0, 0, 0, 0, 0, 0, 0
0.081, 0, 0, 0, 0, 0, 0, 0, 0, 0, 0, 0, 0, 0, 0
0.083, 0, 0, 0, 0, 0, 0, 0, 0, 0, 0, 0, 0, 0, 0
0.085, 0, 0, 0, 0, 0, 0, 0, 0, 0, 0, 0, 0, 0, 0
0.087, 0, 0, 0, 0, 0, 0, 0, 0, 0, 0, 0, 0, 0, 0
0.09, 0, 0, 0, 0, 0, 0, 0, 0, 0, 0, 0, 0, 0, 0
0.092, 0, 0, 0, 0, 0, 0, 0, 0, 0, 0, 0, 0, 0, 0
0.094, 0, 0, 0, 0, 0, 0, 0, 0, 0, 0, 0, 0, 0, 0
0.096, 0, 0, 0, 0, 0, 0, 0, 0, 0, 0, 0, 0, 0, 0
0.098, 0, 0, 0, 0, 0, 0, 0, 0, 0, 0, 0, 0, 0, 0
0.1, 0, 0, 0, 0, 0, 0, 0, 0, 0, 0, 0, 0, 0, 0
0.101, 0, 0, 0, 0, 0, 0, 0, 0, 0, 0, 0, 0, 0, 0
0.103, 0, 0, 0, 0, 0, 0, 0, 0, 0, 0, 0, 0, 0, 0
0.105, 0, 0, 0, 0, 0, 0, 0, 0, 0, 0, 0, 0, 0, 0
0.107, 0, 0, 0, 0, 0, 0, 0, 0, 0, 0, 0, 0, 0, 0
0.109, 0, 0, 0, 0, 0, 0, 0, 0, 0, 0, 0, 0, 0, 0
0.111, 0, 0, 0, 0, 0, 0, 0, 0, 0, 0, 0, 0, 0, 0
0.112, 0, 0, 0, 0, 0, 0, 0, 0, 0, 0, 0, 0, 0, 0
0.114, 0, 0, 0, 0, 0, 0, 0, 0, 0, 0, 0, 0, 0, 0
0.116, 0, 0, 0, 0, 0, 0, 0, 0, 0, 0, 0, 0, 0, 0
0.118, 0, 0, 0, 0, 0, 0, 0, 0, 0, 0, 0, 0, 0, 0
0.12, 0, 0, 0, 0, 0, 0, 0, 0, 0, 0, 0, 0, 0, 0
0.122, 0, 0, 0, 0, 0, 0, 0, 0, 0, 0, 0, 0, 0, 0
0.124, 0, 0, 0, 0, 0, 0, 0, 0, 0, 0, 0, 0, 0, 0
0.126, 0, 0, 0, 0, 0, 0, 0, 0, 0, 0, 0, 0, 0, 0
0.127, 0, 0, 0, 0, 0, 0, 0, 0, 0, 0, 0, 0, 0, 0
0.129, 0, 0, 0, 0, 0, 0, 0, 0, 0, 0, 0, 0, 0, 0
0.131, 0, 0, 0, 0, 0, 0, 0, 0, 0, 0, 0, 0, 0, 0
0.133, 0, 0, 0, 0, 0, 0, 0, 0, 0, 0, 0, 0, 0, 0
0.135, 0, 0, 0, 0, 0, 0, 0, 0, 0, 0, 0, 0, 0, 0
0.139, 0, 0, 0, 0, 0, 0, 0, 0, 0, 0, 0, 0, 0, 0
0.14, 0, 0, 0, 0, 0, 0, 0, 0, 0, 0, 0, 0, 0, 0
0.142, 0, 0, 0, 0, 0, 0, 0, 0, 0, 0, 0, 0, 0, 0
0.144, 0, 0, 0, 0, 0, 0, 0, 0, 0, 0, 0, 0, 0, 0
0.146, 0, 0, 0, 0, 0, 0, 0, 0, 0, 0, 0, 0, 0, 0
0.148, 0, 0, 0, 0, 0, 0, 0, 0, 0, 0, 0, 0, 0, 0
0.15, 0, 0, 0, 0, 0, 0, 0, 0, 0, 0, 0, 0, 0, 0
0.152, 0, 0, 0, 0, 0, 0, 0, 0, 0, 0, 0, 0, 0, 0
0.153, 0, 0, 0, 0, 0, 0, 0, 0, 0, 0, 0, 0, 0, 0
0.155, 0, 0, 0, 0, 0, 0, 0, 0, 0, 0, 0, 0, 0, 0
0.157, 0, 0, 0, 0, 0, 0, 0, 0, 0, 0, 0, 0, 0, 0
0.159, 0, 0, 0, 0, 0, 0, 0, 0, 0, 0, 0, 0, 0, 0
0.161, 0, 0, 0, 0, 0, 0, 0, 0, 0, 0, 0, 0, 0, 0
0.163, 0, 0, 0, 0, 0, 0, 0, 0, 0, 0, 0, 0, 0, 0
0.167, 0, 0, 0, 0, 0, 0, 0, 0, 0, 0, 0, 0, 0, 0
0.168, 0, 0, 0, 0, 0, 0, 0, 0, 0, 0, 0, 0, 0, 0
0.17, 0.924073, 0, 0, 0, 0, 0, 0, 0, 0, 0, 0, 0, 0, 0
0.172, 0.478816, 0, 0, 0, 0, 0, 0, 0, 0, 0, 0, 0, 0, 0
0.174, 0.827784, 0, 0, 0, 0, 0, 0, 0, 0, 0, 0, 0, 0, 0
0.176, 0.738895, 0, 0, 0, 0, 0, 0, 0, 0, 0, 0, 0, 0, 0
0.178, 0.641933, 0, 0, 0, 0, 0, 0, 0, 0, 0, 0, 0, 0, 0
0.18, 0.551557, 0, 0, 0, 0, 0, 0, 0, 0, 0, 0, 0, 0, 0
0.181, 0.514068, 0, 0, 0, 0, 0, 0, 0, 0, 0, 0, 0, 0, 0
0.183, 0.245633, 0, 0, 0, 0, 0, 0, 0, 0, 0, 0, 0, 0, 0
0.185, 0.621159, 0.463552, 0, 0, 0, 0, 0, 0, 0, 0, 0, 0, 0, 0
0.187, 0.510402, 0.346506, 0, 0, 0, 0, 0, 0, 0, 0, 0, 0, 0, 0
0.189, 0.473927, 0.323727, 0, 0, 0, 0, 0, 0, 0, 0, 0, 0, 0, 0
0.193, 0.413679, 0.281784, 0, 0, 0, 0, 0, 0, 0, 0, 0, 0, 0, 0
0.194, 0.403551, 0.269075, 0, 0, 0, 0, 0, 0, 0, 0, 0, 0, 0, 0
0.196, 0.436103, 0.272566, 0, 0, 0, 0, 0, 0, 0, 0, 0, 0, 0, 0
0.198, 0.419929, 0.251427, 0, 0, 0, 0, 0, 0, 0, 0, 0, 0, 0, 0
0.2, 0.406346, 0.231623, 0, 0, 0, 0, 0, 0, 0, 0, 0, 0, 0, 0
0.202, 0.398329, 0.215041, 0, 0, 0, 0, 0, 0, 0, 0, 0, 0, 0, 0
0.204, 0.395333, 0.202481, 0, 0, 0, 0, 0, 0, 0, 0, 0, 0, 0, 0
0.206, 0.405613, 0.199905, 0, 0, 0, 0, 0, 0, 0, 0, 0, 0, 0, 0
0.207, 0.41177, 0.199708, 0, 0, 0, 0, 0, 0, 0, 0, 0, 0, 0, 0
0.209, 0.0265196, 0.0263813, 0, 0, 0, 0, 0, 0, 0, 0, 0, 0, 0, 0
0.211, 0.0336849, 0.0335545, 0, 0, 0, 0, 0, 0, 0, 0, 0, 0, 0, 0
0.213, 1.00702, 0.25461, 0, 0, 0, 0, 0, 0, 0, 0, 0, 0, 0, 0
0.215, 0, 0.0397102, 0, 0, 0, 0, 0, 0, 0, 0, 0, 0, 0, 0
0.217, 0, 0, 0, 0, 0, 0, 0, 0, 0, 0, 0, 0, 0, 0
0.219, 0, 0, 0, 0, 0, 0, 0, 0, 0, 0, 0, 0, 0, 0
0.222, 0, 0, 0, 0, 0, 0, 0, 0, 0, 0, 0, 0, 0, 0
0.224, 0, 0, 0, 0, 0, 0, 0, 0, 0, 0, 0, 0, 0, 0
0.226, 0, 0, 0, 0, 0, 0, 0, 0, 0, 0, 0, 0, 0, 0
0.228, 0, 0, 0, 0, 0.493694, 0, 0, 0, 0, 0, 0, 0, 0, 0
0.23, 0, 0, 0, 0, 4.52085, 0, 0, 0, 0, 0, 0, 0, 0, 0
0.232, 0, 0.892954, 0, 0, 0.341905, 0, 0, 0, 0, 0, 0, 0, 0, 0
0.233, 0, 0, 0, 0.745701, 1.31627, 0, 0, 0, 0, 0, 0, 0, 0, 0
0.235, 0, 0, 0, 0.516958, 0.973463, 0, 0, 0, 0, 0, 0, 0, 0, 0
0.237, 0, 0, 0, 0.126129, 10.7827, 0, 0, 0, 0, 0, 0, 0, 0, 0
0.239, 0, 0, 0, 0, 1.21974, 0, 0, 0, 0, 0, 0, 0, 0, 0
0.24, 0, 0, 0, 0.163889, 0.515107, 0, 0, 0, 0, 0, 0, 0, 0, 0
0.242, 0, 0, 0, 0, 2.66662, 0, 0, 0, 0, 0, 0, 0, 0, 0
0.244, 0, 0, 0, 0, 0.00285809, 0, 0, 0, 0, 0, 0, 0, 0, 0
0.246, 0, 0, 0, 0, 1.19301, 0, 0, 0, 0, 0, 0, 0, 0, 0
0.248, 0, 0, 0, 0, 2.71207, 0, 0, 0, 0, 0, 0, 0, 0, 0
0.249, 0, 0, 0, 0, 0.0958519, 0, 0, 0, 0, 0, 0, 0, 0, 0
0.251, 0, 0, 0, 0, 5.33554, 0, 0, 0, 0, 0, 0, 0, 0, 3.89476
0.252, 0, 0, 0, 0, 0, 0, 0.466101, 0, 0, 0, 0, 0, 0, 0.968272
0.253, 0, 1.88283, 0, 0, 0, 0, 3.49535, 0.714065, 0, 0, 0, 0, 1.30099, 1.11697
0.254, 0, 1.97888, 0, 0, 0, 0, 4.84327, 1.86138, 0, 0, 0, 0, 1.9783, 1.47112
0.255, 1.20289, 1.37398, 0, 0, 0.000996813, 0, 6.70047, 2.48949, 0, 0, 1.26991, 0, 2.13343, 2.04251
0.256, 3.61993, 3.96326, 0, 0, 0.467591, 0, 14.4499, 10.8936, 0, 0, 2.2717, 0, 2.48042, 5.81129
0.257, 2.53051, 2.54023, 0, 0, 0, 0, 4.91499, 5.79698, 0, 0, 2.2531, 0, 1.20221, 6.43262
0.258, 0.464054, 0, 0, 0, 0, 0, 6.86919, 4.15237, 0, 0, 7.50668, 0, 1.41598, 4.97577
0.259, 0.365177, 0, 0, 0, 0.144202, 0, 6.57793, 4.47836, 0, 0.0447051, 2.98716, 0, 1.76258, 4.28213
0.26, 0, 0, 0, 0, 2.21999, 0, 6.08594, 5.59955, 0, 2.9777, 3.96164, 0, 6.67951, 5.51672
0.261, 0, 0, 0, 0, 1.05555, 0, 6.42829, 5.3605, 0, 0.532652, 3.2789, 0, 1.91867, 3.01795
0.262, 0, 0, 0, 0, 4.03664, 0, 6.77573, 6.09479, 0, 2.94257, 3.61063, 0, 1.82947, 2.66045
0.263, 0, 0, 0, 0, 0.133618, 0, 9.19797, 7.26097, 0, 1.32076, 3.30393, 0, 3.59502, 2.82561
0.264, 0, 0, 0, 0, 2.08129, 0, 10.5303, 6.1871, 0, 8.31059, 5.51396, 0, 6.68081, 7.64089
0.265, 0, 4.04113, 0, 0, 0.892485, 0, 8.29924, 7.43197, 0, 4.49118, 3.71317, 0, 2.53429, 3.1548
0.266, 0, 1.9484, 0, 0, 2.17998, 0, 10.388, 7.6915, 0, 7.55009, 3.7333, 0, 1.19974, 2.28212
0.267, 0, 0.824081, 0, 0, 1.0875, 0, 9.08882, 6.48279, 0, 6.03695, 3.28547, 0, 1.41938, 2.3705
0.268, 0, 1.0059, 0, 0.249133, 2.62938, 0, 11.0629, 7.15117, 0, 7.55324, 3.09282, 0, 1.32498, 1.66343
0.269, 0, 0, 0, 0, 0.323102, 0, 8.23073, 6.51954, 0, 5.31974, 3.73258, 0, 1.16399, 1.61185
0.27, 0, 0, 0, 0.643031, 3.10191, 0, 9.15755, 4.75143, 0, 5.63662, 3.13481, 0, 1.50332, 1.8798
0.271, 0, 0, 0, 0, 0.163216, 0, 5.65778, 5.91903, 0, 15.0633, 7.12002, 0, 0.850586, 1.60632
0.272, 0, 0, 0, 0.976252, 2.72284, 0, 10.7362, 6.17532, 0, 3.88469, 2.8215, 0, 1.64326, 1.28961
0.273, 0, 0, 0, 0, 0.313751, 0, 6.3298, 5.61063, 0, 5.03391, 2.66641, 0, 0.9231, 1.41374
0.274, 0, 0, 0, 0.978329, 2.78501, 0, 9.75726, 5.73899, 0, 3.94849, 2.05772, 0, 1.40533, 1.23691
0.275, 0, 0, 0, 0, 0.297835, 0, 6.12569, 5.72799, 0, 4.4245, 2.28661, 0, 0.915999, 1.35555
0.276, 0, 0, 0, 1.51166, 2.80984, 0, 10.1637, 6.36233, 0, 4.03138, 1.76067, 0, 1.46349, 1.11354
0.277, 0, 0, 0, 0, 0.287791, 0, 5.97094, 5.73246, 0, 4.34591, 2.01719, 0, 1.04599, 1.2389
0.278, 0, 0, 0, 1.49885, 2.81965, 0, 9.10671, 5.57085, 0, 3.86898, 1.27142, 0, 1.45955, 1.04379
0.279, 0, 0, 0, 0, 0.293169, 0, 5.60574, 5.75193, 0, 3.95959, 1.75898, 0, 1.06756, 1.15415
0.28, 0, 0, 0, 1.44279, 2.85109, 0, 8.97223, 6.29461, 0, 3.86061, 0.939332, 0, 1.52433, 0.885736
0.281, 0, 0, 0, 0, 0.279051, 0, 5.02543, 5.61497, 0, 3.77556, 1.69781, 0, 1.06415, 1.01903
0.282, 0, 0, 0, 1.44351, 2.83285, 0, 6.25746, 3.75797, 0, 3.6059, 0.90735, 0, 1.19866, 1.1895
0.283, 0, 0, 0, 0.391563, 0.742876, 0, 10.886, 5.58151, 0, 8.70983, 6.14956, 0, 2.93336, 1.5075
0.284, 0, 0, 0, 1.34116, 2.23286, 0, 10.4122, 3.84383, 0, 5.45465, 2.50959, 0, 4.45034, 1.3703
0.285, 0, 0, 0, 0.103908, 0.941332, 0, 7.14108, 4.59667, 0, 4.01239, 1.96668, 0, 1.76947, 0.844635
0.286, 0, 0, 0, 0.780894, 2.31497, 0, 8.95083, 3.847, 0, 4.68136, 1.49424, 0, 3.78027, 1.16124
0.287, 0, 0, 0, 0.0490512, 0.851543, 0, 5.81071, 4.17849, 0, 3.6195, 1.48308, 0, 1.54491, 0.868376
0.288, 0, 0, 0, 0.858897, 2.51508, 0, 8.18441, 3.13046, 0, 2.93298, 1.05984, 0, 3.93906, 1.2557
0.289, 0, 0, 0, 0.0187474, 0.558542, 0, 7.03281, 5.12792, 0, 3.56735, 1.79774, 0, 1.11086, 2.50197
0.29, 0, 0, 0, 0.918818, 2.97274, 0, 9.68252, 3.90861, 0, 3.41213, 0.925542, 0, 1.43431, 0.950315
0.291, 0, 0, 0, 0, 0.235574, 0, 5.27773, 4.64376, 0, 3.42325, 1.53973, 0, 1.00079, 1.47823
0.292, 0, 0, 0, 0.913395, 3.3829, 0, 9.78127, 3.32423, 0, 3.90209, 0.976054, 0, 2.32175, 0.837791
0.293, 0, 0, 0, 0, 0.233392, 0, 5.22288, 5.03954, 0, 4.34244, 2.03276, 0, 1.28958, 2.08054
0.294, 0, 1.16026, 0, 1.34155, 1.018, 0, 9.44579, 3.0752, 0, 5.74364, 1.4155, 0, 5.11065, 1.34496
0.295, 0, 0.153253, 0, 0.731288, 5.75316, 0, 8.58057, 3.69166, 0, 3.00184, 1.69697, 0, 1.12485, 1.27508
0.296, 0, 5.0773, 0, 0, 0.565932, 0, 8.87812, 6.08511, 0, 8.89178, 3.88901, 0, 2.92804, 4.9323
0.297, 0, 1.12671, 0, 0.468991, 1.42073, 0, 10.4676, 4.83872, 0, 6.69863, 0.663679, 0, 4.0384, 1.40587
0.298, 0, 0.858252, 0, 0.553579, 0.254033, 0, 8.89063, 3.5232, 0, 4.27702, 1.51069, 0, 2.95701, 0.757326
0.299, 0, 3.13775, 0, 0.829807, 0.577986, 0, 10.758, 3.83038, 0, 5.64555, 1.57059, 0, 5.38205, 1.25407
0.3, 0, 8.3748, 0, 0, 8.06531, 0, 11.9739, 5.52898, 0, 5.44492, 1.97555, 0, 5.19099, 1.08171
0.301, 0, 2.398, 0, 0, 0.043546, 0, 9.38768, 6.17199, 0, 8.44145, 3.66489, 0, 2.91164, 4.99023
0.302, 0, 0, 0, 0, 1.00953, 0, 10.2493, 3.37132, 0, 6.38835, 0.570243, 0, 5.28274, 1.46162
0.303, 0, 0, 0, 0, 2.57404, 0, 7.95574, 2.70687, 0, 4.60576, 0.708033, 0, 3.76144, 0.977492
0.304, 0, 0, 0, 0, 0.12565, 0, 8.57581, 5.52393, 0, 3.59274, 1.54881, 0, 1.27423, 2.3127
0.305, 0, 0, 0, 0, 3.08982, 0, 4.45857, 4.91775, 0, 6.01562, 0.659525, 0, 1.45411, 0.965635
0.306, 0, 0, 0, 0, 0, 0, 3.23535, 3.96159, 0, 3.41682, 1.44415, 0, 1.16488, 1.65962
0.307, 0, 0, 0, 0, 0, 0, 2.92803, 3.01217, 0, 3.06864, 0.701783, 0, 1.10964, 1.02096
0.309, 0, 0, 0, 0, 0, 0, 2.95755, 2.98828, 0, 2.90491, 1.16466, 0, 1.21857, 0.996469
0.31, 0, 0, 0, 0, 0, 0, 2.93526, 2.97831, 0, 2.92197, 0.761392, 0, 1.13085, 1.00509
0.312, 0, 0, 0, 0, 0, 0, 2.93768, 2.97238, 0, 3.00053, 0.718081, 0, 1.13495, 0.99971
0.313, 0, 0, 0, 0, 0, 0, 2.93848, 2.9728, 0, 2.99042, 0.712309, 0, 1.13164, 0.998306
0.315, 0, 0, 0, 0, 0, 0, 2.94451, 2.99365, 0, 2.98013, 0.660647, 0, 1.12499, 0.996657
0.317, 0, 0, 0, 0, 0, 0, 2.94259, 2.9799, 0, 2.95876, 0.659156, 0, 1.11455, 0.998675
0.319, 0, 0, 0, 0, 0, 0, 2.94186, 2.96827, 0, 2.94382, 0.653429, 0, 1.10696, 1.00508
0.32, 0, 0, 0, 0, 0, 0, 2.94169, 3.00154, 0, 2.93832, 0.68446, 0, 1.1021, 1.00856
0.322, 0, 0, 0, 0, 0, 0, 2.93899, 2.99198, 0, 2.88444, 0.66773, 0, 1.09006, 1.00874
0.324, 0, 0, 0, 0, 0, 0, 2.93524, 2.98664, 0, 2.88238, 0.680875, 0, 1.07869, 1.01012
0.325, 0, 0, 0, 0, 0, 0, 2.99134, 3.19663, 0, 2.934, 0.656013, 0, 1.13552, 0.97444
0.326, 0, 0, 0, 0, 0, 0, 2.93503, 2.98402, 0, 2.89005, 0.614012, 0, 1.09396, 1.00909
0.328, 0, 0, 0, 0, 0, 0, 2.93406, 3.01921, 0, 2.89093, 0.626302, 0, 1.09284, 1.006
0.33, 0, 0, 0, 0, 0, 0, 2.91966, 2.98206, 0, 2.8813, 0.620435, 0, 1.07393, 1.01351
0.332, 0, 0, 0, 0, 0, 0, 2.91945, 2.97484, 0, 2.87658, 0.627927, 0, 1.06646, 1.0195
0.333, 0, 0, 0, 0, 0, 0, 2.91762, 2.97158, 0, 2.8721, 0.631774, 0, 1.06301, 1.02141
0.335, 0, 0, 0, 0, 0, 0, 2.9141, 2.97467, 0, 2.86949, 0.63855, 0, 1.05645, 1.09569
0.337, 0, 0, 0, 0, 0, 0, 2.91551, 2.9673, 0, 2.86082, 0.644824, 0, 1.05057, 1.09979
0.339, 0, 0, 0, 0, 0, 0, 2.91035, 2.9608, 0, 2.85504, 0.650954, 0, 1.04299, 1.10356
0.342, 0, 0, 0, 0, 0, 0, 2.90349, 2.96514, 0, 2.84878, 0.658661, 0, 1.03555, 1.10548
0.344, 0, 0, 0, 0, 0, 0, 2.90555, 2.96305, 0, 2.85297, 0.663271, 0, 1.03615, 1.10765
0.346, 0, 0, 0, 0, 0, 0, 2.90419, 2.96111, 0, 2.84959, 0.66968, 0, 1.02796, 1.10965
0.347, 0, 0, 0, 0, 0, 0, 2.9024, 2.96717, 0, 2.84643, 0.672005, 0, 1.02435, 1.11068
0.349, 0, 0, 0, 0, 0, 0, 2.89978, 2.96313, 0, 2.83033, 0.724017, 0, 1.01965, 1.11188
0.351, 0, 0, 0, 0, 0, 0, 2.89722, 2.95811, 0, 2.82638, 0.730309, 0, 1.01297, 1.1147
0.353, 0, 0, 0, 0, 0, 0, 2.89586, 2.9515, 0, 2.83045, 0.735028, 0, 1.02913, 1.11256
0.354, 0, 0, 0, 0, 0, 0, 2.89411, 2.94992, 0, 2.82771, 0.736741, 0, 1.02409, 1.11259
0.356, 0, 0, 0, 0, 0, 0, 2.89154, 2.95554, 0, 2.80594, 0.732994, 0, 1.01429, 1.11354
0.358, 0, 0, 0, 0, 0, 0, 2.89012, 2.94866, 0, 2.80403, 0.735415, 0, 1.00921, 1.11302
0.359, 0, 0, 0, 0, 0, 0, 2.89033, 2.94632, 0, 2.80088, 0.739298, 0, 1.00556, 1.11321
0.361, 0, 0, 0, 0, 0, 0, 2.88939, 2.9505, 0, 2.79156, 0.740654, 0, 1.00128, 1.11368
0.362, 0, 0, 0, 0, 0, 0, 2.88887, 2.94424, 0, 2.79043, 0.745118, 0, 0.997959, 1.114
0.363, 0, 0, 0, 0, 0, 0, 2.88823, 2.94357, 0, 2.7899, 0.747679, 0, 0.996423, 1.11407
0.365, 0, 0, 0, 0, 0, 0, 2.88566, 2.96013, 0, 2.78515, 0.75142, 0, 0.987534, 1.11441
0.367, 0, 0, 0, 0, 0, 0, 2.88528, 2.96091, 0, 2.78234, 0.755314, 0, 0.982312, 1.11478
0.369, 0, 0, 0, 0, 0, 0, 2.8884, 2.9597, 0, 2.77731, 0.761334, 0, 0.974649, 1.11597
0.37, 0, 0, 0, 0, 0, 0, 2.8877, 2.95821, 0, 2.77466, 0.763484, 0, 0.99029, 1.1171
0.372, 0, 0, 0, 0, 0, 0, 2.88611, 2.95503, 0, 2.77214, 0.767455, 0, 0.98204, 1.11857
0.374, 0, 0, 0, 0, 0, 0, 2.88393, 2.95361, 0, 2.76754, 0.770853, 0, 0.973728, 1.11806
0.376, 0, 0, 0, 0, 0, 0, 2.88158, 2.95282, 0, 2.76315, 0.773379, 0, 0.966225, 1.11964
0.378, 0, 0, 0, 0, 0, 0, 2.91059, 2.95122, 0, 2.7596, 0.777197, 0, 0.96219, 1.11988
0.379, 0, 0, 0, 0, 0, 0, 2.90872, 2.94853, 0, 2.757, 0.778904, 0, 0.958272, 1.11967
0.381, 0, 0, 0, 0, 0, 0, 2.90727, 2.95009, 0, 2.75044, 0.778721, 0, 0.950985, 1.11839
0.383, 0, 0, 0, 0, 0, 0, 2.90438, 2.95003, 0, 2.74431, 0.783063, 0, 0.942359, 1.11492
0.385, 0, 0, 0, 0, 0, 0, 2.90167, 2.96144, 0, 2.7366, 0.780257, 0, 0.934378, 1.11218
0.386, 0, 0, 0, 0, 0, 0, 2.89964, 2.96059, 0, 2.73202, 0.782111, 0, 0.932633, 1.11102
0.388, 0, 0, 0, 0, 0.0838793, 0, 2.89567, 2.95959, 0, 2.72437, 0.783808, 0, 0.924639, 1.10669
0.389, 0, 0, 0, 0, 1.72006, 0, 4.49882, 2.31773, 0, 6.27472, 0.66665, 0, 4.1626, 1.64425
0.39, 0, 0, 0, 0, 1.43414, 0, 3.31295, 2.50174, 0, 3.62532, 0.939266, 0, 1.94578, 0.843347
0.391, 0, 0, 0, 0.267274, 1.50049, 0, 3.35961, 2.35932, 0, 3.91906, 0.613664, 0, 2.25453, 0.96252
0.393, 0, 0, 0, 0.349133, 2.13203, 0, 3.33973, 2.34948, 0, 3.90692, 0.535938, 0, 2.22214, 0.906908
0.394, 0, 0, 0, 0.111117, 1.23969, 0, 3.05029, 2.59852, 0, 3.2031, 0.684332, 0, 1.3882, 0.791881
0.395, 0, 0, 0, 0.703321, 2.057, 0, 3.5481, 2.26987, 0, 4.32759, 0.40653, 0, 2.62497, 1.04542
0.396, 0, 0, 0, 0.135926, 1.34882, 0, 3.10798, 2.54312, 0, 3.33877, 0.601352, 0, 1.53884, 0.737386
0.397, 0, 0, 0, 0.7088, 1.76699, 0, 3.48929, 2.29267, 0, 4.19649, 0.361712, 0, 2.5245, 1.0192
0.398, 0, 0, 0, 0.389883, 1.55833, 0, 3.40086, 2.46604, 0, 8.72783, 3.51054, 0, 2.49848, 0.829693
0.399, 0, 0, 0, 0.625233, 1.92528, 0, 3.5548, 4.49647, 0, 2.91672, 1.44067, 0, 2.68179, 0.834911
0.4, 0, 0, 0, 0.314516, 1.55542, 0, 3.04417, 2.75404, 0, 2.77732, 0.792595, 0, 1.78643, 0.746312
0.401, 0, 0, 0, 0.806223, 1.71872, 0, 3.52033, 3.81441, 0, 3.47563, 1.28527, 0, 1.77327, 5.92765
0.402, 0, 0, 0, 0.468397, 1.7534, 0, 3.05847, 2.97211, 0, 2.67466, 0.682998, 0, 0.491112, 1.41073
0.403, 0, 0, 0, 0.464063, 1.74226, 0, 3.02933, 2.89204, 0, 2.64715, 0.695213, 0, 0.824945, 0.953522
0.404, 0, 0, 0, 0.528714, 1.73059, 0, 3.06079, 2.89085, 0, 2.6876, 0.757475, 0, 0.974136, 0.829815
0.405, 0, 0, 0, 0.584355, 1.85, 0, 3.08405, 2.89364, 0, 2.7206, 0.756009, 0, 1.03061, 0.795008
0.407, 0, 0, 0, 0.540618, 1.72722, 0, 3.06251, 2.92505, 0, 2.74917, 0.763166, 0, 1.04238, 0.776671
0.408, 0, 0, 0, 0.884421, 1.76412, 0, 3.06752, 2.32424, 0, 2.56733, 0.640152, 0, 0.752718, 0.969481
0.409, 0, 0, 0, 0.705714, 1.79618, 0, 3.08351, 2.89007, 0, 2.70585, 0.783001, 0, 0.950855, 0.816099
0.41, 0, 0, 0, 0.659204, 1.79004, 0, 3.07545, 2.91362, 0, 2.71317, 0.784026, 0, 0.96727, 0.795756
0.412, 0, 0, 0, 0.662149, 1.81889, 0, 3.0851, 2.92547, 0, 2.70777, 0.785445, 0, 0.958759, 0.788256
0.414, 0, 2.4839, 0, 0.547873, 1.84026, 0, 3.12344, 3.16291, 0, 2.76164, 0.830819, 0, 1.01049, 0.732525
0.416, 0, 1.90047, 0, 0.614043, 1.76116, 0, 3.1204, 3.12746, 0, 2.77122, 0.82993, 0, 1.00767, 0.725162
0.417, 0, 0, 0, 0.707338, 1.82537, 0, 3.13687, 3.1233, 0, 2.75955, 0.823697, 0, 0.979226, 0.725536
0.419, 0, 0, 0, 0.630803, 1.76321, 0, 3.11355, 3.09826, 0, 2.74774, 0.821872, 0, 0.950873, 0.744385
0.421, 0, 0, 0, 0.67579, 1.82593, 0, 3.12789, 3.10188, 0, 2.72776, 0.828903, 0, 0.940534, 0.749521
0.422, 0, 0, 0, 0.459641, 1.90346, 0, 3.17102, 3.43758, 0, 2.74559, 0.84131, 0, 0.952803, 0.729082
0.423, 0, 0, 0, 0.535603, 1.65084, 0, 3.12522, 3.15879, 0, 2.7849, 0.873825, 0, 1.01997, 0.710501
0.424, 0, 0, 0, 0.852004, 1.84619, 0, 3.17014, 3.11196, 0, 2.75452, 0.827062, 0, 1.01341, 0.699385
0.426, 0, 0, 0, 0.576671, 1.69449, 0, 3.10204, 3.09869, 0, 2.7325, 0.828148, 0, 0.944807, 0.747217
0.428, 0, 0, 0, 0.649749, 1.85867, 0, 3.15279, 3.13129, 0, 2.7101, 0.849882, 0, 0.942877, 0.744607
0.429, 0, 0, 0, 0.467609, 1.7044, 0, 3.11478, 3.11722, 0, 2.72251, 0.856407, 0, 0.938458, 0.755975
0.43, 0, 0, 0, 0.663914, 1.8118, 0, 3.15362, 3.12518, 0, 2.72056, 0.832211, 0, 0.949561, 0.735134
0.431, 0, 0, 0, 0.513396, 1.73017, 0, 3.12551, 3.12839, 0, 2.72082, 0.856943, 0, 0.945211, 0.75068
0.433, 0, 0, 0, 0.596862, 1.79041, 0, 3.15289, 3.13579, 0, 2.71591, 0.855739, 0, 0.956964, 0.739597
0.435, 0, 0, 0, 0.538345, 1.70678, 0, 3.13425, 3.13222, 0, 2.72091, 0.846948, 0, 0.952445, 0.740307
0.437, 0, 0, 0, 0.600779, 1.7852, 0, 3.15803, 3.14986, 0, 2.71427, 0.879204, 0, 0.95634, 0.735466
0.438, 0, 0, 0, 0.508802, 1.70857, 0, 3.13633, 3.14195, 0, 2.7203, 0.977944, 0, 0.955602, 0.741062
0.44, 0, 0, 0, 0.587925, 1.74092, 0, 3.15363, 3.14882, 0, 2.71012, 0.975666, 0, 0.95492, 0.733376
0.442, 0, 0, 0, 0.550297, 1.69835, 0, 3.13722, 3.14401, 0, 2.70786, 0.967079, 0, 0.949516, 0.737381
0.444, 0, 0, 0, 0.574941, 1.73569, 0, 3.14725, 3.14956, 0, 2.69899, 0.975313, 0, 0.948028, 0.736084
0.445, 0, 0, 0, 0.529524, 1.70084, 0, 3.13584, 3.14461, 0, 2.69809, 0.97408, 0, 0.945803, 0.739447
0.447, 0, 0, 0, 0.56495, 1.71567, 0, 3.14656, 3.14139, 0, 2.6927, 0.973427, 0, 0.94507, 0.737792
0.448, 0, 0, 0, 0.658334, 1.65205, 0, 3.08814, 2.56992, 0, 2.54777, 0.796851, 0, 0.732397, 0.908368
0.449, 0, 0, 0, 0.67162, 1.71216, 0, 3.12047, 2.94776, 0, 2.62979, 0.903774, 0, 0.839499, 0.808424
0.451, 0, 0, 0, 0.593752, 1.6604, 0, 3.10097, 2.95808, 0, 2.64695, 0.90551, 0, 0.850184, 0.796506
0.452, 0, 0, 0, 0.653448, 1.69971, 0, 3.11774, 2.9411, 0, 2.63986, 0.897098, 0, 0.845884, 0.797486
0.453, 0, 0, 0, 0.555087, 1.68876, 0, 3.15383, 3.16859, 0, 2.69411, 0.992226, 0, 0.938977, 0.738695
0.455, 0, 0, 0, 0.557027, 1.69201, 0, 3.15555, 3.17856, 0, 2.69672, 0.987524, 0, 0.958334, 0.724693
0.457, 0, 0, 0, 0.549239, 1.6855, 0, 3.16978, 3.18793, 0, 2.69715, 0.99178, 0, 0.9608, 0.721437
0.459, 0, 0, 0, 0.597065, 1.66932, 0, 3.12141, 2.94516, 0, 2.6316, 0.905599, 0, 0.842824, 0.794574
0.46, 0, 0, 0, 0.589616, 1.68392, 0, 3.15689, 3.12754, 0, 2.67331, 0.969566, 0, 0.913953, 0.747228
0.462, 0, 0, 0, 0.569676, 1.67332, 0, 3.14343, 3.09958, 0, 2.66817, 0.96309, 0, 0.914461, 0.745197
0.464, 0, 0, 0, 0.576501, 1.68181, 0, 3.14959, 3.09902, 0, 2.66524, 0.964863, 0, 0.911711, 0.745495
0.466, 0, 0, 0, 0.565329, 1.67027, 0, 3.15073, 3.09815, 0, 2.66454, 0.966076, 0, 0.912694, 0.743952
0.467, 0, 0, 0, 0.576746, 1.67804, 0, 3.156, 3.10294, 0, 2.66433, 0.967679, 0, 0.914405, 0.742038
0.469, 0, 0, 0, 0.551363, 1.67326, 0, 3.18175, 3.18081, 0, 2.68089, 0.997839, 0, 0.945361, 0.721048
0.47, 0, 0, 0, 0.560619, 1.67534, 0, 3.1636, 3.15008, 0, 2.67401, 0.988306, 0, 0.936163, 0.727375
0.472, 0, 0, 0, 0.556088, 1.67048, 0, 3.17765, 3.13627, 0, 2.67051, 0.988238, 0, 0.930331, 0.72981
0.474, 0, 0, 0, 0.557113, 1.67382, 0, 3.18324, 3.14398, 0, 2.6699, 0.991441, 0, 0.931944, 0.727726
0.475, 0, 0, 0, 0.552365, 1.66995, 0, 3.20297, 3.14942, 0, 2.66943, 0.992166, 0, 0.932437, 0.725785
0.477, 0, 0, 0, 0.555186, 1.67046, 0, 3.20595, 3.14503, 0, 2.66897, 0.993164, 0, 0.933578, 0.723075
0.48, 0, 0, 0, 0.550743, 1.66943, 0, 3.20437, 3.1513, 0, 2.66892, 0.994712, 0, 0.92739, 0.718544
0.481, 0, 0, 0, 0.553473, 1.6683, 0, 3.20132, 3.15403, 0, 2.6685, 0.995517, 0, 0.927925, 0.717115
0.482, 0, 0, 0, 0.554736, 1.66819, 0, 3.20383, 3.15598, 0, 2.66788, 0.996329, 0, 0.927183, 0.715526
0.484, 0, 0, 0, 0.551084, 1.66852, 0, 3.20596, 3.16303, 0, 2.66634, 0.997426, 0, 0.928811, 0.712459
0.486, 0, 0, 0, 0.549264, 1.66779, 0, 3.20646, 3.15711, 0, 2.66623, 0.999097, 0, 0.930026, 0.709609
0.488, 2.09807, 0, 0, 0.523174, 1.67715, 0, 3.27127, 3.29646, 0, 2.68354, 1.02511, 0, 0.958365, 0.685536
0.489, 2.52253, 1.47781, 0, 0.498937, 1.67857, 0, 3.27744, 3.35694, 0, 2.6967, 1.04874, 0, 0.98636, 0.667123
0.491, 3.23797, 0.913097, 0, 0.504483, 1.66397, 0, 3.2768, 3.35362, 0, 2.71388, 1.06716, 0, 1.04025, 0.647317
0.493, 2.98754, 0.596698, 0, 0.515932, 1.67966, 0, 3.282, 3.34721, 0, 2.71154, 1.0677, 0, 1.04245, 0.64599
0.495, 1.72339, 0.578954, 0, 0.504923, 1.66073, 0, 3.26225, 3.32856, 0, 2.70318, 1.05071, 0, 1.02704, 0.652543
0.496, 1.49958, 0.45914, 0, 0.525683, 1.67518, 0, 3.27174, 3.34073, 0, 2.70464, 1.05441, 0, 1.03547, 0.647775
0.498, 2.02787, 0.736387, 0, 0.501819, 1.6678, 0, 3.26447, 3.353, 0, 2.70376, 1.05622, 0, 1.0366, 0.64585
0.5, 2.02482, 1.00073, 0, 0.509913, 1.67453, 0, 3.2113, 3.33587, 0, 2.69718, 1.05046, 0, 1.03167, 0.648914
0.502, 1.90822, 0.936905, 0, 0.505875, 1.67121, 0, 3.28434, 3.33393, 0, 2.69722, 1.05597, 0, 1.03051, 0.648786
0.503, 1.65403, 0.858987, 0, 0.509915, 1.67381, 0, 3.28349, 3.3266, 0, 2.69581, 1.0549, 0, 1.03149, 0.648076
0.504, 1.5641, 0.870579, 0, 0.504712, 1.6726, 0, 3.28406, 3.33212, 0, 2.69561, 1.05773, 0, 1.03198, 0.646547
0.506, 1.80166, 0.9353, 0, 0.506334, 1.67324, 0, 3.29322, 3.33908, 0, 2.69557, 1.0587, 0, 1.03787, 0.663875
0.507, 1.77747, 0.873871, 0, 0.504965, 1.67331, 0, 3.29613, 3.3405, 0, 2.69488, 1.05792, 0, 1.03979, 0.663397
0.509, 1.56596, 0.808706, 0, 0.505718, 1.67319, 0, 3.31479, 3.33638, 0, 2.69318, 1.05746, 0, 1.04116, 0.663311
0.51, 1.46832, 0.803579, 0, 0.50477, 1.67405, 0, 3.23531, 3.3358, 0, 2.69227, 1.05828, 0, 1.04309, 0.661597
0.512, 1.32374, 0.366339, 0, 0.500115, 1.67585, 0, 3.325, 3.33017, 0, 2.69246, 1.0594, 0, 1.04699, 0.660562
0.514, 2.89166, 0.425517, 0, 0.495256, 1.67538, 0, 3.25444, 3.34385, 0, 2.69632, 1.06857, 0, 1.06048, 0.653788
0.516, 3.61441, 0.82117, 0, 0.493512, 1.67779, 0, 3.3519, 3.35014, 0, 2.69658, 1.06974, 0, 1.06734, 0.650434
0.517, 3.56073, 0.813563, 0, 0.491646, 1.67529, 0, 3.3474, 3.30481, 0, 2.6963, 1.06969, 0, 1.06836, 0.64956
0.518, 3.22687, 0.26654, 0, 0.495156, 1.67691, 0, 3.36231, 3.30154, 0, 2.69501, 1.06783, 0, 1.06877, 0.648609
0.52, 3.28832, 0.316265, 0, 0.491493, 1.67634, 0, 3.38313, 3.3089, 0, 2.69277, 1.06556, 0, 1.06802, 0.648052
0.522, 3.34964, 0.447365, 0, 0.490769, 1.6782, 0, 3.37904, 3.31287, 0, 2.69172, 1.065, 0, 1.07394, 0.654979
0.524, 3.17362, 0.113463, 0, 0.523507, 1.65084, 0, 3.10935, 3.384, 0, 2.72674, 1.09263, 0, 1.11729, 0.640763
0.525, 3.3278, 0.187562, 0, 0.562463, 1.67087, 0, 3.06671, 3.48078, 0, 2.72351, 1.0556, 0, 1.08386, 0.655913
0.526, 3.17497, 0.0537601, 0, 0.51978, 1.67317, 0, 3.01907, 3.42779, 0, 2.68839, 1.02935, 0, 1.01588, 0.679447
0.528, 3.13931, 0, 0, 0.505826, 1.67779, 0, 3.03498, 3.37122, 0, 2.66758, 1.024, 0, 0.990084, 0.687925
0.53, 3.11579, 0, 0, 0.499382, 1.67283, 0, 3.07776, 3.35542, 0, 2.67157, 1.03463, 0, 1.00469, 0.684105
0.532, 3.1341, 0, 0, 0.502679, 1.67866, 0, 3.12071, 3.34768, 0, 2.67499, 1.04392, 0, 1.01325, 0.679494
0.533, 3.11319, 0, 0, 0.496396, 1.67355, 0, 3.13351, 3.34101, 0, 2.67701, 1.04769, 0, 1.01901, 0.678221
0.535, 3.13064, 0, 0, 0.502019, 1.67676, 0, 3.15219, 3.34671, 0, 2.67963, 0.978736, 0, 1.03105, 0.675363
0.536, 3.12456, 0, 0, 0.486317, 1.67977, 0, 3.15816, 3.34845, 0, 2.68001, 0.980555, 0, 1.03437, 0.674765
0.537, 3.1143, 0, 0, 0.482476, 1.67736, 0, 3.16262, 3.35222, 0, 2.68169, 0.983061, 0, 1.03896, 0.67368
0.539, 2.70465, 0, 0, 0.500924, 1.67359, 0, 3.16302, 3.33158, 0, 2.67682, 0.981006, 0, 1.03257, 0.677818
0.54, 2.8701, 0, 0, 0.503044, 1.67762, 0, 3.17185, 3.34076, 0, 2.67572, 0.981017, 0, 1.03051, 0.678471
0.542, 3.11097, 0, 0, 0.495379, 1.6757, 0, 3.18483, 3.35581, 0, 2.67829, 0.984706, 0, 1.03811, 0.68524
0.544, 3.16491, 0, 0, 0.496096, 1.67853, 0, 3.18108, 3.37318, 0, 2.67905, 0.98554, 0, 1.0439, 0.684478
0.546, 3.15946, 0, 0, 0.480422, 1.68174, 0, 3.17513, 3.38566, 0, 2.67911, 0.98619, 0, 1.0432, 0.685338
0.547, 3.14682, 0, 0, 0.476328, 1.6795, 0, 3.17299, 3.38872, 0, 2.67926, 0.987179, 0, 1.04441, 0.685209
0.549, 3.15275, 0, 0, 0.477807, 1.68243, 0, 3.16974, 3.40458, 0, 2.67835, 0.989432, 0, 1.04586, 0.685388
0.551, 3.14207, 0, 0, 0.474062, 1.68031, 0, 3.17035, 3.40823, 0, 2.67949, 0.994544, 0, 1.04871, 0.685323
0.553, 3.15259, 0, 0, 0.473836, 1.68398, 0, 3.17291, 3.4145, 0, 2.68052, 0.998665, 0, 1.05447, 0.68381
0.554, 3.14117, 0, 0, 0.469136, 1.68154, 0, 3.17397, 3.4185, 0, 2.6798, 1.00143, 0, 1.0566, 0.683543
0.556, 3.15834, 0, 0, 0.475603, 1.68244, 0, 3.17541, 3.44125, 0, 2.6798, 1.00672, 0, 1.04107, 0.683259
0.558, 3.15685, 0, 0, 0.473509, 1.6828, 0, 3.17749, 3.45075, 0, 2.67757, 1.00969, 0, 1.0414, 0.684553
0.56, 3.15545, 0, 0, 0.470926, 1.68561, 0, 3.18122, 3.45709, 0, 2.67699, 1.01252, 0, 1.04485, 0.683252
0.561, 3.14541, 0, 0, 0.466823, 1.68407, 0, 3.18242, 3.46153, 0, 2.67542, 1.00263, 0, 1.04707, 0.682649
0.563, 3.13404, 0, 0, 0.465441, 1.68709, 0, 3.19132, 3.46719, 0, 2.67757, 1.00656, 0, 1.05444, 0.681144
0.565, 3.12724, 0, 0, 0.460909, 1.68542, 0, 3.19319, 3.47114, 0, 2.68022, 1.00967, 0, 1.05944, 0.680146
0.567, 3.13793, 0, 0, 0.460648, 1.68842, 0, 3.18402, 3.52606, 0, 2.68065, 1.00695, 0, 1.06082, 0.679493
0.568, 3.12956, 0, 0, 0.455967, 1.68784, 0, 3.1851, 3.52824, 0, 2.68122, 0.998965, 0, 1.06273, 0.679437
0.57, 3.13641, 0, 0, 0.454636, 1.68913, 0, 3.18912, 3.55999, 0, 2.68221, 0.996214, 0, 1.06796, 0.677298
0.572, 3.1385, 0, 0, 0.453769, 1.68652, 0, 3.19108, 3.56242, 0, 2.68501, 1.00616, 0, 1.07373, 0.676222
0.573, 3.1514, 0, 0, 0.454027, 1.69025, 0, 3.193, 3.5576, 0, 2.68483, 1.00651, 0, 1.07664, 0.674994
0.574, 3.13912, 0, 0, 0.44742, 1.68947, 0, 3.18999, 3.5641, 0, 2.68818, 1.00998, 0, 1.08305, 0.67185
0.575, 3.13871, 0, 0, 0.448093, 1.69014, 0, 3.19031, 3.56814, 0, 2.68817, 1.01032, 0, 1.08679, 0.670714
0.577, 3.14121, 0, 0, 0.443425, 1.69178, 0, 3.1902, 3.58685, 0, 2.71373, 1.00611, 0, 1.09158, 0.66953
0.579, 3.1398, 0, 0, 0.438931, 1.69093, 0, 3.19381, 3.59821, 0, 2.7136, 1.00161, 0, 1.09505, 0.667613
0.581, 3.14763, 0, 0, 0.438026, 1.6942, 0, 3.08309, 3.5941, 0, 2.71452, 1.0056, 0, 1.10074, 0.665971
0.582, 3.13926, 0, 0, 0.43378, 1.69237, 0, 3.08366, 3.59325, 0, 2.71416, 1.00714, 0, 1.10094, 0.665597
0.584, 3.14987, 0, 0, 0.43279, 1.69492, 0, 3.08636, 3.59701, 0, 2.71311, 1.00626, 0, 1.10629, 0.663617
0.586, 3.14496, 0, 0, 0.429491, 1.69231, 0, 3.0849, 3.60258, 0, 2.71354, 1.03154, 0, 1.1051, 0.662265
0.588, 3.15765, 0, 0, 0.428605, 1.69623, 0, 3.08887, 3.60285, 0, 2.7145, 1.03398, 0, 1.11183, 0.656996
0.589, 3.14556, 0, 0, 0.423045, 1.69326, 0, 3.08829, 3.60689, 0, 2.71196, 1.02992, 0, 1.1064, 0.65542
0.591, 3.15941, 0, 0, 0.424632, 1.69646, 0, 3.09011, 3.61122, 0, 2.7135, 1.01869, 0, 1.1131, 0.653545
0.593, 3.15146, 0, 0, 0.41922, 1.69388, 0, 3.0914, 3.61135, 0, 2.71541, 0.980522, 0, 1.11833, 0.651889
0.595, 3.16543, 0, 0, 0.419176, 1.69793, 0, 3.09283, 3.61305, 0, 2.71522, 0.985009, 0, 1.1211, 0.650224
0.596, 3.15264, 0, 0, 0.413461, 1.69505, 0, 3.09445, 3.60979, 0, 2.71554, 0.983413, 0, 1.12326, 0.649754
0.598, 3.18026, 0, 0, 0.392012, 1.69804, 0, 3.09736, 3.60728, 0, 2.71529, 0.986952, 0, 1.12812, 0.648587
0.6, 3.17175, 0, 0, 0.386438, 1.69644, 0, 3.09998, 3.58043, 0, 2.71512, 0.974662, 0, 1.13504, 0.645709
0.601, 3.17795, 0, 0, 0.386941, 1.69767, 0, 3.10044, 3.59839, 0, 2.71541, 0.978761, 0, 1.13773, 0.645042
0.603, 3.17383, 0, 0, 0.393039, 1.69369, 0, 3.10251, 3.60704, 0, 2.71626, 0.991819, 0, 1.14322, 0.642752
0.604, 3.18788, 0, 0, 0.395886, 1.6973, 0, 3.10453, 3.62183, 0, 2.71629, 0.98473, 0, 1.14692, 0.640351
0.605, 3.17483, 0, 0, 0.390187, 1.69536, 0, 3.10592, 3.61031, 0, 2.71795, 0.991097, 0, 1.14844, 0.640453
0.607, 3.18111, 0, 0, 0.391062, 1.69674, 0, 3.1079, 3.45912, 0, 2.71898, 0.995325, 0, 1.15384, 0.638665
0.609, 3.17886, 0, 0, 0.388297, 1.69538, 0, 3.10685, 3.45552, 0, 2.71962, 0.998883, 0, 1.15583, 0.637855
0.61, 3.15306, 0, 0, 0.388342, 1.69697, 0, 3.10742, 3.45844, 0, 2.72034, 1.00041, 0, 1.15843, 0.635452
0.611, 3.14855, 0, 0, 0.385417, 1.69646, 0, 3.10754, 3.46129, 0, 2.72084, 1.00234, 0, 1.16053, 0.634949
0.613, 3.15254, 0, 0, 0.384453, 1.69678, 0, 3.10866, 3.47386, 0, 2.72289, 1.00273, 0, 1.16424, 0.633644
0.615, 3.15434, 0, 0, 0.382026, 1.69728, 0, 3.11182, 3.4775, 0, 2.72401, 1.00297, 0, 1.16809, 0.633684
0.617, 3.15545, 0, 0, 0.379477, 1.6971, 0, 3.11358, 3.47084, 0, 2.72453, 1.00138, 0, 1.17128, 0.628912
0.618, 3.15763, 0, 0, 0.377908, 1.69805, 0, 3.11526, 3.47239, 0, 2.72402, 0.976636, 0, 1.17351, 0.62777
0.62, 3.17735, 0, 0, 0.375886, 1.69762, 0, 3.11713, 3.47388, 0, 2.73062, 0.931783, 0, 1.17822, 0.62585
0.622, 3.18939, 0, 0, 0.376083, 1.69808, 0, 3.1186, 3.47996, 0, 2.73248, 0.935501, 0, 1.18182, 0.624255
0.624, 3.16201, 0, 0, 0.373906, 1.69715, 0, 3.12076, 3.48246, 0, 2.73434, 0.938364, 0, 1.18606, 0.622774
0.625, 3.1665, 0, 0, 0.37464, 1.69822, 0, 3.12109, 3.48602, 0, 2.73594, 0.93725, 0, 1.18786, 0.621432
0.627, 3.16463, 0, 0, 0.371385, 1.698, 0, 3.12201, 3.48926, 0, 2.7373, 0.936547, 0, 1.1912, 0.618822
0.629, 3.16731, 0, 0, 0.368982, 1.69962, 0, 3.12307, 3.49194, 0, 2.73746, 0.935675, 0, 1.1946, 0.616804
0.631, 3.16333, 0, 0, 0.366007, 1.6987, 0, 3.1254, 3.49099, 0, 2.73844, 0.9355, 0, 1.19834, 0.614499
0.632, 3.16742, 0, 0, 0.365953, 1.6998, 0, 3.12955, 3.49242, 0, 2.73887, 0.935669, 0, 1.20069, 0.613328
0.634, 3.1658, 0, 0, 0.362851, 1.69953, 0, 3.13039, 3.49446, 0, 2.73967, 0.935024, 0, 1.20413, 0.611329
0.636, 3.1685, 0, 0, 0.361371, 1.69999, 0, 3.13267, 3.49687, 0, 2.74083, 0.934924, 0, 1.20758, 0.609391
0.637, 3.1684, 0, 0, 0.360035, 1.70004, 0, 3.13327, 3.50071, 0, 2.74079, 0.934084, 0, 1.20819, 0.608776
0.639, 3.17045, 0, 0, 0.358713, 1.70016, 0, 3.13572, 3.50436, 0, 2.74239, 0.937601, 0, 1.21069, 0.607329
0.64, 3.17094, 0, 0, 0.357387, 1.69992, 0, 3.13431, 3.49263, 0, 2.74214, 0.937012, 0, 1.21126, 0.605974
0.642, 3.17372, 0, 0, 0.355938, 1.70032, 0, 3.13649, 3.48401, 0, 2.74325, 0.937327, 0, 1.2154, 0.60431
0.644, 3.1749, 0, 0, 0.353977, 1.70126, 0, 3.13717, 3.48585, 0, 2.74526, 0.939184, 0, 1.21433, 0.604318
0.646, 3.17337, 0, 0, 0.351902, 1.69963, 0, 3.13923, 3.49579, 0, 2.74664, 0.939812, 0, 1.21751, 0.602051
0.647, 3.18007, 0, 0, 0.352451, 1.70162, 0, 3.14022, 3.49834, 0, 2.74734, 0.938658, 0, 1.21946, 0.601518
0.649, 3.18177, 0, 0, 0.347757, 1.70348, 0, 3.14054, 3.49022, 0, 2.74869, 0.938177, 0, 1.22205, 0.60061
0.651, 3.18836, 0, 0, 0.344094, 1.70275, 0, 3.14017, 3.49316, 0, 2.74994, 0.93768, 0, 1.23359, 0.599551
0.653, 3.12585, 0, 0, 0.344311, 1.70403, 0, 3.14292, 3.49807, 0, 2.75061, 0.935854, 0, 1.23498, 0.59834
0.654, 3.13266, 0, 0, 0.342616, 1.70317, 0, 3.14336, 3.49933, 0, 2.75053, 0.9341, 0, 1.23518, 0.598111
0.655, 3.12842, 0, 0, 0.343243, 1.70357, 0, 3.14345, 3.48336, 0, 2.75096, 0.956701, 0, 1.23656, 0.596853
0.657, 3.12954, 0, 0, 0.341529, 1.704, 0, 3.18089, 3.48202, 0, 2.7538, 0.956254, 0, 1.2394, 0.595865
0.659, 3.12982, 0, 0, 0.339483, 1.70585, 0, 3.18053, 3.49855, 0, 2.75526, 0.954175, 0, 1.24328, 0.594774
0.661, 3.12636, 0, 0, 0.338767, 1.70255, 0, 3.18089, 3.49949, 0, 2.75633, 0.960102, 0, 1.24327, 0.59454
0.663, 3.14004, 0, 0, 0.340646, 1.70597, 0, 3.18495, 3.49962, 0, 2.75676, 0.958417, 0, 1.24641, 0.593867
0.665, 3.1302, 0, 0, 0.334802, 1.70766, 0, 3.18443, 3.49742, 0, 2.75759, 0.9565, 0, 1.24898, 0.59241
0.667, 3.12621, 0, 0, 0.332524, 1.70578, 0, 3.1849, 3.50075, 0, 2.75819, 0.956623, 0, 1.25277, 0.590727
0.669, 3.14304, 0, 0, 0.332976, 1.70797, 0, 3.18603, 3.50217, 0, 2.75822, 0.954853, 0, 1.25582, 0.58889
0.67, 3.14892, 0, 0, 0.332814, 1.70576, 0, 3.18505, 3.50308, 0, 2.76106, 0.960684, 0, 1.25608, 0.588645
0.672, 3.18069, 0, 0, 0.333381, 1.7082, 0, 3.18533, 3.50353, 0, 2.76369, 0.957584, 0, 1.25931, 0.588368
0.674, 3.19182, 0, 0, 0.331234, 1.70559, 0, 3.18656, 3.50428, 0, 2.76472, 0.955087, 0, 1.26241, 0.587677
0.676, 3.21746, 0, 0, 0.33165, 1.70942, 0, 3.19032, 3.50546, 0, 2.76251, 0.953545, 0, 1.25434, 0.583584
0.677, 3.13008, 0, 0, 0.326217, 1.70681, 0, 3.19036, 3.50704, 0, 2.76363, 0.953882, 0, 1.25474, 0.583166
0.68, 3.17292, 0, 0, 0.327044, 1.70989, 0, 3.19014, 3.5088, 0, 2.76434, 0.950614, 0, 1.26004, 0.5817
0.682, 3.18333, 0, 0, 0.323661, 1.70662, 0, 3.19004, 3.51388, 0, 2.7647, 0.947865, 0, 1.26183, 0.580641
0.684, 3.21328, 0, 0, 0.324798, 1.71086, 0, 3.19395, 3.51455, 0, 2.76523, 0.947852, 0, 1.26414, 0.579726
0.685, 3.20627, 0, 0, 0.319974, 1.70753, 0, 3.19316, 3.51564, 0, 2.76509, 0.948345, 0, 1.26393, 0.579387
0.686, 3.07739, 0, 0, 0.32324, 1.70847, 0, 3.1957, 3.51788, 0, 2.76601, 0.947039, 0, 1.26716, 0.578176
0.688, 3.07835, 0, 0, 0.321306, 1.70859, 0, 3.1964, 3.51863, 0, 2.7673, 0.947042, 0, 1.27169, 0.576857
0.69, 3.08041, 0, 0, 0.31968, 1.7093, 0, 3.19707, 3.52078, 0, 2.7681, 0.945404, 0, 1.27508, 0.575351
0.692, 3.07981, 0, 0, 0.317951, 1.70913, 0, 3.19697, 3.52329, 0, 2.76898, 0.944422, 0, 1.27783, 0.573704
0.693, 3.08177, 0, 0, 0.317421, 1.70966, 0, 3.19696, 3.52389, 0, 2.76922, 0.942343, 0, 1.27878, 0.57064
0.695, 3.09234, 0, 0, 0.31539, 1.70995, 0, 3.19692, 3.52504, 0, 2.77167, 0.943952, 0, 1.28133, 0.568921
0.697, 3.13856, 0, 0, 0.313855, 1.71016, 0, 3.19733, 3.52407, 0, 2.77223, 0.940873, 0, 1.28351, 0.56761
0.699, 3.17784, 0, 0, 0.312114, 1.71199, 0, 3.19814, 3.51921, 0, 2.77311, 0.938355, 0, 1.28601, 0.566127
0.7, 3.1889, 0, 0, 0.309379, 1.71089, 0, 3.19807, 3.51953, 0, 2.77372, 0.937439, 0, 1.28696, 0.564973
0.702, 3.22211, 0, 0, 0.308858, 1.712, 0, 3.19935, 3.51952, 0, 2.77461, 0.93519, 0, 1.29013, 0.564181
0.704, 3.24087, 0, 0, 0.309068, 1.71039, 0, 3.19911, 3.50723, 0, 2.77521, 0.932753, 0, 1.29203, 0.562903
0.706, 3.17302, 0, 0, 0.310571, 1.71187, 0, 3.20433, 3.51091, 0, 2.77674, 0.929768, 0, 1.27753, 0.561123
0.707, 3.18437, 0, 0, 0.310872, 1.70663, 0, 3.20381, 3.51159, 0, 2.77715, 0.927788, 0, 1.27852, 0.56062
0.709, 3.23254, 0, 0, 0.31515, 1.7127, 0, 3.20539, 3.52822, 0, 2.77762, 0.925723, 0, 1.28149, 0.559427
0.711, 3.23558, 0, 0, 0.301729, 1.70327, 0, 3.20593, 3.52691, 0, 2.77767, 0.921, 0, 1.28144, 0.558311
0.712, 3.27863, 0, 0, 0.308072, 1.70709, 0, 3.20729, 3.52499, 0, 2.77803, 0.919896, 0, 1.28601, 0.557478
0.713, 3.01583, 0, 0, 0.301756, 1.70438, 0, 3.20899, 3.52652, 0, 2.77927, 0.920743, 0, 1.28624, 0.555942
0.714, 3.028, 0, 0, 0.302669, 1.70444, 0, 3.2108, 3.52469, 0, 2.78156, 0.921562, 0, 1.29207, 0.555061
0.716, 3.03129, 0, 0, 0.30139, 1.70149, 0, 3.21148, 3.52708, 0, 2.78308, 0.918321, 0, 1.29645, 0.554165
0.718, 3.09373, 0, 0, 0.300516, 1.70136, 0, 3.21148, 3.5277, 0, 2.78303, 0.915201, 0, 1.29829, 0.55321
0.719, 3.13403, 0, 0, 0.299452, 1.7004, 0, 3.21139, 3.52732, 0, 2.78245, 0.912615, 0, 1.29899, 0.552665
0.721, 3.21225, 0, 0, 0.296781, 1.69963, 0, 3.21205, 3.52621, 0, 2.78239, 0.909522, 0, 1.29993, 0.551127
0.722, 3.0555, 0, 0, 0.294798, 1.69951, 0, 3.2139, 3.52804, 0, 2.7877, 0.909351, 0, 1.3003, 0.549949
0.724, 3.14474, 0, 0, 0.292755, 1.69767, 0, 3.21349, 3.52783, 0, 2.78863, 0.906358, 0, 1.30432, 0.54932
0.726, 3.23643, 0, 0, 0.291571, 1.69746, 0, 3.21404, 3.52838, 0, 2.79043, 0.904707, 0, 1.3066, 0.548308
0.727, 3.27412, 0, 0, 0.290688, 1.69686, 0, 3.21373, 3.52766, 0, 2.79025, 0.897185, 0, 1.30717, 0.547947
0.728, 3.30817, 0, 0, 0.289911, 1.69666, 0, 3.21379, 3.52692, 0, 2.79007, 0.896664, 0, 1.30785, 0.54761
0.729, 3.33542, 0, 0, 0.288966, 1.69625, 0, 3.21703, 3.5383, 0, 2.78978, 0.89626, 0, 1.30838, 0.547873
0.731, 3.37562, 0, 0, 0.286369, 1.69552, 0, 3.21909, 3.51982, 0, 2.79132, 0.896037, 0, 1.31277, 0.546294
0.733, 3.05006, 0, 0, 0.283263, 1.69468, 0, 3.22368, 3.52396, 0, 2.79526, 0.898201, 0, 1.32216, 0.541989
0.734, 3.10395, 0, 0, 0.285071, 1.69347, 0, 3.22627, 3.52365, 0, 2.79582, 0.897184, 0, 1.32537, 0.540596
0.736, 3.22053, 0, 0, 0.284492, 1.69142, 0, 3.22621, 3.52423, 0, 2.79585, 0.894196, 0, 1.32852, 0.539197
0.737, 3.01724, 0, 0, 0.283705, 1.69232, 0, 3.22717, 3.53922, 0, 2.79552, 0.892369, 0, 1.32919, 0.5385
0.739, 3.16225, 0, 0, 0.281296, 1.69025, 0, 3.22525, 3.53766, 0, 2.79643, 0.890867, 0, 1.33285, 0.536863
0.741, 3.43391, 0, 0, 0.281331, 1.69044, 0, 3.22507, 3.53474, 0, 2.79537, 0.887233, 0, 1.33332, 0.537528
0.743, 3.38912, 0, 0, 0.278066, 1.68947, 0, 3.22668, 3.53495, 0, 2.79571, 0.885372, 0, 1.33438, 0.537579
0.744, 3.42956, 0, 0, 0.27759, 1.68961, 0, 3.22713, 3.53429, 0, 2.79583, 0.885153, 0, 1.33591, 0.537229
0.746, 3.41997, 0, 0, 0.274493, 1.68803, 0, 3.1976, 3.54596, 0, 2.7958, 0.884758, 0, 1.3404, 0.535459
0.748, 3.44029, 0, 0, 0.271173, 1.68848, 0, 3.20176, 3.54376, 0, 2.79785, 0.886305, 0, 1.34873, 0.532453
0.75, 3.19939, 0, 0, 0.265086, 1.68741, 0, 3.20576, 3.54751, 0, 2.80017, 0.887133, 0, 1.35823, 0.530106
0.751, 3.26136, 0, 0, 0.264536, 1.68724, 0, 3.20603, 3.54746, 0, 2.80153, 0.888546, 0, 1.363, 0.52885
0.753, 3.16208, 0, 0, 0.261153, 1.68616, 0, 3.20677, 3.53094, 0, 2.80059, 0.886346, 0, 1.36536, 0.527264
0.755, 3.37726, 0, 0, 0.260235, 1.68492, 0, 3.20736, 3.53027, 0, 2.80062, 0.885359, 0, 1.36974, 0.525523
0.757, 3.48071, 0, 0, 0.260006, 1.68363, 0, 3.20791, 3.52898, 0, 2.7994, 0.882777, 0, 1.37132, 0.521917
0.758, 3.51794, 0, 0, 0.259298, 1.68393, 0, 3.2088, 3.53029, 0, 2.79924, 0.881738, 0, 1.37279, 0.520854
0.76, 3.40881, 0, 0, 0.254074, 1.68267, 0, 3.21351, 3.53507, 0, 2.80251, 0.882764, 0, 1.38292, 0.517905
0.762, 3.49987, 0, 0, 0.250431, 1.68233, 0, 3.21788, 3.52746, 0, 2.80413, 0.881152, 0, 1.39111, 0.515583
0.764, 3.3735, 0, 0, 0.245027, 1.68197, 0, 3.22114, 3.52831, 0, 2.80492, 0.878849, 0, 1.39627, 0.513807
0.765, 3.4282, 0, 0, 0.244707, 1.68039, 0, 3.22206, 3.52459, 0, 2.80506, 0.815047, 0, 1.39949, 0.512507
0.767, 3.27447, 0, 0, 0.242039, 1.67965, 0, 3.22565, 3.53146, 0, 2.80659, 0.817448, 0, 1.40717, 0.510333
0.769, 3.44126, 0, 0, 0.238263, 1.67828, 0, 3.22655, 3.53051, 0, 2.80923, 0.820457, 0, 1.41562, 0.504117
0.77, 3.51583, 0, 0, 0.236677, 1.67865, 0, 3.22845, 3.52583, 0, 2.80926, 0.821977, 0, 1.41997, 0.503013
0.772, 3.31967, 0, 0, 0.230579, 1.67709, 0, 3.23323, 3.52153, 0, 2.81047, 0.825819, 0, 1.42703, 0.499557
0.773, 3.41951, 0, 0, 0.23081, 1.67529, 0, 3.23571, 3.51774, 0, 2.81176, 0.828475, 0, 1.43264, 0.498281
0.775, 3.58134, 0, 0, 0.227667, 1.67389, 0, 3.24013, 3.50763, 0, 2.81138, 0.830831, 0, 1.43985, 0.496238
0.777, 2.85693, 0, 0, 0.222523, 1.6705, 0, 3.2427, 3.48841, 0, 2.81223, 0.83337, 0, 1.44737, 0.495854
0.779, 3.3865, 0, 0, 0.219921, 1.67297, 0, 3.24785, 3.48404, 0, 2.81257, 0.835464, 0, 1.45909, 0.493929
0.78, 3.56728, 0, 0, 0.217638, 1.66952, 0, 3.27746, 3.46013, 0, 2.81225, 0.835908, 0, 1.45909, 0.493675
0.782, 3.42147, 0, 0, 0.21536, 1.67009, 0, 3.27513, 3.43657, 0, 2.81106, 0.836845, 0, 1.46208, 0.49156
0.784, 3.20144, 0, 0, 0.210567, 1.66735, 0, 3.27636, 3.41258, 0, 2.80961, 0.83687, 0, 1.46284, 0.489578
0.786, 2.22264, 0, 0, 0.201442, 1.66915, 0, 3.24749, 3.40591, 0, 2.80443, 0.83887, 0, 1.45554, 0.487504
0.787, 2.37483, 0, 0, 0.200156, 1.66741, 0, 3.25207, 3.40063, 0, 2.81124, 0.844158, 0, 1.47573, 0.485492
0.789, 1.9713, 0, 0, 0.199268, 1.6617, 0, 3.24966, 3.35902, 0, 2.80457, 0.838662, 0, 1.47113, 0.484436
0.79, 0, 0, 0, 0.278715, 1.66447, 0, 3.14505, 3.2082, 0, 2.72989, 0.802856, 0, 1.30343, 0.533276
0.791, 0, 0, 0, 0.284216, 1.66677, 0, 3.14692, 3.18843, 0, 2.72024, 0.796936, 0, 1.23751, 0.540233
0.792, 2.92607, 0, 0, 0.119295, 1.78175, 0, 3.56715, 3.63272, 0, 2.97787, 0.928647, 0, 1.80375, 0.444045
0.793, 0, 0, 0, 0.126863, 1.58839, 0, 3.29006, 3.41062, 0, 2.8805, 0.867482, 0, 1.67166, 0.472466
0.794, 0, 0, 0, 0.218802, 1.73596, 0, 3.33748, 3.39237, 0, 2.86455, 0.842347, 0, 1.71947, 0.421193
0.795, 0, 0, 0, 0.125896, 1.63523, 0, 3.30199, 3.40459, 0, 2.86191, 0.871142, 0, 1.61528, 0.411038
0.796, 0, 0, 0, 0.261822, 1.68192, 0, 3.15364, 3.22682, 0, 2.74252, 0.793158, 0, 1.39868, 0.454607
0.797, 0, 0, 0, 0.191182, 1.65653, 0, 3.24413, 3.31784, 0, 2.79766, 0.809837, 0, 1.43992, 0.433724
0.798, 0, 0, 0, 0.202126, 1.67252, 0, 3.2589, 3.28578, 0, 2.80152, 0.805615, 0, 1.48678, 0.425494
0.8, 0, 1.15944, 0, 0.165091, 1.67116, 0, 3.28984, 3.30673, 0, 2.81815, 0.819834, 0, 1.53674, 0.39685
0.802, 0, 1.11998, 0, 0.166353, 1.65749, 0, 3.28207, 3.30703, 0, 2.82432, 0.823648, 0, 1.57578, 0.393326
0.804, 0, 1.12397, 0, 0.155136, 1.66119, 0, 3.28472, 3.28302, 0, 2.81983, 0.823213, 0, 1.57975, 0.391419
0.805, 0, 1.17607, 0, 0.153037, 1.65603, 0, 3.28046, 3.26544, 0, 2.81704, 0.822041, 0, 1.57501, 0.391699
0.807, 0, 0.220184, 0, 0.172706, 1.64628, 0, 3.2363, 3.1967, 0, 2.78115, 0.796674, 0, 1.49864, 0.406215
0.808, 0, 0.749309, 0, 0.149706, 1.66174, 0, 3.2969, 3.22736, 0, 2.80822, 0.815117, 0, 1.54939, 0.388744
0.809, 0, 0.819312, 0, 0.136993, 1.65017, 0, 3.3006, 3.24053, 0, 2.81768, 0.823345, 0, 1.58137, 0.383671
0.811, 0, 0.424749, 0, 0.145265, 1.64565, 0, 3.28079, 3.28641, 0, 2.80733, 0.812658, 0, 1.57774, 0.386702
0.812, 0, 0.444827, 0, 0.14812, 1.64488, 0, 3.27772, 3.26791, 0, 2.79312, 0.844747, 0, 1.54791, 0.38722
0.814, 0, 0.3978, 0, 0.146308, 1.63779, 0, 3.2773, 3.24463, 0, 2.78992, 0.847272, 0, 1.54499, 0.383675
0.816, 0, 0.385788, 0, 0.144896, 1.63697, 0, 3.31428, 3.13974, 0, 2.78638, 0.847817, 0, 1.55003, 0.380848
0.817, 0, 0.391668, 0, 0.14293, 1.63516, 0, 3.31498, 3.1368, 0, 2.78664, 0.850778, 0, 1.55387, 0.379616
0.819, 0, 0.509236, 0, 0.135016, 1.63348, 0, 3.33993, 3.12559, 0, 2.78985, 0.849502, 0, 1.56879, 0.375359
0.82, 0, 0.521834, 0, 0.133717, 1.62978, 0, 3.34184, 3.11393, 0, 2.7935, 0.854068, 0, 1.58152, 0.374159
0.821, 0, 0.445853, 0, 0.134907, 1.62937, 0, 3.33953, 3.08834, 0, 2.79292, 0.855956, 0, 1.58588, 0.374361
0.822, 0, 1.63788, 0, 0.134059, 1.6252, 0, 3.3292, 3.0844, 0, 2.78578, 0.851189, 0, 1.56573, 0.374476
0.824, 0, 0.84818, 0, 0.126093, 1.62666, 0, 3.33342, 3.08234, 0, 2.80135, 0.864232, 0, 1.61529, 0.369249
0.826, 0, 0.496912, 0, 0.133838, 1.58948, 0, 3.3206, 3.04775, 0, 2.79191, 0.851575, 0, 1.59986, 0.367655
0.827, 0, 0.457118, 0, 0.142642, 1.59945, 0, 3.32912, 3.03342, 0, 2.78837, 0.848648, 0, 1.60788, 0.367392
0.829, 0, 0.430559, 0, 0.127764, 1.58176, 0, 3.32399, 2.99893, 0, 2.78713, 0.85016, 0, 1.60352, 0.364917
0.831, 0, 0.449861, 0, 0.124567, 1.57907, 0, 3.32862, 2.97278, 0, 2.78441, 0.834861, 0, 1.61298, 0.36413
0.833, 0, 0.453138, 0, 0.120661, 1.56253, 0, 3.32874, 2.96613, 0, 2.78325, 0.836667, 0, 1.61917, 0.362438
0.834, 0, 0.466003, 0, 0.122868, 1.56618, 0, 3.33044, 2.92871, 0, 2.78207, 0.838748, 0, 1.6222, 0.362035
0.835, 0, 0.471069, 0, 0.118125, 1.55601, 0, 3.32954, 2.92455, 0, 2.78352, 0.850806, 0, 1.62178, 0.361532
0.837, 0, 0.491924, 0, 0.114246, 1.54893, 0, 3.32971, 2.90429, 0, 2.78468, 0.749156, 0, 1.63373, 0.358433
0.839, 0, 0.511027, 0, 0.109161, 1.5411, 0, 3.33107, 2.85854, 0, 2.78709, 0.722043, 0, 1.62672, 0.356914
0.841, 0, 0.529322, 0, 0.104697, 1.53561, 0, 3.35294, 2.81755, 0, 2.78755, 0.724137, 0, 1.63795, 0.354835
0.842, 0, 0, 0, 0.115269, 1.53115, 0, 3.34024, 2.77916, 0, 2.77909, 0.719078, 0, 1.62882, 0.357506
0.843, 0, 0.58543, 0, 0.101457, 1.53651, 0, 3.35138, 2.7965, 0, 2.78356, 0.725402, 0, 1.63054, 0.351101
0.845, 0, 0.603549, 0, 0.0960098, 1.52433, 0, 3.34825, 2.78628, 0, 2.78951, 0.82123, 0, 1.65456, 0.35367
0.847, 0, 0.613285, 0, 0.0932737, 1.52916, 0, 3.35359, 2.76639, 0, 2.78972, 0.821644, 0, 1.66112, 0.346874
0.849, 0, 0.612821, 0, 0.0876075, 1.52121, 0, 3.35549, 2.70426, 0, 2.79215, 0.734026, 0, 1.67274, 0.343407
0.85, 0, 0.617933, 0, 0.0873092, 1.52572, 0, 3.3611, 2.67424, 0, 2.79225, 0.734546, 0, 1.68134, 0.341686
0.852, 0, 0.618091, 0, 0.0819853, 1.51923, 0, 3.36022, 2.65112, 0, 2.7947, 0.736194, 0, 1.68959, 0.340623
0.854, 0, 0.623746, 0, 0.0793314, 1.51982, 0, 3.3624, 2.62886, 0, 2.7947, 0.738897, 0, 1.69918, 0.337694
0.856, 0, 0.625572, 0, 0.0749935, 1.51554, 0, 3.34528, 2.58814, 0, 2.79486, 0.746046, 0, 1.70674, 0.333353
0.857, 0, 0.628735, 0, 0.0739407, 1.5167, 0, 3.34599, 2.56757, 0, 2.79244, 0.74603, 0, 1.71382, 0.331948
0.858, 0, 0.629106, 0, 0.0713035, 1.51365, 0, 3.34747, 2.54695, 0, 2.793, 0.748794, 0, 1.71927, 0.330279
0.86, 0, 0.632466, 0, 0.0685771, 1.51185, 0, 3.34957, 2.50893, 0, 2.7918, 0.753725, 0, 1.73103, 0.326801
0.862, 0, 0.635234, 0, 0.0647407, 1.50805, 0, 3.3511, 2.50109, 0, 2.79018, 0.753051, 0, 1.73949, 0.323882
0.864, 0, 0.639217, 0, 0.0600345, 1.5098, 0, 3.35468, 2.49978, 0, 2.79131, 0.755043, 0, 1.74734, 0.321336
0.865, 0, 0.639017, 0, 0.0577888, 1.50635, 0, 3.35492, 2.48565, 0, 2.79278, 0.756689, 0, 1.75145, 0.320308
0.867, 0, 0.641609, 0, 0.0546054, 1.50407, 0, 3.35801, 2.45633, 0, 2.79497, 0.739723, 0, 1.76321, 0.317717
0.868, 0, 0.867196, 0, 0.340433, 1.54431, 0, 3.00745, 2.14764, 0, 2.44222, 0.513902, 0, 1.00389, 0.711177
0.869, 0, 0.722061, 0, 0.215352, 1.53097, 0, 3.17361, 2.17812, 0, 2.58096, 0.632294, 0, 1.17369, 0.454829
0.87, 0, 0.666207, 0, 0.158719, 1.55165, 0, 3.27099, 2.27858, 0, 2.67939, 0.698571, 0, 1.42044, 0.355608
0.872, 0, 0.626774, 0, 0.11519, 1.54985, 0, 3.30079, 2.28512, 0, 2.71896, 0.714162, 0, 1.57583, 0.344112
0.874, 0, 0.622602, 0, 0.107557, 1.55772, 0, 3.27873, 2.27196, 0, 2.71739, 0.712619, 0, 1.58926, 0.344187
0.876, 0, 0.61588, 0, 0.10621, 1.5535, 0, 3.26994, 2.26988, 0, 2.71303, 0.716039, 0, 1.57958, 0.345406
0.877, 0, 0.61718, 0, 0.107615, 1.55714, 0, 3.27118, 2.25664, 0, 2.71063, 0.719979, 0, 1.57703, 0.346185
0.878, 0, 0.614754, 0, 0.106912, 1.5538, 0, 3.26379, 2.24355, 0, 2.70894, 0.72017, 0, 1.57043, 0.346885
0.879, 0, 0.615815, 0, 0.108288, 1.55472, 0, 3.26459, 2.22497, 0, 2.71817, 0.714428, 0, 1.56926, 0.348353
0.88, 0, 0.615024, 0, 0.10785, 1.55267, 0, 3.26502, 2.20843, 0, 2.71686, 0.715554, 0, 1.56677, 0.351525
0.881, 0, 0.615831, 0, 0.108366, 1.55243, 0, 3.26671, 2.20241, 0, 2.71313, 0.715107, 0, 1.56603, 0.352225
0.882, 0, 0.615842, 0, 0.108135, 1.55041, 0, 3.26703, 2.19121, 0, 2.71096, 0.71341, 0, 1.56441, 0.353488
0.884, 0, 0.616689, 0, 0.107803, 1.54692, 0, 3.26816, 2.18665, 0, 2.70495, 0.716587, 0, 1.56291, 0.355355
0.886, 0, 0.61722, 0, 0.105256, 1.5426, 0, 3.25932, 2.15316, 0, 2.62326, 0.905773, 0, 1.55045, 0.357713
0.888, 0, 0.620779, 0, 0.106291, 1.53906, 0, 3.27167, 2.13724, 0, 2.64328, 0.866327, 0, 1.56105, 0.35992
0.889, 0, 0.622714, 0, 0.107097, 1.53865, 0, 3.27349, 2.1227, 0, 2.64281, 0.865643, 0, 1.58324, 0.362788
0.89, 0, 0.62298, 0, 0.106698, 1.53652, 0, 3.27765, 2.11198, 0, 2.64318, 0.860088, 0, 1.58498, 0.365656
0.892, 0, 0.62382, 0, 0.106313, 1.53342, 0, 3.27845, 2.08101, 0, 2.64335, 0.853478, 0, 1.58535, 0.367603
0.894, 0, 0.625033, 0, 0.105906, 1.53144, 0, 3.27695, 2.04445, 0, 2.6415, 0.843482, 0, 1.56335, 0.37915
0.896, 0, 0.624416, 0, 0.105395, 1.52914, 0, 3.28352, 2.03545, 0, 2.64162, 0.833591, 0, 1.56205, 0.380552
0.897, 0, 0.625517, 0, 0.105509, 1.52897, 0, 3.27659, 2.0352, 0, 2.64195, 0.828705, 0, 1.56114, 0.382974
0.899, 0, 0.62543, 0, 0.104456, 1.52653, 0, 3.27933, 2.02255, 0, 2.64495, 0.82241, 0, 1.56107, 0.38537
0.901, 0, 0.626561, 0, 0.104397, 1.52591, 0, 3.28299, 1.99809, 0, 2.63908, 0.815447, 0, 1.56086, 0.386853
0.903, 0, 0.626483, 0, 0.104464, 1.52395, 0, 3.2838, 1.97536, 0, 2.63204, 0.813254, 0, 1.55982, 0.389883
0.904, 0, 0.627395, 0, 0.104751, 1.52449, 0, 3.28467, 1.97245, 0, 2.63182, 0.812252, 0, 1.55978, 0.390896
0.906, 0, 0.626846, 0, 0.104465, 1.52082, 0, 3.28505, 1.96472, 0, 2.6309, 0.814103, 0, 1.55769, 0.39303
0.908, 0, 0.628537, 0, 0.104358, 1.52242, 0, 3.28964, 1.94896, 0, 2.63168, 0.818751, 0, 1.57883, 0.397529
0.91, 0, 0.62806, 0, 0.103974, 1.51944, 0, 3.28796, 1.93277, 0, 2.63194, 0.820271, 0, 1.57848, 0.399836
0.911, 0, 0.63118, 0, 0.104529, 1.52118, 0, 3.28706, 1.92189, 0, 2.63361, 0.833739, 0, 1.57963, 0.399661
0.913, 0, 0.629091, 0, 0.103708, 1.51907, 0, 3.28884, 1.90668, 0, 2.63144, 0.836112, 0, 1.57912, 0.400933
0.915, 0, 0.629568, 0, 0.103898, 1.51958, 0, 3.28854, 1.90019, 0, 2.62975, 0.841306, 0, 1.5785, 0.403232
0.917, 0, 0.628675, 0, 0.103364, 1.51948, 0, 3.28667, 1.88521, 0, 2.62903, 0.844674, 0, 1.57862, 0.407458
0.918, 0, 0.636205, 0, 0.103338, 1.51984, 0, 3.28697, 1.88576, 0, 2.6279, 0.847752, 0, 1.57843, 0.408395
0.92, 0, 0.640041, 0, 0.103127, 1.51948, 0, 3.28833, 1.88029, 0, 2.62635, 0.850477, 0, 1.57787, 0.410668
0.922, 0, 0.644049, 0, 0.103099, 1.51934, 0, 3.28943, 1.88022, 0, 2.62503, 0.846758, 0, 1.5782, 0.412264
0.923, 0, 0.64564, 0, 0.103071, 1.51966, 0, 3.29004, 1.8769, 0, 2.62526, 0.851235, 0, 1.57787, 0.415314
0.925, 0, 0.647871, 0, 0.102721, 1.51998, 0, 3.2919, 1.87621, 0, 2.62447, 0.857234, 0, 1.57812, 0.416402
0.926, 0, 0.648556, 0, 0.102437, 1.52054, 0, 3.29263, 1.87018, 0, 2.62325, 0.856928, 0, 1.57801, 0.417001
0.928, 0, 0.649402, 0, 0.10248, 1.52048, 0, 3.2952, 1.87031, 0, 2.62165, 0.858005, 0, 1.57824, 0.417866
0.93, 0, 0.649973, 0, 0.102431, 1.52084, 0, 3.28722, 1.86808, 0, 2.62032, 0.862214, 0, 1.57814, 0.428631
0.932, 0, 0.649993, 0, 0.102368, 1.52097, 0, 3.28621, 1.8634, 0, 2.62807, 0.853014, 0, 1.57807, 0.429981
0.933, 0, 0.649926, 0, 0.102157, 1.52082, 0, 3.28713, 1.85086, 0, 2.62771, 0.856068, 0, 1.57818, 0.430503
0.935, 0, 0.649951, 0, 0.102218, 1.52118, 0, 3.28554, 1.84548, 0, 2.62671, 0.86023, 0, 1.57801, 0.431708
0.937, 0, 0.649619, 0, 0.102086, 1.52106, 0, 3.28853, 1.83888, 0, 2.62613, 0.864404, 0, 1.578, 0.43465
0.939, 0, 0.6495, 0, 0.101933, 1.52124, 0, 3.2851, 1.83089, 0, 2.63293, 0.865439, 0, 1.57788, 0.435507
0.94, 0, 0.649377, 0, 0.101727, 1.52167, 0, 3.28611, 1.83251, 0, 2.6419, 0.866707, 0, 1.57759, 0.436812
0.942, 0, 0.649029, 0, 0.101589, 1.52146, 0, 3.28801, 1.83039, 0, 2.64491, 0.877922, 0, 1.57644, 0.438506
0.944, 0, 0.648995, 0, 0.10148, 1.52189, 0, 3.2906, 1.82496, 0, 2.64357, 0.880631, 0, 1.57745, 0.439626
0.945, 0, 0.648753, 0, 0.101345, 1.52162, 0, 3.29913, 1.8257, 0, 2.64305, 0.883307, 0, 1.57728, 0.440283
0.947, 0, 0.648744, 0, 0.101276, 1.52199, 0, 3.30142, 1.81885, 0, 2.64251, 0.884804, 0, 1.57748, 0.441513
0.948, 0, 0.648519, 0, 0.101161, 1.52175, 0, 3.30259, 1.81523, 0, 2.64197, 0.886678, 0, 1.57746, 0.442211
0.95, 0, 0.648509, 0, 0.100886, 1.5225, 0, 3.30859, 1.81301, 0, 2.64213, 0.824293, 0, 1.57805, 0.44406
0.952, 0, 0.647995, 0, 0.100856, 1.52205, 0, 3.31344, 1.81228, 0, 2.64166, 0.817732, 0, 1.57959, 0.445158
0.954, 0, 0.648031, 0, 0.101497, 1.52231, 0, 3.31445, 1.79547, 0, 2.64089, 0.813473, 0, 1.57975, 0.446418
0.955, 0, 0.647835, 0, 0.101403, 1.52217, 0, 3.31572, 1.79422, 0, 2.6405, 0.811184, 0, 1.57999, 0.447528
0.957, 0, 0.647731, 0, 0.101399, 1.52207, 0, 3.31839, 1.78914, 0, 2.6397, 0.808161, 0, 1.57981, 0.448901
0.959, 0, 0.647608, 0, 0.10121, 1.52225, 0, 3.32342, 1.77558, 0, 2.63959, 0.80474, 0, 1.57947, 0.451333
0.961, 0, 0.647362, 0, 0.101063, 1.52189, 0, 3.32625, 1.77548, 0, 2.63892, 0.803732, 0, 1.57954, 0.451078
0.962, 0, 0.64746, 0, 0.101118, 1.52209, 0, 3.3366, 1.77288, 0, 2.63863, 0.804327, 0, 1.58008, 0.452077
0.963, 0, 0.647298, 0, 0.100966, 1.52187, 0, 3.34176, 1.76791, 0, 2.63817, 0.804796, 0, 1.58005, 0.452953
0.965, 0, 0.647228, 0, 0.100775, 1.52241, 0, 3.34449, 1.77305, 0, 2.63756, 0.806419, 0, 1.5799, 0.455154
0.967, 0, 0.646821, 0, 0.100772, 1.52135, 0, 3.34358, 1.77772, 0, 2.63679, 0.807926, 0, 1.57989, 0.457505
0.969, 0, 0.647209, 0, 0.100701, 1.52181, 0, 3.34411, 1.77132, 0, 2.63589, 0.809689, 0, 1.57998, 0.4593
0.972, 0, 0.646837, 0, 0.100422, 1.52083, 0, 3.35059, 1.8264, 0, 2.63556, 0.811652, 0, 1.57879, 0.464043
0.974, 0, 0.647179, 0, 0.100244, 1.52074, 0, 3.3536, 1.82162, 0, 2.63485, 0.813727, 0, 1.57981, 0.466201
0.976, 0, 0.647232, 0, 0.100441, 1.52005, 0, 3.35609, 1.80803, 0, 2.63456, 0.815911, 0, 1.55573, 0.465609
0.977, 0, 0.647512, 0, 0.100512, 1.52019, 0, 3.35643, 1.80355, 0, 2.63408, 0.816937, 0, 1.55584, 0.469029
0.979, 0, 0.64749, 0, 0.100344, 1.51938, 0, 3.35854, 1.79841, 0, 2.63297, 0.818721, 0, 1.55536, 0.469815
0.981, 0, 0.647874, 0, 0.10023, 1.51899, 0, 3.3609, 1.79567, 0, 2.63182, 0.820964, 0, 1.55482, 0.47168
0.983, 0, 0.648027, 0, 0.0999628, 1.51874, 0, 3.35983, 1.7864, 0, 2.63022, 0.82181, 0, 1.55474, 0.47471
0.984, 0, 0.648145, 0, 0.0999242, 1.51863, 0, 3.36153, 1.78425, 0, 2.62962, 0.82162, 0, 1.5548, 0.476297
0.986, 0, 0.648178, 0, 0.0996585, 1.51838, 0, 3.36185, 1.77959, 0, 2.62861, 0.820867, 0, 1.55474, 0.477904
0.988, 0, 0.648324, 0, 0.0994984, 1.51831, 0, 3.36214, 1.77332, 0, 2.62819, 0.819755, 0, 1.55482, 0.479075
0.99, 0, 0.64844, 0, 0.099483, 1.51771, 0, 3.37923, 1.75977, 0, 2.62718, 0.818546, 0, 1.55498, 0.480616
0.991, 0, 0.648696, 0, 0.0995591, 1.518, 0, 3.38042, 1.75565, 0, 2.6266, 0.818005, 0, 1.5549, 0.481416
0.992, 0, 0.648562, 0, 0.0993213, 1.51764, 0, 3.3809, 1.75012, 0, 2.62607, 0.817502, 0, 1.55481, 0.482124
0.994, 0, 0.648755, 0, 0.0993455, 1.51713, 0, 3.38589, 1.74228, 0, 2.62506, 0.81662, 0, 1.55483, 0.483809
0.996, 0, 0.649026, 0, 0.100695, 1.5142, 0, 3.39057, 1.73364, 0, 2.62412, 0.815716, 0, 1.55499, 0.486315
0.998, 0, 0.650642, 0, 0.10033, 1.51523, 0, 3.39533, 1.7265, 0, 2.62317, 0.815481, 0, 1.55532, 0.487294
0.999, 0, 0.650193, 0, 0.0998289, 1.51368, 0, 3.39649, 1.722, 0, 2.62252, 0.816238, 0, 1.55489, 0.487854
1.001, 0, 0.651025, 0, 0.0996826, 1.51304, 0, 3.40461, 1.70999, 0, 2.6221, 0.816606, 0, 1.5551, 0.491417
1.003, 0, 0.651465, 0, 0.0995825, 1.51204, 0, 3.406, 1.69211, 0, 2.62116, 0.81757, 0, 1.55517, 0.49131
1.005, 0, 0.652092, 0, 0.0980539, 1.51441, 0, 3.40736, 1.67998, 0, 2.6205, 0.819773, 0, 1.55512, 0.493217
1.006, 0, 0.65101, 0, 0.0976402, 1.51235, 0, 3.40823, 1.67308, 0, 2.61966, 0.820134, 0, 1.55441, 0.493869
1.008, 0, 0.652029, 0, 0.0982688, 1.51342, 0, 3.40972, 1.66551, 0, 2.61903, 0.820728, 0, 1.55535, 0.495254
1.009, 0, 0.651526, 0, 0.0979413, 1.51253, 0, 3.41188, 1.65657, 0, 2.61854, 0.821194, 0, 1.55519, 0.496013
1.011, 0, 0.651982, 0, 0.098064, 1.51309, 0, 3.41232, 1.64821, 0, 2.61735, 0.823231, 0, 1.55504, 0.497295
1.013, 0, 0.651713, 0, 0.0978373, 1.51266, 0, 3.41307, 1.60733, 0, 2.61696, 0.824662, 0, 1.55517, 0.499448
1.014, 0, 0.651904, 0, 0.0978557, 1.51302, 0, 3.41367, 1.59565, 0, 2.61622, 0.825805, 0, 1.55558, 0.5002
1.015, 0, 0.651746, 0, 0.0990988, 1.50978, 0, 3.42349, 1.58395, 0, 2.61561, 0.827027, 0, 1.55534, 0.500416
1.017, 0, 0.653521, 0, 0.0990593, 1.51157, 0, 3.42137, 1.56382, 0, 2.61479, 0.830233, 0, 1.55578, 0.501995
1.019, 0, 0.652599, 0, 0.0983461, 1.50926, 0, 3.41982, 1.54749, 0, 2.61387, 0.831768, 0, 1.55498, 0.503013
1.021, 0, 0.653836, 0, 0.0972499, 1.51338, 0, 3.46015, 1.53685, 0, 2.61304, 0.834066, 0, 1.55554, 0.504434
1.022, 0, 0.651956, 0, 0.0963886, 1.51027, 0, 3.45967, 1.52837, 0, 2.61182, 0.8383, 0, 1.55479, 0.504892
1.024, 0, 0.653442, 0, 0.0973213, 1.5125, 0, 3.45816, 1.53176, 0, 2.61124, 0.837709, 0, 1.55579, 0.505986
1.026, 0, 0.652282, 0, 0.0969528, 1.51083, 0, 3.46127, 1.52859, 0, 2.61032, 0.83741, 0, 1.55554, 0.506976
1.027, 0, 0.653041, 0, 0.0987234, 1.50911, 0, 3.46129, 1.52867, 0, 2.61004, 0.837399, 0, 1.55593, 0.50756
1.029, 0, 0.654062, 0, 0.0981725, 1.50985, 0, 3.4598, 1.53444, 0, 2.60896, 0.838475, 0, 1.5558, 0.50903
1.03, 0, 0.653716, 0, 0.0972097, 1.51102, 0, 3.46074, 1.52639, 0, 2.60833, 0.838329, 0, 1.57997, 0.51234
1.032, 0, 0.653055, 0, 0.0955812, 1.51282, 0, 3.51524, 1.50497, 0, 2.60779, 0.838131, 0, 1.58067, 0.513509
1.034, 0, 0.652255, 0, 0.0961182, 1.51214, 0, 3.45581, 1.49176, 0, 2.61358, 0.838057, 0, 1.58094, 0.514377
1.036, 0, 0.652489, 0, 0.0961447, 1.51385, 0, 3.45558, 1.48712, 0, 2.61298, 0.838278, 0, 1.58065, 0.515345
1.037, 0, 0.651666, 0, 0.0957346, 1.51305, 0, 3.45488, 1.48461, 0, 2.61209, 0.838073, 0, 1.58036, 0.515944
1.039, 0, 0.651869, 0, 0.097321, 1.51098, 0, 3.45315, 1.47558, 0, 2.61134, 0.837675, 0, 1.58056, 0.519028
1.041, 0, 0.652991, 0, 0.096989, 1.51229, 0, 3.45569, 1.4748, 0, 2.61136, 0.8381, 0, 1.581, 0.520141
1.043, 0, 0.652413, 0, 0.0951108, 1.51407, 0, 3.45466, 1.52221, 0, 2.61044, 0.837908, 0, 1.58135, 0.521343
1.044, 0, 0.651565, 0, 0.0949047, 1.51295, 0, 3.4544, 1.52897, 0, 2.60997, 0.837528, 0, 1.58072, 0.521778
1.046, 0, 0.652028, 0, 0.0953014, 1.51416, 0, 3.45893, 1.53295, 0, 2.60912, 0.839211, 0, 1.58087, 0.522017
1.048, 0, 0.651353, 0, 0.096427, 1.51064, 0, 3.45832, 1.53368, 0, 2.60817, 0.839142, 0, 1.58092, 0.523088
1.05, 0, 0.653203, 0, 0.0962866, 1.51292, 0, 3.45983, 1.53627, 0, 2.60724, 0.840645, 0, 1.5814, 0.523986
1.051, 0, 0.652134, 0, 0.0954717, 1.5109, 0, 3.45833, 1.53523, 0, 2.60656, 0.841032, 0, 1.58063, 0.524282
1.053, 0, 0.653062, 0, 0.0946139, 1.5149, 0, 3.4718, 1.53533, 0, 2.60635, 0.84184, 0, 1.58116, 0.524983
1.055, 0, 0.65103, 0, 0.0941177, 1.51197, 0, 3.47758, 1.5377, 0, 2.61321, 0.839225, 0, 1.58096, 0.526173
1.056, 0, 0.652386, 0, 0.094772, 1.51427, 0, 3.48015, 1.5377, 0, 2.61394, 0.844118, 0, 1.58188, 0.526592
1.058, 0, 0.651281, 0, 0.0951556, 1.50911, 0, 3.4762, 1.54883, 0, 2.61217, 0.845171, 0, 1.5813, 0.527312
1.059, 0, 0.653679, 0, 0.0959177, 1.5127, 0, 3.47527, 1.53049, 0, 2.61175, 0.845683, 0, 1.58273, 0.527934
1.061, 0, 0.652133, 0, 0.0930323, 1.51226, 0, 3.4786, 1.52445, 0, 2.61084, 0.845758, 0, 1.58131, 0.528462
1.063, 0, 0.652361, 0, 0.0931374, 1.51246, 0, 3.47362, 1.52222, 0, 2.60911, 0.846713, 0, 1.58128, 0.533
1.065, 0, 0.652235, 0, 0.0942435, 1.50921, 0, 3.47534, 1.51856, 0, 2.60872, 0.846727, 0, 1.58123, 0.53335
1.066, 0, 0.653788, 0, 0.0945256, 1.51121, 0, 3.47542, 1.52095, 0, 2.60865, 0.847757, 0, 1.58203, 0.53369
1.067, 0, 0.653021, 0, 0.0933884, 1.50941, 0, 3.47896, 1.51895, 0, 2.60779, 0.848626, 0, 1.58116, 0.534896
1.069, 0, 0.653959, 0, 0.091798, 1.51268, 0, 3.47662, 1.51436, 0, 2.6072, 0.850342, 0, 1.58146, 0.53555
1.07, 0, 0.652456, 0, 0.0911151, 1.51013, 0, 3.47292, 1.53622, 0, 2.60673, 0.850369, 0, 1.58056, 0.535641
1.072, 0, 0.653575, 0, 0.0928214, 1.50881, 0, 3.46575, 1.53663, 0, 2.60581, 0.851449, 0, 1.58154, 0.536299
1.073, 0, 0.654175, 0, 0.09264, 1.5089, 0, 3.46435, 1.53441, 0, 2.60544, 0.852065, 0, 1.58171, 0.537355
1.074, 0, 0.654281, 0, 0.0907224, 1.51136, 0, 3.46511, 1.5361, 0, 2.60493, 0.853086, 0, 1.58091, 0.537605
1.076, 0, 0.652993, 0, 0.0916782, 1.5057, 0, 3.46578, 1.5368, 0, 2.60407, 0.853611, 0, 1.58061, 0.537542
1.078, 0, 0.655953, 0, 0.0914883, 1.50897, 0, 3.46444, 1.536, 0, 2.60406, 0.855849, 0, 1.58135, 0.53913
1.08, 0, 0.654331, 0, 0.0889742, 1.50888, 0, 3.46416, 1.53649, 0, 2.60408, 0.858506, 0, 1.58011, 0.539272
1.081, 0, 0.654368, 0, 0.0902981, 1.50576, 0, 3.46357, 1.53392, 0, 2.60276, 0.858312, 0, 1.58035, 0.539169
1.083, 0, 0.656065, 0, 0.0903773, 1.50479, 0, 3.44834, 1.54389, 0, 2.60204, 0.859899, 0, 1.5804, 0.539687
1.085, 0, 0.656655, 0, 0.0885322, 1.50708, 0, 3.45092, 1.53077, 0, 2.6013, 0.860908, 0, 1.58039, 0.539486
1.087, 0, 0.655529, 0, 0.0882996, 1.50291, 0, 3.44827, 1.5608, 0, 2.60029, 0.861102, 0, 1.5797, 0.540475
1.088, 0, 0.657495, 0, 0.0887942, 1.50538, 0, 3.4505, 1.56124, 0, 2.60039, 0.86174, 0, 1.58118, 0.540699
1.09, 0, 0.656449, 0, 0.086572, 1.50382, 0, 3.44952, 1.56156, 0, 2.59921, 0.862727, 0, 1.5801, 0.54076
1.092, 0, 0.657319, 0, 0.0874931, 1.50079, 0, 3.45189, 1.55262, 0, 2.59856, 0.86325, 0, 1.58036, 0.540977
1.094, 0, 0.658972, 0, 0.0870655, 1.50139, 0, 3.45364, 1.55401, 0, 2.59787, 0.865177, 0, 1.58054, 0.541601
1.095, 0, 0.658768, 0, 0.0851707, 1.50301, 0, 3.45124, 1.55371, 0, 2.59724, 0.865666, 0, 1.58023, 0.541623
1.097, 0, 0.657902, 0, 0.0860949, 1.49808, 0, 3.44995, 1.54846, 0, 2.60014, 0.864271, 0, 1.57995, 0.541993
1.099, 0, 0.660587, 0, 0.0861889, 1.49952, 0, 3.45341, 1.54758, 0, 2.5994, 0.86647, 0, 1.57754, 0.542742
1.101, 0, 0.659979, 0, 0.0839628, 1.49986, 0, 3.45354, 1.53712, 0, 2.59944, 0.867114, 0, 1.57692, 0.542754
1.102, 0, 0.659819, 0, 0.0851661, 1.49655, 0, 3.45459, 1.53627, 0, 2.59857, 0.866705, 0, 1.5769, 0.543617
1.104, 0, 0.661587, 0, 0.0851848, 1.49799, 0, 3.457, 1.53158, 0, 2.59828, 0.868927, 0, 1.57765, 0.543797
1.106, 0, 0.660948, 0, 0.0841204, 1.49529, 0, 3.45768, 1.52929, 0, 2.59758, 0.869004, 0, 1.57726, 0.54331
1.108, 0, 0.662459, 0, 0.0825547, 1.49882, 0, 3.4612, 1.51778, 0, 2.59634, 0.870643, 0, 1.57741, 0.543723
1.109, 0, 0.660769, 0, 0.0826279, 1.49562, 0, 3.46236, 1.51167, 0, 2.60058, 0.872454, 0, 1.57658, 0.543724
1.111, 0, 0.662291, 0, 0.0843384, 1.49477, 0, 3.46149, 1.50155, 0, 2.59965, 0.873736, 0, 1.57786, 0.544299
1.113, 0, 0.662796, 0, 0.0839776, 1.49422, 0, 3.46564, 1.48715, 0, 2.60312, 0.874244, 0, 1.57766, 0.544563
1.115, 0, 0.663159, 0, 0.0820819, 1.49643, 0, 3.46856, 1.45432, 0, 2.60261, 0.872571, 0, 1.57785, 0.544889
1.116, 0, 0.662152, 0, 0.0818068, 1.49452, 0, 3.46752, 1.4503, 0, 2.60195, 0.872396, 0, 1.57708, 0.54485
1.118, 0, 0.663068, 0, 0.0831789, 1.49234, 0, 3.46593, 1.44896, 0, 2.60146, 0.872147, 0, 1.57747, 0.545105
1.12, 0, 0.664177, 0, 0.0825723, 1.49286, 0, 3.4637, 1.44458, 0, 2.60055, 0.871826, 0, 1.57719, 0.546176
1.122, 0, 0.664027, 0, 0.0819057, 1.4913, 0, 3.46395, 1.43795, 0, 2.59921, 0.871593, 0, 1.57745, 0.546414
1.123, 0, 0.664842, 0, 0.0820649, 1.49193, 0, 3.46559, 1.43515, 0, 2.59585, 0.87074, 0, 1.57829, 0.546639
1.125, 0, 0.664683, 0, 0.0802763, 1.49379, 0, 3.46901, 1.42451, 0, 2.59559, 0.889657, 0, 1.57821, 0.546435
1.126, 0, 0.663101, 0, 0.0803017, 1.48891, 0, 3.30625, 1.06915, 0, 2.59899, 0.890118, 0, 1.57348, 0.549633
1.128, 0, 0.665502, 0, 0.0785159, 1.48907, 0, 3.41842, 1.12605, 0, 2.59379, 0.890709, 0, 1.57487, 0.549233
1.13, 0, 0.667111, 0, 0.0804792, 1.48819, 0, 3.45981, 1.22496, 0, 2.59332, 0.890938, 0, 1.58165, 0.549888
1.131, 0, 0.667653, 0, 0.0810336, 1.48839, 0, 3.45843, 1.24633, 0, 2.59345, 0.891612, 0, 1.58276, 0.549913
1.133, 0, 0.667354, 0, 0.0796266, 1.488, 0, 3.44041, 1.26572, 0, 2.59246, 0.89043, 0, 1.5821, 0.549985
1.134, 0, 0.667434, 0, 0.0794813, 1.48741, 0, 3.44809, 1.26571, 0, 2.59211, 0.872926, 0, 1.58127, 0.549978
1.136, 0, 0.667479, 0, 0.0783325, 1.48713, 0, 3.44202, 1.26053, 0, 2.59387, 0.873211, 0, 1.57996, 0.550053
1.138, 0, 0.667518, 0, 0.0762741, 1.48986, 0, 3.43425, 1.21832, 0, 2.59312, 0.872976, 0, 1.57909, 0.550201
1.139, 0, 0.666202, 0, 0.0754454, 1.48769, 0, 3.43115, 1.21726, 0, 2.59038, 0.872457, 0, 1.57822, 0.550167
1.14, 0, 0.667104, 0, 0.0773263, 1.48609, 0, 3.43202, 1.27711, 0, 2.59205, 0.872405, 0, 1.57819, 0.550155
1.142, 0, 0.667972, 0, 0.0762218, 1.48636, 0, 3.41733, 1.26676, 0, 2.58936, 0.873696, 0, 1.57869, 0.550891
1.144, 0, 0.667964, 0, 0.0761381, 1.48371, 0, 3.41686, 1.25743, 0, 2.58878, 0.874007, 0, 1.57886, 0.551348
1.146, 0, 0.66942, 0, 0.0755024, 1.4845, 0, 3.41822, 1.24737, 0, 2.59063, 0.87603, 0, 1.57926, 0.551724
1.147, 0, 0.669096, 0, 0.0749695, 1.48316, 0, 3.41613, 1.2428, 0, 2.59018, 0.877039, 0, 1.57897, 0.551895
1.149, 0, 0.669806, 0, 0.0745103, 1.48257, 0, 3.53935, 1.25023, 0, 2.58941, 0.877623, 0, 1.57857, 0.55275
1.151, 0, 0.670253, 0, 0.0737158, 1.48127, 0, 3.54832, 1.24176, 0, 2.5888, 0.877013, 0, 1.57917, 0.553115
1.152, 0, 0.670943, 0, 0.0739584, 1.4815, 0, 3.5522, 1.239, 0, 2.58855, 0.877223, 0, 1.57955, 0.553348
1.154, 0, 0.671026, 0, 0.0733726, 1.48027, 0, 3.55099, 1.23254, 0, 2.58775, 0.878172, 0, 1.57942, 0.553588
1.155, 0, 0.671618, 0, 0.0735632, 1.48068, 0, 3.55163, 1.22958, 0, 2.58755, 0.878639, 0, 1.57973, 0.553786
1.156, 0, 0.671474, 0, 0.0729613, 1.47971, 0, 3.67408, 1.24077, 0, 2.58709, 0.879168, 0, 1.57881, 0.553761
1.158, 0, 0.671803, 0, 0.0719262, 1.47924, 0, 3.68826, 1.23649, 0, 2.58629, 0.894737, 0, 1.57847, 0.553836
1.16, 0, 0.672194, 0, 0.0736184, 1.47763, 0, 3.70071, 1.23239, 0, 2.58552, 0.895602, 0, 1.57851, 0.554239
1.162, 0, 0.673216, 0, 0.0720761, 1.48067, 0, 3.7091, 1.22619, 0, 2.5867, 0.895951, 0, 1.57886, 0.55474
1.163, 0, 0.671932, 0, 0.0729556, 1.47543, 0, 3.7113, 1.22324, 0, 2.58604, 0.896091, 0, 1.57823, 0.554858
1.165, 0, 0.674703, 0, 0.0734934, 1.47871, 0, 3.71316, 1.21948, 0, 2.58579, 0.89751, 0, 1.57982, 0.555478
1.167, 0, 0.673047, 0, 0.0724842, 1.4756, 0, 3.70676, 1.21527, 0, 2.58616, 0.898315, 0, 1.57946, 0.555218
1.168, 0, 0.674539, 0, 0.072956, 1.47767, 0, 3.70848, 1.21195, 0, 2.58617, 0.89895, 0, 1.58033, 0.555706
1.17, 0, 0.673365, 0, 0.0714634, 1.47547, 0, 3.74643, 1.21241, 0, 2.58638, 0.899945, 0, 1.5787, 0.555071
1.171, 0, 0.674357, 0, 0.0715152, 1.47671, 0, 3.74893, 1.21003, 0, 2.58622, 0.899737, 0, 1.57905, 0.55551
1.173, 0, 0.67392, 0, 0.0706331, 1.4751, 0, 3.75576, 1.20527, 0, 2.5857, 0.901334, 0, 1.57833, 0.555835
1.175, 0, 0.67489, 0, 0.0704307, 1.47566, 0, 3.76, 1.19848, 0, 2.58539, 0.907899, 0, 1.57867, 0.556383
1.177, 0, 0.674795, 0, 0.06875, 1.47781, 0, 3.76888, 1.19233, 0, 2.58478, 0.908384, 0, 1.55727, 0.555917
1.178, 0, 0.673741, 0, 0.0696305, 1.47344, 0, 3.76852, 1.14966, 0, 2.58439, 0.90718, 0, 1.55681, 0.555963
1.18, 0, 0.675806, 0, 0.0695138, 1.47617, 0, 3.79395, 1.14918, 0, 2.58413, 0.908297, 0, 1.55747, 0.556442
1.182, 0, 0.674496, 0, 0.0688323, 1.47231, 0, 3.80116, 1.1474, 0, 2.58511, 0.908152, 0, 1.55708, 0.556643
1.183, 0, 0.676382, 0, 0.0694116, 1.47479, 0, 3.7952, 1.14541, 0, 2.58518, 0.909108, 0, 1.55824, 0.556897
1.184, 0, 0.675447, 0, 0.0683499, 1.47278, 0, 3.79541, 1.14388, 0, 2.58442, 0.909806, 0, 1.55801, 0.556898
1.185, 0, 0.676281, 0, 0.068615, 1.47374, 0, 3.79734, 1.14234, 0, 2.58401, 0.910361, 0, 1.55889, 0.556999
1.187, 0, 0.675935, 0, 0.0677941, 1.47229, 0, 3.79747, 1.13965, 0, 2.58311, 0.90991, 0, 1.55876, 0.556725
1.189, 0, 0.676698, 0, 0.067279, 1.47243, 0, 3.79863, 1.1375, 0, 2.5826, 0.911481, 0, 1.55898, 0.556735
1.191, 0, 0.676669, 0, 0.066732, 1.47145, 0, 3.80035, 1.13577, 0, 2.58225, 0.912403, 0, 1.55896, 0.556841
1.194, 0, 0.677223, 0, 0.0645906, 1.47143, 0, 3.80214, 1.13283, 0, 2.58141, 0.91272, 0, 1.55912, 0.557223
1.196, 0, 0.677265, 0, 0.0638812, 1.47049, 0, 3.8033, 1.13122, 0, 2.5808, 0.910068, 0, 1.55921, 0.557611
1.198, 0, 0.677793, 0, 0.0633133, 1.47037, 0, 3.80316, 1.12925, 0, 2.57514, 0.908846, 0, 1.5586, 0.557816
1.199, 0, 0.677856, 0, 0.0629756, 1.47003, 0, 3.80322, 1.12834, 0, 2.5749, 0.908485, 0, 1.55847, 0.557894
1.2, 0, 0.678043, 0, 0.0627026, 1.46982, 0, 3.80451, 1.12744, 0, 2.57568, 0.908097, 0, 1.55849, 0.557998
1.202, 0, 0.678137, 0, 0.0619768, 1.46888, 0, 3.80361, 1.12771, 0, 2.5752, 0.907567, 0, 1.57843, 0.560887
1.204, 0, 0.678654, 0, 0.0613841, 1.46862, 0, 3.80075, 1.12626, 0, 2.57483, 0.907056, 0, 1.57854, 0.561178
1.206, 0, 0.678676, 0, 0.0605137, 1.46763, 0, 3.89955, 1.13309, 0, 2.57416, 0.906943, 0, 1.57793, 0.561056
1.209, 0, 0.679561, 0, 0.0600492, 1.46678, 0, 3.92715, 1.12618, 0, 2.57321, 0.906874, 0, 1.57814, 0.561555
1.211, 0, 0.680191, 0, 0.0597707, 1.46657, 0, 3.93409, 1.12123, 0, 2.57348, 0.90737, 0, 1.55923, 0.561225
1.213, 0, 0.680183, 0, 0.0583603, 1.46465, 0, 3.94902, 1.12382, 0, 2.5731, 0.907009, 0, 1.55909, 0.559032
1.214, 0, 0.681164, 0, 0.0584861, 1.46533, 0, 3.95294, 1.1228, 0, 2.573, 0.90708, 0, 1.55943, 0.560847
1.216, 0, 0.681014, 0, 0.0577006, 1.46375, 0, 3.95013, 1.12091, 0, 2.57257, 0.907549, 0, 1.55967, 0.560937
1.218, 0, 0.681826, 0, 0.0572385, 1.46368, 0, 3.96117, 1.12087, 0, 2.57234, 0.907371, 0, 1.55985, 0.561171
1.22, 0, 0.681863, 0, 0.0565462, 1.46251, 0, 3.96277, 1.11961, 0, 2.57163, 0.907788, 0, 1.55967, 0.561395
1.223, 0, 0.682671, 0, 0.0560444, 1.46196, 0, 3.96713, 1.12098, 0, 2.57161, 0.90923, 0, 1.55984, 0.561658
1.224, 0, 0.682966, 0, 0.0559191, 1.46186, 0, 3.96908, 1.12011, 0, 2.57153, 0.90906, 0, 1.56006, 0.561779
1.226, 0, 0.682986, 0, 0.0557633, 1.46075, 0, 3.97082, 1.11737, 0, 2.5709, 0.910231, 0, 1.56009, 0.566901
1.227, 0, 0.68359, 0, 0.0542419, 1.46162, 0, 3.96965, 1.1162, 0, 2.57084, 0.910846, 0, 1.56036, 0.567026
1.228, 0, 0.68331, 0, 0.0537268, 1.46059, 0, 3.96865, 1.11589, 0, 2.57058, 0.911781, 0, 1.56, 0.566931
1.23, 0, 0.683863, 0, 0.0547379, 1.46007, 0, 3.96739, 1.11587, 0, 2.57081, 0.912968, 0, 1.56028, 0.567181
1.232, 0, 0.6841, 0, 0.0541321, 1.45967, 0, 3.95673, 1.11372, 0, 2.57037, 0.913793, 0, 1.56045, 0.567398
1.234, 0, 0.684575, 0, 0.0526379, 1.45977, 0, 3.92786, 1.24253, 0, 2.57011, 0.912753, 0, 1.55929, 0.567671
1.235, 0, 0.684414, 0, 0.05217, 1.45926, 0, 3.92652, 1.23776, 0, 2.56993, 0.913384, 0, 1.56003, 0.567878
1.237, 0, 0.684663, 0, 0.051099, 1.45906, 0, 3.91894, 1.23006, 0, 2.56985, 0.913378, 0, 1.56085, 0.568084
1.239, 0, 0.684746, 0, 0.0504003, 1.45858, 0, 3.89532, 1.21419, 0, 2.56982, 0.914151, 0, 1.56145, 0.568736
1.24, 0, 0.685143, 0, 0.0504055, 1.45872, 0, 3.86898, 1.22123, 0, 2.56977, 0.914833, 0, 1.56177, 0.569047
1.242, 0, 0.685127, 0, 0.0497746, 1.45814, 0, 3.84946, 1.21835, 0, 2.56931, 0.915465, 0, 1.56173, 0.569348
1.243, 0, 0.685439, 0, 0.0496827, 1.45833, 0, 3.82649, 1.21498, 0, 2.5694, 0.919184, 0, 1.56195, 0.569616
1.245, 0, 0.685433, 0, 0.0491528, 1.45794, 0, 3.76068, 1.19344, 0, 2.5695, 0.921571, 0, 1.56272, 0.571171
1.247, 0, 0.685563, 0, 0.0482912, 1.4578, 0, 3.73514, 1.19446, 0, 2.5693, 0.923265, 0, 1.56237, 0.571371
1.249, 0, 0.685972, 0, 0.0465372, 1.46113, 0, 3.64622, 1.15294, 0, 2.56959, 0.922516, 0, 1.5641, 0.57311
1.25, 0, 0.684377, 0, 0.0461078, 1.4589, 0, 3.62228, 1.15544, 0, 2.56953, 0.922585, 0, 1.56343, 0.573242
1.252, 0, 0.685159, 0, 0.0462072, 1.46029, 0, 3.58928, 1.13823, 0, 2.56941, 0.923703, 0, 1.56462, 0.573593
1.254, 0, 0.684881, 0, 0.0461919, 1.46059, 0, 3.50317, 1.09518, 0, 2.56898, 0.926276, 0, 1.56722, 0.575575
1.256, 0, 0.684385, 0, 0.045537, 1.46092, 0, 3.31443, 1.08971, 0, 2.56889, 0.928141, 0, 1.56621, 0.576113
1.257, 0, 0.683993, 0, 0.0449727, 1.46078, 0, 3.27027, 1.07772, 0, 2.5689, 0.928553, 0, 1.5658, 0.576314
1.259, 0, 0.683477, 0, 0.0437395, 1.46035, 0, 3.25194, 1.08576, 0, 2.56813, 0.929003, 0, 1.56451, 0.576152
1.261, 0, 0.683581, 0, 0.0429248, 1.45974, 0, 3.23853, 1.06552, 0, 2.56786, 0.930122, 0, 1.56365, 0.576322
1.263, 0, 0.684081, 0, 0.0426377, 1.45906, 0, 3.17729, 1.05202, 0, 2.56837, 0.930381, 0, 1.56377, 0.576527
1.264, 0, 0.684417, 0, 0.0437923, 1.4561, 0, 3.16607, 1.03958, 0, 2.56827, 0.928841, 0, 1.56429, 0.576765
1.266, 0, 0.687145, 0, 0.0441539, 1.45775, 0, 3.10035, 0.988255, 0, 2.56866, 0.93184, 0, 1.56804, 0.578795
1.268, 0, 0.68584, 0, 0.0434975, 1.45508, 0, 2.87138, 0.98155, 0, 2.56871, 0.932698, 0, 1.56771, 0.578202
1.27, 0, 0.686754, 0, 0.0427283, 1.45431, 0, 2.78954, 0.969196, 0, 2.56833, 0.934712, 0, 1.56604, 0.57805
1.271, 0, 0.687119, 0, 0.0423037, 1.45377, 0, 2.77923, 0.992419, 0, 2.56733, 0.93549, 0, 1.56616, 0.580236
1.273, 0, 0.687573, 0, 0.0415678, 1.45183, 0, 2.77024, 0.970666, 0, 2.56688, 0.936652, 0, 1.56484, 0.580051
1.275, 0, 0.688789, 0, 0.0412233, 1.45104, 0, 2.75714, 0.954126, 0, 2.56691, 0.93635, 0, 1.56518, 0.580006
1.277, 0, 0.689431, 0, 0.0406164, 1.44962, 0, 2.72948, 0.931531, 0, 2.56692, 0.937811, 0, 1.56586, 0.581063
1.278, 0, 0.690241, 0, 0.040661, 1.44973, 0, 2.71789, 0.947728, 0, 2.5664, 0.938696, 0, 1.56609, 0.581108
1.28, 0, 0.690342, 0, 0.0399612, 1.44791, 0, 2.68767, 0.935003, 0, 2.56629, 0.938982, 0, 1.56603, 0.581286
1.282, 0, 0.691406, 0, 0.0390027, 1.44798, 0, 2.65334, 0.917947, 0, 2.56617, 0.940593, 0, 1.5662, 0.581539
1.284, 0, 0.691491, 0, 0.0385832, 1.44632, 0, 2.63079, 0.899729, 0, 2.56649, 0.941604, 0, 1.56608, 0.58155
1.285, 0, 0.692318, 0, 0.0381892, 1.44709, 0, 2.61903, 0.888586, 0, 2.56626, 0.942292, 0, 1.56654, 0.581648
1.287, 0, 0.692088, 0, 0.0375434, 1.4454, 0, 2.65407, 0.870472, 0, 2.5659, 0.943486, 0, 1.56558, 0.581747
1.289, 0, 0.69294, 0, 0.0372634, 1.44546, 0, 2.6629, 0.850467, 0, 2.58134, 0.943, 0, 1.56585, 0.581696
1.29, 0, 0.692993, 0, 0.0370894, 1.44496, 0, 2.6437, 0.840427, 0, 2.58164, 0.936072, 0, 1.56613, 0.581793
1.292, 0, 0.69336, 0, 0.0368994, 1.44458, 0, 2.60694, 0.817277, 0, 2.58075, 0.935708, 0, 1.56635, 0.58189
1.293, 0, 0.693563, 0, 0.0372855, 1.44433, 0, 2.58834, 0.808018, 0, 2.5807, 0.93608, 0, 1.56651, 0.582057
1.295, 0, 0.69376, 0, 0.0370191, 1.44396, 0, 2.55988, 0.785802, 0, 2.5805, 0.937344, 0, 1.56649, 0.581784
1.297, 0, 0.694014, 0, 0.0365631, 1.44354, 0, 2.53861, 0.764384, 0, 2.5801, 0.938436, 0, 1.56638, 0.581873
1.299, 0, 0.69432, 0, 0.0366064, 1.44324, 0, 2.5453, 0.747564, 0, 2.57986, 0.93942, 0, 1.56615, 0.587317
1.302, 0, 0.694496, 0, 0.0362752, 1.44285, 0, 2.50635, 0.725423, 0, 2.57948, 0.939328, 0, 1.56627, 0.586664
1.303, 0, 0.694702, 0, 0.0352593, 1.44338, 0, 2.48707, 0.723012, 0, 2.57949, 0.939699, 0, 1.56641, 0.586665
1.305, 0, 0.694437, 0, 0.0349528, 1.44266, 0, 2.45343, 0.718486, 0, 2.57941, 0.939959, 0, 1.56619, 0.586657
1.306, 0, 0.69477, 0, 0.0349875, 1.44306, 0, 2.44163, 0.713897, 0, 2.5794, 0.940538, 0, 1.56634, 0.586735
1.308, 0, 0.694592, 0, 0.0355904, 1.4405, 0, 2.43115, 0.705399, 0, 2.58022, 0.940946, 0, 1.56599, 0.586864
1.31, 0, 0.696014, 0, 0.0355296, 1.44173, 0, 2.41427, 0.699325, 0, 2.57948, 0.94251, 0, 1.56633, 0.587116
1.312, 0, 0.695477, 0, 0.0352203, 1.43997, 0, 2.37929, 0.692141, 0, 2.58033, 0.943731, 0, 1.56511, 0.587298
1.315, 0, 0.696435, 0, 0.0349228, 1.44033, 0, 2.31131, 0.687602, 0, 2.57526, 0.944506, 0, 1.56524, 0.587234
1.317, 0, 0.696315, 0, 0.0347584, 1.43935, 0, 2.2999, 0.67752, 0, 2.57145, 0.944689, 0, 1.56517, 0.587251
1.318, 0, 0.69681, 0, 0.0348924, 1.43977, 0, 2.28794, 0.668993, 0, 2.5715, 0.945536, 0, 1.56542, 0.587285
1.32, 0, 0.696675, 0, 0.034701, 1.43893, 0, 2.25701, 0.6572, 0, 2.57134, 0.946999, 0, 1.56523, 0.587323
1.321, 0, 0.697093, 0, 0.0348001, 1.43931, 0, 2.24165, 0.65251, 0, 2.57139, 0.947733, 0, 1.56556, 0.58739
1.323, 0, 0.696984, 0, 0.0346767, 1.43861, 0, 2.19668, 0.629796, 0, 2.57136, 0.949168, 0, 1.56555, 0.587124
1.324, 0, 0.697338, 0, 0.0347865, 1.43895, 0, 2.17436, 0.620614, 0, 2.57223, 0.956603, 0, 1.56574, 0.587528
1.326, 0, 0.697208, 0, 0.034667, 1.43838, 0, 2.12864, 0.600539, 0, 2.57198, 0.955434, 0, 1.56566, 0.587512
1.328, 0, 0.69752, 0, 0.0346897, 1.43855, 0, 2.09136, 0.589132, 0, 2.57162, 0.956238, 0, 1.56557, 0.58749
1.329, 0, 0.697507, 0, 0.034732, 1.4383, 0, 2.05773, 0.590452, 0, 2.57161, 0.956615, 0, 1.56584, 0.587376
1.331, 0, 0.697558, 0, 0.0342718, 1.44188, 0, 2.03875, 0.578739, 0, 2.57161, 0.957776, 0, 1.56557, 0.587572
1.333, 0, 0.695703, 0, 0.0340989, 1.43974, 0, 2.01817, 0.51101, 0, 2.57134, 0.957906, 0, 1.56512, 0.58739
1.335, 0, 0.696783, 0, 0.0345998, 1.44212, 0, 1.98969, 0.502348, 0, 2.57122, 0.957215, 0, 1.56549, 0.588022
1.336, 0, 0.69562, 0, 0.0342254, 1.44069, 0, 1.98396, 0.498745, 0, 2.57097, 0.958023, 0, 1.56484, 0.587895
1.338, 0, 0.696226, 0, 0.03466, 1.44255, 0, 1.96429, 0.487508, 0, 2.57099, 0.959103, 0, 1.56549, 0.587673
1.34, 0, 0.695201, 0, 0.034494, 1.44195, 0, 1.95987, 0.476368, 0, 2.57081, 0.959509, 0, 1.56533, 0.58675
1.342, 0, 0.695448, 0, 0.0345801, 1.44323, 0, 1.92832, 0.470072, 0, 2.57123, 0.960417, 0, 1.56538, 0.586844
1.343, 0, 0.694851, 0, 0.0344089, 1.44265, 0, 1.90476, 0.464925, 0, 2.57104, 0.959258, 0, 1.56514, 0.586841
1.345, 0, 0.695048, 0, 0.0345916, 1.44372, 0, 1.87334, 0.458078, 0, 2.57095, 0.960009, 0, 1.56535, 0.586908
1.347, 0, 0.694485, 0, 0.0345949, 1.44342, 0, 1.84168, 0.614813, 0, 2.57069, 0.961575, 0, 1.5651, 0.586654
1.349, 0, 0.694579, 0, 0.0346546, 1.4441, 0, 1.80222, 0.62138, 0, 2.57055, 0.963214, 0, 1.56556, 0.586717
1.35, 0, 0.694294, 0, 0.0346041, 1.44381, 0, 1.77215, 0.623596, 0, 2.57042, 0.96222, 0, 1.56552, 0.586714
1.352, 0, 0.694391, 0, 0.0347479, 1.44438, 0, 1.71251, 0.627724, 0, 2.57047, 0.967666, 0, 1.56598, 0.586641
1.353, 0, 0.694066, 0, 0.034631, 1.44411, 0, 1.68276, 0.619869, 0, 2.57095, 0.968236, 0, 1.56589, 0.585704
1.355, 0, 0.694093, 0, 0.0346233, 1.4445, 0, 1.60317, 0.595469, 0, 2.57079, 0.969778, 0, 1.56585, 0.586239
1.357, 0, 0.693898, 0, 0.0346387, 1.44421, 0, 1.55314, 0.558718, 0, 2.57058, 0.969178, 0, 1.56575, 0.58616
1.358, 0, 0.694054, 0, 0.0348312, 1.44427, 0, 1.49743, 0.516417, 0, 2.57026, 0.969512, 0, 1.56573, 0.585659
1.36, 0, 0.694071, 0, 0.0349505, 1.44423, 0, 1.45864, 0.458125, 0, 2.56933, 0.970919, 0, 1.56594, 0.585418
1.362, 0, 0.694147, 0, 0.0351531, 1.44431, 0, 1.40143, 0.335645, 0, 2.56969, 0.970463, 0, 1.56686, 0.585066
1.364, 0, 0.694014, 0, 0.0352355, 1.44427, 0, 1.38786, 0.220663, 0, 2.56894, 0.971307, 0, 1.56652, 0.585134
1.365, 0, 0.69401, 0, 0.0352769, 1.44429, 0, 1.36197, 0.194668, 0, 2.56849, 0.9719, 0, 1.5662, 0.584859
1.367, 0, 0.694081, 0, 0.035521, 1.4442, 0, 1.29936, 0.244326, 0, 2.56797, 0.972753, 0, 1.56554, 0.58379
1.368, 0, 0.694048, 0, 0.0356007, 1.4441, 0, 1.24468, 0.253967, 0, 2.56763, 0.972823, 0, 1.56511, 0.582955
1.37, 0, 0.694118, 0, 0.0358245, 1.44392, 0, 1.09781, 0.285649, 0, 2.56621, 0.973045, 0, 1.56491, 0.58086
1.372, 0, 0.694462, 0, 0.0369044, 1.44378, 0, 0.981666, 0, 0, 2.56511, 0.972668, 0, 1.56456, 0.577513
1.373, 0, 0.694453, 0, 0.0371356, 1.44399, 0, 0.94348, 0, 0, 2.56472, 0.972721, 0, 1.56425, 0.576272
1.374, 0, 0.694217, 0, 0.0376621, 1.44309, 0, 0.818023, 0, 0, 2.56348, 0.971341, 0, 1.56293, 0.572439
1.375, 0, 0.694914, 0, 0.0387309, 1.44366, 0, 0.547553, 0, 0, 2.56364, 0.961005, 0, 1.56527, 0.569295
1.377, 0, 0.69443, 0, 0.0387051, 1.44458, 0, 0.31673, 0, 0, 2.56287, 0.958361, 0, 1.56336, 0.565224
1.379, 0, 0.69354, 0, 0.0384012, 1.44554, 0, 0.327897, 0, 0, 2.56256, 0.956639, 0, 1.56137, 0.564594
1.38, 0, 0.693043, 0, 0.038294, 1.44555, 0, 0.316444, 0, 0, 2.5621, 0.956594, 0, 1.56066, 0.564111
1.381, 0, 0.596323, 0, 0.0339177, 1.37702, 0, 10.6549, 0, 0, 2.52904, 0.893934, 0, 1.20781, 0.513252
1.382, 0, 0.777198, 0, 0.0882718, 1.47954, 0, 3.96954, 0, 0, 2.6002, 0.977771, 0, 1.71531, 0.598769
1.384, 0, 0.695051, 0, 0.0639908, 1.44561, 0, 0.387307, 0, 0, 2.58571, 0.940693, 0, 1.65368, 0.573541
1.385, 0, 0.69662, 0, 0.0577456, 1.47031, 0, 0.232623, 0, 0, 2.5732, 0.944508, 0, 1.60717, 0.560211
1.387, 0, 0.676789, 0, 0.0402735, 1.45242, 0, 0.216115, 0, 0, 2.55765, 0.955715, 0, 1.5534, 0.553669
1.389, 0, 0.686059, 0, 0.0394461, 1.46672, 0, 0.225451, 0, 0, 2.55695, 0.961029, 0, 1.55274, 0.554332
1.391, 0, 0.679479, 0, 0.0383256, 1.45474, 0, 0.233394, 0, 0, 2.55656, 0.956892, 0, 1.55353, 0.554664
1.394, 0, 0.686424, 0, 0.0408078, 1.4614, 0, 0.197636, 0, 0, 2.55689, 0.957118, 0, 1.55873, 0.554176
1.396, 0, 0.68343, 0, 0.0406705, 1.45395, 0, 0.165115, 0, 0, 2.55664, 0.954906, 0, 1.55928, 0.552372
1.398, 0, 0.687481, 0, 0.0417225, 1.45745, 0, 0.13667, 0, 0, 2.55641, 0.95667, 0, 1.56083, 0.551744
1.399, 0, 0.685916, 0, 0.0410868, 1.45354, 0, 0.128983, 0, 0, 2.5558, 0.956794, 0, 1.5598, 0.552576
1.401, 0, 0.688012, 0, 0.0417701, 1.45394, 0, 0.10271, 0, 0, 2.55547, 0.957123, 0, 1.56073, 0.551666
1.403, 0, 0.687976, 0, 0.0417, 1.45148, 0, 0.0791252, 0, 0, 2.54962, 0.956552, 0, 1.56055, 0.551072
1.405, 0, 0.689392, 0, 0.0419312, 1.45167, 0, 0.0550749, 0, 0, 2.54919, 0.957649, 0, 1.56074, 0.550347
1.406, 0, 0.689385, 0, 0.0406425, 1.45356, 0, 0.0424312, 0, 0, 2.54888, 0.958023, 0, 1.5606, 0.550003
1.408, 0, 0.68846, 0, 0.0408359, 1.45149, 0, 0.0124401, 0, 0, 2.54859, 0.958243, 0, 1.5605, 0.549442
1.41, 0, 0.689472, 0, 0.0410928, 1.45291, 0, 0.00199207, 0, 0, 2.54813, 0.959217, 0, 1.56056, 0.549358
1.412, 0, 0.68873, 0, 0.0409762, 1.45152, 0, 0, 0, 0, 2.54788, 0.959394, 0, 1.56022, 0.548825
1.413, 0, 0.689384, 0, 0.041237, 1.45264, 0, 0, 0, 0, 2.54779, 0.960187, 0, 1.56065, 0.548687
1.415, 0, 0.688852, 0, 0.0430078, 1.44845, 0, 0, 0, 0, 2.54723, 0.959566, 0, 1.56024, 0.525399
1.417, 0, 0.691054, 0, 0.043321, 1.4513, 0, 0, 0, 0, 2.5469, 0.960718, 0, 1.5607, 0.525081
1.419, 0, 0.689649, 0, 0.042993, 1.44854, 0, 0, 0, 0, 2.54634, 0.960602, 0, 1.56018, 0.524625
1.42, 0, 0.690991, 0, 0.0435085, 1.45048, 0, 0, 0, 0, 2.54638, 0.96013, 0, 1.56074, 0.524316
1.422, 0, 0.690122, 0, 0.0431539, 1.44876, 0, 0, 0, 0, 2.54574, 0.96061, 0, 1.55988, 0.524357
1.424, 0, 0.691031, 0, 0.0422941, 1.45308, 0, 0, 0, 0, 2.545, 0.961212, 0, 1.56001, 0.524225
1.425, 0, 0.688999, 0, 0.0416801, 1.45013, 0, 0, 0, 0, 2.54453, 0.961092, 0, 1.55886, 0.52439
1.427, 0, 0.690357, 0, 0.0435792, 1.44973, 0, 0, 0, 0, 2.54451, 0.961117, 0, 1.5602, 0.524175
1.428, 0, 0.69054, 0, 0.043564, 1.45001, 0, 0, 0, 0, 2.54434, 0.95931, 0, 1.56027, 0.524093
1.43, 0, 0.690383, 0, 0.0436474, 1.45009, 0, 0, 0, 0, 2.54391, 0.95926, 0, 1.56003, 0.523858
1.432, 0, 0.690405, 0, 0.0422794, 1.45291, 0, 0, 0, 0, 2.5436, 0.955511, 0, 1.56017, 0.523669
1.434, 0, 0.688929, 0, 0.0421758, 1.45119, 0, 0, 0, 0, 2.54319, 0.956469, 0, 1.56001, 0.523098
1.435, 0, 0.689676, 0, 0.0439515, 1.45003, 0, 0, 0, 0, 2.54318, 0.956573, 0, 1.5606, 0.523195
1.436, 0, 0.69031, 0, 0.043954, 1.45104, 0, 0, 0, 0, 2.54357, 0.95695, 0, 1.56079, 0.523271
1.438, 0, 0.689834, 0, 0.0423816, 1.45324, 0, 0, 0, 0, 2.54303, 0.9565, 0, 1.56017, 0.5289
1.44, 0, 0.688681, 0, 0.0422415, 1.45247, 0, 0, 0, 0, 2.54264, 0.955962, 0, 1.55996, 0.528563
1.442, 0, 0.689013, 0, 0.0437038, 1.45092, 0, 0, 0, 0, 2.54232, 0.956824, 0, 1.56017, 0.528417
1.443, 0, 0.689737, 0, 0.0439189, 1.45223, 0, 0, 0, 0, 2.54233, 0.957291, 0, 1.56056, 0.528386
1.445, 0, 0.689117, 0, 0.042569, 1.45477, 0, 0, 0, 0, 2.5418, 0.955869, 0, 1.56013, 0.528181
1.447, 0, 0.687785, 0, 0.0436539, 1.45056, 0, 0, 0, 0, 2.54126, 0.95286, 0, 1.55952, 0.52784
1.449, 0, 0.689941, 0, 0.0440892, 1.45397, 0, 0, 0, 0, 2.5407, 0.953966, 0, 1.5593, 0.528124
1.45, 0, 0.688355, 0, 0.042216, 1.45426, 0, 0, 0, 0, 2.54026, 0.954073, 0, 1.55819, 0.527909
1.452, 0, 0.688016, 0, 0.0440257, 1.45203, 0, 0, 0, 0, 2.54019, 0.953786, 0, 1.55871, 0.527542
1.454, 0, 0.689172, 0, 0.0440542, 1.45384, 0, 0, 0, 0, 2.53999, 0.954485, 0, 1.55898, 0.527645
1.456, 0, 0.688203, 0, 0.0439839, 1.45275, 0, 0, 0, 0, 2.53962, 0.954121, 0, 1.55861, 0.527347
1.457, 0, 0.688765, 0, 0.0428457, 1.45648, 0, 0, 0, 0, 2.53961, 0.95449, 0, 1.55905, 0.527308
1.459, 0, 0.686822, 0, 0.0437683, 1.45116, 0, 0, 0, 0, 2.53925, 0.954602, 0, 1.55847, 0.526868
1.46, 0, 0.689329, 0, 0.0446844, 1.45517, 0, 0, 0, 0, 2.53957, 0.955542, 0, 1.56022, 0.527251
1.461, 0, 0.687659, 0, 0.0423146, 1.45535, 0, 0, 0, 0, 2.53917, 0.956318, 0, 1.55829, 0.528535
1.463, 0, 0.687306, 0, 0.0441327, 1.45285, 0, 0, 0, 0, 2.53902, 0.956625, 0, 1.55865, 0.528166
1.464, 0, 0.688508, 0, 0.0444488, 1.45471, 0, 0, 0, 0, 2.53912, 0.957683, 0, 1.55937, 0.528175
1.466, 0, 0.687646, 0, 0.0439382, 1.4533, 0, 0, 0, 0, 2.53868, 0.95824, 0, 1.55868, 0.528064
1.468, 0, 0.68838, 0, 0.0429849, 1.45753, 0, 0, 0, 0, 2.53853, 0.959313, 0, 1.5588, 0.528032
1.47, 0, 0.686184, 0, 0.0438508, 1.45164, 0, 0, 0, 0, 2.53823, 0.959336, 0, 1.55842, 0.527611
1.471, 0, 0.688971, 0, 0.0448599, 1.45603, 0, 0, 0, 0, 2.53855, 0.960141, 0, 1.56024, 0.527782
1.473, 0, 0.686944, 0, 0.0426236, 1.45565, 0, 0, 0, 0, 2.53791, 0.957789, 0, 1.55861, 0.527579
1.475, 0, 0.687067, 0, 0.044286, 1.45356, 0, 0, 0, 0, 2.53781, 0.957912, 0, 1.5592, 0.52742
1.477, 0, 0.688172, 0, 0.0442555, 1.45505, 0, 0, 0, 0, 2.53765, 0.958611, 0, 1.55945, 0.527521
1.478, 0, 0.687499, 0, 0.0426511, 1.45675, 0, 0, 0, 0, 2.53742, 0.958295, 0, 1.55897, 0.527428
1.48, 0, 0.68651, 0, 0.0441406, 1.45322, 0, 0, 0, 0, 2.53729, 0.957932, 0, 1.5591, 0.527151
1.482, 0, 0.688346, 0, 0.0442866, 1.45596, 0, 0, 0, 0, 2.53725, 0.956775, 0, 1.55966, 0.527361
1.484, 0, 0.68697, 0, 0.0426401, 1.45665, 0, 0, 0, 0, 2.53688, 0.956643, 0, 1.55886, 0.527178
1.485, 0, 0.686613, 0, 0.0427634, 1.45651, 0, 0, 0, 0, 2.53681, 0.956673, 0, 1.5588, 0.527105
1.487, 0, 0.686614, 0, 0.0441468, 1.4541, 0, 0, 0, 0, 2.53672, 0.957023, 0, 1.55908, 0.527061
1.489, 0, 0.687837, 0, 0.0442537, 1.45594, 0, 0, 0, 0, 2.5366, 0.95806, 0, 1.55923, 0.526785
1.491, 0, 0.686896, 0, 0.0429245, 1.45756, 0, 0, 0, 0, 2.53634, 0.957975, 0, 1.55902, 0.526592
1.492, 0, 0.686122, 0, 0.0427904, 1.4567, 0, 0, 0, 0, 2.5362, 0.957538, 0, 1.55869, 0.526509
1.494, 0, 0.686473, 0, 0.0442439, 1.45477, 0, 0, 0, 0, 2.53621, 0.957982, 0, 1.55925, 0.526511
1.496, 0, 0.687437, 0, 0.0443111, 1.45589, 0, 0, 0, 0, 2.536, 0.960149, 0, 1.57484, 0.528326
1.498, 0, 0.686888, 0, 0.0440748, 1.45482, 0, 0, 0, 0, 2.53589, 0.960309, 0, 1.57483, 0.528335
1.5, 0, 0.687448, 0, 0.0430988, 1.45872, 0, 0, 0, 0, 2.53581, 0.960246, 0, 1.57502, 0.528416
1.502, 0, 0.685401, 0, 0.0441926, 1.45337, 0, 0, 0, 0, 2.53557, 0.959864, 0, 1.57462, 0.528154
1.504, 0, 0.685367, 0, 0.0440909, 1.45354, 0, 0, 0, 0, 2.53556, 0.960248, 0, 1.57527, 0.52822
1.506, 0, 0.687993, 0, 0.0444752, 1.45745, 0, 0, 0, 0, 2.53554, 0.962622, 0, 1.57568, 0.528696
1.507, 0, 0.686172, 0, 0.0424158, 1.45731, 0, 0, 0, 0, 2.53506, 0.962699, 0, 1.57427, 0.528565
1.509, 0, 0.686051, 0, 0.0443215, 1.45487, 0, 0, 0, 0, 2.53486, 0.960016, 0, 1.57504, 0.528447
1.511, 0, 0.687373, 0, 0.0443802, 1.4566, 0, 0, 0, 0, 2.5352, 0.960809, 0, 1.57555, 0.528759
1.513, 0, 0.686486, 0, 0.0429742, 1.45855, 0, 0, 0, 0, 2.53494, 0.96086, 0, 1.5753, 0.528683
1.516, 0, 0.685442, 0, 0.0441438, 1.45433, 0, 0, 0, 0, 2.53477, 0.961135, 0, 1.57531, 0.528645
1.518, 0, 0.687607, 0, 0.0431939, 1.46031, 0, 0, 0, 0, 2.53475, 0.961908, 0, 1.5757, 0.529064
1.52, 0, 0.684466, 0, 0.0441112, 1.45321, 0, 0, 0, 0, 2.53439, 0.960909, 0, 1.57481, 0.528682
1.521, 0, 0.687858, 0, 0.0452861, 1.45843, 0, 0, 0, 0, 2.53497, 0.961388, 0, 1.57706, 0.529003
1.523, 0, 0.685456, 0, 0.042781, 1.45735, 0, 0, 0, 0, 2.53422, 0.962023, 0, 1.57506, 0.52852
1.525, 0, 0.68598, 0, 0.0442956, 1.45548, 0, 0, 0, 0, 2.53422, 0.96251, 0, 1.57539, 0.528098
1.527, 0, 0.686954, 0, 0.0432641, 1.45994, 0, 0, 0, 0, 2.53413, 0.96037, 0, 1.57546, 0.528324
1.528, 0, 0.684822, 0, 0.0438317, 1.45392, 0, 0, 0, 0, 2.53371, 0.96017, 0, 1.57412, 0.528196
1.53, 0, 0.68781, 0, 0.0445507, 1.45813, 0, 0, 0, 0, 2.53404, 0.960855, 0, 1.57568, 0.528589
1.532, 0, 0.685688, 0, 0.042727, 1.4573, 0, 0, 0, 0, 2.53373, 0.959485, 0, 1.57477, 0.528383
1.534, 0, 0.686048, 0, 0.0444614, 1.45555, 0, 0, 0, 0, 2.53376, 0.959836, 0, 1.5753, 0.528503
1.535, 0, 0.686899, 0, 0.0446571, 1.45662, 0, 0, 0, 0, 2.53487, 0.960035, 0, 1.57577, 0.528644
1.537, 0, 0.686414, 0, 0.0442188, 1.45556, 0, 0, 0, 0, 2.5346, 0.960642, 0, 1.57519, 0.528728
1.539, 0, 0.686969, 0, 0.0431856, 1.45933, 0, 0, 0, 0, 2.53454, 0.961314, 0, 1.57528, 0.528883
1.541, 0, 0.684994, 0, 0.0442716, 1.45397, 0, 0, 0, 0, 2.53434, 0.960679, 0, 1.57488, 0.528683
1.542, 0, 0.687557, 0, 0.0450964, 1.45788, 0, 0, 0, 0, 2.53478, 0.961148, 0, 1.57657, 0.528863
1.544, 0, 0.685734, 0, 0.0441105, 1.45482, 0, 0, 0, 0, 2.53379, 0.962087, 0, 1.57504, 0.528878
1.546, 0, 0.687327, 0, 0.0443745, 1.45693, 0, 0, 0, 0, 2.53381, 0.963846, 0, 1.57544, 0.529202
1.548, 0, 0.686264, 0, 0.0430195, 1.45821, 0, 0, 0, 0, 2.53347, 0.963887, 0, 1.57503, 0.529792
1.549, 0, 0.685663, 0, 0.0429457, 1.45752, 0, 0, 0, 0, 2.53342, 0.956077, 0, 1.57481, 0.52979
1.551, 0, 0.68595, 0, 0.0443464, 1.45532, 0, 0, 0, 0, 2.53347, 0.956261, 0, 1.57522, 0.52986
1.553, 0, 0.687071, 0, 0.0443541, 1.45693, 0, 0, 0, 0, 2.5334, 0.955576, 0, 1.57536, 0.530151
1.555, 0, 0.686286, 0, 0.0428575, 1.45835, 0, 0, 0, 0, 2.53318, 0.955771, 0, 1.57506, 0.530134
1.556, 0, 0.685591, 0, 0.0428395, 1.45757, 0, 0, 0, 0, 2.53307, 0.957745, 0, 1.57485, 0.530088
1.557, 0, 0.685861, 0, 0.0444884, 1.45545, 0, 0, 0, 0, 2.53313, 0.957695, 0, 1.57529, 0.53013
1.559, 0, 0.687004, 0, 0.0444176, 1.45696, 0, 0, 0, 0, 2.53307, 0.959261, 0, 1.57542, 0.530465
1.561, 0, 0.686239, 0, 0.0430753, 1.4588, 0, 0, 0, 0, 2.53288, 0.959643, 0, 1.57509, 0.530448
1.563, 0, 0.685278, 0, 0.0442003, 1.4547, 0, 0, 0, 0, 2.53229, 0.959159, 0, 1.57506, 0.530426
1.564, 0, 0.687213, 0, 0.0448619, 1.45769, 0, 0, 0, 0, 2.53222, 0.959776, 0, 1.57627, 0.530652
1.566, 0, 0.685844, 0, 0.0428725, 1.45826, 0, 0, 0, 0, 2.53181, 0.960389, 0, 1.5751, 0.530704
1.568, 0, 0.685482, 0, 0.0444249, 1.45549, 0, 0, 0, 0, 2.53176, 0.96074, 0, 1.5751, 0.530761
1.57, 0, 0.686941, 0, 0.0444671, 1.45746, 0, 0, 0, 0, 2.53199, 0.963807, 0, 1.57537, 0.531078
1.571, 0, 0.686016, 0, 0.0440327, 1.45585, 0, 0, 0, 0, 2.53176, 0.964405, 0, 1.57471, 0.531083
1.573, 0, 0.686798, 0, 0.0432202, 1.46001, 0, 0, 0, 0, 2.53092, 0.965398, 0, 1.57355, 0.531271
1.575, 0, 0.684649, 0, 0.0440927, 1.45419, 0, 0, 0, 0, 2.53078, 0.965932, 0, 1.57326, 0.5308
1.577, 0, 0.687661, 0, 0.0433261, 1.46147, 0, 0, 0, 0, 2.53099, 0.968098, 0, 1.57412, 0.531385
1.578, 0, 0.684172, 0, 0.0421559, 1.45627, 0, 0, 0, 0, 2.53028, 0.968507, 0, 1.57183, 0.531172
1.579, 0, 0.686314, 0, 0.044969, 1.45715, 0, 0, 0, 0, 2.53091, 0.968453, 0, 1.57439, 0.531159
1.581, 0, 0.6861, 0, 0.0443268, 1.4565, 0, 0, 0, 0, 2.5307, 0.970305, 0, 1.57365, 0.531326
1.583, 0, 0.686462, 0, 0.04303, 1.45968, 0, 0, 0, 0, 2.53066, 0.972109, 0, 1.57371, 0.53159
1.585, 0, 0.684757, 0, 0.044307, 1.45481, 0, 0, 0, 0, 2.52862, 0.972706, 0, 1.57341, 0.531143
1.586, 0, 0.687082, 0, 0.0450593, 1.45836, 0, 0, 0, 0, 2.52903, 0.973813, 0, 1.57489, 0.531399
1.588, 0, 0.685436, 0, 0.0441694, 1.45558, 0, 0, 0, 0, 2.52852, 0.975197, 0, 1.57353, 0.53147
1.59, 0, 0.68688, 0, 0.0433295, 1.46076, 0, 0, 0, 0, 2.5286, 0.975393, 0, 1.57408, 0.53253
1.592, 0, 0.684218, 0, 0.0440707, 1.454, 0, 0, 0, 0, 2.52843, 0.972488, 0, 1.57358, 0.532272
1.593, 0, 0.68742, 0, 0.045242, 1.45898, 0, 0, 0, 0, 2.52899, 0.973332, 0, 1.57565, 0.532582
1.595, 0, 0.685088, 0, 0.0430328, 1.45844, 0, 0, 0, 0, 2.52834, 0.975522, 0, 1.57369, 0.532618
1.597, 0, 0.685357, 0, 0.0443819, 1.4562, 0, 0, 0, 0, 2.52837, 0.976378, 0, 1.57396, 0.532799
1.599, 0, 0.686519, 0, 0.0444392, 1.45772, 0, 0, 0, 0, 2.52834, 0.978691, 0, 1.5741, 0.533133
1.6, 0, 0.685829, 0, 0.0428348, 1.45936, 0, 0, 0, 0, 2.52816, 0.979895, 0, 1.57357, 0.533154
1.602, 0, 0.684938, 0, 0.0429272, 1.4582, 0, 0, 0, 0, 2.52818, 0.979561, 0, 1.57379, 0.533092
1.604, 0, 0.685483, 0, 0.0443988, 1.45645, 0, 0, 0, 0, 2.52823, 0.981228, 0, 1.57404, 0.533334
1.606, 0, 0.686353, 0, 0.0446066, 1.45791, 0, 0, 0, 0, 2.52818, 0.983191, 0, 1.57404, 0.533618
1.607, 0, 0.685727, 0, 0.0429441, 1.45961, 0, 0, 0, 0, 2.52754, 0.977773, 0, 1.57366, 0.533656
1.609, 0, 0.684775, 0, 0.0442272, 1.4555, 0, 0, 0, 0, 2.52755, 0.978195, 0, 1.5738, 0.533595
1.611, 0, 0.686913, 0, 0.0432721, 1.46141, 0, 0, 0, 0, 2.52767, 0.980181, 0, 1.57433, 0.534055
1.613, 0, 0.683859, 0, 0.0427462, 1.45697, 0, 0, 0, 0, 2.52734, 0.979207, 0, 1.57353, 0.533737
1.614, 0, 0.685906, 0, 0.0450241, 1.45768, 0, 0, 0, 0, 2.52777, 0.980051, 0, 1.57498, 0.533947
1.616, 0, 0.685708, 0, 0.0443907, 1.4571, 0, 0, 0, 0, 2.52745, 0.981722, 0, 1.57404, 0.534253
1.618, 0, 0.686025, 0, 0.0432691, 1.46053, 0, 0, 0, 0, 2.5274, 0.983732, 0, 1.57396, 0.533304
1.62, 0, 0.684263, 0, 0.0441961, 1.45512, 0, 0, 0, 0, 2.52727, 0.984687, 0, 1.57366, 0.533158
1.621, 0, 0.686829, 0, 0.0451094, 1.45906, 0, 0, 0, 0, 2.52777, 0.985749, 0, 1.5753, 0.533285
1.623, 0, 0.685023, 0, 0.0429125, 1.4589, 0, 0, 0, 0, 2.52728, 0.987653, 0, 1.57359, 0.533361
1.625, 0, 0.685051, 0, 0.0445396, 1.45663, 0, 0, 0, 0, 2.52732, 0.989599, 0, 1.57369, 0.533445
1.627, 0, 0.686255, 0, 0.0445157, 1.45814, 0, 0, 0, 0, 2.52738, 0.991944, 0, 1.57392, 0.533745
1.628, 0, 0.685577, 0, 0.0428951, 1.45978, 0, 0, 0, 0, 2.52721, 0.992832, 0, 1.57341, 0.533746
1.63, 0, 0.684627, 0, 0.0444303, 1.45599, 0, 0, 0, 0, 2.52731, 0.992824, 0, 1.57354, 0.533589
1.631, 0, 0.686443, 0, 0.0449809, 1.4587, 0, 0, 0, 0, 2.52766, 0.993834, 0, 1.5747, 0.533775
1.633, 0, 0.685195, 0, 0.04426, 1.45648, 0, 0, 0, 0, 2.52677, 0.995603, 0, 1.57363, 0.533846
1.635, 0, 0.68635, 0, 0.043356, 1.46117, 0, 0, 0, 0, 2.52698, 0.980722, 0, 1.57401, 0.534094
1.636, 0, 0.68411, 0, 0.043906, 1.45497, 0, 0, 0, 0, 2.52661, 0.980234, 0, 1.5726, 0.533978
1.638, 0, 0.687179, 0, 0.0446865, 1.45932, 0, 0, 0, 0, 2.52712, 0.980829, 0, 1.57413, 0.534346
1.64, 0, 0.684976, 0, 0.04285, 1.45852, 0, 0, 0, 0, 2.52677, 0.980584, 0, 1.57342, 0.534104
1.642, 0, 0.685308, 0, 0.0445891, 1.45675, 0, 0, 0, 0, 2.52683, 0.981278, 0, 1.5737, 0.53422
1.643, 0, 0.686157, 0, 0.044749, 1.45795, 0, 0, 0, 0, 2.52694, 0.981867, 0, 1.57417, 0.534341
1.645, 0, 0.685635, 0, 0.0430624, 1.45975, 0, 0, 0, 0, 2.52676, 0.981665, 0, 1.57364, 0.5344
1.647, 0, 0.684632, 0, 0.0444657, 1.45595, 0, 0, 0, 0, 2.5267, 0.98167, 0, 1.57347, 0.534316
1.649, 0, 0.686613, 0, 0.0446245, 1.4587, 0, 0, 0, 0, 2.52687, 0.983754, 0, 1.57395, 0.534702
1.65, 0, 0.685319, 0, 0.044041, 1.45649, 0, 0, 0, 0, 2.52657, 0.984293, 0, 1.573, 0.53466
1.652, 0, 0.686382, 0, 0.0433482, 1.46104, 0, 0, 0, 0, 2.52676, 0.986977, 0, 1.57367, 0.534744
1.654, 0, 0.684029, 0, 0.0441795, 1.45474, 0, 0, 0, 0, 2.52664, 0.986834, 0, 1.57211, 0.534559
1.656, 0, 0.687262, 0, 0.0447283, 1.45944, 0, 0, 0, 0, 2.52698, 0.989927, 0, 1.57295, 0.535125
1.657, 0, 0.685055, 0, 0.0425141, 1.45868, 0, 0, 0, 0, 2.52648, 0.990823, 0, 1.57246, 0.534773
1.659, 0, 0.685252, 0, 0.0432803, 1.45957, 0, 0, 0, 0, 2.52639, 0.991975, 0, 1.57356, 0.534646
1.661, 0, 0.68476, 0, 0.0444167, 1.4562, 0, 0, 0, 0, 2.52642, 0.993563, 0, 1.57359, 0.534662
1.662, 0, 0.686349, 0, 0.0449221, 1.45863, 0, 0, 0, 0, 2.52673, 0.994641, 0, 1.57454, 0.534818
1.664, 0, 0.685222, 0, 0.0442997, 1.45664, 0, 0, 0, 0, 2.52643, 0.996542, 0, 1.57354, 0.534846
1.665, 0, 0.686176, 0, 0.044643, 1.45799, 0, 0, 0, 0, 2.52663, 0.997542, 0, 1.57411, 0.53493
1.666, 0, 0.685648, 0, 0.0429759, 1.45986, 0, 0, 0, 0, 2.52645, 0.998661, 0, 1.57346, 0.534991
1.668, 0, 0.684592, 0, 0.0432064, 1.45885, 0, 0, 0, 0, 2.52636, 1.00266, 0, 1.57341, 0.534814
1.67, 0, 0.685091, 0, 0.0445434, 1.45698, 0, 0, 0, 0, 2.52593, 1.00479, 0, 1.57264, 0.5352
1.672, 0, 0.686056, 0, 0.0445399, 1.45821, 0, 0, 0, 0, 2.52598, 1.00727, 0, 1.5726, 0.535417
1.673, 0, 0.685481, 0, 0.0442552, 1.45714, 0, 0, 0, 0, 2.52584, 1.00855, 0, 1.5732, 0.535166
1.675, 0, 0.686022, 0, 0.0433477, 1.46088, 0, 0, 0, 0, 2.52604, 1.01048, 0, 1.57363, 0.535214
1.677, 0, 0.684093, 0, 0.0442659, 1.45522, 0, 0, 0, 0, 2.52593, 1.01098, 0, 1.57335, 0.534985
1.679, 0, 0.686973, 0, 0.0449616, 1.45954, 0, 0, 0, 0, 2.52636, 1.01353, 0, 1.57409, 0.535466
1.68, 0, 0.684943, 0, 0.0440028, 1.45612, 0, 0, 0, 0, 2.52586, 1.01407, 0, 1.57264, 0.53537
1.682, 0, 0.686558, 0, 0.0447557, 1.45857, 0, 0, 0, 0, 2.52626, 1.01506, 0, 1.57374, 0.535464
1.684, 0, 0.685363, 0, 0.0430595, 1.45922, 0, 0, 0, 0, 2.52619, 1.0157, 0, 1.57233, 0.535576
1.686, 0, 0.685, 0, 0.0431384, 1.45887, 0, 0, 0, 0, 2.52626, 1.01658, 0, 1.5735, 0.535318
1.687, 0, 0.685097, 0, 0.0446311, 1.45646, 0, 0, 0, 0, 2.52554, 1.01708, 0, 1.57366, 0.535346
1.689, 0, 0.686358, 0, 0.044622, 1.45807, 0, 0, 0, 0, 2.52566, 1.0188, 0, 1.57385, 0.535616
1.691, 0, 0.685547, 0, 0.0432634, 1.45974, 0, 0, 0, 0, 2.52557, 1.01968, 0, 1.5735, 0.535468
1.693, 0, 0.684679, 0, 0.0443997, 1.45569, 0, 0, 0, 0, 2.52655, 1.02028, 0, 1.57351, 0.535384
1.694, 0, 0.686595, 0, 0.0450492, 1.4586, 0, 0, 0, 0, 2.5273, 1.0211, 0, 1.57468, 0.535552
1.696, 0, 0.685273, 0, 0.0430652, 1.45916, 0, 0, 0, 0, 2.52697, 1.02238, 0, 1.57241, 0.535794
1.697, 0, 0.684985, 0, 0.0431734, 1.459, 0, 0, 0, 0, 2.52695, 1.02281, 0, 1.57334, 0.535529
1.699, 0, 0.685025, 0, 0.0445093, 1.45638, 0, 0, 0, 0, 2.52707, 1.02385, 0, 1.57365, 0.535564
1.701, 0, 0.686384, 0, 0.0446122, 1.45816, 0, 0, 0, 0, 2.52719, 1.0255, 0, 1.57386, 0.535822
1.702, 0, 0.685575, 0, 0.0429582, 1.45959, 0, 0, 0, 0, 2.52703, 1.02599, 0, 1.5722, 0.536021
1.704, 0, 0.68475, 0, 0.0432736, 1.4589, 0, 0, 0, 0, 2.52712, 1.02638, 0, 1.57337, 0.535605
1.706, 0, 0.685086, 0, 0.0445795, 1.45675, 0, 0, 0, 0, 2.52731, 1.02617, 0, 1.57385, 0.535699
1.708, 0, 0.686188, 0, 0.0446046, 1.45817, 0, 0, 0, 0, 2.52739, 1.0273, 0, 1.57387, 0.535932
1.709, 0, 0.685525, 0, 0.0442861, 1.45694, 0, 0, 0, 0, 2.52656, 1.02761, 0, 1.57337, 0.535909
1.711, 0, 0.686164, 0, 0.0432137, 1.46043, 0, 0, 0, 0, 2.52677, 1.02857, 0, 1.57268, 0.536239
1.713, 0, 0.684327, 0, 0.0431949, 1.45818, 0, 0, 0, 0, 2.52613, 1.03014, 0, 1.57348, 0.535718
1.715, 0, 0.685457, 0, 0.0446679, 1.45725, 0, 0, 0, 0, 2.526, 1.03147, 0, 1.57399, 0.535953
1.716, 0, 0.685891, 0, 0.0446998, 1.45782, 0, 0, 0, 0, 2.52606, 1.03212, 0, 1.57413, 0.536022
1.718, 0, 0.685647, 0, 0.044446, 1.45712, 0, 0, 0, 0, 2.52602, 1.03305, 0, 1.5738, 0.536063
1.72, 0, 0.686026, 0, 0.0433995, 1.46061, 0, 0, 0, 0, 2.52612, 1.03406, 0, 1.5726, 0.536539
1.722, 0, 0.684196, 0, 0.0445219, 1.45546, 0, 0, 0, 0, 2.52603, 1.03423, 0, 1.5733, 0.536068
1.725, 0, 0.686883, 0, 0.044655, 1.45898, 0, 0, 0, 0, 2.52629, 1.03664, 0, 1.57385, 0.536568
1.727, 0, 0.685148, 0, 0.0429744, 1.45881, 0, 0, 0, 0, 2.5262, 1.03666, 0, 1.57348, 0.536314
1.729, 0, 0.685163, 0, 0.0446668, 1.45652, 0, 0, 0, 0, 2.52636, 1.03733, 0, 1.57373, 0.541265
1.73, 0, 0.68626, 0, 0.0449306, 1.4581, 0, 0, 0, 0, 2.52648, 1.03787, 0, 1.57434, 0.541374
1.732, 0, 0.685557, 0, 0.0431667, 1.45963, 0, 0, 0, 0, 2.52632, 1.03869, 0, 1.57268, 0.541565
1.733, 0, 0.68478, 0, 0.0443619, 1.45582, 0, 0, 0, 0, 2.52622, 1.0389, 0, 1.57222, 0.541493
1.735, 0, 0.686681, 0, 0.0448849, 1.45879, 0, 0, 0, 0, 2.52651, 1.04012, 0, 1.574, 0.541471
1.737, 0, 0.685225, 0, 0.0430824, 1.4591, 0, 0, 0, 0, 2.5264, 1.04028, 0, 1.57363, 0.541228
1.738, 0, 0.685025, 0, 0.0445088, 1.45624, 0, 0, 0, 0, 2.52646, 1.04049, 0, 1.57365, 0.541183
1.74, 0, 0.686532, 0, 0.0433921, 1.46115, 0, 0, 0, 0, 2.52673, 1.03764, 0, 1.5731, 0.541614
1.742, 0, 0.683957, 0, 0.0442418, 1.4546, 0, 0, 0, 0, 2.52653, 1.037, 0, 1.57236, 0.541204
1.744, 0, 0.687327, 0, 0.0437649, 1.46279, 0, 0, 0, 0, 2.52418, 1.03821, 0, 1.57438, 0.541428
1.745, 0, 0.683393, 0, 0.0436065, 1.45396, 0, 0, 0, 0, 2.52328, 1.03787, 0, 1.57174, 0.541129
1.747, 0, 0.687702, 0, 0.0449065, 1.46022, 0, 0, 0, 0, 2.52427, 1.03872, 0, 1.57434, 0.541416
1.749, 0, 0.684497, 0, 0.0441456, 1.45501, 0, 0, 0, 0, 2.52396, 1.0381, 0, 1.57236, 0.541145
1.751, 0, 0.687179, 0, 0.0436618, 1.46207, 0, 0, 0, 0, 2.52444, 1.02967, 0, 1.5742, 0.541209
1.752, 0, 0.683816, 0, 0.0424856, 1.45703, 0, 0, 0, 0, 2.52377, 1.02917, 0, 1.57213, 0.540949
1.754, 0, 0.686134, 0, 0.0447788, 1.45796, 0, 0, 0, 0, 2.52445, 1.02865, 0, 1.57428, 0.540972
1.756, 0, 0.685633, 0, 0.0444975, 1.45701, 0, 0, 0, 0, 2.52435, 1.02846, 0, 1.57286, 0.541106
1.758, 0, 0.686147, 0, 0.0432724, 1.46044, 0, 0, 0, 0, 2.52442, 1.0286, 0, 1.57394, 0.540905
1.759, 0, 0.684489, 0, 0.0428602, 1.45814, 0, 0, 0, 0, 2.52413, 1.02849, 0, 1.57297, 0.540626
1.761, 0, 0.685516, 0, 0.0446552, 1.45709, 0, 0, 0, 0, 2.52451, 1.0286, 0, 1.57392, 0.540618
1.763, 0, 0.68602, 0, 0.0447937, 1.45801, 0, 0, 0, 0, 2.52459, 1.02927, 0, 1.57304, 0.54087
1.765, 0, 0.685607, 0, 0.0432309, 1.45998, 0, 0, 0, 0, 2.5246, 1.02959, 0, 1.57383, 0.540528
1.766, 0, 0.684625, 0, 0.0443486, 1.45586, 0, 0, 0, 0, 2.52449, 1.02973, 0, 1.57336, 0.540419
1.768, 0, 0.686723, 0, 0.0434823, 1.46168, 0, 0, 0, 0, 2.52488, 1.0308, 0, 1.57415, 0.540631
1.77, 0, 0.683709, 0, 0.0429678, 1.45733, 0, 0, 0, 0, 2.5247, 1.03042, 0, 1.5726, 0.540344
1.772, 0, 0.685879, 0, 0.0448008, 1.45809, 0, 0, 0, 0, 2.52507, 1.03175, 0, 1.57428, 0.540408
1.774, 0, 0.685512, 0, 0.0432512, 1.46018, 0, 0, 0, 0, 2.52503, 1.03242, 0, 1.57399, 0.540313
1.776, 0, 0.684375, 0, 0.0446246, 1.45617, 0, 0, 0, 0, 2.52505, 1.03226, 0, 1.57371, 0.54013
1.778, 0, 0.686474, 0, 0.0448116, 1.45907, 0, 0, 0, 0, 2.52269, 1.03311, 0, 1.57429, 0.540452
1.78, 0, 0.68503, 0, 0.0431131, 1.45943, 0, 0, 0, 0, 2.52264, 1.03311, 0, 1.57381, 0.54018
1.781, 0, 0.684853, 0, 0.0432938, 1.45944, 0, 0, 0, 0, 2.52273, 1.03343, 0, 1.57276, 0.540372
1.783, 0, 0.684792, 0, 0.0446082, 1.4567, 0, 0, 0, 0, 2.52279, 1.034, 0, 1.57396, 0.540082
1.785, 0, 0.686226, 0, 0.043451, 1.46151, 0, 0, 0, 0, 2.52297, 1.03506, 0, 1.57428, 0.540255
1.787, 0, 0.683743, 0, 0.0430418, 1.45792, 0, 0, 0, 0, 2.52283, 1.03483, 0, 1.57269, 0.540063
1.788, 0, 0.68539, 0, 0.0451625, 1.45797, 0, 0, 0, 0, 2.52013, 1.03462, 0, 1.57382, 0.540165
1.79, 0, 0.685501, 0, 0.0446534, 1.45784, 0, 0, 0, 0, 2.51998, 1.03568, 0, 1.57408, 0.540056
1.792, 0, 0.685598, 0, 0.0434849, 1.4609, 0, 0, 0, 0, 2.52007, 1.03695, 0, 1.57302, 0.540236
1.794, 0, 0.684023, 0, 0.0444535, 1.45575, 0, 0, 0, 0, 2.52004, 1.03723, 0, 1.57369, 0.539739
1.795, 0, 0.686463, 0, 0.0453126, 1.45948, 0, 0, 0, 0, 2.5206, 1.0377, 0, 1.5753, 0.539919
1.796, 0, 0.684924, 0, 0.0429604, 1.45974, 0, 0, 0, 0, 2.52008, 1.03849, 0, 1.5735, 0.53996
1.798, 0, 0.684633, 0, 0.0432704, 1.45951, 0, 0, 0, 0, 2.52031, 1.0385, 0, 1.57301, 0.53996
1.8, 0, 0.6847, 0, 0.0446251, 1.45695, 0, 0, 0, 0, 2.5204, 1.03868, 0, 1.57298, 0.539949
1.802, 0, 0.686052, 0, 0.0434571, 1.46158, 0, 0, 0, 0, 2.52056, 1.03964, 0, 1.57418, 0.539891
1.803, 0, 0.683835, 0, 0.0427872, 1.45834, 0, 0, 0, 0, 2.52014, 1.03967, 0, 1.57285, 0.539703
1.805, 0, 0.685334, 0, 0.0447519, 1.45788, 0, 0, 0, 0, 2.52067, 1.03992, 0, 1.57421, 0.539715
1.806, 0, 0.685548, 0, 0.0447226, 1.45806, 0, 0, 0, 0, 2.52071, 1.04023, 0, 1.57424, 0.539731
1.807, 0, 0.68549, 0, 0.0445937, 1.45778, 0, 0, 0, 0, 2.5207, 1.04049, 0, 1.57407, 0.539729
1.808, 0, 0.685651, 0, 0.0433428, 1.46074, 0, 0, 0, 0, 2.52077, 1.04068, 0, 1.57417, 0.539707
1.809, 0, 0.68424, 0, 0.0429953, 1.45877, 0, 0, 0, 0, 2.52053, 1.04073, 0, 1.57332, 0.539579
1.81, 0, 0.685046, 0, 0.0436799, 1.46034, 0, 0, 0, 0, 2.52091, 1.04062, 0, 1.57335, 0.539728
1.812, 0, 0.684291, 0, 0.0446031, 1.45647, 0, 0, 0, 0, 2.52086, 1.04095, 0, 1.57292, 0.539673
1.814, 0, 0.686276, 0, 0.0448175, 1.45921, 0, 0, 0, 0, 2.52109, 1.04206, 0, 1.57429, 0.539724
1.815, 0, 0.684988, 0, 0.0442435, 1.45697, 0, 0, 0, 0, 2.52081, 1.04221, 0, 1.57341, 0.539626
1.817, 0, 0.686105, 0, 0.0433661, 1.46114, 0, 0, 0, 0, 2.52116, 1.0425, 0, 1.57421, 0.53963
1.819, 0, 0.683922, 0, 0.0432783, 1.45833, 0, 0, 0, 0, 2.52107, 1.04206, 0, 1.57276, 0.539483
1.821, 0, 0.685339, 0, 0.0448156, 1.45782, 0, 0, 0, 0, 2.52134, 1.04287, 0, 1.57423, 0.539459
1.824, 0, 0.685609, 0, 0.0445934, 1.45775, 0, 0, 0, 0, 2.52137, 1.04361, 0, 1.57402, 0.539478
1.826, 0, 0.68567, 0, 0.0434807, 1.46073, 0, 0, 0, 0, 2.52147, 1.04391, 0, 1.57307, 0.539655
1.828, 0, 0.684102, 0, 0.0446645, 1.45597, 0, 0, 0, 0, 2.52142, 1.04364, 0, 1.57372, 0.539172
1.829, 0, 0.686378, 0, 0.0453755, 1.45942, 0, 0, 0, 0, 2.52195, 1.04399, 0, 1.57526, 0.539344
1.831, 0, 0.684779, 0, 0.0444838, 1.45668, 0, 0, 0, 0, 2.52158, 1.04446, 0, 1.57394, 0.539261
1.833, 0, 0.686232, 0, 0.0434459, 1.46145, 0, 0, 0, 0, 2.52182, 1.0452, 0, 1.57327, 0.539658
1.835, 0, 0.683713, 0, 0.0445268, 1.45527, 0, 0, 0, 0, 2.52162, 1.04464, 0, 1.57336, 0.539061
1.836, 0, 0.68667, 0, 0.0455329, 1.45979, 0, 0, 0, 0, 2.52231, 1.045, 0, 1.57539, 0.539272
1.838, 0, 0.684602, 0, 0.043168, 1.45921, 0, 0, 0, 0, 2.52182, 1.04546, 0, 1.57373, 0.539165
1.84, 0, 0.684838, 0, 0.0448256, 1.45727, 0, 0, 0, 0, 2.52199, 1.04573, 0, 1.57291, 0.539375
1.842, 0, 0.685875, 0, 0.0447604, 1.45852, 0, 0, 0, 0, 2.52211, 1.04642, 0, 1.57297, 0.539523
1.843, 0, 0.685292, 0, 0.044458, 1.45742, 0, 0, 0, 0, 2.52198, 1.04653, 0, 1.57251, 0.539473
1.845, 0, 0.685843, 0, 0.0435339, 1.46116, 0, 0, 0, 0, 2.52217, 1.04675, 0, 1.57288, 0.539439
1.847, 0, 0.683916, 0, 0.0444459, 1.45547, 0, 0, 0, 0, 2.5221, 1.04629, 0, 1.57257, 0.539134
1.849, 0, 0.686862, 0, 0.0436463, 1.46258, 0, 0, 0, 0, 2.52247, 1.04755, 0, 1.57335, 0.539545
1.85, 0, 0.683457, 0, 0.0425009, 1.45748, 0, 0, 0, 0, 2.52175, 1.04745, 0, 1.57112, 0.539291
1.851, 0, 0.685561, 0, 0.0452861, 1.45826, 0, 0, 0, 0, 2.52255, 1.04687, 0, 1.5736, 0.539153
1.853, 0, 0.685401, 0, 0.044653, 1.45763, 0, 0, 0, 0, 2.52242, 1.04746, 0, 1.5729, 0.539293
1.855, 0, 0.68576, 0, 0.0433524, 1.46074, 0, 0, 0, 0, 2.52251, 1.04779, 0, 1.57296, 0.539311
1.857, 0, 0.684092, 0, 0.0446296, 1.45587, 0, 0, 0, 0, 2.52243, 1.0474, 0, 1.57259, 0.539033
1.858, 0, 0.68642, 0, 0.0453834, 1.4594, 0, 0, 0, 0, 2.52296, 1.0477, 0, 1.5741, 0.539203
1.86, 0, 0.684811, 0, 0.0432176, 1.45953, 0, 0, 0, 0, 2.52257, 1.04805, 0, 1.57276, 0.539125
1.862, 0, 0.684678, 0, 0.0447976, 1.45703, 0, 0, 0, 0, 2.52267, 1.04814, 0, 1.57283, 0.539068
1.864, 0, 0.686, 0, 0.0447992, 1.45872, 0, 0, 0, 0, 2.52283, 1.04884, 0, 1.5731, 0.539262
1.865, 0, 0.685208, 0, 0.0444131, 1.45729, 0, 0, 0, 0, 2.52266, 1.04891, 0, 1.5725, 0.539203
1.867, 0, 0.685912, 0, 0.0435533, 1.46127, 0, 0, 0, 0, 2.52288, 1.04906, 0, 1.574, 0.538966
1.869, 0, 0.683862, 0, 0.0444411, 1.45539, 0, 0, 0, 0, 2.52278, 1.0485, 0, 1.57369, 0.538647
1.871, 0, 0.686879, 0, 0.0449355, 1.45972, 0, 0, 0, 0, 2.52314, 1.04946, 0, 1.57446, 0.539083
1.872, 0, 0.684852, 0, 0.0427902, 1.45923, 0, 0, 0, 0, 2.52266, 1.04953, 0, 1.57301, 0.538937
1.873, 0, 0.684898, 0, 0.043365, 1.45961, 0, 0, 0, 0, 2.52292, 1.04906, 0, 1.57377, 0.538738
1.875, 0, 0.684683, 0, 0.0448218, 1.45694, 0, 0, 0, 0, 2.52305, 1.04894, 0, 1.5739, 0.53869
1.877, 0, 0.686079, 0, 0.0448217, 1.45877, 0, 0, 0, 0, 2.52324, 1.04969, 0, 1.57315, 0.539124
1.879, 0, 0.685145, 0, 0.0445058, 1.45702, 0, 0, 0, 0, 2.52315, 1.04959, 0, 1.57274, 0.53897
1.88, 0, 0.685986, 0, 0.0448161, 1.45818, 0, 0, 0, 0, 2.52337, 1.04971, 0, 1.57329, 0.539015
1.882, 0, 0.685464, 0, 0.0434587, 1.4603, 0, 0, 0, 0, 2.52327, 1.04991, 0, 1.57281, 0.538972
1.884, 0, 0.684332, 0, 0.0447355, 1.45624, 0, 0, 0, 0, 2.52327, 1.04962, 0, 1.57267, 0.538784
1.886, 0, 0.686445, 0, 0.0448942, 1.45918, 0, 0, 0, 0, 2.52354, 1.05053, 0, 1.57322, 0.539102
1.887, 0, 0.68505, 0, 0.0442611, 1.45682, 0, 0, 0, 0, 2.52321, 1.05056, 0, 1.57319, 0.538787
1.889, 0, 0.686183, 0, 0.0435915, 1.46148, 0, 0, 0, 0, 2.52354, 1.05063, 0, 1.57406, 0.538791
1.891, 0, 0.683772, 0, 0.0444073, 1.45509, 0, 0, 0, 0, 2.5234, 1.0499, 0, 1.57362, 0.538428
1.892, 0, 0.686798, 0, 0.0455145, 1.45977, 0, 0, 0, 0, 2.52411, 1.05019, 0, 1.5746, 0.538889
1.894, 0, 0.684627, 0, 0.0431688, 1.45909, 0, 0, 0, 0, 2.52355, 1.05051, 0, 1.57271, 0.538775
1.895, 0, 0.684928, 0, 0.0435088, 1.45988, 0, 0, 0, 0, 2.52368, 1.0505, 0, 1.573, 0.538759
1.897, 0, 0.684514, 0, 0.0446456, 1.4566, 0, 0, 0, 0, 2.52368, 1.05059, 0, 1.57284, 0.538732
1.899, 0, 0.686237, 0, 0.0435417, 1.46185, 0, 0, 0, 0, 2.52387, 1.05134, 0, 1.57422, 0.53875
1.901, 0, 0.683479, 0, 0.044545, 1.45533, 0, 0, 0, 0, 2.52364, 1.0505, 0, 1.57246, 0.538544
1.902, 0, 0.686604, 0, 0.0456149, 1.46012, 0, 0, 0, 0, 2.52561, 1.05059, 0, 1.57549, 0.538574
1.904, 0, 0.684384, 0, 0.0444673, 1.45642, 0, 0, 0, 0, 2.52507, 1.05089, 0, 1.57274, 0.538681
1.906, 0, 0.686309, 0, 0.0437218, 1.46229, 0, 0, 0, 0, 2.52532, 1.05159, 0, 1.57299, 0.53894
1.908, 0, 0.683294, 0, 0.0443679, 1.45492, 0, 0, 0, 0, 2.52507, 1.05066, 0, 1.57231, 0.538488
1.909, 0, 0.686788, 0, 0.045651, 1.46033, 0, 0, 0, 0, 2.52586, 1.05094, 0, 1.57557, 0.538536
1.911, 0, 0.684267, 0, 0.0433437, 1.45942, 0, 0, 0, 0, 2.52522, 1.05124, 0, 1.57335, 0.538266
1.913, 0, 0.684734, 0, 0.044734, 1.45739, 0, 0, 0, 0, 2.52541, 1.05138, 0, 1.5727, 0.538538
1.915, 0, 0.685786, 0, 0.0447637, 1.45868, 0, 0, 0, 0, 2.52551, 1.05191, 0, 1.57278, 0.538693
1.916, 0, 0.685216, 0, 0.0431999, 1.46047, 0, 0, 0, 0, 2.52538, 1.05192, 0, 1.57233, 0.53864
1.917, 0, 0.684301, 0, 0.0431629, 1.45929, 0, 0, 0, 0, 2.5253, 1.05166, 0, 1.57201, 0.538497
1.919, 0, 0.684834, 0, 0.0447223, 1.45735, 0, 0, 0, 0, 2.52555, 1.05162, 0, 1.57363, 0.538276
1.92, 0, 0.685751, 0, 0.0449689, 1.45864, 0, 0, 0, 0, 2.52574, 1.05181, 0, 1.57419, 0.538347
1.922, 0, 0.685142, 0, 0.044773, 1.45772, 0, 0, 0, 0, 2.5256, 1.05197, 0, 1.5726, 0.538525
1.923, 0, 0.685641, 0, 0.0435652, 1.46117, 0, 0, 0, 0, 2.52572, 1.05202, 0, 1.57287, 0.538548
1.925, 0, 0.683865, 0, 0.0444828, 1.45573, 0, 0, 0, 0, 2.52559, 1.05156, 0, 1.57235, 0.538306
1.927, 0, 0.68669, 0, 0.0436603, 1.46262, 0, 0, 0, 0, 2.52592, 1.05261, 0, 1.57306, 0.538708
1.929, 0, 0.683083, 0, 0.0444671, 1.45476, 0, 0, 0, 0, 2.52555, 1.0515, 0, 1.57307, 0.537932
1.93, 0, 0.686841, 0, 0.0457911, 1.46053, 0, 0, 0, 0, 2.52642, 1.05176, 0, 1.5756, 0.538246
1.931, 0, 0.684418, 0, 0.0441302, 1.45647, 0, 0, 0, 0, 2.52559, 1.05258, 0, 1.57181, 0.53854
1.933, 0, 0.686288, 0, 0.0437158, 1.46229, 0, 0, 0, 0, 2.52597, 1.05272, 0, 1.57281, 0.538589
1.935, 0, 0.683293, 0, 0.0443727, 1.45495, 0, 0, 0, 0, 2.52574, 1.05172, 0, 1.57213, 0.538139
1.937, 0, 0.687074, 0, 0.0450364, 1.46041, 0, 0, 0, 0, 2.5262, 1.05307, 0, 1.57316, 0.538692
1.938, 0, 0.684509, 0, 0.04267, 1.45905, 0, 0, 0, 0, 2.52561, 1.05029, 0, 1.57234, 0.538299
1.94, 0, 0.684974, 0, 0.0448301, 1.45738, 0, 0, 0, 0, 2.52606, 1.04945, 0, 1.57264, 0.53833
1.942, 0, 0.685863, 0, 0.0447754, 1.45838, 0, 0, 0, 0, 2.52615, 1.04968, 0, 1.57277, 0.538475
1.944, 0, 0.685383, 0, 0.0432967, 1.46019, 0, 0, 0, 0, 2.52611, 1.04943, 0, 1.57264, 0.53838
1.947, 0, 0.684363, 0, 0.0448299, 1.45664, 0, 0, 0, 0, 2.52616, 1.0489, 0, 1.57262, 0.538194
1.948, 0, 0.68605, 0, 0.045289, 1.45918, 0, 0, 0, 0, 2.5265, 1.04911, 0, 1.57358, 0.538344
1.95, 0, 0.684878, 0, 0.0445642, 1.4571, 0, 0, 0, 0, 2.52618, 1.04923, 0, 1.57255, 0.538429
1.952, 0, 0.685973, 0, 0.0447232, 1.45842, 0, 0, 0, 0, 2.52634, 1.04957, 0, 1.57278, 0.538574
1.953, 0, 0.685381, 0, 0.0431749, 1.46019, 0, 0, 0, 0, 2.52621, 1.04955, 0, 1.57234, 0.538525
1.955, 0, 0.6844, 0, 0.0434358, 1.45923, 0, 0, 0, 0, 2.52627, 1.04899, 0, 1.57349, 0.538071
1.957, 0, 0.684866, 0, 0.0447694, 1.45728, 0, 0, 0, 0, 2.52642, 1.0492, 0, 1.57276, 0.538373
1.959, 0, 0.68587, 0, 0.0447708, 1.45854, 0, 0, 0, 0, 2.5265, 1.0497, 0, 1.57281, 0.53842
1.961, 0, 0.685237, 0, 0.0434671, 1.4605, 0, 0, 0, 0, 2.52642, 1.04953, 0, 1.57348, 0.53808
1.963, 0, 0.684229, 0, 0.0445793, 1.45622, 0, 0, 0, 0, 2.52646, 1.04914, 0, 1.57257, 0.538141
1.964, 0, 0.686253, 0, 0.0452753, 1.45931, 0, 0, 0, 0, 2.5269, 1.04935, 0, 1.57377, 0.538305
1.966, 0, 0.684849, 0, 0.0432523, 1.45974, 0, 0, 0, 0, 2.52653, 1.04953, 0, 1.57253, 0.538239
1.967, 0, 0.684621, 0, 0.0433853, 1.45968, 0, 0, 0, 0, 2.52654, 1.04944, 0, 1.57247, 0.538193
1.969, 0, 0.684616, 0, 0.0446983, 1.45698, 0, 0, 0, 0, 2.52663, 1.04943, 0, 1.57368, 0.537965
1.971, 0, 0.686038, 0, 0.0435376, 1.46174, 0, 0, 0, 0, 2.52678, 1.05, 0, 1.57292, 0.5384
1.973, 0, 0.683529, 0, 0.0445932, 1.45558, 0, 0, 0, 0, 2.52656, 1.04916, 0, 1.57222, 0.538015
1.974, 0, 0.68648, 0, 0.0455923, 1.46008, 0, 0, 0, 0, 2.52723, 1.04937, 0, 1.57416, 0.538264
1.976, 0, 0.684396, 0, 0.0444954, 1.45657, 0, 0, 0, 0, 2.52668, 1.04957, 0, 1.57347, 0.537941
1.978, 0, 0.686226, 0, 0.0437337, 1.46227, 0, 0, 0, 0, 2.52693, 1.05014, 0, 1.57292, 0.538394
1.98, 0, 0.683295, 0, 0.0443978, 1.45502, 0, 0, 0, 0, 2.52667, 1.04914, 0, 1.5722, 0.537964
1.981, 0, 0.686735, 0, 0.04566, 1.46033, 0, 0, 0, 0, 2.52745, 1.04938, 0, 1.57445, 0.538251
1.982, 0, 0.684527, 0, 0.0428841, 1.45951, 0, 0, 0, 0, 2.52667, 1.05011, 0, 1.57186, 0.538319
1.984, 0, 0.684667, 0, 0.0448545, 1.45744, 0, 0, 0, 0, 2.5269, 1.04965, 0, 1.57362, 0.537917
1.986, 0, 0.685774, 0, 0.0448174, 1.45876, 0, 0, 0, 0, 2.527, 1.05007, 0, 1.57285, 0.538315
1.988, 0, 0.685145, 0, 0.0432968, 1.46031, 0, 0, 0, 0, 2.52694, 1.04987, 0, 1.57257, 0.538207
1.989, 0, 0.684391, 0, 0.0432358, 1.45938, 0, 0, 0, 0, 2.52684, 1.04973, 0, 1.5722, 0.538129
1.991, 0, 0.684787, 0, 0.0447354, 1.45726, 0, 0, 0, 0, 2.52703, 1.04969, 0, 1.57374, 0.53792
1.992, 0, 0.68579, 0, 0.0450159, 1.4587, 0, 0, 0, 0, 2.52724, 1.04985, 0, 1.57334, 0.538227
1.994, 0, 0.685133, 0, 0.043512, 1.46061, 0, 0, 0, 0, 2.52705, 1.04995, 0, 1.57259, 0.538187
1.996, 0, 0.684143, 0, 0.0445982, 1.45635, 0, 0, 0, 0, 2.52704, 1.04955, 0, 1.5725, 0.538038
1.997, 0, 0.686164, 0, 0.0452859, 1.45941, 0, 0, 0, 0, 2.52748, 1.04974, 0, 1.57376, 0.538203
1.999, 0, 0.684774, 0, 0.0432588, 1.45983, 0, 0, 0, 0, 2.5271, 1.04989, 0, 1.57351, 0.537922
2.001, 0, 0.684499, 0, 0.0448198, 1.45706, 0, 0, 0, 0, 2.52716, 1.04973, 0, 1.57363, 0.537857
2.003, 0, 0.685966, 0, 0.0448571, 1.45893, 0, 0, 0, 0, 2.52732, 1.05029, 0, 1.57291, 0.538269
2.004, 0, 2.09811, 0, 0, 0.412123, 0, 0, 0, 0, 4.34532, 1.39594, 0, 3.00982, 1.95874
2.005, 0, 0.62458, 0, 0, 0.257823, 0, 0, 0, 0, 2.65816, 0.934128, 0, 1.46186, 0.91338
2.007, 0, 0, 0, 0, 0.189007, 0, 0, 0, 0, 2.57584, 0.901901, 0, 1.3604, 0.807098
2.009, 0, 0, 0, 0, 0.0988543, 0, 0, 0, 0, 2.57171, 0.888547, 0, 1.32674, 0.805055
2.01, 0, 0, 0, 0, 0.0699995, 0, 0, 0, 0, 2.54417, 0.851166, 0, 1.272, 0.733659
2.012, 0, 0, 0, 0, 0.074667, 0, 0, 0, 0, 2.55239, 0.832681, 0, 1.24201, 0.716649
2.014, 0, 0, 0, 0, 0.0849536, 0, 0, 0, 0, 2.56457, 0.837238, 0, 1.20506, 0.740678
2.016, 0, 0, 0, 0, 0.0884071, 0, 0, 0, 0, 2.56806, 0.828319, 0, 1.15121, 0.753014
2.017, 0, 0, 0, 0, 0.0901861, 0, 0, 0, 0, 2.59231, 0.840291, 0, 1.1525, 0.764018
2.019, 0, 0, 0, 0, 0.0673146, 0, 0, 0, 0, 2.57705, 0.841024, 0, 1.10721, 0.779563
2.021, 0, 0, 0, 0, 0.0438607, 0, 0, 0, 0, 2.52838, 0.794171, 0, 1.02371, 0.762197
2.023, 0, 0, 0, 0, 0.0101094, 0, 0, 0, 0, 2.56334, 0.796226, 0, 1.06356, 0.766237
2.024, 0, 0, 0, 0, 0.00229786, 0, 0, 0, 0, 2.56117, 0.770823, 0, 1.05948, 0.741196
2.026, 0, 0, 0, 0, 0, 0, 0, 0, 0, 2.55526, 0.743405, 0, 1.02255, 0.739201
2.027, 0, 0, 0, 0, 0, 0, 0, 0, 0, 2.55011, 0.736547, 0, 1.00632, 0.739452
2.029, 0, 0, 0, 0, 0, 0, 0, 0, 0, 2.53649, 0.712122, 0, 0.983065, 0.763603
2.031, 0, 0, 0, 0, 0, 0, 0, 0, 0, 2.58165, 0.725093, 0, 1.05348, 0.79667
2.032, 0, 0, 0, 0, 0, 0, 0, 0, 0, 2.48507, 0.653531, 0, 0.960083, 0.767527
2.034, 0, 0, 0, 0, 0, 0, 0, 0, 0, 2.51134, 0.658557, 0, 0.978705, 0.776751
2.036, 0, 0, 0, 0, 0, 0, 0, 0, 0, 2.50745, 0.637044, 0, 0.964775, 0.782613
2.038, 0, 0, 0, 0, 0, 0, 0, 0, 0, 2.49697, 0.993712, 0, 0.972707, 0.789928
2.039, 0, 0, 0, 0, 0, 0, 0, 0.501496, 0, 2.48132, 0.914583, 0, 0.962638, 0.788251
2.04, 0, 0, 0, 0, 0, 0, 0, 0.524497, 0, 2.47318, 0.847665, 0, 0.954718, 0.789529
2.042, 0, 0, 0, 0, 0, 0, 0, 0.587773, 0, 2.4619, 0.760441, 0, 0.94161, 0.792637
2.043, 0, 0, 0, 0, 0, 0, 0, 0.552381, 0, 2.46896, 0.729538, 0, 0.93455, 0.794664
2.045, 0, 0, 0, 0, 0, 0, 0, 0.675799, 0, 2.46041, 0.679135, 0, 0.917545, 0.797708
2.046, 0, 0, 0, 0, 0, 0, 0, 0.766072, 0, 2.46242, 0.666049, 0, 0.913978, 0.800097
2.047, 0, 0, 0, 0, 0, 0, 0, 0.740732, 0, 2.45667, 0.66666, 0, 0.911263, 0.802865
2.048, 0, 0, 0, 0, 0, 0, 0, 0.73164, 0, 2.45416, 0.656319, 0, 0.905662, 0.80453
2.049, 0, 0, 0, 0, 0, 0, 0, 0.681099, 0, 2.45076, 0.650704, 0, 0.902656, 0.811104
2.05, 0, 0, 0, 0, 0, 0, 0, 0.582955, 0, 2.44834, 0.642885, 0, 0.899119, 0.812967
2.051, 0, 0, 0, 0, 0, 0, 0, 0.526078, 0, 2.43482, 0.640137, 0, 0.897708, 0.815256
2.053, 0, 0, 0, 0, 0, 0, 0, 0.454457, 0, 2.43045, 0.600552, 0, 0.888813, 0.818003
2.054, 0, 0, 0, 0, 0, 0, 0, 0.353064, 0, 2.42801, 0.597461, 0, 0.88403, 0.81933
2.056, 0, 0, 0, 0, 0, 0, 0, 0.250014, 0, 2.42489, 0.581817, 0, 0.875054, 0.821217
2.058, 0, 0, 0, 0, 0, 0, 0, 0.150733, 0, 2.41921, 0.573253, 0, 0.86515, 0.824128
2.06, 0, 0, 0, 0, 0, 0, 0, 0.108225, 0, 2.42203, 0.56035, 0, 0.860486, 0.829957
2.061, 0, 0, 0, 0, 0, 0, 0, 0.0941661, 0, 2.42236, 0.555357, 0, 0.855772, 0.830979
2.063, 0, 0, 0, 0, 0, 0, 0, 0.063061, 0, 2.41626, 0.536715, 0, 0.846048, 0.833442
2.065, 0, 0, 0, 0, 0, 0, 0, 0.0183079, 0, 2.40976, 0.521993, 0, 0.839089, 0.838543
2.067, 0, 0, 0, 0, 0, 0, 0, 0, 0, 2.40613, 0.462857, 0, 0.831521, 0.840929
2.068, 0, 0, 0, 0, 0, 0, 0, 0, 0, 2.40185, 0.457434, 0, 0.827039, 0.841823
2.07, 0, 0, 0, 0, 0, 0, 0, 0, 0, 3.86534, 1.0755, 0, 1.50124, 1.04476
2.071, 0, 0, 0, 0, 0, 0, 0, 0, 0, 2.5173, 0.614994, 0, 0.928494, 0.864389
2.073, 0, 0, 0, 0, 0, 0, 0, 0, 0, 2.41949, 0.530077, 0, 0.860408, 0.856593
2.075, 0, 0, 0, 0, 0, 0, 0, 0, 0, 2.42459, 0.531403, 0, 0.859086, 0.856238
2.076, 0, 0, 0, 0, 0, 0, 0, 0, 0, 2.42527, 0.529852, 0, 0.859142, 0.856275
2.078, 0, 0, 0, 0, 0, 0, 0, 0, 0, 2.42408, 0.526385, 0, 0.858269, 0.85687
2.08, 0, 0, 0, 0, 0, 0, 0, 0, 0, 2.42398, 0.524146, 0, 0.863821, 0.859031
2.082, 0, 0, 0, 0, 0, 0, 0, 0, 0, 2.42289, 0.521403, 0, 0.860627, 0.860256
2.085, 0, 0, 0, 0, 0, 0, 0, 0, 0, 2.42476, 0.522428, 0, 0.859857, 0.860148
2.086, 0, 0, 0, 0, 0, 0, 0, 0, 0, 2.4179, 0.512267, 0, 0.852228, 0.8615
2.088, 0, 0, 0, 0, 0, 0, 0, 0, 0, 2.42036, 0.515395, 0, 0.853027, 0.861391
2.09, 0, 0, 0, 0, 0, 0, 0, 0, 0, 2.41815, 0.370663, 0, 0.669102, 0.861211
2.091, 0, 0, 0, 0, 0, 0, 0, 0, 0, 2.62867, 0.646372, 0, 0.858665, 0.880028
2.093, 0, 0, 0, 0, 0, 0, 0, 0, 0, 2.42767, 0.508449, 0, 0.759024, 0.863712
2.095, 0, 0, 0, 0, 0, 0, 0, 0, 0, 2.41555, 0.506001, 0, 0.756661, 0.895569
2.097, 0, 0, 0, 0, 0, 0, 0, 0, 0, 2.41576, 0.50714, 0, 0.755474, 0.899553
2.098, 0, 0, 0, 0, 0, 0, 0, 0, 0, 2.41584, 0.507217, 0, 0.75382, 0.899784
2.1, 0, 0, 0, 0, 0, 0, 0, 0, 0, 2.42032, 0.507563, 0, 0.7572, 0.899443
2.102, 0, 0, 0, 0, 0, 0, 0, 0, 0, 2.41784, 0.505757, 0, 0.754723, 0.899629
2.104, 0, 0, 0, 0, 0, 0, 0, 0, 0, 2.42948, 0.508082, 0, 0.751683, 0.897714
2.105, 0, 0, 0, 0, 0, 0, 0, 0, 0, 2.4292, 0.507159, 0, 0.750459, 0.89736
2.107, 0, 0, 0, 0, 0, 0, 0, 0, 0, 2.42791, 0.505748, 0, 0.754322, 0.897307
2.109, 0, 0, 0, 0, 0, 0, 0, 0, 0, 2.43076, 0.509502, 0, 0.752039, 0.895867
2.111, 0, 0, 0, 0, 0, 0, 0, 0, 0, 2.4333, 0.508209, 0, 0.755992, 0.896098
2.112, 0, 0, 0, 0, 0, 0, 0, 0, 0, 2.4334, 0.507227, 0, 0.75448, 0.895473
2.114, 0, 0, 0, 0, 0, 0, 0, 0, 0, 2.42754, 0.505389, 0, 0.751635, 0.894928
2.116, 0, 0, 0, 0, 0, 0, 0, 0, 0, 2.42814, 0.503587, 0, 0.748528, 0.894307
2.118, 0, 0, 0, 0, 0, 0, 0, 0, 0, 2.42848, 0.500658, 0, 0.747347, 0.904014
2.119, 0, 0, 0, 0, 0, 0, 0, 0, 0, 2.43069, 0.499793, 0, 0.745995, 0.904207
2.121, 0, 0, 0, 0, 0, 0, 0, 0, 0, 2.58132, 0.603187, 0, 0.820003, 0.913051
2.122, 0, 0, 0, 0, 0, 0, 0, 0, 0, 2.43848, 0.494456, 0, 0.743972, 0.906579
2.124, 0, 0, 0, 0, 0, 0, 0, 0, 0, 2.40837, 0.457424, 0, 0.714217, 0.903851
2.126, 0, 0, 0, 0, 0, 0, 0, 0, 0, 2.40248, 0.450046, 0, 0.707592, 0.964357
2.127, 0, 0, 0, 0, 0, 0, 0, 0, 0, 2.40109, 0.44578, 0, 0.704843, 0.965002
2.129, 0, 0, 0, 0, 0, 0, 0, 0, 0, 2.59793, 0.611467, 0, 0.820775, 0.970963
2.131, 0, 0, 0, 0, 0, 0, 0, 0, 0, 2.443, 0.488792, 0, 0.733433, 0.965804
2.133, 0, 0, 0, 0, 0, 0, 0, 0, 0, 2.44181, 0.483894, 0, 0.729002, 0.966024
2.134, 0, 0, 0, 0, 0, 0, 0, 0, 0, 2.44177, 0.482512, 0, 0.72797, 0.964629
2.136, 0, 0, 0, 0, 0, 0, 0, 0, 0, 2.4438, 0.481159, 0, 0.726583, 0.965044
2.138, 0, 0, 0, 0, 0, 0, 0, 0, 0, 2.44545, 0.479471, 0, 0.729086, 0.96581
2.14, 0, 0, 0, 0, 0, 0, 0, 0, 0, 2.4463, 0.477718, 0, 0.727268, 0.96592
2.141, 0, 0, 0, 0, 0, 0, 0, 0, 0, 2.44746, 0.476598, 0, 0.726347, 0.966059
2.142, 0, 0, 0, 0, 0, 0, 0, 0, 0, 2.41964, 0.436369, 0, 0.705544, 0.966188
2.143, 0, 0, 0, 0, 0, 0, 0, 0, 0, 2.48533, 0.515908, 0, 0.74823, 0.966001
2.144, 0, 0, 0, 0, 0, 0, 0, 0, 0, 2.42002, 0.439844, 0, 0.704825, 0.965742
2.145, 0, 0, 0, 0, 0, 0, 0, 0, 0, 2.47401, 0.502627, 0, 0.740224, 0.964716
2.147, 0, 0, 0, 0, 0, 0, 0, 0, 0, 2.45158, 0.471369, 0, 0.721966, 0.964138
2.148, 0, 0, 0, 0, 0, 0, 0, 0, 0, 2.45938, 0.478249, 0, 0.727955, 0.965234
2.149, 0, 0, 0, 0, 0, 0, 0, 0, 0, 2.44098, 0.462112, 0, 0.71355, 0.963932
2.151, 0, 0, 0, 0, 0, 0, 0, 0, 0, 2.45149, 0.468311, 0, 0.718721, 0.964109
2.153, 0, 0, 0, 0, 0, 0, 0, 0, 0, 2.454, 0.468152, 0, 0.737069, 0.967368
2.155, 0, 0, 0, 0, 0, 0, 0, 0, 0, 2.45632, 0.467481, 0, 0.735915, 0.967982
2.156, 0, 0, 0, 0, 0, 0, 0, 0, 0, 2.45492, 0.466254, 0, 0.734256, 0.966865
2.158, 0, 0, 0, 0, 0, 0, 0, 0, 0, 2.45493, 0.461378, 0, 0.723982, 0.965374
2.16, 0, 0, 0, 0, 0, 0, 0, 0, 0, 2.46298, 0.464342, 0, 0.723775, 0.966212
2.162, 0, 0, 0, 0, 0, 0, 0, 0, 0, 2.45491, 0.465546, 0, 0.724696, 0.966524
2.163, 0, 0, 0, 0, 0, 0, 0, 0, 0, 2.44985, 0.457368, 0, 0.719952, 0.965154
2.164, 0, 0, 0, 0, 0, 0, 0, 0, 0, 2.45745, 0.464961, 0, 0.723321, 0.965458
2.165, 0, 0, 0, 0, 0, 0, 0, 0, 0, 2.45774, 0.464472, 0, 0.723496, 0.965669
2.167, 0, 0, 0, 0, 0, 0, 0, 0, 0, 2.44445, 0.464365, 0, 0.723081, 0.96601
2.169, 0, 0, 0, 0, 0, 0, 0, 0, 0, 2.4434, 0.462336, 0, 0.721013, 0.966172
2.17, 0, 0, 0, 0, 0, 0, 0, 0, 0, 2.44407, 0.461794, 0, 0.720247, 0.967254
2.172, 0, 0, 0, 0, 0, 0, 0, 0, 0, 2.44569, 0.461039, 0, 0.728772, 0.969039
2.173, 0, 0, 0, 0, 0, 0, 0, 0, 0, 2.38852, 0.351214, 0, 0.664595, 0.968522
2.174, 0, 0, 0, 0, 0, 0, 0, 0, 0, 2.54916, 0.565672, 0, 0.787515, 0.973197
2.176, 0, 0, 0, 0, 0, 0, 0, 0, 0, 2.44185, 0.454694, 0, 0.724083, 0.968873
2.177, 0, 0, 0, 0, 0, 0, 0, 0, 0, 2.44285, 0.454787, 0, 0.723418, 0.96881
2.179, 0, 0, 0, 0, 0, 0, 0, 0, 0, 2.44393, 0.453665, 0, 0.722347, 0.968077
2.181, 0, 0, 0, 0, 0, 0, 0, 0, 0, 2.44511, 0.452685, 0, 0.721876, 0.968265
2.183, 0, 0, 0, 0, 0, 0, 0, 0, 0, 2.4458, 0.452386, 0, 0.720871, 0.969387
2.184, 0, 0, 0, 0, 0, 0, 0, 0, 0, 2.44593, 0.451557, 0, 0.720256, 0.96943
2.186, 0, 0, 0, 0, 0, 0, 0, 0, 0, 2.44691, 0.449569, 0, 0.719159, 0.969251
2.188, 0, 0, 0, 0, 0, 0, 0, 0, 0, 2.44786, 0.447853, 0, 0.717982, 0.970152
2.19, 0, 0, 0, 0, 0, 0, 0, 0, 0, 2.44875, 0.446388, 0, 0.71666, 0.971366
2.191, 0, 0, 0, 0, 0, 0, 0, 0, 0, 2.45008, 0.445566, 0, 0.716041, 0.971362
2.193, 0, 0, 0, 0, 0, 0, 0, 0, 0, 2.45445, 0.444841, 0, 0.715342, 0.971357
2.195, 0, 0, 0, 0, 0, 0, 0, 0, 0, 2.45516, 0.443515, 0, 0.71696, 0.973143
2.197, 0, 0, 0, 0, 0, 0, 0, 0, 0, 2.45523, 0.441415, 0, 0.715661, 0.973474
2.198, 0, 0, 0, 0, 0, 0, 0, 0, 0, 2.45471, 0.440197, 0, 0.716566, 0.973791
2.2, 0, 0, 0, 0, 0, 0, 0, 0, 0, 2.45601, 0.438295, 0, 0.716089, 0.974591
2.202, 0, 0, 0, 0, 0, 0, 0, 0, 0, 2.45595, 0.433353, 0, 0.714793, 0.974827
2.204, 0, 0, 0, 0, 0, 0, 0, 0, 0, 2.45571, 0.432606, 0, 0.712244, 0.974863
2.205, 0, 0, 0, 0, 0, 0, 0, 0, 0, 2.45519, 0.431314, 0, 0.711267, 0.975152
2.207, 0, 0, 0, 0, 0, 0, 0, 0, 0, 2.45478, 0.42864, 0, 0.709819, 0.97539
2.209, 0, 0, 0, 0, 0, 0, 0, 0, 0, 2.4538, 0.426861, 0, 0.711341, 0.974606
2.211, 0, 0, 0, 0, 0, 0, 0, 0, 0, 2.45335, 0.424497, 0, 0.710335, 0.974655
2.212, 0, 0, 0, 0, 0, 0, 0, 0, 0, 2.45518, 0.424105, 0, 0.710578, 0.97666
2.214, 0, 0, 0, 0, 0, 0, 0, 0, 0, 2.45406, 0.420416, 0, 0.709504, 0.97748
2.216, 0, 0, 0, 0, 0, 0, 0, 0, 0, 2.45515, 0.41657, 0, 0.708459, 0.977269
2.218, 0, 0, 0, 0, 0, 0, 0, 0, 0, 2.45456, 0.414431, 0, 0.707302, 0.979278
2.219, 0, 0, 0, 0, 0, 0, 0, 0, 0, 2.45434, 0.413461, 0, 0.70608, 0.978931
2.221, 0, 0, 0, 0, 0, 0, 0, 0, 0, 2.45542, 0.410928, 0, 0.706691, 0.979854
2.223, 0, 0, 0, 0, 0, 0, 0, 0, 0, 2.45623, 0.410103, 0, 0.705979, 0.97901
2.225, 0, 0, 0, 0, 0, 0, 0, 0, 0, 2.45548, 0.409312, 0, 0.706979, 0.979596
2.226, 0, 0, 0, 0, 0, 0, 0, 0, 0, 2.45457, 0.409627, 0, 0.709764, 0.980114
2.228, 0, 0, 0, 0, 0, 0, 0, 0, 0, 2.45316, 0.407981, 0, 0.708907, 0.980684
2.23, 0, 0, 0, 0, 0, 0, 0, 0, 0, 2.45249, 0.406948, 0, 0.70804, 0.980736
2.232, 0, 0, 0, 0, 0, 0, 0, 0, 0, 2.46856, 0.433046, 0, 0.722353, 0.981056
2.233, 0, 0, 0, 0, 0, 0, 0, 0, 0, 2.44002, 0.375505, 0, 0.693028, 0.980103
2.235, 0, 0, 0, 0, 0, 0, 0, 0, 0, 2.45312, 0.403803, 0, 0.703049, 0.980148
2.237, 0, 0, 0, 0, 0, 0, 0, 0, 0, 2.45227, 0.396536, 0, 0.704547, 0.980835
2.238, 0, 0, 0, 0, 0, 0, 0, 0, 0, 2.49724, 0.474391, 0, 0.746755, 0.982752
2.239, 0, 0, 0, 0, 0, 0, 0, 0, 0, 2.44455, 0.361343, 0, 0.689412, 0.983168
2.24, 0, 0, 0, 0, 0, 0, 0, 0, 0, 2.43805, 0.355326, 0, 0.685047, 0.98295
2.242, 0, 0, 0, 0, 0, 0, 0, 0, 0, 2.43208, 0.35224, 0, 0.682037, 0.982796
2.244, 0, 0, 0, 0, 0, 0, 0, 0, 0, 2.46331, 0.401934, 0, 0.711461, 0.98424
2.246, 0, 0, 0, 0, 0, 0, 0, 0, 0, 2.4585, 0.389206, 0, 0.704737, 0.985233
2.247, 0, 0, 0, 0, 0, 0, 0, 0, 0, 2.45742, 0.386645, 0, 0.703841, 0.98512
2.249, 0, 0, 0, 0, 0, 0, 0, 0, 0, 2.45634, 0.385272, 0, 0.702739, 0.982056
2.251, 0, 0, 0, 0, 0, 0, 0, 0, 0, 2.45485, 0.38259, 0, 0.702175, 0.981882
2.253, 0.325158, 0, 0, 0, 0, 0, 0, 0, 0, 2.45625, 0.382112, 0, 0.701724, 0.982737
2.254, 0.160787, 0, 0, 0, 0, 0, 0, 0, 0, 2.45312, 0.381837, 0, 0.701494, 0.98268
2.256, 0.134231, 0, 0, 0, 0, 0, 0, 0, 0, 2.45343, 0.37924, 0, 0.700631, 0.982574
2.258, 0.133057, 0, 0, 0, 0, 0, 0, 0, 0, 2.45402, 0.377251, 0, 0.699988, 0.983196
2.26, 0.103507, 0, 0, 0, 0, 0, 0, 0, 0, 2.4525, 0.374996, 0, 0.699579, 0.983112
2.261, 0.0998884, 0, 0, 0, 0, 0, 0, 0, 0, 2.45211, 0.373877, 0, 0.699211, 0.983062
2.263, 0.0923291, 0, 0, 0, 0, 0, 0, 0, 0, 2.45066, 0.372868, 0, 0.698682, 0.983016
2.265, 0.0745117, 0, 0, 0, 0, 0, 0, 0, 0, 2.44981, 0.371253, 0, 0.698094, 0.983122
2.267, 0.0649771, 0, 0, 0, 0, 0, 0, 0, 0, 2.44911, 0.369327, 0, 0.697591, 0.983136
2.268, 0.0664358, 0, 0, 0, 0, 0, 0, 0, 0, 2.44875, 0.368054, 0, 0.699486, 0.98352
2.27, 0.0624399, 0, 0, 0, 0, 0, 0, 0, 0, 2.4438, 0.368606, 0, 0.698979, 0.98333
2.271, 0.0331599, 0, 0, 0, 0, 0, 0, 0, 0, 2.43041, 0.316333, 0, 0.669382, 0.981874
2.272, 0.0903139, 0, 0, 0, 0, 0, 0, 0, 0, 2.46223, 0.427573, 0, 0.728594, 0.985121
2.274, 0.0415552, 0, 0, 0, 0, 0, 0, 0, 0, 2.44344, 0.357748, 0, 0.698993, 0.98339
2.275, 0.0401167, 0, 0, 0, 0, 0, 0, 0, 0, 2.43134, 0.357816, 0, 0.698486, 0.983396
2.277, 0.0448011, 0, 0, 0, 0, 0, 0, 0, 0, 2.43749, 0.379915, 0, 0.711756, 0.984936
2.278, 0.00214198, 0, 0, 0, 0, 0, 0, 0, 0, 2.42268, 0.287197, 0, 0.659772, 0.982527
2.279, 0.0529062, 0, 0, 0, 0, 0, 0, 0, 0, 2.43814, 0.397467, 0, 0.71934, 0.985407
2.281, 0.0346813, 0, 0, 0, 0, 0, 0, 0, 0, 2.42921, 0.354152, 0, 0.698113, 0.980968
2.282, 0.0338289, 0, 0, 0, 0, 0, 0, 0, 0, 2.42893, 0.350561, 0, 0.696611, 0.980973
2.284, 0.0347698, 0, 0, 0, 0, 0, 0, 0, 0, 2.42811, 0.345801, 0, 0.696382, 0.980778
2.286, 0.202952, 0, 0, 0, 0, 0, 0, 0, 0, 2.42723, 0.342824, 0, 0.695642, 0.98071
2.287, 0.238642, 0, 0, 0, 0, 0, 0, 0, 0, 2.42809, 0.350985, 0, 0.699904, 0.981064
2.289, 0.226586, 0, 0, 0, 0, 0, 0, 0, 0, 2.42342, 0.322759, 0, 0.683818, 0.981055
2.29, 0.240476, 0, 0, 0, 0, 0, 0, 0, 0, 2.43036, 0.358165, 0, 0.703221, 0.982227
2.292, 0.224197, 0, 0, 0, 0, 0, 0, 0, 0, 2.40936, 0.342198, 0, 0.695977, 0.981638
2.294, 0.20825, 0, 0, 0, 0, 0, 0, 0, 0, 2.40754, 0.337579, 0, 0.694494, 0.981606
2.296, 0.192348, 0, 0, 0, 0, 0, 0, 0, 0, 2.40556, 0.337877, 0, 0.694204, 0.981803
2.297, 0.185232, 0, 0, 0, 0, 0, 0, 0, 0, 2.40509, 0.335707, 0, 0.694155, 0.981785
2.299, 0.173773, 0, 0, 0, 0, 0, 0, 0, 0, 2.40448, 0.330907, 0, 0.694016, 0.981751
2.301, 0.166635, 0, 0, 0, 0, 0, 0, 0, 0, 2.40404, 0.327302, 0, 0.693446, 0.981116
2.303, 0.163575, 0, 0, 0, 0, 0, 0, 0, 0, 2.40345, 0.322294, 0, 0.693085, 0.983365
2.304, 0.163354, 0, 0, 0, 0, 0, 0, 0, 0, 2.40287, 0.320892, 0, 0.692968, 0.983254
2.306, 0.105564, 0, 0, 0, 0, 0, 0, 0, 0, 2.40242, 0.316607, 0, 0.69294, 0.982971
2.308, 0.097474, 0, 0, 0, 0, 0, 0, 0, 0, 2.40083, 0.313021, 0, 0.692781, 0.98284
2.31, 0.104516, 0, 0, 0, 0, 0, 0, 0, 0, 2.39994, 0.309953, 0, 0.692603, 0.982555
2.311, 0.110829, 0, 0, 0, 0, 0, 0, 0, 0, 2.39974, 0.308472, 0, 0.692536, 0.982489
2.313, 0.0844155, 0, 0, 0, 0, 0, 0, 0, 0, 2.40657, 0.307408, 0, 0.692387, 0.982325
2.315, 0.0985003, 0, 0, 0, 0, 0, 0, 0, 0, 2.40517, 0.303216, 0, 0.692261, 0.98215
2.317, 0, 0, 0, 0, 0, 0, 0, 0, 0, 2.40446, 0.299864, 0, 0.693074, 0.98173
2.318, 0, 0, 0, 0, 0, 0, 0, 0, 0, 2.40194, 0.296915, 0, 0.691653, 0.981845
2.32, 0, 0, 0, 0, 0, 0, 0, 0, 0, 2.40218, 0.294554, 0, 0.692061, 0.981357
2.322, 0, 0, 0, 0, 0, 0, 0, 0, 0, 2.40149, 0.287469, 0, 0.691964, 0.981222
2.324, 0, 0, 0, 0, 0, 0, 0, 0, 0, 2.403, 0.283767, 0, 0.691976, 0.982928
2.325, 0, 0, 0, 0, 0, 0, 0, 0, 0, 2.40281, 0.282025, 0, 0.691972, 0.982671
2.327, 0, 0, 0, 0, 0, 0, 0, 0, 0, 2.40206, 0.277653, 0, 0.691623, 0.982184
2.329, 0, 0, 0, 0, 0, 0, 0, 0, 0, 2.40131, 0.278295, 0, 0.691636, 0.981648
2.331, 0, 0, 0, 0, 0, 0, 0, 0, 0, 2.40074, 0.276468, 0, 0.692678, 0.982171
2.332, 0, 0, 0, 0, 0, 0, 0, 0, 0, 2.40024, 0.275481, 0, 0.692661, 0.981986
2.334, 0, 0, 0, 0, 0, 0, 0, 0, 0, 2.39931, 0.273085, 0, 0.692635, 0.981479
2.336, 0, 0, 0, 0, 0, 0, 0, 0, 0, 2.39851, 0.271258, 0, 0.692649, 0.980666
2.338, 0, 0, 0, 0, 0, 0, 0, 0, 0, 2.39903, 0.268621, 0, 0.692646, 0.980133
2.339, 0, 0, 0, 0, 0, 0, 0, 0, 0, 2.39841, 0.26737, 0, 0.692649, 0.979887
2.341, 0, 0, 0, 0, 0, 0, 0, 0, 0, 2.39789, 0.263788, 0, 0.692664, 0.979602
2.343, 0, 0, 0, 0, 0, 0, 0, 0, 0, 2.39785, 0.258094, 0, 0.692676, 0.979083
2.345, 0, 0, 0, 0, 0, 0, 0, 0, 0, 2.39806, 0.256437, 0, 0.692569, 0.978752
2.346, 0, 0, 0, 0, 0, 0, 0, 0, 0, 2.39752, 0.255617, 0, 0.692531, 0.978748
2.348, 0, 0, 0, 0, 0, 0, 0, 0, 0, 2.39592, 0.251306, 0, 0.692533, 0.979363
2.35, 0, 0, 0, 0, 0, 0, 0, 0, 0, 2.39538, 0.249974, 0, 0.692547, 0.978801
2.352, 0, 0, 0, 0, 0, 0, 0, 0, 0, 2.39445, 0.249353, 0, 0.692673, 0.97797
2.353, 0, 0, 0, 0, 0, 0, 0, 0, 0, 2.39435, 0.248005, 0, 0.692691, 0.977648
2.355, 0.118488, 0, 0, 0, 0, 0, 0, 0, 0, 2.3947, 0.245775, 0, 0.693004, 0.977552
2.357, 0.10737, 0, 0, 0, 0, 0, 0, 0, 0, 2.39312, 0.238912, 0, 0.692895, 0.976857
2.359, 0.0966638, 0, 0, 0, 0, 0, 0, 0, 0, 2.43214, 0.249135, 0, 0.692795, 0.976406
2.36, 0.0918736, 0, 0, 0, 0, 0, 0, 0, 0, 2.43219, 0.245381, 0, 0.692855, 0.976167
2.362, 0.083318, 0, 0, 0, 0, 0, 0, 0, 0, 2.4327, 0.240803, 0, 0.692527, 0.975938
2.364, 0.0755477, 0, 0, 0, 0, 0, 0, 0, 0, 2.43438, 0.236952, 0, 0.69215, 0.976338
2.366, 0.0736135, 0, 0, 0, 0, 0, 0, 0, 0, 2.43245, 0.234727, 0, 0.69294, 0.975885
2.367, 0.0723047, 0, 0, 0, 0, 0, 0, 0, 0, 2.43987, 0.237338, 0, 0.692793, 0.975704
2.369, 0.069533, 0, 0, 0, 0, 0, 0, 0, 0, 2.43976, 0.23542, 0, 0.692697, 0.975213
2.371, 0.066969, 0, 0, 0, 0, 0, 0, 0, 0, 2.44054, 0.234388, 0, 0.692718, 0.974737
2.373, 0.064593, 0, 0, 0, 0, 0, 0, 0, 0, 2.44985, 0.232674, 0, 0.692787, 0.97431
2.374, 0.06347, 0, 0, 0, 0, 0, 0, 0, 0, 2.44518, 0.23276, 0, 0.692828, 0.97399
2.376, 0.0615159, 0, 0, 0, 0, 0, 0, 0, 0, 2.44653, 0.231732, 0, 0.69294, 0.973591
2.378, 0.0598194, 0, 0, 0, 0, 0, 0, 0, 0, 2.44569, 0.229866, 0, 0.693018, 0.973286
2.38, 0.0580851, 0, 0, 0, 0, 0, 0, 0, 0, 2.44468, 0.226315, 0, 0.693208, 0.972818
2.381, 0.0571966, 0, 0, 0, 0, 0, 0, 0, 0, 2.44378, 0.223671, 0, 0.6934, 0.972694
2.383, 0.0554204, 0, 0, 0, 0, 0, 0, 0, 0, 2.44396, 0.22008, 0, 0.6939, 0.973227
2.385, 0.0536166, 0, 0, 0, 0, 0, 0, 0, 0, 2.44446, 0.213516, 0, 0.694066, 0.972666
2.387, 0.0517306, 0, 0, 0, 0, 0, 0, 0, 0, 2.44396, 0.210608, 0, 0.694157, 0.972328
2.388, 0.0508005, 0, 0, 0, 0, 0, 0, 0, 0, 2.4418, 0.208955, 0, 0.694094, 0.973722
2.39, 0.0489442, 0, 0, 0, 0, 0, 0, 0, 0, 2.44011, 0.205385, 0, 0.694305, 0.973115
2.392, 0.0469423, 0, 0, 0, 0, 0, 0, 0, 0, 2.43925, 0.20358, 0, 0.694468, 0.972562
2.394, 0.0445551, 0, 0, 0, 0, 0, 0, 0, 0, 2.43847, 0.200708, 0, 0.694592, 0.972131
2.395, 0.0433369, 0, 0, 0, 0, 0, 0, 0, 0, 2.43788, 0.199757, 0, 0.694672, 0.971899
2.397, 0.0409553, 0, 0, 0, 0, 0, 0, 0, 0, 2.44268, 0.200012, 0, 0.694849, 0.971338
2.399, 0.0386899, 0, 0, 0, 0, 0, 0, 0, 0, 2.44098, 0.198434, 0, 0.695017, 0.970893
2.401, 0.0365841, 0, 0, 0, 0, 0, 0, 0, 0, 2.44051, 0.197912, 0, 0.69515, 0.970536
2.402, 0.0356043, 0, 0, 0, 0, 0, 0, 0, 0, 2.44021, 0.197402, 0, 0.695249, 0.97046
2.404, 0.0338376, 0, 0, 0, 0, 0, 0, 0, 0, 2.44344, 0.197698, 0, 0.695395, 0.970117
2.406, 0.0330346, 0, 0, 0, 0, 0, 0, 0, 0, 2.43873, 0.196365, 0, 0.695615, 0.969658
2.408, 0.0325445, 0, 0, 0, 0, 0, 0, 0, 0, 2.43608, 0.193326, 0, 0.695899, 0.969441
2.409, 0.032373, 0, 0, 0, 0, 0, 0, 0, 0, 2.43613, 0.192719, 0, 0.695983, 0.969237
2.411, 0.0320615, 0, 0, 0, 0, 0, 0, 0, 0, 2.43439, 0.191547, 0, 0.696128, 0.969032
2.413, 0.0318131, 0, 0, 0, 0, 0, 0, 0, 0, 2.43266, 0.190176, 0, 0.696275, 0.968835
2.415, 0.0316429, 0, 0, 0, 0, 0, 0, 0, 0, 2.43494, 0.189083, 0, 0.696396, 0.968358
2.416, 0.031586, 0, 0, 0, 0, 0, 0, 0, 0, 2.43505, 0.18878, 0, 0.696428, 0.968194
2.418, 0.0315674, 0, 0, 0, 0, 0, 0, 0, 0, 2.4319, 0.185489, 0, 0.696635, 0.968234
2.42, 0.031681, 0, 0, 0, 0, 0, 0, 0, 0, 2.43041, 0.181658, 0, 0.696751, 0.967907
2.422, 0.0319548, 0, 0, 0, 0, 0, 0, 0, 0, 2.43136, 0.178823, 0, 0.696863, 0.968023
2.423, 0.0321523, 0, 0, 0, 0, 0, 0, 0, 0, 2.43036, 0.178112, 0, 0.696878, 0.967895
2.425, 0.0327305, 0, 0, 0, 0, 0, 0, 0, 0, 2.42843, 0.176792, 0, 0.696884, 0.968207
2.427, 0.0335624, 0, 0, 0, 0, 0, 0, 0, 0, 2.43004, 0.176353, 0, 0.696923, 0.968076
2.429, 0.0347076, 0, 0, 0, 0, 0, 0, 0, 0, 2.42851, 0.175418, 0, 0.697058, 0.967957
2.43, 0.0354228, 0, 0, 0, 0, 0, 0, 0, 0, 2.42939, 0.174461, 0, 0.696959, 0.967932
2.432, 0.0365995, 0, 0, 0, 0, 0, 0, 0, 0, 2.4273, 0.173687, 0, 0.697103, 0.967943
2.434, 0.0385301, 0, 0, 0, 0, 0, 0, 0, 0, 2.42698, 0.173063, 0, 0.6972, 0.969006
2.436, 0.0412227, 0, 0, 0, 0, 0, 0, 0, 0, 2.42492, 0.171608, 0, 0.697227, 0.968473
2.437, 0.0426618, 0, 0, 0, 0, 0, 0, 0, 0, 2.42031, 0.171713, 0, 0.697278, 0.968279
2.439, 0.0456666, 0, 0, 0, 0, 0, 0, 0, 0, 2.41825, 0.171718, 0, 0.697367, 0.967983
2.441, 0.0456287, 0, 0, 0, 0, 0, 0, 0, 0, 2.4162, 0.170126, 0, 0.697244, 0.966725
2.443, 0.0450993, 0, 0, 0, 0, 0, 0, 0, 0, 2.50781, 0.189687, 0, 0.696999, 0.966899
2.444, 0.044991, 0, 0, 0, 0, 0, 0, 0, 0, 2.50404, 0.189537, 0, 0.697283, 0.966749
2.446, 0.0445907, 0, 0, 0, 0, 0, 0, 0, 0, 2.50111, 0.189311, 0, 0.697439, 0.966312
2.448, 0.0442668, 0, 0, 0, 0, 0, 0, 0, 0, 2.50127, 0.190023, 0, 0.697551, 0.965943
2.45, 0.0439626, 0, 0, 0, 0, 0, 0, 0, 0, 2.49556, 0.142195, 0, 0.697766, 0.965604
2.451, 0.0438259, 0, 0, 0, 0, 0, 0, 0, 0, 2.49363, 0.141977, 0, 0.697777, 0.966053
2.453, 0.0435511, 0, 0, 0, 0, 0, 0, 0, 0, 2.49132, 0.141973, 0, 0.697915, 0.965578
2.455, 0.0432966, 0, 0, 0, 0, 0, 0, 0, 0, 2.48819, 0.141263, 0, 0.698309, 0.965495
2.457, 0.04305, 0, 0, 0, 0, 0, 0, 0, 0, 2.49017, 0.140436, 0, 0.698444, 0.965072
2.458, 0.0431382, 0, 0, 0, 0, 0, 0, 0, 0, 2.57892, 0.130024, 0, 0.698555, 0.964414
2.46, 0.0426791, 0, 0, 0, 0, 0, 0, 0, 0, 2.57616, 0.129541, 0, 0.698445, 0.96398
2.462, 0.0424378, 0, 0, 0, 0, 0, 0, 0, 0, 2.5717, 0.129611, 0, 0.698684, 0.963719
2.464, 0.0422189, 0, 0, 0, 0, 0, 0, 0, 0, 2.56387, 0.129495, 0, 0.699204, 0.962205
2.467, 0.0418941, 0, 0, 0, 0, 0, 0, 0, 0, 2.55786, 0.131013, 0, 0.699527, 0.9617
2.469, 0.0417412, 0, 0, 0, 0, 0, 0, 0, 0, 2.56888, 0.128354, 0, 0.700102, 0.961636
2.471, 0.0415831, 0, 0, 0, 0, 0, 0, 0, 0, 2.56138, 0.127159, 0, 0.700289, 0.961309
2.472, 0.0415158, 0, 0, 0, 0, 0, 0, 0, 0, 2.55705, 0.126362, 0, 0.700389, 0.961136
2.474, 0.0414011, 0, 0, 0, 0, 0, 0, 0, 0, 2.55014, 0.12491, 0, 0.700656, 0.960816
2.476, 0.0412975, 0, 0, 0, 0, 0, 0, 0, 0, 2.54773, 0.124084, 0, 0.700321, 0.960179
2.478, 0.0412248, 0, 0, 0, 0, 0, 0, 0, 0, 2.55626, 0.121721, 0, 0.700434, 0.959871
2.479, 0.0411809, 0, 0, 0, 0, 0, 0, 0, 0, 2.55603, 0.12217, 0, 0.700517, 0.959769
2.481, 0.0411316, 0, 0, 0, 0, 0, 0, 0, 0, 2.549, 0.12118, 0, 0.700723, 0.959533
2.483, 0.0410996, 0, 0, 0, 0, 0, 0, 0, 0, 2.54131, 0.120152, 0, 0.700902, 0.959292
2.485, 0.0410898, 0, 0, 0, 0, 0, 0, 0, 0, 2.53721, 0.119958, 0, 0.701091, 0.959017
2.486, 0.0411133, 0, 0, 0, 0, 0, 0, 0, 0, 2.53755, 0.120194, 0, 0.701215, 0.958854
2.488, 0.0411237, 0, 0, 0, 0, 0, 0, 0, 0, 2.53771, 0.117946, 0, 0.701453, 0.958655
2.49, 0.0411472, 0, 0, 0, 0, 0, 0, 0, 0, 2.54169, 0.115852, 0, 0.701631, 0.958441
2.492, 0.0411947, 0, 0, 0, 0, 0, 0, 0, 0, 2.52772, 0.113978, 0, 0.70194, 0.958529
2.493, 0.041239, 0, 0, 0, 0, 0, 0, 0, 0, 2.53401, 0.112616, 0, 0.701909, 0.958175
2.495, 0.0412767, 0, 0, 0, 0, 0, 0, 0, 0, 2.51877, 0.111746, 0, 0.702234, 0.957874
2.497, 0.0413968, 0, 0, 0, 0, 0, 0, 0, 0, 2.51367, 0.110298, 0, 0.702469, 0.957636
2.499, 0.041483, 0, 0, 0, 0, 0, 0, 0, 0, 2.5043, 0.109363, 0, 0.702586, 0.957334
2.5, 0.0415415, 0, 0, 0, 0, 0, 0, 0, 0, 2.4985, 0.108993, 0, 0.702639, 0.957102
2.502, 0.0416705, 0, 0, 0, 0, 0, 0, 0, 0, 2.48811, 0.108798, 0, 0.702647, 0.956895
2.504, 0.0418039, 0, 0, 0, 0, 0, 0, 0, 0, 2.47718, 0.108015, 0, 0.702766, 0.956457
2.506, 0.0419588, 0, 0, 0, 0, 0, 0, 0, 0, 2.4626, 0.106671, 0, 0.703011, 0.956312
2.507, 0.0420461, 0, 0, 0, 0, 0, 0, 0, 0, 2.45881, 0.10628, 0, 0.703236, 0.956211
2.509, 0.0422225, 0, 0, 0, 0, 0, 0, 0, 0, 2.53083, 0.121273, 0, 0.703634, 0.956096
2.51, 0.0423176, 0, 0, 0, 0, 0, 0, 0, 0, 2.52026, 0.120779, 0, 0.703873, 0.956029
2.512, 0.0424913, 0, 0, 0, 0, 0, 0, 0, 0, 2.50126, 0.11947, 0, 0.70416, 0.955527
2.514, 0.0426768, 0, 0, 0, 0, 0, 0, 0, 0, 2.48574, 0.118436, 0, 0.704409, 0.955272
2.515, 0.0427673, 0, 0, 0, 0, 0, 0, 0, 0, 2.47861, 0.118069, 0, 0.704487, 0.955108
2.517, 0.0429536, 0, 0, 0, 0, 0, 0, 0, 0, 2.46918, 0.116235, 0, 0.704625, 0.954798
2.519, 0.0435946, 0, 0, 0, 0, 0, 0, 0, 0, 2.52746, 0.0762247, 0, 0.705381, 0.966169
2.521, 0.043276, 0, 0, 0, 0, 0, 0, 0, 0, 2.58568, 0.0897892, 0, 0.705306, 0.967372
2.522, 0.0433824, 0, 0, 0, 0, 0, 0, 0, 0, 2.56827, 0.0891434, 0, 0.705509, 0.967468
2.524, 0.0435889, 0, 0, 0, 0, 0, 0, 0, 0, 2.54217, 0.0867162, 0, 0.706283, 0.967571
2.526, 0.0437751, 0, 0, 0, 0, 0, 0, 0, 0, 2.49742, 0.0871569, 0, 0.707247, 0.967761
2.528, 0.0439681, 0, 0, 0, 0, 0, 0, 0, 0, 2.45367, 0.0883454, 0, 0.708471, 0.967779
2.529, 0.044062, 0, 0, 0, 0, 0, 0, 0, 0, 2.4317, 0.0886528, 0, 0.709069, 0.968339
2.531, 0.0442646, 0, 0, 0, 0, 0, 0, 0, 0, 2.39985, 0.0887666, 0, 0.709844, 0.968423
2.533, 0.0444353, 0, 0, 0, 0, 0, 0, 0, 0, 2.38139, 0.0862935, 0, 0.709929, 0.968074
2.535, 0.0445831, 0, 0, 0, 0, 0, 0, 0, 0, 2.3812, 0.0806958, 0, 0.71026, 0.967868
2.536, 0.0446201, 0, 0, 0, 0, 0, 0, 0, 0, 2.37223, 0.0784499, 0, 0.71027, 0.967698
2.538, 0.0447109, 0, 0, 0, 0, 0, 0, 0, 0, 2.35419, 0.0748404, 0, 0.710317, 0.967876
2.54, 0.0447719, 0, 0, 0, 0, 0, 0, 0, 0, 2.32332, 0.0679462, 0, 0.710705, 0.967761
2.542, 0.0449032, 0, 0, 0, 0, 0, 0, 0, 0, 2.30178, 0.0615991, 0, 0.711084, 0.967479
2.543, 0.0449584, 0, 0, 0, 0, 0, 0, 0, 0, 2.29092, 0.0587462, 0, 0.711049, 0.967284
2.545, 0.0450046, 0, 0, 0, 0, 0, 0, 0, 0, 2.26801, 0.0547381, 0, 0.710975, 0.966976
2.547, 0.0450211, 0, 0, 0, 0, 0, 0, 0, 0, 2.28511, 0.0582462, 0, 0.711083, 0.966826
2.549, 0.0450294, 0, 0, 0, 0, 0, 0, 0, 0, 2.22315, 0.0447138, 0, 0.710992, 0.966384
2.55, 0.0450185, 0, 0, 0, 0, 0, 0, 0, 0, 2.21528, 0.0416639, 0, 0.710959, 0.96622
2.552, 0.0449037, 0, 0, 0, 0, 0, 0, 0, 0, 2.27927, 0.0532806, 0, 0.712026, 0.966264
2.554, 0.0449573, 0, 0, 0, 0, 0, 0, 0, 0, 2.2471, 0.0496959, 0, 0.712267, 0.965916
2.556, 0.0449533, 0, 0, 0, 0, 0, 0, 0, 0, 2.24504, 0.0261052, 0, 0.712604, 0.9661
2.559, 0.0445391, 0, 0, 0, 0, 0, 0, 0, 0, 2.30348, 0.0407779, 0, 0.713862, 0.966921
2.561, 0.0446218, 0, 0, 0, 0, 0, 0, 0, 0, 2.23642, 0.0354071, 0, 0.715198, 0.967072
2.563, 0.0444847, 0, 0, 0, 0, 0, 0, 0, 0, 2.17816, 0.0231262, 0, 0.71684, 0.967345
2.564, 0.044436, 0, 0, 0, 0, 0, 0, 0, 0, 2.13804, 0.0204558, 0, 0.717609, 0.967145
2.566, 0.0443018, 0, 0, 0, 0, 0, 0, 0, 0, 2.03469, 0.0151995, 0, 0.718721, 0.968058
2.568, 0.0441451, 0, 0, 0, 0, 0, 0, 0, 0, 1.95025, 0.0134125, 0, 0.719782, 0.96834
2.57, 0.0440342, 0, 0, 0, 0, 0, 0, 0, 0, 1.88861, 0.01015, 0, 0.721734, 0.968712
2.571, 0.043878, 0, 0, 0, 0, 0, 0, 0, 0, 1.84084, 0.00921905, 0, 0.721575, 0.96859
2.573, 0.0437013, 0, 0, 0, 0, 0, 0, 0, 0, 1.74522, 0.007112, 0, 0.72249, 0.967462
2.575, 0.0434642, 0, 0, 0, 0, 0, 0, 0, 0, 1.55408, 0.00319197, 0, 0.722795, 0.967319
2.577, 0.0434589, 0, 0, 0, 0, 0, 0, 0, 0, 1.57723, 0.119717, 0, 0.720693, 0.966685
2.578, 0.0432806, 0, 0, 0, 0, 0, 0, 0, 0, 1.65269, 0.111361, 0, 0.719706, 0.967941
2.58, 0.0429205, 0, 0, 0, 0, 0, 0, 0, 0, 1.61802, 0.236407, 0, 0.71961, 0.967461
2.582, 0.0427596, 0, 0, 0, 0, 0, 0, 0, 0, 1.55153, 0.325119, 0, 0.71836, 0.966938
2.584, 0.0425989, 0, 0, 0, 0, 0, 0, 0, 0, 1.56661, 0.37648, 0, 0.718203, 0.96641
2.585, 0.0424447, 0, 0, 0, 0, 0, 0, 0, 0, 1.5549, 0.389503, 0, 0.718076, 0.966221
2.587, 0.0422606, 0, 0, 0, 0, 0, 0, 0, 0, 1.52948, 0.410802, 0, 0.717889, 0.965881
2.589, 0.042058, 0, 0, 0, 0, 0, 0, 0, 0, 1.47998, 0.412551, 0, 0.717958, 0.966174
2.591, 0.041882, 0, 0, 0, 0, 0, 0, 0, 0, 1.44794, 0.407885, 0, 0.718574, 0.965674
2.592, 0.0418589, 0, 0, 0, 0, 0, 0, 0, 0, 1.43407, 0.4152, 0, 0.718564, 0.965452
2.594, 0.0416912, 0, 0, 0, 0, 0, 0, 0, 0, 1.40839, 0.421334, 0, 0.718241, 0.963858
2.596, 0.0415574, 0, 0, 0, 0, 0, 0, 0, 0, 1.38466, 0.444074, 0, 0.7181, 0.963641
2.598, 0.0414252, 0, 0, 0, 0, 0, 0, 0, 0, 1.36956, 0.450018, 0, 0.717784, 0.963476
2.599, 0.041294, 0, 0, 0, 0, 0, 0, 0, 0, 1.37561, 0.433155, 0, 0.717573, 0.962795
2.601, 0.0412554, 0, 0, 0, 0, 0, 0, 0, 0, 1.35965, 0.43938, 0, 0.717338, 0.9624
2.603, 0.0411557, 0, 0, 0, 0, 0, 0, 0, 0, 1.35455, 0.454617, 0, 0.71694, 0.961817
2.605, 0.0410507, 0, 0, 0, 0, 0, 0, 0, 0, 1.34996, 0.469619, 0, 0.716654, 0.961457
2.606, 0.0410041, 0, 0, 0, 0, 0, 0, 0, 0, 1.34577, 0.47597, 0, 0.716452, 0.961258
2.608, 0.0409318, 0, 0, 0, 0, 0, 0, 0, 0, 1.33599, 0.564863, 0, 0.716278, 0.96104
2.61, 0.0409157, 0, 0, 0, 0, 0, 0, 0, 0, 1.33445, 0.583541, 0, 0.715739, 0.960392
2.612, 0.0408282, 0, 0, 0, 0, 0, 0, 0, 0, 1.32936, 0.602812, 0, 0.715475, 0.960118
2.613, 0.0408165, 0, 0, 0, 0, 0, 0, 0, 0, 1.32501, 0.610816, 0, 0.715366, 0.959982
2.615, 0.0408026, 0, 0, 0, 0, 0, 0, 0, 0, 1.34459, 0.638246, 0, 0.715107, 0.959778
2.617, 0.0408194, 0, 0, 0, 0, 0, 0, 0, 0, 1.33991, 0.666405, 0, 0.714719, 0.959217
2.619, 0.0408158, 0, 0, 0, 0, 0, 0, 0, 0, 1.3406, 0.683801, 0, 0.714532, 0.959011
2.62, 0.0408071, 0, 0, 0, 0, 0, 0, 0, 0, 1.3263, 0.686229, 0, 0.71443, 0.958882
2.622, 0.0409166, 0, 0, 0, 0, 0, 0, 0, 0, 1.32956, 0.693972, 0, 0.71403, 0.958278
2.624, 0.0409121, 0, 0, 0, 0, 0, 0, 0, 0, 1.32024, 0.706535, 0, 0.713933, 0.957989
2.626, 0.0409786, 0, 0, 0, 0, 0, 0, 0, 0, 1.31129, 0.716416, 0, 0.713743, 0.957722
2.627, 0.0410198, 0, 0, 0, 0, 0, 0, 0, 0, 1.30966, 0.720735, 0, 0.713644, 0.957598
2.629, 0.0411168, 0, 0, 0, 0, 0, 0, 0, 0, 1.30278, 0.727819, 0, 0.713461, 0.957328
2.631, 0.0412253, 0, 0, 0, 0, 0, 0, 0, 0, 1.30075, 0.733161, 0, 0.713117, 0.957323
2.633, 0.0412966, 0, 0, 0, 0, 0, 0, 0, 0, 1.31486, 0.726157, 0, 0.713184, 0.957749
2.636, 0.0415522, 0, 0, 0, 0, 0, 0, 0, 0, 1.28639, 0.737678, 0, 0.712843, 0.956859
2.638, 0.0416991, 0, 0, 0, 0, 0, 0, 0, 0, 1.27902, 0.743183, 0, 0.712706, 0.956627
2.64, 0.0418609, 0, 0, 0, 0, 0, 0, 0, 0, 1.27734, 0.747055, 0, 0.712526, 0.956406
2.641, 0.0419407, 0, 0, 0, 0, 0, 0, 0, 0, 1.27208, 0.74789, 0, 0.712058, 0.956319
2.643, 0.0421179, 0, 0, 0, 0, 0, 0, 0, 0, 1.3087, 0.767874, 0, 0.712054, 0.95628
2.645, 0.0422945, 0, 0, 0, 0, 0, 0, 0, 0, 1.30419, 0.773737, 0, 0.71199, 0.956199
2.647, 0.0424944, 0, 0, 0, 0, 0, 0, 0, 0, 1.29741, 0.777495, 0, 0.711708, 0.955942
2.65, 0.0427865, 0, 0, 0, 0, 0, 0, 0, 0, 1.29213, 0.778951, 0, 0.71134, 0.955569
2.652, 0.0429856, 0, 0, 0, 0, 0, 0, 0, 0, 1.28465, 0.784177, 0, 0.711239, 0.95527
2.654, 0.0431924, 0, 0, 0, 0, 0, 0, 0, 0, 1.27798, 0.786592, 0, 0.711114, 0.955054
2.655, 0.0432956, 0, 0, 0, 0, 0, 0, 0, 0, 1.27465, 0.788694, 0, 0.711009, 0.954938
2.657, 0.0435014, 0, 0, 0, 0, 0, 0, 0, 0, 1.27784, 0.803481, 0, 0.710653, 0.954904
2.659, 0.0437014, 0, 0, 0, 0, 0, 0, 0, 0, 1.27021, 0.808005, 0, 0.710471, 0.954747
2.661, 0.0438996, 0, 0, 0, 0, 0, 0, 0, 0, 1.26589, 0.813182, 0, 0.710311, 0.954548
2.664, 0.0441766, 0, 0, 0, 0, 0, 0, 0, 0, 1.25609, 0.834486, 0, 0.710218, 0.953946
2.666, 0.0443522, 0, 0, 0, 0, 0, 0, 0, 0, 1.25655, 0.841044, 0, 0.709996, 0.953501
2.668, 0.0445111, 0, 0, 0, 0, 0, 0, 0, 0, 1.25075, 0.846794, 0, 0.709867, 0.953355
2.669, 0.0445869, 0, 0, 0, 0, 0, 0, 0, 0, 1.24897, 0.849853, 0, 0.709946, 0.953286
2.671, 0.0447252, 0, 0, 0, 0, 0, 0, 0, 0, 1.24251, 0.85479, 0, 0.709795, 0.953022
2.673, 0.0448479, 0, 0, 0, 0, 0, 0, 0, 0, 1.23617, 0.859666, 0, 0.709512, 0.95294
2.675, 0.0449539, 0, 0, 0, 0, 0, 0, 0, 0, 1.23231, 0.864301, 0, 0.709458, 0.952913
2.676, 0.044999, 0, 0, 0, 0, 0, 0, 0, 0, 1.22961, 0.866297, 0, 0.709379, 0.952814
2.678, 0.0450753, 0, 0, 0, 0, 0, 0, 0, 0, 1.22505, 0.871387, 0, 0.709243, 0.952671
2.68, 0.0451323, 0, 0, 0, 0, 0, 0, 0, 0, 1.22093, 0.876565, 0, 0.708926, 0.952312
2.682, 0.0451715, 0, 0, 0, 0, 0, 0, 0, 0, 1.21608, 0.880843, 0, 0.708312, 0.950842
2.683, 0.0451734, 0, 0, 0, 0, 0, 0, 0, 0, 1.21384, 0.883546, 0, 0.708243, 0.950823
2.685, 0.0451706, 0, 0, 0, 0, 0, 0, 0, 0, 1.20656, 0.887503, 0, 0.707993, 0.950761
2.687, 0.0451512, 0, 0, 0, 0, 0, 0, 0, 0, 1.20217, 0.892908, 0, 0.707818, 0.950679
2.689, 0.0451099, 0, 0, 0, 0, 0, 0, 0, 0, 1.19787, 0.898396, 0, 0.70766, 0.950638
2.69, 0.0450802, 0, 0, 0, 0, 0, 0, 0, 0, 1.19292, 0.901421, 0, 0.707585, 0.950446
2.692, 0.0449959, 0, 0, 0, 0, 0, 0, 0, 0, 1.18685, 0.905099, 0, 0.7046, 0.942003
2.694, 0.0449107, 0, 0, 0, 0, 0, 0, 0, 0, 1.17967, 0.91054, 0, 0.704413, 0.941908
2.696, 0.0447968, 0, 0, 0, 0, 0, 0, 0, 0, 1.17453, 0.914553, 0, 0.704203, 0.942932
2.697, 0.0447334, 0, 0, 0, 0, 0, 0, 0, 0, 1.1718, 0.916336, 0, 0.704109, 0.942885
2.699, 0.0445939, 0, 0, 0, 0, 0, 0, 0, 0, 1.166, 0.914512, 0, 0.703924, 0.942756
2.701, 0.0444405, 0, 0, 0, 0, 0, 0, 0, 0, 1.16148, 0.91835, 0, 0.703749, 0.942622
2.703, 0.0442546, 0, 0, 0, 0, 0, 0, 0, 0, 1.15394, 0.91702, 0, 0.703904, 0.942792
2.704, 0.0441847, 0, 0, 0, 0, 0, 0, 0, 0, 1.15204, 0.91932, 0, 0.703803, 0.942787
2.706, 0.0440044, 0, 0, 0, 0, 0, 0, 0, 0, 1.14743, 0.923103, 0, 0.703618, 0.942761
2.708, 0.0438094, 0, 0, 0, 0, 0, 0, 0, 0, 1.1418, 0.926288, 0, 0.703391, 0.943404
2.71, 0.0436157, 0, 0, 0, 0, 0, 0, 0, 0, 1.14527, 0.932768, 0, 0.702915, 0.944146
2.711, 0.0435113, 0, 0, 0, 0, 0, 0, 0, 0, 1.14083, 0.934089, 0, 0.702851, 0.944082
2.713, 0.0433012, 0, 0, 0, 0, 0, 0, 0, 0, 1.1353, 0.938342, 0, 0.702692, 0.943976
2.715, 0.0430935, 0, 0, 0, 0, 0, 0, 0, 0, 1.13076, 0.942341, 0, 0.702593, 0.943876
2.717, 0.0428877, 0, 0, 0, 0, 0, 0, 0, 0, 1.12784, 0.946832, 0, 0.702415, 0.943773
2.718, 0.0427852, 0, 0, 0, 0, 0, 0, 0, 0, 1.12636, 1.00162, 0, 0.702326, 0.943724
2.72, 0.0425785, 0, 0, 0, 0, 0, 0, 0, 0, 1.12008, 1.00082, 0, 0.702043, 0.943278
2.722, 0.0423791, 0, 0, 0, 0, 0, 0, 0, 0, 1.1139, 1.00414, 0, 0.701896, 0.943035
2.724, 0.0421834, 0, 0, 0, 0, 0, 0, 0, 0, 1.10824, 1.00686, 0, 0.701757, 0.943186
2.727, 0.0418973, 0, 0, 0, 0, 0, 0, 0, 0, 1.10349, 1.0122, 0, 0.702487, 0.943468
2.729, 0.0417231, 0, 0, 0, 0, 0, 0, 0, 0, 1.09824, 1.01584, 0, 0.702126, 0.943377
2.731, 0.0415568, 0, 0, 0, 0, 0, 0, 0, 0, 1.09351, 1.01913, 0, 0.701804, 0.943326
2.732, 0.0414739, 0, 0, 0, 0, 0, 0, 0, 0, 1.09257, 1.02139, 0, 0.702295, 0.943459
2.734, 0.0413179, 0, 0, 0, 0, 0, 0, 0, 0, 1.08653, 1.02329, 0, 0.701825, 0.943338
2.736, 0.0411705, 0, 0, 0, 0, 0, 0, 0, 0, 1.08375, 1.02734, 0, 0.70205, 0.943413
2.738, 0.0410376, 0, 0, 0, 0, 0, 0, 0, 0, 1.07912, 1.03074, 0, 0.701841, 0.943359
2.739, 0.0409734, 0, 0, 0, 0, 0, 0, 0, 0, 1.077, 1.03272, 0, 0.701915, 0.943211
2.741, 0.040855, 0, 0, 0, 0, 0, 0, 0, 0, 1.07239, 1.03595, 0, 0.701696, 0.943176
2.743, 0.0407486, 0, 0, 0, 0, 0, 0, 0, 0, 1.068, 1.03876, 0, 0.701804, 0.943311
2.745, 0.0406504, 0, 0, 0, 0, 0, 0, 0, 0, 1.06396, 1.04172, 0, 0.701596, 0.943201
2.746, 0.040597, 0, 0, 0, 0, 0, 0, 0, 0, 1.05955, 1.0327, 0, 0.7015, 0.943173
2.748, 0.0405254, 0, 0, 0, 0, 0, 0, 0, 0, 1.05585, 1.10267, 0, 0.701359, 0.943543
2.75, 0.0404581, 0, 0, 0, 0, 0, 0, 0, 0, 1.05175, 1.10527, 0, 0.701193, 0.943646
2.752, 0.0403984, 0, 0, 0, 0, 0, 0, 0, 0, 1.04806, 1.05683, 0, 0.701183, 0.943609
2.753, 0.0403755, 0, 0, 0, 0, 0, 0, 0, 0, 1.04728, 1.05847, 0, 0.700966, 0.943435
2.755, 0.0403338, 0, 0, 0, 0, 0, 0, 0, 0, 1.04317, 1.06086, 0, 0.700763, 0.943338
2.757, 0.0403019, 0, 0, 0, 0, 0, 0, 0, 0, 1.03874, 1.06311, 0, 0.70077, 0.943261
2.759, 0.0402851, 0, 0, 0, 0, 0, 0, 0, 0, 1.0348, 1.0655, 0, 0.700566, 0.942862
2.76, 0.0402804, 0, 0, 0, 0, 0, 0, 0, 0, 1.03269, 1.06738, 0, 0.700468, 0.943026
2.762, 0.0402731, 0, 0, 0, 0, 0, 0, 0, 0, 1.02908, 1.07166, 0, 0.70135, 0.943309
2.764, 0.0402906, 0, 0, 0, 0, 0, 0, 0, 0, 1.02481, 1.07366, 0, 0.701093, 0.94333
2.766, 0.0403125, 0, 0, 0, 0, 0, 0, 0, 0, 1.0221, 1.07706, 0, 0.700847, 0.943058
2.767, 0.0403232, 0, 0, 0, 0, 0, 0, 0, 0, 1.01952, 1.07782, 0, 0.701138, 0.943162
2.769, 0.0403654, 0, 0, 0, 0, 0, 0, 0, 0, 1.01599, 1.07941, 0, 0.700888, 0.943103
2.771, 0.0404154, 0, 0, 0, 0, 0, 0, 0, 0, 1.01169, 1.08309, 0, 0.700664, 0.943056
2.773, 0.0404792, 0, 0, 0, 0, 0, 0, 0, 0, 1.00662, 1.08555, 0, 0.700457, 0.942885
2.774, 0.0405154, 0, 0, 0, 0, 0, 0, 0, 0, 1.0046, 1.08712, 0, 0.700515, 0.942915
2.776, 0.0405968, 0, 0, 0, 0, 0, 0, 0, 0, 0.999883, 1.08974, 0, 0.700711, 0.943268
2.778, 0.0406908, 0, 0, 0, 0, 0, 0, 0, 0, 0.996046, 1.09275, 0, 0.700501, 0.943222
2.78, 0.0407926, 0, 0, 0, 0, 0, 0, 0, 0, 0.991501, 1.093, 0, 0.700206, 0.942855
2.781, 0.040841, 0, 0, 0, 0, 0, 0, 0, 0, 0.986078, 1.09259, 0, 0.713996, 0.945288
2.783, 0.0410196, 0, 0, 0, 0, 0, 0, 0, 0, 1.01044, 1.1041, 0, 0.714058, 0.945445
2.785, 0.0410726, 0, 0, 0, 0, 0, 0, 0, 0, 0.983278, 1.09973, 0, 0.713755, 0.945386
2.787, 0.04126, 0, 0, 0, 0, 0, 0, 0, 0, 1.00107, 1.11004, 0, 0.713705, 0.945521
2.788, 0.0413343, 0, 0, 0, 0, 0, 0, 0, 0, 0.998495, 1.11282, 0, 0.713561, 0.945529
2.79, 0.0414987, 0, 0, 0, 0, 0, 0, 0, 0, 0.992701, 1.11722, 0, 0.713348, 0.945564
2.792, 0.0416734, 0, 0, 0, 0, 0, 0, 0, 0, 0.989062, 1.11982, 0, 0.713275, 0.945884
2.794, 0.041855, 0, 0, 0, 0, 0, 0, 0, 0, 0.984405, 1.12381, 0, 0.713011, 0.946339
2.795, 0.0419529, 0, 0, 0, 0, 0, 0, 0, 0, 0.981149, 1.12621, 0, 0.712975, 0.9464
2.797, 0.0421511, 0, 0, 0, 0, 0, 0, 0, 0, 0.974272, 1.13064, 0, 0.712682, 0.946346
2.799, 0.0423558, 0, 0, 0, 0, 0, 0, 0, 0, 0.967686, 1.13279, 0, 0.712217, 0.946078
2.801, 0.0425667, 0, 0, 0, 0, 0, 0, 0, 0, 0.963019, 1.13821, 0, 0.710703, 0.946385
2.804, 0.0428967, 0, 0, 0, 0, 0, 0, 0, 0, 0.955282, 1.14308, 0, 0.712677, 0.946175
2.806, 0.0431078, 0, 0, 0, 0, 0, 0, 0, 0, 0.948662, 1.14655, 0, 0.712374, 0.946125
2.808, 0.0433239, 0, 0, 0, 0, 0, 0, 0, 0, 0.941263, 1.14886, 0, 0.712246, 0.946205
2.809, 0.0434508, 0, 0, 0, 0, 0, 0, 0, 0, 0.94582, 1.17229, 0, 0.712049, 0.946117
2.811, 0.0436489, 0, 0, 0, 0, 0, 0, 0, 0, 0.938941, 1.17665, 0, 0.711676, 0.94609
2.813, 0.0438607, 0, 0, 0, 0, 0, 0, 0, 0, 0.934583, 1.17964, 0, 0.711415, 0.946073
2.815, 0.0440648, 0, 0, 0, 0, 0, 0, 0, 0, 0.926852, 1.18023, 0, 0.71133, 0.946309
2.816, 0.0441666, 0, 0, 0, 0, 0, 0, 0, 0, 0.92411, 1.17979, 0, 0.711131, 0.946299
2.818, 0.0443636, 0, 0, 0, 0, 0, 0, 0, 0, 0.920672, 1.18539, 0, 0.710836, 0.94637
2.82, 0.0445368, 0, 0, 0, 0, 0, 0, 0, 0, 0.914077, 1.18678, 0, 0.710537, 0.946414
2.822, 0.0447029, 0, 0, 0, 0, 0, 0, 0, 0, 0.90856, 1.19123, 0, 0.710263, 0.946496
2.823, 0.0447774, 0, 0, 0, 0, 0, 0, 0, 0, 0.904875, 1.19023, 0, 0.710125, 0.946534
2.825, 0.0449216, 0, 0, 0, 0, 0, 0, 0, 0, 0.899471, 1.19446, 0, 0.710349, 0.946786
2.827, 0.0450498, 0, 0, 0, 0, 0, 0, 0, 0, 0.896176, 1.1889, 0, 0.709908, 0.946483
2.829, 0.0451429, 0, 0, 0, 0, 0, 0, 0, 0, 0.891798, 1.17562, 0, 0.709518, 0.946497
2.832, 0.0452624, 0, 0, 0, 0, 0, 0, 0, 0, 0.882466, 1.18272, 0, 0.711944, 0.947139
2.834, 0.0453188, 0, 0, 0, 0, 0, 0, 0, 0, 0.876289, 1.18733, 0, 0.711516, 0.947197
2.836, 0.0453465, 0, 0, 0, 0, 0, 0, 0, 0, 0.867456, 1.18925, 0, 0.710983, 0.947194
2.837, 0.0453499, 0, 0, 0, 0, 0, 0, 0, 0, 0.863709, 1.18787, 0, 0.710767, 0.947208
2.839, 0.0453461, 0, 0, 0, 0, 0, 0, 0, 0, 0.858707, 1.19338, 0, 0.710541, 0.947358
2.841, 0.0453197, 0, 0, 0, 0, 0, 0, 0, 0, 0.85518, 1.19749, 0, 0.71003, 0.949062
2.843, 0.0452658, 0, 0, 0, 0, 0, 0, 0, 0, 0.850166, 1.20043, 0, 0.7096, 0.94908
2.844, 0.0452336, 0, 0, 0, 0, 0, 0, 0, 0, 0.847823, 1.20295, 0, 0.709384, 0.949153
2.846, 0.045151, 0, 0, 0, 0, 0, 0, 0, 0, 0.842683, 1.20865, 0, 0.710698, 0.949493
2.848, 0.0450464, 0, 0, 0, 0, 0, 0, 0, 0, 0.839004, 1.20747, 0, 0.71015, 0.949272
2.85, 0.0449268, 0, 0, 0, 0, 0, 0, 0, 0, 0.834043, 1.2128, 0, 0.709695, 0.949484
2.851, 0.0448584, 0, 0, 0, 0, 0, 0, 0, 0, 0.831948, 1.21474, 0, 0.709527, 0.949455
2.853, 0.0447139, 0, 0, 0, 0, 0, 0, 0, 0, 0.827294, 1.21971, 0, 0.709257, 0.949429
2.855, 0.0445539, 0, 0, 0, 0, 0, 0, 0, 0, 0.841731, 1.21164, 0, 0.708851, 0.949427
2.857, 0.044382, 0, 0, 0, 0, 0, 0, 0, 0, 0.8388, 1.21536, 0, 0.707382, 0.949546
2.858, 0.0442963, 0, 0, 0, 0, 0, 0, 0, 0, 0.822988, 1.21727, 0, 0.707705, 0.949619
2.86, 0.0440936, 0, 0, 0, 0, 0, 0, 0, 0, 0.832201, 1.22404, 0, 0.707304, 0.949652
2.862, 0.0439068, 0, 0, 0, 0, 0, 0, 0, 0, 0.828259, 1.22952, 0, 0.707043, 0.949696
2.864, 0.0437097, 0, 0, 0, 0, 0, 0, 0, 0, 0.827009, 1.24379, 0, 0.706517, 0.949061
2.865, 0.0436022, 0, 0, 0, 0, 0, 0, 0, 0, 0.824685, 1.24647, 0, 0.705612, 0.949804
2.867, 0.0433932, 0, 0, 0, 0, 0, 0, 0, 0, 0.820729, 1.2509, 0, 0.705184, 0.950321
2.869, 0.043191, 0, 0, 0, 0, 0, 0, 0, 0, 0.818707, 1.25695, 0, 0.705626, 0.950449
2.871, 0.0429793, 0, 0, 0, 0, 0, 0, 0, 0, 0.812397, 1.26163, 0, 0.705239, 0.950417
2.872, 0.0428764, 0, 0, 0, 0, 0, 0, 0, 0, 0.808353, 1.25805, 0, 0.705075, 0.950457
2.874, 0.0426816, 0, 0, 0, 0, 0, 0, 0, 0, 0.807005, 1.25133, 0, 0.704677, 0.950371
2.876, 0.0425013, 0, 0, 0, 0, 0, 0, 0, 0, 0.807618, 1.26571, 0, 0.70405, 0.949474
2.878, 0.0423083, 0, 0, 0, 0, 0, 0, 0, 0, 0.80353, 1.26967, 0, 0.703716, 0.949441
2.879, 0.0422118, 0, 0, 0, 0, 0, 0, 0, 0, 0.80183, 1.2721, 0, 0.703557, 0.949426
2.881, 0.0420363, 0, 0, 0, 0, 0, 0, 0, 0, 0.800676, 1.27786, 0, 0.703174, 0.94934
2.883, 0.0418705, 0, 0, 0, 0, 0, 0, 0, 0, 0.796475, 1.29583, 0, 0.702877, 0.949382
2.885, 0.0417149, 0, 0, 0, 0, 0, 0, 0, 0, 0.791972, 1.29988, 0, 0.702922, 0.949392
2.886, 0.0416427, 0, 0, 0, 0, 0, 0, 0, 0, 0.790888, 1.30261, 0, 0.70246, 0.949385
2.888, 0.0415098, 0, 0, 0, 0, 0, 0, 0, 0, 0.78849, 1.30809, 0, 0.702154, 0.949406
2.89, 0.0413765, 0, 0, 0, 0, 0, 0, 0, 0, 0.789819, 1.28789, 0, 0.701815, 0.949386
2.892, 0.0412761, 0, 0, 0, 0, 0, 0, 0, 0, 0.785571, 1.28771, 0, 0.701585, 0.949368
2.893, 0.0412337, 0, 0, 0, 0, 0, 0, 0, 0, 0.784756, 1.28993, 0, 0.701441, 0.949379
2.895, 0.0411498, 0, 0, 0, 0, 0, 0, 0, 0, 0.782627, 1.29454, 0, 0.701301, 0.94966
2.897, 0.0410791, 0, 0, 0, 0, 0, 0, 0, 0, 0.781039, 1.29999, 0, 0.701741, 0.949807
2.899, 0.0410281, 0, 0, 0, 0, 0, 0, 0, 0, 0.782214, 1.31161, 0, 0.701547, 0.949979
2.9, 0.0409948, 0, 0, 0, 0, 0, 0, 0, 0, 0.781955, 1.31364, 0, 0.701423, 0.950001
2.902, 0.0409649, 0, 0, 0, 0, 0, 0, 0, 0, 0.779964, 1.31792, 0, 0.701108, 0.949604
2.904, 0.0409538, 0, 0, 0, 0, 0, 0, 0, 0, 0.780724, 1.3233, 0, 0.70178, 0.950153
2.906, 0.0409485, 0, 0, 0, 0, 0, 0, 0, 0, 0.780115, 1.32691, 0, 0.701603, 0.95024
2.907, 0.0409556, 0, 0, 0, 0, 0, 0, 0, 0, 0.77951, 1.32924, 0, 0.701547, 0.95029
2.909, 0.0409763, 0, 0, 0, 0, 0, 0, 0, 0, 0.778941, 1.32993, 0, 0.701674, 0.950492
2.911, 0.0410258, 0, 0, 0, 0, 0, 0, 0, 0, 0.77672, 1.33186, 0, 0.701526, 0.950611
2.913, 0.0410833, 0, 0, 0, 0, 0, 0, 0, 0, 0.775736, 1.33418, 0, 0.701169, 0.950655
2.914, 0.0411153, 0, 0, 0, 0, 0, 0, 0, 0, 0.775684, 1.33552, 0, 0.700716, 0.948654
2.916, 0.041192, 0, 0, 0, 0, 0, 0, 0, 0, 0.773574, 1.33735, 0, 0.700565, 0.948697
2.918, 0.0412852, 0, 0, 0, 0, 0, 0, 0, 0, 0.771041, 1.33946, 0, 0.700415, 0.948739
2.92, 0.0413952, 0, 0, 0, 0, 0, 0, 0, 0, 0.768915, 1.34008, 0, 0.700303, 0.948803
2.921, 0.0414587, 0, 0, 0, 0, 0, 0, 0, 0, 0.769466, 1.34225, 0, 0.700253, 0.948844
2.923, 0.0415863, 0, 0, 0, 0, 0, 0, 0, 0, 0.768738, 1.34786, 0, 0.700226, 0.948983
2.925, 0.0417273, 0, 0, 0, 0, 0, 0, 0, 0, 0.764176, 1.34757, 0, 0.70016, 0.949051
2.927, 0.041881, 0, 0, 0, 0, 0, 0, 0, 0, 0.758253, 1.34575, 0, 0.700145, 0.948866
2.928, 0.0419649, 0, 0, 0, 0, 0, 0, 0, 0, 0.757034, 1.34462, 0, 0.700114, 0.948896
2.93, 0.0421406, 0, 0, 0, 0, 0, 0, 0, 0, 0.754783, 1.3447, 0, 0.700287, 0.949149
2.932, 0.0423216, 0, 0, 0, 0, 0, 0, 0, 0, 0.740735, 1.31551, 0, 0.700318, 0.949376
2.934, 0.0425207, 0, 0, 0, 0, 0, 0, 0, 0, 0.738222, 1.32039, 0, 0.700239, 0.94987
2.935, 0.042616, 0, 0, 0, 0, 0, 0, 0, 0, 0.737291, 1.32061, 0, 0.700304, 0.949949
2.937, 0.0428116, 0, 0, 0, 0, 0, 0, 0, 0, 0.73443, 1.3203, 0, 0.700244, 0.950052
2.939, 0.0430147, 0, 0, 0, 0, 0, 0, 0, 0, 0.732275, 1.32174, 0, 0.700196, 0.950165
2.941, 0.0432208, 0, 0, 0, 0, 0, 0, 0, 0, 0.730186, 1.32262, 0, 0.700145, 0.950245
2.942, 0.0433236, 0, 0, 0, 0, 0, 0, 0, 0, 0.729221, 1.32262, 0, 0.700125, 0.950295
2.944, 0.0435324, 0, 0, 0, 0, 0, 0, 0, 0, 0.726066, 1.32217, 0, 0.700002, 0.950645
2.946, 0.0437382, 0, 0, 0, 0, 0, 0, 0, 0, 0.724525, 1.32237, 0, 0.699962, 0.95079
2.948, 0.0439407, 0, 0, 0, 0, 0, 0, 0, 0, 0.723391, 1.32259, 0, 0.699977, 0.950758
2.949, 0.0440419, 0, 0, 0, 0, 0, 0, 0, 0, 0.723679, 1.32349, 0, 0.699979, 0.95084
2.951, 0.0442294, 0, 0, 0, 0, 0, 0, 0, 0, 0.722895, 1.32244, 0, 0.699596, 0.950748
2.953, 0.0444182, 0, 0, 0, 0, 0, 0, 0, 0, 0.722068, 1.32215, 0, 0.699556, 0.950816
2.955, 0.0445927, 0, 0, 0, 0, 0, 0, 0, 0, 0.718015, 1.32748, 0, 0.699941, 0.951045
2.956, 0.0446709, 0, 0, 0, 0, 0, 0, 0, 0, 0.71695, 1.32716, 0, 0.70009, 0.950942
2.958, 0.0448192, 0, 0, 0, 0, 0, 0, 0, 0, 0.719815, 1.3275, 0, 0.699628, 0.950832
2.96, 0.0449628, 0, 0, 0, 0, 0, 0, 0, 0, 0.719581, 1.32727, 0, 0.699675, 0.950948
2.962, 0.0450833, 0, 0, 0, 0, 0, 0, 0, 0, 0.716077, 1.32126, 0, 0.699727, 0.951083
2.965, 0.0452397, 0, 0, 0, 0, 0, 0, 0, 0, 0.717747, 1.3261, 0, 0.69983, 0.951171
2.967, 0.0452947, 0, 0, 0, 0, 0, 0, 0, 0, 0.712838, 1.3209, 0, 0.699963, 0.951359
2.969, 0.045347, 0, 0, 0, 0, 0, 0, 0, 0, 0.712466, 1.32021, 0, 0.699878, 0.951417
2.97, 0.0453705, 0, 0, 0, 0, 0, 0, 0, 0, 0.714047, 1.32445, 0, 0.699862, 0.951442
2.972, 0.0453782, 0, 0, 0, 0, 0, 0, 0, 0, 0.712987, 1.32421, 0, 0.699944, 0.951555
2.974, 0.0453726, 0, 0, 0, 0, 0, 0, 0, 0, 0.712766, 1.3239, 0, 0.700051, 0.951667
2.976, 0.0453439, 0, 0, 0, 0, 0, 0, 0, 0, 0.713197, 1.32333, 0, 0.700214, 0.952619
2.977, 0.0453224, 0, 0, 0, 0, 0, 0, 0, 0, 0.713001, 1.32252, 0, 0.700274, 0.952637
2.979, 0.0452598, 0, 0, 0, 0, 0, 0, 0, 0, 0.713713, 1.32171, 0, 0.70046, 0.952633
2.981, 0.0451741, 0, 0, 0, 0, 0, 0, 0, 0, 0.713578, 1.32018, 0, 0.7006, 0.952649
2.983, 0.0450634, 0, 0, 0, 0, 0, 0, 0, 0, 0.712478, 1.31623, 0, 0.700747, 0.953225
2.984, 0.0450049, 0, 0, 0, 0, 0, 0, 0, 0, 0.712166, 1.31542, 0, 0.702105, 0.953499
2.986, 0.0448832, 0, 0, 0, 0, 0, 0, 0, 0, 0.715604, 1.32088, 0, 0.702142, 0.953269
2.988, 0.0447322, 0, 0, 0, 0, 0, 0, 0, 0, 0.715311, 1.31868, 0, 0.703384, 0.956378
2.99, 0.044564, 0, 0, 0, 0, 0, 0, 0, 0, 0.71569, 1.31819, 0, 0.70343, 0.956233
2.991, 0.044478, 0, 0, 0, 0, 0, 0, 0, 0, 0.716073, 1.31832, 0, 0.703509, 0.956148
2.993, 0.0442908, 0, 0, 0, 0, 0, 0, 0, 0, 0.715842, 1.31601, 0, 0.703537, 0.955986
2.995, 0.0440999, 0, 0, 0, 0, 0, 0, 0, 0, 0.715847, 1.31547, 0, 0.703868, 0.955976
2.997, 0.0438989, 0, 0, 0, 0, 0, 0, 0, 0, 0.715246, 1.31387, 0, 0.70411, 0.955879
2.998, 0.0437948, 0, 0, 0, 0, 0, 0, 0, 0, 0.715134, 1.31568, 0, 0.704263, 0.955856
3, 0.0435838, 0, 0, 0, 0, 0, 0, 0, 0, 0.715592, 1.31299, 0, 0.704513, 0.955721
3.002, 0.0433723, 0, 0, 0, 0, 0, 0, 0, 0, 0.716076, 1.30888, 0, 0.704746, 0.955668
3.004, 0.0431565, 0, 0, 0, 0, 0, 0, 0, 0, 0.716674, 1.30621, 0, 0.704818, 0.95553
3.005, 0.0430503, 0, 0, 0, 0, 0, 0, 0, 0, 0.716854, 1.30495, 0, 0.704941, 0.955504
3.007, 0.0428347, 0, 0, 0, 0, 0, 0, 0, 0, 0.716866, 1.30283, 0, 0.705195, 0.955454
3.009, 0.042622, 0, 0, 0, 0, 0, 0, 0, 0, 0.717843, 1.30106, 0, 0.705403, 0.95584
3.011, 0.042414, 0, 0, 0, 0, 0, 0, 0, 0, 0.718053, 1.29964, 0, 0.70564, 0.955791
3.012, 0.0423128, 0, 0, 0, 0, 0, 0, 0, 0, 0.717156, 1.29839, 0, 0.705764, 0.955763
3.014, 0.0421148, 0, 0, 0, 0, 0, 0, 0, 0, 0.717663, 1.29541, 0, 0.705984, 0.955766
3.016, 0.0419054, 0, 0, 0, 0, 0, 0, 0, 0, 0.714931, 1.27914, 0, 0.705933, 0.955623
3.018, 0.041744, 0, 0, 0, 0, 0, 0, 0, 0, 0.714374, 1.27669, 0, 0.706577, 0.955209
3.019, 0.0416573, 0, 0, 0, 0, 0, 0, 0, 0, 0.714378, 1.27571, 0, 0.70662, 0.955483
3.021, 0.0414853, 0, 0, 0, 0, 0, 0, 0, 0, 0.718048, 1.27517, 0, 0.706891, 0.955459
3.023, 0.0413273, 0, 0, 0, 0, 0, 0, 0, 0, 0.715675, 1.2741, 0, 0.707153, 0.955422
3.025, 0.0411788, 0, 0, 0, 0, 0, 0, 0, 0, 0.714287, 1.27111, 0, 0.707414, 0.955384
3.028, 0.0409774, 0, 0, 0, 0, 0, 0, 0, 0, 0.713109, 1.2686, 0, 0.707796, 0.955739
3.03, 0.0408513, 0, 0, 0, 0, 0, 0, 0, 0, 0.706236, 1.26646, 0, 0.708008, 0.955625
3.032, 0.0407452, 0, 0, 0, 0, 0, 0, 0, 0, 0.704786, 1.26407, 0, 0.708224, 0.955823
3.033, 0.0406959, 0, 0, 0, 0, 0, 0, 0, 0, 0.70375, 1.26321, 0, 0.70837, 0.956076
3.035, 0.0406036, 0, 0, 0, 0, 0, 0, 0, 0, 0.702554, 1.26149, 0, 0.708658, 0.956024
3.037, 0.0405225, 0, 0, 0, 0, 0, 0, 0, 0, 0.702647, 1.25913, 0, 0.708488, 0.955826
3.039, 0.0404532, 0, 0, 0, 0, 0, 0, 0, 0, 0.702428, 1.25837, 0, 0.708858, 0.955487
3.042, 0.0403713, 0, 0, 0, 0, 0, 0, 0, 0, 0.700206, 1.25461, 0, 0.709131, 0.955102
3.044, 0.0403328, 0, 0, 0, 0, 0, 0, 0, 0, 0.699101, 1.25226, 0, 0.709479, 0.955056
3.046, 0.0403048, 0, 0, 0, 0, 0, 0, 0, 0, 0.698844, 1.25039, 0, 0.709783, 0.954901
3.047, 0.0402943, 0, 0, 0, 0, 0, 0, 0, 0, 0.699366, 1.24955, 0, 0.709934, 0.954877
3.049, 0.0402865, 0, 0, 0, 0, 0, 0, 0, 0, 0.696558, 1.24694, 0, 0.710243, 0.954836
3.051, 0.0402844, 0, 0, 0, 0, 0, 0, 0, 0, 0.696197, 1.2445, 0, 0.710405, 0.954774
3.053, 0.040297, 0, 0, 0, 0, 0, 0, 0, 0, 0.695028, 1.24165, 0, 0.710742, 0.954745
3.054, 0.0403091, 0, 0, 0, 0, 0, 0, 0, 0, 0.695117, 1.22548, 0, 0.710762, 0.954683
3.056, 0.0403378, 0, 0, 0, 0, 0, 0, 0, 0, 0.693948, 1.22187, 0, 0.711095, 0.954658
3.058, 0.0403848, 0, 0, 0, 0, 0, 0, 0, 0, 0.693278, 1.22007, 0, 0.711774, 0.955677
3.06, 0.0404394, 0, 0, 0, 0, 0, 0, 0, 0, 0.692777, 1.2207, 0, 0.711822, 0.955566
3.061, 0.0404693, 0, 0, 0, 0, 0, 0, 0, 0, 0.692953, 1.21947, 0, 0.711749, 0.955473
3.063, 0.0405402, 0, 0, 0, 0, 0, 0, 0, 0, 0.69019, 1.21518, 0, 0.712058, 0.955438
3.065, 0.0406265, 0, 0, 0, 0, 0, 0, 0, 0, 0.691331, 1.21716, 0, 0.712195, 0.954795
3.067, 0.0407226, 0, 0, 0, 0, 0, 0, 0, 0, 0.691146, 1.2152, 0, 0.712603, 0.955168
3.068, 0.0407768, 0, 0, 0, 0, 0, 0, 0, 0, 0.691236, 1.21424, 0, 0.712788, 0.955164
3.07, 0.0408929, 0, 0, 0, 0, 0, 0, 0, 0, 0.68966, 1.2135, 0, 0.713404, 0.95583
3.072, 0.0410258, 0, 0, 0, 0, 0, 0, 0, 0, 0.690567, 1.21123, 0, 0.712375, 0.955402
3.074, 0.0411659, 0, 0, 0, 0, 0, 0, 0, 0, 0.689962, 1.20892, 0, 0.712435, 0.955312
3.077, 0.0413993, 0, 0, 0, 0, 0, 0, 0, 0, 0.689411, 1.20585, 0, 0.712798, 0.955252
3.079, 0.0415688, 0, 0, 0, 0, 0, 0, 0, 0, 0.688918, 1.2036, 0, 0.712928, 0.956319
3.081, 0.0417489, 0, 0, 0, 0, 0, 0, 0, 0, 0.68782, 1.20172, 0, 0.713128, 0.956241
3.082, 0.0418409, 0, 0, 0, 0, 0, 0, 0, 0, 0.686174, 1.19994, 0, 0.713216, 0.956186
3.084, 0.0420379, 0, 0, 0, 0, 0, 0, 0, 0, 0.685625, 1.19727, 0, 0.713396, 0.956091
3.086, 0.0422423, 0, 0, 0, 0, 0, 0, 0, 0, 0.685805, 1.19539, 0, 0.712782, 0.955009
3.088, 0.0424499, 0, 0, 0, 0, 0, 0, 0, 0, 0.685206, 1.19213, 0, 0.712982, 0.954923
3.089, 0.0425586, 0, 0, 0, 0, 0, 0, 0, 0, 0.685381, 1.19159, 0, 0.71307, 0.954878
3.091, 0.0427727, 0, 0, 0, 0, 0, 0, 0, 0, 0.684325, 1.18733, 0, 0.71386, 0.955552
3.093, 0.0429981, 0, 0, 0, 0, 0, 0, 0, 0, 0.684345, 1.18656, 0, 0.713991, 0.955443
3.095, 0.0432183, 0, 0, 0, 0, 0, 0, 0, 0, 0.683966, 1.18314, 0, 0.714125, 0.955332
3.096, 0.0433319, 0, 0, 0, 0, 0, 0, 0, 0, 0.683841, 1.1821, 0, 0.714188, 0.955314
3.098, 0.0435532, 0, 0, 0, 0, 0, 0, 0, 0, 0.683618, 1.18007, 0, 0.714323, 0.955096
3.1, 0.0437731, 0, 0, 0, 0, 0, 0, 0, 0, 0.683789, 1.17809, 0, 0.714475, 0.955017
3.102, 0.0439876, 0, 0, 0, 0, 0, 0, 0, 0, 0.684266, 1.17715, 0, 0.714633, 0.954942
3.103, 0.0440897, 0, 0, 0, 0, 0, 0, 0, 0, 0.683101, 1.1739, 0, 0.714614, 0.954886
3.105, 0.0442956, 0, 0, 0, 0, 0, 0, 0, 0, 0.682448, 1.17198, 0, 0.714771, 0.954806
3.107, 0.044489, 0, 0, 0, 0, 0, 0, 0, 0, 0.683253, 1.17099, 0, 0.714934, 0.954728
3.109, 0.0446694, 0, 0, 0, 0, 0, 0, 0, 0, 0.682867, 1.16793, 0, 0.715136, 0.953967
3.11, 0.0447439, 0, 0, 0, 0, 0, 0, 0, 0, 0.680372, 1.16115, 0, 0.715234, 0.953974
3.112, 0.0449214, 0, 0, 0, 0, 0, 0, 0, 0, 0.680344, 1.16504, 0, 0.715421, 0.955381
3.114, 0.0450548, 0, 0, 0, 0, 0, 0, 0, 0, 0.680803, 1.16423, 0, 0.715606, 0.955399
3.116, 0.0451767, 0, 0, 0, 0, 0, 0, 0, 0, 0.680563, 1.1633, 0, 0.715779, 0.955341
3.117, 0.0452303, 0, 0, 0, 0, 0, 0, 0, 0, 0.680773, 1.16262, 0, 0.715864, 0.95531
3.119, 0.045322, 0, 0, 0, 0, 0, 0, 0, 0, 0.681322, 1.16121, 0, 0.716002, 0.955564
3.121, 0.0453928, 0, 0, 0, 0, 0, 0, 0, 0, 0.681843, 1.1599, 0, 0.71618, 0.955494
3.123, 0.045442, 0, 0, 0, 0, 0, 0, 0, 0, 0.679777, 1.15828, 0, 0.716397, 0.95547
3.124, 0.045449, 0, 0, 0, 0, 0, 0, 0, 0, 0.676657, 1.1562, 0, 0.716345, 0.955192
3.126, 0.0454708, 0, 0, 0, 0, 0, 0, 0, 0, 0.676611, 1.15305, 0, 0.71656, 0.95512
3.128, 0.0454619, 0, 0, 0, 0, 0, 0, 0, 0, 0.677616, 1.15294, 0, 0.716731, 0.955099
3.13, 0.0454314, 0, 0, 0, 0, 0, 0, 0, 0, 0.67947, 1.1598, 0, 0.717052, 0.955262
3.131, 0.0454027, 0, 0, 0, 0, 0, 0, 0, 0, 0.678273, 1.15863, 0, 0.717163, 0.955253
3.133, 0.0453317, 0, 0, 0, 0, 0, 0, 0, 0, 0.657641, 1.1105, 0, 0.71751, 0.955446
3.135, 0.0452649, 0, 0, 0, 0, 0, 0, 0, 0, 0.657279, 1.10992, 0, 0.7177, 0.955422
3.137, 0.0451533, 0, 0, 0, 0, 0, 0, 0, 0, 0.657086, 1.10898, 0, 0.717888, 0.955387
3.138, 0.0450911, 0, 0, 0, 0, 0, 0, 0, 0, 0.655803, 1.10824, 0, 0.717981, 0.955371
3.14, 0.044949, 0, 0, 0, 0, 0, 0, 0, 0, 0.654097, 1.1079, 0, 0.718056, 0.955135
3.142, 0.0447978, 0, 0, 0, 0, 0, 0, 0, 0, 0.65365, 1.10821, 0, 0.718242, 0.955121
3.144, 0.0446317, 0, 0, 0, 0, 0, 0, 0, 0, 0.6532, 1.10771, 0, 0.718621, 0.955207
3.145, 0.0445437, 0, 0, 0, 0, 0, 0, 0, 0, 0.652801, 1.10738, 0, 0.718721, 0.9552
3.147, 0.0443594, 0, 0, 0, 0, 0, 0, 0, 0, 0.651352, 1.10576, 0, 0.718899, 0.955189
3.149, 0.0441675, 0, 0, 0, 0, 0, 0, 0, 0, 0.651011, 1.10606, 0, 0.719071, 0.95519
3.151, 0.0439677, 0, 0, 0, 0, 0, 0, 0, 0, 0.650585, 1.1058, 0, 0.719233, 0.955179
3.152, 0.0438661, 0, 0, 0, 0, 0, 0, 0, 0, 0.650102, 1.10557, 0, 0.71932, 0.955175
3.154, 0.0436601, 0, 0, 0, 0, 0, 0, 0, 0, 0.648433, 1.10478, 0, 0.719355, 0.954941
3.156, 0.0434501, 0, 0, 0, 0, 0, 0, 0, 0, 0.64754, 1.10461, 0, 0.71965, 0.95516
3.158, 0.0432398, 0, 0, 0, 0, 0, 0, 0, 0, 0.646613, 1.10425, 0, 0.719816, 0.955157
3.159, 0.0431356, 0, 0, 0, 0, 0, 0, 0, 0, 0.646149, 1.10408, 0, 0.719898, 0.955157
3.161, 0.0429293, 0, 0, 0, 0, 0, 0, 0, 0, 0.64519, 1.10414, 0, 0.72006, 0.955162
3.163, 0.0427295, 0, 0, 0, 0, 0, 0, 0, 0, 0.642218, 1.10239, 0, 0.720394, 0.955191
3.165, 0.0425307, 0, 0, 0, 0, 0, 0, 0, 0, 0.641395, 1.10196, 0, 0.720607, 0.955212
3.166, 0.0424347, 0, 0, 0, 0, 0, 0, 0, 0, 0.640556, 1.10146, 0, 0.720686, 0.955021
3.168, 0.0422508, 0, 0, 0, 0, 0, 0, 0, 0, 0.640271, 1.10086, 0, 0.720818, 0.955019
3.17, 0.0420752, 0, 0, 0, 0, 0, 0, 0, 0, 0.639079, 1.10047, 0, 0.720954, 0.95502
3.172, 0.041911, 0, 0, 0, 0, 0, 0, 0, 0, 0.636524, 1.09955, 0, 0.721081, 0.955012
3.173, 0.0418313, 0, 0, 0, 0, 0, 0, 0, 0, 0.636149, 1.10003, 0, 0.721141, 0.955024
3.175, 0.0416846, 0, 0, 0, 0, 0, 0, 0, 0, 0.635042, 1.09966, 0, 0.721249, 0.955179
3.177, 0.0415491, 0, 0, 0, 0, 0, 0, 0, 0, 0.633994, 1.09921, 0, 0.721372, 0.955181
3.179, 0.0414285, 0, 0, 0, 0, 0, 0, 0, 0, 0.632384, 1.09879, 0, 0.720852, 0.955
3.18, 0.0413722, 0, 0, 0, 0, 0, 0, 0, 0, 0.631915, 1.09854, 0, 0.7209, 0.954999
3.182, 0.0412727, 0, 0, 0, 0, 0, 0, 0, 0, 0.63096, 1.09802, 0, 0.720988, 0.954996
3.184, 0.0411884, 0, 0, 0, 0, 0, 0, 0, 0, 0.630029, 1.09753, 0, 0.721225, 0.955454
3.186, 0.0411207, 0, 0, 0, 0, 0, 0, 0, 0, 0.628026, 1.09661, 0, 0.721292, 0.955442
3.189, 0.0410446, 0, 0, 0, 0, 0, 0, 0, 0, 0.626683, 1.0959, 0, 0.721385, 0.955432
3.191, 0.0410152, 0, 0, 0, 0, 0, 0, 0, 0, 0.625817, 1.09541, 0, 0.721441, 0.955425
3.193, 0.0410012, 0, 0, 0, 0, 0, 0, 0, 0, 0.625233, 1.09511, 0, 0.721493, 0.95542
3.194, 0.0410015, 0, 0, 0, 0, 0, 0, 0, 0, 0.624873, 1.09485, 0, 0.721929, 0.955052
3.196, 0.0410135, 0, 0, 0, 0, 0, 0, 0, 0, 0.623194, 1.09447, 0, 0.721975, 0.955047
3.198, 0.0410398, 0, 0, 0, 0, 0, 0, 0, 0, 0.622342, 1.09427, 0, 0.722021, 0.955029
3.2, 0.041083, 0, 0, 0, 0, 0, 0, 0, 0, 0.621003, 1.09432, 0, 0.722068, 0.955012
3.201, 0.041111, 0, 0, 0, 0, 0, 0, 0, 0, 0.620568, 1.09425, 0, 0.722089, 0.955003
3.203, 0.0411782, 0, 0, 0, 0, 0, 0, 0, 0, 0.621258, 1.09437, 0, 0.722128, 0.954979
3.205, 0.0412641, 0, 0, 0, 0, 0, 0, 0, 0, 0.609875, 1.09041, 0, 0.720173, 0.954562
3.207, 0.0413553, 0, 0, 0, 0, 0, 0, 0, 0, 0.609035, 1.08993, 0, 0.720215, 0.954554
3.208, 0.0413986, 0, 0, 0, 0, 0, 0, 0, 0, 0.613128, 1.10766, 0, 0.720112, 0.954916
3.21, 0.0415326, 0, 0, 0, 0, 0, 0, 0, 0, 0.612433, 1.1082, 0, 0.720178, 0.954919
3.212, 0.0416664, 0, 0, 0, 0, 0, 0, 0, 0, 0.61128, 1.10751, 0, 0.720241, 0.954912
3.214, 0.0418117, 0, 0, 0, 0, 0, 0, 0, 0, 0.610376, 1.10682, 0, 0.720412, 0.954711
3.215, 0.0418899, 0, 0, 0, 0, 0, 0, 0, 0, 0.609929, 1.10646, 0, 0.720446, 0.954707
3.217, 0.0420541, 0, 0, 0, 0, 0, 0, 0, 0, 0.609048, 1.10572, 0, 0.720517, 0.9547
3.219, 0.0422279, 0, 0, 0, 0, 0, 0, 0, 0, 0.606962, 1.10476, 0, 0.720466, 0.954481
3.221, 0.0424129, 0, 0, 0, 0, 0, 0, 0, 0, 0.606007, 1.10355, 0, 0.720537, 0.954476
3.222, 0.0425077, 0, 0, 0, 0, 0, 0, 0, 0, 0.605637, 1.10272, 0, 0.72057, 0.954483
3.224, 0.0427063, 0, 0, 0, 0, 0, 0, 0, 0, 0.604242, 1.10135, 0, 0.720637, 0.954476
3.226, 0.0429056, 0, 0, 0, 0, 0, 0, 0, 0, 0.603343, 1.10035, 0, 0.720709, 0.95447
3.228, 0.0431117, 0, 0, 0, 0, 0, 0, 0, 0, 0.602485, 1.09982, 0, 0.72078, 0.954467
3.229, 0.0432161, 0, 0, 0, 0, 0, 0, 0, 0, 0.602042, 1.09939, 0, 0.720802, 0.954423
3.231, 0.0434264, 0, 0, 0, 0, 0, 0, 0, 0, 0.600801, 1.09842, 0, 0.720871, 0.954418
3.233, 0.0436348, 0, 0, 0, 0, 0, 0, 0, 0, 0.599907, 1.09759, 0, 0.72094, 0.954414
3.235, 0.043842, 0, 0, 0, 0, 0, 0, 0, 0, 0.599011, 1.09679, 0, 0.721008, 0.954411
3.236, 0.0439442, 0, 0, 0, 0, 0, 0, 0, 0, 0.598563, 1.0964, 0, 0.721042, 0.954409
3.238, 0.0441444, 0, 0, 0, 0, 0, 0, 0, 0, 0.597799, 1.09627, 0, 0.721104, 0.95442
3.24, 0.0443352, 0, 0, 0, 0, 0, 0, 0, 0, 0.597271, 1.09587, 0, 0.721172, 0.954419
3.242, 0.0445203, 0, 0, 0, 0, 0, 0, 0, 0, 0.59611, 1.09517, 0, 0.721239, 0.954417
3.243, 0.044605, 0, 0, 0, 0, 0, 0, 0, 0, 0.595611, 1.09488, 0, 0.721033, 0.953444
3.245, 0.0447746, 0, 0, 0, 0, 0, 0, 0, 0, 0.595522, 1.09622, 0, 0.721081, 0.953438
3.247, 0.0449241, 0, 0, 0, 0, 0, 0, 0, 0, 0.594399, 1.09586, 0, 0.721131, 0.953447
3.249, 0.045059, 0, 0, 0, 0, 0, 0, 0, 0, 0.593238, 1.09494, 0, 0.721177, 0.953455
3.252, 0.0452278, 0, 0, 0, 0, 0, 0, 0, 0, 0.591341, 1.09313, 0, 0.721241, 0.953472
3.254, 0.0453163, 0, 0, 0, 0, 0, 0, 0, 0, 0.59005, 1.09242, 0, 0.721296, 0.953502
3.256, 0.0453824, 0, 0, 0, 0, 0, 0, 0, 0, 0.58891, 1.09266, 0, 0.721335, 0.953521
3.257, 0.0454077, 0, 0, 0, 0, 0, 0, 0, 0, 0.588158, 1.09217, 0, 0.72135, 0.953521
3.259, 0.0454421, 0, 0, 0, 0, 0, 0, 0, 0, 0.587079, 1.09225, 0, 0.721376, 0.953525
3.261, 0.0454527, 0, 0, 0, 0, 0, 0, 0, 0, 0.586182, 1.09154, 0, 0.7214, 0.953545
3.263, 0.0454405, 0, 0, 0, 0, 0, 0, 0, 0, 0.585214, 1.09131, 0, 0.721419, 0.953553
3.266, 0.0453801, 0, 0, 0, 0, 0, 0, 0, 0, 0.583567, 1.09087, 0, 0.721728, 0.954515
3.268, 0.0453077, 0, 0, 0, 0, 0, 0, 0, 0, 0.582498, 1.09067, 0, 0.723701, 0.954884
3.27, 0.0452228, 0, 0, 0, 0, 0, 0, 0, 0, 0.581279, 1.09031, 0, 0.723481, 0.953924
3.271, 0.0451699, 0, 0, 0, 0, 0, 0, 0, 0, 0.58091, 1.08997, 0, 0.723474, 0.953949
3.273, 0.0450509, 0, 0, 0, 0, 0, 0, 0, 0, 0.5798, 1.08921, 0, 0.723464, 0.953957
3.274, 0.0449847, 0, 0, 0, 0, 0, 0, 0, 0, 0.579274, 1.08908, 0, 0.723455, 0.953961
3.276, 0.0448383, 0, 0, 0, 0, 0, 0, 0, 0, 0.578225, 1.08885, 0, 0.723433, 0.95397
3.278, 0.0446762, 0, 0, 0, 0, 0, 0, 0, 0, 0.577043, 1.08812, 0, 0.723403, 0.953979
3.281, 0.0444065, 0, 0, 0, 0, 0, 0, 0, 0, 0.574445, 1.08686, 0, 0.723348, 0.953987
3.283, 0.0442144, 0, 0, 0, 0, 0, 0, 0, 0, 0.573395, 1.08666, 0, 0.723306, 0.953996
3.285, 0.044012, 0, 0, 0, 0, 0, 0, 0, 0, 0.572165, 1.08664, 0, 0.723619, 0.954107
3.286, 0.0439081, 0, 0, 0, 0, 0, 0, 0, 0, 0.57168, 1.08655, 0, 0.723605, 0.954115
3.288, 0.0436965, 0, 0, 0, 0, 0, 0, 0, 0, 0.570437, 1.08624, 0, 0.723579, 0.95413
3.29, 0.0434764, 0, 0, 0, 0, 0, 0, 0, 0, 0.57087, 1.09094, 0, 0.723375, 0.95426
3.292, 0.0432619, 0, 0, 0, 0, 0, 0, 0, 0, 0.569246, 1.09055, 0, 0.723351, 0.954276
3.293, 0.0431539, 0, 0, 0, 0, 0, 0, 0, 0, 0.568701, 1.09047, 0, 0.723338, 0.954286
3.295, 0.0429368, 0, 0, 0, 0, 0, 0, 0, 0, 0.567719, 1.08964, 0, 0.723302, 0.954296
3.297, 0.0427205, 0, 0, 0, 0, 0, 0, 0, 0, 0.566596, 1.09006, 0, 0.723285, 0.954331
3.299, 0.0425097, 0, 0, 0, 0, 0, 0, 0, 0, 0.565447, 1.08991, 0, 0.72326, 0.954349
3.3, 0.0424057, 0, 0, 0, 0, 0, 0, 0, 0, 0.564887, 1.08994, 0, 0.72325, 0.95436
3.302, 0.0422034, 0, 0, 0, 0, 0, 0, 0, 0, 0.563366, 1.08988, 0, 0.723226, 0.954381
3.304, 0.0420075, 0, 0, 0, 0, 0, 0, 0, 0, 0.562689, 1.09001, 0, 0.723206, 0.954403
3.306, 0.0418197, 0, 0, 0, 0, 0, 0, 0, 0, 0.559549, 1.08948, 0, 0.723181, 0.954395
3.307, 0.0417281, 0, 0, 0, 0, 0, 0, 0, 0, 0.559051, 1.08944, 0, 0.723167, 0.954404
3.309, 0.0415544, 0, 0, 0, 0, 0, 0, 0, 0, 0.558064, 1.08937, 0, 0.723146, 0.954423
3.311, 0.04139, 0, 0, 0, 0, 0, 0, 0, 0, 0.557679, 1.08904, 0, 0.72313, 0.954447
3.313, 0.0412367, 0, 0, 0, 0, 0, 0, 0, 0, 0.556571, 1.08919, 0, 0.723113, 0.95447
3.314, 0.0411655, 0, 0, 0, 0, 0, 0, 0, 0, 0.556009, 1.0889, 0, 0.723099, 0.954476
3.316, 0.0410258, 0, 0, 0, 0, 0, 0, 0, 0, 0.554121, 1.08772, 0, 0.723079, 0.954491
3.318, 0.0409013, 0, 0, 0, 0, 0, 0, 0, 0, 0.552648, 1.08756, 0, 0.723059, 0.954507
3.32, 0.0407871, 0, 0, 0, 0, 0, 0, 0, 0, 0.551689, 1.08759, 0, 0.723043, 0.954527
3.322, 0.0406872, 0, 0, 0, 0, 0, 0, 0, 0, 0.54999, 1.08349, 0, 0.722522, 0.954258
3.323, 0.0406371, 0, 0, 0, 0, 0, 0, 0, 0, 0.549534, 1.08353, 0, 0.722501, 0.954261
3.325, 0.0405514, 0, 0, 0, 0, 0, 0, 0, 0, 0.548626, 1.08364, 0, 0.722456, 0.954264
3.327, 0.0404781, 0, 0, 0, 0, 0, 0, 0, 0, 0.547747, 1.08391, 0, 0.722404, 0.954273
3.329, 0.0404168, 0, 0, 0, 0, 0, 0, 0, 0, 0.54683, 1.08412, 0, 0.722349, 0.954276
3.33, 0.0403857, 0, 0, 0, 0, 0, 0, 0, 0, 0.548212, 1.09084, 0, 0.722255, 0.954494
3.332, 0.0403468, 0, 0, 0, 0, 0, 0, 0, 0, 0.547228, 1.09046, 0, 0.722307, 0.954529
3.334, 0.0403153, 0, 0, 0, 0, 0, 0, 0, 0, 0.54632, 1.09013, 0, 0.722244, 0.95453
3.336, 0.0402943, 0, 0, 0, 0, 0, 0, 0, 0, 0.545417, 1.09011, 0, 0.722179, 0.954538
3.338, 0.0402851, 0, 0, 0, 0, 0, 0, 0, 0, 0.544502, 1.08983, 0, 0.722115, 0.954542
3.339, 0.0402856, 0, 0, 0, 0, 0, 0, 0, 0, 0.544052, 1.08988, 0, 0.722082, 0.954543
3.341, 0.0402948, 0, 0, 0, 0, 0, 0, 0, 0, 0.543856, 1.0899, 0, 0.722016, 0.954545
3.343, 0.0403156, 0, 0, 0, 0, 0, 0, 0, 0, 0.542909, 1.08962, 0, 0.72195, 0.954547
3.345, 0.0403483, 0, 0, 0, 0, 0, 0, 0, 0, 0.537852, 1.08755, 0, 0.721776, 0.954497
3.346, 0.0403716, 0, 0, 0, 0, 0, 0, 0, 0, 0.537509, 1.08753, 0, 0.721741, 0.954496
3.348, 0.0404227, 0, 0, 0, 0, 0, 0, 0, 0, 0.536925, 1.08772, 0, 0.721678, 0.954497
3.35, 0.0404861, 0, 0, 0, 0, 0, 0, 0, 0, 0.536258, 1.08726, 0, 0.72161, 0.954495
3.352, 0.0405618, 0, 0, 0, 0, 0, 0, 0, 0, 0.53546, 1.0873, 0, 0.72178, 0.955451
3.353, 0.0406039, 0, 0, 0, 0, 0, 0, 0, 0, 0.535272, 1.08743, 0, 0.721752, 0.955447
3.355, 0.040693, 0, 0, 0, 0, 0, 0, 0, 0, 0.532715, 1.08479, 0, 0.721455, 0.954452
3.357, 0.0408088, 0, 0, 0, 0, 0, 0, 0, 0, 0.532834, 1.08544, 0, 0.721384, 0.954442
3.359, 0.0409269, 0, 0, 0, 0, 0, 0, 0, 0, 0.532067, 1.08555, 0, 0.721318, 0.954432
3.36, 0.0409904, 0, 0, 0, 0, 0, 0, 0, 0, 0.531407, 1.08621, 0, 0.721289, 0.954432
3.362, 0.0411293, 0, 0, 0, 0, 0, 0, 0, 0, 0.530989, 1.08618, 0, 0.72146, 0.955379
3.364, 0.0412786, 0, 0, 0, 0, 0, 0, 0, 0, 0.530533, 1.08671, 0, 0.721172, 0.954413
3.366, 0.0414451, 0, 0, 0, 0, 0, 0, 0, 0, 0.529968, 1.08662, 0, 0.721341, 0.955361
3.367, 0.0415262, 0, 0, 0, 0, 0, 0, 0, 0, 0.529805, 1.0868, 0, 0.721315, 0.955354
3.369, 0.0417039, 0, 0, 0, 0, 0, 0, 0, 0, 0.529333, 1.08686, 0, 0.721021, 0.954382
3.371, 0.0418938, 0, 0, 0, 0, 0, 0, 0, 0, 0.529717, 1.08999, 0, 0.721167, 0.955434
3.373, 0.0420838, 0, 0, 0, 0, 0, 0, 0, 0, 0.529148, 1.08764, 0, 0.720879, 0.954459
3.374, 0.0421911, 0, 0, 0, 0, 0, 0, 0, 0, 0.528946, 1.08759, 0, 0.72085, 0.954454
3.376, 0.0424366, 0, 0, 0, 0, 0, 0, 0, 0, 0.541644, 1.13292, 0, 0.720963, 0.955213
3.378, 0.0426091, 0, 0, 0, 0, 0, 0, 0, 0, 0.541422, 1.13251, 0, 0.720959, 0.955197
3.38, 0.0428314, 0, 0, 0, 0, 0, 0, 0, 0, 0.54157, 1.13312, 0, 0.720667, 0.954214
3.381, 0.0429426, 0, 0, 0, 0, 0, 0, 0, 0, 0.54149, 1.13274, 0, 0.720641, 0.954205
3.383, 0.0431685, 0, 0, 0, 0, 0, 0, 0, 0, 0.541347, 1.13195, 0, 0.72083, 0.955141
3.385, 0.0433909, 0, 0, 0, 0, 0, 0, 0, 0, 0.54125, 1.1311, 0, 0.720553, 0.954163
3.387, 0.0436185, 0, 0, 0, 0, 0, 0, 0, 0, 0.541167, 1.13055, 0, 0.720499, 0.954189
3.388, 0.0437333, 0, 0, 0, 0, 0, 0, 0, 0, 0.541116, 1.13004, 0, 0.720712, 0.955133
3.39, 0.0439476, 0, 0, 0, 0, 0, 0, 0, 0, 0.541014, 1.12888, 0, 0.720667, 0.955107
3.392, 0.0441554, 0, 0, 0, 0, 0, 0, 0, 0, 0.540945, 1.12838, 0, 0.720406, 0.954135
3.394, 0.0443628, 0, 0, 0, 0, 0, 0, 0, 0, 0.540739, 1.12766, 0, 0.720382, 0.954122
3.395, 0.0444631, 0, 0, 0, 0, 0, 0, 0, 0, 0.540724, 1.12721, 0, 0.720595, 0.955016
3.397, 0.0446447, 0, 0, 0, 0, 0, 0, 0, 0, 0.540662, 1.12639, 0, 0.720565, 0.954994
3.399, 0.0447805, 0, 0, 0, 0, 0, 0, 0, 0, 0.527576, 1.08184, 0, 0.720404, 0.954248
3.401, 0.0449845, 0, 0, 0, 0, 0, 0, 0, 0, 0.541002, 1.12823, 0, 0.720268, 0.954066
3.402, 0.0450509, 0, 0, 0, 0, 0, 0, 0, 0, 0.540992, 1.12777, 0, 0.720485, 0.954975
3.404, 0.0451741, 0, 0, 0, 0, 0, 0, 0, 0, 0.54096, 1.12681, 0, 0.72046, 0.954954
3.406, 0.0452847, 0, 0, 0, 0, 0, 0, 0, 0, 0.540274, 1.12569, 0, 0.720254, 0.954891
3.408, 0.0453746, 0, 0, 0, 0, 0, 0, 0, 0, 0.540114, 1.1263, 0, 0.720007, 0.953962
3.409, 0.0454146, 0, 0, 0, 0, 0, 0, 0, 0, 0.540116, 1.12582, 0, 0.720221, 0.954865
3.411, 0.0454673, 0, 0, 0, 0, 0, 0, 0, 0, 0.540717, 1.12501, 0, 0.720207, 0.954847
3.413, 0.0455036, 0, 0, 0, 0, 0, 0, 0, 0, 0.54075, 1.12405, 0, 0.720171, 0.954789
3.415, 0.0455081, 0, 0, 0, 0, 0, 0, 0, 0, 0.541151, 1.12427, 0, 0.719934, 0.95386
3.416, 0.0455098, 0, 0, 0, 0, 0, 0, 0, 0, 0.541145, 1.12386, 0, 0.720155, 0.95476
3.418, 0.0454806, 0, 0, 0, 0, 0, 0, 0, 0, 0.541345, 1.12389, 0, 0.720128, 0.954798
3.42, 0.0454338, 0, 0, 0, 0, 0, 0, 0, 0, 0.540114, 1.12273, 0, 0.719888, 0.953871
3.422, 0.0453644, 0, 0, 0, 0, 0, 0, 0, 0, 0.540121, 1.12193, 0, 0.720103, 0.954757
3.423, 0.0453209, 0, 0, 0, 0, 0, 0, 0, 0, 0.540125, 1.12153, 0, 0.720101, 0.954749
3.425, 0.0452195, 0, 0, 0, 0, 0, 0, 0, 0, 0.540136, 1.12073, 0, 0.720099, 0.954731
3.427, 0.0450988, 0, 0, 0, 0, 0, 0, 0, 0, 0.540165, 1.12047, 0, 0.720127, 0.954724
3.429, 0.0449612, 0, 0, 0, 0, 0, 0, 0, 0, 0.540176, 1.11968, 0, 0.719901, 0.953813
3.43, 0.0448894, 0, 0, 0, 0, 0, 0, 0, 0, 0.540185, 1.11929, 0, 0.720123, 0.954704
3.432, 0.0447246, 0, 0, 0, 0, 0, 0, 0, 0, 0.540223, 1.11845, 0, 0.720125, 0.954687
3.434, 0.0445495, 0, 0, 0, 0, 0, 0, 0, 0, 0.53565, 1.11597, 0, 0.720119, 0.954658
3.436, 0.0443629, 0, 0, 0, 0, 0, 0, 0, 0, 0.536184, 1.11656, 0, 0.720113, 0.954694
3.437, 0.0442639, 0, 0, 0, 0, 0, 0, 0, 0, 0.536245, 1.11614, 0, 0.719892, 0.953794
3.439, 0.0440718, 0, 0, 0, 0, 0, 0, 0, 0, 0.535893, 1.11529, 0, 0.720117, 0.954675
3.441, 0.0438643, 0, 0, 0, 0, 0, 0, 0, 0, 0.535938, 1.1145, 0, 0.720125, 0.954661
3.443, 0.0436598, 0, 0, 0, 0, 0, 0, 0, 0, 0.537253, 1.11904, 0, 0.720125, 0.954623
3.444, 0.0435504, 0, 0, 0, 0, 0, 0, 0, 0, 0.537556, 1.11957, 0, 0.720131, 0.954651
3.446, 0.0433366, 0, 0, 0, 0, 0, 0, 0, 0, 0.537722, 1.11864, 0, 0.71992, 0.953753
3.448, 0.0431337, 0, 0, 0, 0, 0, 0, 0, 0, 0.537903, 1.11774, 0, 0.720152, 0.954632
3.45, 0.0429235, 0, 0, 0, 0, 0, 0, 0, 0, 0.538067, 1.1169, 0, 0.720165, 0.954622
3.451, 0.0428219, 0, 0, 0, 0, 0, 0, 0, 0, 0.538159, 1.11645, 0, 0.720174, 0.954617
3.453, 0.0426227, 0, 0, 0, 0, 0, 0, 0, 0, 0.538447, 1.11587, 0, 0.720189, 0.954614
3.455, 0.0424287, 0, 0, 0, 0, 0, 0, 0, 0, 0.538547, 1.11354, 0, 0.720211, 0.954603
3.457, 0.0422432, 0, 0, 0, 0, 0, 0, 0, 0, 0.538726, 1.11265, 0, 0.720007, 0.953715
3.458, 0.0421583, 0, 0, 0, 0, 0, 0, 0, 0, 0.538331, 1.1123, 0, 0.720088, 0.953734
3.46, 0.0419909, 0, 0, 0, 0, 0, 0, 0, 0, 0.538501, 1.11145, 0, 0.72032, 0.954609
3.462, 0.041829, 0, 0, 0, 0, 0, 0, 0, 0, 0.53867, 1.1109, 0, 0.720337, 0.954601
3.464, 0.0416827, 0, 0, 0, 0, 0, 0, 0, 0, 0.538829, 1.11009, 0, 0.720357, 0.954595
3.465, 0.0416145, 0, 0, 0, 0, 0, 0, 0, 0, 0.538909, 1.10969, 0, 0.720368, 0.954591
3.467, 0.0414862, 0, 0, 0, 0, 0, 0, 0, 0, 0.538022, 1.10389, 0, 0.720403, 0.954599
3.469, 0.0413763, 0, 0, 0, 0, 0, 0, 0, 0, 0.538196, 1.10312, 0, 0.72043, 0.954594
3.471, 0.0412759, 0, 0, 0, 0, 0, 0, 0, 0, 0.538636, 1.10319, 0, 0.720226, 0.953746
3.472, 0.041239, 0, 0, 0, 0, 0, 0, 0, 0, 0.53944, 1.10753, 0, 0.720248, 0.953738
3.474, 0.0411603, 0, 0, 0, 0, 0, 0, 0, 0, 0.539628, 1.10673, 0, 0.720501, 0.954607
3.476, 0.0411005, 0, 0, 0, 0, 0, 0, 0, 0, 0.539512, 1.10584, 0, 0.720534, 0.954601
3.478, 0.0410582, 0, 0, 0, 0, 0, 0, 0, 0, 0.539644, 1.10483, 0, 0.720354, 0.953682
3.481, 0.0410226, 0, 0, 0, 0, 0, 0, 0, 0, 0.539076, 1.10405, 0, 0.720615, 0.954567
3.483, 0.0410206, 0, 0, 0, 0, 0, 0, 0, 0, 0.539543, 1.1042, 0, 0.720644, 0.954601
3.485, 0.0410346, 0, 0, 0, 0, 0, 0, 0, 0, 0.53971, 1.10342, 0, 0.720683, 0.954601
3.486, 0.0410448, 0, 0, 0, 0, 0, 0, 0, 0, 0.539792, 1.10303, 0, 0.72048, 0.953734
3.488, 0.041086, 0, 0, 0, 0, 0, 0, 0, 0, 0.539961, 1.10227, 0, 0.720513, 0.95374
3.49, 0.0411398, 0, 0, 0, 0, 0, 0, 0, 0, 0.540115, 1.10155, 0, 0.720769, 0.954609
3.492, 0.0412083, 0, 0, 0, 0, 0, 0, 0, 0, 0.539833, 1.10081, 0, 0.720805, 0.954612
3.495, 0.0413432, 0, 0, 0, 0, 0, 0, 0, 0, 0.538493, 1.09925, 0, 0.720863, 0.954605
3.497, 0.0414549, 0, 0, 0, 0, 0, 0, 0, 0, 0.540355, 1.10349, 0, 0.72066, 0.95372
3.499, 0.0415755, 0, 0, 0, 0, 0, 0, 0, 0, 0.540552, 1.10247, 0, 0.720921, 0.954588
3.5, 0.0416388, 0, 0, 0, 0, 0, 0, 0, 0, 0.54065, 1.10208, 0, 0.720945, 0.954586
3.502, 0.0417807, 0, 0, 0, 0, 0, 0, 0, 0, 0.541119, 1.10212, 0, 0.72098, 0.954622
3.504, 0.0419352, 0, 0, 0, 0, 0, 0, 0, 0, 0.542766, 1.10268, 0, 0.720792, 0.953816
3.506, 0.0421031, 0, 0, 0, 0, 0, 0, 0, 0, 0.542912, 1.10198, 0, 0.721023, 0.954702
3.507, 0.0421897, 0, 0, 0, 0, 0, 0, 0, 0, 0.542999, 1.10157, 0, 0.721045, 0.954705
3.509, 0.0423714, 0, 0, 0, 0, 0, 0, 0, 0, 0.543023, 1.10089, 0, 0.720868, 0.953852
3.511, 0.0425618, 0, 0, 0, 0, 0, 0, 0, 0, 0.543144, 1.10016, 0, 0.72112, 0.954694
3.513, 0.0427589, 0, 0, 0, 0, 0, 0, 0, 0, 0.542904, 1.0994, 0, 0.720942, 0.95385
3.514, 0.0428602, 0, 0, 0, 0, 0, 0, 0, 0, 0.542959, 1.09903, 0, 0.720962, 0.953856
3.516, 0.0430666, 0, 0, 0, 0, 0, 0, 0, 0, 0.542961, 1.09934, 0, 0.721183, 0.95472
3.518, 0.043271, 0, 0, 0, 0, 0, 0, 0, 0, 0.543065, 1.09862, 0, 0.72101, 0.953875
3.52, 0.0434875, 0, 0, 0, 0, 0, 0, 0, 0, 0.544566, 1.10203, 0, 0.721045, 0.953867
3.521, 0.0435877, 0, 0, 0, 0, 0, 0, 0, 0, 0.543572, 1.09729, 0, 0.721073, 0.953886
3.523, 0.0437982, 0, 0, 0, 0, 0, 0, 0, 0, 0.542936, 1.09632, 0, 0.721275, 0.954838
3.525, 0.0439992, 0, 0, 0, 0, 0, 0, 0, 0, 0.543041, 1.09553, 0, 0.721102, 0.953995
3.527, 0.0442017, 0, 0, 0, 0, 0, 0, 0, 0, 0.543159, 1.09486, 0, 0.721144, 0.954012
3.528, 0.0442987, 0, 0, 0, 0, 0, 0, 0, 0, 0.543218, 1.09452, 0, 0.721164, 0.95402
3.53, 0.0444841, 0, 0, 0, 0, 0, 0, 0, 0, 0.543092, 1.0945, 0, 0.721217, 0.954085
3.532, 0.044664, 0, 0, 0, 0, 0, 0, 0, 0, 0.544836, 1.09414, 0, 0.721056, 0.954976
3.534, 0.0448214, 0, 0, 0, 0, 0, 0, 0, 0, 0.545082, 1.09298, 0, 0.720863, 0.954131
3.535, 0.044901, 0, 0, 0, 0, 0, 0, 0, 0, 0.545102, 1.0927, 0, 0.720978, 0.954167
3.537, 0.0450425, 0, 0, 0, 0, 0, 0, 0, 0, 0.545176, 1.09211, 0, 0.721017, 0.954183
3.539, 0.0451653, 0, 0, 0, 0, 0, 0, 0, 0, 0.545358, 1.0189, 0, 0.721057, 0.9542
3.541, 0.0452695, 0, 0, 0, 0, 0, 0, 0, 0, 0.545533, 1.01831, 0, 0.721496, 0.954189
3.544, 0.0453877, 0, 0, 0, 0, 0, 0, 0, 0, 0.5458, 1.01817, 0, 0.721557, 0.954239
3.546, 0.0454418, 0, 0, 0, 0, 0, 0, 0, 0, 0.546996, 1.02099, 0, 0.72119, 0.954277
3.548, 0.0454694, 0, 0, 0, 0, 0, 0, 0, 0, 0.547125, 1.02047, 0, 0.72124, 0.954298
3.549, 0.0454756, 0, 0, 0, 0, 0, 0, 0, 0, 0.547187, 1.02021, 0, 0.721262, 0.954309
3.551, 0.045472, 0, 0, 0, 0, 0, 0, 0, 0, 0.547274, 1.01971, 0, 0.721708, 0.954298
3.553, 0.0454435, 0, 0, 0, 0, 0, 0, 0, 0, 0.546906, 1.01773, 0, 0.72175, 0.954318
3.555, 0.0453927, 0, 0, 0, 0, 0, 0, 0, 0, 0.54719, 1.01734, 0, 0.72139, 0.954376
3.556, 0.0453605, 0, 0, 0, 0, 0, 0, 0, 0, 0.547232, 1.0171, 0, 0.721414, 0.954387
3.558, 0.0452772, 0, 0, 0, 0, 0, 0, 0, 0, 0.547343, 1.0165, 0, 0.721461, 0.954405
3.56, 0.0451728, 0, 0, 0, 0, 0, 0, 0, 0, 0.546914, 1.01633, 0, 0.721908, 0.954401
3.562, 0.0450488, 0, 0, 0, 0, 0, 0, 0, 0, 0.547241, 1.01638, 0, 0.721537, 0.954483
3.563, 0.0449814, 0, 0, 0, 0, 0, 0, 0, 0, 0.547299, 1.01612, 0, 0.721562, 0.954494
3.565, 0.0448321, 0, 0, 0, 0, 0, 0, 0, 0, 0.547875, 1.01566, 0, 0.721492, 0.954336
3.567, 0.0446665, 0, 0, 0, 0, 0, 0, 0, 0, 0.549343, 1.0187, 0, 0.721516, 0.954337
3.569, 0.0444868, 0, 0, 0, 0, 0, 0, 0, 0, 0.549638, 1.01794, 0, 0.721139, 0.954378
3.57, 0.0443929, 0, 0, 0, 0, 0, 0, 0, 0, 0.549787, 1.01756, 0, 0.721149, 0.954382
3.572, 0.0441971, 0, 0, 0, 0, 0, 0, 0, 0, 0.55053, 1.01804, 0, 0.721565, 0.954357
3.574, 0.043992, 0, 0, 0, 0, 0, 0, 0, 0, 0.550361, 1.01774, 0, 0.721179, 0.954398
3.576, 0.0437816, 0, 0, 0, 0, 0, 0, 0, 0, 0.550601, 1.01707, 0, 0.721193, 0.954407
3.577, 0.0436749, 0, 0, 0, 0, 0, 0, 0, 0, 0.550762, 1.0166, 0, 0.721197, 0.954408
3.579, 0.0434569, 0, 0, 0, 0, 0, 0, 0, 0, 0.551008, 1.01592, 0, 0.721606, 0.954386
3.581, 0.043238, 0, 0, 0, 0, 0, 0, 0, 0, 0.551652, 1.01528, 0, 0.721613, 0.954395
3.583, 0.043017, 0, 0, 0, 0, 0, 0, 0, 0, 0.543532, 1.01279, 0, 0.721178, 0.954433
3.584, 0.0429099, 0, 0, 0, 0, 0, 0, 0, 0, 0.543845, 1.01289, 0, 0.721174, 0.954459
3.586, 0.0426963, 0, 0, 0, 0, 0, 0, 0, 0, 0.544174, 1.01193, 0, 0.721186, 0.954443
3.588, 0.0424838, 0, 0, 0, 0, 0, 0, 0, 0, 0.544541, 1.01102, 0, 0.721594, 0.954417
3.59, 0.0422778, 0, 0, 0, 0, 0, 0, 0, 0, 0.544923, 1.01011, 0, 0.721601, 0.954421
3.591, 0.0421769, 0, 0, 0, 0, 0, 0, 0, 0, 0.544921, 1.00955, 0, 0.721199, 0.954452
3.593, 0.0419817, 0, 0, 0, 0, 0, 0, 0, 0, 0.54586, 1.01072, 0, 0.721204, 0.954477
3.595, 0.0417958, 0, 0, 0, 0, 0, 0, 0, 0, 0.546255, 1.00977, 0, 0.721618, 0.954451
3.597, 0.0416169, 0, 0, 0, 0, 0, 0, 0, 0, 0.546623, 1.00861, 0, 0.721633, 0.954442
3.598, 0.0415306, 0, 0, 0, 0, 0, 0, 0, 0, 0.546837, 1.00812, 0, 0.721236, 0.954474
3.6, 0.0413687, 0, 0, 0, 0, 0, 0, 0, 0, 0.547301, 1.00723, 0, 0.721251, 0.954482
3.602, 0.0412175, 0, 0, 0, 0, 0, 0, 0, 0, 0.547844, 1.00678, 0, 0.721661, 0.954481
3.604, 0.0410752, 0, 0, 0, 0, 0, 0, 0, 0, 0.548166, 1.00758, 0, 0.721668, 0.954475
3.605, 0.0410069, 0, 0, 0, 0, 0, 0, 0, 0, 0.548404, 1.00706, 0, 0.721274, 0.954507
3.607, 0.0408837, 0, 0, 0, 0, 0, 0, 0, 0, 0.548671, 1.00636, 0, 0.721302, 0.954516
3.609, 0.0407711, 0, 0, 0, 0, 0, 0, 0, 0, 0.549139, 1.00577, 0, 0.721936, 0.954576
3.611, 0.0406704, 0, 0, 0, 0, 0, 0, 0, 0, 0.549574, 1.00428, 0, 0.721553, 0.954608
3.612, 0.0406252, 0, 0, 0, 0, 0, 0, 0, 0, 0.550204, 1.00374, 0, 0.721571, 0.954612
3.614, 0.04054, 0, 0, 0, 0, 0, 0, 0, 0, 0.550514, 1.00305, 0, 0.722013, 0.954596
3.616, 0.0404691, 0, 0, 0, 0, 0, 0, 0, 0, 0.551338, 1.00303, 0, 0.721648, 0.954629
3.618, 0.040409, 0, 0, 0, 0, 0, 0, 0, 0, 0.551853, 1.00201, 0, 0.722087, 0.954605
3.619, 0.0403825, 0, 0, 0, 0, 0, 0, 0, 0, 0.55212, 1.0015, 0, 0.721706, 0.954638
3.621, 0.0403416, 0, 0, 0, 0, 0, 0, 0, 0, 0.552848, 1.00104, 0, 0.721745, 0.954673
3.623, 0.0403113, 0, 0, 0, 0, 0, 0, 0, 0, 0.553364, 0.999901, 0, 0.722193, 0.954643
3.625, 0.0402934, 0, 0, 0, 0, 0, 0, 0, 0, 0.553663, 0.998334, 0, 0.721846, 0.954662
3.626, 0.0402898, 0, 0, 0, 0, 0, 0, 0, 0, 0.554264, 0.998809, 0, 0.72227, 0.954632
3.628, 0.0402876, 0, 0, 0, 0, 0, 0, 0, 0, 0.554674, 0.997964, 0, 0.722324, 0.954643
3.63, 0.0402991, 0, 0, 0, 0, 0, 0, 0, 0, 0.554507, 0.997995, 0, 0.722365, 0.954701
3.632, 0.0403224, 0, 0, 0, 0, 0, 0, 0, 0, 0.555426, 0.997484, 0, 0.722016, 0.954734
3.633, 0.0403395, 0, 0, 0, 0, 0, 0, 0, 0, 0.556616, 0.997875, 0, 0.722469, 0.954675
3.635, 0.0403773, 0, 0, 0, 0, 0, 0, 0, 0, 0.55674, 0.995797, 0, 0.722119, 0.95475
3.637, 0.0404338, 0, 0, 0, 0, 0, 0, 0, 0, 0.557073, 0.995054, 0, 0.722581, 0.954734
3.639, 0.0404979, 0, 0, 0, 0, 0, 0, 0, 0, 0.557492, 0.994876, 0, 0.722233, 0.954803
3.64, 0.0405368, 0, 0, 0, 0, 0, 0, 0, 0, 0.557661, 0.994533, 0, 0.722266, 0.95481
3.642, 0.0406226, 0, 0, 0, 0, 0, 0, 0, 0, 0.558283, 0.993871, 0, 0.72273, 0.954795
3.644, 0.0407237, 0, 0, 0, 0, 0, 0, 0, 0, 0.559108, 0.997495, 0, 0.722783, 0.954789
3.646, 0.0408275, 0, 0, 0, 0, 0, 0, 0, 0, 0.559843, 0.996428, 0, 0.721969, 0.95469
3.647, 0.0408865, 0, 0, 0, 0, 0, 0, 0, 0, 0.560028, 0.995644, 0, 0.722002, 0.954695
3.649, 0.0410157, 0, 0, 0, 0, 0, 0, 0, 0, 0.560483, 0.994754, 0, 0.722454, 0.954673
3.651, 0.0411558, 0, 0, 0, 0, 0, 0, 0, 0, 0.560852, 0.994006, 0, 0.722109, 0.954711
3.653, 0.0413093, 0, 0, 0, 0, 0, 0, 0, 0, 0.561241, 0.993232, 0, 0.722164, 0.954717
3.654, 0.0413907, 0, 0, 0, 0, 0, 0, 0, 0, 0.561553, 0.993189, 0, 0.722583, 0.954702
3.656, 0.0415599, 0, 0, 0, 0, 0, 0, 0, 0, 0.561555, 0.99241, 0, 0.722628, 0.954708
3.658, 0.0417402, 0, 0, 0, 0, 0, 0, 0, 0, 0.561969, 0.99171, 0, 0.722281, 0.954743
3.66, 0.041933, 0, 0, 0, 0, 0, 0, 0, 0, 0.560381, 0.990902, 0, 0.722732, 0.954722
3.661, 0.0420275, 0, 0, 0, 0, 0, 0, 0, 0, 0.560575, 0.990556, 0, 0.722449, 0.954542
3.663, 0.042233, 0, 0, 0, 0, 0, 0, 0, 0, 0.561035, 0.989521, 0, 0.722825, 0.954497
3.665, 0.0424425, 0, 0, 0, 0, 0, 0, 0, 0, 0.561483, 0.988814, 0, 0.722876, 0.954504
3.667, 0.0426594, 0, 0, 0, 0, 0, 0, 0, 0, 0.561638, 0.988106, 0, 0.722536, 0.95454
3.668, 0.0427703, 0, 0, 0, 0, 0, 0, 0, 0, 0.56186, 0.987778, 0, 0.722959, 0.954514
3.67, 0.0429923, 0, 0, 0, 0, 0, 0, 0, 0, 0.562308, 0.987127, 0, 0.723011, 0.954522
3.672, 0.0432176, 0, 0, 0, 0, 0, 0, 0, 0, 0.562531, 0.98655, 0, 0.722671, 0.954571
3.674, 0.0434458, 0, 0, 0, 0, 0, 0, 0, 0, 0.565538, 0.986007, 0, 0.723125, 0.954567
3.675, 0.0435539, 0, 0, 0, 0, 0, 0, 0, 0, 0.565828, 0.985708, 0, 0.722758, 0.9546
3.677, 0.0437763, 0, 0, 0, 0, 0, 0, 0, 0, 0.566407, 0.985122, 0, 0.72321, 0.954581
3.679, 0.0439926, 0, 0, 0, 0, 0, 0, 0, 0, 0.566992, 0.984603, 0, 0.723274, 0.954618
3.681, 0.0442056, 0, 0, 0, 0, 0, 0, 0, 0, 0.567494, 0.983982, 0, 0.723333, 0.95463
3.682, 0.0443081, 0, 0, 0, 0, 0, 0, 0, 0, 0.566805, 0.983394, 0, 0.72336, 0.954634
3.684, 0.0445018, 0, 0, 0, 0, 0, 0, 0, 0, 0.567325, 0.982791, 0, 0.723028, 0.954676
