Time,Stouch_RA5C1,Stouch_RA6D1,Stouch_RA4P2,Stouch_RA5C2,Stouch_RA6D2,Stouch_RA4P3,Stouch_RA5C3,Stouch_RA6D3,Stouch_RA4P4,Stouch_RA5C4,Stouch_RA6D4,Stouch_RA4P5,Stouch_RA5C5,Stouch_RA6D5
0, 0, 0, 0, 0, 0, 0, 0, 0, 0, 0, 0, 0, 0, 0
0.001, 0, 0, 0, 0, 0, 0, 0, 0, 0, 0, 0, 0, 0, 0
0.002, 0, 0, 0, 0, 0, 0, 0, 0, 0, 0, 0, 0, 0, 0
0.003, 0, 0, 0, 0, 0, 0, 0, 0, 0, 0, 0, 0, 0, 0
0.004, 0, 0, 0, 0, 0, 0, 0, 0, 0, 0, 0, 0, 0, 0
0.005, 0, 0, 0, 0, 0, 0, 0, 0, 0, 0, 0, 0, 0, 0
0.006, 0, 0, 0, 0, 0, 0, 0, 0, 0, 0, 0, 0, 0, 0
0.007, 0, 0, 0, 0, 0, 0, 0, 0, 0, 0, 0, 0, 0, 0
0.008, 0, 0, 0, 0, 0, 0, 0, 0, 0, 0, 0, 0, 0, 0
0.009, 0, 0, 0, 0, 0, 0, 0, 0, 0, 0, 0, 0, 0, 0
0.01, 0, 0, 0, 0, 0, 0, 0, 0, 0, 0, 0, 0, 0, 0
0.011, 0, 0, 0, 0, 0, 0, 0, 0, 0, 0, 0, 0, 0, 0
0.012, 0, 0, 0, 0, 0, 0, 0, 0, 0, 0, 0, 0, 0, 0
0.013, 0, 0, 0, 0, 0, 0, 0, 0, 0, 0, 0, 0, 0, 0
0.014, 0, 0, 0, 0, 0, 0, 0, 0, 0, 0, 0, 0, 0, 0
0.015, 0, 0, 0, 0, 0, 0, 0, 0, 0, 0, 0, 0, 0, 0
0.016, 0, 0, 0, 0, 0, 0, 0, 0, 0, 0, 0, 0, 0, 0
0.017, 0, 0, 0, 0, 0, 0, 0, 0, 0, 0, 0, 0, 0, 0
0.018, 0, 0, 0, 0, 0, 0, 0, 0, 0, 0, 0, 0, 0, 0
0.019, 0, 0, 0, 0, 0, 0, 0, 0, 0, 0, 0, 0, 0, 0
0.02, 0, 0, 0, 0, 0, 0, 0, 0, 0, 0, 0, 0, 0, 0
0.021, 0, 0, 0, 0, 0, 0, 0, 0, 0, 0, 0, 0, 0, 0
0.022, 0, 0, 0, 0, 0, 0, 0, 0, 0, 0, 0, 0, 0, 0
0.023, 0, 0, 0, 0, 0, 0, 0, 0, 0, 0, 0, 0, 0, 0
0.024, 0, 0, 0, 0, 0, 0, 0, 0, 0, 0, 0, 0, 0, 0
0.025, 0, 0, 0, 0, 0, 0, 0, 0, 0, 0, 0, 0, 0, 0
0.026, 0, 0, 0, 0, 0, 0, 0, 0, 0, 0, 0, 0, 0, 0
0.027, 0, 0, 0, 0, 0, 0, 0, 0, 0, 0, 0, 0, 0, 0
0.028, 0, 0, 0, 0, 0, 0, 0, 0, 0, 0, 0, 0, 0, 0
0.029, 0, 0, 0, 0, 0, 0, 0, 0, 0, 0, 0, 0, 0, 0
0.03, 0, 0, 0, 0, 0, 0, 0, 0, 0, 0, 0, 0, 0, 0
0.031, 0, 0, 0, 0, 0, 0, 0, 0, 0, 0, 0, 0, 0, 0
0.032, 0, 0, 0, 0, 0, 0, 0, 0, 0, 0, 0, 0, 0, 0
0.033, 0, 0, 0, 0, 0, 0, 0, 0, 0, 0, 0, 0, 0, 0
0.034, 0, 0, 0, 0, 0, 0, 0, 0, 0, 0, 0, 0, 0, 0
0.035, 0, 0, 0, 0, 0, 0, 0, 0, 0, 0, 0, 0, 0, 0
0.036, 0, 0, 0, 0, 0, 0, 0, 0, 0, 0, 0, 0, 0, 0
0.037, 0, 0, 0, 0, 0, 0, 0, 0, 0, 0, 0, 0, 0, 0
0.038, 0, 0, 0, 0, 0, 0, 0, 0, 0, 0, 0, 0, 0, 0
0.039, 0, 0, 0, 0, 0, 0, 0, 0, 0, 0, 0, 0, 0, 0
0.04, 0, 0, 0, 0, 0, 0, 0, 0, 0, 0, 0, 0, 0, 0
0.041, 0, 0, 0, 0, 0, 0, 0, 0, 0, 0, 0, 0, 0, 0
0.042, 0, 0, 0, 0, 0, 0, 0, 0, 0, 0, 0, 0, 0, 0
0.043, 0, 0, 0, 0, 0, 0, 0, 0, 0, 0, 0, 0, 0, 0
0.044, 0, 0, 0, 0, 0, 0, 0, 0, 0, 0, 0, 0, 0, 0
0.045, 0, 0, 0, 0, 0, 0, 0, 0, 0, 0, 0, 0, 0, 0
0.046, 0, 0, 0, 0, 0, 0, 0, 0, 0, 0, 0, 0, 0, 0
0.047, 0, 0, 0, 0, 0, 0, 0, 0, 0, 0, 0, 0, 0, 0
0.048, 0, 0, 0, 0, 0, 0, 0, 0, 0, 0, 0, 0, 0, 0
0.049, 0, 0, 0, 0, 0, 0, 0, 0, 0, 0, 0, 0, 0, 0
0.05, 0, 0, 0, 0, 0, 0, 0, 0, 0, 0, 0, 0, 0, 0
0.051, 0, 0, 0, 0, 0, 0, 0, 0, 0, 0, 0, 0, 0, 0
0.052, 0, 0, 0, 0, 0, 0, 0, 0, 0, 0, 0, 0, 0, 0
0.053, 0, 0, 0, 0, 0, 0, 0, 0, 0, 0, 0, 0, 0, 0
0.054, 0, 0, 0, 0, 0, 0, 0, 0, 0, 0, 0, 0, 0, 0
0.055, 0, 0, 0, 0, 0, 0, 0, 0, 0, 0, 0, 0, 0, 0
0.056, 0, 0, 0, 0, 0, 0, 0, 0, 0, 0, 0, 0, 0, 0
0.057, 0, 0, 0, 0, 0, 0, 0, 0, 0, 0, 0, 0, 0, 0
0.058, 0, 0, 0, 0, 0, 0, 0, 0, 0, 0, 0, 0, 0, 0
0.059, 0, 0, 0, 0, 0, 0, 0, 0, 0, 0, 0, 0, 0, 0
0.06, 0, 0, 0, 0, 0, 0, 0, 0, 0, 0, 0, 0, 0, 0
0.061, 0, 0, 0, 0, 0, 0, 0, 0, 0, 0, 0, 0, 0, 0
0.062, 0, 0, 0, 0, 0, 0, 0, 0, 0, 0, 0, 0, 0, 0
0.063, 0, 0, 0, 0, 0, 0, 0, 0, 0, 0, 0, 0, 0, 0
0.064, 0, 0, 0, 0, 0, 0, 0, 0, 0, 0, 0, 0, 0, 0
0.065, 0, 0, 0, 0, 0, 0, 0, 0, 0, 0, 0, 0, 0, 0
0.066, 0, 0, 0, 0, 0, 0, 0, 0, 0, 0, 0, 0, 0, 0
0.067, 0, 0, 0, 0, 0, 0, 0, 0, 0, 0, 0, 0, 0, 0
0.068, 0, 0, 0, 0, 0, 0, 0, 0, 0, 0, 0, 0, 0, 0
0.069, 0, 0, 0, 0, 0, 0, 0, 0, 0, 0, 0, 0, 0, 0
0.07, 0, 0, 0, 0, 0, 0, 0, 0, 0, 0, 0, 0, 0, 0
0.071, 0, 0, 0, 0, 0, 0, 0, 0, 0, 0, 0, 0, 0, 0
0.072, 0, 0, 0, 0, 0, 0, 0, 0, 0, 0, 0, 0, 0, 0
0.073, 0, 0, 0, 0, 0, 0, 0, 0, 0, 0, 0, 0, 0, 0
0.074, 0, 0, 0, 0, 0, 0, 0, 0, 0, 0, 0, 0, 0, 0
0.075, 0, 0, 0, 0, 0, 0, 0, 0, 0, 0, 0, 0, 0, 0
0.076, 0, 0, 0, 0, 0, 0, 0, 0, 0, 0, 0, 0, 0, 0
0.077, 0, 0, 0, 0, 0, 0, 0, 0, 0, 0, 0, 0, 0, 0
0.078, 0, 0, 0, 0, 0, 0, 0, 0, 0, 0, 0, 0, 0, 0
0.079, 0, 0, 0, 0, 0, 0, 0, 0, 0, 0, 0, 0, 0, 0
0.08, 0, 0, 0, 0, 0, 0, 0, 0, 0, 0, 0, 0, 0, 0
0.081, 0, 0, 0, 0, 0, 0, 0, 0, 0, 0, 0, 0, 0, 0
0.082, 0, 0, 0, 0, 0, 0, 0, 0, 0, 0, 0, 0, 0, 0
0.083, 0, 0, 0, 0, 0, 0, 0, 0, 0, 0, 0, 0, 0, 0
0.084, 0, 0, 0, 0, 0, 0, 0, 0, 0, 0, 0, 0, 0, 0
0.085, 0, 0, 0, 0, 0, 0, 0, 0, 0, 0, 0, 0, 0, 0
0.086, 0, 0, 0, 0, 0, 0, 0, 0, 0, 0, 0, 0, 0, 0
0.087, 0, 0, 0, 0, 0, 0, 0, 0, 0, 0, 0, 0, 0, 0
0.088, 0, 0, 0, 0, 0, 0, 0, 0, 0, 0, 0, 0, 0, 0
0.089, 0, 0, 0, 0, 0, 0, 0, 0, 0, 0, 0, 0, 0, 0
0.09, 0, 0, 0, 0, 0, 0, 0, 0, 0, 0, 0, 0, 0, 0
0.091, 0, 0, 0, 0, 0, 0, 0, 0, 0, 0, 0, 0, 0, 0
0.092, 0, 0, 0, 0, 0, 0, 0, 0, 0, 0, 0, 0, 0, 0
0.093, 0, 0, 0, 0, 0, 0, 0, 0, 0, 0, 0, 0, 0, 0
0.094, 0, 0, 0, 0, 0, 0, 0, 0, 0, 0, 0, 0, 0, 0
0.095, 0, 0, 0, 0, 0, 0, 0, 0, 0, 0, 0, 0, 0, 0
0.096, 0, 0, 0, 0, 0, 0, 0, 0, 0, 0, 0, 0, 0, 0
0.097, 0, 0, 0, 0, 0, 0, 0, 0, 0, 0, 0, 0, 0, 0
0.098, 0, 0, 0, 0, 0, 0, 0, 0, 0, 0, 0, 0, 0, 0
0.099, 0, 0, 0, 0, 0, 0, 0, 0, 0, 0, 0, 0, 0, 0
0.1, 0, 0, 0, 0, 0, 0, 0, 0, 0, 0, 0, 0, 0, 0
0.101, 0, 0, 0, 0, 0, 0, 0, 0, 0, 0, 0, 0, 0, 0
0.102, 0, 0, 0, 0, 0, 0, 0, 0, 0, 0, 0, 0, 0, 0
0.103, 0, 0, 0, 0, 0, 0, 0, 0, 0, 0, 0, 0, 0, 0
0.104, 0, 0, 0, 0, 0, 0, 0, 0, 0, 0, 0, 0, 0, 0
0.105, 0, 0, 0, 0, 0, 0, 0, 0, 0, 0, 0, 0, 0, 0
0.106, 0, 0, 0, 0, 0, 0, 0, 0, 0, 0, 0, 0, 0, 0
0.107, 0, 0, 0, 0, 0, 0, 0, 0, 0, 0, 0, 0, 0, 0
0.108, 0, 0, 0, 0, 0, 0, 0, 0, 0, 0, 0, 0, 0, 0
0.109, 0, 0, 0, 0, 0, 0, 0, 0, 0, 0, 0, 0, 0, 0
0.11, 0, 0, 0, 0, 0, 0, 0, 0, 0, 0, 0, 0, 0, 0
0.111, 0, 0, 0, 0, 0, 0, 0, 0, 0, 0, 0, 0, 0, 0
0.112, 0, 0, 0, 0, 0, 0, 0, 0, 0, 0, 0, 0, 0, 0
0.113, 0, 0, 0, 0, 0, 0, 0, 0, 0, 0, 0, 0, 0, 0
0.114, 0, 0, 0, 0, 0, 0, 0, 0, 0, 0, 0, 0, 0, 0
0.115, 0, 0, 0, 0, 0, 0, 0, 0, 0, 0, 0, 0, 0, 0
0.116, 0, 0, 0, 0, 0, 0, 0, 0, 0, 0, 0, 0, 0, 0
0.117, 0, 0, 0, 0, 0, 0, 0, 0, 0, 0, 0, 0, 0, 0
0.118, 0, 0, 0, 0, 0, 0, 0, 0, 0, 0, 0, 0, 0, 0
0.119, 0, 0, 0, 0, 0, 0, 0, 0, 0, 0, 0, 0, 0, 0
0.12, 0, 0, 0, 0, 0, 0, 0, 0, 0, 0, 0, 0, 0, 0
0.121, 0, 0, 0, 0, 0, 0, 0, 0, 0, 0, 0, 0, 0, 0
0.122, 0, 0, 0, 0, 0, 0, 0, 0, 0, 0, 0, 0, 0, 0
0.123, 0, 0, 0, 0, 0, 0, 0, 0, 0, 0, 0, 0, 0, 0
0.124, 0, 0, 0, 0, 0, 0, 0, 0, 0, 0, 0, 0, 0, 0
0.125, 0, 0, 0, 0, 0, 0, 0, 0, 0, 0, 0, 0, 0, 0
0.126, 0, 0, 0, 0, 0, 0, 0, 0, 0, 0, 0, 0, 0, 0
0.127, 0, 0, 0, 0, 0, 0, 0, 0, 0, 0, 0, 0, 0, 0
0.128, 0, 0, 0, 0, 0, 0, 0, 0, 0, 0, 0, 0, 0, 0
0.129, 0, 0, 0, 0, 0, 0, 0, 0, 0, 0, 0, 0, 0, 0
0.13, 0, 0, 0, 0, 0, 0, 0, 0, 0, 0, 0, 0, 0, 0
0.131, 0, 0, 0, 0, 0, 0, 0, 0, 0, 0, 0, 0, 0, 0
0.132, 0, 0, 0, 0, 0, 0, 0, 0, 0, 0, 0, 0, 0, 0
0.133, 0, 0, 0, 0, 0, 0, 0, 0, 0, 0, 0, 0, 0, 0
0.134, 0, 0, 0, 0, 0, 0, 0, 0, 0, 0, 0, 0, 0, 0
0.135, 0, 0, 0, 0, 0, 0, 0, 0, 0, 0, 0, 0, 0, 0
0.136, 0, 0, 0, 0, 0, 0, 0, 0, 0, 0, 0, 0, 0, 0
0.137, 0, 0, 0, 0, 0, 0, 0, 0, 0, 0, 0, 0, 0, 0
0.138, 0, 0, 0, 0, 0, 0, 0, 0, 0, 0, 0, 0, 0, 0
0.139, 0, 0, 0, 0, 0, 0, 0, 0, 0, 0, 0, 0, 0, 0
0.14, 0, 0, 0, 0, 0, 0, 0, 0, 0, 0, 0, 0, 0, 0
0.141, 0, 0, 0, 0, 0, 0, 0, 0, 0, 0, 0, 0, 0, 0
0.142, 0, 0, 0, 0, 0, 0, 0, 0, 0, 0, 0, 0, 0, 0
0.143, 0, 0, 0, 0, 0, 0, 0, 0, 0, 0, 0, 0, 0, 0
0.144, 0, 0, 0, 0, 0, 0, 0, 0, 0, 0, 0, 0, 0, 0
0.145, 0, 0, 0, 0, 0, 0, 0, 0, 0, 0, 0, 0, 0, 0
0.146, 0, 0, 0, 0, 0, 0, 0, 0, 0, 0, 0, 0, 0, 0
0.147, 0, 0, 0, 0, 0, 0, 0, 0, 0, 0, 0, 0, 0, 0
0.148, 0, 0, 0, 0, 0, 0, 0, 0, 0, 0, 0, 0, 0, 0
0.149, 0, 0, 0, 0, 0, 0, 0, 0, 0, 0, 0, 0, 0, 0
0.15, 0, 0, 0, 0, 0, 0, 0, 0, 0, 0, 0, 0, 0, 0
0.151, 0, 0, 0, 0, 0, 0, 0, 0, 0, 0, 0, 0, 0, 0
0.152, 0, 0, 0, 0, 0, 0, 0, 0, 0, 0, 0, 0, 0, 0
0.153, 0, 0, 0, 0, 0, 0, 0, 0, 0, 0, 0, 0, 0, 0
0.154, 0, 0, 0, 0, 0, 0, 0, 0, 0, 0, 0, 0, 0, 0
0.155, 0, 0, 0, 0, 0, 0, 0, 0, 0, 0, 0, 0, 0, 0
0.156, 0, 0, 0, 0, 0, 0, 0, 0, 0, 0, 0, 0, 0, 0
0.157, 0, 0, 0, 0, 0, 0, 0, 0, 0, 0, 0, 0, 0, 0
0.158, 0, 0, 0, 0, 0, 0, 0, 0, 0, 0, 0, 0, 0, 0
0.159, 0, 0, 0, 0, 0, 0, 0, 0, 0, 0, 0, 0, 0, 0
0.16, 0, 0, 0, 0, 0, 0, 0, 0, 0, 0, 0, 0, 0, 0
0.161, 0, 0, 0, 0, 0, 0, 0, 0, 0, 0, 0, 0, 0, 0
0.162, 0, 0, 0, 0, 0, 0, 0, 0, 0, 0, 0, 0, 0, 0
0.163, 0, 0, 0, 0, 0, 0, 0, 0, 0, 0, 0, 0, 0, 0
0.164, 0, 0, 0, 0, 0, 0, 0, 0, 0, 0, 0, 0, 0, 0
0.165, 0, 0, 0, 0, 0, 0, 0, 0, 0, 0, 0, 0, 0, 0
0.166, 0, 0, 0, 0, 0, 0, 0, 0, 0, 0, 0, 0, 0, 0
0.167, 0, 0, 0, 0, 0, 0, 0, 0, 0, 0, 0, 0, 0, 0
0.168, 0, 0, 0, 0, 0, 0, 0, 0, 0, 0, 0, 0, 0, 0
0.169, 0, 0, 0, 0, 0, 0, 0, 0, 0, 0, 0, 0, 0, 0
0.17, 0, 0, 0, 0, 0, 0, 0, 0, 0, 0, 0, 0, 0, 0
0.171, 0, 0, 0, 0, 0, 0, 0, 0, 0, 0, 0, 0, 0, 0
0.172, 0, 0, 0, 0, 0, 0, 0, 0, 0, 0, 0, 0, 0, 0
0.173, 0, 0, 0, 0, 0, 0, 0, 0, 0, 0, 0, 0, 0, 0
0.174, 0, 0, 0, 0, 0, 0, 0, 0, 0, 0, 0, 0, 0, 0
0.175, 0, 0, 0, 0, 0, 0, 0, 0, 0, 0, 0, 0, 0, 0
0.176, 0, 0, 0, 0, 0, 0, 0, 0, 0, 0, 0, 0, 0, 0
0.177, 0, 0, 0, 0, 0, 0, 0, 0, 0, 0, 0, 0, 0, 0
0.178, 0, 0, 0, 0, 0, 0, 0, 0, 0, 0, 0, 0, 0, 0
0.179, 0, 0, 0, 0, 0, 0, 0, 0, 0, 0, 0, 0, 0, 0
0.18, 0, 0, 0, 0, 0, 0, 0, 0, 0, 0, 0, 0, 0, 0
0.181, 0, 0, 0, 0, 0, 0, 0, 0, 0, 0, 0, 0, 0, 0
0.182, 0, 0, 0, 0, 0, 0, 0, 0, 0, 0, 0, 0, 0, 0
0.183, 0, 0, 0, 0, 0, 0, 0, 0, 0, 0, 0, 0, 0, 0
0.184, 0, 0, 0, 0, 0, 0, 0, 0, 0, 0, 0, 0, 0, 0
0.185, 0, 0, 0, 0, 0, 0, 0, 0, 0, 0, 0, 0, 0, 0
0.186, 0, 0, 0, 0, 0, 0, 0, 0, 0, 0, 0, 0, 0, 0
0.187, 0, 0, 0, 0, 0, 0, 0, 0, 0, 0, 0, 0, 0, 0
0.188, 0, 0, 0, 0, 0, 0, 0, 0, 0, 0, 0, 0, 0, 0
0.189, 0, 0, 0, 0, 0, 0, 0, 0, 0, 0, 0, 0, 0, 0
0.19, 0, 0, 0, 0, 0, 0, 0, 0, 0, 0, 0, 0, 0, 0
0.191, 0, 0, 0, 0, 0, 0, 0, 0, 0, 0, 0, 0, 0, 0
0.192, 0, 0, 0, 0, 0, 0, 0, 0, 0, 0, 0, 0, 0, 0
0.193, 0, 0, 0, 0, 0, 0, 0, 0, 0, 0, 0, 0, 0, 0
0.194, 0, 0, 0, 0, 0, 0, 0, 0, 0, 0, 0, 0, 0, 0
0.195, 0, 0, 0, 0, 0, 0, 0, 0, 0, 0, 0, 0, 0, 0
0.196, 0, 0, 0, 0, 0, 0, 0, 0, 0, 0, 0, 0, 0, 0
0.197, 0, 0, 0, 0, 0, 0, 0, 0, 0, 0, 0, 0, 0, 0
0.198, 0, 0, 0, 0, 0, 0, 0, 0, 0, 0, 0, 0, 0, 0
0.199, 0, 0, 0, 0, 0, 0, 0, 0, 0, 0, 0, 0, 0, 0
0.2, 0, 0, 0, 0, 0, 0, 0, 0, 0, 0, 0, 0, 0, 0
0.201, 0, 0, 0, 0, 0, 0, 0, 0, 0, 0, 0, 0, 0, 0
0.202, 0, 0, 0, 0, 0, 0, 0, 0, 0, 0, 0, 0, 0, 0
0.203, 0, 0, 0, 0, 0, 0, 0, 0, 0, 0, 0, 0, 0, 0
0.204, 0, 0, 0, 0, 0, 0, 0, 0, 0, 0, 0, 0, 0, 0
0.205, 0, 0, 0, 0, 0, 0, 0, 0, 0, 0, 0, 0, 0, 0
0.206, 0, 0, 0, 0, 0, 0, 0, 0, 0, 0, 0, 0, 0, 0
0.207, 0, 0, 0, 0, 0, 0, 0, 0, 0, 0, 0, 0, 0, 0
0.208, 0, 0, 0, 0, 0, 0, 0, 0, 0, 0, 0, 0, 0, 0
0.209, 0, 0, 0, 0, 0, 0, 0, 0, 0, 0, 0, 0, 0, 0
0.21, 0, 0, 0, 0, 0, 0, 0, 0, 0, 0, 0, 0, 0, 0
0.211, 0, 0, 0, 0, 0, 0, 0, 0, 0, 0, 0, 0, 0, 0
0.212, 0, 0, 0, 0, 0, 0, 0, 0, 0, 0, 0, 0, 0, 0
0.213, 0, 0, 0, 0, 0, 0, 0, 0, 0, 0, 0, 0, 0, 0
0.214, 0, 0, 0, 0, 0, 0, 0, 0, 0, 0, 0, 0, 0, 0
0.215, 0, 0, 0, 0, 0, 0, 0, 0, 0, 0, 0, 0, 0, 0
0.216, 0, 0, 0, 0, 0, 0, 0, 0, 0, 0, 0, 0, 0, 0
0.217, 0, 0, 0, 0, 0, 0, 0, 0, 0, 0, 0, 0, 0, 0
0.218, 0, 0, 0, 0, 0, 0, 0, 0, 0, 0, 0, 0, 0, 0
0.219, 0, 0, 0, 0, 0, 0, 0, 0, 0, 0, 0, 0, 0, 0
0.22, 0, 0, 0, 0, 0, 0, 0, 0, 0, 0, 0, 0, 0, 0
0.221, 0, 0, 0, 0, 0, 0, 0, 0, 0, 0, 0, 0, 0, 0
0.222, 0, 0, 0, 0, 0, 0, 0, 0, 0, 0, 0, 0, 0, 0
0.223, 0, 0, 0, 0, 0, 0, 0, 0, 0, 0, 0, 0, 0, 0
0.224, 0, 0, 0, 0, 0, 0, 0, 0, 0, 0, 0, 0, 0, 0
0.225, 0, 0, 0, 0, 0.330475, 0, 0, 0, 0, 0, 0, 0, 0, 0
0.226, 0, 0, 0, 0, 3.09911, 0, 0, 0, 0, 0, 0, 0, 0, 0
0.227, 0, 0, 0, 0, 0.388158, 0, 0, 0, 0, 0, 0, 0, 0, 0
0.228, 0, 0, 0, 0, 4.68364, 0, 0, 0, 0, 0, 0, 0, 0, 0
0.229, 0, 0, 0, 0, 0.12216, 0, 0, 0, 0, 0, 0, 0, 0, 0
0.23, 0, 0, 0, 1.70405, 1.2258, 0, 0, 0, 0, 0, 0, 0, 0, 0
0.231, 0, 0, 0, 0.302244, 4.95457, 0, 0, 0, 0, 0, 0, 0, 0, 0
0.232, 0, 0, 0, 0, 1.06536, 0, 0, 0, 0, 0, 0, 0, 0, 0
0.233, 0, 0, 0, 0.769551, 1.21748, 0, 0, 0, 0, 0, 0, 0, 0, 0
0.234, 0, 0, 0, 0.74555, 1.07768, 0, 0, 0, 0, 0, 0, 0, 0, 0
0.235, 0, 0, 0, 0.813163, 1.25942, 0, 0, 0, 0, 0, 0, 0, 0, 0
0.236, 0, 0, 0, 0.583605, 6.41322, 0, 0, 0, 0, 0, 0, 0, 0, 0
0.237, 0, 0, 0, 0, 1.02975, 0, 0, 0, 0, 0, 0, 0, 0, 0
0.238, 0, 0, 0, 0.306015, 0.538067, 0, 0, 0, 0, 0, 0, 0, 0, 0
0.239, 0, 0, 0, 0, 0.787919, 0, 0, 0, 0, 0, 0, 0, 0, 0
0.24, 0, 0, 0, 0, 0.62256, 0, 0, 0, 0, 0, 0, 0, 0, 0
0.241, 0, 0, 0, 0, 9.49582, 0, 0, 0, 0, 0, 0, 0, 0, 0
0.242, 0, 0, 0, 0, 0.451647, 0, 0, 0, 0, 0, 0, 0, 0, 0
0.243, 0, 0, 0, 0, 0.852887, 0, 0, 0, 0, 0, 0, 0, 0, 0
0.244, 0, 0, 0, 0, 0.509149, 0, 0, 0, 0, 0, 0, 0, 0, 0
0.245, 0, 0, 0, 0, 4.02262, 0, 0, 0, 0, 0, 0, 0, 0, 0
0.246, 0, 0, 0, 0, 0.31545, 0, 0, 0, 0, 0, 0, 0, 0, 0
0.247, 0, 0, 0, 0, 3.16744, 0, 0, 0, 0, 0, 0, 0, 0, 1.56443
0.248, 0, 0, 0, 0, 0, 0, 1.67038, 0, 0, 0, 0, 0, 0, 2.3134
0.249, 0, 0, 0, 0, 0, 0, 3.34364, 0, 0, 0, 0, 0, 0.194146, 2.05221
0.25, 0, 0, 0, 0, 0, 0, 3.1009, 1.71835, 0, 0, 0, 0, 0.692107, 2.21603
0.251, 0, 0, 0, 0, 0, 0, 4.5704, 1.5601, 0, 0, 0.743112, 0, 1.50523, 3.75352
0.252, 0, 0, 0, 0, 0, 0, 6.41746, 2.37404, 0, 0, 1.18121, 0, 1.6875, 5.75552
0.253, 0, 0, 0, 0, 0, 0, 15.7546, 6.8943, 0, 0, 1.26659, 0, 2.45872, 6.94357
0.254, 0, 0, 0, 0, 0, 0, 7.62117, 4.45756, 0, 0, 3.5987, 0, 2.35166, 7.10235
0.255, 0, 0, 0, 0, 0, 0, 8.52191, 5.03514, 0, 0.0704773, 2.21903, 0, 2.07679, 6.43641
0.256, 0, 0, 0, 0, 0, 0, 8.74388, 5.63846, 0, 0.462976, 1.88348, 0, 2.23708, 5.81793
0.257, 0, 0, 0, 0, 0, 0, 8.1133, 6.29968, 0, 0.663115, 2.05785, 0, 5.82966, 5.88815
0.258, 0, 0, 0, 0, 0, 0, 7.9888, 6.9354, 0, 0.835404, 2.31052, 0, 2.12882, 7.28867
0.259, 0, 0, 0, 0, 0, 0, 7.52064, 7.17315, 0, 1.10344, 2.56049, 0, 2.2377, 5.95121
0.26, 0, 0, 0, 0, 0, 0, 7.16298, 7.26437, 0, 1.56597, 3.06812, 0, 2.26675, 4.73931
0.261, 0, 0, 0, 0, 0, 0, 7.05471, 7.25043, 0, 2.37997, 4.17955, 0, 2.21804, 3.75603
0.262, 0, 0, 0, 0, 0, 0, 6.42208, 7.085, 0, 2.83089, 4.56943, 0, 2.22661, 2.95838
0.263, 0, 0, 0, 0, 0, 0, 7.35139, 7.88743, 0, 3.47271, 4.98338, 0, 2.19561, 2.5172
0.264, 0, 0, 0, 0, 0, 0, 7.06206, 7.95999, 0, 4.23094, 5.26016, 0, 2.15567, 2.05707
0.265, 0, 0, 0, 0, 0, 0, 7.06146, 7.9149, 0, 5.12857, 5.56739, 0, 2.07188, 1.86964
0.266, 0, 0, 0, 0, 0, 0, 7.09467, 7.84954, 0, 5.92497, 5.7432, 0, 2.01042, 1.76179
0.267, 0, 0, 0, 0, 0, 0, 7.15481, 7.69401, 0, 6.33539, 6.10985, 0, 1.96873, 1.67915
0.268, 0, 0, 0, 0, 0, 0, 8.0736, 7.41222, 0, 6.23465, 6.11819, 0, 1.867, 1.68224
0.269, 0, 0, 0, 0, 0, 0, 8.21565, 7.34557, 0, 6.67319, 6.16772, 0, 1.78119, 1.62673
0.27, 0, 0, 0, 0, 0, 0, 8.42878, 7.43502, 0, 6.77232, 6.21128, 0, 1.77071, 1.60038
0.271, 0, 0, 0, 0, 0, 0, 8.65466, 7.31307, 0, 6.7668, 6.1549, 0, 1.72864, 1.57623
0.272, 0, 0, 0, 0, 0, 0, 8.80618, 7.24463, 0, 6.78323, 6.07234, 0, 1.68415, 1.58691
0.273, 0, 0, 0, 0, 0, 0, 8.86824, 7.1065, 0, 6.80204, 6.29634, 0, 1.65977, 1.56761
0.274, 0, 0, 0, 0, 0, 0, 9.0534, 7.04651, 0, 6.67827, 6.30469, 0, 1.62349, 1.54211
0.275, 0, 0, 0, 0, 0, 0, 9.0552, 7.03803, 0, 6.57728, 6.19145, 0, 1.56553, 1.54097
0.276, 0, 0, 0, 0, 0, 0, 9.04845, 6.97232, 0, 6.48655, 6.11319, 0, 1.53431, 1.64277
0.277, 0, 0, 0, 0, 0, 0, 10.0597, 8.15618, 0, 6.4562, 6.22197, 0, 1.57909, 1.53905
0.278, 0, 0, 0, 0, 0, 0, 8.97744, 6.84198, 0, 6.39642, 5.97062, 0, 1.48533, 1.56082
0.279, 0, 0, 0, 0, 0, 0, 8.98952, 6.71953, 0, 6.33092, 5.90705, 0, 1.45032, 1.59058
0.28, 0, 0, 0, 0, 0, 0, 9.57134, 7.33515, 0, 6.27175, 5.95577, 0, 1.46349, 1.53782
0.281, 0, 0, 0, 0, 0, 0, 11.8636, 4.20573, 0, 11.5739, 7.84255, 0, 2.98892, 1.39848
0.282, 0, 0, 0, 0, 0, 0, 9.95576, 4.66089, 0, 8.79628, 6.43825, 0, 2.29586, 1.11964
0.283, 0, 0, 0, 0, 0, 0, 9.25428, 5.21908, 0, 7.46388, 5.86792, 0, 1.93251, 1.17607
0.284, 0, 0, 0, 0, 0, 0, 8.86109, 5.40121, 0, 6.93895, 5.6605, 0, 1.78672, 1.23863
0.285, 0, 0, 0, 0, 0, 0, 8.62997, 5.4082, 0, 6.72558, 5.53068, 0, 1.72917, 1.256
0.286, 0, 0, 0, 0, 0, 0, 8.32733, 5.40682, 0, 6.6318, 5.45454, 0, 1.70307, 1.25453
0.287, 0, 0, 0, 0, 0, 0, 8.22367, 4.96925, 0, 6.57681, 5.42206, 0, 1.66523, 1.23402
0.288, 0, 0, 0, 0, 0, 0, 8.11324, 4.87736, 0, 6.56171, 5.42791, 0, 1.66962, 1.22641
0.289, 0, 0, 0, 0, 0, 0, 11.7929, 8.99301, 0, 6.58946, 6.07058, 0, 1.82009, 0.987725
0.29, 0, 0, 0, 0, 0, 0, 8.42839, 4.69208, 0, 6.88773, 5.50538, 0, 1.71702, 1.14806
0.291, 0, 0, 0, 0, 0, 0, 8.17228, 4.76345, 0, 6.61422, 5.36172, 0, 1.65416, 1.21423
0.292, 0, 0, 0, 0, 0, 0, 8.05801, 4.76162, 0, 6.49587, 5.22763, 0, 1.62777, 1.22766
0.293, 0, 0, 0, 0, 0, 0, 7.87898, 4.67352, 0, 6.40085, 5.11322, 0, 1.60999, 1.23759
0.294, 0, 0, 0, 0, 0, 0, 7.78376, 4.61616, 0, 6.34365, 5.0097, 0, 1.61871, 1.21933
0.295, 0, 0, 0, 0, 0, 0, 7.62581, 4.56501, 0, 6.28387, 4.9151, 0, 1.60144, 1.2287
0.296, 0, 0, 0, 0, 0, 0, 7.53243, 4.48612, 0, 6.21461, 4.86444, 0, 1.58749, 1.23341
0.297, 0, 0, 0, 0, 0, 0, 7.48841, 4.39561, 0, 6.16338, 4.76682, 0, 1.57785, 1.23906
0.298, 0, 0, 0, 0, 0, 0, 7.2956, 4.27263, 0, 6.09773, 4.68936, 0, 1.56892, 1.23536
0.299, 0, 0, 0, 0, 0, 0, 7.21565, 4.21797, 0, 6.04511, 4.60181, 0, 1.5583, 1.2432
0.3, 0, 0, 0, 0, 0, 0, 7.14926, 4.15083, 0, 5.95715, 4.52963, 0, 1.54834, 1.24
0.301, 0, 0, 0, 0, 0, 0, 7.22768, 4.23411, 0, 5.91825, 4.45396, 0, 1.53748, 1.24316
0.302, 0, 0, 0, 0, 0, 0, 7.12151, 4.12991, 0, 5.91151, 4.35134, 0, 1.53176, 1.24582
0.303, 0, 0, 0, 0, 0, 0, 6.98119, 4.05764, 0, 5.84903, 4.28428, 0, 1.52057, 1.25452
0.304, 0, 0, 0, 0, 0, 0, 6.87076, 4.01001, 0, 5.79931, 4.21314, 0, 1.51001, 1.26205
0.305, 0, 0, 0, 0, 0, 0, 6.846, 3.9817, 0, 5.75158, 4.14091, 0, 1.49943, 1.26902
0.306, 0, 0, 0, 0, 0, 0, 6.77554, 3.92907, 0, 5.71663, 4.06394, 0, 1.48771, 1.27347
0.307, 0, 0, 0, 0, 0, 0, 6.68353, 3.88132, 0, 5.66202, 3.92337, 0, 1.47927, 1.27744
0.308, 0, 0, 0, 0, 0, 0, 6.62148, 3.82027, 0, 5.60763, 3.75266, 0, 1.47223, 1.28742
0.309, 0, 0, 0, 0, 0, 0, 6.57264, 3.65193, 0, 5.55422, 3.65698, 0, 1.46826, 1.28519
0.31, 0, 0, 0, 0, 0, 0, 7.63306, 4.49774, 0, 5.49868, 3.7137, 0, 0.894924, 1.85411
0.311, 0, 0, 0, 0, 0, 0, 7.04833, 4.00707, 0, 5.48481, 3.63911, 0, 1.25754, 1.37162
0.312, 0, 0, 0, 0, 0, 0, 3.71812, 3.65602, 0, 5.4128, 3.46157, 0, 1.37007, 1.29717
0.313, 0, 0, 0, 0, 0, 0, 3.70359, 3.6058, 0, 5.32496, 3.31268, 0, 1.36947, 1.29595
0.314, 0, 0, 0, 0, 0, 0, 3.69726, 3.59976, 0, 5.22194, 3.18724, 0, 1.35214, 1.27683
0.315, 0, 0, 0, 0, 0, 0, 3.69191, 3.59041, 0, 5.15015, 3.09582, 0, 1.34618, 1.29429
0.316, 0, 0, 0, 0, 0, 0, 3.68259, 3.56227, 0, 5.07909, 2.96809, 0, 1.33439, 1.29612
0.317, 0, 0, 0, 0, 0, 0, 3.68002, 3.54827, 0, 5.02321, 2.84049, 0, 1.32332, 1.29023
0.318, 0, 0, 0, 0, 0, 0, 3.6794, 3.52698, 0, 4.98433, 2.70871, 0, 1.31896, 1.28632
0.319, 0, 0, 0, 0, 0, 0, 3.67667, 3.50033, 0, 4.94642, 2.59528, 0, 1.31373, 1.28366
0.32, 0, 0, 0, 0, 0, 0, 3.67614, 3.4876, 0, 5.03489, 2.46162, 0, 1.30777, 1.28043
0.321, 0, 0, 0, 0, 0, 0, 3.68413, 3.46057, 0, 4.96495, 2.36678, 0, 1.30291, 1.27614
0.322, 0, 0, 0, 0, 0, 0, 3.66451, 3.42807, 0, 4.89895, 2.27141, 0, 1.29679, 1.27535
0.323, 0, 0, 0, 0, 0, 0, 3.6704, 3.42659, 0, 4.81485, 2.19227, 0, 1.29642, 1.27086
0.324, 0, 0, 0, 0, 0, 0, 3.67174, 3.42941, 0, 4.76784, 2.11487, 0, 1.29321, 1.26637
0.325, 0, 0, 0, 0, 0, 0, 3.67228, 3.41251, 0, 4.68994, 2.01637, 0, 1.29059, 1.26015
0.326, 0, 0, 0, 0, 0, 0, 3.67243, 3.401, 0, 4.64921, 1.90157, 0, 1.28629, 1.2568
0.327, 0, 0, 0, 0, 0, 0, 3.67207, 3.40873, 0, 4.54708, 1.76656, 0, 1.2842, 1.25004
0.328, 0, 0, 0, 0, 0, 0, 3.67083, 3.40697, 0, 4.47181, 1.68494, 0, 1.28119, 1.24489
0.329, 0, 0, 0, 0, 0, 0, 3.66523, 3.39671, 0, 4.43306, 1.60656, 0, 1.27899, 1.24137
0.33, 0, 0, 0, 0, 0, 0, 3.66723, 3.39095, 0, 4.40336, 1.54157, 0, 1.27918, 1.25507
0.331, 0, 0, 0, 0, 0, 0, 3.66181, 3.382, 0, 4.34274, 1.47707, 0, 1.27408, 1.25229
0.332, 0, 0, 0, 0, 0, 0, 3.57588, 2.68156, 0, 4.27839, 1.34406, 0, 1.15132, 1.41472
0.333, 0, 0, 0, 0, 0, 0, 3.64247, 3.02296, 0, 4.29432, 1.32572, 0, 1.1706, 1.3453
0.334, 0, 0, 0, 0, 0, 0, 3.66482, 3.2625, 0, 4.28271, 1.30649, 0, 1.20942, 1.29217
0.335, 0, 0, 0, 0, 0, 0, 3.67393, 3.28734, 0, 4.26481, 1.26773, 0, 1.2389, 1.26055
0.336, 0, 0, 0, 0, 0, 0, 3.67741, 3.26626, 0, 4.27638, 1.22563, 0, 1.25135, 1.24913
0.337, 0, 0, 0, 0, 0, 0, 3.6797, 3.25596, 0, 4.26269, 1.15125, 0, 1.25771, 1.24129
0.338, 0, 0, 0, 0, 0, 0, 3.68037, 3.245, 0, 4.24811, 1.0607, 0, 1.25686, 1.23797
0.339, 0, 0, 0, 0, 0, 0, 3.68238, 3.2451, 0, 4.27378, 1.02473, 0, 1.25178, 1.23651
0.34, 0, 0, 0, 0, 0, 0, 3.68561, 3.23501, 0, 4.24616, 0.967574, 0, 1.24687, 1.23521
0.341, 0, 0, 0, 0, 0, 0, 3.68608, 3.23168, 0, 4.20602, 0.937897, 0, 1.24117, 1.23449
0.342, 0, 0, 0, 0, 0, 0, 3.68777, 3.24326, 0, 4.08849, 0.900053, 0, 1.23595, 1.23208
0.343, 0, 0, 0, 0, 0, 0, 3.68794, 3.23595, 0, 4.06772, 0.874314, 0, 1.24235, 1.23279
0.344, 0, 0, 0, 0, 0, 0, 3.68705, 3.23306, 0, 4.02786, 0.851871, 0, 1.22367, 1.2311
0.345, 0, 0, 0, 0, 0, 0, 3.68628, 3.22524, 0, 4.00586, 0.822803, 0, 1.23213, 1.23471
0.346, 0, 0, 0, 0, 0, 0, 3.68734, 3.24904, 0, 4.11507, 0.756632, 0, 1.22729, 1.23192
0.347, 0, 0, 0, 0, 0, 0, 3.68753, 3.24909, 0, 4.08324, 0.712384, 0, 1.22218, 1.23228
0.348, 0, 0, 0, 0, 0, 0, 3.71523, 3.44527, 0, 4.03487, 0.68777, 0, 1.2223, 1.21391
0.349, 0, 0, 0, 0, 0, 0, 3.71199, 3.43963, 0, 4.00274, 0.640378, 0, 1.21788, 1.21734
0.35, 0, 0, 0, 0, 0, 0, 3.71616, 3.44608, 0, 3.94372, 0.59954, 0, 1.21302, 1.21833
0.351, 0, 0.720435, 0, 0, 0, 0, 3.71969, 3.46234, 0, 3.9236, 0.542551, 0, 1.20934, 1.21829
0.352, 0, 0.709226, 0, 0, 0, 0, 3.72209, 3.47556, 0, 3.87703, 0.507396, 0, 1.20531, 1.21818
0.353, 0, 0.928588, 0, 0, 0, 0, 3.74919, 3.78285, 0, 3.84665, 0.461961, 0, 1.20587, 1.20111
0.354, 0, 0.7652, 0, 0, 0, 0, 3.74534, 3.70795, 0, 3.82039, 0.4286, 0, 1.19924, 1.20563
0.355, 0, 0.429746, 0, 0, 0, 0, 3.73229, 3.50232, 0, 3.81679, 0.399403, 0, 1.18603, 1.21703
0.356, 0, 0.40564, 0, 0, 0, 0, 3.73743, 3.51653, 0, 3.77453, 0.366782, 0, 1.18422, 1.21922
0.357, 0, 0.402879, 0, 0, 0, 0, 3.74146, 3.54526, 0, 3.74298, 0.342064, 0, 1.18435, 1.23055
0.358, 0, 1.3294, 0, 0, 0, 0, 3.7907, 4.14039, 0, 4.01819, 0.37442, 0, 1.18866, 1.20046
0.359, 0, 0.814352, 0, 0, 0, 0, 3.75666, 3.6345, 0, 3.99138, 0.335386, 0, 1.17873, 1.22381
0.36, 0, 0.612667, 0, 0, 0, 0, 3.75161, 3.60879, 0, 3.97907, 0.352521, 0, 1.17003, 1.23079
0.361, 0, 0.525992, 0, 0, 0, 0, 3.74971, 3.59601, 0, 3.95752, 0.333191, 0, 1.16542, 1.23364
0.362, 0, 0.48371, 0, 0, 0, 0, 3.74924, 3.5939, 0, 3.93006, 0.322155, 0, 1.15917, 1.23551
0.363, 0, 0.417271, 0, 0, 0, 0, 3.7471, 3.57445, 0, 3.90366, 0.304877, 0, 1.15594, 1.23934
0.364, 0, 0.411282, 0, 0, 0, 0, 3.74762, 3.58256, 0, 3.88283, 0.285629, 0, 1.1534, 1.24099
0.365, 0, 0.405421, 0, 0, 0, 0, 3.7468, 3.52675, 0, 3.84659, 0.265064, 0, 1.14872, 1.24385
0.366, 0, 0.396064, 0, 0, 0, 0, 3.74893, 3.57055, 0, 3.8202, 0.214728, 0, 1.14939, 1.2436
0.367, 0, 0.387379, 0, 0, 0, 0, 3.74919, 3.57303, 0, 3.92906, 0.216837, 0, 1.14343, 1.24421
0.368, 0, 0.378582, 0, 0, 0, 0, 3.74942, 3.57822, 0, 3.91525, 0.207495, 0, 1.13752, 1.24378
0.369, 0, 0.370112, 0, 0, 0, 0, 3.75157, 3.58782, 0, 3.92391, 0.194546, 0, 1.13338, 1.24266
0.37, 0, 0.362142, 0, 0, 0, 0, 3.75306, 3.59438, 0, 3.90197, 0.182267, 0, 1.13218, 1.24264
0.371, 0, 0.354569, 0, 0, 0, 0, 3.75411, 3.60029, 0, 3.86835, 0.133127, 0, 1.12725, 1.24225
0.372, 0, 0.347545, 0, 0, 0, 0, 3.75807, 3.6084, 0, 3.83916, 0.121827, 0, 1.12221, 1.24158
0.373, 0, 0.342156, 0, 0, 0, 0, 3.75819, 3.59309, 0, 3.76577, 0.107661, 0, 1.11873, 1.24307
0.374, 0, 0.336243, 0, 0, 0, 0, 3.75916, 3.61025, 0, 3.69854, 0.0962609, 0, 1.11615, 1.24311
0.375, 0, 0.330597, 0, 0, 0, 0, 3.76022, 3.61635, 0, 3.63413, 0.0845888, 0, 1.11379, 1.24312
0.376, 0, 0.325357, 0, 0, 0, 0, 3.76104, 3.62513, 0, 3.55358, 0.0760957, 0, 1.1132, 1.2441
0.377, 0, 0.320353, 0, 0, 0, 0, 3.76099, 3.63592, 0, 3.43493, 0.0671366, 0, 1.11123, 1.24484
0.378, 0, 0.315666, 0, 0, 0, 0, 3.76081, 3.6483, 0, 3.329, 0.0575168, 0, 1.10967, 1.24462
0.379, 0, 0.311863, 0, 0, 0, 0, 3.75922, 3.64756, 0, 3.22661, 0.0502933, 0, 1.1062, 1.24464
0.38, 0, 0.308502, 0, 0, 0, 0, 3.75804, 3.65208, 0, 3.20113, 0.0451729, 0, 1.10169, 1.24498
0.381, 0, 0.312829, 0, 0, 0, 0, 3.723, 3.5667, 0, 3.4, 0.675803, 0, 1.08249, 1.25689
0.382, 0, 0.30355, 0, 0, 0, 0, 3.74959, 3.60415, 0, 3.25541, 0.400254, 0, 1.08385, 1.24349
0.383, 0, 0.299198, 0, 0, 0, 0, 3.75608, 3.63567, 0, 3.14724, 0.172705, 0, 1.08473, 1.24215
0.384, 0, 0.295827, 0, 0, 0, 0, 3.75659, 3.659, 0, 3.08222, 0.10178, 0, 1.08301, 1.24218
0.385, 0, 0.292746, 0, 0, 0, 0, 3.7466, 3.68226, 0, 2.97161, 0.0600174, 0, 1.08008, 1.24183
0.386, 0, 0.290028, 0, 0, 0, 0, 3.74635, 3.70101, 0, 2.93891, 0.0330843, 0, 1.07611, 1.24181
0.387, 0, 0.287773, 0, 0, 0, 0, 3.7425, 3.71583, 0, 2.91925, 0.0258064, 0, 1.0723, 1.24159
0.388, 0, 0.285751, 0, 0, 0, 0, 3.74182, 3.72847, 0, 2.83277, 0, 0, 1.06854, 1.24097
0.389, 0, 0.284005, 0, 0, 0, 0, 3.74193, 3.74014, 0, 2.79164, 0, 0, 1.0649, 1.24015
0.39, 0, 0.282449, 0, 0, 0, 0, 3.74442, 3.75809, 0, 2.78417, 0, 0, 1.06027, 1.23924
0.391, 0, 0.281788, 0, 0, 0, 0, 3.74346, 3.75401, 0, 2.74078, 0, 0, 1.0565, 1.23949
0.392, 0, 0.280675, 0, 0, 0, 0, 3.74361, 3.76519, 0, 2.71723, 0, 0, 1.05223, 1.23911
0.393, 0, 0.279669, 0, 0, 0, 0, 3.74351, 3.77937, 0, 2.69522, 0, 0, 1.05457, 1.23695
0.394, 0, 0.278804, 0, 0, 0, 0, 3.74262, 3.79394, 0, 2.67575, 0, 0, 1.05028, 1.23657
0.395, 0, 0.278082, 0, 0, 0, 0, 3.74284, 3.80418, 0, 2.65058, 0, 0, 1.04667, 1.23619
0.396, 0, 0.277424, 0, 0, 0, 0, 3.74294, 3.81848, 0, 2.62502, 0, 0, 1.04363, 1.2351
0.397, 0, 0.276819, 0, 0, 0, 0, 3.74315, 3.83491, 0, 2.60513, 0, 0, 1.03933, 1.23449
0.398, 0, 0.276344, 0, 0, 0, 0, 3.74392, 3.84906, 0, 2.57378, 0, 0, 1.03536, 1.23468
0.399, 0, 0.276279, 0, 0, 0, 0, 3.75097, 3.85158, 0, 2.52763, 0, 0, 1.03306, 1.23401
0.4, 0, 0.275972, 0, 0, 0, 0, 3.74896, 3.86525, 0, 2.50249, 0, 0, 1.02808, 1.23427
0.401, 0, 0.275602, 0, 0, 0, 0, 3.74949, 3.87885, 0, 2.50039, 0, 0, 1.02267, 1.23409
0.402, 0, 0.275514, 0, 0, 0, 0, 3.74637, 3.88199, 0, 2.64856, 0, 0, 1.01574, 1.23347
0.403, 0, 0.275215, 0, 0, 0, 0, 3.74711, 3.89438, 0, 2.59235, 0, 0, 1.01146, 1.23265
0.404, 0, 0.275761, 0, 0, 0, 0, 3.74742, 3.87838, 0, 2.5686, 0, 0, 1.00763, 1.23377
0.405, 0, 0.275464, 0, 0, 0, 0, 3.7481, 3.89421, 0, 2.53532, 0, 0, 1.00391, 1.2327
0.406, 0, 0.274931, 0, 0, 0, 0, 3.74713, 3.90468, 0, 2.51345, 0, 0, 1.00039, 1.2308
0.407, 0, 0.274339, 0, 0, 0, 0, 3.7483, 3.91501, 0, 2.49603, 0, 0, 0.997383, 1.23035
0.408, 0, 0.273633, 0, 0, 0, 0, 3.74867, 3.92615, 0, 2.50319, 0.0975082, 0, 0.993784, 1.22977
0.409, 0, 0.274084, 0, 0, 0, 0, 3.7479, 3.89645, 0, 2.44408, 0.0993939, 0, 0.993544, 1.23053
0.41, 0, 0.273769, 0, 0, 0, 0, 3.74836, 3.89909, 0, 2.52931, 0.101933, 0, 0.988232, 1.23007
0.411, 0, 0.272998, 0, 0, 0, 0, 3.74788, 3.9186, 0, 2.459, 0.111388, 0, 0.987576, 1.22971
0.412, 0, 0.272051, 0, 0, 0, 0, 3.74687, 3.93254, 0, 2.40791, 0.124014, 0, 0.985756, 1.21984
0.413, 0, 0.270965, 0, 0, 0, 0, 3.74723, 3.94082, 0, 2.366, 0.139967, 0, 0.982497, 1.22083
0.414, 0, 0.270048, 0, 0, 0, 0, 3.74847, 3.94814, 0, 2.34511, 0.157544, 0, 0.980566, 1.2219
0.415, 0, 0.269292, 0, 0, 0, 0, 3.74942, 3.95718, 0, 2.35369, 0.2532, 0, 0.975347, 1.22225
0.416, 0, 0.268664, 0, 0, 0, 0, 3.75077, 3.97338, 0, 2.3386, 0.270317, 0, 0.970958, 1.22253
0.417, 0, 0.26884, 0, 0, 0, 0, 3.74988, 3.95949, 0, 2.32136, 0.28689, 0, 0.964885, 1.22302
0.418, 0, 0.268284, 0, 0, 0, 0, 3.75032, 3.96947, 0, 2.30661, 0.303914, 0, 0.960816, 1.22298
0.419, 0, 0.267724, 0, 0, 0, 0, 3.75069, 3.97813, 0, 2.29286, 0.576459, 0, 0.959698, 1.22331
0.42, 0, 0.267618, 0, 0, 0, 0, 3.75205, 3.97646, 0, 2.27824, 0.832689, 0, 0.956621, 1.22392
0.421, 0, 0.26723, 0, 0, 0, 0, 3.74991, 3.9825, 0, 2.27863, 0.842732, 0, 0.954243, 1.22738
0.422, 0, 0.266769, 0, 0, 0, 0, 3.75158, 3.99093, 0, 2.26662, 0.856684, 0, 0.951046, 1.22718
0.423, 0, 0.266322, 0, 0, 0, 0, 3.75143, 3.99861, 0, 2.26028, 0.868391, 0, 0.948205, 1.22734
0.424, 0, 0.26592, 0, 0, 0, 0, 3.75275, 4.00494, 0, 2.24485, 0.877134, 0, 0.945818, 1.22714
0.425, 0, 0.265611, 0, 0, 0, 0, 3.7518, 4.01217, 0, 2.19802, 0.887929, 0, 0.941989, 1.22842
0.426, 0, 0.265337, 0, 0, 0, 0, 3.75487, 4.01898, 0, 2.18955, 0.907316, 0, 0.938993, 1.22841
0.427, 0, 0.265054, 0, 0, 0, 0, 3.75483, 4.02627, 0, 2.17928, 0.908349, 0, 0.936314, 1.22836
0.428, 0, 0.26583, 0, 0, 0, 0, 3.75481, 4.00585, 0, 2.21601, 0.956409, 0, 0.932961, 1.22986
0.429, 0, 0.265738, 0, 0, 0, 0, 3.75665, 4.01399, 0, 2.20623, 0.940896, 0, 0.929189, 1.23039
0.43, 0, 0.265511, 0, 0, 0, 0, 3.75586, 4.02227, 0, 2.18836, 0.948115, 0, 0.927077, 1.29884
0.431, 0, 0.26532, 0, 0, 0, 0, 3.75698, 4.03177, 0, 2.17268, 0.952474, 0, 0.924348, 1.29703
0.432, 0, 0.265276, 0, 0, 0, 0, 3.75691, 4.03415, 0, 2.15948, 0.95772, 0, 0.925934, 1.29725
0.433, 0, 0.26557, 0, 0, 0, 0, 3.75661, 4.02766, 0, 2.14786, 0.962592, 0, 0.922883, 1.29744
0.434, 0, 0.265113, 0, 0, 0, 0, 3.75866, 4.04493, 0, 2.13633, 0.967005, 0, 0.920603, 1.43461
0.435, 0, 0.265002, 0, 0, 0, 0, 3.75904, 4.04991, 0, 2.12134, 0.96826, 0, 0.922819, 1.43476
0.436, 0, 0.264935, 0, 0, 0, 0, 3.75992, 4.05551, 0, 2.16522, 0.98033, 0, 0.924401, 1.44146
0.437, 0, 0.264886, 0, 0, 0, 0, 3.76168, 4.06308, 0, 2.15033, 0.985286, 0, 0.921089, 1.44067
0.438, 0, 0.264838, 0, 0, 0, 0, 3.7621, 4.06995, 0, 2.02359, 0.989999, 0, 0.91857, 1.44035
0.439, 0, 0.264819, 0, 0, 0, 0, 3.76246, 4.07729, 0, 2.01147, 0.994196, 0, 0.915382, 1.43988
0.44, 0, 0.265773, 0, 0, 0, 0, 3.76296, 4.05861, 0, 1.9937, 0.996597, 0, 0.913309, 1.44021
0.441, 0, 0.265528, 0, 0, 0, 0, 3.76357, 4.07598, 0, 1.98547, 1.0016, 0, 0.910233, 1.43866
0.442, 0, 0.265511, 0, 0, 0, 0, 3.76384, 4.08232, 0, 1.98016, 1.08054, 0, 0.907933, 1.43845
0.443, 0, 0.26561, 0, 0, 0, 0, 3.76686, 4.08572, 0, 1.9738, 1.08905, 0, 0.904648, 1.4373
0.444, 0, 0.265672, 0, 0, 0, 0, 3.76675, 4.09246, 0, 1.97006, 1.09675, 0, 0.902461, 1.4363
0.445, 0, 0.265729, 0, 0, 0, 0, 3.76831, 4.09732, 0, 1.96729, 1.09551, 0, 0.899934, 1.43525
0.446, 0, 0.26581, 0, 0, 0, 0, 3.76962, 4.10477, 0, 1.98586, 1.10794, 0, 0.898929, 1.43453
0.447, 0, 0.265926, 0, 0, 0, 0, 3.76937, 4.11017, 0, 1.9804, 1.11395, 0, 0.896068, 1.43364
0.448, 0, 0.266009, 0, 0, 0, 0, 3.78956, 4.11584, 0, 1.97904, 1.11854, 0, 0.894155, 1.4345
0.449, 0, 0.266102, 0, 0, 0, 0, 3.79362, 4.12104, 0, 1.97377, 1.12531, 0, 0.892539, 1.43203
0.45, 0, 0.266771, 0, 0, 0, 0, 3.79465, 4.11033, 0, 1.96558, 1.1319, 0, 0.889807, 1.43356
0.451, 0, 0.266943, 0, 0, 0, 0, 3.79473, 4.11403, 0, 1.95992, 1.13847, 0, 0.888274, 1.43312
0.452, 0, 0.267066, 0, 0, 0, 0, 3.79634, 4.11923, 0, 1.95346, 1.14465, 0, 0.88572, 1.43243
0.453, 0, 0.267724, 0, 0, 0, 0, 3.79452, 4.10887, 0, 1.94532, 1.15016, 0, 0.883708, 1.43128
0.454, 0, 0.267855, 0, 0, 0, 0, 3.79516, 4.11365, 0, 1.93871, 1.15559, 0, 0.882277, 1.43071
0.455, 0, 0.2679, 0, 0, 0, 0, 3.7964, 4.11942, 0, 1.93393, 1.16168, 0, 0.879338, 1.43012
0.456, 0, 0.269171, 0, 0, 0.281852, 0, 3.79133, 4.08925, 0, 1.92421, 1.16436, 0, 0.876844, 1.42525
0.457, 0, 4.74769, 0, 0.674519, 2.90178, 0, 4.67782, 2.96062, 0, 5.53478, 1.03978, 0, 3.82026, 1.86732
0.458, 0, 2.27741, 0, 0, 0.308799, 0, 4.25913, 5.22612, 0, 1.60626, 1.48896, 0, 0.797796, 1.60852
0.459, 0, 4.77199, 0, 1.62605, 2.50059, 0, 4.65986, 2.87234, 0, 5.55014, 1.11875, 0, 3.85788, 1.88283
0.46, 0, 2.54577, 0, 0.000251054, 0.745736, 0, 4.15488, 4.41, 0, 1.98497, 1.20895, 0, 0.964788, 1.25567
0.461, 0, 4.01766, 0, 1.45482, 1.92909, 0, 4.41005, 2.84248, 0, 4.78303, 1.02924, 0, 3.28181, 1.61371
0.462, 0, 2.96737, 0, 0.236865, 1.63319, 0, 4.01245, 3.51711, 0, 2.68857, 0.933645, 0, 1.64767, 1.03488
0.463, 0, 2.70085, 0, 0.576583, 1.71433, 0, 4.03894, 3.05892, 0, 3.1139, 0.895493, 0, 2.03308, 1.10061
0.464, 0, 2.54725, 0, 0.467659, 1.68159, 0, 4.0164, 3.09215, 0, 3.0009, 0.900521, 0, 1.94619, 1.08728
0.465, 0, 2.94772, 0, 0.489368, 1.70914, 0, 4.02352, 2.99211, 0, 3.0677, 0.898132, 0, 2.01482, 1.11047
0.466, 0, 3.01597, 0, 0.462864, 1.71208, 0, 4.0181, 3.06529, 0, 3.00834, 0.893446, 0, 2.00789, 1.10986
0.467, 0, 2.92664, 0, 0.467089, 1.70515, 0, 4.03365, 3.06975, 0, 3.01458, 0.893904, 0, 2.03436, 1.12297
0.468, 0, 2.83993, 0, 0.469789, 1.72139, 0, 4.01959, 3.03499, 0, 3.03482, 0.893078, 0, 2.06483, 1.14342
0.469, 0, 2.73878, 0, 0.461479, 1.73068, 0, 4.01601, 3.02426, 0, 3.03186, 0.904473, 0, 2.07287, 1.15409
0.47, 0, 2.6553, 0, 0.504272, 1.73958, 0, 4.02414, 3.02054, 0, 3.02319, 0.901124, 0, 2.09528, 1.17357
0.471, 0, 2.59105, 0, 0.517575, 1.7499, 0, 4.02912, 3.00924, 0, 2.96631, 0.878289, 0, 2.11856, 1.19257
0.472, 0, 2.55976, 0, 0.520439, 1.81609, 0, 4.02677, 2.99197, 0, 2.90959, 0.87518, 0, 2.14664, 1.21227
0.473, 0, 2.42798, 0, 0.47213, 1.76284, 0, 4.00373, 3.01943, 0, 2.82938, 0.895544, 0, 2.08671, 1.19063
0.474, 0, 2.47117, 0, 0.544982, 1.81667, 0, 4.03967, 2.97785, 0, 2.89623, 0.883671, 0, 2.2107, 1.24347
0.475, 0, 2.42005, 0, 0.598617, 1.78243, 0, 4.02272, 3.00607, 0, 2.83057, 0.90056, 0, 2.15241, 1.20809
0.476, 0, 2.27268, 0, 0.653398, 1.84336, 0, 4.42175, 6.18692, 0, 3.05211, 1.13399, 0, 0.968708, 5.08935
0.477, 0, 2.35265, 0, 0.38071, 1.99047, 0, 4.06306, 3.79228, 0, 2.73173, 0.857983, 0, 0.672894, 1.33171
0.478, 0, 2.11882, 0, 0.302709, 1.76018, 0, 3.99856, 3.62524, 0, 2.5826, 0.909079, 0, 1.0654, 1.08839
0.479, 0, 2.30747, 0, 0.638922, 1.90574, 0, 4.08862, 3.4985, 0, 2.84656, 0.849819, 0, 1.23052, 1.06754
0.48, 0, 2.23125, 0, 0.454167, 1.7731, 0, 4.04811, 3.59438, 0, 2.69608, 0.903954, 0, 1.21648, 1.04283
0.481, 0, 2.37433, 0, 0.640362, 1.86465, 0, 4.10964, 3.54714, 0, 2.83447, 0.854563, 0, 1.24968, 1.0447
0.482, 0, 2.3263, 0, 0.488149, 1.79722, 0, 4.07805, 3.59936, 0, 2.74059, 0.88221, 0, 1.2201, 1.03586
0.483, 0, 2.39095, 0, 0.577016, 1.84255, 0, 4.11706, 3.57855, 0, 2.8198, 0.857843, 0, 1.22635, 1.0402
0.484, 0, 2.36041, 0, 0.503769, 1.80269, 0, 4.10218, 3.61076, 0, 2.77422, 0.870132, 0, 1.2035, 1.03716
0.485, 0, 2.4006, 0, 0.591815, 1.80698, 0, 4.12928, 3.61146, 0, 2.8222, 0.854703, 0, 1.20455, 1.04614
0.486, 0, 2.4195, 0, 0.567795, 1.80127, 0, 4.1327, 3.62658, 0, 2.8227, 0.853861, 0, 1.19291, 1.04553
0.487, 0, 2.43695, 0, 0.566618, 1.79708, 0, 4.14092, 3.62917, 0, 2.83367, 0.848207, 0, 1.18913, 1.04536
0.488, 0, 2.45207, 0, 0.562749, 1.79097, 0, 4.14438, 3.63093, 0, 2.8414, 0.844203, 0, 1.18567, 1.04566
0.489, 0, 2.46802, 0, 0.558502, 1.78817, 0, 4.16533, 3.65589, 0, 2.85546, 0.840506, 0, 1.18878, 1.04369
0.49, 0, 2.48067, 0, 0.552741, 1.78136, 0, 4.17413, 3.66985, 0, 2.86404, 0.835533, 0, 1.18926, 1.04314
0.491, 0, 2.49775, 0, 0.550281, 1.77651, 0, 4.17978, 3.66849, 0, 2.8761, 0.830701, 0, 1.18996, 1.04363
0.492, 0, 2.51418, 0, 0.546779, 1.76883, 0, 4.18268, 3.66883, 0, 2.88414, 0.825409, 0, 1.18912, 1.04375
0.493, 0, 2.53529, 0, 0.547412, 1.76473, 0, 4.18745, 3.66731, 0, 2.89256, 0.833882, 0, 1.1885, 1.04474
0.494, 0, 2.55285, 0, 0.543402, 1.75918, 0, 4.19214, 3.67071, 0, 2.90176, 0.828771, 0, 1.18782, 1.04521
0.495, 0, 2.56962, 0, 0.541138, 1.75336, 0, 4.20977, 3.69104, 0, 2.91423, 0.823773, 0, 1.19145, 1.04401
0.496, 0, 2.58784, 0, 0.539615, 1.75023, 0, 4.21515, 3.68053, 0, 2.90742, 0.815014, 0, 1.19287, 1.04358
0.497, 0, 2.60196, 0, 0.535237, 1.74528, 0, 4.2257, 3.68668, 0, 2.91671, 0.81021, 0, 1.19428, 1.04398
0.498, 0, 2.61768, 0, 0.493435, 1.76033, 0, 4.22418, 3.67479, 0, 2.92716, 0.80347, 0, 1.19451, 1.04463
0.499, 0, 2.61086, 0, 0.466055, 1.74137, 0, 4.22924, 3.69124, 0, 2.91361, 0.803869, 0, 1.19502, 1.04432
0.5, 0, 2.6246, 0, 0.489084, 1.74618, 0, 4.2394, 3.67975, 0, 2.93859, 0.793933, 0, 1.19977, 1.01137
0.501, 0, 2.6333, 0, 0.47382, 1.7378, 0, 4.23956, 3.68049, 0, 2.93862, 0.789908, 0, 1.1974, 1.01207
0.502, 0, 2.64733, 0, 0.47859, 1.73647, 0, 4.26212, 3.70659, 0, 2.95188, 0.78316, 0, 1.2038, 1.01018
0.503, 0, 2.66121, 0, 0.474659, 1.72888, 0, 4.26062, 3.69856, 0, 2.95607, 0.776396, 0, 1.20101, 1.01272
0.504, 0, 2.67965, 0, 0.479929, 1.72804, 0, 4.26975, 3.68991, 0, 2.9672, 0.770132, 0, 1.20223, 1.01369
0.505, 0, 2.69453, 0, 0.469634, 1.72743, 0, 4.28173, 3.6839, 0, 2.97413, 0.764363, 0, 1.20287, 1.01426
0.506, 0, 2.70288, 0, 0.46355, 1.72387, 0, 4.30194, 3.53292, 0, 2.98065, 0.759186, 0, 1.21147, 1.01046
0.507, 0, 2.71479, 0, 0.464448, 1.71814, 0, 4.28969, 3.51051, 0, 2.98922, 0.752051, 0, 1.21072, 1.01179
0.508, 0, 2.72888, 0, 0.466405, 1.71691, 0, 4.30607, 3.53023, 0, 2.9988, 0.745941, 0, 1.21476, 1.0108
0.509, 0, 2.74171, 0, 0.463096, 1.71197, 0, 4.30851, 3.52595, 0, 3.00393, 0.740439, 0, 1.21543, 1.01145
0.51, 0, 2.75629, 0, 0.46558, 1.70933, 0, 4.3141, 3.521, 0, 3.0128, 0.733692, 0, 1.21676, 1.01187
0.511, 0, 2.76953, 0, 0.464621, 1.70683, 0, 4.32098, 3.53066, 0, 3.01874, 0.729151, 0, 1.21885, 1.0112
0.512, 0, 2.78221, 0, 0.464356, 1.70474, 0, 4.32417, 3.51967, 0, 3.02898, 0.723771, 0, 1.22113, 1.01188
0.513, 0, 2.79227, 0, 0.46258, 1.70212, 0, 4.34534, 3.54908, 0, 3.03607, 0.719063, 0, 1.22631, 1.00981
0.514, 0, 2.80327, 0, 0.461836, 1.69703, 0, 4.35203, 3.53555, 0, 3.04407, 0.711645, 0, 1.22819, 1.01071
0.515, 0, 2.84738, 0, 0.464238, 1.69566, 0, 4.35681, 3.52838, 0, 3.05045, 0.705294, 0, 1.22792, 1.01067
0.516, 0, 2.89552, 0, 0.448678, 1.69889, 0, 4.35656, 3.52359, 0, 3.05675, 0.699036, 0, 1.22849, 1.01075
0.517, 0, 2.92946, 0, 0.329275, 1.69162, 0, 4.35678, 3.5184, 0, 3.057, 0.694799, 0, 1.22862, 1.00833
0.518, 0, 2.53428, 0, 0.33051, 1.69629, 0, 4.40618, 3.60883, 0, 3.06691, 0.687116, 0, 1.24377, 1.00108
0.519, 0, 2.52717, 0, 0.316004, 1.68537, 0, 4.40789, 3.60451, 0, 3.06593, 0.682074, 0, 1.24618, 1.00036
0.52, 0, 2.51515, 0, 0.325967, 1.6882, 0, 4.41186, 3.61413, 0, 3.07952, 0.673104, 0, 1.24921, 1.00091
0.521, 0, 2.51523, 0, 0.322368, 1.68992, 0, 4.40708, 3.59917, 0, 3.07904, 0.667792, 0, 1.24868, 1.0007
0.522, 0, 2.51088, 0, 0.318838, 1.68401, 0, 4.40987, 3.59318, 0, 3.08095, 0.662889, 0, 1.25056, 1.00041
0.523, 0, 2.49811, 0, 0.32409, 1.68455, 0, 4.41385, 3.58542, 0, 3.05475, 0.659809, 0, 1.24242, 1.00038
0.524, 0, 2.48893, 0, 0.319888, 1.68215, 0, 4.41227, 3.58606, 0, 3.0168, 0.659254, 0, 1.24222, 0.99966
0.525, 0, 2.47621, 0, 0.319966, 1.68112, 0, 4.41416, 3.58019, 0, 3.01735, 0.657466, 0, 1.24192, 1.0004
0.526, 0, 2.46376, 0, 0.31825, 1.68015, 0, 4.41704, 3.57556, 0, 3.01662, 0.641824, 0, 1.24266, 1.00051
0.527, 0, 2.45112, 0, 0.317287, 1.67653, 0, 4.43188, 3.56997, 0, 3.02606, 0.64228, 0, 1.24164, 1.00141
0.528, 0, 2.43656, 0, 0.31809, 1.67662, 0, 4.44289, 3.58048, 0, 3.01711, 0.639112, 0, 1.24177, 1.00018
0.529, 0, 2.42549, 0, 0.313887, 1.67331, 0, 4.45057, 3.59524, 0, 3.02367, 0.633647, 0, 1.24469, 1.0004
0.53, 0, 2.40008, 0, 0.313708, 1.67367, 0, 4.46131, 3.60498, 0, 3.02665, 0.630751, 0, 1.2484, 0.998939
0.531, 0, 2.39274, 0, 0.310274, 1.6712, 0, 4.45992, 3.59965, 0, 3.02727, 0.625908, 0, 1.24902, 0.998743
0.532, 0, 2.38421, 0, 0.310134, 1.67169, 0, 4.46413, 3.59117, 0, 3.03036, 0.620227, 0, 1.24949, 0.999312
0.533, 0, 2.37748, 0, 0.304401, 1.67219, 0, 4.51305, 3.72395, 0, 3.03064, 0.620094, 0, 1.26473, 0.991754
0.534, 0, 2.37231, 0, 0.301122, 1.67117, 0, 4.51447, 3.72566, 0, 3.03579, 0.615398, 0, 1.26892, 0.990932
0.535, 0, 2.36664, 0, 0.300267, 1.66938, 0, 4.52174, 3.73357, 0, 3.03476, 0.610451, 0, 1.27154, 0.990048
0.536, 0, 2.36147, 0, 0.298789, 1.67094, 0, 4.52752, 3.73721, 0, 3.03327, 0.602636, 0, 1.27397, 0.989062
0.537, 0, 2.35928, 0, 0.294904, 1.66849, 0, 4.52674, 3.73499, 0, 3.03142, 0.597834, 0, 1.27564, 0.988397
0.538, 0, 2.35485, 0, 0.29579, 1.66904, 0, 4.53242, 3.74131, 0, 3.03227, 0.592488, 0, 1.27812, 0.988108
0.539, 0, 2.35276, 0, 0.293018, 1.66776, 0, 4.54798, 3.7452, 0, 3.02324, 0.588379, 0, 1.28057, 0.987147
0.54, 0, 2.34969, 0, 0.293507, 1.66572, 0, 4.55378, 3.74733, 0, 3.03373, 0.580954, 0, 1.28328, 0.986201
0.541, 0, 2.34648, 0, 0.293048, 1.66714, 0, 4.55951, 3.75051, 0, 3.03586, 0.574885, 0, 1.28517, 0.985481
0.542, 0, 2.3456, 0, 0.289655, 1.66586, 0, 4.5643, 3.75148, 0, 3.03668, 0.569112, 0, 1.28698, 0.98464
0.543, 0, 2.3427, 0, 0.290314, 1.66473, 0, 4.56616, 3.75194, 0, 3.03305, 0.563272, 0, 1.28969, 0.983621
0.544, 0, 2.33982, 0, 0.289429, 1.66507, 0, 4.57117, 3.75456, 0, 3.0353, 0.558892, 0, 1.29153, 0.982641
0.545, 0, 2.33789, 0, 0.287354, 1.66469, 0, 4.57612, 3.74873, 0, 3.03675, 0.552845, 0, 1.29389, 0.981761
0.546, 0, 2.3352, 0, 0.285676, 1.66511, 0, 4.58089, 3.68713, 0, 3.04069, 0.548092, 0, 1.29669, 0.980823
0.547, 0, 2.33273, 0, 0.283869, 1.66463, 0, 4.586, 3.69867, 0, 3.03436, 0.540137, 0, 1.29845, 0.979935
0.548, 0, 2.32937, 0, 0.283437, 1.66438, 0, 4.58988, 3.6978, 0, 3.03106, 0.535673, 0, 1.30076, 0.978884
0.549, 0, 2.32603, 0, 0.282526, 1.6632, 0, 4.59169, 3.69723, 0, 3.03245, 0.468847, 0, 1.30186, 0.977802
0.55, 0, 2.32219, 0, 0.282304, 1.66452, 0, 4.59715, 3.69918, 0, 3.03346, 0.466326, 0, 1.30449, 0.976963
0.551, 0, 2.31995, 0, 0.27896, 1.66323, 0, 4.59988, 3.69878, 0, 3.01949, 0.471562, 0, 1.30643, 0.975915
0.552, 0, 2.31566, 0, 0.279318, 1.66444, 0, 4.61253, 3.65016, 0, 3.02193, 0.469712, 0, 1.31072, 0.974272
0.553, 0, 2.31301, 0, 0.276639, 1.6639, 0, 4.61526, 3.72395, 0, 3.01955, 0.466952, 0, 1.31289, 0.973144
0.554, 0, 2.30912, 0, 0.276179, 1.66355, 0, 4.62031, 3.726, 0, 3.02647, 0.465275, 0, 1.31566, 0.972186
0.555, 0, 2.3054, 0, 0.275665, 1.66332, 0, 4.62368, 3.72845, 0, 3.03157, 0.46204, 0, 1.31763, 0.971713
0.556, 0, 2.30193, 0, 0.276751, 1.66182, 0, 4.6276, 3.72642, 0, 3.0318, 0.45853, 0, 1.31969, 0.970402
0.557, 0, 2.29789, 0, 0.27704, 1.66333, 0, 4.63038, 3.72718, 0, 3.02755, 0.453334, 0, 1.32163, 0.969111
0.558, 0, 2.29589, 0, 0.27091, 1.65696, 0, 4.63641, 3.73034, 0, 3.02709, 0.449392, 0, 1.32313, 0.968176
0.559, 0, 2.28933, 0, 0.277009, 1.66101, 0, 4.64774, 3.73499, 0, 3.03695, 0.44731, 0, 1.32611, 0.965457
0.56, 0, 2.29011, 0, 0.270551, 1.65959, 0, 4.65189, 3.66428, 0, 3.03354, 0.44418, 0, 1.32711, 0.963504
0.561, 0, 2.28728, 0, 0.272186, 1.66032, 0, 4.654, 3.66643, 0, 3.03742, 0.440555, 0, 1.32963, 0.96202
0.562, 0, 2.28504, 0, 0.269898, 1.66056, 0, 4.65965, 3.66793, 0, 3.0818, 0.43691, 0, 1.33171, 0.960347
0.563, 0, 2.2823, 0, 0.269109, 1.66055, 0, 4.65921, 3.67028, 0, 3.08096, 0.434174, 0, 1.33166, 0.958027
0.564, 0, 2.27932, 0, 0.268311, 1.66109, 0, 4.67, 3.67975, 0, 3.08343, 0.430727, 0, 1.33337, 0.955151
0.565, 0, 2.27656, 0, 0.265721, 1.662, 0, 4.6729, 3.67788, 0, 3.07478, 0.446803, 0, 1.33547, 0.95341
0.566, 0, 2.27379, 0, 0.264054, 1.66185, 0, 4.67831, 3.6846, 0, 3.07667, 0.443096, 0, 1.33955, 0.95059
0.567, 0, 2.27046, 0, 0.263661, 1.66223, 0, 4.67901, 3.68517, 0, 3.0776, 0.440809, 0, 1.34037, 0.949255
0.568, 0, 2.2673, 0, 0.261928, 1.66157, 0, 4.6837, 3.68628, 0, 3.07876, 0.438727, 0, 1.34267, 0.947073
0.569, 0, 2.26398, 0, 0.263275, 1.65948, 0, 4.68755, 3.68826, 0, 3.06259, 0.458743, 0, 1.34367, 0.945105
0.57, 0, 2.26027, 0, 0.264177, 1.66215, 0, 4.69684, 3.69583, 0, 3.06057, 0.454412, 0, 1.34607, 0.943195
0.571, 0, 2.25998, 0, 0.260308, 1.66073, 0, 4.69987, 3.69794, 0, 3.06001, 0.450724, 0, 1.34678, 0.941987
0.572, 0, 2.25699, 0, 0.261806, 1.66167, 0, 4.70616, 3.69814, 0, 3.05734, 0.449652, 0, 1.34841, 0.940799
0.573, 0, 2.25534, 0, 0.259868, 1.66196, 0, 4.71134, 3.69612, 0, 3.06, 0.447211, 0, 1.34932, 0.939638
0.574, 0, 2.25324, 0, 0.259017, 1.66191, 0, 4.70754, 3.70761, 0, 3.06326, 0.438538, 0, 1.34721, 0.938564
0.575, 0, 2.25086, 0, 0.25849, 1.66289, 0, 4.71243, 3.71015, 0, 3.06229, 0.440668, 0, 1.34863, 0.937719
0.576, 0, 2.24904, 0, 0.256583, 1.66318, 0, 4.7157, 3.70992, 0, 2.97366, 0.456737, 0, 1.35135, 0.935323
0.577, 0, 2.24661, 0, 0.255741, 1.66353, 0, 4.81351, 3.70225, 0, 2.97592, 0.457659, 0, 1.35421, 0.936404
0.578, 0, 2.2443, 0, 0.254822, 1.6643, 0, 4.81194, 3.69753, 0, 2.97577, 0.458696, 0, 1.35577, 0.934937
0.579, 0, 2.24216, 0, 0.253035, 1.66374, 0, 4.82591, 3.69235, 0, 2.97365, 0.459131, 0, 1.35744, 0.933971
0.58, 0, 2.23926, 0, 0.24294, 1.64663, 0, 4.83237, 3.68922, 0, 2.96788, 0.456435, 0, 1.35965, 0.932641
0.581, 0, 2.22845, 0, 0.269423, 1.67881, 0, 4.85434, 3.69466, 0, 2.98694, 0.465533, 0, 1.36028, 0.930848
0.582, 0, 2.24759, 0, 0.223412, 1.63913, 0, 4.83959, 3.41493, 0, 2.95057, 0.44935, 0, 1.3579, 0.92831
0.583, 0, 2.22253, 0, 0.268923, 1.66456, 0, 4.88122, 3.43207, 0, 2.99531, 0.472918, 0, 1.36543, 0.928172
0.584, 0, 2.23818, 0, 0.234766, 1.65282, 0, 4.87464, 3.43402, 0, 2.96899, 0.462855, 0, 1.35921, 0.927256
0.585, 0, 2.23201, 0, 0.251361, 1.65775, 0, 4.88982, 3.44329, 0, 2.97556, 0.472487, 0, 1.36399, 0.926268
0.586, 0, 2.2336, 0, 0.243292, 1.65767, 0, 4.90112, 3.45564, 0, 2.97245, 0.472714, 0, 1.36581, 0.924017
0.587, 0, 2.23257, 0, 0.243244, 1.6568, 0, 4.90934, 3.46666, 0, 2.97956, 0.47629, 0, 1.36788, 0.922699
0.588, 0, 2.22875, 0, 0.369783, 1.52703, 0, 5.83412, 2.65942, 0, 3.13624, 0.46269, 0, 1.41965, 0.984862
0.589, 0, 2.19954, 0, 0.418489, 1.70701, 0, 4.28623, 2.89931, 0, 3.157, 0.526654, 0, 1.24144, 1.00213
0.59, 0, 2.31777, 0, 0.194246, 1.62221, 0, 4.25394, 3.02862, 0, 2.94784, 0.440657, 0, 1.16166, 0.992401
0.591, 0, 2.25799, 0, 0.303754, 1.66284, 0, 4.32523, 3.1225, 0, 3.03369, 0.494336, 0, 1.23421, 0.97199
0.592, 0, 2.26437, 0, 0.238282, 1.65544, 0, 4.38772, 3.16334, 0, 2.99517, 0.477546, 0, 1.2578, 0.957789
0.593, 0, 2.24816, 0, 0.2511, 1.6548, 0, 4.43902, 3.19158, 0, 3.00832, 0.48702, 0, 1.29573, 0.945822
0.594, 0, 2.23277, 0, 0.248977, 1.65726, 0, 4.46677, 3.20717, 0, 3.01405, 0.492691, 0, 1.3199, 0.938387
0.595, 0, 2.22562, 0, 0.246402, 1.65463, 0, 4.53832, 3.2183, 0, 3.05129, 0.495886, 0, 1.33735, 0.931847
0.596, 0, 2.20914, 0, 0.249857, 1.65539, 0, 4.5481, 3.22279, 0, 3.05906, 0.50311, 0, 1.34877, 0.928058
0.597, 0, 2.2065, 0, 0.2487, 1.65479, 0, 4.54837, 3.22581, 0, 3.09378, 0.501357, 0, 1.35547, 0.924835
0.598, 0, 2.20463, 0, 0.249788, 1.65481, 0, 4.54982, 3.2266, 0, 3.10278, 0.503198, 0, 1.35919, 0.922942
0.599, 0, 2.20418, 0, 0.249789, 1.65477, 0, 4.54982, 3.22507, 0, 3.11405, 0.506609, 0, 1.3606, 0.919095
0.6, 0, 2.20435, 0, 0.249659, 1.65539, 0, 4.54842, 3.22617, 0, 3.11907, 0.509103, 0, 1.36105, 0.918393
0.601, 0, 2.20503, 0, 0.248895, 1.65526, 0, 4.54837, 3.22625, 0, 3.13138, 0.511405, 0, 1.35912, 0.917871
0.602, 0, 2.20522, 0, 0.248598, 1.65507, 0, 4.55292, 3.22575, 0, 3.14023, 0.513943, 0, 1.3589, 0.917415
0.603, 0, 2.20516, 0, 0.265961, 1.64748, 0, 4.55258, 3.22631, 0, 3.153, 0.516147, 0, 1.3599, 0.917593
0.604, 0, 2.20163, 0, 0.273408, 1.65375, 0, 4.55342, 3.22678, 0, 3.1438, 0.525818, 0, 1.36134, 0.917085
0.605, 0, 2.20643, 0, 0.265029, 1.65104, 0, 4.55087, 3.22561, 0, 3.15008, 0.523264, 0, 1.35923, 0.917041
0.606, 0, 2.20567, 0, 0.268877, 1.65225, 0, 4.54954, 3.22599, 0, 3.15497, 0.515523, 0, 1.36079, 0.916694
0.607, 0, 2.17797, 0, 0.266662, 1.65261, 0, 4.54843, 3.22679, 0, 3.15579, 0.515982, 0, 1.36123, 0.915988
0.608, 0, 2.18187, 0, 0.266843, 1.6524, 0, 4.54636, 3.22831, 0, 3.16665, 0.516114, 0, 1.36302, 0.915537
0.609, 0, 2.18387, 0, 0.266754, 1.65289, 0, 4.54714, 3.47634, 0, 3.13052, 0.52901, 0, 1.36407, 0.915498
0.61, 0, 2.1862, 0, 0.265389, 1.65353, 0, 4.54566, 3.48071, 0, 3.13639, 0.528391, 0, 1.36531, 0.914489
0.611, 0, 2.18869, 0, 0.264441, 1.6537, 0, 4.54361, 3.48428, 0, 3.14135, 0.527815, 0, 1.36681, 0.913405
0.612, 0, 2.19098, 0, 0.263076, 1.65276, 0, 4.53911, 3.48643, 0, 3.17254, 0.546545, 0, 1.36683, 0.912217
0.613, 0, 2.19271, 0, 0.263372, 1.65436, 0, 4.50924, 3.50616, 0, 3.11083, 0.542145, 0, 1.3609, 0.91111
0.614, 0, 2.19573, 0, 0.260954, 1.65397, 0, 4.51135, 3.51083, 0, 3.11634, 0.54268, 0, 1.36197, 0.91014
0.615, 0, 2.19764, 0, 0.263481, 1.65295, 0, 4.51173, 3.5146, 0, 3.12266, 0.542495, 0, 1.36407, 0.909661
0.616, 0, 2.19892, 0, 0.263887, 1.65444, 0, 4.51221, 3.51769, 0, 3.13205, 0.545943, 0, 1.36599, 0.908863
0.617, 0, 2.20117, 0, 0.263429, 1.65321, 0, 4.51137, 3.52141, 0, 3.13712, 0.545974, 0, 1.36756, 0.907863
0.618, 0, 2.20189, 0, 0.264687, 1.65418, 0, 4.51124, 3.5178, 0, 3.14752, 0.547646, 0, 1.36874, 0.907318
0.619, 0, 2.20295, 0, 0.262997, 1.65422, 0, 4.5104, 3.52246, 0, 3.15336, 0.54979, 0, 1.37006, 0.906314
0.62, 0, 2.20315, 0, 0.262712, 1.65471, 0, 4.51215, 3.52622, 0, 3.15253, 0.550934, 0, 1.36605, 0.906049
0.621, 0, 2.20291, 0, 0.261721, 1.65495, 0, 4.51048, 3.52963, 0, 3.184, 0.55596, 0, 1.36608, 0.905509
0.622, 0, 2.20208, 0, 0.264548, 1.64719, 0, 4.51266, 3.53315, 0, 3.18928, 0.558484, 0, 1.36788, 0.904631
0.623, 0, 2.19782, 0, 0.271444, 1.65447, 0, 4.51389, 3.53689, 0, 3.20964, 0.567706, 0, 1.37087, 0.903695
0.624, 0, 2.20075, 0, 0.261338, 1.65202, 0, 4.51295, 3.54036, 0, 3.1904, 0.571482, 0, 1.35848, 0.903156
0.625, 0, 2.19942, 0, 0.264948, 1.65297, 0, 4.51412, 3.54266, 0, 3.19586, 0.579351, 0, 1.35886, 0.902257
0.626, 0, 2.19796, 0, 0.262862, 1.65351, 0, 4.51506, 3.54342, 0, 3.20535, 0.583444, 0, 1.35929, 0.90223
0.627, 0, 2.19639, 0, 0.261932, 1.65362, 0, 4.51525, 3.54488, 0, 3.20463, 0.587994, 0, 1.36033, 0.901184
0.628, 0, 2.19422, 0, 0.262888, 1.6527, 0, 4.51337, 3.54942, 0, 3.15532, 0.628907, 0, 1.36219, 0.899964
0.629, 0, 2.19161, 0, 0.261697, 1.65475, 0, 4.5096, 3.55016, 0, 3.167, 0.62876, 0, 1.36354, 0.898947
0.63, 0, 2.19041, 0, 0.25867, 1.65435, 0, 4.50822, 3.55344, 0, 3.1726, 0.630314, 0, 1.36417, 0.897954
0.631, 0, 2.18804, 0, 0.259079, 1.6547, 0, 4.50894, 3.55661, 0, 3.16587, 0.628277, 0, 1.36561, 0.896881
0.632, 0, 2.18589, 0, 0.258006, 1.6553, 0, 4.51084, 3.55787, 0, 3.17436, 0.630922, 0, 1.36605, 0.896123
0.633, 0, 2.18404, 0, 0.256926, 1.65539, 0, 4.51269, 3.56039, 0, 3.18034, 0.63507, 0, 1.36685, 0.895335
0.634, 0, 2.18211, 0, 0.256491, 1.65588, 0, 4.51164, 3.55588, 0, 3.18694, 0.63832, 0, 1.37098, 0.89497
0.635, 0, 2.1805, 0, 0.255553, 1.65585, 0, 4.51368, 3.55832, 0, 3.19352, 0.642824, 0, 1.36889, 0.894222
0.636, 0, 2.17864, 0, 0.257328, 1.65468, 0, 4.51243, 3.56103, 0, 3.20182, 0.648108, 0, 1.36992, 0.893352
0.637, 0, 2.17654, 0, 0.258009, 1.65601, 0, 4.51177, 3.56013, 0, 3.20984, 0.654854, 0, 1.37114, 0.892666
0.638, 0, 2.17582, 0, 0.255951, 1.65574, 0, 4.50931, 3.56237, 0, 3.23046, 0.655583, 0, 1.37268, 0.891822
0.639, 0, 2.17458, 0, 0.257369, 1.65517, 0, 4.5103, 3.56104, 0, 3.24037, 0.659352, 0, 1.37236, 0.889128
0.64, 0, 2.17316, 0, 0.257429, 1.65616, 0, 4.50997, 3.56309, 0, 3.25131, 0.662115, 0, 1.3733, 0.888207
0.641, 0, 2.17262, 0, 0.255778, 1.65608, 0, 4.50501, 3.56639, 0, 3.26011, 0.665064, 0, 1.37392, 0.887771
0.642, 0, 2.17165, 0, 0.255563, 1.65647, 0, 4.50432, 3.56695, 0, 3.25907, 0.673152, 0, 1.37509, 0.887189
0.643, 0, 2.17083, 0, 0.255215, 1.65635, 0, 4.50342, 3.5657, 0, 3.2665, 0.676812, 0, 1.37525, 0.886947
0.644, 0, 2.16984, 0, 0.254876, 1.6569, 0, 4.50258, 3.57058, 0, 3.27456, 0.679901, 0, 1.3765, 0.885624
0.645, 0, 2.16921, 0, 0.253747, 1.65708, 0, 4.50167, 3.57325, 0, 3.2829, 0.682173, 0, 1.37768, 0.884633
0.646, 0, 2.16848, 0, 0.25314, 1.65746, 0, 4.50053, 3.57535, 0, 3.29108, 0.685935, 0, 1.37851, 0.883725
0.647, 0, 2.16788, 0, 0.252354, 1.65762, 0, 4.4992, 3.5728, 0, 3.29634, 0.689066, 0, 1.37829, 0.883632
0.648, 0, 3.12111, 0, 0.255067, 1.65322, 0, 4.48502, 3.45731, 0, 3.29905, 0.764982, 0, 1.3673, 0.890695
0.649, 0, 2.63077, 0, 0.257806, 1.65914, 0, 4.48996, 3.54936, 0, 3.22131, 0.790436, 0, 1.36692, 0.887953
0.65, 0, 2.65816, 0, 0.249574, 1.65733, 0, 4.49221, 3.57429, 0, 3.17666, 0.778784, 0, 1.37236, 0.884852
0.651, 0, 2.61852, 0, 0.25224, 1.65849, 0, 4.49222, 3.58355, 0, 3.186, 0.78115, 0, 1.37871, 0.882636
0.652, 0, 2.55775, 0, 0.250233, 1.65862, 0, 4.49131, 3.58629, 0, 3.19111, 0.785618, 0, 1.38116, 0.881371
0.653, 0, 2.4952, 0, 0.250026, 1.65872, 0, 4.49044, 3.58797, 0, 3.19724, 0.788129, 0, 1.38274, 0.880766
0.654, 0, 2.43615, 0, 0.249385, 1.65922, 0, 4.48765, 3.58965, 0, 3.22633, 0.780369, 0, 1.38412, 0.879919
0.655, 0, 2.38459, 0, 0.248384, 1.6593, 0, 4.48697, 3.58905, 0, 3.22742, 0.777244, 0, 1.38473, 0.878949
0.656, 0, 2.34189, 0, 0.247982, 1.65974, 0, 4.48635, 3.59014, 0, 3.23694, 0.780806, 0, 1.38523, 0.878001
0.657, 0, 2.30857, 0, 0.248589, 1.6588, 0, 4.50405, 3.59247, 0, 3.24974, 0.782448, 0, 1.38594, 0.877294
0.658, 0, 2.28331, 0, 0.247473, 1.65661, 0, 4.50425, 3.59582, 0, 3.26041, 0.787376, 0, 1.38691, 0.87704
0.659, 0, 2.2654, 0, 0.2491, 1.65917, 0, 4.50327, 3.59892, 0, 3.27014, 0.791207, 0, 1.38823, 0.876549
0.66, 0, 2.25652, 0, 0.245783, 1.65786, 0, 4.49993, 3.65995, 0, 3.27938, 0.790981, 0, 1.38629, 0.876545
0.661, 0, 2.25063, 0, 0.24736, 1.65881, 0, 4.50376, 3.66084, 0, 3.29521, 0.794448, 0, 1.38755, 0.875876
0.662, 0, 2.24724, 0, 0.245838, 1.65873, 0, 4.50334, 3.66206, 0, 3.30235, 0.795398, 0, 1.38813, 0.876568
0.663, 0, 2.25558, 0, 0.245798, 1.65914, 0, 4.50324, 3.66706, 0, 3.31916, 0.797139, 0, 1.38933, 0.875732
0.664, 0, 2.26459, 0, 0.245329, 1.65919, 0, 4.503, 3.66918, 0, 3.33107, 0.796116, 0, 1.39052, 0.873753
0.665, 0, 2.27351, 0, 0.244801, 1.65972, 0, 4.50227, 3.67144, 0, 3.34098, 0.79301, 0, 1.39106, 0.87247
0.666, 0, 2.28214, 0, 0.243908, 1.65975, 0, 4.50124, 3.67341, 0, 3.3519, 0.790742, 0, 1.39202, 0.8716
0.667, 0, 2.28968, 0, 0.244097, 1.66089, 0, 4.5001, 3.67657, 0, 3.36401, 0.780804, 0, 1.39319, 0.870888
0.668, 0, 2.29653, 0, 0.24252, 1.66036, 0, 4.49919, 3.67882, 0, 3.37536, 0.777555, 0, 1.39503, 0.87054
0.669, 0, 2.30137, 0, 0.242974, 1.66101, 0, 4.49852, 3.68063, 0, 3.38933, 0.776235, 0, 1.39655, 0.869748
0.67, 0, 2.3055, 0, 0.241774, 1.66117, 0, 4.50021, 3.6828, 0, 3.40263, 0.774188, 0, 1.39734, 0.869141
0.671, 0, 2.30835, 0, 0.242665, 1.66054, 0, 4.49991, 3.68475, 0, 3.417, 0.775369, 0, 1.39867, 0.865111
0.672, 0, 2.30988, 0, 0.243057, 1.6612, 0, 4.49987, 3.68645, 0, 3.43408, 0.777684, 0, 1.39975, 0.864256
0.673, 0, 2.31126, 0, 0.244023, 1.65991, 0, 4.49903, 3.68776, 0, 3.44377, 0.782604, 0, 1.40051, 0.863527
0.674, 0, 2.31122, 0, 0.245423, 1.6601, 0, 4.50398, 3.68964, 0, 3.45741, 0.782545, 0, 1.40184, 0.863121
0.675, 0, 2.31137, 0, 0.244536, 1.66073, 0, 4.50435, 3.69365, 0, 3.44789, 0.771663, 0, 1.40295, 0.862069
0.676, 0, 2.31148, 0, 0.244423, 1.65821, 0, 4.50289, 3.69436, 0, 3.47001, 0.772997, 0, 1.4038, 0.861249
0.677, 0, 2.30985, 0, 0.246644, 1.66051, 0, 4.50286, 3.69698, 0, 3.48425, 0.773412, 0, 1.40531, 0.860492
0.678, 0, 2.31036, 0, 0.243492, 1.65965, 0, 4.50277, 3.69659, 0, 3.42144, 0.796517, 0, 1.40488, 0.860378
0.679, 0, 2.30911, 0, 0.244851, 1.65968, 0, 4.50215, 3.70003, 0, 3.39505, 0.781405, 0, 1.407, 0.859405
0.68, 0, 2.30794, 0, 0.244294, 1.66024, 0, 4.50134, 3.70147, 0, 3.4105, 0.778851, 0, 1.40819, 0.85871
0.681, 0, 2.30699, 0, 0.243942, 1.65991, 0, 4.50053, 3.70447, 0, 3.43446, 0.767191, 0, 1.40947, 0.857657
0.682, 0, 2.30558, 0, 0.244048, 1.66043, 0, 4.50062, 3.70635, 0, 3.44888, 0.765345, 0, 1.41081, 0.85683
0.683, 0, 2.30446, 0, 0.243086, 1.66043, 0, 4.5002, 3.70886, 0, 3.46182, 0.762681, 0, 1.41167, 0.856321
0.684, 0, 2.30312, 0, 0.243775, 1.66092, 0, 4.5037, 3.7105, 0, 3.47845, 0.759692, 0, 1.41283, 0.855365
0.685, 0, 2.30196, 0, 0.245429, 1.66527, 0, 4.50324, 3.71119, 0, 3.49321, 0.754188, 0, 1.41379, 0.854702
0.686, 0, 2.30218, 0, 0.241491, 1.66175, 0, 4.5034, 3.71319, 0, 3.49664, 0.748083, 0, 1.41459, 0.854266
0.687, 0, 2.2985, 0, 0.24493, 1.66288, 0, 4.50606, 3.71419, 0, 3.52736, 0.748831, 0, 1.417, 0.853446
0.688, 0, 2.29708, 0, 0.242631, 1.66335, 0, 4.50289, 3.71636, 0, 3.55151, 0.749006, 0, 1.4176, 0.852895
0.689, 0, 2.296, 0, 0.242122, 1.66313, 0, 4.50259, 3.71715, 0, 3.57887, 0.74918, 0, 1.41863, 0.852351
0.69, 0, 2.2946, 0, 0.242186, 1.66356, 0, 4.50365, 3.71914, 0, 3.60633, 0.750879, 0, 1.41989, 0.852082
0.691, 0, 2.2936, 0, 0.241451, 1.6636, 0, 4.50818, 3.7209, 0, 3.60805, 0.733319, 0, 1.42179, 0.851182
0.692, 0, 2.29263, 0, 0.242026, 1.66339, 0, 4.50753, 3.72268, 0, 3.62925, 0.723087, 0, 1.42505, 0.849486
0.693, 0, 2.29163, 0, 0.241963, 1.66393, 0, 4.50644, 3.72742, 0, 3.64958, 0.715232, 0, 1.42607, 0.848872
0.694, 0, 2.2911, 0, 0.241025, 1.66402, 0, 4.50607, 3.72945, 0, 3.6732, 0.710597, 0, 1.42674, 0.847751
0.695, 0, 2.29041, 0, 0.240742, 1.66424, 0, 4.507, 3.73128, 0, 3.69101, 0.706529, 0, 1.42784, 0.846805
0.696, 0, 2.28976, 0, 0.240289, 1.66459, 0, 4.50595, 3.73326, 0, 3.70797, 0.700445, 0, 1.42925, 0.845996
0.697, 0, 2.2892, 0, 0.239668, 1.66468, 0, 4.50585, 3.73786, 0, 3.73247, 0.687329, 0, 1.43035, 0.844841
0.698, 0, 2.28853, 0, 0.239337, 1.66495, 0, 4.50583, 3.7399, 0, 3.75087, 0.681103, 0, 1.4317, 0.844213
0.699, 0, 2.28809, 0, 0.238952, 1.66493, 0, 4.50705, 3.73022, 0, 3.77237, 0.669483, 0, 1.43101, 0.844697
0.7, 0, 2.28746, 0, 0.238808, 1.66523, 0, 4.50623, 3.73286, 0, 3.79117, 0.656723, 0, 1.43236, 0.84427
0.701, 0, 2.28699, 0, 0.238371, 1.66512, 0, 4.5087, 3.73498, 0, 3.82022, 0.647276, 0, 1.43459, 0.843574
0.702, 0, 2.2864, 0, 0.238234, 1.66543, 0, 4.51045, 3.73712, 0, 3.84955, 0.635411, 0, 1.43702, 0.842517
0.703, 0, 2.28606, 0, 0.239195, 1.66507, 0, 4.5137, 3.74223, 0, 3.88142, 0.621075, 0, 1.43877, 0.843032
0.704, 0, 2.28546, 0, 0.239365, 1.66566, 0, 4.51464, 3.74582, 0, 3.88072, 0.601906, 0, 1.44153, 0.841849
0.705, 0, 2.2854, 0, 0.23849, 1.66525, 0, 4.51257, 3.749, 0, 3.90176, 0.589277, 0, 1.44204, 0.841348
0.706, 0, 2.28469, 0, 0.238595, 1.66631, 0, 4.51679, 3.7553, 0, 3.81121, 0.537787, 0, 1.44711, 0.838979
0.707, 0, 2.28491, 0, 0.236618, 1.66637, 0, 4.51578, 3.7587, 0, 3.8348, 0.522742, 0, 1.44769, 0.837994
0.708, 0, 2.28451, 0, 0.236397, 1.66781, 0, 4.51619, 3.76255, 0, 3.85905, 0.501883, 0, 1.44941, 0.836968
0.709, 0, 2.28453, 0, 0.23484, 1.66648, 0, 4.51812, 3.76517, 0, 3.85422, 0.490002, 0, 1.45074, 0.836094
0.71, 0, 2.28323, 0, 0.235996, 1.66777, 0, 4.51719, 3.76931, 0, 3.88262, 0.462304, 0, 1.45012, 0.835037
0.711, 0, 2.28316, 0, 0.233548, 1.6666, 0, 4.51821, 3.77307, 0, 3.90448, 0.457345, 0, 1.45214, 0.833972
0.712, 0, 2.28223, 0, 0.234563, 1.66766, 0, 4.51887, 3.77818, 0, 3.9186, 0.44012, 0, 1.45455, 0.833029
0.713, 0, 2.28231, 0, 0.232653, 1.66774, 0, 4.51885, 3.78128, 0, 3.94051, 0.425508, 0, 1.4564, 0.83201
0.714, 0, 2.28203, 0, 0.232494, 1.66774, 0, 4.51936, 3.78413, 0, 3.95841, 0.407431, 0, 1.45884, 0.831423
0.715, 0, 2.28165, 0, 0.232585, 1.66747, 0, 4.56679, 3.78603, 0, 3.97682, 0.38381, 0, 1.46066, 0.830866
0.716, 0, 2.28123, 0, 0.232647, 1.66788, 0, 4.56744, 3.78446, 0, 3.98554, 0.364478, 0, 1.46261, 0.829864
0.717, 0, 2.28123, 0, 0.231841, 1.66798, 0, 4.59102, 3.78861, 0, 4.00243, 0.349378, 0, 1.46464, 0.82899
0.718, 0, 2.28111, 0, 0.232853, 1.66388, 0, 4.5911, 3.7922, 0, 4.0235, 0.334724, 0, 1.46637, 0.828661
0.719, 0, 2.27938, 0, 0.236211, 1.66797, 0, 4.59533, 3.79312, 0, 3.99356, 0.326435, 0, 1.4689, 0.828896
0.72, 0, 2.28166, 0, 0.230767, 1.66633, 0, 4.59355, 3.79719, 0, 3.9983, 0.311822, 0, 1.46886, 0.827768
0.721, 0, 2.28114, 0, 0.2329, 1.66714, 0, 4.59601, 3.80492, 0, 3.90874, 0.283464, 0, 1.47507, 0.825659
0.722, 0, 2.28144, 0, 0.231291, 1.66746, 0, 4.59604, 3.80822, 0, 3.91569, 0.266867, 0, 1.47588, 0.824111
0.723, 0, 2.28151, 0, 0.230692, 1.6676, 0, 4.59906, 3.81366, 0, 3.8574, 0.236972, 0, 1.47785, 0.82281
0.724, 0, 2.28134, 0, 0.230206, 1.66796, 0, 4.59933, 3.81782, 0, 3.87244, 0.224724, 0, 1.47927, 0.822053
0.725, 0, 2.2811, 0, 0.230798, 1.66869, 0, 4.46958, 3.76867, 0, 2.73199, 1.83599, 0, 1.48636, 0.836534
0.726, 0, 2.28224, 0, 0.229959, 1.66799, 0, 4.46914, 3.78626, 0, 2.71634, 1.45049, 0, 1.47204, 0.833789
0.727, 0, 2.28142, 0, 0.230172, 1.669, 0, 4.47741, 3.80028, 0, 2.80524, 1.14283, 0, 1.46849, 0.830015
0.728, 0, 2.28121, 0, 0.228482, 1.66893, 0, 4.49383, 3.80978, 0, 2.90652, 0.905318, 0, 1.46907, 0.826032
0.729, 0, 2.28057, 0, 0.227699, 1.67106, 0, 4.50333, 3.81578, 0, 2.99834, 0.730418, 0, 1.472, 0.822703
0.73, 0, 2.28081, 0, 0.225276, 1.66972, 0, 4.51094, 3.82045, 0, 3.05833, 0.931322, 0, 1.47346, 0.821037
0.731, 0, 2.27936, 0, 0.226701, 1.67068, 0, 4.51704, 3.82594, 0, 3.09064, 0.831056, 0, 1.57882, 0.818907
0.732, 0, 2.27898, 0, 0.225122, 1.67059, 0, 4.52006, 3.82959, 0, 3.11598, 0.725188, 0, 1.58186, 0.816896
0.733, 0, 2.27827, 0, 0.225848, 1.67021, 0, 4.52246, 3.83774, 0, 2.96801, 0.667988, 0, 1.58609, 0.814813
0.734, 0, 2.27774, 0, 0.226369, 1.66938, 0, 4.52139, 3.8406, 0, 2.97651, 0.643911, 0, 1.58672, 0.813623
0.735, 0, 2.27721, 0, 0.226461, 1.67092, 0, 4.52181, 3.84442, 0, 2.98512, 0.623945, 0, 1.5888, 0.812739
0.736, 0, 2.27791, 0, 0.224457, 1.67053, 0, 4.52019, 3.84758, 0, 2.98542, 0.611726, 0, 1.59012, 0.811484
0.737, 0, 2.27769, 0, 0.225282, 1.67095, 0, 4.51867, 3.84901, 0, 2.9703, 0.604972, 0, 1.5923, 0.811037
0.738, 0, 2.27765, 0, 0.224491, 1.67107, 0, 4.51707, 3.85024, 0, 2.96326, 0.599425, 0, 1.59385, 0.81007
0.739, 0, 2.27752, 0, 0.22442, 1.67091, 0, 4.51489, 3.85174, 0, 2.95569, 0.605151, 0, 1.5961, 0.809424
0.74, 0, 2.27723, 0, 0.224297, 1.6714, 0, 4.51272, 3.85245, 0, 2.95002, 0.613404, 0, 1.59729, 0.809051
0.741, 0, 2.27728, 0, 0.223167, 1.67164, 0, 4.51293, 3.85383, 0, 2.94492, 0.615645, 0, 1.59929, 0.807751
0.742, 0, 2.27717, 0, 0.222773, 1.6717, 0, 4.51138, 3.8553, 0, 2.93945, 0.61624, 0, 1.60058, 0.807286
0.743, 0, 2.27692, 0, 0.222509, 1.67196, 0, 4.50952, 3.85734, 0, 2.9356, 0.614486, 0, 1.60216, 0.806774
0.744, 0, 2.27676, 0, 0.221969, 1.67208, 0, 4.50784, 3.84768, 0, 2.93314, 0.611234, 0, 1.60386, 0.806164
0.745, 0, 2.27652, 0, 0.221692, 1.67225, 0, 4.50634, 3.85063, 0, 2.9315, 0.607846, 0, 1.60584, 0.805103
0.746, 0, 2.27633, 0, 0.221007, 1.67207, 0, 4.50595, 3.85277, 0, 2.92908, 0.813908, 0, 1.60849, 0.804597
0.747, 0, 2.27602, 0, 0.220948, 1.67253, 0, 4.50462, 3.85493, 0, 2.9282, 0.811778, 0, 1.61042, 0.803967
0.748, 0, 2.27608, 0, 0.219891, 1.6729, 0, 4.49991, 3.85722, 0, 2.92965, 0.810609, 0, 1.61174, 0.803472
0.749, 0, 2.27607, 0, 0.218418, 1.67191, 0, 4.49868, 3.85926, 0, 2.92875, 0.807422, 0, 1.61293, 0.803063
0.75, 0, 2.27542, 0, 0.219284, 1.67284, 0, 4.4984, 3.86083, 0, 2.93501, 0.798795, 0, 1.61495, 0.802434
0.751, 0, 2.27577, 0, 0.217971, 1.6726, 0, 4.49812, 3.862, 0, 2.9386, 0.790637, 0, 1.6164, 0.80189
0.752, 0, 2.27564, 0, 0.218137, 1.67294, 0, 4.49625, 3.86479, 0, 2.93863, 0.781555, 0, 1.61904, 0.80072
0.753, 0, 2.27574, 0, 0.217565, 1.67322, 0, 4.49617, 3.86595, 0, 2.90175, 0.782498, 0, 1.62, 0.800465
0.754, 0, 2.27589, 0, 0.218253, 1.6718, 0, 4.49535, 3.85217, 0, 2.90102, 0.77778, 0, 1.6195, 0.800932
0.755, 0, 2.27518, 0, 0.219428, 1.67324, 0, 4.49588, 3.85609, 0, 2.89962, 0.762813, 0, 1.62165, 0.801056
0.756, 0, 2.2759, 0, 0.217407, 1.67281, 0, 4.49421, 3.85834, 0, 2.89489, 0.763494, 0, 1.62304, 0.800317
0.757, 0, 2.27577, 0, 0.217907, 1.6732, 0, 4.49333, 3.86265, 0, 2.8926, 0.763529, 0, 1.62512, 0.799583
0.758, 0, 2.27584, 0, 0.217182, 1.67339, 0, 4.49158, 3.86465, 0, 2.88156, 0.798747, 0, 1.62704, 0.799217
0.759, 0, 2.27582, 0, 0.216794, 1.67363, 0, 4.49064, 3.86701, 0, 2.8848, 0.801462, 0, 1.62933, 0.798614
0.76, 0, 2.27574, 0, 0.216516, 1.67333, 0, 4.48945, 3.86938, 0, 2.87968, 0.804866, 0, 1.63139, 0.798268
0.761, 0, 2.27544, 0, 0.216479, 1.67412, 0, 4.48861, 3.87195, 0, 2.87371, 0.808048, 0, 1.63177, 0.797735
0.762, 0, 2.27563, 0, 0.215326, 1.6741, 0, 4.48703, 3.87356, 0, 2.88496, 0.807314, 0, 1.63344, 0.79732
0.763, 0, 2.27543, 0, 0.215206, 1.67447, 0, 4.48647, 3.87539, 0, 2.88557, 0.805764, 0, 1.63519, 0.796555
0.764, 0, 2.27531, 0, 0.214572, 1.67466, 0, 4.48704, 3.87725, 0, 2.88812, 0.806363, 0, 1.63664, 0.796171
0.765, 0, 2.27514, 0, 0.214192, 1.67472, 0, 4.48339, 3.87802, 0, 2.88574, 0.808494, 0, 1.63775, 0.795784
0.766, 0, 2.27488, 0, 0.213875, 1.67507, 0, 4.48261, 3.87919, 0, 2.88304, 0.812593, 0, 1.63646, 0.795177
0.767, 0, 2.27477, 0, 0.213139, 1.67527, 0, 4.48234, 3.88107, 0, 2.87753, 0.816388, 0, 1.63785, 0.794771
0.768, 0, 2.27461, 0, 0.21276, 1.6755, 0, 4.48108, 3.88333, 0, 2.85636, 0.795178, 0, 1.63881, 0.794244
0.769, 0, 2.27459, 0, 0.212501, 1.67549, 0, 4.47997, 3.90839, 0, 2.85085, 0.806054, 0, 1.63798, 0.795638
0.77, 0, 2.27437, 0, 0.213019, 1.67491, 0, 4.47784, 3.91006, 0, 2.8423, 0.815576, 0, 1.63908, 0.795294
0.771, 0, 2.27385, 0, 0.213298, 1.67571, 0, 4.47754, 3.91736, 0, 2.84323, 0.821455, 0, 1.64245, 0.794255
0.772, 0, 2.27413, 0, 0.211612, 1.67462, 0, 4.47651, 3.9128, 0, 2.83818, 0.826632, 0, 1.64412, 0.793608
0.773, 0, 2.27367, 0, 0.212619, 1.6756, 0, 4.47493, 3.9141, 0, 2.83179, 0.838804, 0, 1.64568, 0.792789
0.774, 0, 2.27426, 0, 0.211489, 1.67515, 0, 4.47405, 3.90401, 0, 2.82333, 0.84206, 0, 1.645, 0.792856
0.775, 0, 2.27412, 0, 0.211977, 1.67555, 0, 4.47371, 3.90512, 0, 2.82703, 0.839833, 0, 1.64674, 0.791913
0.776, 0, 2.27425, 0, 0.21132, 1.67579, 0, 4.4717, 3.90317, 0, 2.84102, 0.837286, 0, 1.65419, 0.790845
0.777, 0, 2.26881, 0, 0.216061, 1.67042, 0, 4.53332, 3.94075, 0, 3.57322, 1.54458, 0, 1.83026, 0.775682
0.778, 0, 2.27184, 0, 0.216027, 1.6801, 0, 4.46903, 3.97567, 0, 2.77299, 0.802318, 0, 1.69359, 0.781494
0.779, 0, 2.2766, 0, 0.203141, 1.67632, 0, 4.45912, 3.99454, 0, 2.79987, 0.578334, 0, 1.6637, 0.783477
0.78, 0, 2.27415, 0, 0.207248, 1.67915, 0, 4.45662, 4.00522, 0, 2.81707, 0.54987, 0, 1.66306, 0.78253
0.781, 0, 2.27393, 0, 0.203398, 1.67922, 0, 4.45569, 4.01067, 0, 2.8166, 0.543227, 0, 1.66487, 0.781576
0.782, 0, 2.27294, 0, 0.204048, 1.67951, 0, 4.45177, 4.0129, 0, 2.81395, 0.554227, 0, 1.66825, 0.780393
0.783, 0, 2.2719, 0, 0.203282, 1.67998, 0, 4.45075, 4.01431, 0, 2.80788, 0.570215, 0, 1.67054, 0.779662
0.784, 0, 2.27115, 0, 0.203387, 1.67951, 0, 4.4506, 4.01514, 0, 2.79142, 0.587045, 0, 1.67238, 0.778863
0.785, 0, 2.27018, 0, 0.203626, 1.68005, 0, 4.45188, 4.0102, 0, 2.78596, 0.602022, 0, 1.67438, 0.778252
0.786, 0, 2.26989, 0, 0.202793, 1.68006, 0, 4.45251, 4.00999, 0, 2.78104, 0.616293, 0, 1.67616, 0.778068
0.787, 0, 2.26952, 0, 0.202718, 1.68021, 0, 4.45253, 4.01059, 0, 2.77733, 0.629545, 0, 1.67824, 0.77822
0.788, 0, 2.26928, 0, 0.202428, 1.68031, 0, 4.45289, 4.01089, 0, 2.77308, 0.644813, 0, 1.68008, 0.776765
0.789, 0, 2.26913, 0, 0.202235, 1.68034, 0, 4.45132, 4.01308, 0, 2.76882, 0.657775, 0, 1.68325, 0.775847
0.79, 0, 2.26898, 0, 0.202109, 1.6805, 0, 4.45148, 4.01369, 0, 2.76534, 0.669071, 0, 1.68509, 0.774309
0.791, 0, 2.26895, 0, 0.201898, 1.68057, 0, 4.45157, 4.01187, 0, 2.76209, 0.678251, 0, 1.68679, 0.773528
0.792, 0, 2.2689, 0, 0.201532, 1.68049, 0, 4.45157, 4.0124, 0, 2.75901, 0.68727, 0, 1.6885, 0.772695
0.793, 0, 2.2688, 0, 0.201872, 1.68004, 0, 4.45156, 4.01397, 0, 2.75627, 0.695499, 0, 1.69015, 0.771574
0.794, 0, 2.26862, 0, 0.202073, 1.68078, 0, 4.45152, 4.01525, 0, 2.75376, 0.70278, 0, 1.69094, 0.770552
0.795, 0, 2.26923, 0, 0.201135, 1.67949, 0, 4.44823, 4.20658, 0, 2.74927, 0.707394, 0, 1.68933, 0.77361
0.796, 0, 2.2689, 0, 0.202405, 1.68059, 0, 4.45141, 4.20764, 0, 2.7467, 0.711168, 0, 1.68975, 0.772949
0.797, 0, 2.26959, 0, 0.200999, 1.68026, 0, 4.45037, 4.20919, 0, 2.74549, 0.714135, 0, 1.68992, 0.769733
0.798, 0, 2.26962, 0, 0.201219, 1.68044, 0, 4.44987, 4.2104, 0, 2.73545, 0.717275, 0, 1.69109, 0.769004
0.799, 0, 2.2697, 0, 0.200815, 1.68071, 0, 4.45008, 4.21124, 0, 2.73494, 0.719835, 0, 1.69257, 0.768328
0.8, 0, 2.26987, 0, 0.20042, 1.68077, 0, 4.44949, 4.21727, 0, 2.73462, 0.721329, 0, 1.69353, 0.767359
0.801, 0, 2.26984, 0, 0.200203, 1.68109, 0, 4.4489, 4.22172, 0, 2.73792, 0.721734, 0, 1.69523, 0.766497
0.802, 0, 2.26989, 0, 0.19969, 1.68126, 0, 4.44841, 4.22828, 0, 2.7373, 0.721856, 0, 1.69649, 0.765118
0.803, 0, 2.26983, 0, 0.198987, 1.68128, 0, 4.44621, 4.2306, 0, 2.73739, 0.721409, 0, 1.69801, 0.764455
0.804, 0, 2.26966, 0, 0.198754, 1.68168, 0, 4.44596, 4.23366, 0, 2.73786, 0.720586, 0, 1.69865, 0.763922
0.805, 0, 2.26971, 0, 0.198197, 1.68176, 0, 4.44581, 4.2322, 0, 2.73754, 0.722535, 0, 1.6992, 0.762839
0.806, 0, 2.26956, 0, 0.197851, 1.68142, 0, 4.44594, 4.23567, 0, 2.73732, 0.720691, 0, 1.70062, 0.762281
0.807, 0, 2.26925, 0, 0.197911, 1.68214, 0, 4.44562, 4.23682, 0, 2.73764, 0.719927, 0, 1.70197, 0.761274
0.808, 0, 2.26947, 0, 0.196983, 1.68202, 0, 4.44576, 4.24463, 0, 2.73837, 0.718798, 0, 1.70304, 0.75988
0.809, 0, 2.26931, 0, 0.196945, 1.68229, 0, 4.44503, 4.24762, 0, 2.73813, 0.717349, 0, 1.70326, 0.759223
0.81, 0, 2.26927, 0, 0.196423, 1.68251, 0, 4.44436, 4.24922, 0, 2.73579, 0.715751, 0, 1.70412, 0.758759
0.811, 0, 2.26919, 0, 0.195998, 1.68279, 0, 4.44395, 4.25179, 0, 2.73515, 0.715357, 0, 1.70548, 0.757543
0.812, 0, 2.26911, 0, 0.195571, 1.68286, 0, 4.44349, 4.25448, 0, 2.7354, 0.712743, 0, 1.70651, 0.757209
0.813, 0, 2.26891, 0, 0.19544, 1.68321, 0, 4.44339, 4.25812, 0, 2.73168, 0.713149, 0, 1.70827, 0.756464
0.814, 0, 2.26882, 0, 0.195042, 1.68358, 0, 4.4424, 4.26078, 0, 2.73145, 0.712478, 0, 1.70839, 0.75595
0.815, 0, 2.26878, 0, 0.195573, 1.68294, 0, 4.44238, 4.25287, 0, 2.73283, 0.711487, 0, 1.70834, 0.756318
0.816, 0, 2.26823, 0, 0.196028, 1.68375, 0, 4.44268, 4.2553, 0, 2.73365, 0.711295, 0, 1.71023, 0.75566
0.817, 0, 2.2684, 0, 0.195574, 1.68167, 0, 4.44238, 4.25814, 0, 2.73051, 0.710636, 0, 1.71108, 0.75522
0.818, 0, 2.26744, 0, 0.197195, 1.6839, 0, 4.44327, 4.26008, 0, 2.72944, 0.710348, 0, 1.71253, 0.754049
0.819, 0, 2.26854, 0, 0.194463, 1.68271, 0, 4.44226, 4.26276, 0, 2.72872, 0.710264, 0, 1.71266, 0.754531
0.82, 0, 2.26808, 0, 0.195684, 1.68371, 0, 4.44185, 4.26386, 0, 2.72751, 0.70811, 0, 1.71408, 0.754107
0.821, 0, 2.26839, 0, 0.194392, 1.68354, 0, 4.44158, 4.26614, 0, 2.71843, 0.709202, 0, 1.7148, 0.753856
0.822, 0, 2.26821, 0, 0.19454, 1.6839, 0, 4.44157, 4.26848, 0, 2.71859, 0.709042, 0, 1.71625, 0.753489
0.823, 0, 2.26815, 0, 0.194028, 1.68398, 0, 4.44136, 4.27921, 0, 2.71868, 0.709017, 0, 1.7172, 0.752914
0.824, 0, 2.26796, 0, 0.19424, 1.68289, 0, 4.44138, 4.28146, 0, 2.71881, 0.708839, 0, 1.71823, 0.752737
0.825, 0, 2.26732, 0, 0.195048, 1.68332, 0, 4.44146, 4.28389, 0, 2.7188, 0.708806, 0, 1.71952, 0.752352
0.826, 0, 2.26757, 0, 0.194366, 1.68377, 0, 4.44108, 4.28607, 0, 2.71767, 0.707708, 0, 1.71911, 0.751445
0.827, 0, 2.26792, 0, 0.193867, 1.68369, 0, 4.44059, 4.30031, 0, 2.71794, 0.708111, 0, 1.71985, 0.75143
0.828, 0, 2.26792, 0, 0.193883, 1.68399, 0, 4.44049, 4.29678, 0, 2.71887, 0.707821, 0, 1.71982, 0.751389
0.829, 0, 2.26796, 0, 0.193428, 1.68408, 0, 4.44008, 4.29866, 0, 2.71787, 0.707521, 0, 1.72038, 0.750943
0.83, 0, 2.26788, 0, 0.19324, 1.68413, 0, 4.43987, 4.30059, 0, 2.70336, 0.708738, 0, 1.72174, 0.747306
0.831, 0, 2.26772, 0, 0.193003, 1.68425, 0, 4.43991, 4.30218, 0, 2.7033, 0.708669, 0, 1.72285, 0.745937
0.832, 0, 2.26764, 0, 0.192686, 1.68504, 0, 4.43938, 4.30449, 0, 2.69971, 0.708488, 0, 1.71752, 0.744825
0.833, 0, 2.26781, 0, 0.191841, 1.68465, 0, 4.44015, 4.30794, 0, 2.69979, 0.708155, 0, 1.71827, 0.744629
0.834, 0, 2.26736, 0, 0.192199, 1.68494, 0, 4.44043, 4.30882, 0, 2.69985, 0.708103, 0, 1.71948, 0.743438
0.835, 0, 2.26723, 0, 0.191647, 1.68511, 0, 4.44023, 4.31369, 0, 2.69998, 0.707878, 0, 1.71966, 0.742992
0.836, 0, 2.26711, 0, 0.191305, 1.68535, 0, 4.43618, 4.3168, 0, 2.6995, 0.707597, 0, 1.71957, 0.742601
0.837, 0, 2.267, 0, 0.190917, 1.68543, 0, 4.43602, 4.3187, 0, 2.69968, 0.707346, 0, 1.7195, 0.742302
0.838, 0, 2.26684, 0, 0.190727, 1.68559, 0, 4.4359, 4.3172, 0, 2.69976, 0.706769, 0, 1.72008, 0.741175
0.839, 0, 2.26672, 0, 0.19053, 1.68557, 0, 4.43561, 4.31872, 0, 2.6991, 0.706835, 0, 1.72066, 0.740826
0.84, 0, 2.26653, 0, 0.190385, 1.68589, 0, 4.43554, 4.32027, 0, 2.69614, 0.706902, 0, 1.72148, 0.740566
0.841, 0, 2.2665, 0, 0.189902, 1.68593, 0, 4.43531, 4.32377, 0, 2.69672, 0.706712, 0, 1.72277, 0.74008
0.842, 0, 2.26632, 0, 0.189685, 1.68618, 0, 4.43523, 4.32984, 0, 2.69398, 0.707048, 0, 1.7242, 0.739868
0.843, 0, 2.26622, 0, 0.189266, 1.68628, 0, 4.43605, 4.3322, 0, 2.69425, 0.706999, 0, 1.72537, 0.739258
0.844, 0, 2.2661, 0, 0.189036, 1.68643, 0, 4.44231, 4.35658, 0, 2.69393, 0.70699, 0, 1.72586, 0.739383
0.845, 0, 2.26598, 0, 0.18874, 1.68658, 0, 4.44198, 4.35911, 0, 2.69335, 0.707281, 0, 1.7263, 0.739354
0.846, 0, 2.26584, 0, 0.188306, 1.68675, 0, 4.44231, 4.35817, 0, 2.69072, 0.707245, 0, 1.72731, 0.738347
0.847, 0, 2.26571, 0, 0.188017, 1.68684, 0, 4.44222, 4.35952, 0, 2.68545, 0.70768, 0, 1.72659, 0.738526
0.848, 0, 2.2656, 0, 0.188022, 1.68635, 0, 4.44272, 4.35268, 0, 2.68599, 0.707526, 0, 1.72592, 0.738104
0.849, 0, 2.26524, 0, 0.188279, 1.68704, 0, 4.44307, 4.3543, 0, 2.68592, 0.707415, 0, 1.72647, 0.737802
0.85, 0, 2.26546, 0, 0.18739, 1.68683, 0, 4.44284, 4.35929, 0, 2.68169, 0.707995, 0, 1.7258, 0.737366
0.851, 0, 2.2653, 0, 0.187506, 1.68718, 0, 4.44176, 4.36037, 0, 2.68477, 0.708868, 0, 1.72682, 0.737139
0.852, 0, 2.2653, 0, 0.187007, 1.68714, 0, 4.4407, 4.36184, 0, 2.68482, 0.708362, 0, 1.72776, 0.736896
0.853, 0, 2.26516, 0, 0.186931, 1.68737, 0, 4.44089, 4.36323, 0, 2.67952, 0.709226, 0, 1.72863, 0.736947
0.854, 0, 2.26509, 0, 0.18655, 1.68744, 0, 4.4411, 4.36526, 0, 2.67963, 0.709284, 0, 1.73005, 0.736549
0.855, 0, 2.26497, 0, 0.186357, 1.68759, 0, 4.44053, 4.36701, 0, 2.67987, 0.709121, 0, 1.73091, 0.736029
0.856, 0, 2.26487, 0, 0.186315, 1.68739, 0, 4.44014, 4.37124, 0, 2.67952, 0.709179, 0, 1.73161, 0.73553
0.857, 0, 2.26465, 0, 0.185831, 1.68946, 0, 4.44002, 4.37264, 0, 2.67473, 0.709644, 0, 1.73296, 0.735446
0.858, 0, 2.26535, 0, 0.183939, 1.68778, 0, 4.43944, 4.37445, 0, 2.67184, 0.708846, 0, 1.73371, 0.734701
0.859, 0, 2.26419, 0, 0.185657, 1.68899, 0, 4.44043, 4.3757, 0, 2.67136, 0.708095, 0, 1.73525, 0.733908
0.86, 0, 2.26441, 0, 0.184233, 1.68841, 0, 4.44092, 4.37068, 0, 2.667, 0.7084, 0, 1.73452, 0.733884
0.861, 0, 2.26397, 0, 0.185775, 1.68826, 0, 4.44126, 4.37223, 0, 2.66682, 0.708339, 0, 1.73532, 0.733023
0.862, 0, 2.26372, 0, 0.185626, 1.68873, 0, 4.44127, 4.37407, 0, 2.6661, 0.708413, 0, 1.73604, 0.7325
0.863, 0, 2.26389, 0, 0.185045, 1.6885, 0, 4.4412, 4.37563, 0, 2.66048, 0.709038, 0, 1.73619, 0.73178
0.864, 0, 2.26373, 0, 0.19416, 1.68473, 0, 4.44154, 4.37746, 0, 2.66087, 0.708836, 0, 1.73722, 0.731149
0.865, 0, 2.26226, 0, 0.197248, 1.68819, 0, 4.44174, 4.37964, 0, 2.6575, 0.709385, 0, 1.7389, 0.730226
0.866, 0, 2.26451, 0, 0.193398, 1.68607, 0, 4.4413, 4.38166, 0, 2.65702, 0.710376, 0, 1.73808, 0.729581
0.867, 0, 2.26422, 0, 0.186651, 1.69178, 0, 4.44238, 4.38286, 0, 2.65693, 0.709644, 0, 1.73999, 0.72901
0.868, 0, 2.26671, 0, 0.180901, 1.68779, 0, 4.4406, 4.38448, 0, 2.65255, 0.710523, 0, 1.73914, 0.72869
0.869, 0, 2.26438, 0, 0.185163, 1.69012, 0, 4.44163, 4.38469, 0, 2.65371, 0.714018, 0, 1.74147, 0.727804
0.87, 0, 2.26466, 0, 0.1819, 1.6897, 0, 4.44098, 4.38616, 0, 2.65096, 0.71593, 0, 1.74114, 0.725389
0.871, 0, 2.26409, 0, 0.182496, 1.68982, 0, 4.44113, 4.38863, 0, 2.65094, 0.715629, 0, 1.74224, 0.724656
0.872, 0, 2.2636, 0, 0.182195, 1.68996, 0, 4.44195, 4.38978, 0, 2.63541, 0.717982, 0, 1.7429, 0.724113
0.873, 0, 2.2633, 0, 0.312555, 1.68996, 0, 4.44158, 4.3912, 0, 2.63495, 0.718488, 0, 1.74359, 0.723205
0.874, 0, 2.26302, 0, 0.312232, 1.6901, 0, 4.44167, 4.39263, 0, 2.63479, 0.718356, 0, 1.74434, 0.722605
0.875, 0, 2.26287, 0, 0.311872, 1.68979, 0, 4.44113, 4.39479, 0, 2.6347, 0.718148, 0, 1.74514, 0.722107
0.876, 0, 2.26261, 0, 0.311823, 1.69025, 0, 4.44115, 4.39697, 0, 2.63474, 0.717855, 0, 1.74577, 0.720977
0.877, 0, 2.26277, 0, 0.310356, 1.69013, 0, 4.44178, 4.39825, 0, 2.63458, 0.717933, 0, 1.74626, 0.720426
0.878, 0, 2.26266, 0, 0.310192, 1.69033, 0, 4.44179, 4.3997, 0, 2.63454, 0.717387, 0, 1.74714, 0.719883
0.879, 0, 2.26267, 0, 0.309119, 1.69175, 0, 4.44136, 4.40138, 0, 2.63449, 0.71713, 0, 1.74804, 0.719198
0.88, 0, 2.26316, 0, 0.307268, 1.69062, 0, 4.44119, 4.39964, 0, 2.63429, 0.716797, 0, 1.74798, 0.718833
0.881, 0, 2.26231, 0, 0.308377, 1.69149, 0, 4.44163, 4.40086, 0, 2.63419, 0.716382, 0, 1.74914, 0.71802
0.882, 0, 2.26237, 0, 0.306859, 1.69111, 0, 4.43584, 4.40251, 0, 2.63415, 0.719055, 0, 1.74933, 0.717508
0.883, 0, 2.26199, 0, 0.307087, 1.6914, 0, 4.43581, 4.40387, 0, 2.63286, 0.719336, 0, 1.75032, 0.717115
0.884, 0, 2.26189, 0, 0.306672, 1.6917, 0, 4.43565, 4.40497, 0, 2.6329, 0.719445, 0, 1.75096, 0.717314
0.885, 0, 2.26186, 0, 0.306511, 1.69036, 0, 4.4354, 4.40502, 0, 2.63308, 0.717694, 0, 1.75147, 0.716549
0.886, 0, 2.26114, 0, 0.307592, 1.69174, 0, 4.43555, 4.40612, 0, 2.63271, 0.718096, 0, 1.75252, 0.716346
0.887, 0, 2.26179, 0, 0.305458, 1.69101, 0, 4.43516, 4.40744, 0, 2.63247, 0.717728, 0, 1.75274, 0.715657
0.888, 0, 2.26152, 0, 0.306142, 1.69155, 0, 4.43577, 4.4082, 0, 2.63635, 0.718025, 0, 1.7539, 0.714879
0.889, 0, 2.26169, 0, 0.305096, 1.69138, 0, 4.43566, 4.40911, 0, 2.63603, 0.718028, 0, 1.75444, 0.714557
0.89, 0, 2.26158, 0, 0.305049, 1.69157, 0, 4.43525, 4.41008, 0, 2.63593, 0.71797, 0, 1.75506, 0.714496
0.891, 0, 2.26169, 0, 0.304735, 1.69144, 0, 4.43884, 4.44332, 0, 2.63543, 0.71762, 0, 1.7542, 0.714891
0.892, 0, 2.26161, 0, 0.304655, 1.6916, 0, 4.43939, 4.44408, 0, 2.63531, 0.717581, 0, 1.75355, 0.714879
0.893, 0, 2.26164, 0, 0.304186, 1.69159, 0, 4.43961, 4.44535, 0, 2.6352, 0.717591, 0, 1.754, 0.714806
0.894, 0, 2.26159, 0, 0.303948, 1.69168, 0, 4.44003, 4.44542, 0, 2.63509, 0.717452, 0, 1.75473, 0.714551
0.895, 0, 2.26159, 0, 0.303588, 1.69168, 0, 4.43996, 4.44746, 0, 2.63481, 0.71731, 0, 1.75533, 0.714182
0.896, 0, 2.26156, 0, 0.303319, 1.69179, 0, 4.44018, 4.4483, 0, 2.63507, 0.717316, 0, 1.75586, 0.713453
0.897, 0, 2.26156, 0, 0.303335, 1.69128, 0, 4.43933, 4.44941, 0, 2.63485, 0.717144, 0, 1.75658, 0.71349
0.898, 0, 2.26134, 0, 0.303593, 1.69187, 0, 4.43929, 4.45329, 0, 2.63419, 0.717073, 0, 1.75666, 0.713118
0.899, 0, 2.26166, 0, 0.307021, 1.68955, 0, 4.43906, 4.45466, 0, 2.63415, 0.717135, 0, 1.75707, 0.712661
0.9, 0, 2.26081, 0, 0.304828, 1.69394, 0, 4.43432, 4.45614, 0, 2.63332, 0.71692, 0, 1.75823, 0.71129
0.901, 0, 2.26295, 0, 0.299382, 1.69064, 0, 4.43312, 4.45729, 0, 2.63346, 0.717317, 0, 1.75772, 0.711176
0.902, 0, 2.2614, 0, 0.303463, 1.69286, 0, 4.43472, 4.45701, 0, 2.63344, 0.716867, 0, 1.7597, 0.710716
0.903, 0, 2.26211, 0, 0.300179, 1.6917, 0, 4.4339, 4.45871, 0, 2.63343, 0.717384, 0, 1.75933, 0.710482
0.904, 0, 2.26156, 0, 0.301528, 1.69241, 0, 4.43407, 4.45997, 0, 2.63334, 0.717008, 0, 1.76029, 0.710253
0.905, 0, 2.26169, 0, 0.300309, 1.69207, 0, 4.43378, 4.46097, 0, 2.63328, 0.71714, 0, 1.76034, 0.708786
0.906, 0, 2.26147, 0, 0.300508, 1.69236, 0, 4.43376, 4.46173, 0, 2.63323, 0.717031, 0, 1.76115, 0.708856
0.907, 0, 2.2615, 0, 0.299851, 1.6923, 0, 4.43371, 4.46268, 0, 2.63319, 0.717044, 0, 1.76147, 0.708569
0.908, 0, 2.26141, 0, 0.299713, 1.69235, 0, 4.43371, 4.46354, 0, 2.63311, 0.71685, 0, 1.76199, 0.708279
0.909, 0, 2.26136, 0, 0.299372, 1.69246, 0, 4.4338, 4.46434, 0, 2.63295, 0.716727, 0, 1.76249, 0.708171
0.91, 0, 2.26136, 0, 0.303993, 1.69017, 0, 4.43378, 4.4659, 0, 2.63298, 0.716673, 0, 1.76111, 0.708185
0.911, 0, 2.26046, 0, 0.306303, 1.69217, 0, 4.43377, 4.46678, 0, 2.63289, 0.716625, 0, 1.76216, 0.707621
0.912, 0, 2.26173, 0, 0.303481, 1.691, 0, 4.43374, 4.46829, 0, 2.63292, 0.717028, 0, 1.7619, 0.707518
0.913, 0, 2.26157, 0, 0.304863, 1.69173, 0, 4.43395, 4.46912, 0, 2.6329, 0.716617, 0, 1.76299, 0.707222
0.914, 0, 2.2621, 0, 0.303747, 1.69137, 0, 4.43395, 4.46866, 0, 2.63144, 0.716598, 0, 1.76221, 0.706589
0.915, 0, 2.2621, 0, 0.30392, 1.69198, 0, 4.43801, 4.47048, 0, 2.63146, 0.716571, 0, 1.7631, 0.705918
0.916, 0, 2.2624, 0, 0.302941, 1.69166, 0, 4.43787, 4.47893, 0, 2.63145, 0.716505, 0, 1.76325, 0.706136
0.917, 0, 2.26221, 0, 0.303203, 1.6917, 0, 4.43808, 4.47915, 0, 2.63153, 0.716106, 0, 1.76397, 0.705427
0.918, 0, 2.26216, 0, 0.302978, 1.69152, 0, 4.43803, 4.47968, 0, 2.63151, 0.715997, 0, 1.76452, 0.705327
0.919, 0, 2.26207, 0, 0.302875, 1.69181, 0, 4.43825, 4.48083, 0, 2.63153, 0.715894, 0, 1.76491, 0.705242
0.92, 0, 2.26221, 0, 0.302236, 1.69177, 0, 4.43812, 4.48134, 0, 2.63156, 0.715859, 0, 1.76537, 0.704825
0.921, 0, 2.26217, 0, 0.30205, 1.69191, 0, 4.43825, 4.4821, 0, 2.6316, 0.715747, 0, 1.76603, 0.704572
0.922, 0, 2.2622, 0, 0.301154, 1.69259, 0, 4.43743, 4.48221, 0, 2.63156, 0.715613, 0, 1.76629, 0.704127
0.923, 0, 2.2624, 0, 0.300715, 1.69141, 0, 4.43738, 4.48372, 0, 2.63166, 0.715535, 0, 1.7653, 0.704039
0.924, 0, 2.26173, 0, 0.302107, 1.69225, 0, 4.43762, 4.48439, 0, 2.63165, 0.715365, 0, 1.76612, 0.703679
0.925, 0, 2.26205, 0, 0.301036, 1.6917, 0, 4.43727, 4.48612, 0, 2.63168, 0.715564, 0, 1.76627, 0.703631
0.926, 0, 2.262, 0, 0.301822, 1.69203, 0, 4.43623, 4.52422, 0, 2.63136, 0.727254, 0, 1.76468, 0.703911
0.927, 0, 2.26215, 0, 0.301305, 1.69181, 0, 4.43675, 4.52591, 0, 2.63096, 0.727906, 0, 1.76513, 0.703691
0.928, 0, 2.26209, 0, 0.301707, 1.69148, 0, 4.43676, 4.52656, 0, 2.6309, 0.728221, 0, 1.76582, 0.703421
0.929, 0, 2.26199, 0, 0.301727, 1.69207, 0, 4.43704, 4.52659, 0, 2.63083, 0.728574, 0, 1.76647, 0.701979
0.93, 0, 2.26234, 0, 0.300745, 1.69184, 0, 4.43686, 4.52662, 0, 2.63092, 0.729097, 0, 1.76677, 0.701727
0.931, 0, 2.26227, 0, 0.300818, 1.69213, 0, 4.43687, 4.52696, 0, 2.6309, 0.728247, 0, 1.76733, 0.701437
0.932, 0, 2.26233, 0, 0.300218, 1.69201, 0, 4.4369, 4.51772, 0, 2.63087, 0.728118, 0, 1.76794, 0.701199
0.933, 0, 2.26221, 0, 0.300126, 1.69226, 0, 4.43592, 4.51791, 0, 2.63084, 0.728204, 0, 1.76855, 0.673791
0.934, 0, 2.26223, 0, 0.299564, 1.69227, 0, 4.43579, 4.51795, 0, 2.63103, 0.728918, 0, 1.76892, 0.673505
0.935, 0, 2.26213, 0, 0.299366, 1.69239, 0, 4.43573, 4.51781, 0, 2.63106, 0.729003, 0, 1.76943, 0.672979
0.936, 0, 2.26205, 0, 0.298989, 1.69246, 0, 4.43573, 4.51863, 0, 2.63107, 0.729224, 0, 1.77003, 0.672814
0.937, 0, 2.26195, 0, 0.298708, 1.69255, 0, 4.43553, 4.51998, 0, 2.63599, 0.73081, 0, 1.77049, 0.672629
0.938, 0, 2.26186, 0, 0.299658, 1.69203, 0, 4.43545, 4.52031, 0, 2.63604, 0.730983, 0, 1.77097, 0.67234
0.939, 0, 2.26154, 0, 0.300002, 1.69261, 0, 4.4356, 4.53086, 0, 2.63608, 0.730962, 0, 1.77174, 0.672487
0.94, 0, 2.26179, 0, 0.299033, 1.69235, 0, 4.43504, 4.53118, 0, 2.6365, 0.73141, 0, 1.77164, 0.67168
0.941, 0, 2.26166, 0, 0.299153, 1.69261, 0, 4.43855, 4.53118, 0, 2.63525, 0.730439, 0, 1.77252, 0.670807
0.942, 0, 2.2617, 0, 0.298571, 1.69258, 0, 4.43842, 4.53148, 0, 2.63541, 0.730039, 0, 1.77283, 0.670858
0.943, 0, 2.26163, 0, 0.29838, 1.69271, 0, 4.43853, 4.532, 0, 2.63551, 0.729658, 0, 1.77323, 0.670111
0.944, 0, 2.26164, 0, 0.298267, 1.69246, 0, 4.43876, 4.52678, 0, 2.63543, 0.729146, 0, 1.77302, 0.670295
0.945, 0, 2.26148, 0, 0.298375, 1.69277, 0, 4.43879, 4.54189, 0, 2.63534, 0.73113, 0, 1.77374, 0.669944
0.946, 0, 2.26158, 0, 0.297659, 1.69275, 0, 4.43871, 4.54216, 0, 2.6355, 0.731283, 0, 1.77396, 0.668024
0.947, 0, 2.26152, 0, 0.29744, 1.6929, 0, 4.43862, 4.5418, 0, 2.63557, 0.730997, 0, 1.77462, 0.667372
0.948, 0, 2.26149, 0, 0.297013, 1.69294, 0, 4.43854, 4.54217, 0, 2.63917, 0.731786, 0, 1.77512, 0.667034
0.949, 0, 2.26141, 0, 0.296727, 1.69303, 0, 4.43287, 4.54195, 0, 2.6374, 0.731583, 0, 1.77635, 0.619271
0.95, 0, 2.26133, 0, 0.296459, 1.69331, 0, 4.43265, 4.54248, 0, 2.63747, 0.731451, 0, 1.77694, 0.618537
0.951, 0, 2.26132, 0, 0.296785, 1.6928, 0, 4.43246, 4.54296, 0, 2.63749, 0.731199, 0, 1.77738, 0.618336
0.952, 0, 2.26098, 0, 0.297151, 1.69333, 0, 4.4328, 4.54344, 0, 2.63652, 0.731105, 0, 1.77791, 0.617749
0.953, 0, 2.26114, 0, 0.296242, 1.69311, 0, 4.43257, 4.54437, 0, 2.63631, 0.731034, 0, 1.77822, 0.618178
0.954, 0, 2.26099, 0, 0.296348, 1.69334, 0, 4.43311, 4.54463, 0, 2.63632, 0.73075, 0, 1.77871, 0.618304
0.955, 0, 2.261, 0, 0.295819, 1.69332, 0, 4.43297, 4.5449, 0, 2.63638, 0.730517, 0, 1.77904, 0.617775
0.956, 0, 2.26092, 0, 0.295649, 1.69344, 0, 4.43285, 4.54512, 0, 2.63674, 0.730391, 0, 1.77944, 0.617939
0.957, 0, 2.26088, 0, 0.295287, 1.69348, 0, 4.43215, 4.54667, 0, 2.63585, 0.730268, 0, 1.77961, 0.615695
0.958, 0, 2.26081, 0, 0.294991, 1.69358, 0, 4.43226, 4.5469, 0, 2.63565, 0.73012, 0, 1.7802, 0.615595
0.959, 0, 2.26076, 0, 0.29476, 1.6935, 0, 4.43231, 4.54724, 0, 2.63569, 0.729797, 0, 1.78051, 0.615932
0.96, 0, 2.26064, 0, 0.294659, 1.69367, 0, 4.43226, 4.54736, 0, 2.63509, 0.729832, 0, 1.78073, 0.614388
0.961, 0, 2.26064, 0, 0.294229, 1.69367, 0, 4.43222, 4.54814, 0, 2.62384, 0.731383, 0, 1.78107, 0.614369
0.962, 0, 2.26056, 0, 0.294036, 1.6938, 0, 4.43219, 4.54855, 0, 2.6242, 0.731664, 0, 1.78113, 0.614454
0.963, 0, 2.26053, 0, 0.293666, 1.69381, 0, 4.43228, 4.54916, 0, 2.62425, 0.731498, 0, 1.77927, 0.615385
0.964, 0, 2.26047, 0, 0.294242, 1.69174, 0, 4.43243, 4.54776, 0, 2.62426, 0.731201, 0, 1.77952, 0.615747
0.965, 0, 2.25962, 0, 0.296036, 1.69398, 0, 4.43296, 4.5481, 0, 2.62432, 0.733566, 0, 1.78016, 0.613791
0.966, 0, 2.26091, 0, 0.292887, 1.69271, 0, 4.43232, 4.54883, 0, 2.6243, 0.733917, 0, 1.77981, 0.613975
0.967, 0, 2.26057, 0, 0.294362, 1.6936, 0, 4.43274, 4.54929, 0, 2.62434, 0.733281, 0, 1.7809, 0.61397
0.968, 0, 2.26096, 0, 0.292909, 1.69325, 0, 4.4335, 4.54952, 0, 2.62434, 0.733309, 0, 1.78091, 0.613467
0.969, 0, 2.26085, 0, 0.293209, 1.6935, 0, 4.43352, 4.55031, 0, 2.62452, 0.733041, 0, 1.7815, 0.613399
0.97, 0, 2.26089, 0, 0.292666, 1.69344, 0, 4.43309, 4.55081, 0, 2.62527, 0.733088, 0, 1.78188, 0.613465
0.971, 0, 2.26083, 0, 0.292544, 1.69359, 0, 4.43305, 4.55138, 0, 2.62524, 0.732966, 0, 1.78237, 0.613549
0.972, 0, 2.26082, 0, 0.292139, 1.69362, 0, 4.43301, 4.55203, 0, 2.62526, 0.732885, 0, 1.78276, 0.613349
0.973, 0, 2.26076, 0, 0.291911, 1.69369, 0, 4.43303, 4.55277, 0, 2.6253, 0.732772, 0, 1.78299, 0.613271
0.974, 0, 2.2607, 0, 0.291609, 1.69378, 0, 4.43297, 4.55358, 0, 2.62533, 0.732675, 0, 1.78333, 0.613012
0.975, 0, 2.26066, 0, 0.291295, 1.69384, 0, 4.43294, 4.55417, 0, 2.62536, 0.732564, 0, 1.78375, 0.613297
0.976, 0, 2.2606, 0, 0.291022, 1.69392, 0, 4.43307, 4.55479, 0, 2.62567, 0.732521, 0, 1.78401, 0.613187
0.977, 0, 2.26055, 0, 0.290604, 1.69436, 0, 4.43305, 4.55543, 0, 2.62568, 0.731246, 0, 1.78442, 0.613283
0.978, 0, 2.26063, 0, 0.289891, 1.6941, 0, 4.43296, 4.55612, 0, 2.62575, 0.731063, 0, 1.78447, 0.613489
0.979, 0, 2.26036, 0, 0.290012, 1.6944, 0, 4.43307, 4.55679, 0, 2.62585, 0.730831, 0, 1.78504, 0.613376
0.98, 0, 2.26033, 0, 0.289408, 1.69434, 0, 4.43301, 4.55762, 0, 2.62588, 0.73074, 0, 1.78539, 0.613925
0.981, 0, 2.2602, 0, 0.28943, 1.69413, 0, 4.43294, 4.55789, 0, 2.6258, 0.73066, 0, 1.78633, 0.611279
0.982, 0, 2.26, 0, 0.289394, 1.69452, 0, 4.43298, 4.55854, 0, 2.62584, 0.730574, 0, 1.78688, 0.611327
0.983, 0, 2.2601, 0, 0.292583, 1.69241, 0, 4.43308, 4.53563, 0, 2.62603, 0.730613, 0, 1.78756, 0.611368
0.984, 0, 2.25924, 0, 0.294728, 1.69437, 0, 4.434, 4.53628, 0, 2.62598, 0.730166, 0, 1.78855, 0.611832
0.985, 0, 2.26039, 0, 0.292032, 1.69318, 0, 4.43339, 4.537, 0, 2.62596, 0.730425, 0, 1.78813, 0.612167
0.986, 0, 2.26014, 0, 0.293454, 1.69394, 0, 4.43408, 4.54124, 0, 2.6259, 0.729922, 0, 1.78934, 0.612197
0.987, 0, 2.26054, 0, 0.292201, 1.69363, 0, 4.43389, 4.54066, 0, 2.62594, 0.729927, 0, 1.78944, 0.612576
0.988, 0, 2.2605, 0, 0.292437, 1.69388, 0, 4.43464, 4.54115, 0, 2.62501, 0.729624, 0, 1.79009, 0.612416
0.989, 0, 2.2606, 0, 0.291879, 1.69387, 0, 4.4347, 4.54222, 0, 2.62505, 0.729552, 0, 1.79047, 0.613476
0.99, 0, 2.26057, 0, 0.291676, 1.69397, 0, 4.43491, 4.54291, 0, 2.62511, 0.729395, 0, 1.7909, 0.613415
0.991, 0, 2.26058, 0, 0.292812, 1.69336, 0, 4.43471, 4.56989, 0, 2.62496, 0.730795, 0, 1.79088, 0.61349
0.992, 0, 2.2603, 0, 0.293295, 1.69403, 0, 4.43468, 4.57076, 0, 2.6249, 0.730688, 0, 1.79138, 0.613388
0.993, 0, 2.26066, 0, 0.292255, 1.69369, 0, 4.42061, 4.56995, 0, 2.62479, 0.730677, 0, 1.79125, 0.613614
0.994, 0, 2.26053, 0, 0.292599, 1.69397, 0, 4.43604, 4.57233, 0, 2.62495, 0.730493, 0, 1.792, 0.613666
0.995, 0, 2.26064, 0, 0.292003, 1.69394, 0, 4.43571, 4.5732, 0, 2.62495, 0.730393, 0, 1.79207, 0.613557
0.996, 0, 2.2606, 0, 0.291859, 1.69407, 0, 4.43263, 4.57511, 0, 2.62497, 0.729718, 0, 1.79248, 0.613589
0.997, 0, 2.2606, 0, 0.291488, 1.69412, 0, 4.43278, 4.57556, 0, 2.62501, 0.729579, 0, 1.79292, 0.613784
0.998, 0, 2.26056, 0, 0.291237, 1.69421, 0, 4.43173, 4.57582, 0, 2.62503, 0.729405, 0, 1.79318, 0.613144
0.999, 0, 2.26051, 0, 0.291119, 1.69396, 0, 4.43178, 4.57638, 0, 2.62501, 0.729316, 0, 1.79364, 0.612566
1, 0, 2.26034, 0, 0.291749, 1.69328, 0, 4.43192, 4.57732, 0, 2.6252, 0.729239, 0, 1.79396, 0.613341
1.001, 0, 2.26009, 0, 0.292698, 1.69395, 0, 4.4321, 4.57813, 0, 2.62521, 0.729191, 0, 1.79439, 0.61356
1.002, 0, 2.26053, 0, 0.291448, 1.69376, 0, 4.43215, 4.5526, 0, 2.62532, 0.729002, 0, 1.79488, 0.613776
1.003, 0, 2.26057, 0, 0.291528, 1.69386, 0, 4.43221, 4.55286, 0, 2.62547, 0.728694, 0, 1.79475, 0.610516
1.004, 0, 2.26063, 0, 0.291131, 1.69397, 0, 4.43229, 4.5534, 0, 2.62553, 0.728535, 0, 1.79524, 0.610475
1.005, 0, 2.26069, 0, 0.290905, 1.69375, 0, 4.43327, 4.554, 0, 2.6256, 0.728342, 0, 1.79565, 0.610354
1.006, 0, 2.26057, 0, 0.290916, 1.69409, 0, 4.43292, 4.55497, 0, 2.62589, 0.726199, 0, 1.79492, 0.611053
1.007, 0, 2.26071, 0, 0.290261, 1.69397, 0, 4.43067, 4.55539, 0, 2.62592, 0.725614, 0, 1.79515, 0.61116
1.008, 0, 2.26062, 0, 0.290169, 1.69431, 0, 4.43076, 4.55607, 0, 2.62601, 0.725215, 0, 1.79555, 0.611189
1.009, 0, 2.2607, 0, 0.289514, 1.69427, 0, 4.41454, 4.55524, 0, 2.62583, 0.724912, 0, 1.7958, 0.610902
1.01, 0, 2.26057, 0, 0.289455, 1.69433, 0, 4.41464, 4.55659, 0, 2.62592, 0.724725, 0, 1.79584, 0.610985
1.011, 0, 2.26048, 0, 0.289188, 1.69438, 0, 4.41433, 4.55749, 0, 2.626, 0.724396, 0, 1.79605, 0.610428
1.012, 0, 2.26041, 0, 0.288541, 1.69439, 0, 4.41411, 4.5587, 0, 2.62606, 0.72407, 0, 1.79621, 0.611076
1.013, 0, 2.26033, 0, 0.288324, 1.69451, 0, 4.41646, 4.56007, 0, 2.62615, 0.723784, 0, 1.79649, 0.610615
1.014, 0, 2.2603, 0, 0.287991, 1.69452, 0, 4.41636, 4.56098, 0, 2.62623, 0.723508, 0, 1.79691, 0.61086
1.015, 0, 2.26023, 0, 0.287797, 1.6946, 0, 4.41405, 4.56179, 0, 2.6263, 0.723212, 0, 1.79722, 0.611009
1.016, 0, 2.26018, 0, 0.287453, 1.69457, 0, 4.41642, 4.56288, 0, 2.62639, 0.72295, 0, 1.79748, 0.611317
1.017, 0, 2.26009, 0, 0.287329, 1.69467, 0, 4.41652, 4.56357, 0, 2.62649, 0.722699, 0, 1.79791, 0.61217
1.018, 0, 2.26008, 0, 0.287037, 1.69467, 0, 4.41648, 4.56394, 0, 2.62656, 0.722439, 0, 1.79793, 0.610341
1.019, 0, 2.26001, 0, 0.286767, 1.69501, 0, 4.4165, 4.56451, 0, 2.62665, 0.722186, 0, 1.79832, 0.610721
1.02, 0, 2.26008, 0, 0.286166, 1.69483, 0, 4.41722, 4.56625, 0, 2.62676, 0.721672, 0, 1.79868, 0.61066
1.021, 0, 2.25988, 0, 0.286212, 1.69505, 0, 4.41734, 4.56663, 0, 2.62685, 0.721827, 0, 1.79906, 0.610791
1.022, 0, 2.25985, 0, 0.285744, 1.69501, 0, 4.41738, 4.56717, 0, 2.62693, 0.721619, 0, 1.79939, 0.610924
1.023, 0, 2.25974, 0, 0.285616, 1.69512, 0, 4.41744, 4.56797, 0, 2.62701, 0.721376, 0, 1.79978, 0.611105
1.024, 0, 2.25968, 0, 0.285316, 1.69514, 0, 4.4203, 4.56854, 0, 2.62705, 0.721153, 0, 1.79998, 0.611098
1.025, 0, 2.2596, 0, 0.285115, 1.69521, 0, 4.42117, 4.56877, 0, 2.62716, 0.723516, 0, 1.80021, 0.584552
1.026, 0, 2.25954, 0, 0.284858, 1.69525, 0, 4.42115, 4.56932, 0, 2.62719, 0.723443, 0, 1.80047, 0.585375
1.027, 0, 2.25948, 0, 0.284642, 1.6953, 0, 4.42112, 4.56987, 0, 2.62723, 0.723334, 0, 1.80077, 0.58596
1.028, 0, 2.25942, 0, 0.284385, 1.69532, 0, 4.42107, 4.57006, 0, 2.62733, 0.722774, 0, 1.80097, 0.586252
1.029, 0, 2.25936, 0, 0.284196, 1.69539, 0, 4.42105, 4.57049, 0, 2.62732, 0.7228, 0, 1.8012, 0.586161
1.03, 0, 2.25933, 0, 0.283961, 1.69542, 0, 4.4209, 4.57117, 0, 2.6273, 0.722757, 0, 1.80136, 0.584748
1.031, 0, 2.25927, 0, 0.283827, 1.69538, 0, 4.42096, 4.57353, 0, 2.62735, 0.794453, 0, 1.80186, 0.585282
1.032, 0, 2.2592, 0, 0.283688, 1.69551, 0, 4.42092, 4.57392, 0, 2.62737, 0.794515, 0, 1.80218, 0.585853
1.033, 0, 2.25921, 0, 0.283367, 1.69551, 0, 4.42094, 4.5744, 0, 2.62738, 0.794576, 0, 1.80243, 0.58632
1.034, 0, 2.25918, 0, 0.283197, 1.69559, 0, 4.42079, 4.57517, 0, 2.62711, 0.79504, 0, 1.80254, 0.58977
1.035, 0, 2.25915, 0, 0.282952, 1.69561, 0, 4.42088, 4.57539, 0, 2.63173, 0.79551, 0, 1.8028, 0.590063
1.036, 0, 2.2591, 0, 0.28279, 1.69567, 0, 4.42105, 4.57614, 0, 2.63193, 0.796175, 0, 1.80307, 0.589779
1.037, 0, 2.25906, 0, 0.282573, 1.69571, 0, 4.42115, 4.57632, 0, 2.63193, 0.79617, 0, 1.80317, 0.590011
1.038, 0, 2.25902, 0, 0.282383, 1.69574, 0, 4.4213, 4.57685, 0, 2.63198, 0.796142, 0, 1.80187, 0.590654
1.039, 0, 2.25898, 0, 0.282182, 1.69579, 0, 4.42137, 4.57747, 0, 2.63204, 0.79606, 0, 1.80224, 0.590863
1.04, 0, 2.25894, 0, 0.282103, 1.69586, 0, 4.42142, 4.58013, 0, 2.63218, 0.797714, 0, 1.80258, 0.591699
1.041, 0, 2.25891, 0, 0.281886, 1.69598, 0, 4.4216, 4.57888, 0, 2.63225, 0.797726, 0, 1.80271, 0.594503
1.042, 0, 2.25896, 0, 0.281725, 1.6959, 0, 4.42103, 4.59454, 0, 2.63205, 0.797409, 0, 1.80199, 0.594275
1.043, 0, 2.25885, 0, 0.281736, 1.69599, 0, 4.42134, 4.59592, 0, 2.63211, 0.797342, 0, 1.80229, 0.594268
1.044, 0, 2.25883, 0, 0.281503, 1.69598, 0, 4.4215, 4.59603, 0, 2.63215, 0.797257, 0, 1.80263, 0.594428
1.045, 0, 2.25878, 0, 0.281592, 1.69559, 0, 4.4217, 4.59635, 0, 2.63221, 0.797131, 0, 1.80314, 0.594654
1.046, 0, 2.25861, 0, 0.281859, 1.69608, 0, 4.42179, 4.59625, 0, 2.63216, 0.796944, 0, 1.80301, 0.602154
1.047, 0, 2.25887, 0, 0.281098, 1.69585, 0, 4.42171, 4.59707, 0, 2.63222, 0.796897, 0, 1.80326, 0.602515
1.048, 0, 2.25879, 0, 0.281272, 1.69606, 0, 4.42189, 4.59729, 0, 2.63252, 0.796685, 0, 1.80365, 0.606615
1.049, 0, 2.25885, 0, 0.280855, 1.69602, 0, 4.42172, 4.59746, 0, 2.63257, 0.796555, 0, 1.80384, 0.607082
1.05, 0, 2.25881, 0, 0.280783, 1.69611, 0, 4.42025, 4.5977, 0, 2.63263, 0.796332, 0, 1.80412, 0.607512
1.051, 0, 2.25879, 0, 0.280522, 1.69613, 0, 4.42022, 4.59734, 0, 2.63272, 0.796165, 0, 1.80435, 0.609773
1.052, 0, 2.25876, 0, 0.280366, 1.69619, 0, 4.42039, 4.59747, 0, 2.63279, 0.795949, 0, 1.80461, 0.609954
1.053, 0, 2.25873, 0, 0.28016, 1.69623, 0, 4.42037, 4.59885, 0, 2.63284, 0.795741, 0, 1.80482, 0.610377
1.054, 0, 2.25873, 0, 0.280048, 1.69626, 0, 4.42137, 4.61186, 0, 2.63275, 0.795375, 0, 1.80443, 0.610344
1.055, 0, 2.25868, 0, 0.279908, 1.69628, 0, 4.42154, 4.612, 0, 2.63289, 0.795196, 0, 1.80083, 0.610113
1.056, 0, 2.25864, 0, 0.279758, 1.69633, 0, 4.42166, 4.61219, 0, 2.63296, 0.794996, 0, 1.80094, 0.610983
1.057, 0, 2.25863, 0, 0.279609, 1.69635, 0, 4.42163, 4.6179, 0, 2.63301, 0.794446, 0, 1.80087, 0.611586
1.058, 0, 2.25861, 0, 0.279363, 1.69658, 0, 4.42189, 4.62716, 0, 2.63303, 0.794185, 0, 1.80088, 0.612139
1.059, 0, 2.2586, 0, 0.27903, 1.69641, 0, 4.42182, 4.62854, 0, 2.71916, 0.780094, 0, 1.80187, 0.612189
1.06, 0, 2.25848, 0, 0.280724, 1.69574, 0, 4.42187, 4.62874, 0, 2.71892, 0.775932, 0, 1.80023, 0.613436
1.061, 0, 2.25816, 0, 0.281344, 1.69642, 0, 4.42215, 4.63278, 0, 2.71856, 0.774806, 0, 1.79937, 0.613751
1.062, 0, 2.2586, 0, 0.280355, 1.69601, 0, 4.42158, 4.63199, 0, 2.71899, 0.776227, 0, 1.79893, 0.611718
1.063, 0, 2.25851, 0, 0.280804, 1.6963, 0, 4.42189, 4.63125, 0, 2.71881, 0.777129, 0, 1.79951, 0.612235
1.064, 0, 2.25867, 0, 0.280286, 1.69619, 0, 4.42246, 4.63083, 0, 2.71867, 0.777901, 0, 1.79951, 0.612667
1.065, 0, 2.25865, 0, 0.280334, 1.6963, 0, 4.42253, 4.63022, 0, 2.71865, 0.778318, 0, 1.79982, 0.613219
1.066, 0, 2.25867, 0, 0.280063, 1.69629, 0, 4.42263, 4.6302, 0, 2.71868, 0.77756, 0, 1.79921, 0.613701
1.067, 0, 2.25865, 0, 0.279893, 1.69655, 0, 4.4226, 4.62972, 0, 2.71876, 0.777898, 0, 1.79942, 0.614046
1.068, 0, 2.25871, 0, 0.279464, 1.69641, 0, 4.42313, 4.63049, 0, 2.71882, 0.778809, 0, 1.79969, 0.614498
1.069, 0, 2.25858, 0, 0.279518, 1.69657, 0, 4.42319, 4.63218, 0, 2.71881, 0.778735, 0, 1.7999, 0.614981
1.07, 0, 2.25856, 0, 0.279308, 1.69637, 0, 4.42323, 4.63184, 0, 2.71886, 0.778679, 0, 1.80014, 0.615568
1.071, 0, 2.25843, 0, 0.279396, 1.69661, 0, 4.42326, 4.6311, 0, 2.71921, 0.778523, 0, 1.80015, 0.61835
1.072, 0, 2.25849, 0, 0.278903, 1.6967, 0, 4.42332, 4.63051, 0, 2.71935, 0.780166, 0, 1.80046, 0.618801
1.073, 0, 2.25848, 0, 0.278737, 1.69662, 0, 4.42333, 4.6304, 0, 2.71941, 0.779988, 0, 1.80095, 0.619264
1.074, 0, 2.25837, 0, 0.278698, 1.69673, 0, 4.42352, 4.62971, 0, 2.71928, 0.779519, 0, 1.80128, 0.619617
1.075, 0, 2.25835, 0, 0.278429, 1.69672, 0, 4.42356, 4.62949, 0, 2.71939, 0.779185, 0, 1.80162, 0.620954
1.076, 0, 2.25828, 0, 0.278312, 1.69678, 0, 4.41839, 4.62935, 0, 2.71923, 0.778707, 0, 1.80214, 0.620989
1.077, 0, 2.25826, 0, 0.278104, 1.6968, 0, 4.41825, 4.62878, 0, 2.71931, 0.77837, 0, 1.80212, 0.618979
1.078, 0, 2.25822, 0, 0.277959, 1.69684, 0, 4.41835, 4.62847, 0, 2.71942, 0.778001, 0, 1.80254, 0.619415
1.079, 0, 2.25819, 0, 0.27778, 1.69687, 0, 4.41838, 4.62821, 0, 2.71972, 0.777562, 0, 1.80285, 0.620124
1.08, 0, 2.25815, 0, 0.277612, 1.69691, 0, 4.41832, 4.62795, 0, 2.71983, 0.777161, 0, 1.80314, 0.620538
1.081, 0, 2.25812, 0, 0.277433, 1.69694, 0, 4.41834, 4.62777, 0, 2.71995, 0.776723, 0, 1.80341, 0.621021
1.082, 0, 2.25809, 0, 0.277326, 1.69694, 0, 4.41824, 4.62931, 0, 2.72012, 0.77654, 0, 1.80355, 0.621567
1.083, 0, 2.25804, 0, 0.2772, 1.697, 0, 4.41829, 4.62908, 0, 2.72024, 0.776095, 0, 1.80381, 0.621672
1.084, 0, 2.25803, 0, 0.276988, 1.69702, 0, 4.41831, 4.62888, 0, 2.72037, 0.77563, 0, 1.80408, 0.622188
1.085, 0, 2.25799, 0, 0.276833, 1.69707, 0, 4.41846, 4.62881, 0, 2.72051, 0.775145, 0, 1.80434, 0.622637
1.086, 0, 2.25796, 0, 0.276591, 1.69701, 0, 4.41849, 4.62895, 0, 2.72067, 0.774663, 0, 1.8047, 0.623814
1.087, 0, 2.25789, 0, 0.276794, 1.69649, 0, 4.41851, 4.62905, 0, 2.72081, 0.774166, 0, 1.80498, 0.624141
1.088, 0, 2.25767, 0, 0.277095, 1.69724, 0, 4.41867, 4.62895, 0, 2.72094, 0.773853, 0, 1.80537, 0.624416
1.089, 0, 2.25808, 0, 0.27603, 1.6968, 0, 4.41943, 4.63266, 0, 2.72105, 0.773451, 0, 1.80524, 0.624885
1.09, 0, 2.25791, 0, 0.276484, 1.69713, 0, 4.41965, 4.63253, 0, 2.7212, 0.772804, 0, 1.80573, 0.625011
1.091, 0, 2.25802, 0, 0.275886, 1.69702, 0, 4.41959, 4.6324, 0, 2.7211, 0.772426, 0, 1.80578, 0.625311
1.092, 0, 2.25795, 0, 0.275832, 1.69722, 0, 4.4197, 4.63249, 0, 2.72126, 0.771885, 0, 1.80625, 0.625637
1.093, 0, 2.25798, 0, 0.275455, 1.69714, 0, 4.41967, 4.63226, 0, 2.72139, 0.771382, 0, 1.80628, 0.624477
1.094, 0, 2.25789, 0, 0.27544, 1.69725, 0, 4.41976, 4.63238, 0, 2.72108, 0.772206, 0, 1.80661, 0.626279
1.095, 0, 2.25788, 0, 0.275183, 1.69724, 0, 4.41977, 4.63265, 0, 2.72115, 0.771894, 0, 1.80651, 0.624925
1.096, 0, 2.25782, 0, 0.275082, 1.69729, 0, 4.4198, 4.63247, 0, 2.72126, 0.771583, 0, 1.8069, 0.6255
1.097, 0, 2.25779, 0, 0.274883, 1.69732, 0, 4.42025, 4.63203, 0, 2.7214, 0.771291, 0, 1.80713, 0.626211
1.098, 0, 2.25776, 0, 0.274731, 1.69736, 0, 4.42025, 4.63337, 0, 2.7215, 0.770966, 0, 1.80739, 0.626815
1.099, 0, 2.25773, 0, 0.274563, 1.69739, 0, 4.42031, 4.63325, 0, 2.72162, 0.770667, 0, 1.8077, 0.62714
1.1, 0, 2.25769, 0, 0.274392, 1.69743, 0, 4.42039, 4.63248, 0, 2.72176, 0.770379, 0, 1.80811, 0.626958
1.101, 0, 2.25771, 0, 0.27503, 1.6965, 0, 4.41998, 4.63091, 0, 2.72173, 0.769911, 0, 1.80657, 0.62827
1.102, 0, 2.25734, 0, 0.275966, 1.69744, 0, 4.42011, 4.65178, 0, 2.72176, 0.769642, 0, 1.80768, 0.630497
1.103, 0, 2.25791, 0, 0.274672, 1.69689, 0, 4.42484, 4.65128, 0, 2.72184, 0.769532, 0, 1.80771, 0.631247
1.104, 0, 2.25778, 0, 0.275327, 1.69726, 0, 4.42496, 4.65115, 0, 2.72199, 0.769037, 0, 1.80835, 0.631372
1.105, 0, 2.25801, 0, 0.274839, 1.69708, 0, 4.42431, 4.66269, 0, 2.72188, 0.768578, 0, 1.80772, 0.632135
1.106, 0, 2.25798, 0, 0.275027, 1.69721, 0, 4.42449, 4.66243, 0, 2.722, 0.768177, 0, 1.80794, 0.63264
1.107, 0, 2.25802, 0, 0.274744, 1.69721, 0, 4.42467, 4.66277, 0, 2.72214, 0.767928, 0, 1.80018, 0.630293
1.108, 0, 2.25802, 0, 0.274653, 1.69725, 0, 4.42466, 4.66244, 0, 2.72224, 0.767621, 0, 1.8005, 0.630796
1.109, 0, 2.25801, 0, 0.2745, 1.69729, 0, 4.42372, 4.66203, 0, 2.72235, 0.767257, 0, 1.80073, 0.630788
1.11, 0, 2.25799, 0, 0.274359, 1.69733, 0, 4.42365, 4.66187, 0, 2.72247, 0.766924, 0, 1.80091, 0.631236
1.111, 0, 2.25796, 0, 0.274215, 1.69736, 0, 4.42362, 4.66171, 0, 2.72259, 0.766592, 0, 1.80115, 0.631728
1.112, 0, 2.25792, 0, 0.274201, 1.69702, 0, 4.42367, 4.66191, 0, 2.72256, 0.765086, 0, 1.8016, 0.633604
1.113, 0, 2.25775, 0, 0.274424, 1.69744, 0, 4.42378, 4.66188, 0, 2.72263, 0.764716, 0, 1.80185, 0.634175
1.114, 0, 2.25794, 0, 0.273771, 1.69724, 0, 4.42369, 4.66118, 0, 2.72278, 0.764563, 0, 1.80208, 0.634861
1.115, 0, 2.25788, 0, 0.273942, 1.69743, 0, 4.42405, 4.6628, 0, 2.72289, 0.766054, 0, 1.80158, 0.63575
1.116, 0, 2.25794, 0, 0.27362, 1.69738, 0, 4.42395, 4.66437, 0, 2.72277, 0.765974, 0, 1.80213, 0.63659
1.117, 0, 2.25789, 0, 0.273612, 1.69745, 0, 4.42408, 4.66482, 0, 2.7229, 0.765911, 0, 1.80249, 0.636956
1.118, 0, 2.25788, 0, 0.27343, 1.69747, 0, 4.42415, 4.66467, 0, 2.72299, 0.765785, 0, 1.80272, 0.637447
1.119, 0, 2.25785, 0, 0.273331, 1.69751, 0, 4.42421, 4.66446, 0, 2.72309, 0.765627, 0, 1.80289, 0.637908
1.12, 0, 2.25782, 0, 0.273191, 1.69754, 0, 4.42428, 4.66421, 0, 2.72317, 0.765472, 0, 1.80312, 0.636294
1.121, 0, 2.25778, 0, 0.273069, 1.69758, 0, 4.42438, 4.6642, 0, 2.72328, 0.765333, 0, 1.80346, 0.63734
1.122, 0, 2.25784, 0, 0.273167, 1.69751, 0, 4.42346, 4.69209, 0, 2.72307, 0.76476, 0, 1.80231, 0.639652
1.123, 0, 2.25778, 0, 0.273213, 1.69758, 0, 4.42381, 4.69164, 0, 2.72316, 0.764594, 0, 1.80249, 0.638896
1.124, 0, 2.25779, 0, 0.27318, 1.69751, 0, 4.42398, 4.69113, 0, 2.72325, 0.764417, 0, 1.8026, 0.63945
1.125, 0, 2.25775, 0, 0.273209, 1.69761, 0, 4.42398, 4.69015, 0, 2.72333, 0.764146, 0, 1.80233, 0.635567
1.126, 0, 2.25778, 0, 0.273018, 1.69759, 0, 4.42402, 4.69072, 0, 2.72345, 0.763949, 0, 1.80273, 0.636005
1.127, 0, 2.25774, 0, 0.272982, 1.69765, 0, 4.42414, 4.69048, 0, 2.72357, 0.763715, 0, 1.80305, 0.636345
1.128, 0, 2.25775, 0, 0.272841, 1.69767, 0, 4.42406, 4.68945, 0, 2.72364, 0.763443, 0, 1.80267, 0.636628
1.129, 0, 2.25772, 0, 0.272764, 1.6977, 0, 4.4241, 4.68869, 0, 2.72381, 0.767052, 0, 1.8032, 0.636989
1.13, 0, 2.25768, 0, 0.272651, 1.69773, 0, 4.42429, 4.68871, 0, 2.72389, 0.767267, 0, 1.80405, 0.637272
1.131, 0, 2.25766, 0, 0.272464, 1.69793, 0, 4.42421, 4.68775, 0, 2.72383, 0.767292, 0, 1.80337, 0.637886
1.132, 0, 2.25769, 0, 0.272182, 1.69779, 0, 4.42419, 4.68719, 0, 2.7239, 0.767342, 0, 1.80368, 0.638281
1.133, 0, 2.25755, 0, 0.272329, 1.69792, 0, 4.42429, 4.68662, 0, 2.72396, 0.76733, 0, 1.80398, 0.638261
1.134, 0, 2.25753, 0, 0.272055, 1.69791, 0, 4.42455, 4.68589, 0, 2.72414, 0.767398, 0, 1.80407, 0.63862
1.135, 0, 2.25747, 0, 0.271982, 1.69797, 0, 4.42474, 4.68553, 0, 2.72417, 0.767408, 0, 1.80432, 0.639149
1.136, 0, 2.25743, 0, 0.271822, 1.69799, 0, 4.42477, 4.68528, 0, 2.72426, 0.767397, 0, 1.80449, 0.639444
1.137, 0, 2.25738, 0, 0.2717, 1.69803, 0, 4.42482, 4.68518, 0, 2.72427, 0.763135, 0, 1.80472, 0.641211
1.138, 0, 2.25734, 0, 0.271574, 1.69806, 0, 4.42478, 4.68683, 0, 2.72457, 0.766974, 0, 1.80481, 0.641659
1.139, 0, 2.2573, 0, 0.271457, 1.69809, 0, 4.42484, 4.68666, 0, 2.72464, 0.767018, 0, 1.80502, 0.642324
1.14, 0, 2.25726, 0, 0.271344, 1.69812, 0, 4.42492, 4.68638, 0, 2.72464, 0.766551, 0, 1.80545, 0.642858
1.141, 0, 2.25722, 0, 0.271219, 1.69816, 0, 4.42494, 4.68616, 0, 2.72468, 0.766728, 0, 1.80535, 0.642921
1.142, 0, 2.2572, 0, 0.271098, 1.69819, 0, 4.42483, 4.68541, 0, 2.72471, 0.766666, 0, 1.80506, 0.643602
1.143, 0, 2.25716, 0, 0.270989, 1.69823, 0, 4.42509, 4.68521, 0, 2.72482, 0.76656, 0, 1.80543, 0.643811
1.144, 0, 2.25713, 0, 0.270874, 1.69824, 0, 4.42512, 4.68485, 0, 2.72489, 0.766429, 0, 1.80577, 0.644362
1.145, 0, 2.25708, 0, 0.270782, 1.69828, 0, 4.42518, 4.68453, 0, 2.725, 0.766282, 0, 1.80604, 0.644644
1.146, 0, 2.25705, 0, 0.270664, 1.6983, 0, 4.42524, 4.68426, 0, 2.7251, 0.766141, 0, 1.80627, 0.644966
1.147, 0, 2.25702, 0, 0.270553, 1.69833, 0, 4.4253, 4.684, 0, 2.72521, 0.766001, 0, 1.80646, 0.64535
1.148, 0, 2.25696, 0, 0.270332, 1.6984, 0, 4.42548, 4.65976, 0, 2.72544, 0.765977, 0, 1.80639, 0.645682
1.149, 0, 2.25693, 0, 0.270149, 1.69842, 0, 4.42559, 4.6594, 0, 2.72556, 0.765861, 0, 1.80673, 0.646134
1.15, 0, 2.25688, 0, 0.270027, 1.69846, 0, 4.42563, 4.65907, 0, 2.72567, 0.76573, 0, 1.80705, 0.646454
1.151, 0, 2.25685, 0, 0.26988, 1.69849, 0, 4.42567, 4.6586, 0, 2.72577, 0.765586, 0, 1.80721, 0.645596
1.152, 0, 2.25681, 0, 0.269766, 1.69852, 0, 4.42572, 4.65905, 0, 2.72588, 0.765444, 0, 1.8075, 0.64596
1.153, 0, 2.25677, 0, 0.269648, 1.69855, 0, 4.42578, 4.6592, 0, 2.72598, 0.765305, 0, 1.80772, 0.646404
1.154, 0, 2.25674, 0, 0.269525, 1.69858, 0, 4.42583, 4.6588, 0, 2.72618, 0.765169, 0, 1.80785, 0.646103
1.155, 0, 2.25671, 0, 0.269402, 1.69861, 0, 4.42589, 4.65842, 0, 2.7263, 0.765039, 0, 1.80811, 0.64645
1.156, 0, 2.25669, 0, 0.269285, 1.69864, 0, 4.42595, 4.65897, 0, 2.72641, 0.764909, 0, 1.80837, 0.64687
1.157, 0, 2.25666, 0, 0.269163, 1.69867, 0, 4.42661, 4.65859, 0, 2.72653, 0.764779, 0, 1.8086, 0.64721
1.158, 0, 2.25664, 0, 0.269037, 1.6987, 0, 4.42664, 4.65825, 0, 2.72666, 0.764655, 0, 1.80884, 0.647599
1.159, 0, 2.25661, 0, 0.268908, 1.69873, 0, 4.4267, 4.65795, 0, 2.72678, 0.764535, 0, 1.80908, 0.648875
1.16, 0, 2.25659, 0, 0.268776, 1.69876, 0, 4.42673, 4.65718, 0, 2.72691, 0.764412, 0, 1.80932, 0.649373
1.161, 0, 2.25656, 0, 0.268637, 1.6988, 0, 4.43003, 4.65805, 0, 2.72692, 0.764308, 0, 1.80973, 0.649774
1.162, 0, 2.25655, 0, 0.268493, 1.69883, 0, 4.428, 4.65852, 0, 2.72699, 0.764132, 0, 1.80953, 0.647612
1.163, 0, 2.25653, 0, 0.268502, 1.69853, 0, 4.4281, 4.66035, 0, 2.72712, 0.764025, 0, 1.80999, 0.648091
1.164, 0, 2.25639, 0, 0.268726, 1.69889, 0, 4.42816, 4.65936, 0, 2.72719, 0.763867, 0, 1.80984, 0.648608
1.165, 0, 2.25657, 0, 0.269609, 1.69799, 0, 4.42814, 4.65892, 0, 2.72732, 0.763842, 0, 1.81026, 0.648317
1.166, 0, 2.25623, 0, 0.270568, 1.69876, 0, 4.42844, 4.65649, 0, 2.72747, 0.763703, 0, 1.81105, 0.648439
1.167, 0, 2.25668, 0, 0.269484, 1.69832, 0, 4.42861, 4.65644, 0, 2.72697, 0.763697, 0, 1.81106, 0.648742
1.168, 0, 2.25662, 0, 0.270132, 1.69856, 0, 4.42864, 4.68593, 0, 2.72693, 0.763282, 0, 1.81111, 0.650337
1.169, 0, 2.25679, 0, 0.269726, 1.69846, 0, 4.42855, 4.68508, 0, 2.72702, 0.763223, 0, 1.81107, 0.650584
1.17, 0, 2.2568, 0, 0.26979, 1.69855, 0, 4.42855, 4.68498, 0, 2.72714, 0.763076, 0, 1.81134, 0.650898
1.171, 0, 2.25686, 0, 0.269588, 1.69855, 0, 4.42852, 4.6848, 0, 2.72724, 0.762994, 0, 1.81153, 0.651141
1.172, 0, 2.25686, 0, 0.269507, 1.6986, 0, 4.42794, 4.68465, 0, 2.72736, 0.762884, 0, 1.81177, 0.651951
1.173, 0, 2.25686, 0, 0.269333, 1.69863, 0, 4.42803, 4.68348, 0, 2.72751, 0.762826, 0, 1.81212, 0.652139
1.174, 0, 2.25685, 0, 0.269197, 1.69867, 0, 4.42807, 4.68329, 0, 2.72763, 0.762726, 0, 1.81229, 0.652041
1.175, 0, 2.25684, 0, 0.269059, 1.6987, 0, 4.42804, 4.68281, 0, 2.72772, 0.762602, 0, 1.81218, 0.652519
1.176, 0, 2.25682, 0, 0.268929, 1.69873, 0, 4.42811, 4.68249, 0, 2.72786, 0.762512, 0, 1.81262, 0.652702
1.177, 0, 2.25679, 0, 0.268804, 1.69877, 0, 4.42819, 4.68232, 0, 2.72798, 0.762423, 0, 1.81294, 0.652958
1.178, 0, 2.25677, 0, 0.268672, 1.6988, 0, 4.42826, 4.68216, 0, 2.7281, 0.762334, 0, 1.81336, 0.65375
1.179, 0, 2.25674, 0, 0.268543, 1.69883, 0, 4.42833, 4.68204, 0, 2.72822, 0.762253, 0, 1.81365, 0.65388
1.18, 0, 2.25672, 0, 0.268398, 1.69888, 0, 4.42836, 4.6818, 0, 2.72842, 0.762158, 0, 1.81372, 0.652864
1.181, 0, 2.2567, 0, 0.268258, 1.6989, 0, 4.42841, 4.68164, 0, 2.72845, 0.762081, 0, 1.81409, 0.653452
1.182, 0, 2.25669, 0, 0.268143, 1.69894, 0, 4.42828, 4.6808, 0, 2.72845, 0.761255, 0, 1.81364, 0.647652
1.183, 0, 2.25666, 0, 0.267939, 1.69926, 0, 4.42838, 4.68053, 0, 2.7286, 0.761105, 0, 1.81419, 0.647931
1.184, 0, 2.25673, 0, 0.267515, 1.6991, 0, 4.42846, 4.68099, 0, 2.72876, 0.761005, 0, 1.81475, 0.650643
1.185, 0, 2.25657, 0, 0.267695, 1.6993, 0, 4.42861, 4.68038, 0, 2.72886, 0.760775, 0, 1.81457, 0.651041
1.186, 0, 2.25655, 0, 0.267351, 1.69922, 0, 4.42862, 4.68024, 0, 2.729, 0.760694, 0, 1.81494, 0.651368
1.187, 0, 2.25642, 0, 0.267384, 1.69932, 0, 4.42875, 4.6801, 0, 2.72913, 0.760558, 0, 1.81526, 0.65169
1.188, 0, 2.25637, 0, 0.267163, 1.69931, 0, 4.4288, 4.67999, 0, 2.72926, 0.760482, 0, 1.81549, 0.652086
1.189, 0, 2.2563, 0, 0.267093, 1.69936, 0, 4.42882, 4.67986, 0, 2.72938, 0.760376, 0, 1.81575, 0.652533
1.19, 0, 2.25626, 0, 0.266941, 1.69939, 0, 4.42935, 4.68449, 0, 2.72951, 0.760303, 0, 1.81597, 0.653112
1.191, 0, 2.25622, 0, 0.266816, 1.69942, 0, 4.42941, 4.68427, 0, 2.72964, 0.760224, 0, 1.81622, 0.653576
1.192, 0, 2.25617, 0, 0.266692, 1.69945, 0, 4.42949, 4.68424, 0, 2.72977, 0.760161, 0, 1.81659, 0.65312
1.193, 0, 2.25613, 0, 0.266559, 1.69951, 0, 4.42952, 4.68414, 0, 2.7299, 0.760095, 0, 1.81678, 0.653357
1.194, 0, 2.25611, 0, 0.266402, 1.69951, 0, 4.42955, 4.68403, 0, 2.73002, 0.760029, 0, 1.81703, 0.653782
1.195, 0, 2.25605, 0, 0.266298, 1.69956, 0, 4.42961, 4.68401, 0, 2.73016, 0.759976, 0, 1.81735, 0.654665
1.196, 0, 2.25602, 0, 0.266382, 1.69905, 0, 4.42963, 4.68391, 0, 2.73028, 0.759927, 0, 1.81757, 0.655106
1.197, 0, 2.25578, 0, 0.266791, 1.69963, 0, 4.4298, 4.68379, 0, 2.7304, 0.759884, 0, 1.81796, 0.655681
1.198, 0, 2.25611, 0, 0.265987, 1.69932, 0, 4.42974, 4.67967, 0, 2.73039, 0.759858, 0, 1.81759, 0.656336
1.199, 0, 2.25601, 0, 0.266329, 1.69955, 0, 4.42999, 4.67916, 0, 2.7305, 0.759683, 0, 1.81766, 0.65691
1.2, 0, 2.25609, 0, 0.26593, 1.69948, 0, 4.43005, 4.67873, 0, 2.73063, 0.759689, 0, 1.818, 0.657583
1.201, 0, 2.25605, 0, 0.265962, 1.69956, 0, 4.43011, 4.67817, 0, 2.73074, 0.75957, 0, 1.81819, 0.655735
1.202, 0, 2.25605, 0, 0.265772, 1.69957, 0, 4.43039, 4.67804, 0, 2.73088, 0.759545, 0, 1.81857, 0.65615
1.203, 0, 2.25601, 0, 0.265694, 1.69961, 0, 4.43049, 4.67789, 0, 2.73102, 0.759492, 0, 1.81891, 0.656563
1.204, 0, 2.25599, 0, 0.265558, 1.69964, 0, 4.43055, 4.67774, 0, 2.73114, 0.759455, 0, 1.81747, 0.656949
1.205, 0, 2.25593, 0, 0.26537, 1.69968, 0, 4.43088, 4.66852, 0, 2.73141, 0.759565, 0, 1.81837, 0.657173
1.206, 0, 2.2559, 0, 0.265198, 1.69973, 0, 4.43076, 4.6684, 0, 2.73153, 0.759519, 0, 1.81855, 0.656193
1.207, 0, 2.25588, 0, 0.265044, 1.69976, 0, 4.43071, 4.66844, 0, 2.73104, 0.759384, 0, 1.81884, 0.656687
1.208, 0, 2.25585, 0, 0.264904, 1.6998, 0, 4.43079, 4.6685, 0, 2.73117, 0.759348, 0, 1.81913, 0.657138
1.209, 0, 2.25582, 0, 0.26476, 1.69984, 0, 4.43083, 4.6686, 0, 2.73122, 0.759255, 0, 1.81925, 0.657537
1.21, 0, 2.25579, 0, 0.264623, 1.69987, 0, 4.4324, 4.66871, 0, 2.73136, 0.759155, 0, 1.8195, 0.657968
1.211, 0, 2.25576, 0, 0.264488, 1.69991, 0, 4.43242, 4.6688, 0, 2.73149, 0.759161, 0, 1.81963, 0.658246
1.212, 0, 2.25574, 0, 0.264357, 1.69994, 0, 4.43233, 4.66907, 0, 2.7316, 0.759139, 0, 1.81948, 0.658708
1.213, 0, 2.25571, 0, 0.26423, 1.69998, 0, 4.43243, 4.66911, 0, 2.73172, 0.759145, 0, 1.81972, 0.659153
1.214, 0, 2.2557, 0, 0.264111, 1.70001, 0, 4.43234, 4.66944, 0, 2.7318, 0.759078, 0, 1.81949, 0.655658
1.215, 0, 2.25567, 0, 0.263999, 1.70004, 0, 4.43242, 4.66934, 0, 2.73194, 0.759074, 0, 1.81995, 0.656009
1.216, 0, 2.25564, 0, 0.263889, 1.70007, 0, 4.43251, 4.66944, 0, 2.73214, 0.759165, 0, 1.82038, 0.656581
1.217, 0, 2.25561, 0, 0.26376, 1.70011, 0, 4.43127, 4.66909, 0, 2.73227, 0.759168, 0, 1.82068, 0.656852
1.218, 0, 2.25558, 0, 0.263614, 1.70015, 0, 4.43134, 4.66918, 0, 2.73244, 0.759131, 0, 1.82097, 0.657578
1.219, 0, 2.25557, 0, 0.263489, 1.70018, 0, 4.43128, 4.66869, 0, 2.73245, 0.759094, 0, 1.82801, 0.657846
1.22, 0, 2.25554, 0, 0.263366, 1.70021, 0, 4.43128, 4.66844, 0, 2.7326, 0.759066, 0, 1.82877, 0.658455
1.221, 0, 2.25551, 0, 0.263248, 1.70025, 0, 4.43134, 4.66828, 0, 2.73274, 0.759285, 0, 1.82914, 0.658818
1.222, 0, 2.25548, 0, 0.263081, 1.70032, 0, 4.43141, 4.6682, 0, 2.73287, 0.759291, 0, 1.82939, 0.658861
1.223, 0, 2.25547, 0, 0.262932, 1.7003, 0, 4.43285, 4.66822, 0, 2.73299, 0.759287, 0, 1.8296, 0.659322
1.224, 0, 2.25541, 0, 0.263675, 1.69855, 0, 4.43289, 4.6686, 0, 2.73313, 0.759284, 0, 1.82989, 0.659704
1.225, 0, 2.25472, 0, 0.265389, 1.7003, 0, 4.43336, 4.6685, 0, 2.73324, 0.759311, 0, 1.83046, 0.660073
1.226, 0, 2.25578, 0, 0.262963, 1.69935, 0, 4.43271, 4.66889, 0, 2.73328, 0.759759, 0, 1.83008, 0.660888
1.227, 0, 2.2556, 0, 0.264031, 1.69997, 0, 4.43307, 4.66976, 0, 2.73345, 0.75943, 0, 1.83077, 0.661137
1.228, 0, 2.25592, 0, 0.263055, 1.69975, 0, 4.43288, 4.67064, 0, 2.73357, 0.759572, 0, 1.83074, 0.661586
1.229, 0, 2.25588, 0, 0.263269, 1.69994, 0, 4.43295, 4.67154, 0, 2.73371, 0.759449, 0, 1.83107, 0.662243
1.23, 0, 2.25594, 0, 0.263017, 1.69987, 0, 4.43294, 4.67296, 0, 2.73387, 0.759471, 0, 1.83119, 0.662531
1.231, 0, 2.25589, 0, 0.263028, 1.69998, 0, 4.43348, 4.67294, 0, 2.734, 0.759439, 0, 1.83147, 0.662594
1.232, 0, 2.25589, 0, 0.262815, 1.69997, 0, 4.43352, 4.67264, 0, 2.73418, 0.761147, 0, 1.83162, 0.663968
1.233, 0, 2.25586, 0, 0.262767, 1.70002, 0, 4.43197, 4.6734, 0, 2.73425, 0.761218, 0, 1.83165, 0.663105
1.234, 0, 2.25583, 0, 0.262642, 1.70005, 0, 4.43199, 4.67346, 0, 2.73437, 0.76136, 0, 1.83199, 0.663122
1.235, 0, 2.2558, 0, 0.262547, 1.70009, 0, 4.43202, 4.67354, 0, 2.73459, 0.761525, 0, 1.8323, 0.66304
1.236, 0, 2.25577, 0, 0.262425, 1.70012, 0, 4.43208, 4.67361, 0, 2.7347, 0.761634, 0, 1.83254, 0.663377
1.237, 0, 2.25575, 0, 0.262309, 1.70016, 0, 4.43215, 4.67402, 0, 2.73482, 0.761736, 0, 1.83285, 0.663476
1.238, 0, 2.25572, 0, 0.26218, 1.7002, 0, 4.43225, 4.67412, 0, 2.73457, 0.761486, 0, 1.83301, 0.664011
1.239, 0, 2.25572, 0, 0.262097, 1.70011, 0, 4.43208, 4.67352, 0, 2.73473, 0.761428, 0, 1.8325, 0.657709
1.24, 0, 2.25564, 0, 0.262066, 1.70029, 0, 4.43222, 4.66251, 0, 2.73495, 0.76156, 0, 1.83331, 0.658151
1.241, 0, 2.25569, 0, 0.261759, 1.70024, 0, 4.4323, 4.66242, 0, 2.73509, 0.761693, 0, 1.83372, 0.658579
1.242, 0, 2.25563, 0, 0.261699, 1.70027, 0, 4.43246, 4.66242, 0, 2.73524, 0.761758, 0, 1.83408, 0.658879
1.243, 0, 2.25562, 0, 0.261566, 1.70035, 0, 4.43254, 4.66179, 0, 2.73532, 0.761797, 0, 1.83355, 0.659234
1.244, 0, 2.25561, 0, 0.261408, 1.70035, 0, 4.43256, 4.66085, 0, 2.73548, 0.761876, 0, 1.83414, 0.658615
1.245, 0, 2.25557, 0, 0.261329, 1.70041, 0, 4.43269, 4.66082, 0, 2.73564, 0.761937, 0, 1.83459, 0.658446
1.246, 0, 2.25554, 0, 0.261163, 1.70044, 0, 4.43262, 4.65919, 0, 2.73579, 0.762016, 0, 1.8349, 0.659289
1.247, 0, 2.25549, 0, 0.261035, 1.70048, 0, 4.43277, 4.65938, 0, 2.73596, 0.762088, 0, 1.83536, 0.658196
1.248, 0, 2.25545, 0, 0.260884, 1.70054, 0, 4.43273, 4.66951, 0, 2.7361, 0.762135, 0, 1.8355, 0.65844
1.249, 0, 2.25541, 0, 0.260699, 1.70059, 0, 4.43289, 4.66949, 0, 2.73625, 0.762204, 0, 1.83578, 0.65861
1.25, 0, 2.25537, 0, 0.260547, 1.70063, 0, 4.43317, 4.66999, 0, 2.73638, 0.762243, 0, 1.83599, 0.658638
1.251, 0, 2.25532, 0, 0.260392, 1.70068, 0, 4.43323, 4.66985, 0, 2.73652, 0.762281, 0, 1.83618, 0.657971
1.252, 0, 2.25527, 0, 0.260241, 1.70072, 0, 4.43324, 4.66969, 0, 2.73668, 0.762331, 0, 1.83652, 0.658392
1.253, 0, 2.25524, 0, 0.260138, 1.70076, 0, 4.43314, 4.67833, 0, 2.73672, 0.762268, 0, 1.8364, 0.659183
1.254, 0, 2.2552, 0, 0.260013, 1.70079, 0, 4.43326, 4.67794, 0, 2.73686, 0.762304, 0, 1.83651, 0.659653
1.255, 0, 2.25514, 0, 0.259894, 1.70083, 0, 4.4334, 4.6776, 0, 2.73702, 0.762344, 0, 1.83692, 0.660083
1.256, 0, 2.25507, 0, 0.259701, 1.70087, 0, 4.43373, 4.66864, 0, 2.73729, 0.762498, 0, 1.83768, 0.659577
1.257, 0, 2.25502, 0, 0.259539, 1.70093, 0, 4.43373, 4.66932, 0, 2.73745, 0.762532, 0, 1.83801, 0.659575
1.258, 0, 2.25498, 0, 0.259361, 1.70096, 0, 4.43348, 4.66876, 0, 2.73758, 0.762578, 0, 1.83947, 0.659708
1.259, 0, 2.25495, 0, 0.259166, 1.70152, 0, 4.43349, 4.66642, 0, 2.7371, 0.762553, 0, 1.83859, 0.659963
1.26, 0, 2.2551, 0, 0.258197, 1.7015, 0, 4.4335, 4.66499, 0, 2.73727, 0.762612, 0, 1.83878, 0.659242
1.261, 0, 2.2549, 0, 0.257962, 1.70164, 0, 4.43383, 4.66539, 0, 2.73755, 0.762363, 0, 1.83905, 0.659259
1.262, 0, 2.25473, 0, 0.257591, 1.70168, 0, 4.43399, 4.66496, 0, 2.73692, 0.762404, 0, 1.83818, 0.659352
1.263, 0, 2.25454, 0, 0.257393, 1.70174, 0, 4.43415, 4.66456, 0, 2.73706, 0.762429, 0, 1.83851, 0.659649
1.264, 0, 2.25439, 0, 0.257196, 1.70176, 0, 4.43445, 4.66427, 0, 2.7372, 0.762489, 0, 1.83883, 0.659759
1.265, 0, 2.25425, 0, 0.257052, 1.70179, 0, 4.43479, 4.66431, 0, 2.73753, 0.762676, 0, 1.83924, 0.659785
1.266, 0, 2.25415, 0, 0.256915, 1.70182, 0, 4.4347, 4.66402, 0, 2.73764, 0.762788, 0, 1.83954, 0.660473
1.267, 0, 2.2541, 0, 0.256831, 1.70184, 0, 4.43455, 4.67259, 0, 2.73766, 0.76276, 0, 1.83931, 0.660518
1.268, 0, 2.25405, 0, 0.256703, 1.70179, 0, 4.43466, 4.67212, 0, 2.73778, 0.76282, 0, 1.83956, 0.660355
1.269, 0, 2.25399, 0, 0.256658, 1.70187, 0, 4.43479, 4.67185, 0, 2.7379, 0.762865, 0, 1.83998, 0.66053
1.27, 0, 2.25399, 0, 0.256473, 1.70185, 0, 4.4353, 4.67274, 0, 2.73801, 0.76292, 0, 1.84025, 0.660801
1.271, 0, 2.25396, 0, 0.256517, 1.70186, 0, 4.43549, 4.67207, 0, 2.73808, 0.762942, 0, 1.84024, 0.661154
1.272, 0, 2.25394, 0, 0.256355, 1.70195, 0, 4.43551, 4.6716, 0, 2.73817, 0.76298, 0, 1.84063, 0.660501
1.273, 0, 2.25397, 0, 0.256129, 1.70195, 0, 4.43552, 4.67114, 0, 2.73842, 0.763051, 0, 1.84086, 0.65958
1.274, 0, 2.25393, 0, 0.256021, 1.70201, 0, 4.43562, 4.67066, 0, 2.73856, 0.76309, 0, 1.84136, 0.659473
1.275, 0, 2.25391, 0, 0.255841, 1.70202, 0, 4.43568, 4.6704, 0, 2.73913, 0.762954, 0, 1.84258, 0.659748
1.276, 0, 2.25387, 0, 0.255757, 1.70202, 0, 4.43568, 4.67167, 0, 2.73924, 0.762961, 0, 1.84279, 0.660093
1.277, 0, 2.25383, 0, 0.255636, 1.70208, 0, 4.43577, 4.67141, 0, 2.73936, 0.763005, 0, 1.84309, 0.660399
1.278, 0, 2.25383, 0, 0.255447, 1.70208, 0, 4.43578, 4.67073, 0, 2.7395, 0.763159, 0, 1.84329, 0.659824
1.279, 0, 2.25379, 0, 0.255329, 1.70213, 0, 4.4362, 4.67121, 0, 2.73967, 0.763253, 0, 1.84399, 0.659987
1.28, 0, 2.25377, 0, 0.255156, 1.70216, 0, 4.43618, 4.67112, 0, 2.73979, 0.763303, 0, 1.84424, 0.660711
1.281, 0, 2.25378, 0, 0.255027, 1.70219, 0, 4.43821, 4.66983, 0, 2.73989, 0.763014, 0, 1.84341, 0.656278
1.282, 0, 2.25376, 0, 0.254877, 1.70215, 0, 4.43827, 4.66928, 0, 2.74005, 0.763064, 0, 1.84425, 0.655887
1.283, 0, 2.25372, 0, 0.254841, 1.70223, 0, 4.43828, 4.67108, 0, 2.74019, 0.763089, 0, 1.84471, 0.656176
1.284, 0, 2.25374, 0, 0.254659, 1.70221, 0, 4.43842, 4.67076, 0, 2.74031, 0.763125, 0, 1.84497, 0.656447
1.285, 0, 2.25373, 0, 0.254604, 1.70227, 0, 4.43821, 4.6705, 0, 2.74042, 0.763118, 0, 1.84517, 0.656876
1.286, 0, 2.25374, 0, 0.254438, 1.70227, 0, 4.43833, 4.67019, 0, 2.74055, 0.763159, 0, 1.84541, 0.657269
1.287, 0, 2.25373, 0, 0.254335, 1.70232, 0, 4.43604, 4.66848, 0, 2.74067, 0.763173, 0, 1.8449, 0.657652
1.288, 0, 2.25373, 0, 0.254155, 1.70244, 0, 4.43589, 4.66769, 0, 2.73914, 0.762911, 0, 1.84492, 0.654996
1.289, 0, 2.25377, 0, 0.253958, 1.70235, 0, 4.43582, 4.6675, 0, 2.73927, 0.762912, 0, 1.84524, 0.6557
1.29, 0, 2.25369, 0, 0.255315, 1.70176, 0, 4.43612, 4.66754, 0, 2.7394, 0.762937, 0, 1.84551, 0.655786
1.291, 0, 2.25344, 0, 0.255782, 1.7024, 0, 4.43622, 4.66669, 0, 2.73951, 0.763013, 0, 1.84589, 0.656115
1.292, 0, 2.25383, 0, 0.254995, 1.70193, 0, 4.43589, 4.66668, 0, 2.73963, 0.763225, 0, 1.84592, 0.656515
1.293, 0, 2.25371, 0, 0.255437, 1.70232, 0, 4.43609, 4.66757, 0, 2.73974, 0.763133, 0, 1.84628, 0.656532
1.294, 0, 2.25392, 0, 0.254885, 1.70208, 0, 4.43722, 4.66641, 0, 2.73986, 0.763274, 0, 1.84679, 0.65712
1.295, 0, 2.25385, 0, 0.255059, 1.70231, 0, 4.43736, 4.66619, 0, 2.73999, 0.76324, 0, 1.84715, 0.657414
1.296, 0, 2.25396, 0, 0.254708, 1.7022, 0, 4.43727, 4.66676, 0, 2.74009, 0.763293, 0, 1.84703, 0.657889
1.297, 0, 2.25391, 0, 0.254743, 1.70232, 0, 4.43736, 4.66641, 0, 2.74022, 0.763283, 0, 1.84737, 0.65785
1.298, 0, 2.25395, 0, 0.254506, 1.70228, 0, 4.43738, 4.66616, 0, 2.74035, 0.763325, 0, 1.84766, 0.658258
1.299, 0, 2.25391, 0, 0.254461, 1.70236, 0, 4.43747, 4.66593, 0, 2.74041, 0.763335, 0, 1.84801, 0.658727
1.3, 0, 2.25391, 0, 0.254278, 1.70235, 0, 4.43756, 4.66581, 0, 2.74054, 0.763383, 0, 1.84827, 0.659023
1.301, 0, 2.25388, 0, 0.2542, 1.70241, 0, 4.43764, 4.66561, 0, 2.74066, 0.7634, 0, 1.8485, 0.659492
1.302, 0, 2.25392, 0, 0.254187, 1.70201, 0, 4.43716, 4.66401, 0, 2.74071, 0.763268, 0, 1.84708, 0.647042
1.303, 0, 2.25374, 0, 0.254461, 1.70251, 0, 4.43731, 4.6634, 0, 2.74087, 0.763293, 0, 1.84806, 0.647054
1.304, 0, 2.254, 0, 0.25386, 1.70215, 0, 4.43725, 4.66303, 0, 2.74108, 0.765441, 0, 1.84834, 0.647047
1.305, 0, 2.25387, 0, 0.254193, 1.70246, 0, 4.4375, 4.66273, 0, 2.74119, 0.765537, 0, 1.84871, 0.647216
1.306, 0, 2.254, 0, 0.253762, 1.70228, 0, 4.43744, 4.66226, 0, 2.74127, 0.765728, 0, 1.84849, 0.647603
1.307, 0, 2.25392, 0, 0.253868, 1.70242, 0, 4.43758, 4.66194, 0, 2.74138, 0.765799, 0, 1.84887, 0.647765
1.308, 0, 2.25396, 0, 0.253625, 1.70237, 0, 4.43765, 4.66169, 0, 2.74151, 0.765854, 0, 1.84906, 0.648258
1.309, 0, 2.25393, 0, 0.253598, 1.70245, 0, 4.43773, 4.66308, 0, 2.7416, 0.766049, 0, 1.84919, 0.648039
1.31, 0, 2.25395, 0, 0.253416, 1.70244, 0, 4.43773, 4.66284, 0, 2.74169, 0.766182, 0, 1.84932, 0.648292
1.311, 0, 2.25392, 0, 0.253342, 1.7025, 0, 4.43801, 4.66273, 0, 2.74181, 0.766253, 0, 1.84949, 0.648691
1.312, 0, 2.25389, 0, 0.253177, 1.70251, 0, 4.4383, 4.66352, 0, 2.74196, 0.766414, 0, 1.85051, 0.657131
1.313, 0, 2.25386, 0, 0.253051, 1.70256, 0, 4.43835, 4.66379, 0, 2.74206, 0.766459, 0, 1.84977, 0.657074
1.314, 0, 2.25384, 0, 0.25296, 1.70246, 0, 4.43834, 4.6639, 0, 2.74217, 0.766498, 0, 1.8498, 0.657608
1.315, 0, 2.25377, 0, 0.252932, 1.70264, 0, 4.43834, 4.66394, 0, 2.7421, 0.766522, 0, 1.85012, 0.658039
1.316, 0, 2.25382, 0, 0.252632, 1.70256, 0, 4.43829, 4.66402, 0, 2.74222, 0.766572, 0, 1.85027, 0.658114
1.317, 0, 2.25376, 0, 0.252617, 1.70268, 0, 4.43834, 4.66405, 0, 2.74233, 0.766543, 0, 1.85049, 0.658499
1.318, 0, 2.25378, 0, 0.252401, 1.70265, 0, 4.4384, 4.66398, 0, 2.74243, 0.766536, 0, 1.85056, 0.658938
1.319, 0, 2.25373, 0, 0.252343, 1.70272, 0, 4.43845, 4.66402, 0, 2.74253, 0.765796, 0, 1.85082, 0.65953
1.32, 0, 2.25373, 0, 0.252192, 1.70271, 0, 4.43835, 4.66425, 0, 2.7426, 0.765637, 0, 1.85075, 0.660106
1.321, 0, 2.25369, 0, 0.252117, 1.70276, 0, 4.43847, 4.66387, 0, 2.74274, 0.765545, 0, 1.85096, 0.660496
1.322, 0, 2.25367, 0, 0.251978, 1.70277, 0, 4.43854, 4.6638, 0, 2.74288, 0.765456, 0, 1.85115, 0.661125
1.323, 0, 2.25363, 0, 0.251849, 1.70284, 0, 4.4386, 4.6638, 0, 2.74301, 0.765375, 0, 1.85136, 0.661606
1.324, 0, 2.25361, 0, 0.251683, 1.70284, 0, 4.43868, 4.6639, 0, 2.74319, 0.765284, 0, 1.84922, 0.661942
1.325, 0, 2.25358, 0, 0.251549, 1.70292, 0, 4.43865, 4.66365, 0, 2.7433, 0.765152, 0, 1.84902, 0.659336
1.326, 0, 2.25356, 0, 0.251371, 1.70289, 0, 4.4387, 4.66367, 0, 2.74345, 0.76508, 0, 1.84933, 0.658757
1.327, 0, 2.2535, 0, 0.25131, 1.70296, 0, 4.43878, 4.66372, 0, 2.74359, 0.764984, 0, 1.84954, 0.659868
1.328, 0, 2.25349, 0, 0.251145, 1.70296, 0, 4.43879, 4.66456, 0, 2.74371, 0.764908, 0, 1.84968, 0.660259
1.329, 0, 2.25344, 0, 0.251064, 1.703, 0, 4.43886, 4.66462, 0, 2.74385, 0.764832, 0, 1.8499, 0.660198
1.33, 0, 2.25341, 0, 0.2509, 1.70302, 0, 4.439, 4.66478, 0, 2.74403, 0.764831, 0, 1.8503, 0.659673
1.331, 0, 2.25337, 0, 0.250782, 1.70306, 0, 4.43898, 4.66492, 0, 2.74416, 0.764764, 0, 1.85048, 0.660048
1.332, 0, 2.25336, 0, 0.250635, 1.70308, 0, 4.43892, 4.66492, 0, 2.74428, 0.764704, 0, 1.85036, 0.660365
1.333, 0, 2.25335, 0, 0.250548, 1.70311, 0, 4.43889, 4.66442, 0, 2.74434, 0.764573, 0, 1.85031, 0.660672
1.334, 0, 2.25337, 0, 0.2504, 1.70326, 0, 4.43855, 4.66335, 0, 2.74441, 0.764385, 0, 1.84897, 0.648177
1.335, 0, 2.25337, 0, 0.250134, 1.70321, 0, 4.43882, 4.66301, 0, 2.74699, 0.763848, 0, 1.84993, 0.648922
1.336, 0, 2.25329, 0, 0.250085, 1.70331, 0, 4.43898, 4.6628, 0, 2.74713, 0.763797, 0, 1.85036, 0.648434
1.337, 0, 2.25326, 0, 0.249866, 1.70329, 0, 4.43907, 4.66277, 0, 2.74724, 0.762971, 0, 1.85056, 0.648155
1.338, 0, 2.25319, 0, 0.249796, 1.70335, 0, 4.43918, 4.66277, 0, 2.74738, 0.762854, 0, 1.85073, 0.648845
1.339, 0, 2.25316, 0, 0.249628, 1.70335, 0, 4.43923, 4.66289, 0, 2.74752, 0.762783, 0, 1.85087, 0.649236
1.34, 0, 2.25311, 0, 0.249547, 1.70339, 0, 4.43925, 4.66341, 0, 2.74765, 0.762694, 0, 1.851, 0.648843
1.341, 0, 2.25309, 0, 0.249393, 1.70342, 0, 4.43917, 4.67244, 0, 2.74782, 0.762646, 0, 1.85107, 0.64892
1.342, 0, 2.25306, 0, 0.249268, 1.70343, 0, 4.4393, 4.67215, 0, 2.74796, 0.762592, 0, 1.85123, 0.648868
1.343, 0, 2.25302, 0, 0.24918, 1.70344, 0, 4.43953, 4.66452, 0, 2.74808, 0.76252, 0, 1.85143, 0.648768
1.344, 0, 2.25299, 0, 0.249071, 1.70347, 0, 4.43949, 4.66457, 0, 2.74821, 0.762453, 0, 1.85155, 0.649157
1.345, 0, 2.25299, 0, 0.248932, 1.70352, 0, 4.43929, 4.67173, 0, 2.74833, 0.762375, 0, 1.85125, 0.65331
1.346, 0, 2.25297, 0, 0.248798, 1.70353, 0, 4.43941, 4.67157, 0, 2.74851, 0.762345, 0, 1.85065, 0.653071
1.347, 0, 2.25293, 0, 0.248682, 1.70355, 0, 4.4396, 4.67184, 0, 2.74872, 0.762333, 0, 1.851, 0.65219
1.348, 0, 2.2529, 0, 0.248552, 1.70359, 0, 4.43964, 4.67152, 0, 2.74885, 0.762276, 0, 1.85098, 0.652207
1.349, 0, 2.25288, 0, 0.248402, 1.7036, 0, 4.43968, 4.67124, 0, 2.749, 0.762376, 0, 1.85119, 0.652134
1.35, 0, 2.25285, 0, 0.248297, 1.70363, 0, 4.43973, 4.6705, 0, 2.74913, 0.762344, 0, 1.85136, 0.651377
1.351, 0, 2.25283, 0, 0.248161, 1.70366, 0, 4.4396, 4.67089, 0, 2.74928, 0.762327, 0, 1.85149, 0.651463
1.352, 0, 2.2528, 0, 0.248539, 1.70248, 0, 4.43967, 4.67141, 0, 2.74943, 0.762318, 0, 1.85166, 0.652175
1.353, 0, 2.25234, 0, 0.249426, 1.70384, 0, 4.44003, 4.67127, 0, 2.74952, 0.762319, 0, 1.85203, 0.652131
1.354, 0, 2.25311, 0, 0.247776, 1.70287, 0, 4.43961, 4.67088, 0, 2.74968, 0.762608, 0, 1.85169, 0.652265
1.355, 0, 2.2528, 0, 0.188742, 1.70367, 0, 4.44005, 4.67078, 0, 2.74971, 0.762323, 0, 1.85127, 0.652148
1.356, 0, 2.25317, 0, 0.188133, 1.70316, 0, 4.4398, 4.67044, 0, 2.74985, 0.762486, 0, 1.85109, 0.646248
1.357, 0, 2.25298, 0, 0.188417, 1.70359, 0, 4.44002, 4.67097, 0, 2.75, 0.76234, 0, 1.85146, 0.646226
1.358, 0, 2.25315, 0, 0.188071, 1.70335, 0, 4.4398, 4.66989, 0, 2.75006, 0.762404, 0, 1.85286, 0.650129
1.359, 0, 2.25303, 0, 0.188191, 1.70357, 0, 4.43995, 4.66937, 0, 2.75021, 0.762341, 0, 1.85334, 0.643215
1.36, 0, 2.25309, 0, 0.18775, 1.70281, 0, 4.43973, 4.66915, 0, 2.75035, 0.762387, 0, 1.85352, 0.64201
1.361, 0, 2.25277, 0, 0.188175, 1.70355, 0, 4.4401, 4.6688, 0, 2.75047, 0.76237, 0, 1.85385, 0.642016
1.362, 0, 2.25317, 0, 0.187649, 1.70302, 0, 4.44004, 4.66819, 0, 2.75525, 0.7636, 0, 1.85373, 0.643411
1.363, 0, 2.25301, 0, 0.187968, 1.70345, 0, 4.44028, 4.66862, 0, 2.75536, 0.76363, 0, 1.85414, 0.643286
1.364, 0, 2.25321, 0, 0.187646, 1.70318, 0, 4.44019, 4.66861, 0, 2.75549, 0.76374, 0, 1.85413, 0.643751
1.365, 0, 2.25313, 0, 0.187787, 1.70341, 0, 4.44033, 4.66851, 0, 2.75564, 0.763613, 0, 1.8544, 0.643136
1.366, 0, 2.25323, 0, 0.187585, 1.70329, 0, 4.44034, 4.66861, 0, 2.7558, 0.76362, 0, 1.85404, 0.642918
1.367, 0, 2.25317, 0, 0.18763, 1.70339, 0, 4.44042, 4.66891, 0, 2.75595, 0.763526, 0, 1.85417, 0.64285
1.368, 0, 2.2532, 0, 0.187528, 1.70336, 0, 4.4404, 4.66917, 0, 2.75608, 0.7635, 0, 1.85427, 0.64223
1.369, 0, 2.25318, 0, 0.248101, 1.70341, 0, 4.44041, 4.669, 0, 2.75621, 0.76344, 0, 1.85429, 0.641382
1.37, 0, 2.25319, 0, 0.247964, 1.70342, 0, 4.44043, 4.66856, 0, 2.75636, 0.763424, 0, 1.85447, 0.641181
1.371, 0, 2.25317, 0, 0.24786, 1.70346, 0, 4.44212, 4.66932, 0, 2.75653, 0.763412, 0, 1.85466, 0.641193
1.372, 0, 2.25317, 0, 0.247721, 1.70349, 0, 4.44227, 4.66944, 0, 2.75663, 0.763366, 0, 1.85451, 0.643512
1.373, 0, 2.25315, 0, 0.247614, 1.70352, 0, 4.44243, 4.66914, 0, 2.75677, 0.763355, 0, 1.85476, 0.643572
1.374, 0, 2.25313, 0, 0.247501, 1.70355, 0, 4.44257, 4.66938, 0, 2.75612, 0.763371, 0, 1.85373, 0.643481
1.375, 0, 2.25311, 0, 0.247389, 1.70357, 0, 4.44264, 4.66929, 0, 2.75626, 0.763365, 0, 1.8539, 0.643442
1.376, 0, 2.25311, 0, 0.247318, 1.7036, 0, 4.44272, 4.6659, 0, 2.75629, 0.763263, 0, 1.85361, 0.643296
1.377, 0, 2.25309, 0, 0.247216, 1.70361, 0, 4.44293, 4.66581, 0, 2.75643, 0.763271, 0, 1.85375, 0.643122
1.378, 0, 2.25305, 0, 0.247127, 1.70365, 0, 4.44322, 4.66655, 0, 2.75657, 0.763284, 0, 1.85406, 0.643099
1.379, 0, 2.25303, 0, 0.24701, 1.70367, 0, 4.44375, 4.66644, 0, 2.75668, 0.76329, 0, 1.8541, 0.643321
1.38, 0, 2.253, 0, 0.246916, 1.7037, 0, 4.44379, 4.66649, 0, 2.75681, 0.763297, 0, 1.85434, 0.643319
1.381, 0, 2.25298, 0, 0.246807, 1.70372, 0, 4.4438, 4.66653, 0, 2.75694, 0.763302, 0, 1.85444, 0.643989
1.382, 0, 2.253, 0, 0.246758, 1.70378, 0, 4.44337, 4.67865, 0, 2.75695, 0.764828, 0, 1.85373, 0.64432
1.383, 0, 2.25299, 0, 0.246645, 1.70376, 0, 4.44358, 4.6788, 0, 2.75705, 0.765029, 0, 1.85393, 0.644301
1.384, 0, 2.25294, 0, 0.246603, 1.70382, 0, 4.44372, 4.67855, 0, 2.75716, 0.765151, 0, 1.85412, 0.644418
1.385, 0, 2.25291, 0, 0.246473, 1.70381, 0, 4.44385, 4.67784, 0, 2.75727, 0.76528, 0, 1.85427, 0.644555
1.386, 0, 2.25287, 0, 0.246408, 1.70386, 0, 4.44391, 4.6777, 0, 2.75738, 0.76538, 0, 1.85444, 0.644593
1.387, 0, 2.25285, 0, 0.246199, 1.70392, 0, 4.44394, 4.67759, 0, 2.75749, 0.765484, 0, 1.85454, 0.644663
1.388, 0, 2.25283, 0, 0.246069, 1.7039, 0, 4.44396, 4.67769, 0, 2.7576, 0.765578, 0, 1.85468, 0.644503
1.389, 0, 2.25277, 0, 0.246033, 1.70396, 0, 4.44397, 4.67837, 0, 2.75771, 0.765652, 0, 1.8548, 0.644641
1.39, 0, 2.25275, 0, 0.245891, 1.70395, 0, 4.44398, 4.67833, 0, 2.75782, 0.765744, 0, 1.85491, 0.644861
1.391, 0, 2.25273, 0, 0.245877, 1.704, 0, 4.4438, 4.68645, 0, 2.75784, 0.765703, 0, 1.85465, 0.645145
1.392, 0, 2.25272, 0, 0.24605, 1.70324, 0, 4.44387, 4.68623, 0, 2.75795, 0.765765, 0, 1.85468, 0.645322
1.393, 0, 2.2524, 0, 0.246674, 1.70408, 0, 4.4442, 4.68872, 0, 2.75806, 0.765822, 0, 1.85506, 0.645341
1.394, 0, 2.25287, 0, 0.245675, 1.70348, 0, 4.44384, 4.68868, 0, 2.75817, 0.766026, 0, 1.85486, 0.645321
1.395, 0, 2.25268, 0, 0.246288, 1.70398, 0, 4.44404, 4.69028, 0, 2.75829, 0.765863, 0, 1.85515, 0.645373
1.396, 0, 2.25291, 0, 0.245655, 1.70366, 0, 4.4439, 4.69046, 0, 2.75841, 0.765982, 0, 1.85509, 0.645693
1.397, 0, 2.25279, 0, 0.245949, 1.70394, 0, 4.44406, 4.69003, 0, 2.75855, 0.765896, 0, 1.85534, 0.645788
1.398, 0, 2.2529, 0, 0.245582, 1.70379, 0, 4.44382, 4.68758, 0, 2.75863, 0.765894, 0, 1.85515, 0.645653
1.399, 0, 2.25281, 0, 0.245703, 1.70393, 0, 4.44401, 4.68717, 0, 2.75877, 0.765853, 0, 1.85529, 0.644813
1.4, 0, 2.25284, 0, 0.245515, 1.70377, 0, 4.444, 4.68689, 0, 2.75801, 0.765685, 0, 1.85539, 0.644274
1.401, 0, 2.25275, 0, 0.245678, 1.70391, 0, 4.44409, 4.68671, 0, 2.75813, 0.765606, 0, 1.85553, 0.644516
1.402, 0, 2.25279, 0, 0.245493, 1.70383, 0, 4.4439, 4.68689, 0, 2.75822, 0.765617, 0, 1.85851, 0.644082
1.403, 0, 2.25275, 0, 0.245526, 1.704, 0, 4.44402, 4.68674, 0, 2.75837, 0.765588, 0, 1.85893, 0.643974
1.404, 0, 2.25279, 0, 0.245241, 1.70393, 0, 4.44404, 4.68578, 0, 2.75854, 0.765643, 0, 1.8592, 0.643827
1.405, 0, 2.25273, 0, 0.24524, 1.70405, 0, 4.44414, 4.68565, 0, 2.75867, 0.765605, 0, 1.85935, 0.643667
1.406, 0, 2.25274, 0, 0.245037, 1.70402, 0, 4.44416, 4.68564, 0, 2.7588, 0.765622, 0, 1.85944, 0.643929
1.407, 0, 2.25268, 0, 0.245003, 1.70408, 0, 4.4442, 4.68562, 0, 2.75893, 0.765604, 0, 1.85959, 0.643592
1.408, 0, 2.25266, 0, 0.24486, 1.70409, 0, 4.44427, 4.68547, 0, 2.75907, 0.765632, 0, 1.85973, 0.643542
1.409, 0, 2.25263, 0, 0.244786, 1.70413, 0, 4.44421, 4.68559, 0, 2.75919, 0.765614, 0, 1.85976, 0.642357
1.41, 0, 2.2526, 0, 0.244683, 1.70414, 0, 4.44424, 4.68563, 0, 2.75932, 0.765628, 0, 1.85989, 0.642169
1.411, 0, 2.25257, 0, 0.24461, 1.70417, 0, 4.44427, 4.68579, 0, 2.75945, 0.765632, 0, 1.85996, 0.641853
1.412, 0, 2.25254, 0, 0.244517, 1.7042, 0, 4.44441, 4.68564, 0, 2.75958, 0.76563, 0, 1.85996, 0.641492
1.413, 0, 2.25252, 0, 0.244436, 1.70422, 0, 4.44439, 4.68636, 0, 2.76051, 0.765621, 0, 1.8614, 0.641191
1.414, 0, 2.25249, 0, 0.244344, 1.70425, 0, 4.44441, 4.68636, 0, 2.76064, 0.765632, 0, 1.86154, 0.641049
1.415, 0, 2.25246, 0, 0.244263, 1.70427, 0, 4.44436, 4.68636, 0, 2.76077, 0.765633, 0, 1.86167, 0.640914
1.416, 0, 2.25243, 0, 0.244189, 1.70429, 0, 4.44438, 4.6864, 0, 2.76091, 0.76565, 0, 1.86184, 0.641023
1.417, 0, 2.25241, 0, 0.244101, 1.70431, 0, 4.44445, 4.68642, 0, 2.76108, 0.765654, 0, 1.8619, 0.640892
1.418, 0, 2.25238, 0, 0.244008, 1.70434, 0, 4.4423, 4.68653, 0, 2.7612, 0.765661, 0, 1.86202, 0.640432
1.419, 0, 2.25236, 0, 0.243946, 1.70436, 0, 4.44224, 4.68742, 0, 2.7613, 0.765639, 0, 1.86204, 0.640344
1.42, 0, 2.25234, 0, 0.243879, 1.70438, 0, 4.44223, 4.68776, 0, 2.76143, 0.765645, 0, 1.86216, 0.640269
1.421, 0, 2.2523, 0, 0.243804, 1.70439, 0, 4.44231, 4.68799, 0, 2.76158, 0.765676, 0, 1.86011, 0.64011
1.422, 0, 2.25228, 0, 0.243683, 1.70444, 0, 4.44238, 4.67248, 0, 2.76175, 0.7657, 0, 1.86026, 0.63939
1.423, 0, 2.25225, 0, 0.243519, 1.70457, 0, 4.44253, 4.67221, 0, 2.76192, 0.76575, 0, 1.86039, 0.639434
1.424, 0, 2.25227, 0, 0.243266, 1.70454, 0, 4.44253, 4.67216, 0, 2.76204, 0.765737, 0, 1.86041, 0.638763
1.425, 0, 2.25219, 0, 0.243121, 1.70489, 0, 4.44265, 4.67212, 0, 2.76219, 0.765729, 0, 1.86063, 0.638647
1.426, 0, 2.25226, 0, 0.242717, 1.70459, 0, 4.44264, 4.67221, 0, 2.76235, 0.765754, 0, 1.86072, 0.638461
1.427, 0, 2.25202, 0, 0.242981, 1.70486, 0, 4.44284, 4.67238, 0, 2.7617, 0.76572, 0, 1.85974, 0.638198
1.428, 0, 2.25204, 0, 0.242617, 1.70469, 0, 4.44278, 4.67269, 0, 2.76184, 0.765804, 0, 1.85976, 0.638415
1.429, 0, 2.25191, 0, 0.242748, 1.70484, 0, 4.44284, 4.67283, 0, 2.76199, 0.765791, 0, 1.85999, 0.63841
1.43, 0, 2.25192, 0, 0.242507, 1.70477, 0, 4.44285, 4.67211, 0, 2.76211, 0.765853, 0, 1.86117, 0.638644
1.431, 0, 2.25185, 0, 0.242531, 1.70485, 0, 4.44291, 4.67226, 0, 2.76226, 0.765858, 0, 1.86147, 0.638719
1.432, 0, 2.25185, 0, 0.242372, 1.70482, 0, 4.44285, 4.6723, 0, 2.76256, 0.765891, 0, 1.86147, 0.637792
1.433, 0, 2.25181, 0, 0.242346, 1.70487, 0, 4.44367, 4.67261, 0, 2.75981, 0.765241, 0, 1.86166, 0.637011
1.434, 0, 2.25181, 0, 0.242236, 1.70487, 0, 4.44368, 4.67408, 0, 2.75995, 0.765086, 0, 1.86172, 0.637404
1.435, 0, 2.25178, 0, 0.242234, 1.7048, 0, 4.44374, 4.67425, 0, 2.76022, 0.765005, 0, 1.86183, 0.637668
1.436, 0, 2.25174, 0, 0.242232, 1.70492, 0, 4.44377, 4.67574, 0, 2.76032, 0.764952, 0, 1.86188, 0.637888
1.437, 0, 2.25179, 0, 0.242047, 1.70485, 0, 4.44374, 4.67594, 0, 2.76045, 0.76497, 0, 1.86205, 0.638001
1.438, 0, 2.25176, 0, 0.242062, 1.70493, 0, 4.44376, 4.67649, 0, 2.76057, 0.764924, 0, 1.86213, 0.638681
1.439, 0, 2.25178, 0, 0.24191, 1.70491, 0, 4.44366, 4.68111, 0, 2.7607, 0.764907, 0, 1.8622, 0.637676
1.44, 0, 2.25175, 0, 0.241885, 1.70495, 0, 4.44378, 4.68087, 0, 2.76083, 0.764888, 0, 1.86238, 0.637596
1.441, 0, 2.25175, 0, 0.241775, 1.70495, 0, 4.44382, 4.68105, 0, 2.76089, 0.764729, 0, 1.86234, 0.637131
1.442, 0, 2.25173, 0, 0.241723, 1.705, 0, 4.44387, 4.68122, 0, 2.76102, 0.764691, 0, 1.86246, 0.637051
1.443, 0, 2.25173, 0, 0.241596, 1.705, 0, 4.44393, 4.68086, 0, 2.76115, 0.764675, 0, 1.8626, 0.637139
1.444, 0, 2.25171, 0, 0.241538, 1.70503, 0, 4.44395, 4.68101, 0, 2.76128, 0.764636, 0, 1.86272, 0.637196
1.445, 0, 2.25171, 0, 0.241425, 1.70505, 0, 4.44388, 4.68529, 0, 2.76142, 0.764622, 0, 1.86281, 0.637623
1.446, 0, 2.25169, 0, 0.241349, 1.70507, 0, 4.44397, 4.68529, 0, 2.76155, 0.764604, 0, 1.86299, 0.637135
1.447, 0, 2.25169, 0, 0.241277, 1.70511, 0, 4.44388, 4.68479, 0, 2.74958, 0.764627, 0, 1.84229, 0.637379
1.448, 0, 2.25171, 0, 0.241215, 1.70509, 0, 4.44364, 4.68346, 0, 2.75155, 0.772025, 0, 1.84235, 0.637314
1.449, 0, 2.2517, 0, 0.24123, 1.70512, 0, 4.44349, 4.68203, 0, 2.75219, 0.772833, 0, 1.8433, 0.643043
1.45, 0, 2.2517, 0, 0.24119, 1.7051, 0, 4.44344, 4.68177, 0, 2.75218, 0.773359, 0, 1.84368, 0.642831
1.451, 0, 2.25166, 0, 0.241195, 1.70513, 0, 4.44381, 4.68308, 0, 2.75223, 0.773761, 0, 1.84436, 0.647589
1.452, 0, 2.25168, 0, 0.241125, 1.70511, 0, 4.44373, 4.68228, 0, 2.75215, 0.773988, 0, 1.84379, 0.643289
1.453, 0, 2.25167, 0, 0.24112, 1.70515, 0, 4.44379, 4.68193, 0, 2.75215, 0.774254, 0, 1.84405, 0.643612
1.454, 0, 2.25168, 0, 0.241469, 1.70461, 0, 4.44384, 4.68157, 0, 2.75215, 0.774513, 0, 1.84424, 0.643875
1.455, 0, 2.25148, 0, 0.241906, 1.70521, 0, 4.44402, 4.68132, 0, 2.75214, 0.774722, 0, 1.84437, 0.643088
1.456, 0, 2.25183, 0, 0.241211, 1.70478, 0, 4.4438, 4.68173, 0, 2.75214, 0.775021, 0, 1.8443, 0.64362
1.457, 0, 2.25171, 0, 0.241649, 1.70513, 0, 4.44396, 4.68187, 0, 2.75214, 0.775034, 0, 1.84459, 0.643508
1.458, 0, 2.25188, 0, 0.241217, 1.70491, 0, 4.44389, 4.68175, 0, 2.75129, 0.774565, 0, 1.8433, 0.644122
1.459, 0, 2.2518, 0, 0.241425, 1.70509, 0, 4.44404, 4.68199, 0, 2.75133, 0.774519, 0, 1.8437, 0.642748
1.46, 0, 2.25187, 0, 0.24117, 1.70498, 0, 4.44404, 4.682, 0, 2.75135, 0.774556, 0, 1.84277, 0.642644
1.461, 0, 2.25183, 0, 0.241244, 1.70509, 0, 4.4441, 4.68223, 0, 2.75136, 0.774485, 0, 1.84292, 0.641701
1.462, 0, 2.25185, 0, 0.241083, 1.70504, 0, 4.44409, 4.6821, 0, 2.7514, 0.774456, 0, 1.84305, 0.642007
1.463, 0, 2.25182, 0, 0.241091, 1.7051, 0, 4.44416, 4.68294, 0, 2.75142, 0.774374, 0, 1.84323, 0.642283
1.464, 0, 2.25183, 0, 0.240915, 1.70511, 0, 4.4441, 4.68291, 0, 2.75224, 0.77426, 0, 1.84444, 0.642596
1.465, 0, 2.25181, 0, 0.240888, 1.70512, 0, 4.44402, 4.68271, 0, 2.75225, 0.774126, 0, 1.84459, 0.643165
1.466, 0, 2.25179, 0, 0.240843, 1.70513, 0, 4.44405, 4.68227, 0, 2.75228, 0.774, 0, 1.84474, 0.643558
1.467, 0, 2.25178, 0, 0.240792, 1.70514, 0, 4.44406, 4.682, 0, 2.75214, 0.773888, 0, 1.84486, 0.64386
1.468, 0, 2.25177, 0, 0.240746, 1.70516, 0, 4.44464, 4.68181, 0, 2.75215, 0.773764, 0, 1.84497, 0.644093
1.469, 0, 2.25176, 0, 0.240698, 1.70517, 0, 4.44467, 4.68165, 0, 2.75216, 0.773657, 0, 1.84508, 0.644567
1.47, 0, 2.25175, 0, 0.240655, 1.70518, 0, 4.44469, 4.68223, 0, 2.75217, 0.773545, 0, 1.84514, 0.64509
1.471, 0, 2.25175, 0, 0.240602, 1.7052, 0, 4.44466, 4.68199, 0, 2.75255, 0.773482, 0, 1.84519, 0.645632
1.472, 0, 2.25173, 0, 0.240557, 1.70521, 0, 4.44472, 4.68186, 0, 2.75178, 0.773338, 0, 1.84407, 0.646307
1.473, 0, 2.25173, 0, 0.240511, 1.70523, 0, 4.4449, 4.68201, 0, 2.7518, 0.773213, 0, 1.84412, 0.646912
1.474, 0, 2.25171, 0, 0.240466, 1.70524, 0, 4.44494, 4.68185, 0, 2.75181, 0.773106, 0, 1.84424, 0.647532
1.475, 0, 2.25171, 0, 0.240435, 1.70525, 0, 4.44742, 4.68138, 0, 2.75261, 0.772962, 0, 1.84553, 0.648201
1.476, 0, 2.2517, 0, 0.2404, 1.70526, 0, 4.44745, 4.68114, 0, 2.75262, 0.772857, 0, 1.84562, 0.649106
1.477, 0, 2.25168, 0, 0.240362, 1.70527, 0, 4.4475, 4.68102, 0, 2.75261, 0.772807, 0, 1.84571, 0.649664
1.478, 0, 2.25167, 0, 0.240316, 1.70528, 0, 4.44751, 4.68172, 0, 2.75264, 0.77268, 0, 1.8458, 0.649803
1.479, 0, 2.25166, 0, 0.240276, 1.70529, 0, 4.44752, 4.68166, 0, 2.75266, 0.772559, 0, 1.84587, 0.650398
1.48, 0, 2.25168, 0, 0.240271, 1.7053, 0, 4.44729, 4.68813, 0, 2.75265, 0.773954, 0, 1.84551, 0.649584
1.481, 0, 2.25167, 0, 0.240256, 1.7053, 0, 4.44741, 4.68803, 0, 2.75263, 0.774009, 0, 1.84554, 0.650281
1.482, 0, 2.25165, 0, 0.240237, 1.70532, 0, 4.4475, 4.68731, 0, 2.75263, 0.774026, 0, 1.84564, 0.650739
1.483, 0, 2.25164, 0, 0.240208, 1.70532, 0, 4.44756, 4.68725, 0, 2.75263, 0.77402, 0, 1.84575, 0.650685
1.484, 0, 2.25164, 0, 0.240198, 1.70533, 0, 4.44754, 4.68755, 0, 2.75259, 0.773973, 0, 1.84561, 0.651956
1.485, 0, 2.25164, 0, 0.240176, 1.70534, 0, 4.44757, 4.68744, 0, 2.75259, 0.773955, 0, 1.84565, 0.652468
1.486, 0, 2.25163, 0, 0.240168, 1.70534, 0, 4.44762, 4.68725, 0, 2.75258, 0.773918, 0, 1.84564, 0.652488
1.487, 0, 2.25162, 0, 0.240155, 1.70533, 0, 4.44763, 4.68715, 0, 2.75261, 0.773889, 0, 1.84579, 0.652197
1.488, 0, 2.2516, 0, 0.240121, 1.70537, 0, 4.44777, 4.68058, 0, 2.75263, 0.773896, 0, 1.84589, 0.709103
1.489, 0, 2.25161, 0, 0.240063, 1.70536, 0, 4.44763, 4.68106, 0, 2.75263, 0.773841, 0, 1.84586, 0.709671
1.49, 0, 2.25163, 0, 0.240087, 1.70538, 0, 4.44733, 4.6884, 0, 2.75245, 0.77218, 0, 1.84626, 0.71037
1.491, 0, 2.25163, 0, 0.240071, 1.70537, 0, 4.44747, 4.68844, 0, 2.75252, 0.771992, 0, 1.84641, 0.709523
1.492, 0, 2.25161, 0, 0.240075, 1.70539, 0, 4.44755, 4.68885, 0, 2.75256, 0.7718, 0, 1.84637, 0.709948
1.493, 0, 2.25161, 0, 0.240041, 1.70539, 0, 4.44759, 4.68876, 0, 2.75266, 0.773102, 0, 1.84632, 0.710665
1.494, 0, 2.2516, 0, 0.240029, 1.7054, 0, 4.44767, 4.68869, 0, 2.75269, 0.773085, 0, 1.84633, 0.711128
1.495, 0, 2.2516, 0, 0.240005, 1.7054, 0, 4.44764, 4.6887, 0, 2.7527, 0.773021, 0, 1.84629, 0.711745
1.496, 0, 2.25159, 0, 0.239978, 1.70542, 0, 4.44757, 4.68619, 0, 2.75272, 0.772942, 0, 1.84619, 0.712316
1.497, 0, 2.25159, 0, 0.239954, 1.70542, 0, 4.44758, 4.68608, 0, 2.75274, 0.77287, 0, 1.84615, 0.713206
1.498, 0, 2.25158, 0, 0.239939, 1.70543, 0, 4.44761, 4.68598, 0, 2.75276, 0.772799, 0, 1.8461, 0.712991
1.499, 0, 2.25157, 0, 0.239914, 1.70544, 0, 4.44762, 4.68539, 0, 2.75289, 0.772755, 0, 1.84606, 0.713475
1.5, 0, 2.25157, 0, 0.239892, 1.70544, 0, 4.44763, 4.6853, 0, 2.75291, 0.772686, 0, 1.84599, 0.714073
1.501, 0, 2.25156, 0, 0.239877, 1.70545, 0, 4.44764, 4.68524, 0, 2.75294, 0.772614, 0, 1.84593, 0.714707
1.502, 0, 2.25154, 0, 0.23988, 1.70543, 0, 4.44773, 4.68543, 0, 2.75299, 0.772567, 0, 1.84603, 0.718625
1.503, 0, 2.25153, 0, 0.239872, 1.70546, 0, 4.44773, 4.68544, 0, 2.75299, 0.772438, 0, 1.84588, 0.720187
1.504, 0, 2.25154, 0, 0.239824, 1.70544, 0, 4.44772, 4.6855, 0, 2.75302, 0.772366, 0, 1.84575, 0.720343
1.505, 0, 2.25153, 0, 0.239833, 1.70547, 0, 4.44772, 4.68554, 0, 2.75305, 0.772284, 0, 1.84564, 0.721044
1.506, 0, 2.25154, 0, 0.239786, 1.70546, 0, 4.44769, 4.68565, 0, 2.75307, 0.772207, 0, 1.84626, 0.721533
1.507, 0, 2.25153, 0, 0.240485, 1.70383, 0, 4.44768, 4.68582, 0, 2.75312, 0.772122, 0, 1.84622, 0.720812
1.508, 0, 2.25093, 0, 0.241841, 1.70566, 0, 4.4481, 4.68607, 0, 2.75311, 0.772055, 0, 1.84641, 0.72365
1.509, 0, 2.25201, 0, 0.239774, 1.70431, 0, 4.44739, 4.68573, 0, 2.75311, 0.772378, 0, 1.84569, 0.723356
1.51, 0, 2.25162, 0, 0.241237, 1.70537, 0, 4.44789, 4.68579, 0, 2.75321, 0.77193, 0, 1.84527, 0.723832
1.511, 0, 2.25215, 0, 0.240004, 1.70464, 0, 4.44751, 4.68573, 0, 2.75322, 0.772078, 0, 1.84469, 0.724601
1.512, 0, 2.25191, 0, 0.240818, 1.70519, 0, 4.44776, 4.68582, 0, 2.75329, 0.771787, 0, 1.84481, 0.72462
1.513, 0, 2.25216, 0, 0.240186, 1.70481, 0, 4.44751, 4.68691, 0, 2.75336, 0.772082, 0, 1.84441, 0.725346
1.514, 0, 2.25201, 0, 0.240626, 1.7051, 0, 4.44767, 4.6868, 0, 2.75339, 0.77193, 0, 1.84523, 0.726026
1.515, 0, 2.25212, 0, 0.240309, 1.7049, 0, 4.44756, 4.68682, 0, 2.75343, 0.771927, 0, 1.84499, 0.725849
1.516, 0, 2.25203, 0, 0.240546, 1.70506, 0, 4.44766, 4.6869, 0, 2.75348, 0.771811, 0, 1.84487, 0.726336
1.517, 0, 2.25208, 0, 0.240358, 1.70501, 0, 4.44798, 4.68698, 0, 2.75351, 0.771778, 0, 1.84461, 0.7272
1.518, 0, 2.25208, 0, 0.239806, 1.70664, 0, 4.44781, 4.69611, 0, 2.75347, 0.771585, 0, 1.84316, 0.728026
1.519, 0, 2.25266, 0, 0.238474, 1.70482, 0, 4.44748, 4.69631, 0, 2.75352, 0.771505, 0, 1.84243, 0.72815
1.52, 0, 2.25158, 0, 0.240536, 1.70619, 0, 4.44823, 4.69622, 0, 2.75346, 0.771027, 0, 1.84395, 0.728933
1.521, 0, 2.25196, 0, 0.239057, 1.70512, 0, 4.44786, 4.69407, 0, 2.75351, 0.771352, 0, 1.84308, 0.729658
1.522, 0, 2.25142, 0, 0.240304, 1.7059, 0, 4.44831, 4.69468, 0, 2.75359, 0.771058, 0, 1.8432, 0.734515
1.523, 0, 2.25167, 0, 0.239442, 1.7053, 0, 4.448, 4.69494, 0, 2.7536, 0.7712, 0, 1.84254, 0.735937
1.524, 0, 2.2514, 0, 0.240116, 1.70576, 0, 4.44822, 4.69521, 0, 2.75366, 0.771002, 0, 1.84239, 0.736701
1.525, 0, 2.25156, 0, 0.239608, 1.70542, 0, 4.44806, 4.69553, 0, 2.75282, 0.770974, 0, 1.84056, 0.735955
1.526, 0, 2.25142, 0, 0.239951, 1.70569, 0, 4.44822, 4.69473, 0, 2.75293, 0.770875, 0, 1.84042, 0.737723
1.527, 0, 2.2515, 0, 0.239636, 1.7055, 0, 4.44816, 4.69542, 0, 2.75301, 0.77091, 0, 1.84038, 0.734974
1.528, 0, 2.25142, 0, 0.239835, 1.70565, 0, 4.44815, 4.69757, 0, 2.75301, 0.770777, 0, 1.83984, 0.735744
1.529, 0, 2.25147, 0, 0.23964, 1.70554, 0, 4.4481, 4.69597, 0, 2.75305, 0.770775, 0, 1.83942, 0.736549
1.53, 0, 2.2514, 0, 0.239732, 1.70563, 0, 4.44816, 4.69449, 0, 2.75313, 0.770725, 0, 1.83923, 0.734547
1.531, 0, 2.25142, 0, 0.239608, 1.70558, 0, 4.44809, 4.69464, 0, 2.75318, 0.770704, 0, 1.83899, 0.735085
1.532, 0, 2.25138, 0, 0.239651, 1.70563, 0, 4.44808, 4.69461, 0, 2.75321, 0.770632, 0, 1.83862, 0.73537
1.533, 0, 2.25138, 0, 0.239597, 1.7056, 0, 4.44803, 4.69562, 0, 2.75325, 0.770584, 0, 1.83824, 0.735972
1.534, 0, 2.25134, 0, 0.239627, 1.70562, 0, 4.44804, 4.69591, 0, 2.7533, 0.770524, 0, 1.83788, 0.73681
1.535, 0, 2.25133, 0, 0.239604, 1.7056, 0, 4.44796, 4.69621, 0, 2.75335, 0.770486, 0, 1.83768, 0.735666
1.536, 0, 2.25131, 0, 0.239617, 1.70562, 0, 4.44797, 4.6952, 0, 2.75339, 0.770425, 0, 1.83722, 0.736016
1.537, 0, 2.25131, 0, 0.2396, 1.70561, 0, 4.44799, 4.6959, 0, 2.75343, 0.770377, 0, 1.83638, 0.73651
1.538, 0, 2.25128, 0, 0.239599, 1.70563, 0, 4.4483, 4.69714, 0, 2.75156, 0.762944, 0, 1.83704, 0.73678
1.539, 0, 2.25128, 0, 0.239561, 1.70562, 0, 4.44832, 4.69689, 0, 2.7518, 0.761993, 0, 1.83653, 0.737286
1.54, 0, 2.25127, 0, 0.239561, 1.70563, 0, 4.44832, 4.69722, 0, 2.75194, 0.76145, 0, 1.83595, 0.738048
1.541, 0, 2.25128, 0, 0.239544, 1.70562, 0, 4.44819, 4.69798, 0, 2.75203, 0.761047, 0, 1.83517, 0.738494
1.542, 0, 2.25127, 0, 0.239532, 1.70563, 0, 4.44832, 4.69748, 0, 2.75175, 0.757962, 0, 1.83462, 0.738877
1.543, 0, 2.25128, 0, 0.239514, 1.70563, 0, 4.44847, 4.69764, 0, 2.75184, 0.757591, 0, 1.8339, 0.739346
1.544, 0, 2.25128, 0, 0.239514, 1.70563, 0, 4.4485, 4.69791, 0, 2.75193, 0.757344, 0, 1.83325, 0.739757
1.545, 0, 2.25128, 0, 0.239507, 1.70563, 0, 4.44851, 4.69833, 0, 2.75201, 0.757162, 0, 1.83253, 0.740187
1.546, 0, 2.25129, 0, 0.239502, 1.70565, 0, 4.44852, 4.70137, 0, 2.75208, 0.757035, 0, 1.83178, 0.740661
1.547, 0, 2.2513, 0, 0.239489, 1.70563, 0, 4.44852, 4.7023, 0, 2.75213, 0.756924, 0, 1.83093, 0.741074
1.548, 0, 2.2513, 0, 0.239499, 1.70564, 0, 4.44855, 4.70255, 0, 2.75218, 0.756853, 0, 1.8301, 0.741516
1.549, 0, 2.25131, 0, 0.239487, 1.70564, 0, 4.44856, 4.70276, 0, 2.75262, 0.756806, 0, 1.82993, 0.74198
1.55, 0, 2.25133, 0, 0.239506, 1.70564, 0, 4.44833, 4.70208, 0, 2.75444, 0.763989, 0, 1.82903, 0.742276
1.551, 0, 2.25133, 0, 0.239522, 1.70563, 0, 4.44835, 4.70224, 0, 2.75431, 0.764941, 0, 1.82803, 0.742707
1.552, 0, 2.25135, 0, 0.239531, 1.70563, 0, 4.44836, 4.70223, 0, 2.75422, 0.765507, 0, 1.82758, 0.74316
1.553, 0, 2.25136, 0, 0.239547, 1.70563, 0, 4.44832, 4.70191, 0, 2.75415, 0.765912, 0, 1.82654, 0.74884
1.554, 0, 2.25137, 0, 0.239562, 1.70563, 0, 4.44835, 4.70188, 0, 2.75412, 0.766295, 0, 1.82539, 0.749471
1.555, 0, 2.25137, 0, 0.239572, 1.70563, 0, 4.4472, 4.70203, 0, 2.75413, 0.76667, 0, 1.82427, 0.749767
1.556, 0, 2.25138, 0, 0.239589, 1.70562, 0, 4.44721, 4.70184, 0, 2.75451, 0.769829, 0, 1.823, 0.750106
1.557, 0, 2.25138, 0, 0.239571, 1.70563, 0, 4.44737, 4.69906, 0, 2.75455, 0.77032, 0, 1.82191, 0.750395
1.558, 0, 2.25138, 0, 0.239551, 1.70563, 0, 4.44737, 4.6989, 0, 2.75457, 0.770636, 0, 1.8207, 0.750593
1.559, 0, 2.25138, 0, 0.239544, 1.70563, 0, 4.44733, 4.69882, 0, 2.75706, 0.771404, 0, 1.81922, 0.750769
1.56, 0, 2.25138, 0, 0.239539, 1.70564, 0, 4.44804, 4.69916, 0, 2.75707, 0.771682, 0, 1.8181, 0.751039
1.561, 0, 2.25139, 0, 0.239534, 1.70563, 0, 4.44807, 4.69932, 0, 2.7571, 0.771841, 0, 1.81664, 0.751338
1.562, 0, 2.25138, 0, 0.239536, 1.70564, 0, 4.4481, 4.69948, 0, 2.75715, 0.772045, 0, 1.8151, 0.751481
1.563, 0, 2.25139, 0, 0.239532, 1.70564, 0, 4.44809, 4.69948, 0, 2.75721, 0.772293, 0, 1.81363, 0.751802
1.564, 0, 2.25139, 0, 0.239533, 1.70564, 0, 4.44812, 4.69958, 0, 2.75726, 0.772375, 0, 1.81196, 0.752203
1.565, 0, 2.25138, 0, 0.239508, 1.70565, 0, 4.44821, 4.69562, 0, 2.75734, 0.772459, 0, 1.81034, 0.752553
1.566, 0, 2.25137, 0, 0.239491, 1.70565, 0, 4.44827, 4.69578, 0, 2.75741, 0.772513, 0, 1.80864, 0.751686
1.567, 0, 2.25136, 0, 0.23948, 1.70565, 0, 4.44735, 4.69627, 0, 2.7575, 0.772574, 0, 1.80701, 0.751744
1.568, 0, 2.25136, 0, 0.239459, 1.70566, 0, 4.44734, 4.69645, 0, 2.75757, 0.772598, 0, 1.80517, 0.752014
1.569, 0, 2.25135, 0, 0.239432, 1.70566, 0, 4.44736, 4.69631, 0, 2.75765, 0.772631, 0, 1.80319, 0.752251
1.57, 0, 2.25134, 0, 0.239395, 1.7057, 0, 4.44743, 4.6967, 0, 2.75774, 0.772666, 0, 1.80114, 0.752461
1.571, 0, 2.25135, 0, 0.239336, 1.70567, 0, 4.44748, 4.69713, 0, 2.75783, 0.772698, 0, 1.79905, 0.752692
1.572, 0, 2.25131, 0, 0.239372, 1.70574, 0, 4.44755, 4.69754, 0, 2.7579, 0.772713, 0, 1.79688, 0.752038
1.573, 0, 2.25133, 0, 0.239275, 1.70568, 0, 4.44754, 4.69732, 0, 2.75799, 0.772742, 0, 1.79479, 0.752754
1.574, 0, 2.25129, 0, 0.23931, 1.70574, 0, 4.44751, 4.69545, 0, 2.75805, 0.77272, 0, 1.79232, 0.753133
1.575, 0, 2.2513, 0, 0.239228, 1.7057, 0, 4.44757, 4.69569, 0, 2.75813, 0.77275, 0, 1.79011, 0.753306
1.576, 0, 2.25127, 0, 0.239249, 1.70574, 0, 4.44764, 4.69591, 0, 2.75821, 0.77275, 0, 1.78792, 0.753566
1.577, 0, 2.25127, 0, 0.239197, 1.70572, 0, 4.44767, 4.69657, 0, 2.75828, 0.772766, 0, 1.78644, 0.753734
1.578, 0, 2.25125, 0, 0.239203, 1.70575, 0, 4.44881, 4.69699, 0, 2.75848, 0.772774, 0, 1.78544, 0.753999
1.579, 0, 2.25126, 0, 0.23916, 1.70573, 0, 4.44883, 4.69725, 0, 2.75855, 0.772789, 0, 1.78448, 0.754225
1.58, 0, 2.25125, 0, 0.239169, 1.70575, 0, 4.44885, 4.69834, 0, 2.75838, 0.772787, 0, 1.78306, 0.754585
1.581, 0, 2.25125, 0, 0.239137, 1.70573, 0, 4.4489, 4.69855, 0, 2.75846, 0.772805, 0, 1.78209, 0.754672
1.582, 0, 2.25123, 0, 0.239138, 1.70575, 0, 4.44897, 4.6988, 0, 2.75853, 0.772821, 0, 1.78115, 0.754269
1.583, 0, 2.25124, 0, 0.239111, 1.70574, 0, 4.44897, 4.69896, 0, 2.7586, 0.772832, 0, 1.78014, 0.754582
1.584, 0, 2.25124, 0, 0.239117, 1.70575, 0, 4.44884, 4.70039, 0, 2.75864, 0.772819, 0, 1.77908, 0.754847
1.585, 0, 2.25123, 0, 0.239102, 1.70574, 0, 4.44797, 4.70066, 0, 2.75874, 0.772877, 0, 1.77772, 0.754802
1.586, 0, 2.25123, 0, 0.239091, 1.70576, 0, 4.44794, 4.70095, 0, 2.7588, 0.772885, 0, 1.77672, 0.756117
1.587, 0, 2.25124, 0, 0.239054, 1.70574, 0, 4.44791, 4.70115, 0, 2.75886, 0.772905, 0, 1.77574, 0.754856
1.588, 0, 2.25123, 0, 0.239049, 1.70576, 0, 4.44793, 4.70147, 0, 2.75894, 0.772928, 0, 1.77373, 0.754998
1.589, 0, 2.25124, 0, 0.239011, 1.70576, 0, 4.44788, 4.70164, 0, 2.75901, 0.772945, 0, 1.77228, 0.755199
1.59, 0, 2.25124, 0, 0.238998, 1.70578, 0, 4.44903, 4.70218, 0, 2.75909, 0.772978, 0, 1.7701, 0.755396
1.591, 0, 2.25123, 0, 0.238959, 1.70577, 0, 4.44912, 4.70257, 0, 2.75918, 0.773019, 0, 1.76794, 0.755576
1.592, 0, 2.25122, 0, 0.238944, 1.70579, 0, 4.44916, 4.70279, 0, 2.75926, 0.773048, 0, 1.76593, 0.755777
1.593, 0, 2.25122, 0, 0.238908, 1.70579, 0, 4.44921, 4.7031, 0, 2.75933, 0.773081, 0, 1.7642, 0.756378
1.594, 0, 2.25122, 0, 0.238892, 1.70579, 0, 4.4482, 4.70325, 0, 2.7594, 0.773113, 0, 1.76285, 0.756575
1.595, 0, 2.25122, 0, 0.23888, 1.7058, 0, 4.44835, 4.70223, 0, 2.75907, 0.773123, 0, 1.76032, 0.756788
1.596, 0, 2.25122, 0, 0.23887, 1.7058, 0, 4.44816, 4.70379, 0, 2.75914, 0.773145, 0, 1.75836, 0.756982
1.597, 0, 2.25122, 0, 0.238853, 1.70581, 0, 4.44929, 4.7043, 0, 2.75921, 0.773175, 0, 1.75634, 0.757235
1.598, 0, 2.25122, 0, 0.238835, 1.70577, 0, 4.44934, 4.70462, 0, 2.75928, 0.77321, 0, 1.75437, 0.757468
1.599, 0, 2.2512, 0, 0.238848, 1.70582, 0, 4.44942, 4.70533, 0, 2.75938, 0.773255, 0, 1.7522, 0.757657
1.6, 0, 2.25122, 0, 0.238525, 1.70664, 0, 4.44943, 4.70796, 0, 2.75946, 0.773309, 0, 1.7502, 0.758084
1.601, 0, 2.25151, 0, 0.237696, 1.70584, 0, 4.44819, 4.70797, 0, 2.75956, 0.773329, 0, 1.74817, 0.758277
1.602, 0, 2.251, 0, 0.238507, 1.70651, 0, 4.44858, 4.7082, 0, 2.75965, 0.773164, 0, 1.747, 0.758295
1.603, 0, 2.25115, 0, 0.237695, 1.70603, 0, 4.44836, 4.71006, 0, 2.75971, 0.773363, 0, 1.74607, 0.758764
1.604, 0, 2.25086, 0, 0.238205, 1.70641, 0, 4.44966, 4.71106, 0, 2.75979, 0.773282, 0, 1.74542, 0.759263
1.605, 0, 2.25093, 0, 0.237724, 1.70613, 0, 4.44967, 4.70896, 0, 2.75989, 0.773463, 0, 1.74497, 0.758924
1.606, 0, 2.25076, 0, 0.237993, 1.70635, 0, 4.44976, 4.70853, 0, 2.75997, 0.773443, 0, 1.74362, 0.759173
1.607, 0, 2.2508, 0, 0.237699, 1.70619, 0, 4.4498, 4.70855, 0, 2.76007, 0.773585, 0, 1.74306, 0.759075
1.608, 0, 2.25072, 0, 0.237837, 1.70631, 0, 4.44985, 4.70848, 0, 2.76014, 0.773583, 0, 1.74242, 0.759351
1.609, 0, 2.25075, 0, 0.23767, 1.70622, 0, 4.44874, 4.70848, 0, 2.76025, 0.77371, 0, 1.74176, 0.759676
1.61, 0, 2.2507, 0, 0.237739, 1.7063, 0, 4.44885, 4.70891, 0, 2.75827, 0.773799, 0, 1.73785, 0.761544
1.611, 0, 2.25072, 0, 0.237617, 1.70625, 0, 4.44885, 4.70915, 0, 2.75834, 0.773857, 0, 1.73698, 0.762602
1.612, 0, 2.25069, 0, 0.237641, 1.70629, 0, 4.44999, 4.70956, 0, 2.75841, 0.773857, 0, 1.73638, 0.762883
1.613, 0, 2.25071, 0, 0.237557, 1.70626, 0, 4.44996, 4.70978, 0, 2.75847, 0.773957, 0, 1.73577, 0.763246
1.614, 0, 2.25069, 0, 0.237564, 1.70629, 0, 4.44995, 4.71024, 0, 2.75855, 0.774001, 0, 1.73517, 0.763599
1.615, 0, 2.2507, 0, 0.237503, 1.70627, 0, 4.44996, 4.71034, 0, 2.75862, 0.774045, 0, 1.73462, 0.764471
1.616, 0, 2.25069, 0, 0.237494, 1.70629, 0, 4.45, 4.71047, 0, 2.7587, 0.774077, 0, 1.73416, 0.763536
1.617, 0, 2.25069, 0, 0.237446, 1.70627, 0, 4.44896, 4.7106, 0, 2.75879, 0.774116, 0, 1.73277, 0.763795
1.618, 0, 2.25068, 0, 0.237429, 1.70629, 0, 4.44902, 4.71085, 0, 2.75888, 0.774154, 0, 1.73144, 0.764098
1.619, 0, 2.25068, 0, 0.237374, 1.70629, 0, 4.44906, 4.7111, 0, 2.75898, 0.774201, 0, 1.73015, 0.715244
1.62, 0, 2.25068, 0, 0.237345, 1.70631, 0, 4.45018, 4.71157, 0, 2.75908, 0.774247, 0, 1.7289, 0.715512
1.621, 0, 2.25068, 0, 0.237287, 1.7063, 0, 4.45026, 4.71199, 0, 2.75918, 0.774313, 0, 1.72687, 0.715855
1.622, 0, 2.25068, 0, 0.237256, 1.70631, 0, 4.45031, 4.71237, 0, 2.75927, 0.77436, 0, 1.72533, 0.716262
1.623, 0, 2.25068, 0, 0.237878, 1.7047, 0, 4.45032, 4.71287, 0, 2.75936, 0.774414, 0, 1.72411, 0.716242
1.624, 0, 2.25007, 0, 0.239127, 1.70655, 0, 4.45101, 4.70629, 0, 2.75943, 0.774575, 0, 1.72337, 0.716544
1.625, 0, 2.25115, 0, 0.237018, 1.70515, 0, 4.4503, 4.70668, 0, 2.75932, 0.775036, 0, 1.7221, 0.717033
1.626, 0, 2.25074, 0, 0.238473, 1.70629, 0, 4.45085, 4.70699, 0, 2.75943, 0.774726, 0, 1.72138, 0.717304
1.627, 0, 2.2513, 0, 0.237139, 1.70548, 0, 4.44936, 4.70713, 0, 2.75948, 0.775021, 0, 1.72013, 0.717804
1.628, 0, 2.25103, 0, 0.237994, 1.70612, 0, 4.44971, 4.70745, 0, 2.75958, 0.774858, 0, 1.71936, 0.718132
1.629, 0, 2.25131, 0, 0.23723, 1.70566, 0, 4.44967, 4.70774, 0, 2.75964, 0.775057, 0, 1.71843, 0.718637
1.63, 0, 2.25114, 0, 0.237707, 1.70603, 0, 4.45097, 4.70822, 0, 2.75971, 0.774998, 0, 1.71819, 0.719037
1.631, 0, 2.25128, 0, 0.237266, 1.70577, 0, 4.4502, 4.7092, 0, 2.7598, 0.775145, 0, 1.71688, 0.719474
1.632, 0, 2.25117, 0, 0.237531, 1.70599, 0, 4.45035, 4.70943, 0, 2.75986, 0.775138, 0, 1.71666, 0.719894
1.633, 0, 2.25124, 0, 0.237268, 1.70584, 0, 4.45031, 4.70963, 0, 2.75993, 0.775239, 0, 1.7164, 0.720347
1.634, 0, 2.25118, 0, 0.237398, 1.70597, 0, 4.45123, 4.70982, 0, 2.76001, 0.775263, 0, 1.71608, 0.72076
1.635, 0, 2.25123, 0, 0.237231, 1.7059, 0, 4.4512, 4.70992, 0, 2.76007, 0.775338, 0, 1.71617, 0.721213
1.636, 0, 2.25118, 0, 0.237281, 1.70597, 0, 4.4513, 4.70937, 0, 2.76017, 0.775294, 0, 1.71526, 0.717119
1.637, 0, 2.25121, 0, 0.237165, 1.70594, 0, 4.45131, 4.70957, 0, 2.76024, 0.775357, 0, 1.71506, 0.71746
1.638, 0, 2.25119, 0, 0.23716, 1.70599, 0, 4.45137, 4.70929, 0, 2.76032, 0.775406, 0, 1.71493, 0.717783
1.639, 0, 2.25121, 0, 0.23708, 1.70598, 0, 4.45133, 4.70978, 0, 2.7603, 0.775456, 0, 1.71928, 0.718074
1.64, 0, 2.2512, 0, 0.237067, 1.706, 0, 4.45132, 4.70937, 0, 2.76041, 0.775488, 0, 1.71939, 0.717834
1.641, 0, 2.25119, 0, 0.237016, 1.70601, 0, 4.45139, 4.70964, 0, 2.76046, 0.775559, 0, 1.71794, 0.718607
1.642, 0, 2.25119, 0, 0.236984, 1.70602, 0, 4.4514, 4.71017, 0, 2.76054, 0.775591, 0, 1.71789, 0.71888
1.643, 0, 2.25118, 0, 0.236939, 1.70603, 0, 4.45142, 4.71023, 0, 2.76064, 0.775633, 0, 1.71771, 0.719562
1.644, 0, 2.25117, 0, 0.236903, 1.70605, 0, 4.45144, 4.71034, 0, 2.76074, 0.775676, 0, 1.71754, 0.719915
1.645, 0, 2.25116, 0, 0.236858, 1.70606, 0, 4.45148, 4.71124, 0, 2.76085, 0.775726, 0, 1.7174, 0.720273
1.646, 0, 2.25114, 0, 0.236817, 1.70607, 0, 4.45149, 4.71135, 0, 2.76095, 0.775766, 0, 1.7171, 0.720664
1.647, 0, 2.25113, 0, 0.236774, 1.70609, 0, 4.4515, 4.71142, 0, 2.7611, 0.775803, 0, 1.7169, 0.721532
1.648, 0, 2.25111, 0, 0.236738, 1.70609, 0, 4.45055, 4.71246, 0, 2.76119, 0.775832, 0, 1.71675, 0.721262
1.649, 0, 2.25109, 0, 0.236701, 1.70611, 0, 4.45062, 4.71262, 0, 2.76124, 0.775876, 0, 1.71573, 0.721439
1.65, 0, 2.25108, 0, 0.236649, 1.70612, 0, 4.45067, 4.71279, 0, 2.76136, 0.775918, 0, 1.71524, 0.72176
1.651, 0, 2.25106, 0, 0.236606, 1.70614, 0, 4.45155, 4.71298, 0, 2.76148, 0.776605, 0, 1.71505, 0.72215
1.652, 0, 2.25104, 0, 0.236552, 1.70615, 0, 4.45155, 4.71309, 0, 2.76158, 0.776723, 0, 1.71475, 0.722072
1.653, 0, 2.25102, 0, 0.236518, 1.70617, 0, 4.4516, 4.71349, 0, 2.76167, 0.776788, 0, 1.71461, 0.722426
1.654, 0, 2.25101, 0, 0.236465, 1.70618, 0, 4.4516, 4.71359, 0, 2.76177, 0.776861, 0, 1.71415, 0.722781
1.655, 0, 2.25099, 0, 0.23643, 1.7062, 0, 4.4516, 4.71364, 0, 2.76188, 0.776928, 0, 1.71414, 0.723185
1.656, 0, 2.25096, 0, 0.236373, 1.70619, 0, 4.45167, 4.71421, 0, 2.7621, 0.777027, 0, 1.7081, 0.724226
1.657, 0, 2.25094, 0, 0.236336, 1.70623, 0, 4.45174, 4.71458, 0, 2.76223, 0.77711, 0, 1.70743, 0.724797
1.658, 0, 2.25093, 0, 0.236258, 1.70623, 0, 4.45175, 4.71488, 0, 2.76228, 0.777196, 0, 1.70668, 0.724548
1.659, 0, 2.25091, 0, 0.236221, 1.70625, 0, 4.45092, 4.71505, 0, 2.76234, 0.777271, 0, 1.70549, 0.72492
1.66, 0, 2.25089, 0, 0.23615, 1.70627, 0, 4.45183, 4.71563, 0, 2.76246, 0.777356, 0, 1.7044, 0.725275
1.661, 0, 2.25088, 0, 0.236096, 1.70628, 0, 4.45178, 4.71565, 0, 2.76252, 0.777405, 0, 1.70449, 0.725791
1.662, 0, 2.25087, 0, 0.236045, 1.7063, 0, 4.45179, 4.71556, 0, 2.76263, 0.77747, 0, 1.70413, 0.726209
1.663, 0, 2.25085, 0, 0.235993, 1.70631, 0, 4.45181, 4.71561, 0, 2.76272, 0.777527, 0, 1.70379, 0.726636
1.664, 0, 2.25077, 0, 0.235927, 1.70632, 0, 4.45247, 4.71841, 0, 2.76298, 0.777809, 0, 1.68933, 0.726342
1.665, 0, 2.25077, 0, 0.23582, 1.70636, 0, 4.45235, 4.71875, 0, 2.76304, 0.777816, 0, 1.68864, 0.726757
1.666, 0, 2.25077, 0, 0.235721, 1.70637, 0, 4.45222, 4.719, 0, 2.76311, 0.777873, 0, 1.6882, 0.727327
1.667, 0, 2.25076, 0, 0.23566, 1.70639, 0, 4.45126, 4.71906, 0, 2.7632, 0.77793, 0, 1.68784, 0.727764
1.668, 0, 2.25074, 0, 0.23559, 1.70641, 0, 4.45208, 4.7194, 0, 2.76329, 0.777985, 0, 1.68757, 0.728146
1.669, 0, 2.25073, 0, 0.235531, 1.70642, 0, 4.45206, 4.71951, 0, 2.76338, 0.778031, 0, 1.6909, 0.728571
1.67, 0, 2.25071, 0, 0.235488, 1.70644, 0, 4.45206, 4.71958, 0, 2.76337, 0.778067, 0, 1.69062, 0.728988
1.671, 0, 2.2507, 0, 0.235437, 1.70645, 0, 4.45217, 4.71984, 0, 2.76334, 0.778119, 0, 1.68885, 0.729267
1.672, 0, 2.25068, 0, 0.235394, 1.70646, 0, 4.45217, 4.71989, 0, 2.76344, 0.778142, 0, 1.68872, 0.729685
1.673, 0, 2.25067, 0, 0.235348, 1.70648, 0, 4.45221, 4.72011, 0, 2.76337, 0.778185, 0, 1.68755, 0.730073
1.674, 0, 2.25066, 0, 0.235285, 1.70646, 0, 4.45222, 4.72018, 0, 2.76343, 0.778215, 0, 1.6873, 0.730524
1.675, 0, 2.25064, 0, 0.235263, 1.7065, 0, 4.45225, 4.72045, 0, 2.76316, 0.7754, 0, 1.68796, 0.731005
1.676, 0, 2.25065, 0, 0.235186, 1.70649, 0, 4.45226, 4.72054, 0, 2.76324, 0.775369, 0, 1.68736, 0.731384
1.677, 0, 2.25063, 0, 0.235174, 1.70652, 0, 4.45228, 4.72052, 0, 2.76332, 0.775408, 0, 1.6873, 0.731824
1.678, 0, 2.25064, 0, 0.235114, 1.70652, 0, 4.45224, 4.72099, 0, 2.76341, 0.775487, 0, 1.68815, 0.732207
1.679, 0, 2.25064, 0, 0.235116, 1.70654, 0, 4.45228, 4.7192, 0, 2.76342, 0.775535, 0, 1.68909, 0.732687
1.68, 0, 2.25064, 0, 0.235081, 1.70654, 0, 4.45237, 4.71908, 0, 2.76348, 0.775596, 0, 1.68905, 0.733078
1.681, 0, 2.25063, 0, 0.235064, 1.70656, 0, 4.45244, 4.719, 0, 2.76357, 0.775675, 0, 1.68902, 0.733484
1.682, 0, 2.25063, 0, 0.235031, 1.70656, 0, 4.45244, 4.71873, 0, 2.76359, 0.775743, 0, 1.69208, 0.733801
1.683, 0, 2.25062, 0, 0.235009, 1.70658, 0, 4.45247, 4.71864, 0, 2.76365, 0.775812, 0, 1.69124, 0.734033
1.684, 0, 2.25062, 0, 0.234978, 1.70658, 0, 4.45245, 4.71841, 0, 2.76379, 0.77587, 0, 1.69258, 0.734506
1.685, 0, 2.25062, 0, 0.234955, 1.70659, 0, 4.45247, 4.71831, 0, 2.76387, 0.775934, 0, 1.69258, 0.734896
1.686, 0, 2.25062, 0, 0.234918, 1.70661, 0, 4.45354, 4.7183, 0, 2.76396, 0.775994, 0, 1.69252, 0.73534
1.687, 0, 2.2506, 0, 0.234886, 1.70662, 0, 4.4536, 4.71851, 0, 2.76396, 0.776074, 0, 1.69051, 0.735649
1.688, 0, 2.2506, 0, 0.234852, 1.70663, 0, 4.45358, 4.71858, 0, 2.76403, 0.776124, 0, 1.69043, 0.736057
1.689, 0, 2.25059, 0, 0.234815, 1.70664, 0, 4.45357, 4.71859, 0, 2.76415, 0.776184, 0, 1.69034, 0.736182
1.69, 0, 2.25058, 0, 0.234774, 1.70666, 0, 4.45359, 4.71878, 0, 2.76418, 0.774488, 0, 1.6898, 0.735534
1.691, 0, 2.25058, 0, 0.234712, 1.70654, 0, 4.45356, 4.7189, 0, 2.76427, 0.774391, 0, 1.68971, 0.735954
1.692, 0, 2.25053, 0, 0.234763, 1.70671, 0, 4.45357, 4.71935, 0, 2.76435, 0.774325, 0, 1.68931, 0.736336
1.693, 0, 2.25061, 0, 0.234533, 1.70661, 0, 4.45349, 4.7193, 0, 2.76445, 0.7743, 0, 1.68922, 0.736765
1.694, 0, 2.25056, 0, 0.234615, 1.70671, 0, 4.45357, 4.71947, 0, 2.76459, 0.774231, 0, 1.68688, 0.736603
1.695, 0, 2.25059, 0, 0.234459, 1.70666, 0, 4.45352, 4.71951, 0, 2.76466, 0.77421, 0, 1.6868, 0.737075
1.696, 0, 2.25056, 0, 0.234478, 1.70672, 0, 4.45367, 4.71958, 0, 2.76501, 0.774134, 0, 1.6874, 0.737611
1.697, 0, 2.25055, 0, 0.234388, 1.70669, 0, 4.45368, 4.72024, 0, 2.76493, 0.774205, 0, 1.68696, 0.742902
1.698, 0, 2.25054, 0, 0.234389, 1.70673, 0, 4.45341, 4.71972, 0, 2.76497, 0.774109, 0, 1.6865, 0.738459
1.699, 0, 2.25054, 0, 0.23433, 1.70672, 0, 4.45334, 4.71959, 0, 2.76507, 0.774109, 0, 1.68658, 0.738988
1.7, 0, 2.25052, 0, 0.234331, 1.70675, 0, 4.45333, 4.71948, 0, 2.76507, 0.7741, 0, 1.68652, 0.739565
1.701, 0, 2.2505, 0, 0.234285, 1.70674, 0, 4.45349, 4.72005, 0, 2.7652, 0.77417, 0, 1.68655, 0.74282
1.702, 0, 2.25049, 0, 0.23426, 1.70676, 0, 4.45346, 4.72009, 0, 2.76522, 0.774194, 0, 1.6864, 0.743168
1.703, 0, 2.25049, 0, 0.234202, 1.70676, 0, 4.45341, 4.72006, 0, 2.76529, 0.774213, 0, 1.68614, 0.743456
1.704, 0, 2.25048, 0, 0.234179, 1.70678, 0, 4.4534, 4.72009, 0, 2.76531, 0.774243, 0, 1.68524, 0.743638
1.705, 0, 2.25047, 0, 0.234136, 1.70678, 0, 4.45335, 4.71998, 0, 2.76532, 0.773964, 0, 1.68998, 0.741446
1.706, 0, 2.25047, 0, 0.234116, 1.7068, 0, 4.45326, 4.71964, 0, 2.76546, 0.773949, 0, 1.691, 0.741723
1.707, 0, 2.25046, 0, 0.234083, 1.7068, 0, 4.45326, 4.71957, 0, 2.76556, 0.773974, 0, 1.69064, 0.742055
1.708, 0, 2.25045, 0, 0.234064, 1.70681, 0, 4.45326, 4.71946, 0, 2.76563, 0.773993, 0, 1.69046, 0.742322
1.709, 0, 2.25045, 0, 0.234035, 1.70682, 0, 4.45328, 4.71946, 0, 2.76564, 0.774022, 0, 1.6892, 0.743016
1.71, 0, 2.25044, 0, 0.234008, 1.70683, 0, 4.45327, 4.71939, 0, 2.76572, 0.774045, 0, 1.68916, 0.742651
1.711, 0, 2.25043, 0, 0.233982, 1.70683, 0, 4.45325, 4.71927, 0, 2.7658, 0.774073, 0, 1.68914, 0.742943
1.712, 0, 2.25043, 0, 0.233957, 1.70684, 0, 4.45323, 4.71916, 0, 2.76579, 0.774084, 0, 1.68912, 0.743292
1.713, 0, 2.25042, 0, 0.23393, 1.70685, 0, 4.45326, 4.71925, 0, 2.76588, 0.774133, 0, 1.6887, 0.743721
1.714, 0, 2.25041, 0, 0.233901, 1.70686, 0, 4.45324, 4.71899, 0, 2.76596, 0.774168, 0, 1.68867, 0.744038
1.715, 0, 2.2504, 0, 0.233874, 1.70687, 0, 4.45321, 4.71891, 0, 2.76604, 0.774207, 0, 1.68823, 0.74464
1.716, 0, 2.2504, 0, 0.233851, 1.70687, 0, 4.45316, 4.71943, 0, 2.76611, 0.774239, 0, 1.68817, 0.744972
1.717, 0, 2.2504, 0, 0.23383, 1.70688, 0, 4.45312, 4.71916, 0, 2.76617, 0.774268, 0, 1.68885, 0.745171
1.718, 0, 2.25044, 0, 0.233916, 1.70687, 0, 4.45267, 4.72886, 0, 2.76606, 0.774118, 0, 1.68845, 0.745681
1.719, 0, 2.25044, 0, 0.233954, 1.70686, 0, 4.45277, 4.72857, 0, 2.76613, 0.774147, 0, 1.68841, 0.746021
1.72, 0, 2.25044, 0, 0.233966, 1.70687, 0, 4.45281, 4.72826, 0, 2.76621, 0.774169, 0, 1.68842, 0.746342
1.721, 0, 2.25044, 0, 0.233961, 1.70687, 0, 4.45279, 4.73014, 0, 2.7663, 0.7742, 0, 1.68848, 0.7456
1.722, 0, 2.25044, 0, 0.233953, 1.70687, 0, 4.45283, 4.72987, 0, 2.76638, 0.774226, 0, 1.6889, 0.746996
1.723, 0, 2.25044, 0, 0.233953, 1.70688, 0, 4.45286, 4.72955, 0, 2.76646, 0.77424, 0, 1.68891, 0.747318
1.724, 0, 2.25044, 0, 0.233939, 1.70688, 0, 4.45284, 4.72927, 0, 2.76654, 0.774261, 0, 1.68882, 0.747625
1.725, 0, 2.25044, 0, 0.233934, 1.70689, 0, 4.45282, 4.72896, 0, 2.76661, 0.774277, 0, 1.68862, 0.748006
1.726, 0, 2.25043, 0, 0.23392, 1.70689, 0, 4.45283, 4.72884, 0, 2.76664, 0.774309, 0, 1.68737, 0.747177
1.727, 0, 2.25043, 0, 0.233908, 1.7069, 0, 4.45278, 4.72854, 0, 2.76672, 0.774325, 0, 1.68736, 0.74748
1.728, 0, 2.25043, 0, 0.233896, 1.7069, 0, 4.45275, 4.72825, 0, 2.7668, 0.774348, 0, 1.68735, 0.747791
1.729, 0, 2.25043, 0, 0.233886, 1.70691, 0, 4.45272, 4.72781, 0, 2.76687, 0.774374, 0, 1.68698, 0.749229
1.73, 0, 2.25042, 0, 0.233874, 1.70691, 0, 4.45274, 4.72777, 0, 2.76698, 0.77442, 0, 1.68612, 0.749187
1.731, 0, 2.25041, 0, 0.23386, 1.70692, 0, 4.45273, 4.72763, 0, 2.76706, 0.774452, 0, 1.68603, 0.748145
1.732, 0, 2.2504, 0, 0.233843, 1.70692, 0, 4.45271, 4.72744, 0, 2.76715, 0.774487, 0, 1.68601, 0.749077
1.733, 0, 2.2504, 0, 0.23383, 1.70693, 0, 4.45267, 4.72717, 0, 2.76723, 0.774516, 0, 1.686, 0.749407
1.734, 0, 2.2504, 0, 0.233818, 1.70693, 0, 4.45262, 4.72692, 0, 2.76731, 0.774545, 0, 1.68597, 0.749005
1.735, 0, 2.25039, 0, 0.23381, 1.70694, 0, 4.4526, 4.72668, 0, 2.7674, 0.774579, 0, 1.68596, 0.749353
1.736, 0, 2.25039, 0, 0.2338, 1.70694, 0, 4.45257, 4.72638, 0, 2.76748, 0.774609, 0, 1.68597, 0.749965
1.737, 0, 2.25038, 0, 0.233778, 1.70694, 0, 4.4494, 4.72729, 0, 2.7676, 0.77466, 0, 1.68597, 0.750573
1.738, 0, 2.25037, 0, 0.233761, 1.70695, 0, 4.44945, 4.72693, 0, 2.76773, 0.774691, 0, 1.68594, 0.750847
1.739, 0, 2.25037, 0, 0.233751, 1.70695, 0, 4.44948, 4.7266, 0, 2.76782, 0.774726, 0, 1.68598, 0.751149
1.74, 0, 2.25036, 0, 0.233746, 1.70695, 0, 4.44936, 4.72632, 0, 2.76792, 0.774768, 0, 1.68601, 0.751454
1.741, 0, 2.25036, 0, 0.233741, 1.70696, 0, 4.44936, 4.72588, 0, 2.76788, 0.774793, 0, 1.68803, 0.751521
1.742, 0, 2.25036, 0, 0.233739, 1.70696, 0, 4.44932, 4.7254, 0, 2.76799, 0.77481, 0, 1.68823, 0.751749
1.743, 0, 2.25035, 0, 0.233744, 1.70696, 0, 4.44931, 4.72504, 0, 2.76809, 0.774841, 0, 1.68827, 0.752032
1.744, 0, 2.25035, 0, 0.233745, 1.70696, 0, 4.4493, 4.72473, 0, 2.76818, 0.774873, 0, 1.68825, 0.752283
1.745, 0, 2.25034, 0, 0.233748, 1.70696, 0, 4.44929, 4.7244, 0, 2.76827, 0.774902, 0, 1.68824, 0.752601
1.746, 0, 2.25034, 0, 0.233749, 1.70696, 0, 4.44929, 4.72417, 0, 2.76883, 0.773218, 0, 1.68922, 0.752972
1.747, 0, 2.25034, 0, 0.233748, 1.70696, 0, 4.4493, 4.72401, 0, 2.76896, 0.773117, 0, 1.68873, 0.753351
1.748, 0, 2.25033, 0, 0.233744, 1.70696, 0, 4.44931, 4.7239, 0, 2.76908, 0.773044, 0, 1.68873, 0.754747
1.749, 0, 2.25033, 0, 0.233737, 1.70697, 0, 4.44928, 4.72369, 0, 2.76918, 0.772972, 0, 1.68868, 0.754955
1.75, 0, 2.25033, 0, 0.233731, 1.70697, 0, 4.44925, 4.72346, 0, 2.76932, 0.772906, 0, 1.68863, 0.755289
1.751, 0, 2.25033, 0, 0.233725, 1.70697, 0, 4.44921, 4.72319, 0, 2.76942, 0.772844, 0, 1.68864, 0.755631
1.752, 0, 2.25033, 0, 0.233721, 1.70697, 0, 4.44918, 4.72293, 0, 2.76953, 0.772788, 0, 1.68861, 0.755982
1.753, 0, 2.25033, 0, 0.233718, 1.70697, 0, 4.44915, 4.72268, 0, 2.76964, 0.772741, 0, 1.68863, 0.756317
1.754, 0, 2.25031, 0, 0.233702, 1.70698, 0, 4.44932, 4.72302, 0, 2.7698, 0.772787, 0, 1.68407, 0.756183
1.755, 0, 2.25031, 0, 0.23368, 1.70698, 0, 4.44922, 4.72283, 0, 2.76994, 0.772774, 0, 1.68398, 0.756507
1.756, 0, 2.25031, 0, 0.233661, 1.70698, 0, 4.44919, 4.72282, 0, 2.77006, 0.772777, 0, 1.68365, 0.75584
1.757, 0, 2.25031, 0, 0.233653, 1.70698, 0, 4.44911, 4.72252, 0, 2.77012, 0.772765, 0, 1.68561, 0.753549
1.758, 0, 2.25031, 0, 0.2336, 1.70711, 0, 4.44905, 4.72245, 0, 2.77022, 0.772768, 0, 1.6853, 0.753755
1.759, 0, 2.25035, 0, 0.233416, 1.70704, 0, 4.44903, 4.72236, 0, 2.77026, 0.772789, 0, 1.68341, 0.753824
1.76, 0, 2.25029, 0, 0.233447, 1.70712, 0, 4.44904, 4.72212, 0, 2.77027, 0.772768, 0, 1.68313, 0.754058
1.761, 0, 2.2503, 0, 0.233327, 1.70707, 0, 4.449, 4.72193, 0, 2.77084, 0.772757, 0, 1.68377, 0.754287
1.762, 0, 2.25025, 0, 0.233363, 1.70712, 0, 4.449, 4.72171, 0, 2.77081, 0.772764, 0, 1.6832, 0.754041
1.763, 0, 2.25024, 0, 0.233301, 1.70709, 0, 4.44896, 4.72149, 0, 2.7709, 0.772804, 0, 1.68306, 0.754297
1.764, 0, 2.25021, 0, 0.233333, 1.70711, 0, 4.44896, 4.72127, 0, 2.77099, 0.772832, 0, 1.68292, 0.75453
1.765, 0, 2.25021, 0, 0.233304, 1.70709, 0, 4.44894, 4.72107, 0, 2.77109, 0.772877, 0, 1.68277, 0.754789
1.766, 0, 2.25019, 0, 0.233327, 1.7071, 0, 4.44893, 4.72089, 0, 2.77118, 0.772915, 0, 1.68264, 0.755039
1.767, 0, 2.2502, 0, 0.233313, 1.70709, 0, 4.44891, 4.72064, 0, 2.77127, 0.77296, 0, 1.68248, 0.7553
1.768, 0, 2.25019, 0, 0.233329, 1.70709, 0, 4.4489, 4.72043, 0, 2.77136, 0.772999, 0, 1.68232, 0.755577
1.769, 0, 2.2502, 0, 0.233322, 1.70708, 0, 4.44888, 4.72023, 0, 2.77146, 0.773043, 0, 1.68218, 0.755834
1.77, 0, 2.25016, 0, 0.233178, 1.70713, 0, 4.44914, 4.6859, 0, 2.77178, 0.77328, 0, 1.68255, 0.756001
1.771, 0, 2.25015, 0, 0.233093, 1.70712, 0, 4.44929, 4.68571, 0, 2.7719, 0.773363, 0, 1.68256, 0.756099
1.772, 0, 2.25013, 0, 0.233089, 1.70714, 0, 4.44936, 4.68554, 0, 2.772, 0.773417, 0, 1.6825, 0.756333
1.773, 0, 2.25013, 0, 0.233045, 1.70713, 0, 4.4494, 4.68545, 0, 2.77211, 0.773485, 0, 1.68238, 0.756626
1.774, 0, 2.25011, 0, 0.233043, 1.70714, 0, 4.44941, 4.68527, 0, 2.7723, 0.773542, 0, 1.68287, 0.756862
1.775, 0, 2.25011, 0, 0.233018, 1.70713, 0, 4.44941, 4.68512, 0, 2.77241, 0.77361, 0, 1.68279, 0.757095
1.776, 0, 2.2501, 0, 0.233016, 1.70714, 0, 4.44941, 4.68504, 0, 2.77252, 0.773675, 0, 1.68269, 0.757343
1.777, 0, 2.25011, 0, 0.232998, 1.70713, 0, 4.44939, 4.6849, 0, 2.77262, 0.773741, 0, 1.68258, 0.7576
1.778, 0, 2.25014, 0, 0.233148, 1.70709, 0, 4.44911, 4.7189, 0, 2.77246, 0.773606, 0, 1.6819, 0.75794
1.779, 0, 2.25016, 0, 0.233232, 1.70712, 0, 4.44918, 4.71876, 0, 2.77255, 0.773627, 0, 1.68163, 0.758245
1.78, 0, 2.25019, 0, 0.233204, 1.70708, 0, 4.44907, 4.71864, 0, 2.77264, 0.773663, 0, 1.6812, 0.758562
1.781, 0, 2.25019, 0, 0.233262, 1.70711, 0, 4.44902, 4.71841, 0, 2.77274, 0.773666, 0, 1.68105, 0.758825
1.782, 0, 2.25024, 0, 0.233275, 1.70708, 0, 4.44873, 4.72517, 0, 2.77272, 0.77361, 0, 1.68243, 0.759146
1.783, 0, 2.25025, 0, 0.233328, 1.70708, 0, 4.44879, 4.7248, 0, 2.77284, 0.773638, 0, 1.68247, 0.759319
1.784, 0, 2.25026, 0, 0.233336, 1.70707, 0, 4.44886, 4.72463, 0, 2.77296, 0.773675, 0, 1.68243, 0.75794
1.785, 0, 2.25026, 0, 0.233353, 1.70707, 0, 4.44889, 4.72438, 0, 2.77307, 0.773696, 0, 1.68234, 0.758133
1.786, 0, 2.25027, 0, 0.233354, 1.70706, 0, 4.44895, 4.72439, 0, 2.77322, 0.773742, 0, 1.6825, 0.756296
1.787, 0, 2.25027, 0, 0.233358, 1.70707, 0, 4.44895, 4.72426, 0, 2.77331, 0.773768, 0, 1.68231, 0.756552
1.788, 0, 2.25028, 0, 0.233341, 1.70707, 0, 4.44892, 4.72411, 0, 2.77342, 0.773802, 0, 1.68219, 0.756793
1.789, 0, 2.25028, 0, 0.233342, 1.70707, 0, 4.44888, 4.72395, 0, 2.77353, 0.773835, 0, 1.68208, 0.757024
1.79, 0, 2.25029, 0, 0.233329, 1.70707, 0, 4.44886, 4.72382, 0, 2.77364, 0.773875, 0, 1.68199, 0.757276
1.791, 0, 2.25029, 0, 0.233329, 1.70707, 0, 4.44883, 4.72366, 0, 2.77376, 0.773911, 0, 1.68194, 0.757531
1.792, 0, 2.25025, 0, 0.233166, 1.70712, 0, 4.44908, 4.68941, 0, 2.7741, 0.774149, 0, 1.68224, 0.757693
1.793, 0, 2.25024, 0, 0.233083, 1.70711, 0, 4.44911, 4.6892, 0, 2.77423, 0.774224, 0, 1.68225, 0.757873
1.794, 0, 2.25026, 0, 0.233225, 1.70708, 0, 4.44883, 4.72297, 0, 2.77411, 0.774067, 0, 1.68159, 0.759902
1.795, 0, 2.25026, 0, 0.233272, 1.70708, 0, 4.44881, 4.72283, 0, 2.77422, 0.774098, 0, 1.68152, 0.760185
1.796, 0, 2.25027, 0, 0.233285, 1.70707, 0, 4.44877, 4.72266, 0, 2.77433, 0.774147, 0, 1.68148, 0.760361
1.797, 0, 2.25027, 0, 0.233295, 1.70707, 0, 4.44877, 4.72271, 0, 2.77447, 0.774215, 0, 1.68128, 0.757754
1.798, 0, 2.25027, 0, 0.233299, 1.70707, 0, 4.44874, 4.7226, 0, 2.77459, 0.774264, 0, 1.68119, 0.757908
1.799, 0, 2.25028, 0, 0.2333, 1.70707, 0, 4.44871, 4.72247, 0, 2.77471, 0.774312, 0, 1.68111, 0.758095
1.8, 0, 2.25028, 0, 0.2333, 1.70706, 0, 4.44867, 4.72231, 0, 2.77482, 0.774359, 0, 1.681, 0.758123
1.801, 0, 2.25028, 0, 0.233299, 1.70707, 0, 4.44865, 4.72215, 0, 2.775, 0.774392, 0, 1.68064, 0.758447
1.802, 0, 2.25029, 0, 0.233292, 1.70707, 0, 4.44862, 4.7227, 0, 2.77512, 0.774445, 0, 1.68055, 0.758637
1.803, 0, 2.25028, 0, 0.233291, 1.70707, 0, 4.44862, 4.72258, 0, 2.77502, 0.774452, 0, 1.68033, 0.758794
1.804, 0, 2.25024, 0, 0.233134, 1.70711, 0, 4.44891, 4.68843, 0, 2.77537, 0.774698, 0, 1.68036, 0.758909
1.805, 0, 2.25023, 0, 0.233048, 1.7071, 0, 4.44895, 4.6883, 0, 2.77551, 0.774787, 0, 1.68043, 0.759039
1.806, 0, 2.25025, 0, 0.2332, 1.70707, 0, 4.44871, 4.72205, 0, 2.77569, 0.777557, 0, 1.67979, 0.759314
1.807, 0, 2.25024, 0, 0.233243, 1.70708, 0, 4.4487, 4.72204, 0, 2.7758, 0.777675, 0, 1.67965, 0.759156
1.808, 0, 2.25025, 0, 0.233243, 1.70706, 0, 4.44865, 4.72198, 0, 2.77592, 0.777718, 0, 1.67944, 0.759362
1.809, 0, 2.25025, 0, 0.233258, 1.70707, 0, 4.4486, 4.7219, 0, 2.77612, 0.777717, 0, 1.67968, 0.759537
1.81, 0, 2.25026, 0, 0.233296, 1.70694, 0, 4.44857, 4.7217, 0, 2.77579, 0.777714, 0, 1.67888, 0.759696
1.811, 0, 2.25022, 0, 0.233476, 1.70701, 0, 4.44857, 4.72167, 0, 2.77588, 0.777696, 0, 1.6787, 0.759891
1.812, 0, 2.25028, 0, 0.233431, 1.70693, 0, 4.44851, 4.72165, 0, 2.77599, 0.777719, 0, 1.6786, 0.76007
1.813, 0, 2.25027, 0, 0.233545, 1.70698, 0, 4.44851, 4.72162, 0, 2.77593, 0.777708, 0, 1.6783, 0.760272
1.814, 0, 2.25032, 0, 0.233498, 1.70693, 0, 4.44844, 4.7215, 0, 2.77662, 0.777708, 0, 1.67916, 0.76053
1.815, 0, 2.25031, 0, 0.233551, 1.70696, 0, 4.44858, 4.72202, 0, 2.7761, 0.77777, 0, 1.67849, 0.756058
1.816, 0, 2.2503, 0, 0.233339, 1.707, 0, 4.44882, 4.68824, 0, 2.77671, 0.775062, 0, 1.68001, 0.756341
1.817, 0, 2.2503, 0, 0.233256, 1.70701, 0, 4.44884, 4.68823, 0, 2.77681, 0.775047, 0, 1.67995, 0.756486
1.818, 0, 2.25033, 0, 0.233381, 1.70697, 0, 4.44857, 4.72203, 0, 2.77712, 0.777811, 0, 1.67939, 0.756746
1.819, 0, 2.25033, 0, 0.233424, 1.70699, 0, 4.44855, 4.72209, 0, 2.77718, 0.77796, 0, 1.67922, 0.756467
1.82, 0, 2.25034, 0, 0.233407, 1.70698, 0, 4.4485, 4.72209, 0, 2.77728, 0.778048, 0, 1.67909, 0.756635
1.821, 0, 2.25035, 0, 0.233425, 1.70699, 0, 4.44834, 4.72154, 0, 2.77734, 0.778046, 0, 1.67853, 0.761144
1.822, 0, 2.25034, 0, 0.233414, 1.70697, 0, 4.44845, 4.72204, 0, 2.77755, 0.778132, 0, 1.67841, 0.756932
1.823, 0, 2.25034, 0, 0.233427, 1.70699, 0, 4.44844, 4.72207, 0, 2.77766, 0.778143, 0, 1.67816, 0.757221
1.824, 0, 2.25031, 0, 0.23324, 1.70703, 0, 4.44869, 4.68798, 0, 2.778, 0.778366, 0, 1.67855, 0.757342
1.825, 0, 2.25029, 0, 0.233165, 1.70704, 0, 4.44875, 4.68802, 0, 2.77748, 0.778443, 0, 1.67753, 0.75744
1.826, 0, 2.25032, 0, 0.233285, 1.707, 0, 4.4485, 4.72213, 0, 2.77739, 0.778286, 0, 1.67702, 0.757716
1.827, 0, 2.25031, 0, 0.233327, 1.70702, 0, 4.44847, 4.72213, 0, 2.7775, 0.778294, 0, 1.67682, 0.757746
1.828, 0, 2.25032, 0, 0.23327, 1.70713, 0, 4.44842, 4.72216, 0, 2.77764, 0.778344, 0, 1.67672, 0.757829
1.829, 0, 2.25036, 0, 0.233108, 1.70707, 0, 4.44833, 4.72205, 0, 2.7778, 0.779813, 0, 1.67642, 0.758034
1.83, 0, 2.25031, 0, 0.233136, 1.70714, 0, 4.44833, 4.72199, 0, 2.77791, 0.779937, 0, 1.6762, 0.758019
1.831, 0, 2.25027, 0, 0.233019, 1.7071, 0, 4.44869, 4.72345, 0, 2.77812, 0.780218, 0, 1.67733, 0.768634
1.832, 0, 2.25024, 0, 0.233005, 1.70715, 0, 4.44866, 4.7238, 0, 2.77818, 0.780324, 0, 1.67679, 0.76892
1.833, 0, 2.25019, 0, 0.23276, 1.70718, 0, 4.44885, 4.68987, 0, 2.77851, 0.780658, 0, 1.67706, 0.76905
1.834, 0, 2.25016, 0, 0.232673, 1.7072, 0, 4.44883, 4.68991, 0, 2.77863, 0.780814, 0, 1.6771, 0.769104
1.835, 0, 2.25017, 0, 0.232771, 1.70716, 0, 4.44852, 4.72403, 0, 2.77888, 0.780745, 0, 1.67721, 0.769301
1.836, 0, 2.25015, 0, 0.232815, 1.70717, 0, 4.44847, 4.72411, 0, 2.77905, 0.78084, 0, 1.67703, 0.769424
1.837, 0, 2.25014, 0, 0.23279, 1.70715, 0, 4.44844, 4.72433, 0, 2.77918, 0.780962, 0, 1.67686, 0.765788
1.838, 0, 2.25014, 0, 0.232806, 1.70716, 0, 4.4484, 4.72433, 0, 2.7793, 0.781053, 0, 1.67684, 0.765844
1.839, 0, 2.25014, 0, 0.23279, 1.70715, 0, 4.4484, 4.72444, 0, 2.77943, 0.781155, 0, 1.67691, 0.766808
1.84, 0, 2.25009, 0, 0.232639, 1.70721, 0, 4.44868, 4.69038, 0, 2.77979, 0.78143, 0, 1.67738, 0.766739
1.841, 0, 2.25013, 0, 0.232696, 1.70715, 0, 4.44842, 4.72445, 0, 2.7797, 0.781344, 0, 1.67701, 0.766845
1.842, 0, 2.25011, 0, 0.232766, 1.70718, 0, 4.44842, 4.72449, 0, 2.77983, 0.781384, 0, 1.67696, 0.766918
1.843, 0, 2.25009, 0, 0.232567, 1.7072, 0, 4.44868, 4.69041, 0, 2.78019, 0.781653, 0, 1.67742, 0.766892
1.844, 0, 2.25011, 0, 0.232668, 1.70716, 0, 4.44843, 4.72449, 0, 2.78011, 0.781546, 0, 1.67704, 0.766989
1.845, 0, 2.25011, 0, 0.232711, 1.70718, 0, 4.44842, 4.72452, 0, 2.78023, 0.781581, 0, 1.67697, 0.766908
1.846, 0, 2.25012, 0, 0.232689, 1.70717, 0, 4.44838, 4.72452, 0, 2.78037, 0.781638, 0, 1.67694, 0.766977
1.847, 0, 2.25008, 0, 0.23255, 1.70722, 0, 4.44861, 4.69026, 0, 2.78072, 0.78187, 0, 1.67794, 0.766732
1.848, 0, 2.25012, 0, 0.232608, 1.70716, 0, 4.44835, 4.72429, 0, 2.78068, 0.78176, 0, 1.67768, 0.766831
1.849, 0, 2.25011, 0, 0.232686, 1.7072, 0, 4.44835, 4.72428, 0, 2.78081, 0.781777, 0, 1.67764, 0.766948
1.85, 0, 2.25013, 0, 0.232638, 1.70717, 0, 4.44833, 4.72435, 0, 2.78096, 0.781838, 0, 1.67723, 0.767062
1.851, 0, 2.25009, 0, 0.232516, 1.70724, 0, 4.44859, 4.69018, 0, 2.78149, 0.781987, 0, 1.67768, 0.767045
1.852, 0, 2.25009, 0, 0.232401, 1.70721, 0, 4.44866, 4.69032, 0, 2.78168, 0.782102, 0, 1.67711, 0.767147
1.853, 0, 2.2501, 0, 0.232552, 1.7072, 0, 4.44845, 4.72462, 0, 2.78163, 0.781962, 0, 1.67634, 0.766459
1.854, 0, 2.25011, 0, 0.232563, 1.70719, 0, 4.44844, 4.72486, 0, 2.78178, 0.781996, 0, 1.67684, 0.768005
1.855, 0, 2.25011, 0, 0.232558, 1.7072, 0, 4.44838, 4.72496, 0, 2.78192, 0.782028, 0, 1.67671, 0.768195
1.856, 0, 2.25012, 0, 0.232545, 1.7072, 0, 4.44833, 4.72536, 0, 2.78203, 0.780655, 0, 1.67668, 0.768275
1.857, 0, 2.25013, 0, 0.232536, 1.7072, 0, 4.44827, 4.72538, 0, 2.78231, 0.780572, 0, 1.67673, 0.76824
1.858, 0, 2.25014, 0, 0.232521, 1.7072, 0, 4.44824, 4.72544, 0, 2.7825, 0.780512, 0, 1.67677, 0.768333
1.859, 0, 2.2501, 0, 0.232355, 1.70725, 0, 4.44852, 4.6914, 0, 2.7829, 0.780658, 0, 1.67728, 0.768318
1.86, 0, 2.2501, 0, 0.232258, 1.70725, 0, 4.44855, 4.69141, 0, 2.78311, 0.780654, 0, 1.67746, 0.768335
1.861, 0, 2.25011, 0, 0.23239, 1.70722, 0, 4.4483, 4.72553, 0, 2.78307, 0.780432, 0, 1.67711, 0.768473
1.862, 0, 2.25012, 0, 0.232417, 1.70723, 0, 4.44821, 4.72534, 0, 2.78322, 0.780364, 0, 1.67685, 0.766884
1.863, 0, 2.25013, 0, 0.232415, 1.70722, 0, 4.44816, 4.72529, 0, 2.78343, 0.78069, 0, 1.67691, 0.76695
1.864, 0, 2.25007, 0, 0.232269, 1.70727, 0, 4.44867, 4.69203, 0, 2.78387, 0.780979, 0, 1.6779, 0.773256
1.865, 0, 2.25011, 0, 0.232318, 1.70722, 0, 4.44836, 4.7262, 0, 2.78387, 0.78082, 0, 1.67738, 0.774777
1.866, 0, 2.2501, 0, 0.232368, 1.70725, 0, 4.44831, 4.72633, 0, 2.78402, 0.780825, 0, 1.67727, 0.774865
1.867, 0, 2.25008, 0, 0.232151, 1.70728, 0, 4.44856, 4.69262, 0, 2.78401, 0.778163, 0, 1.67779, 0.774843
1.868, 0, 2.2501, 0, 0.232234, 1.70724, 0, 4.44824, 4.72671, 0, 2.78397, 0.777973, 0, 1.6775, 0.774964
1.869, 0, 2.2501, 0, 0.232272, 1.70727, 0, 4.4482, 4.72673, 0, 2.78404, 0.778033, 0, 1.67723, 0.774971
1.87, 0, 2.25007, 0, 0.232088, 1.7073, 0, 4.44846, 4.69268, 0, 2.78443, 0.778356, 0, 1.67768, 0.774932
1.871, 0, 2.25009, 0, 0.232172, 1.70726, 0, 4.4482, 4.72683, 0, 2.78427, 0.778337, 0, 1.67724, 0.775831
1.872, 0, 2.25008, 0, 0.23222, 1.70728, 0, 4.44821, 4.72696, 0, 2.78416, 0.778461, 0, 1.67686, 0.775071
1.873, 0, 2.2501, 0, 0.232199, 1.70726, 0, 4.44811, 4.72691, 0, 2.78471, 0.781499, 0, 1.67676, 0.774823
1.874, 0, 2.25005, 0, 0.232058, 1.70733, 0, 4.44841, 4.69126, 0, 2.7851, 0.781903, 0, 1.67732, 0.774772
1.875, 0, 2.25005, 0, 0.231953, 1.7073, 0, 4.44842, 4.69285, 0, 2.78528, 0.782036, 0, 1.67751, 0.77474
1.876, 0, 2.25006, 0, 0.232106, 1.70729, 0, 4.44816, 4.72693, 0, 2.78524, 0.781898, 0, 1.67719, 0.774822
1.877, 0, 2.25007, 0, 0.232123, 1.70729, 0, 4.44811, 4.72699, 0, 2.78556, 0.781918, 0, 1.67748, 0.775003
1.878, 0, 2.25008, 0, 0.232123, 1.70729, 0, 4.44804, 4.72703, 0, 2.78562, 0.781969, 0, 1.6775, 0.775086
1.879, 0, 2.25009, 0, 0.232119, 1.70729, 0, 4.44792, 4.72688, 0, 2.78527, 0.782039, 0, 1.67662, 0.772703
1.88, 0, 2.25005, 0, 0.231966, 1.70734, 0, 4.4482, 4.69397, 0, 2.78569, 0.782332, 0, 1.67729, 0.773774
1.881, 0, 2.25004, 0, 0.231876, 1.70733, 0, 4.44821, 4.69397, 0, 2.78598, 0.78245, 0, 1.67763, 0.773856
1.882, 0, 2.25002, 0, 0.231862, 1.70736, 0, 4.44822, 4.69544, 0, 2.78617, 0.78254, 0, 1.67776, 0.773535
1.883, 0, 2.25001, 0, 0.231812, 1.70735, 0, 4.44822, 4.69549, 0, 2.78636, 0.78265, 0, 1.67788, 0.773342
1.884, 0, 2.25003, 0, 0.231934, 1.70732, 0, 4.44799, 4.72747, 0, 2.78637, 0.7826, 0, 1.67639, 0.773513
1.885, 0, 2.25003, 0, 0.231969, 1.70733, 0, 4.44791, 4.72761, 0, 2.78635, 0.782645, 0, 1.6763, 0.773664
1.886, 0, 2.25004, 0, 0.231953, 1.70732, 0, 4.4478, 4.72766, 0, 2.78653, 0.782744, 0, 1.67628, 0.773789
1.887, 0, 2.25004, 0, 0.231924, 1.7074, 0, 4.44767, 4.72782, 0, 2.79053, 0.780808, 0, 1.67637, 0.773904
1.888, 0, 2.25007, 0, 0.231851, 1.70732, 0, 4.44762, 4.72795, 0, 2.79077, 0.780985, 0, 1.6765, 0.774882
1.889, 0, 2.25003, 0, 0.231929, 1.70739, 0, 4.44758, 4.72796, 0, 2.79094, 0.781091, 0, 1.67657, 0.774972
1.89, 0, 2.25002, 0, 0.231712, 1.70739, 0, 4.44778, 4.69601, 0, 2.79164, 0.784332, 0, 1.6767, 0.775012
1.891, 0, 2.24998, 0, 0.231686, 1.70742, 0, 4.44783, 4.69598, 0, 2.79157, 0.784466, 0, 1.67695, 0.775038
1.892, 0, 2.24997, 0, 0.231624, 1.70741, 0, 4.44791, 4.69608, 0, 2.79132, 0.784601, 0, 1.67635, 0.775039
1.893, 0, 2.24999, 0, 0.231745, 1.70739, 0, 4.44766, 4.72781, 0, 2.79127, 0.784504, 0, 1.67538, 0.775139
1.894, 0, 2.24998, 0, 0.231778, 1.7074, 0, 4.4476, 4.72781, 0, 2.79149, 0.784494, 0, 1.67576, 0.775292
1.895, 0, 2.24999, 0, 0.231771, 1.70739, 0, 4.44757, 4.72792, 0, 2.79173, 0.784529, 0, 1.67578, 0.773977
1.896, 0, 2.24995, 0, 0.231634, 1.70744, 0, 4.44784, 4.69633, 0, 2.79574, 0.785739, 0, 1.67452, 0.773831
1.897, 0, 2.24995, 0, 0.231543, 1.70743, 0, 4.44784, 4.69632, 0, 2.79598, 0.785866, 0, 1.67473, 0.773868
1.898, 0, 2.24996, 0, 0.231669, 1.70741, 0, 4.44761, 4.72815, 0, 2.79603, 0.785744, 0, 1.67442, 0.770388
1.899, 0, 2.24997, 0, 0.231677, 1.70742, 0, 4.44759, 4.72852, 0, 2.79584, 0.782819, 0, 1.67449, 0.77046
1.9, 0, 2.24987, 0, 0.231551, 1.70745, 0, 4.44797, 4.69876, 0, 2.91992, 0.76671, 0, 1.67516, 0.770078
1.901, 0, 2.24995, 0, 0.231516, 1.70742, 0, 4.44743, 4.73033, 0, 2.92056, 0.761045, 0, 1.67429, 0.770356
1.902, 0, 2.24991, 0, 0.231376, 1.7075, 0, 4.44762, 4.69897, 0, 2.91786, 0.760499, 0, 1.66904, 0.770015
1.903, 0, 2.24995, 0, 0.231382, 1.70743, 0, 4.44731, 4.73079, 0, 2.91776, 0.761369, 0, 1.66697, 0.76994
1.904, 0, 2.24991, 0, 0.231455, 1.70748, 0, 4.44738, 4.72976, 0, 2.91782, 0.762942, 0, 1.66706, 0.770016
1.905, 0, 2.24993, 0, 0.231388, 1.70745, 0, 4.44724, 4.72959, 0, 2.91786, 0.764344, 0, 1.66748, 0.77015
1.906, 0, 2.2499, 0, 0.23143, 1.70748, 0, 4.44736, 4.72994, 0, 2.91799, 0.765541, 0, 1.66818, 0.773897
1.907, 0, 2.25, 0, 0.231344, 1.70747, 0, 4.44704, 4.72784, 0, 2.79491, 0.785816, 0, 1.66772, 0.774272
1.908, 0, 2.24992, 0, 0.231469, 1.70747, 0, 4.44733, 4.72784, 0, 2.7945, 0.792153, 0, 1.66839, 0.774204
1.909, 0, 2.24985, 0, 0.231518, 1.70745, 0, 4.4477, 4.73007, 0, 2.91744, 0.77433, 0, 1.66824, 0.773904
1.91, 0, 2.2499, 0, 0.231419, 1.70747, 0, 4.44748, 4.73012, 0, 2.91846, 0.767905, 0, 1.66767, 0.77403
1.911, 0, 2.24998, 0, 0.231315, 1.70749, 0, 4.44724, 4.72852, 0, 2.79622, 0.784967, 0, 1.6675, 0.776793
1.912, 0, 2.24985, 0, 0.23142, 1.70747, 0, 4.44766, 4.73078, 0, 2.91889, 0.77097, 0, 1.6683, 0.776512
1.913, 0, 2.24997, 0, 0.231296, 1.7075, 0, 4.4473, 4.72935, 0, 2.79635, 0.785824, 0, 1.66772, 0.776821
1.914, 0, 2.24985, 0, 0.231365, 1.70749, 0, 4.4476, 4.73152, 0, 2.91901, 0.771409, 0, 1.66822, 0.776483
1.915, 0, 2.2499, 0, 0.231265, 1.7075, 0, 4.44741, 4.73162, 0, 2.91946, 0.766653, 0, 1.66671, 0.776409
1.916, 0, 2.24997, 0, 0.231184, 1.70752, 0, 4.44708, 4.72955, 0, 2.79708, 0.784363, 0, 1.66637, 0.777344
1.917, 0, 2.24985, 0, 0.231282, 1.7075, 0, 4.44746, 4.73168, 0, 2.91951, 0.77079, 0, 1.66724, 0.777037
1.918, 0, 2.24995, 0, 0.231181, 1.70752, 0, 4.44719, 4.72983, 0, 2.79746, 0.785573, 0, 1.66572, 0.777383
1.919, 0, 2.24983, 0, 0.231257, 1.70751, 0, 4.4475, 4.73189, 0, 2.9207, 0.77077, 0, 1.66717, 0.777176
1.92, 0, 2.24988, 0, 0.231164, 1.70752, 0, 4.44732, 4.73195, 0, 2.92314, 0.765456, 0, 1.66734, 0.777248
1.921, 0, 2.24995, 0, 0.23108, 1.70755, 0, 4.44705, 4.73019, 0, 2.80041, 0.781523, 0, 1.66701, 0.777509
1.922, 0, 2.24982, 0, 0.231174, 1.70753, 0, 4.44744, 4.73233, 0, 2.92257, 0.767852, 0, 1.66777, 0.777211
1.923, 0, 2.24986, 0, 0.231102, 1.70754, 0, 4.44734, 4.73245, 0, 2.92327, 0.763619, 0, 1.66665, 0.777225
1.924, 0, 2.24993, 0, 0.231021, 1.70756, 0, 4.44706, 4.73044, 0, 2.80083, 0.781517, 0, 1.66641, 0.777645
1.925, 0, 2.24978, 0, 0.23112, 1.70754, 0, 4.4477, 4.73357, 0, 2.92321, 0.766693, 0, 1.66466, 0.779819
1.926, 0, 2.2498, 0, 0.230887, 1.7076, 0, 4.44768, 4.70177, 0, 2.92408, 0.762483, 0, 1.66441, 0.779841
1.927, 0, 2.24987, 0, 0.230724, 1.70761, 0, 4.44747, 4.69977, 0, 2.80175, 0.780301, 0, 1.66483, 0.780029
1.928, 0, 2.24975, 0, 0.230953, 1.70757, 0, 4.44776, 4.73413, 0, 2.92397, 0.766554, 0, 1.66538, 0.779709
1.929, 0, 2.24979, 0, 0.230903, 1.70759, 0, 4.44771, 4.73427, 0, 2.92503, 0.762245, 0, 1.66498, 0.779778
1.93, 0, 2.2498, 0, 0.230847, 1.70759, 0, 4.44754, 4.73444, 0, 2.92538, 0.760838, 0, 1.66482, 0.779832
1.931, 0, 2.24987, 0, 0.230803, 1.70761, 0, 4.44729, 4.73255, 0, 2.8026, 0.779823, 0, 1.66475, 0.780724
1.932, 0, 2.24974, 0, 0.230914, 1.70759, 0, 4.44769, 4.73477, 0, 2.92499, 0.766732, 0, 1.66548, 0.78033
1.933, 0, 2.24979, 0, 0.230837, 1.7076, 0, 4.44755, 4.73484, 0, 2.92556, 0.762427, 0, 1.66513, 0.780382
1.934, 0, 2.2498, 0, 0.230783, 1.70761, 0, 4.44745, 4.73498, 0, 2.92591, 0.760917, 0, 1.66502, 0.78043
1.935, 0, 2.2498, 0, 0.230745, 1.70762, 0, 4.44739, 4.73506, 0, 2.92582, 0.760611, 0, 1.66502, 0.780426
1.936, 0, 2.24987, 0, 0.230705, 1.70763, 0, 4.44717, 4.73293, 0, 2.80316, 0.779957, 0, 1.66534, 0.780629
1.937, 0, 2.24974, 0, 0.230817, 1.70761, 0, 4.44762, 4.73505, 0, 2.92549, 0.766832, 0, 1.6661, 0.780373
1.938, 0, 2.24978, 0, 0.230744, 1.70762, 0, 4.44751, 4.73506, 0, 2.92616, 0.762398, 0, 1.66584, 0.780401
1.939, 0, 2.24979, 0, 0.230691, 1.70764, 0, 4.4474, 4.73508, 0, 2.92657, 0.76242, 0, 1.66572, 0.780441
1.94, 0, 2.24985, 0, 0.230632, 1.70765, 0, 4.44728, 4.73347, 0, 2.80437, 0.781447, 0, 1.66491, 0.782507
1.941, 0, 2.24972, 0, 0.230739, 1.70764, 0, 4.44771, 4.73573, 0, 2.9267, 0.768221, 0, 1.66557, 0.782241
1.942, 0, 2.24977, 0, 0.230647, 1.70764, 0, 4.44756, 4.73578, 0, 2.92734, 0.76385, 0, 1.66523, 0.782424
1.943, 0, 2.24974, 0, 0.230447, 1.70771, 0, 4.44768, 4.7036, 0, 2.92861, 0.762473, 0, 1.66679, 0.782488
1.944, 0, 2.24973, 0, 0.23033, 1.7077, 0, 4.44772, 4.70354, 0, 2.9288, 0.762256, 0, 1.66752, 0.782489
1.945, 0, 2.2497, 0, 0.230306, 1.70773, 0, 4.44782, 4.70382, 0, 2.92854, 0.762444, 0, 1.66636, 0.782401
1.946, 0, 2.24976, 0, 0.230229, 1.70773, 0, 4.44763, 4.70176, 0, 2.80588, 0.781874, 0, 1.66637, 0.782678
1.947, 0, 2.24961, 0, 0.230352, 1.70773, 0, 4.44817, 4.70397, 0, 2.92821, 0.768753, 0, 1.66716, 0.782092
1.948, 0, 2.24965, 0, 0.230254, 1.70773, 0, 4.44802, 4.70404, 0, 2.92887, 0.764268, 0, 1.66692, 0.782181
1.949, 0, 2.24965, 0, 0.230199, 1.70775, 0, 4.44797, 4.70417, 0, 2.92908, 0.76257, 0, 1.66648, 0.782292
1.95, 0, 2.24966, 0, 0.230154, 1.70775, 0, 4.44781, 4.70376, 0, 2.92905, 0.762461, 0, 1.66586, 0.78264
1.951, 0, 2.24965, 0, 0.230144, 1.70776, 0, 4.4478, 4.70369, 0, 2.92919, 0.76259, 0, 1.66606, 0.782655
1.952, 0, 2.24965, 0, 0.230124, 1.70776, 0, 4.44781, 4.70361, 0, 2.92931, 0.762851, 0, 1.6662, 0.782741
1.953, 0, 2.24972, 0, 0.230098, 1.70774, 0, 4.44767, 4.70149, 0, 2.80657, 0.783873, 0, 1.66537, 0.782964
1.954, 0, 2.24957, 0, 0.230237, 1.70775, 0, 4.44817, 4.70375, 0, 2.92888, 0.77076, 0, 1.66544, 0.782449
1.955, 0, 2.24964, 0, 0.230125, 1.70774, 0, 4.44799, 4.70356, 0, 2.92952, 0.766225, 0, 1.66577, 0.781706
1.956, 0, 2.24964, 0, 0.230092, 1.70777, 0, 4.44792, 4.70369, 0, 2.92952, 0.76442, 0, 1.66545, 0.781806
1.957, 0, 2.24966, 0, 0.23003, 1.70776, 0, 4.44786, 4.70373, 0, 2.9297, 0.763983, 0, 1.66544, 0.78193
1.958, 0, 2.24964, 0, 0.230022, 1.70779, 0, 4.44796, 4.70478, 0, 2.92983, 0.763481, 0, 1.66583, 0.785242
1.959, 0, 2.24964, 0, 0.229968, 1.70779, 0, 4.44801, 4.70512, 0, 2.92994, 0.763709, 0, 1.66589, 0.786405
1.96, 0, 2.24963, 0, 0.229937, 1.7078, 0, 4.44805, 4.70548, 0, 2.93006, 0.763935, 0, 1.66456, 0.786402
1.961, 0, 2.24963, 0, 0.229885, 1.70781, 0, 4.44798, 4.70546, 0, 2.93016, 0.764072, 0, 1.66524, 0.786532
1.962, 0, 2.24963, 0, 0.229853, 1.70782, 0, 4.44799, 4.7056, 0, 2.9303, 0.764158, 0, 1.66489, 0.786562
1.963, 0, 2.24961, 0, 0.2298, 1.70783, 0, 4.44803, 4.7057, 0, 2.93046, 0.7643, 0, 1.66518, 0.786602
1.964, 0, 2.24961, 0, 0.229761, 1.70784, 0, 4.448, 4.70585, 0, 2.93062, 0.764275, 0, 1.66504, 0.786648
1.965, 0, 2.2496, 0, 0.22972, 1.70785, 0, 4.44795, 4.70583, 0, 2.93107, 0.764196, 0, 1.66623, 0.786809
1.966, 0, 2.24963, 0, 0.22983, 1.70781, 0, 4.44771, 4.73765, 0, 2.93097, 0.763948, 0, 1.66583, 0.785043
1.967, 0, 2.2497, 0, 0.229844, 1.70784, 0, 4.44748, 4.73571, 0, 2.80836, 0.78346, 0, 1.66558, 0.785386
1.968, 0, 2.24957, 0, 0.229946, 1.7078, 0, 4.44796, 4.73854, 0, 2.93065, 0.771846, 0, 1.66456, 0.782376
1.969, 0, 2.24962, 0, 0.229867, 1.70786, 0, 4.44784, 4.73904, 0, 2.93132, 0.767161, 0, 1.66399, 0.783996
1.97, 0, 2.24966, 0, 0.229742, 1.70783, 0, 4.44768, 4.73939, 0, 2.93166, 0.765286, 0, 1.66378, 0.784907
1.971, 0, 2.24964, 0, 0.229736, 1.70788, 0, 4.44757, 4.7395, 0, 2.93178, 0.76311, 0, 1.66451, 0.785028
1.972, 0, 2.24965, 0, 0.229659, 1.70786, 0, 4.44749, 4.73956, 0, 2.93195, 0.763041, 0, 1.66459, 0.785089
1.973, 0, 2.24962, 0, 0.229656, 1.70789, 0, 4.44759, 4.74007, 0, 2.93211, 0.763169, 0, 1.66149, 0.785008
1.974, 0, 2.24962, 0, 0.22963, 1.70783, 0, 4.4476, 4.74035, 0, 2.93129, 0.763088, 0, 1.66091, 0.784939
1.975, 0, 2.2496, 0, 0.229639, 1.70792, 0, 4.44491, 4.74004, 0, 2.93137, 0.763056, 0, 1.66365, 0.784209
1.976, 0, 2.24961, 0, 0.229529, 1.70786, 0, 4.44495, 4.74069, 0, 2.93156, 0.763144, 0, 1.66082, 0.784
1.977, 0, 2.24958, 0, 0.229563, 1.70793, 0, 4.44493, 4.74092, 0, 2.93169, 0.763093, 0, 1.66093, 0.783969
1.978, 0, 2.24956, 0, 0.229331, 1.70794, 0, 4.44518, 4.71031, 0, 2.93193, 0.763262, 0, 1.66148, 0.785387
1.979, 0, 2.24955, 0, 0.229284, 1.70797, 0, 4.445, 4.70934, 0, 2.93251, 0.774965, 0, 1.66373, 0.785622
1.98, 0, 2.24954, 0, 0.22923, 1.70795, 0, 4.44505, 4.70942, 0, 2.9326, 0.775893, 0, 1.66442, 0.785716
1.981, 0, 2.2495, 0, 0.229218, 1.70798, 0, 4.44518, 4.70978, 0, 2.93261, 0.776624, 0, 1.66305, 0.784809
1.982, 0, 2.2495, 0, 0.229149, 1.70797, 0, 4.4452, 4.70983, 0, 2.93258, 0.777267, 0, 1.66311, 0.785087
1.983, 0, 2.24947, 0, 0.22914, 1.70799, 0, 4.4453, 4.71014, 0, 2.93262, 0.777834, 0, 1.6617, 0.785102
1.984, 0, 2.24947, 0, 0.229089, 1.70799, 0, 4.44526, 4.71006, 0, 2.93264, 0.778333, 0, 1.66099, 0.786208
1.985, 0, 2.24947, 0, 0.229078, 1.708, 0, 4.4452, 4.70978, 0, 2.93264, 0.77877, 0, 1.66271, 0.786352
1.986, 0, 2.24946, 0, 0.229051, 1.708, 0, 4.44523, 4.70977, 0, 2.93269, 0.779179, 0, 1.66282, 0.768119
1.987, 0, 2.24945, 0, 0.229038, 1.70801, 0, 4.4453, 4.70996, 0, 2.93278, 0.779528, 0, 1.66184, 0.768069
1.988, 0, 2.24948, 0, 0.229142, 1.70798, 0, 4.44511, 4.74167, 0, 2.93277, 0.781332, 0, 1.6615, 0.764436
1.989, 0, 2.24949, 0, 0.229187, 1.70799, 0, 4.44504, 4.74166, 0, 2.9328, 0.781669, 0, 1.66204, 0.764139
1.99, 0, 2.2495, 0, 0.229172, 1.70798, 0, 4.44497, 4.74164, 0, 2.93273, 0.781938, 0, 1.66177, 0.764175
1.991, 0, 2.24951, 0, 0.229175, 1.70799, 0, 4.44494, 4.74169, 0, 2.93273, 0.782133, 0, 1.66069, 0.764028
1.992, 0, 2.24952, 0, 0.229154, 1.70799, 0, 4.44496, 4.74185, 0, 2.93283, 0.782267, 0, 1.66088, 0.765141
1.993, 0, 2.24952, 0, 0.229139, 1.708, 0, 4.44496, 4.74196, 0, 2.93293, 0.782329, 0, 1.66092, 0.764475
1.994, 0, 2.24952, 0, 0.229112, 1.708, 0, 4.44497, 4.74212, 0, 2.93339, 0.782227, 0, 1.6607, 0.76449
1.995, 0, 2.24952, 0, 0.229083, 1.70801, 0, 4.44497, 4.74223, 0, 2.9335, 0.7822, 0, 1.66075, 0.764499
1.996, 0, 2.24948, 0, 0.228911, 1.70807, 0, 4.44527, 4.71117, 0, 2.93426, 0.782343, 0, 1.66063, 0.767398
1.997, 0, 2.24947, 0, 0.228799, 1.70806, 0, 4.44534, 4.71135, 0, 2.93444, 0.782301, 0, 1.66064, 0.767151
1.998, 0, 2.24943, 0, 0.22876, 1.7081, 0, 4.44547, 4.71181, 0, 2.93459, 0.782228, 0, 1.6609, 0.768852
1.999, 0, 2.24942, 0, 0.228685, 1.7081, 0, 4.44548, 4.71299, 0, 2.93471, 0.782108, 0, 1.66072, 0.768795
2, 0, 2.2494, 0, 0.228647, 1.70811, 0, 4.44553, 4.71331, 0, 2.93485, 0.781987, 0, 1.66042, 0.76859
2.001, 0, 2.24938, 0, 0.228591, 1.70812, 0, 4.44556, 4.7136, 0, 2.93483, 0.781858, 0, 1.66052, 0.768553
2.002, 0, 2.24936, 0, 0.228551, 1.70813, 0, 4.44558, 4.7139, 0, 2.935, 0.781715, 0, 1.66056, 0.768419
2.003, 0, 4.6147, 0, 0, 0.240473, 0, 8.53309, 8.75906, 0, 6.34943, 1.97063, 0, 3.38517, 2.93575
2.004, 0, 1.14482, 0, 0, 0.180497, 0, 4.44839, 5.44143, 0, 3.04382, 0.682856, 0, 1.41081, 1.07371
2.005, 0, 0.578272, 0, 0, 0.127153, 0, 4.38391, 5.13628, 0, 2.99619, 0.634655, 0, 1.38294, 1.03834
2.006, 0, 0.379946, 0, 0, 0.112594, 0, 4.34595, 5.02125, 0, 2.96751, 0.594249, 0, 1.36965, 1.00231
2.007, 0, 0.321756, 0, 0, 0.104107, 0, 4.3385, 4.98547, 0, 2.96336, 0.58422, 0, 1.33936, 0.996094
2.008, 0, 0.28321, 0, 0, 0.0899352, 0, 4.32858, 4.98307, 0, 2.96104, 0.565781, 0, 1.32389, 0.996748
2.009, 0, 0.233269, 0, 0, 0.0789098, 0, 4.31576, 4.95488, 0, 2.9569, 0.555458, 0, 1.33436, 0.979801
2.01, 0, 0, 0, 0, 0.0684925, 0, 4.30043, 4.96666, 0, 2.95103, 0.545046, 0, 1.32376, 0.980497
2.011, 0, 0, 0, 0, 0.0578279, 0, 4.37901, 4.93378, 0, 2.95199, 0.534964, 0, 1.31244, 0.982505
2.012, 0, 0, 0, 0, 0.0555457, 0, 4.38321, 4.90924, 0, 2.95237, 0.52338, 0, 1.31656, 0.97921
2.013, 0, 0, 0, 0, 0.0573661, 0, 4.38963, 4.89945, 0, 2.95791, 0.520416, 0, 1.31056, 0.982024
2.014, 0, 0, 0, 0, 0.0618775, 0, 4.39083, 4.90305, 0, 2.95737, 0.520142, 0, 1.29581, 0.984253
2.015, 0, 0, 0, 0, 0.0658527, 0, 4.39017, 4.91127, 0, 2.96181, 0.521752, 0, 1.28544, 1.00093
2.016, 0, 0, 0, 0, 0.0655981, 0, 4.38998, 4.92512, 0, 2.96664, 0.525118, 0, 1.27365, 1.0029
2.017, 0, 0, 0, 0, 0.0633546, 0, 4.38707, 4.93018, 0, 2.96918, 0.522881, 0, 1.26379, 1.00388
2.018, 0, 0, 0, 0, 0.0579924, 0, 4.39723, 4.92478, 0, 2.97088, 0.518748, 0, 1.25545, 1.00717
2.019, 0, 0, 0, 0, 0.0537934, 0, 4.39785, 4.91402, 0, 2.88541, 0.516714, 0, 1.24845, 1.00789
2.02, 0, 0, 0, 0, 0.0448959, 0, 4.39432, 4.90323, 0, 2.88656, 0.510879, 0, 1.24338, 1.00692
2.021, 0, 0, 0, 0, 0.033121, 0, 4.38571, 4.87959, 0, 2.88737, 0.501271, 0, 1.23533, 1.00167
2.022, 0, 0, 0, 0, 0.0242349, 0, 4.38814, 4.85214, 0, 2.9041, 0.488295, 0, 1.26372, 0.994864
2.023, 0, 0, 0, 0, 0, 0, 4.38841, 4.83279, 0, 2.90356, 0.477164, 0, 1.25851, 0.989292
2.024, 0, 0, 0, 0, 0, 0, 4.39428, 4.7724, 0, 2.9023, 0.45209, 0, 1.26157, 0.974101
2.025, 0, 0, 0, 0, 0, 0, 4.38782, 4.77983, 0, 2.90412, 0.446821, 0, 1.2565, 0.977725
2.026, 0, 0, 0, 0, 0, 0, 4.37662, 4.77325, 0, 2.90505, 0.443768, 0, 1.24826, 0.978435
2.027, 0, 0, 0, 0, 0, 0, 4.37418, 4.77004, 0, 2.90213, 0.434227, 0, 1.25325, 0.983669
2.028, 0, 0, 0, 0, 0, 0, 4.37198, 4.76691, 0, 2.90193, 0.42798, 0, 1.24519, 0.98401
2.029, 0, 0, 0, 0, 0, 0, 4.3692, 4.76233, 0, 2.90337, 0.403342, 0, 1.23537, 0.971209
2.03, 0, 0, 0, 0, 0, 0, 4.36724, 4.75835, 0, 2.9043, 0.397921, 0, 1.22928, 0.970642
2.031, 0, 0, 0, 0, 0, 0, 4.36405, 4.74142, 0, 2.90528, 0.394461, 0, 1.22077, 0.971111
2.032, 0, 0, 0, 0, 0, 0, 4.35953, 4.73891, 0, 2.90653, 0.391196, 0, 1.21735, 0.971695
2.033, 0, 0, 0, 0, 0, 0, 4.35593, 4.73617, 0, 2.90688, 0.388146, 0, 1.21241, 0.970189
2.034, 0, 0, 0, 0, 0, 0, 4.334, 4.70271, 0, 2.85265, 0.562214, 0, 1.21056, 0.974237
2.035, 0, 0, 0, 0, 0, 0, 4.33281, 4.71586, 0, 2.8626, 0.538389, 0, 1.20601, 0.978643
2.036, 0, 0, 0, 0, 0, 0, 4.33186, 4.71533, 0, 2.866, 0.513088, 0, 1.20357, 0.994056
2.037, 0, 0, 0, 0, 0, 0, 4.33032, 4.71109, 0, 2.87013, 0.490248, 0, 1.19958, 0.994866
2.038, 0, 0, 0, 0, 0, 0, 4.32921, 4.71126, 0, 2.87324, 0.470287, 0, 1.19364, 0.995131
2.039, 0, 0, 0, 0, 0, 0, 4.32729, 4.70925, 0, 2.8765, 0.452546, 0, 1.19085, 0.993498
2.04, 0, 0, 0, 0, 0, 0, 4.32717, 4.70791, 0, 2.88, 0.437704, 0, 1.18676, 0.995537
2.041, 0, 0, 0, 0, 0, 0, 4.32611, 4.71674, 0, 2.88166, 0.425216, 0, 1.18203, 0.99378
2.042, 0, 0, 0, 0, 0, 0, 4.32671, 4.7083, 0, 2.88355, 0.41559, 0, 1.17772, 0.993194
2.043, 0, 0, 0, 0, 0, 0, 4.32505, 4.71, 0, 2.88513, 0.408025, 0, 1.18947, 0.991153
2.044, 0, 0, 0, 0, 0, 0, 4.32338, 4.70759, 0, 2.88991, 0.402487, 0, 1.19092, 0.992213
2.045, 0, 0, 0, 0, 0, 0, 4.32172, 4.70444, 0, 2.89057, 0.398572, 0, 1.11713, 1.06858
2.046, 0, 0, 0, 0, 0, 0, 4.32083, 4.71247, 0, 2.88829, 0.396222, 0, 1.11352, 1.06681
2.047, 0, 0, 0, 0, 0, 0, 4.31835, 4.7085, 0, 2.88873, 0.394254, 0, 1.1095, 1.07404
2.048, 0, 0, 0, 0, 0, 0, 4.30944, 4.70485, 0, 2.88883, 0.392454, 0, 1.10625, 1.07352
2.049, 0, 0, 0, 0, 0, 0, 4.30401, 4.71546, 0, 2.88918, 0.391404, 0, 1.10859, 1.06989
2.05, 0, 0, 0, 0, 0, 0, 4.30303, 4.71163, 0, 2.88886, 0.390178, 0, 1.1058, 1.07126
2.051, 0, 0, 0, 0, 0, 0, 4.30184, 4.70858, 0, 2.88561, 0.389275, 0, 1.10145, 1.07103
2.052, 0, 0, 0, 0, 0, 0, 4.30111, 4.70649, 0, 2.88535, 0.388141, 0, 1.09711, 1.07131
2.053, 0, 0, 0, 0, 0, 0, 4.30312, 4.70632, 0, 2.88522, 0.387172, 0, 1.09364, 1.07172
2.054, 0, 0, 0, 0, 0, 0, 4.30249, 4.70472, 0, 2.88481, 0.386038, 0, 1.08954, 1.07352
2.055, 0, 0, 0, 0, 0, 0, 4.30247, 4.70085, 0, 2.88464, 0.38473, 0, 1.08621, 1.07384
2.056, 0, 0, 0, 0, 0, 0, 4.30192, 4.69904, 0, 2.8884, 0.384082, 0, 1.08297, 1.07328
2.057, 0, 0, 0, 0, 0, 0, 4.30169, 4.713, 0, 2.88832, 0.382925, 0, 1.08035, 1.07684
2.058, 0, 0, 0, 0, 0, 0, 4.30031, 4.71355, 0, 2.88837, 0.381428, 0, 1.07305, 1.07534
2.059, 0, 0, 0, 0, 0, 0, 4.30056, 4.71482, 0, 2.8884, 0.379961, 0, 1.07258, 1.07685
2.06, 0, 0, 0, 0, 0, 0, 4.29858, 4.71674, 0, 2.88813, 0.37816, 0, 1.06995, 1.07731
2.061, 0, 0, 0, 0, 0, 0, 4.29967, 4.71766, 0, 2.88826, 0.376283, 0, 1.06702, 1.07845
2.062, 0, 0, 0, 0, 0, 0, 4.29794, 4.71908, 0, 2.88844, 0.374525, 0, 1.06434, 1.07933
2.063, 0, 0, 0, 0, 0, 0, 4.29842, 4.72101, 0, 2.89309, 0.372712, 0, 1.06847, 1.07916
2.064, 0, 0, 0, 0, 0, 0, 4.3013, 4.72008, 0, 2.89231, 0.372523, 0, 1.06682, 1.08648
2.065, 0, 0, 0, 0, 0, 0, 4.29805, 4.72401, 0, 2.89594, 0.372062, 0, 1.06552, 1.08675
2.066, 0, 0, 0, 0, 0, 0, 4.28557, 4.72894, 0, 2.89559, 0.370718, 0, 1.05845, 1.08301
2.067, 0, 0, 0, 0, 0, 0, 4.28427, 4.73184, 0, 2.8956, 0.369207, 0, 1.05547, 1.08358
2.068, 0, 0, 0, 0, 0, 0, 4.28557, 4.73313, 0, 2.89512, 0.367972, 0, 1.05274, 1.08388
2.069, 0, 0, 0, 0, 0, 0, 4.28597, 4.73824, 0, 2.89502, 0.366627, 0, 1.0499, 1.08417
2.07, 0, 0, 0, 0, 0, 0, 4.2854, 4.73972, 0, 2.89982, 0.366777, 0, 1.0469, 1.08482
2.071, 0, 0, 0, 0, 0, 0, 4.2857, 4.74159, 0, 2.90002, 0.365397, 0, 1.04414, 1.08603
2.072, 0, 0, 0, 0, 0, 0, 4.28885, 4.74339, 0, 2.90013, 0.364287, 0, 1.04206, 1.0902
2.073, 0, 0, 0, 0, 0, 0, 4.28766, 4.75104, 0, 2.90022, 0.362946, 0, 1.03961, 1.09446
2.074, 0, 0, 0, 0, 0, 0, 4.28542, 4.75619, 0, 2.90144, 0.361303, 0, 1.03805, 1.09478
2.075, 0, 0, 0, 0, 0, 0, 4.29681, 4.84707, 0, 2.90996, 0.367573, 0, 1.04061, 1.09333
2.076, 0, 0, 0, 0, 0, 0, 4.29405, 4.85013, 0, 2.91045, 0.36608, 0, 1.03852, 1.09409
2.077, 0, 0, 0, 0, 0, 0, 4.29556, 4.8616, 0, 2.91083, 0.364768, 0, 1.0355, 1.09916
2.078, 0, 0, 0, 0, 0, 0, 4.26032, 4.87503, 0, 2.91043, 0.363209, 0, 1.03102, 1.09888
2.079, 0, 0, 0, 0, 0, 0, 4.26098, 4.89247, 0, 2.91109, 0.362321, 0, 1.02791, 1.10075
2.08, 0, 0, 0, 0, 0, 0, 4.26049, 4.89811, 0, 2.91153, 0.360302, 0, 1.02534, 1.10155
2.081, 0, 0, 0, 0, 0, 0, 4.26196, 4.8979, 0, 2.91262, 0.359113, 0, 1.02237, 1.10208
2.082, 0, 0, 0, 0, 0, 0, 4.26768, 4.89787, 0, 2.91301, 0.357104, 0, 1.02132, 1.10321
2.083, 0, 0, 0, 0, 0, 0, 4.26782, 4.90113, 0, 2.91341, 0.355358, 0, 1.02009, 1.10418
2.084, 0, 0, 0, 0, 0, 0, 4.26751, 4.90244, 0, 2.91361, 0.353643, 0, 1.01754, 1.10407
2.085, 0, 0, 0, 0, 0, 0, 4.26011, 4.91028, 0, 2.91343, 0.352203, 0, 1.01492, 1.10387
2.086, 0, 0, 0, 0, 0, 0, 4.65089, 4.82102, 0, 3.16161, 0.640885, 0, 1.03354, 1.10154
2.087, 0, 0, 0, 0, 0, 0, 4.32441, 4.86168, 0, 2.94135, 0.470077, 0, 1.00875, 1.10028
2.088, 0, 0, 0, 0, 0, 0, 4.27377, 4.89825, 0, 2.92125, 0.416327, 0, 1.00334, 1.10313
2.089, 0, 0, 0, 0, 0, 0, 4.27066, 4.90927, 0, 2.91945, 0.400045, 0, 1.00129, 1.1044
2.09, 0, 0, 0, 0, 0, 0, 4.22084, 4.92436, 0, 2.91994, 0.394808, 0, 0.998337, 1.10495
2.091, 0, 0, 0, 0, 0, 0, 4.22116, 4.92132, 0, 2.92105, 0.393173, 0, 0.995826, 1.10478
2.092, 0, 0, 0, 0, 0, 0, 4.22317, 4.92509, 0, 2.92208, 0.39236, 0, 0.993372, 1.10471
2.093, 0, 0, 0, 0, 0, 0, 4.2229, 4.93039, 0, 2.9204, 0.392334, 0, 0.990838, 1.10485
2.094, 0, 0, 0, 0, 0, 0, 4.2247, 4.93224, 0, 2.92111, 0.392138, 0, 0.988528, 1.10537
2.095, 0, 0, 0, 0, 0, 0, 4.23062, 4.93048, 0, 2.92161, 0.392142, 0, 0.986323, 1.10592
2.096, 0, 0, 0, 0, 0, 0, 4.22789, 4.93186, 0, 2.92163, 0.39206, 0, 0.989034, 1.10622
2.097, 0, 0, 0, 0, 0, 0, 4.78851, 8.19983, 0, 3.09722, 0.362542, 0, 0.991146, 1.08921
2.098, 0, 0, 0, 0, 0, 0, 4.43557, 5.35565, 0, 3.02276, 0.560281, 0, 0.992154, 1.09996
2.099, 0, 0, 0, 0, 0, 0, 4.2982, 5.16143, 0, 2.94862, 0.468328, 0, 0.98719, 1.10419
2.1, 0, 0, 0, 0, 0, 0, 4.26758, 5.18378, 0, 2.93555, 0.424724, 0, 0.984025, 1.10637
2.101, 0, 0, 0, 0, 0, 0, 4.26293, 5.21025, 0, 2.93238, 0.41144, 0, 0.981686, 1.10778
2.102, 0, 0, 0, 0, 0, 0, 4.25174, 5.13413, 0, 2.92835, 0.404018, 0, 0.980291, 1.11032
2.103, 0, 0, 0, 0, 0, 0, 4.24755, 5.09498, 0, 2.92718, 0.400592, 0, 0.977848, 1.11544
2.104, 0, 0, 0, 0, 0, 0, 4.25479, 5.14063, 0, 2.93016, 0.401739, 0, 0.975379, 1.11424
2.105, 0, 0, 0, 0, 0, 0, 4.2539, 5.178, 0, 2.93267, 0.403675, 0, 0.976106, 1.11418
2.106, 0, 0, 0, 0, 0, 0, 4.2536, 5.18278, 0, 2.93343, 0.403951, 0, 0.973753, 1.11448
2.107, 0, 0, 0, 0, 0, 0, 4.2467, 5.12166, 0, 2.93027, 0.401141, 0, 0.971358, 1.11682
2.108, 0, 0, 0, 0, 0, 0, 4.25267, 5.11376, 0, 2.93094, 0.401167, 0, 0.968824, 1.11758
2.109, 0, 0, 0, 0, 0, 0, 4.25875, 5.14929, 0, 2.93196, 0.40272, 0, 0.966291, 1.1175
