Time,Stouch_RA5C1,Stouch_RA6D1,Stouch_RA4P2,Stouch_RA5C2,Stouch_RA6D2,Stouch_RA4P3,Stouch_RA5C3,Stouch_RA6D3,Stouch_RA4P4,Stouch_RA5C4,Stouch_RA6D4,Stouch_RA4P5,Stouch_RA5C5,Stouch_RA6D5
0, 0, 0, 0, 0, 0, 0, 0, 0, 0, 0, 0, 0, 0, 0
0.001, 0, 0, 0, 0, 0, 0, 0, 0, 0, 0, 0, 0, 0, 0
0.002, 0, 0, 0, 0, 0, 0, 0, 0, 0, 0, 0, 0, 0, 0
0.003, 0, 0, 0, 0, 0, 0, 0, 0, 0, 0, 0, 0, 0, 0
0.004, 0, 0, 0, 0, 0, 0, 0, 0, 0, 0, 0, 0, 0, 0
0.005, 0, 0, 0, 0, 0, 0, 0, 0, 0, 0, 0, 0, 0, 0
0.006, 0, 0, 0, 0, 0, 0, 0, 0, 0, 0, 0, 0, 0, 0
0.007, 0, 0, 0, 0, 0, 0, 0, 0, 0, 0, 0, 0, 0, 0
0.008, 0, 0, 0, 0, 0, 0, 0, 0, 0, 0, 0, 0, 0, 0
0.009, 0, 0, 0, 0, 0, 0, 0, 0, 0, 0, 0, 0, 0, 0
0.01, 0, 0, 0, 0, 0, 0, 0, 0, 0, 0, 0, 0, 0, 0
0.011, 0, 0, 0, 0, 0, 0, 0, 0, 0, 0, 0, 0, 0, 0
0.012, 0, 0, 0, 0, 0, 0, 0, 0, 0, 0, 0, 0, 0, 0
0.013, 0, 0, 0, 0, 0, 0, 0, 0, 0, 0, 0, 0, 0, 0
0.014, 0, 0, 0, 0, 0, 0, 0, 0, 0, 0, 0, 0, 0, 0
0.015, 0, 0, 0, 0, 0, 0, 0, 0, 0, 0, 0, 0, 0, 0
0.016, 0, 0, 0, 0, 0, 0, 0, 0, 0, 0, 0, 0, 0, 0
0.017, 0, 0, 0, 0, 0, 0, 0, 0, 0, 0, 0, 0, 0, 0
0.018, 0, 0, 0, 0, 0, 0, 0, 0, 0, 0, 0, 0, 0, 0
0.019, 0, 0, 0, 0, 0, 0, 0, 0, 0, 0, 0, 0, 0, 0
0.02, 0, 0, 0, 0, 0, 0, 0, 0, 0, 0, 0, 0, 0, 0
0.021, 0, 0, 0, 0, 0, 0, 0, 0, 0, 0, 0, 0, 0, 0
0.022, 0, 0, 0, 0, 0, 0, 0, 0, 0, 0, 0, 0, 0, 0
0.023, 0, 0, 0, 0, 0, 0, 0, 0, 0, 0, 0, 0, 0, 0
0.024, 0, 0, 0, 0, 0, 0, 0, 0, 0, 0, 0, 0, 0, 0
0.025, 0, 0, 0, 0, 0, 0, 0, 0, 0, 0, 0, 0, 0, 0
0.026, 0, 0, 0, 0, 0, 0, 0, 0, 0, 0, 0, 0, 0, 0
0.027, 0, 0, 0, 0, 0, 0, 0, 0, 0, 0, 0, 0, 0, 0
0.028, 0, 0, 0, 0, 0, 0, 0, 0, 0, 0, 0, 0, 0, 0
0.029, 0, 0, 0, 0, 0, 0, 0, 0, 0, 0, 0, 0, 0, 0
0.03, 0, 0, 0, 0, 0, 0, 0, 0, 0, 0, 0, 0, 0, 0
0.031, 0, 0, 0, 0, 0, 0, 0, 0, 0, 0, 0, 0, 0, 0
0.032, 0, 0, 0, 0, 0, 0, 0, 0, 0, 0, 0, 0, 0, 0
0.033, 0, 0, 0, 0, 0, 0, 0, 0, 0, 0, 0, 0, 0, 0
0.034, 0, 0, 0, 0, 0, 0, 0, 0, 0, 0, 0, 0, 0, 0
0.035, 0, 0, 0, 0, 0, 0, 0, 0, 0, 0, 0, 0, 0, 0
0.036, 0, 0, 0, 0, 0, 0, 0, 0, 0, 0, 0, 0, 0, 0
0.037, 0, 0, 0, 0, 0, 0, 0, 0, 0, 0, 0, 0, 0, 0
0.038, 0, 0, 0, 0, 0, 0, 0, 0, 0, 0, 0, 0, 0, 0
0.039, 0, 0, 0, 0, 0, 0, 0, 0, 0, 0, 0, 0, 0, 0
0.04, 0, 0, 0, 0, 0, 0, 0, 0, 0, 0, 0, 0, 0, 0
0.041, 0, 0, 0, 0, 0, 0, 0, 0, 0, 0, 0, 0, 0, 0
0.042, 0, 0, 0, 0, 0, 0, 0, 0, 0, 0, 0, 0, 0, 0
0.043, 0, 0, 0, 0, 0, 0, 0, 0, 0, 0, 0, 0, 0, 0
0.044, 0, 0, 0, 0, 0, 0, 0, 0, 0, 0, 0, 0, 0, 0
0.045, 0, 0, 0, 0, 0, 0, 0, 0, 0, 0, 0, 0, 0, 0
0.046, 0, 0, 0, 0, 0, 0, 0, 0, 0, 0, 0, 0, 0, 0
0.047, 0, 0, 0, 0, 0, 0, 0, 0, 0, 0, 0, 0, 0, 0
0.048, 0, 0, 0, 0, 0, 0, 0, 0, 0, 0, 0, 0, 0, 0
0.049, 0, 0, 0, 0, 0, 0, 0, 0, 0, 0, 0, 0, 0, 0
0.05, 0, 0, 0, 0, 0, 0, 0, 0, 0, 0, 0, 0, 0, 0
0.051, 0, 0, 0, 0, 0, 0, 0, 0, 0, 0, 0, 0, 0, 0
0.052, 0, 0, 0, 0, 0, 0, 0, 0, 0, 0, 0, 0, 0, 0
0.053, 0, 0, 0, 0, 0, 0, 0, 0, 0, 0, 0, 0, 0, 0
0.054, 0, 0, 0, 0, 0, 0, 0, 0, 0, 0, 0, 0, 0, 0
0.055, 0, 0, 0, 0, 0, 0, 0, 0, 0, 0, 0, 0, 0, 0
0.056, 0, 0, 0, 0, 0, 0, 0, 0, 0, 0, 0, 0, 0, 0
0.057, 0, 0, 0, 0, 0, 0, 0, 0, 0, 0, 0, 0, 0, 0
0.058, 0, 0, 0, 0, 0, 0, 0, 0, 0, 0, 0, 0, 0, 0
0.059, 0, 0, 0, 0, 0, 0, 0, 0, 0, 0, 0, 0, 0, 0
0.06, 0, 0, 0, 0, 0, 0, 0, 0, 0, 0, 0, 0, 0, 0
0.061, 0, 0, 0, 0, 0, 0, 0, 0, 0, 0, 0, 0, 0, 0
0.062, 0, 0, 0, 0, 0, 0, 0, 0, 0, 0, 0, 0, 0, 0
0.063, 0, 0, 0, 0, 0, 0, 0, 0, 0, 0, 0, 0, 0, 0
0.064, 0, 0, 0, 0, 0, 0, 0, 0, 0, 0, 0, 0, 0, 0
0.065, 0, 0, 0, 0, 0, 0, 0, 0, 0, 0, 0, 0, 0, 0
0.066, 0, 0, 0, 0, 0, 0, 0, 0, 0, 0, 0, 0, 0, 0
0.067, 0, 0, 0, 0, 0, 0, 0, 0, 0, 0, 0, 0, 0, 0
0.068, 0, 0, 0, 0, 0, 0, 0, 0, 0, 0, 0, 0, 0, 0
0.069, 0, 0, 0, 0, 0, 0, 0, 0, 0, 0, 0, 0, 0, 0
0.07, 0, 0, 0, 0, 0, 0, 0, 0, 0, 0, 0, 0, 0, 0
0.071, 0, 0, 0, 0, 0, 0, 0, 0, 0, 0, 0, 0, 0, 0
0.072, 0, 0, 0, 0, 0, 0, 0, 0, 0, 0, 0, 0, 0, 0
0.073, 0, 0, 0, 0, 0, 0, 0, 0, 0, 0, 0, 0, 0, 0
0.074, 0, 0, 0, 0, 0, 0, 0, 0, 0, 0, 0, 0, 0, 0
0.075, 0, 0, 0, 0, 0, 0, 0, 0, 0, 0, 0, 0, 0, 0
0.076, 0, 0, 0, 0, 0, 0, 0, 0, 0, 0, 0, 0, 0, 0
0.077, 0, 0, 0, 0, 0, 0, 0, 0, 0, 0, 0, 0, 0, 0
0.078, 0, 0, 0, 0, 0, 0, 0, 0, 0, 0, 0, 0, 0, 0
0.079, 0, 0, 0, 0, 0, 0, 0, 0, 0, 0, 0, 0, 0, 0
0.08, 0, 0, 0, 0, 0, 0, 0, 0, 0, 0, 0, 0, 0, 0
0.081, 0, 0, 0, 0, 0, 0, 0, 0, 0, 0, 0, 0, 0, 0
0.082, 0, 0, 0, 0, 0, 0, 0, 0, 0, 0, 0, 0, 0, 0
0.083, 0, 0, 0, 0, 0, 0, 0, 0, 0, 0, 0, 0, 0, 0
0.084, 0, 0, 0, 0, 0, 0, 0, 0, 0, 0, 0, 0, 0, 0
0.085, 0, 0, 0, 0, 0, 0, 0, 0, 0, 0, 0, 0, 0, 0
0.086, 0, 0, 0, 0, 0, 0, 0, 0, 0, 0, 0, 0, 0, 0
0.087, 0, 0, 0, 0, 0, 0, 0, 0, 0, 0, 0, 0, 0, 0
0.088, 0, 0, 0, 0, 0, 0, 0, 0, 0, 0, 0, 0, 0, 0
0.089, 0, 0, 0, 0, 0, 0, 0, 0, 0, 0, 0, 0, 0, 0
0.09, 0, 0, 0, 0, 0, 0, 0, 0, 0, 0, 0, 0, 0, 0
0.091, 0, 0, 0, 0, 0, 0, 0, 0, 0, 0, 0, 0, 0, 0
0.092, 0, 0, 0, 0, 0, 0, 0, 0, 0, 0, 0, 0, 0, 0
0.093, 0, 0, 0, 0, 0, 0, 0, 0, 0, 0, 0, 0, 0, 0
0.094, 0, 0, 0, 0, 0, 0, 0, 0, 0, 0, 0, 0, 0, 0
0.095, 0, 0, 0, 0, 0, 0, 0, 0, 0, 0, 0, 0, 0, 0
0.096, 0, 0, 0, 0, 0, 0, 0, 0, 0, 0, 0, 0, 0, 0
0.097, 0, 0, 0, 0, 0, 0, 0, 0, 0, 0, 0, 0, 0, 0
0.098, 0, 0, 0, 0, 0, 0, 0, 0, 0, 0, 0, 0, 0, 0
0.099, 0, 0, 0, 0, 0, 0, 0, 0, 0, 0, 0, 0, 0, 0
0.1, 0, 0, 0, 0, 0, 0, 0, 0, 0, 0, 0, 0, 0, 0
0.101, 0, 0, 0, 0, 0, 0, 0, 0, 0, 0, 0, 0, 0, 0
0.102, 0, 0, 0, 0, 0, 0, 0, 0, 0, 0, 0, 0, 0, 0
0.103, 0, 0, 0, 0, 0, 0, 0, 0, 0, 0, 0, 0, 0, 0
0.104, 0, 0, 0, 0, 0, 0, 0, 0, 0, 0, 0, 0, 0, 0
0.105, 0, 0, 0, 0, 0, 0, 0, 0, 0, 0, 0, 0, 0, 0
0.106, 0, 0, 0, 0, 0, 0, 0, 0, 0, 0, 0, 0, 0, 0
0.107, 0, 0, 0, 0, 0, 0, 0, 0, 0, 0, 0, 0, 0, 0
0.108, 0, 0, 0, 0, 0, 0, 0, 0, 0, 0, 0, 0, 0, 0
0.109, 0, 0, 0, 0, 0, 0, 0, 0, 0, 0, 0, 0, 0, 0
0.11, 0, 0, 0, 0, 0, 0, 0, 0, 0, 0, 0, 0, 0, 0
0.111, 0, 0, 0, 0, 0, 0, 0, 0, 0, 0, 0, 0, 0, 0
0.112, 0, 0, 0, 0, 0, 0, 0, 0, 0, 0, 0, 0, 0, 0
0.113, 0, 0, 0, 0, 0, 0, 0, 0, 0, 0, 0, 0, 0, 0
0.114, 0, 0, 0, 0, 0, 0, 0, 0, 0, 0, 0, 0, 0, 0
0.115, 0, 0, 0, 0, 0, 0, 0, 0, 0, 0, 0, 0, 0, 0
0.116, 0, 0, 0, 0, 0, 0, 0, 0, 0, 0, 0, 0, 0, 0
0.117, 0, 0, 0, 0, 0, 0, 0, 0, 0, 0, 0, 0, 0, 0
0.118, 0, 0, 0, 0, 0, 0, 0, 0, 0, 0, 0, 0, 0, 0
0.119, 0, 0, 0, 0, 0, 0, 0, 0, 0, 0, 0, 0, 0, 0
0.12, 0, 0, 0, 0, 0, 0, 0, 0, 0, 0, 0, 0, 0, 0
0.121, 0, 0, 0, 0, 0, 0, 0, 0, 0, 0, 0, 0, 0, 0
0.122, 0, 0, 0, 0, 0, 0, 0, 0, 0, 0, 0, 0, 0, 0
0.123, 0, 0, 0, 0, 0, 0, 0, 0, 0, 0, 0, 0, 0, 0
0.124, 0, 0, 0, 0, 0, 0, 0, 0, 0, 0, 0, 0, 0, 0
0.125, 0, 0, 0, 0, 0, 0, 0, 0, 0, 0, 0, 0, 0, 0
0.126, 0, 0, 0, 0, 0, 0, 0, 0, 0, 0, 0, 0, 0, 0
0.127, 0, 0, 0, 0, 0, 0, 0, 0, 0, 0, 0, 0, 0, 0
0.128, 0, 0, 0, 0, 0, 0, 0, 0, 0, 0, 0, 0, 0, 0
0.129, 0, 0, 0, 0, 0, 0, 0, 0, 0, 0, 0, 0, 0, 0
0.13, 0, 0, 0, 0, 0, 0, 0, 0, 0, 0, 0, 0, 0, 0
0.131, 0, 0, 0, 0, 0, 0, 0, 0, 0, 0, 0, 0, 0, 0
0.132, 0, 0, 0, 0, 0, 0, 0, 0, 0, 0, 0, 0, 0, 0
0.133, 0, 0, 0, 0, 0, 0, 0, 0, 0, 0, 0, 0, 0, 0
0.134, 0, 0, 0, 0, 0, 0, 0, 0, 0, 0, 0, 0, 0, 0
0.135, 0, 0, 0, 0, 0, 0, 0, 0, 0, 0, 0, 0, 0, 0
0.136, 0, 0, 0, 0, 0, 0, 0, 0, 0, 0, 0, 0, 0, 0
0.137, 0, 0, 0, 0, 0, 0, 0, 0, 0, 0, 0, 0, 0, 0
0.138, 0, 0, 0, 0, 0, 0, 0, 0, 0, 0, 0, 0, 0, 0
0.139, 0, 0, 0, 0, 0, 0, 0, 0, 0, 0, 0, 0, 0, 0
0.14, 0, 0, 0, 0, 0, 0, 0, 0, 0, 0, 0, 0, 0, 0
0.141, 0, 0, 0, 0, 0, 0, 0, 0, 0, 0, 0, 0, 0, 0
0.142, 0, 0, 0, 0, 0, 0, 0, 0, 0, 0, 0, 0, 0, 0
0.143, 0, 0, 0, 0, 0, 0, 0, 0, 0, 0, 0, 0, 0, 0
0.144, 0, 0, 0, 0, 0, 0, 0, 0, 0, 0, 0, 0, 0, 0
0.145, 0, 0, 0, 0, 0, 0, 0, 0, 0, 0, 0, 0, 0, 0
0.146, 0, 0, 0, 0, 0, 0, 0, 0, 0, 0, 0, 0, 0, 0
0.147, 0, 0, 0, 0, 0, 0, 0, 0, 0, 0, 0, 0, 0, 0
0.148, 0, 0, 0, 0, 0, 0, 0, 0, 0, 0, 0, 0, 0, 0
0.149, 0, 0, 0, 0, 0, 0, 0, 0, 0, 0, 0, 0, 0, 0
0.15, 0, 0, 0, 0, 0, 0, 0, 0, 0, 0, 0, 0, 0, 0
0.151, 0, 0, 0, 0, 0, 0, 0, 0, 0, 0, 0, 0, 0, 0
0.152, 0, 0, 0, 0, 0, 0, 0, 0, 0, 0, 0, 0, 0, 0
0.153, 0, 0, 0, 0, 0, 0, 0, 0, 0, 0, 0, 0, 0, 0
0.154, 0, 0, 0, 0, 0, 0, 0, 0, 0, 0, 0, 0, 0, 0
0.155, 0, 0, 0, 0, 0, 0, 0, 0, 0, 0, 0, 0, 0, 0
0.156, 0, 0, 0, 0, 0, 0, 0, 0, 0, 0, 0, 0, 0, 0
0.157, 0, 0, 0, 0, 0, 0, 0, 0, 0, 0, 0, 0, 0, 0
0.158, 0, 0, 0, 0, 0, 0, 0, 0, 0, 0, 0, 0, 0, 0
0.159, 0, 0, 0, 0, 0, 0, 0, 0, 0, 0, 0, 0, 0, 0
0.16, 0, 0, 0, 0, 0, 0, 0, 0, 0, 0, 0, 0, 0, 0
0.161, 0, 0, 0, 0, 0, 0, 0, 0, 0, 0, 0, 0, 0, 0
0.162, 0, 0, 0, 0, 0, 0, 0, 0, 0, 0, 0, 0, 0, 0
0.163, 0, 0, 0, 0, 0, 0, 0, 0, 0, 0, 0, 0, 0, 0
0.164, 0, 0, 0, 0, 0, 0, 0, 0, 0, 0, 0, 0, 0, 0
0.165, 0, 0, 0, 0, 0, 0, 0, 0, 0, 0, 0, 0, 0, 0
0.166, 0, 0, 0, 0, 0, 0, 0, 0, 0, 0, 0, 0, 0, 0
0.167, 0, 0, 0, 0, 0, 0, 0, 0, 0, 0, 0, 0, 0, 0
0.168, 0, 0, 0, 0, 0, 0, 0, 0, 0, 0, 0, 0, 0, 0
0.169, 0, 0, 0, 0, 0, 0, 0, 0, 0, 0, 0, 0, 0, 0
0.17, 0, 0, 0, 0, 0, 0, 0, 0, 0, 0, 0, 0, 0, 0
0.171, 0, 0, 0, 0, 0, 0, 0, 0, 0, 0, 0, 0, 0, 0
0.172, 0, 0, 0, 0, 0, 0, 0, 0, 0, 0, 0, 0, 0, 0
0.173, 0, 0, 0, 0, 0, 0, 0, 0, 0, 0, 0, 0, 0, 0
0.174, 0, 0, 0, 0, 0, 0, 0, 0, 0, 0, 0, 0, 0, 0
0.175, 0, 0, 0, 0, 0, 0, 0, 0, 0, 0, 0, 0, 0, 0
0.176, 0, 0, 0, 0, 0, 0, 0, 0, 0, 0, 0, 0, 0, 0
0.177, 0, 0, 0, 0, 0, 0, 0, 0, 0, 0, 0, 0, 0, 0
0.178, 0, 0, 0, 0, 0, 0, 0, 0, 0, 0, 0, 0, 0, 0
0.179, 0, 0, 0, 0, 0, 0, 0, 0, 0, 0, 0, 0, 0, 0
0.18, 0, 0, 0, 0, 0, 0, 0, 0, 0, 0, 0, 0, 0, 0
0.181, 0, 0, 0, 0, 0, 0, 0, 0, 0, 0, 0, 0, 0, 0
0.182, 0, 0, 0, 0, 0, 0, 0, 0, 0, 0, 0, 0, 0, 0
0.183, 0, 0, 0, 0, 0, 0, 0, 0, 0, 0, 0, 0, 0, 0
0.184, 0, 0, 0, 0, 0, 0, 0, 0, 0, 0, 0, 0, 0, 0
0.185, 0, 0, 0, 0, 0, 0, 0, 0, 0, 0, 0, 0, 0, 0
0.186, 0, 0, 0, 0, 0, 0, 0, 0, 0, 0, 0, 0, 0, 0
0.187, 0, 0, 0, 0, 0, 0, 0, 0, 0, 0, 0, 0, 0, 0
0.188, 0, 0, 0, 0, 0, 0, 0, 0, 0, 0, 0, 0, 0, 0
0.189, 0, 0, 0, 0, 0, 0, 0, 0, 0, 0, 0, 0, 0, 0
0.19, 0, 0, 0, 0, 0, 0, 0, 0, 0, 0, 0, 0, 0, 0
0.191, 0, 0, 0, 0, 0, 0, 0, 0, 0, 0, 0, 0, 0, 0
0.192, 0, 0, 0, 0, 0, 0, 0, 0, 0, 0, 0, 0, 0, 0
0.193, 0, 0, 0, 0, 0, 0, 0, 0, 0, 0, 0, 0, 0, 0
0.194, 0, 0, 0, 0, 0, 0, 0, 0, 0, 0, 0, 0, 0, 0
0.195, 0, 0, 0, 0, 0, 0, 0, 0, 0, 0, 0, 0, 0, 0
0.196, 0, 0, 0, 0, 0, 0, 0, 0, 0, 0, 0, 0, 0, 0
0.197, 0, 0, 0, 0, 0, 0, 0, 0, 0, 0, 0, 0, 0, 0
0.198, 0, 0, 0, 0, 0, 0, 0, 0, 0, 0, 0, 0, 0, 0
0.199, 0, 0, 0, 0, 0, 0, 0, 0, 0, 0, 0, 0, 0, 0
0.2, 0, 0, 0, 0, 0, 0, 0, 0, 0, 0, 0, 0, 0, 0
0.201, 0, 0, 0, 0, 0, 0, 0, 0, 0, 0, 0, 0, 0, 0
0.202, 0, 0, 0, 0, 0, 0, 0, 0, 0, 0, 0, 0, 0, 0
0.203, 0, 0, 0, 0, 0, 0, 0, 0, 0, 0, 0, 0, 0, 0
0.204, 0, 0, 0, 0, 0, 0, 0, 0, 0, 0, 0, 0, 0, 0
0.205, 0, 0, 0, 0, 0, 0, 0, 0, 0, 0, 0, 0, 0, 0
0.206, 0, 0, 0, 0, 0, 0, 0, 0, 0, 0, 0, 0, 0, 0
0.207, 0, 0, 0, 0, 0, 0, 0, 0, 0, 0, 0, 0, 0, 0
0.208, 0, 0, 0, 0, 0, 0, 0, 0, 0, 0, 0, 0, 0, 0
0.209, 0, 0, 0, 0, 0, 0, 0, 0, 0, 0, 0, 0, 0, 0
0.21, 0, 0, 0, 0, 0, 0, 0, 0, 0, 0, 0, 0, 0, 0
0.211, 0, 0, 0, 0, 0, 0, 0, 0, 0, 0, 0, 0, 0, 0
0.212, 0, 0, 0, 0, 0, 0, 0, 0, 0, 0, 0, 0, 0, 0
0.213, 0, 0, 0, 0, 0, 0, 0, 0, 0, 0, 0, 0, 0, 0
0.214, 0, 0, 0, 0, 0, 0, 0, 0, 0, 0, 0, 0, 0, 0
0.215, 0, 0, 0, 0, 0, 0, 0, 0, 0, 0, 0, 0, 0, 0
0.216, 0, 0, 0, 0, 0, 0, 0, 0, 0, 0, 0, 0, 0, 0
0.217, 0, 0, 0, 0, 0, 0, 0, 0, 0, 0, 0, 0, 0, 0
0.218, 0, 0, 0, 0, 0, 0, 0, 0, 0, 0, 0, 0, 0, 0
0.219, 0, 0, 0, 0, 0, 0, 0, 0, 0, 0, 0, 0, 0, 0
0.22, 0, 0, 0, 0, 0, 0, 0, 0, 0, 0, 0, 0, 0, 0
0.221, 0, 0, 0, 0, 0, 0, 0, 0, 0, 0, 0, 0, 0, 0
0.222, 0, 0, 0, 0, 0, 0, 0, 0, 0, 0, 0, 0, 0, 0
0.223, 0, 0, 0, 0, 0, 0, 0, 0, 0, 0, 0, 0, 0, 0
0.224, 0, 0, 0, 0, 0, 0, 0, 0, 0, 0, 0, 0, 0, 0
0.225, 0, 0, 0, 0, 0.547979, 0, 0, 0, 0, 0, 0, 0, 0, 0
0.226, 0, 0, 0, 0, 3.35591, 0, 0, 0, 0, 0, 0, 0, 0, 0
0.227, 0, 0, 0, 0, 0.175891, 0, 0, 0, 0, 0, 0, 0, 0, 0
0.228, 0, 0, 0, 0.511504, 4.05509, 0, 0, 0, 0, 0, 0, 0, 0, 0
0.229, 0, 0, 0, 0.138095, 0.190871, 0, 0, 0, 0, 0, 0, 0, 0, 0
0.23, 0, 0, 0, 2.04121, 0.980121, 0, 0, 0, 0, 0, 0, 0, 0, 0
0.231, 0, 0, 0, 0.523054, 6.54705, 0, 0, 0, 0, 0, 0, 0, 0, 0
0.232, 0, 0, 0, 0.235605, 0.846815, 0, 0, 0, 0, 0, 0, 0, 0, 0
0.233, 0, 0, 0, 0.562722, 1.47489, 0, 0, 0, 0, 0, 0, 0, 0, 0
0.234, 0, 0, 0, 0.552443, 0.726191, 0, 0, 0, 0, 0, 0, 0, 0, 0
0.235, 0, 0, 0, 0.812227, 1.24215, 0, 0, 0, 0, 0, 0, 0, 0, 0
0.236, 0, 0, 0, 0.697472, 6.98433, 0, 0, 0, 0, 0, 0, 0, 0, 0
0.237, 0, 0, 0, 0.226288, 0.869856, 0, 0, 0, 0, 0, 0, 0, 0, 0
0.238, 0, 0, 0, 0.0875261, 0.826494, 0, 0, 0, 0, 0, 0, 0, 0, 0
0.239, 0, 0, 0, 0, 0.370239, 0, 0, 0, 0, 0, 0, 0, 0, 0
0.24, 0, 0, 0, 0, 6.1804, 0, 0, 0, 0, 0, 0, 0, 0, 0
0.241, 0, 0, 0, 0, 0.276067, 0, 0, 0, 0, 0, 0, 0, 0, 0
0.242, 0, 0, 0, 0, 0.85364, 0, 0, 0, 0, 0, 0, 0, 0, 0
0.243, 0, 0, 0, 0, 0.231731, 0, 0, 0, 0, 0, 0, 0, 0, 0
0.244, 0, 0, 0, 0, 0, 0, 0, 0, 0, 0, 0, 0, 0, 0
0.245, 0, 0, 0, 0, 0, 0, 0, 0, 0, 0, 0, 0, 0, 0
0.246, 0, 0, 0, 0, 0.393872, 0, 0, 0, 0, 0, 0, 0, 0, 1.1634
0.247, 0, 0, 0, 0, 3.4028, 0, 2.4114, 0, 0, 0, 0, 0, 0.364293, 3.9786
0.248, 0, 0, 0, 0, 0.0380489, 0, 2.07737, 0, 0, 0, 0, 0, 0.164486, 1.43993
0.249, 0, 0, 0, 0, 3.27005, 0, 7.38064, 1.19404, 0, 0, 0, 0, 3.00719, 3.244
0.25, 0, 0, 0, 0, 0.0652752, 0, 4.31914, 1.54572, 0, 0, 0, 0, 0.77426, 2.7424
0.251, 0, 0, 0, 0, 1.1443, 0, 13.0769, 4.85863, 0, 0, 4.83254, 0, 4.51632, 7.09903
0.252, 0, 0, 0, 0, 7.47328, 0, 25.4173, 11.5657, 0, 0, 4.8322, 0, 0.860185, 10.0927
0.253, 0, 0, 0, 0, 0.184818, 0, 16.1161, 6.38535, 0, 0, 1.16153, 0, 3.81957, 8.90238
0.254, 0, 0, 0, 0, 1.0755, 0, 17.5148, 8.24553, 0, 6.63435, 1.43887, 0, 7.42742, 10.0073
0.255, 0, 0, 0, 0, 0.591037, 0, 14.7994, 8.25087, 0, 6.13696, 2.22651, 0, 5.37687, 8.12121
0.256, 0, 0, 0, 0, 7.36106, 0, 16.051, 10.4381, 0, 1.08273, 7.36443, 0, 6.47505, 7.81074
0.257, 0, 0, 0, 0, 0.04658, 0, 13.8418, 13.166, 0, 0.926262, 3.79674, 0, 7.86938, 5.8061
0.258, 0, 0, 0, 0, 0.80895, 0, 15.1189, 8.31116, 0, 9.37616, 7.36368, 0, 7.53367, 7.24726
0.259, 0, 0, 0, 0, 4.33739, 0, 11.5682, 8.0355, 0, 8.27712, 7.85299, 0, 5.79494, 5.85607
0.26, 0, 0, 0, 0, 0, 0, 12.5277, 8.57947, 0, 7.8172, 7.52305, 0, 7.15657, 4.12634
0.261, 0, 0, 0, 0, 0.292112, 0, 7.44249, 8.4869, 0, 7.86744, 7.24819, 0, 2.88102, 2.68445
0.262, 0, 0, 0, 0, 0.582445, 0, 9.48198, 7.88699, 0, 11.7738, 6.96776, 0, 6.86669, 3.90237
0.263, 0, 0, 0, 0, 0.495828, 0, 9.06821, 10.4164, 0, 12.9832, 7.20576, 0, 3.0896, 2.08574
0.264, 0, 0, 0, 0, 4.80311, 0, 13.3142, 8.13453, 0, 13.0097, 6.48982, 0, 3.23956, 1.89234
0.265, 0, 0, 0, 0, 0.101411, 0, 10.8389, 9.57994, 0, 14.1391, 7.50058, 0, 5.43509, 5.20306
0.266, 0, 0, 0, 0, 0.716942, 0, 12.4239, 6.75621, 0, 10.9615, 4.85666, 0, 7.63053, 4.55086
0.267, 0, 0, 0, 0, 3.07888, 0, 12.0701, 5.52778, 0, 10.9021, 4.34181, 0, 5.84115, 2.63199
0.268, 0, 0, 0, 0, 0.00120719, 0, 10.8351, 10.2398, 0, 10.2157, 5.59039, 0, 3.25448, 1.5776
0.269, 0, 0, 0, 0, 3.2052, 0, 14.452, 7.37174, 0, 11.2756, 3.82758, 0, 7.02652, 2.42163
0.27, 0, 0, 0, 0, 0.00685592, 0, 9.49947, 7.20705, 0, 10.0588, 4.77644, 0, 2.47544, 2.09328
0.271, 0, 0, 0, 0, 3.52414, 0, 14.5658, 6.29919, 0, 10.8297, 3.26694, 0, 7.03829, 2.27599
0.272, 0, 0, 0, 0, 0, 0, 9.3091, 7.17725, 0, 10.1775, 5.20791, 0, 2.42561, 2.52455
0.273, 0, 0, 0, 0, 0.128915, 0, 9.91617, 6.61728, 0, 7.57261, 3.12774, 0, 2.54294, 1.55313
0.274, 4.22698, 0, 0, 0, 0.890209, 0, 15.5826, 6.95619, 0, 9.9197, 2.94969, 0, 6.74819, 1.72503
0.275, 16.4218, 0, 0, 0, 5.20541, 0, 14.4361, 5.71246, 0, 10.1024, 3.99344, 0, 1.82075, 2.46579
0.276, 0, 5.22025, 0, 0, 0.0242643, 0, 11.0872, 10.7767, 0, 13.5425, 7.01151, 0, 3.89855, 4.63796
0.277, 7.63689, 0.851629, 0, 0, 1.01976, 0, 16.6629, 8.7523, 0, 9.63912, 2.71175, 0, 6.34984, 1.62436
0.278, 5.06724, 0, 0, 0, 0.489955, 0, 13.6335, 6.46487, 0, 8.7926, 2.92548, 0, 5.04945, 1.12664
0.279, 0, 0, 0, 0.178757, 5.543, 0, 13.8614, 5.06739, 0, 9.35407, 2.94105, 0, 6.14815, 1.42151
0.28, 0, 6.4948, 0, 0, 0.0310404, 0, 11.4345, 10.1289, 0, 12.9388, 6.81328, 0, 3.81715, 4.81658
0.281, 7.7246, 0, 0, 0, 0.708734, 0, 14.4999, 5.98627, 0, 9.33031, 2.03696, 0, 6.20944, 1.66289
0.282, 5.27887, 0, 0, 0, 3.87505, 0, 12.3796, 4.47473, 0, 8.43901, 1.97674, 0, 5.34203, 1.30927
0.283, 0, 0, 0, 0, 0.0179588, 0, 9.58308, 7.69179, 0, 7.99224, 3.96668, 0, 2.35123, 2.63185
0.284, 0, 0, 0, 0, 0.62642, 0, 12.2247, 3.89359, 0, 8.9905, 1.58272, 0, 6.2661, 1.54295
0.285, 0, 0, 0, 0, 2.86687, 0, 10.6468, 3.82068, 0, 8.12079, 1.61038, 0, 5.12518, 1.43876
0.286, 0, 0, 0, 0, 0.225646, 0, 8.53937, 5.43034, 0, 5.79254, 2.36694, 0, 2.15426, 1.37821
0.287, 0, 0, 0, 0, 3.27554, 0, 10.8076, 3.80638, 0, 8.64526, 1.50648, 0, 5.91817, 1.68285
0.288, 0, 0, 0, 0, 0.00498169, 0, 8.39109, 5.9445, 0, 5.70445, 2.33588, 0, 1.96218, 1.71877
0.289, 0, 0, 0, 1.11899, 2.34681, 0, 11.3817, 3.7018, 0, 8.94054, 1.37524, 0, 6.47754, 1.60673
0.29, 0, 0, 0, 0.000449257, 0.776086, 0, 10.1707, 5.16062, 0, 5.77577, 2.18613, 0, 2.48895, 4.66452
0.291, 6.89078, 0, 0, 0.64611, 2.21241, 0, 11.9916, 4.46972, 0, 7.70521, 1.34825, 0, 1.57665, 1.65905
0.292, 1.99814, 0, 0, 0.00120658, 0.922013, 0, 9.43376, 5.06069, 0, 5.48988, 1.24607, 0, 1.72889, 1.49427
0.293, 6.70675, 0, 0, 0.54765, 2.16607, 0, 11.896, 4.94793, 0, 7.40168, 1.22846, 0, 2.16054, 1.33932
0.294, 2.16017, 0, 0, 0.00568067, 1.02022, 0, 9.5514, 4.7955, 0, 5.49561, 1.37858, 0, 2.01858, 1.31812
0.295, 4.81976, 1.62204, 0, 0.697846, 1.95479, 0, 11.9467, 5.17289, 0, 7.20089, 1.23397, 0, 2.34697, 1.42862
0.296, 1.80537, 1.10353, 0, 0.0375162, 1.31653, 0, 9.97276, 4.80788, 0, 5.75216, 1.29627, 0, 2.10165, 1.35648
0.297, 3.45307, 1.35105, 0, 0.624492, 1.87667, 0, 11.0257, 4.72361, 0, 6.61722, 1.19795, 0, 2.30929, 1.46775
0.298, 1.93181, 1.03355, 0, 0.118946, 1.40958, 0, 9.97156, 4.60536, 0, 5.76615, 1.22242, 0, 2.12042, 1.44498
0.299, 3.83012, 0.295916, 0, 0.624947, 1.76183, 0, 10.6588, 4.57865, 0, 6.45396, 1.14914, 0, 2.23134, 1.51541
0.3, 2.72069, 0.178094, 0, 0.245303, 1.52889, 0, 9.79806, 4.44709, 0, 5.9317, 1.21319, 0, 2.07744, 1.51057
0.301, 3.53642, 0.217621, 0, 0.534508, 1.66516, 0, 10.181, 4.4445, 0, 6.26201, 1.15436, 0, 2.13979, 1.53567
0.302, 4.48946, 6.36057, 0, 0.371174, 1.56787, 0, 9.58305, 4.03063, 0, 5.90664, 1.14459, 0, 2.06259, 1.52963
0.303, 3.28998, 0.246224, 0, 0.481931, 1.60843, 0, 9.83781, 4.19248, 0, 5.97506, 1.05756, 0, 2.00468, 1.60561
0.304, 3.14776, 0, 0, 0.431428, 1.60163, 0, 9.81271, 4.21064, 0, 5.92446, 1.0933, 0, 1.99591, 1.59537
0.305, 3.1743, 0.0506355, 0, 0.452382, 1.59674, 0, 9.81722, 4.1753, 0, 5.93864, 1.10181, 0, 2.00656, 1.57917
0.306, 3.212, 0, 0, 0.468302, 1.59483, 0, 5.07542, 4.13786, 0, 5.97362, 1.1067, 0, 2.00371, 1.57294
0.307, 2.94214, 0.668458, 0, 0.475139, 1.59626, 0, 5.0798, 4.06743, 0, 5.98538, 1.08401, 0, 1.98695, 1.5749
0.308, 2.98464, 0.632991, 0, 0.475021, 1.59285, 0, 5.0859, 4.05235, 0, 5.96951, 1.09805, 0, 1.96873, 1.57825
0.309, 3.0264, 0.604582, 0, 0.479176, 1.59518, 0, 5.0739, 4.00877, 0, 5.97533, 1.10862, 0, 1.95005, 1.58383
0.31, 3.04762, 0.574053, 0, 0.476085, 1.59387, 0, 5.08707, 3.96418, 0, 5.98219, 1.11624, 0, 1.92876, 1.58935
0.311, 3.07622, 0.547728, 0, 0.478061, 1.59347, 0, 5.08828, 3.95535, 0, 6.00516, 1.09549, 0, 1.91015, 1.59576
0.312, 3.09907, 0.521876, 0, 0.482021, 1.59102, 0, 5.09753, 3.99911, 0, 6.02223, 1.04227, 0, 1.89654, 1.59827
0.313, 3.1258, 0.499815, 0, 0.486165, 1.58953, 0, 5.09772, 3.95195, 0, 6.05844, 1.03974, 0, 1.88283, 1.61044
0.314, 3.1475, 0.478259, 0, 0.490135, 1.59717, 0, 5.09924, 3.91169, 0, 6.08167, 1.01759, 0, 1.87169, 1.65305
0.315, 0.917593, 3.05567, 0, 0.479952, 1.58877, 0, 5.1073, 4.00774, 0, 6.08705, 1.03158, 0, 1.87645, 1.63148
0.316, 1.44568, 2.18427, 0, 0.491539, 1.59442, 0, 5.11388, 3.80409, 0, 6.11559, 1.0143, 0, 1.8443, 1.65583
0.317, 2.0791, 1.57371, 0, 0.482982, 1.59355, 0, 5.11964, 3.81459, 0, 6.13384, 1.01942, 0, 1.82456, 1.65958
0.318, 2.57825, 1.13356, 0, 0.578971, 1.59288, 0, 5.12832, 3.82846, 0, 6.15744, 1.01229, 0, 1.81553, 1.66002
0.319, 2.91099, 0.833543, 0, 0.579803, 1.59214, 0, 5.13272, 3.82486, 0, 6.17046, 1.00426, 0, 1.80889, 1.65652
0.32, 3.10339, 0.535288, 0, 0.676933, 1.59248, 0, 5.13959, 3.81152, 0, 6.0748, 0.966219, 0, 1.80343, 1.64807
0.321, 3.10992, 0.513503, 0, 0.67625, 1.59291, 0, 5.15047, 3.83044, 0, 6.08162, 0.954648, 0, 1.79672, 1.64538
0.322, 3.11558, 0.500053, 0, 0.671806, 1.59801, 0, 5.15489, 3.82544, 0, 5.97996, 0.913829, 0, 1.79492, 1.6414
0.323, 3.10844, 0.488515, 0, 0.665427, 1.59273, 0, 5.14895, 3.79986, 0, 5.83006, 0.912102, 0, 1.78065, 1.64734
0.324, 3.12994, 0.48287, 0, 0.673422, 1.59409, 0, 5.16373, 3.80511, 0, 5.85125, 0.88276, 0, 1.77859, 1.6423
0.325, 3.1331, 0.476493, 0, 0.665008, 1.59853, 0, 5.15663, 3.77063, 0, 5.85838, 0.855706, 0, 1.76795, 1.64561
0.326, 3.12552, 0.468872, 0, 0.660524, 1.59283, 0, 5.15454, 3.7398, 0, 5.92263, 0.823113, 0, 1.7823, 1.64649
0.327, 3.14732, 0.46723, 0, 0.667935, 1.59676, 0, 5.16097, 3.71677, 0, 5.97555, 0.7906, 0, 1.77831, 1.64525
0.328, 3.14059, 0.458888, 0, 0.660555, 1.59465, 0, 5.16806, 3.71181, 0, 5.90511, 0.754406, 0, 1.77162, 1.64468
0.329, 3.15085, 0.455007, 0, 0.662566, 1.5935, 0, 5.16314, 3.68031, 0, 5.92328, 0.720112, 0, 1.76872, 1.63801
0.33, 3.15839, 0.450284, 0, 0.662374, 1.59394, 0, 5.16816, 3.66098, 0, 5.91565, 0.686247, 0, 1.76263, 1.63368
0.331, 3.16407, 0.451781, 0, 0.658783, 1.5881, 0, 5.16641, 3.66504, 0, 5.97591, 0.659778, 0, 1.76168, 1.62768
0.332, 3.18975, 0.458492, 0, 0.664777, 1.59136, 0, 5.17049, 3.65926, 0, 5.97833, 0.631583, 0, 1.76433, 1.62851
0.333, 3.18879, 0.461733, 0, 0.654186, 1.59123, 0, 5.16338, 3.64663, 0, 6.03337, 0.609093, 0, 1.76037, 1.62331
0.334, 3.19782, 0.466667, 0, 0.655898, 1.58754, 0, 5.15751, 3.63611, 0, 5.97022, 0.592466, 0, 1.75747, 1.62338
0.335, 3.21323, 0.466205, 0, 0.660669, 1.58804, 0, 5.15849, 3.62614, 0, 5.98011, 0.561808, 0, 1.75761, 1.62401
0.336, 3.20046, 0.477042, 0, 0.681564, 1.58013, 0, 5.40415, 3.52507, 0, 9.03226, 3.57193, 0, 1.99653, 1.56444
0.337, 3.17914, 0.358392, 0, 0.669498, 1.58502, 0, 5.0862, 3.67961, 0, 4.44851, 1.07336, 0, 1.75918, 1.63256
0.338, 3.16075, 0.354014, 0, 0.65213, 1.58901, 0, 5.11268, 3.68991, 0, 4.84506, 0.751985, 0, 1.70679, 1.64857
0.339, 3.14283, 0.356433, 0, 0.66039, 1.58736, 0, 5.11557, 3.67684, 0, 4.97609, 0.70324, 0, 1.70766, 1.64185
0.34, 3.14412, 0.360506, 0, 0.66374, 1.58655, 0, 5.11591, 3.65463, 0, 4.98718, 0.698359, 0, 1.72206, 1.62927
0.341, 3.14574, 0.362272, 0, 0.665147, 1.58707, 0, 5.11633, 3.63357, 0, 4.97215, 0.740646, 0, 1.73109, 1.62196
0.342, 3.14448, 0.362222, 0, 0.665157, 1.5846, 0, 5.11591, 3.62042, 0, 4.93558, 0.752652, 0, 1.73476, 1.61885
0.343, 3.15206, 0.363312, 0, 0.667757, 1.58475, 0, 5.11793, 3.60922, 0, 4.91084, 0.759432, 0, 1.75439, 1.61711
0.344, 3.15246, 0.361673, 0, 0.661131, 1.58714, 0, 5.12408, 3.61161, 0, 4.88321, 0.767123, 0, 1.75798, 1.61255
0.345, 3.1468, 0.359898, 0, 0.65726, 1.58483, 0, 5.12337, 3.58755, 0, 4.85725, 0.772824, 0, 1.7555, 1.61348
0.346, 3.15416, 0.361373, 0, 0.661978, 1.58364, 0, 5.12387, 3.57542, 0, 4.84355, 0.767983, 0, 1.75101, 1.61201
0.347, 3.15842, 0.361744, 0, 0.663294, 1.58196, 0, 5.12554, 3.54899, 0, 4.82602, 0.763553, 0, 1.83895, 1.61201
0.348, 3.16396, 0.362643, 0, 0.66501, 1.58157, 0, 5.12668, 3.54087, 0, 4.80731, 0.758724, 0, 1.93033, 1.61473
0.349, 3.16453, 0.360342, 0, 0.661674, 1.58012, 0, 5.15009, 3.58106, 0, 4.78644, 0.763278, 0, 1.93842, 1.60312
0.35, 3.16986, 0.361454, 0, 0.662544, 1.5808, 0, 5.15079, 3.57297, 0, 4.77056, 0.764622, 0, 1.93539, 1.60165
0.351, 3.16839, 0.361586, 0, 0.66057, 1.5784, 0, 5.1513, 3.54999, 0, 4.76149, 0.770742, 0, 1.92918, 1.60059
0.352, 3.17544, 0.363884, 0, 0.663759, 1.57998, 0, 5.1534, 3.53111, 0, 4.76022, 0.799077, 0, 1.92537, 1.60087
0.353, 3.17099, 0.363812, 0, 0.659677, 1.57939, 0, 5.15712, 3.52736, 0, 4.75207, 0.800496, 0, 1.92325, 1.59798
0.354, 3.17255, 0.365481, 0, 0.659048, 1.5791, 0, 5.15771, 3.52228, 0, 4.7434, 0.799238, 0, 1.92024, 1.59699
0.355, 3.17323, 0.366922, 0, 0.659396, 1.57778, 0, 5.1584, 3.5165, 0, 4.74115, 0.797623, 0, 1.91684, 1.59563
0.356, 3.1769, 0.369007, 0, 0.661564, 1.57703, 0, 5.15723, 3.51197, 0, 4.73549, 0.793721, 0, 1.91235, 1.59493
0.357, 3.17897, 0.370664, 0, 0.661698, 1.57796, 0, 5.15724, 3.50808, 0, 4.72283, 0.802042, 0, 1.90224, 1.59498
0.358, 3.17597, 0.371493, 0, 0.660408, 1.57613, 0, 5.15718, 3.50339, 0, 4.71683, 0.801728, 0, 1.89877, 1.59448
0.359, 3.18089, 0.373985, 0, 0.663696, 1.57543, 0, 5.15776, 3.49827, 0, 4.71093, 0.807516, 0, 1.89834, 1.59411
0.36, 3.18261, 0.375572, 0, 0.664435, 1.57484, 0, 5.15728, 3.49436, 0, 4.70468, 0.814406, 0, 1.89347, 1.59269
0.361, 3.18352, 0.376529, 0, 0.663846, 1.57522, 0, 5.15939, 3.50247, 0, 4.69943, 0.816318, 0, 1.89291, 1.59134
0.362, 3.18217, 0.377665, 0, 0.66324, 1.57386, 0, 5.16041, 3.50383, 0, 4.71609, 0.814059, 0, 1.88787, 1.5892
0.363, 3.18563, 0.379871, 0, 0.662505, 1.57566, 0, 5.16732, 3.50182, 0, 4.70105, 0.81002, 0, 1.88568, 1.55649
0.364, 3.18007, 0.380325, 0, 0.65998, 1.57361, 0, 5.16643, 3.49682, 0, 4.69685, 0.809864, 0, 1.88294, 1.55739
0.365, 3.18532, 0.383066, 0, 0.664695, 1.57109, 0, 5.16651, 3.49304, 0, 4.68746, 0.802619, 0, 1.87996, 1.55566
0.366, 3.19231, 0.385736, 0, 0.667727, 1.57284, 0, 5.16714, 3.49032, 0, 4.68194, 0.798367, 0, 1.87631, 1.55705
0.367, 3.18692, 0.386029, 0, 0.66498, 1.57158, 0, 5.16668, 3.48709, 0, 4.67223, 0.7957, 0, 1.87017, 1.55642
0.368, 3.18987, 0.388088, 0, 0.667599, 1.57063, 0, 5.16929, 3.46336, 0, 4.6677, 0.783371, 0, 1.86868, 1.55752
0.369, 3.19238, 0.389967, 0, 0.668997, 1.57082, 0, 5.17012, 3.46126, 0, 4.66403, 0.786113, 0, 1.86413, 1.55581
0.37, 3.19133, 0.391255, 0, 0.667581, 1.57231, 0, 5.17162, 3.46015, 0, 4.6542, 0.789721, 0, 1.85941, 1.55488
0.371, 3.18616, 0.391653, 0, 0.665952, 1.57001, 0, 5.17413, 3.46349, 0, 4.65002, 0.793457, 0, 1.8569, 1.54961
0.372, 3.1921, 0.394421, 0, 0.670144, 1.57052, 0, 5.17299, 3.46454, 0, 4.61123, 0.78058, 0, 1.85671, 1.55263
0.373, 3.19003, 0.395171, 0, 0.669303, 1.57136, 0, 5.17463, 3.46699, 0, 4.60382, 0.775703, 0, 1.85195, 1.55161
0.374, 3.18701, 0.396229, 0, 0.669705, 1.56851, 0, 5.17572, 3.46536, 0, 4.59789, 0.775485, 0, 1.84843, 1.55069
0.375, 3.19428, 0.398574, 0, 0.676633, 1.5677, 0, 5.18112, 3.47481, 0, 4.59432, 0.777829, 0, 1.84993, 1.55931
0.376, 3.19642, 0.40017, 0, 0.675508, 1.56974, 0, 5.18023, 3.46877, 0, 4.58838, 0.776269, 0, 1.84661, 1.55718
0.377, 3.18993, 0.400484, 0, 0.672958, 1.56827, 0, 5.18119, 3.46709, 0, 4.58197, 0.779079, 0, 1.83175, 1.55573
0.378, 3.19345, 0.402912, 0, 0.676532, 1.56814, 0, 5.18288, 3.46403, 0, 4.57805, 0.781465, 0, 1.83062, 1.5535
0.379, 3.19276, 0.403243, 0, 0.676184, 1.5676, 0, 5.18766, 3.46424, 0, 4.57175, 0.777729, 0, 1.83155, 1.54937
0.38, 3.19398, 0.404917, 0, 0.677471, 1.56781, 0, 5.19183, 3.45514, 0, 4.5641, 0.77799, 0, 1.82522, 1.54774
0.381, 3.19284, 0.40629, 0, 0.67736, 1.56775, 0, 5.19187, 3.45369, 0, 4.55834, 0.780641, 0, 1.82058, 1.547
0.382, 3.19246, 0.407872, 0, 0.678517, 1.56734, 0, 5.19531, 3.45177, 0, 4.55043, 0.785871, 0, 1.82217, 1.54397
0.383, 3.19301, 0.409618, 0, 0.678872, 1.56726, 0, 5.19614, 3.45098, 0, 4.54267, 0.788331, 0, 1.81866, 1.53378
0.384, 3.19173, 0.409584, 0, 0.678428, 1.56637, 0, 5.20354, 3.46763, 0, 4.5393, 0.791777, 0, 1.821, 1.5264
0.385, 3.19399, 0.411193, 0, 0.679864, 1.56705, 0, 5.2056, 3.44799, 0, 4.52952, 0.793753, 0, 1.81987, 1.52274
0.386, 3.1915, 0.412124, 0, 0.679075, 1.56699, 0, 5.20752, 3.4486, 0, 4.53197, 0.753372, 0, 1.81756, 1.52032
0.387, 3.19102, 0.413582, 0, 0.679642, 1.56676, 0, 5.20934, 3.44856, 0, 4.51606, 0.733701, 0, 1.81434, 1.51738
0.388, 3.1912, 0.415201, 0, 0.682857, 1.56509, 0, 5.21969, 3.44717, 0, 4.51657, 0.749251, 0, 1.80897, 1.5146
0.389, 3.1955, 0.417416, 0, 0.686245, 1.56574, 0, 5.22206, 3.44772, 0, 4.50741, 0.751052, 0, 1.80487, 1.5137
0.39, 3.19277, 0.417631, 0, 0.685256, 1.56508, 0, 5.2271, 3.45521, 0, 4.50828, 0.773086, 0, 1.80237, 1.51019
0.391, 3.19353, 0.418034, 0, 0.685059, 1.56588, 0, 5.23322, 3.47098, 0, 4.5077, 0.784391, 0, 1.80412, 1.50345
0.392, 3.19092, 0.418821, 0, 0.684571, 1.56503, 0, 5.23559, 3.46821, 0, 4.50459, 0.786047, 0, 1.80217, 1.49899
0.393, 3.19283, 0.420651, 0, 0.687146, 1.56437, 0, 5.23773, 3.46899, 0, 4.4931, 0.787506, 0, 1.79907, 1.49587
0.394, 3.19419, 0.422254, 0, 0.688643, 1.56475, 0, 5.23994, 3.47028, 0, 4.48604, 0.789545, 0, 1.7945, 1.49327
0.395, 3.19256, 0.423311, 0, 0.688981, 1.56456, 0, 5.24157, 3.4697, 0, 4.47757, 0.795154, 0, 1.78901, 1.49179
0.396, 3.19222, 0.424224, 0, 0.689895, 1.56372, 0, 5.24534, 3.47428, 0, 4.47487, 0.799551, 0, 1.78701, 1.48836
0.397, 3.19411, 0.425668, 0, 0.691723, 1.564, 0, 5.24811, 3.47565, 0, 4.46868, 0.804898, 0, 1.78345, 1.48713
0.398, 3.19289, 0.426663, 0, 0.689683, 1.56545, 0, 5.24947, 3.47592, 0, 4.46128, 0.809451, 0, 1.77841, 1.48507
0.399, 3.18789, 0.426727, 0, 0.688261, 1.56399, 0, 5.25285, 3.48034, 0, 4.45797, 0.813295, 0, 1.7734, 1.4807
0.4, 3.19171, 0.429057, 0, 0.692009, 1.56442, 0, 5.25561, 3.47954, 0, 4.46422, 0.813481, 0, 1.76645, 1.47989
0.401, 3.18896, 0.4278, 0, 0.689971, 1.56357, 0, 5.26323, 3.50267, 0, 4.46499, 0.818974, 0, 1.79582, 1.47353
0.402, 3.19139, 0.429175, 0, 0.69138, 1.56444, 0, 5.2653, 3.492, 0, 4.44752, 0.823602, 0, 1.79508, 1.46936
0.403, 3.1885, 0.429806, 0, 0.690426, 1.56459, 0, 5.26784, 3.493, 0, 4.45294, 0.827667, 0, 1.78892, 1.46803
0.404, 3.18753, 0.430902, 0, 0.690783, 1.56433, 0, 5.27507, 3.49372, 0, 4.44873, 0.844736, 0, 1.78141, 1.46617
0.405, 3.18775, 0.432169, 0, 0.69314, 1.56285, 0, 5.28969, 3.43444, 0, 4.43916, 0.849367, 0, 1.76973, 1.46388
0.406, 3.1909, 0.432554, 0, 0.694847, 1.56283, 0, 5.2965, 3.44927, 0, 4.43633, 0.857637, 0, 1.76845, 1.45779
0.407, 3.19085, 0.433355, 0, 0.694746, 1.5634, 0, 5.2996, 3.4529, 0, 4.43914, 0.861441, 0, 1.76245, 1.45346
0.408, 3.18883, 0.43408, 0, 0.696224, 1.56167, 0, 5.30208, 3.45435, 0, 4.43485, 0.863203, 0, 1.75912, 1.45084
0.409, 3.1935, 0.436081, 0, 0.699777, 1.56234, 0, 5.30532, 3.45544, 0, 4.43138, 0.865551, 0, 1.75426, 1.44856
0.41, 3.19123, 0.436573, 0, 0.699034, 1.56202, 0, 5.30722, 3.45535, 0, 4.42768, 0.868789, 0, 1.74691, 1.44611
0.411, 3.19102, 0.436371, 0, 0.699387, 1.56101, 0, 5.32371, 3.46636, 0, 4.42865, 0.877401, 0, 1.74556, 1.44147
0.412, 3.19379, 0.437508, 0, 0.700864, 1.56173, 0, 5.32887, 3.469, 0, 4.4222, 0.878455, 0, 1.73993, 1.43971
0.413, 3.19151, 0.438004, 0, 0.699075, 1.56233, 0, 5.33096, 3.47757, 0, 4.41924, 0.883332, 0, 1.73346, 1.43713
0.414, 3.18932, 0.438609, 0, 0.699204, 1.56143, 0, 5.33417, 3.47032, 0, 4.41514, 0.886265, 0, 1.72398, 1.43644
0.415, 3.18773, 0.433014, 0, 0.695281, 1.55859, 0, 5.37375, 3.50567, 0, 4.42639, 0.906006, 0, 1.74978, 1.41423
0.416, 3.19738, 0.434724, 0, 0.696396, 1.56316, 0, 5.37684, 3.51156, 0, 4.42371, 0.907367, 0, 1.75118, 1.40947
0.417, 3.18436, 0.432858, 0, 0.687508, 1.56213, 0, 5.37895, 3.51692, 0, 4.42118, 0.91187, 0, 1.74902, 1.4064
0.418, 3.18678, 0.434487, 0, 0.689363, 1.56208, 0, 5.38094, 3.5251, 0, 4.41891, 0.914547, 0, 1.73272, 1.40169
0.419, 3.1868, 0.435324, 0, 0.688536, 1.5626, 0, 5.38273, 3.53324, 0, 4.4164, 0.918622, 0, 1.73412, 1.39937
0.42, 3.18507, 0.435888, 0, 0.687127, 1.56259, 0, 5.38512, 3.54111, 0, 4.41521, 0.926532, 0, 1.72887, 1.39589
0.421, 3.18468, 0.436714, 0, 0.686856, 1.56262, 0, 5.38781, 3.55032, 0, 4.40977, 0.929258, 0, 1.71449, 1.39524
0.422, 3.18435, 0.437435, 0, 0.686433, 1.56262, 0, 5.38909, 3.55658, 0, 4.41811, 0.931573, 0, 1.71333, 1.39311
0.423, 3.18411, 0.438174, 0, 0.68531, 1.56407, 0, 5.40339, 3.56355, 0, 4.41959, 0.935831, 0, 1.7089, 1.38912
0.424, 3.17966, 0.438056, 0, 0.683038, 1.56294, 0, 5.40495, 3.56891, 0, 4.41818, 0.939169, 0, 1.70293, 1.3869
0.425, 3.18264, 0.439455, 0, 0.68492, 1.56324, 0, 5.40701, 3.58443, 0, 4.41442, 0.943359, 0, 1.69648, 1.38554
0.426, 3.18158, 0.439851, 0, 0.683944, 1.56329, 0, 5.40941, 3.58789, 0, 4.41129, 0.946697, 0, 1.69229, 1.38263
0.427, 3.18116, 0.440372, 0, 0.683613, 1.56316, 0, 5.41222, 3.59507, 0, 4.40889, 0.949834, 0, 1.68582, 1.38018
0.428, 3.18135, 0.441023, 0, 0.683348, 1.56353, 0, 5.41386, 3.60272, 0, 4.40864, 0.952893, 0, 1.68032, 1.378
0.429, 3.17973, 0.440701, 0, 0.681855, 1.56315, 0, 5.42102, 3.55195, 0, 4.40396, 0.960357, 0, 1.67956, 1.37477
0.43, 3.18076, 0.441467, 0, 0.681928, 1.56366, 0, 5.41943, 3.56146, 0, 4.40964, 0.962291, 0, 1.67652, 1.37342
0.431, 3.17896, 0.441259, 0, 0.680122, 1.56355, 0, 5.4223, 3.53049, 0, 4.40916, 0.966283, 0, 1.67455, 1.37019
0.432, 3.17916, 0.441779, 0, 0.679743, 1.56372, 0, 5.42222, 3.53065, 0, 4.4086, 0.968974, 0, 1.67317, 1.36799
0.433, 3.17857, 0.442205, 0, 0.678643, 1.56413, 0, 5.42483, 3.53868, 0, 4.40569, 0.971878, 0, 1.67071, 1.36631
0.434, 3.1772, 0.442502, 0, 0.677522, 1.56411, 0, 5.43182, 3.54508, 0, 4.40321, 0.974989, 0, 1.6682, 1.36304
0.435, 3.17705, 0.443019, 0, 0.677073, 1.56431, 0, 5.43707, 3.55067, 0, 4.39985, 0.977653, 0, 1.66605, 1.36144
0.436, 3.17635, 0.443371, 0, 0.676194, 1.56448, 0, 5.43965, 3.55686, 0, 4.39913, 0.980235, 0, 1.66343, 1.359
0.437, 3.17565, 0.443633, 0, 0.6758, 1.5642, 0, 5.44256, 3.56499, 0, 4.39639, 0.98399, 0, 1.64802, 1.35764
0.438, 3.17628, 0.444132, 0, 0.677567, 1.56279, 0, 5.44681, 3.57013, 0, 4.39546, 0.986951, 0, 1.65139, 1.35577
0.439, 3.18033, 0.445209, 0, 0.678845, 1.5641, 0, 5.44851, 3.57949, 0, 4.39391, 0.988941, 0, 1.65246, 1.35308
0.44, 3.1767, 0.445113, 0, 0.676264, 1.56398, 0, 5.44889, 3.59392, 0, 4.39139, 0.994306, 0, 1.66115, 1.35154
0.441, 3.17659, 0.445186, 0, 0.675899, 1.56381, 0, 5.56177, 3.60298, 0, 4.3903, 0.993266, 0, 1.66404, 1.3097
0.442, 3.17708, 0.4457, 0, 0.675402, 1.5645, 0, 5.56507, 3.60953, 0, 4.39361, 0.993603, 0, 1.66851, 1.3072
0.443, 3.17484, 0.44574, 0, 0.673794, 1.56448, 0, 5.56938, 3.61073, 0, 4.39189, 0.995226, 0, 1.65799, 1.3048
0.444, 3.17476, 0.446192, 0, 0.674447, 1.56393, 0, 5.5727, 3.61371, 0, 4.39206, 0.998088, 0, 1.65961, 1.30221
0.445, 3.17621, 0.446812, 0, 0.674477, 1.56484, 0, 5.5738, 3.6116, 0, 4.39008, 1.00401, 0, 1.66033, 1.29964
0.446, 3.17358, 0.446765, 0, 0.672558, 1.56471, 0, 5.58461, 3.61923, 0, 4.39019, 1.00837, 0, 1.6605, 1.29867
0.447, 3.17386, 0.447329, 0, 0.67249, 1.56501, 0, 5.5891, 3.62773, 0, 4.38814, 1.00784, 0, 1.66115, 1.29645
0.448, 3.17292, 0.447579, 0, 0.671607, 1.56513, 0, 5.58897, 3.63507, 0, 4.38473, 1.00836, 0, 1.66209, 1.29491
0.449, 3.17241, 0.447989, 0, 0.670973, 1.56551, 0, 5.58877, 3.64285, 0, 4.38023, 1.00135, 0, 1.66382, 1.29313
0.45, 3.17117, 0.448216, 0, 0.670015, 1.56573, 0, 5.58936, 3.64797, 0, 4.37871, 1.0028, 0, 1.66711, 1.29206
0.451, 3.17013, 0.447811, 0, 0.668659, 1.56579, 0, 5.62393, 3.59535, 0, 4.37829, 1.00433, 0, 1.67061, 1.28838
0.452, 3.17002, 0.448075, 0, 0.667956, 1.56622, 0, 5.62769, 3.59972, 0, 4.37627, 1.00394, 0, 1.67226, 1.28648
0.453, 3.16873, 0.448167, 0, 0.667521, 1.5651, 0, 5.62891, 3.60603, 0, 4.3744, 1.00353, 0, 1.67383, 1.28485
0.454, 3.17187, 0.449141, 0, 0.668585, 1.56642, 0, 5.62873, 3.60654, 0, 4.37194, 1.00339, 0, 1.67004, 1.28178
0.455, 3.16799, 0.448717, 0, 0.665839, 1.56641, 0, 5.63258, 3.61713, 0, 4.36978, 1.00514, 0, 1.67138, 1.289
0.456, 3.16789, 0.448969, 0, 0.665745, 1.56629, 0, 5.64548, 3.60797, 0, 4.36725, 1.0044, 0, 1.67245, 1.28755
0.457, 3.16823, 0.449225, 0, 0.666292, 1.56616, 0, 5.64593, 3.61283, 0, 4.36516, 1.00417, 0, 1.67315, 1.28644
0.458, 3.16854, 0.449665, 0, 0.665901, 1.56692, 0, 5.66409, 3.61765, 0, 4.36273, 1.0089, 0, 1.67363, 1.28512
0.459, 3.16617, 0.449393, 0, 0.664225, 1.56709, 0, 5.68874, 3.62386, 0, 4.35772, 1.0082, 0, 1.67438, 1.28339
0.46, 3.16554, 0.449766, 0, 0.663853, 1.56752, 0, 5.68989, 3.63084, 0, 4.3576, 1.02549, 0, 1.67415, 1.2828
0.461, 3.16421, 0.44982, 0, 0.662865, 1.56767, 0, 5.69688, 3.63688, 0, 4.35453, 1.02639, 0, 1.67911, 1.28252
0.462, 3.16357, 0.450003, 0, 0.662327, 1.56795, 0, 5.69823, 3.6419, 0, 4.35683, 1.02879, 0, 1.67974, 1.27953
0.463, 3.16269, 0.450159, 0, 0.661578, 1.56827, 0, 5.70117, 3.64143, 0, 4.35506, 1.02911, 0, 1.68059, 1.27738
0.464, 3.16164, 0.450276, 0, 0.660855, 1.56851, 0, 5.69902, 3.65417, 0, 4.35324, 1.02967, 0, 1.68193, 1.27601
0.465, 3.16077, 0.450385, 0, 0.660207, 1.56878, 0, 5.69622, 3.6579, 0, 4.35273, 1.02836, 0, 1.68318, 1.27427
0.466, 3.15988, 0.450494, 0, 0.659519, 1.56909, 0, 5.69756, 3.6652, 0, 4.35099, 1.02594, 0, 1.687, 1.27225
0.467, 3.15883, 0.450499, 0, 0.658716, 1.56935, 0, 5.69883, 3.67218, 0, 4.34974, 1.02597, 0, 1.68858, 1.2699
0.468, 3.15795, 0.450469, 0, 0.663938, 1.56639, 0, 5.7259, 3.67745, 0, 4.34542, 1.02536, 0, 1.68193, 1.26742
0.469, 3.16597, 0.452696, 0, 0.667676, 1.569, 0, 5.73267, 3.68299, 0, 4.34302, 1.02266, 0, 1.68253, 1.26624
0.47, 3.15886, 0.451098, 0, 0.662958, 1.56841, 0, 5.73336, 3.68735, 0, 4.34067, 1.0254, 0, 1.67836, 1.26774
0.471, 3.16016, 0.451923, 0, 0.664211, 1.5686, 0, 5.73301, 3.68946, 0, 4.33895, 1.02294, 0, 1.67979, 1.26641
0.472, 3.15959, 0.452073, 0, 0.66346, 1.56925, 0, 5.73026, 3.69429, 0, 4.33762, 1.02436, 0, 1.68008, 1.26655
0.473, 3.15767, 0.451878, 0, 0.662208, 1.56938, 0, 5.73097, 3.69641, 0, 4.3343, 1.02329, 0, 1.67887, 1.26546
0.474, 3.15718, 0.45205, 0, 0.662216, 1.56939, 0, 5.73302, 3.69441, 0, 4.33295, 1.02229, 0, 1.6792, 1.26512
0.475, 3.15703, 0.452246, 0, 0.661961, 1.56962, 0, 5.7339, 3.70001, 0, 4.33081, 1.02111, 0, 1.67939, 1.2644
0.476, 3.15625, 0.452283, 0, 0.66122, 1.57018, 0, 5.73526, 3.70468, 0, 4.32916, 1.02203, 0, 1.68016, 1.26363
0.477, 3.15405, 0.451384, 0, 0.659463, 1.5702, 0, 5.74447, 3.7229, 0, 4.32933, 1.02603, 0, 1.68372, 1.26049
0.478, 3.15392, 0.451298, 0, 0.658678, 1.57094, 0, 5.78357, 3.72676, 0, 4.32913, 1.02579, 0, 1.6863, 1.25857
0.479, 2.36752, 1.03816, 0, 0.653533, 1.57094, 0, 5.79332, 3.74481, 0, 4.33381, 1.04269, 0, 1.69219, 1.25393
0.48, 2.56472, 0.890364, 0, 0.655798, 1.57312, 0, 5.7983, 3.72765, 0, 4.33018, 1.04157, 0, 1.69391, 1.25344
0.481, 2.65602, 0.82354, 0, 0.652906, 1.57169, 0, 5.80392, 3.73342, 0, 4.33878, 1.05034, 0, 1.69356, 1.25259
0.482, 2.74069, 0.767829, 0, 0.655911, 1.57136, 0, 5.80714, 3.73953, 0, 4.33744, 1.05165, 0, 1.69395, 1.25148
0.483, 2.805, 0.721574, 0, 0.654885, 1.57255, 0, 5.81373, 3.75287, 0, 4.33689, 1.05365, 0, 1.69628, 1.24902
0.484, 2.83499, 0.729715, 0, 0.710272, 1.56821, 0, 5.42517, 3.55501, 0, 4.44394, 1.11913, 0, 1.79247, 1.21437
0.485, 2.88661, 0.713638, 0, 0.738349, 1.55802, 0, 5.4942, 3.55999, 0, 4.45413, 0.978324, 0, 1.71345, 1.2593
0.486, 2.94819, 0.669075, 0, 0.725609, 1.5562, 0, 5.30979, 3.59181, 0, 4.36043, 0.926508, 0, 1.59912, 1.3036
0.487, 2.96802, 0.649134, 0, 0.706187, 1.56821, 0, 5.32547, 3.62398, 0, 4.319, 0.942649, 0, 1.55833, 1.31892
0.488, 2.93612, 0.637267, 0, 0.676962, 1.56839, 0, 5.37516, 3.63927, 0, 4.3024, 0.961694, 0, 1.55259, 1.31706
0.489, 2.93687, 0.635499, 0, 0.673521, 1.57131, 0, 5.4154, 3.63273, 0, 4.30091, 0.968937, 0, 1.56534, 1.30901
0.49, 2.92577, 0.635781, 0, 0.665951, 1.57361, 0, 5.44949, 3.64018, 0, 4.30399, 0.978089, 0, 1.5829, 1.29924
0.491, 2.91449, 0.638019, 0, 0.662179, 1.57384, 0, 5.47681, 3.6487, 0, 4.30756, 0.983236, 0, 1.60216, 1.28922
0.492, 2.90872, 0.642143, 0, 0.662799, 1.57427, 0, 5.49692, 3.64689, 0, 4.31416, 0.987974, 0, 1.61951, 1.27997
0.493, 2.90169, 0.646778, 0, 0.663687, 1.57358, 0, 5.51059, 3.64873, 0, 4.31514, 0.992882, 0, 1.63603, 1.27384
0.494, 2.89778, 0.652076, 0, 0.666231, 1.57377, 0, 5.5208, 3.65104, 0, 4.31861, 0.991625, 0, 1.64731, 1.26991
0.495, 2.89121, 0.657168, 0, 0.657897, 1.59119, 0, 5.52207, 3.65275, 0, 4.3197, 0.99222, 0, 1.65386, 1.26353
0.496, 2.83328, 0.654665, 0, 0.636471, 1.5767, 0, 5.52221, 3.65246, 0, 4.3185, 0.996326, 0, 1.65415, 1.25961
0.497, 2.87545, 0.662551, 0, 0.66502, 1.57958, 0, 5.52763, 3.65696, 0, 4.32273, 0.992045, 0, 1.6619, 1.25657
0.498, 2.86208, 0.665139, 0, 0.658116, 1.58078, 0, 5.52473, 3.6571, 0, 4.32012, 0.998956, 0, 1.6603, 1.25659
0.499, 2.85397, 0.668696, 0, 0.657931, 1.57919, 0, 5.52476, 3.65729, 0, 4.31934, 0.99958, 0, 1.65993, 1.25555
0.5, 2.85486, 0.672966, 0, 0.661589, 1.57962, 0, 5.52157, 3.65925, 0, 4.3185, 1.0012, 0, 1.66062, 1.25522
0.501, 2.84949, 0.676544, 0, 0.66138, 1.57966, 0, 5.51724, 3.66294, 0, 4.31589, 1.00274, 0, 1.65838, 1.25548
0.502, 2.84553, 0.680039, 0, 0.661454, 1.58046, 0, 5.51292, 3.65655, 0, 4.31472, 1.00501, 0, 1.6558, 1.25547
0.503, 2.83948, 0.683025, 0, 0.660526, 1.58049, 0, 5.50879, 3.6616, 0, 4.31365, 1.00279, 0, 1.65435, 1.25533
0.504, 2.83614, 0.686064, 0, 0.661354, 1.58041, 0, 5.50871, 3.66488, 0, 4.3135, 1.00064, 0, 1.65308, 1.25557
0.505, 2.83322, 0.688914, 0, 0.661563, 1.58086, 0, 5.50574, 3.66674, 0, 4.31258, 1.00209, 0, 1.65199, 1.25567
0.506, 2.82873, 0.691464, 0, 0.661342, 1.58079, 0, 5.50363, 3.66819, 0, 4.31139, 1.00225, 0, 1.6506, 1.25517
0.507, 2.82599, 0.694061, 0, 0.662013, 1.58055, 0, 5.50418, 3.68337, 0, 4.31027, 0.999073, 0, 1.65034, 1.25513
0.508, 2.82385, 0.696681, 0, 0.661978, 1.58145, 0, 5.50268, 3.68565, 0, 4.31118, 0.999148, 0, 1.65059, 1.25514
0.509, 2.81818, 0.698831, 0, 0.660413, 1.58175, 0, 5.5013, 3.6878, 0, 4.31058, 0.999089, 0, 1.65004, 1.26395
0.51, 2.81463, 0.701088, 0, 0.660328, 1.58162, 0, 5.49992, 3.69027, 0, 4.30974, 0.997188, 0, 1.64885, 1.26963
0.511, 2.81244, 0.703353, 0, 0.661237, 1.58048, 0, 5.49901, 3.69269, 0, 4.30881, 0.995739, 0, 1.64865, 1.26951
0.512, 2.81328, 0.706072, 0, 0.662648, 1.5819, 0, 5.49915, 3.69327, 0, 4.30776, 0.993637, 0, 1.65007, 1.2688
0.513, 2.80607, 0.707961, 0, 0.660372, 1.58153, 0, 5.4983, 3.69563, 0, 4.30529, 0.995919, 0, 1.64903, 1.26884
0.514, 2.8047, 0.710294, 0, 0.661646, 1.58163, 0, 5.49744, 3.69765, 0, 4.30414, 0.994426, 0, 1.64963, 1.26841
0.515, 2.80188, 0.712391, 0, 0.661538, 1.58193, 0, 5.49588, 3.69998, 0, 4.30252, 0.994678, 0, 1.64841, 1.2685
0.516, 2.79851, 0.714397, 0, 0.66203, 1.58076, 0, 5.49493, 3.70218, 0, 4.30186, 0.994894, 0, 1.64864, 1.26825
0.517, 2.79963, 0.716815, 0, 0.663669, 1.58187, 0, 5.49627, 3.70485, 0, 4.29996, 0.985647, 0, 1.64988, 1.27402
0.518, 2.79368, 0.718589, 0, 0.660973, 1.5831, 0, 5.495, 3.70654, 0, 4.29917, 0.988099, 0, 1.64929, 1.2749
0.519, 2.7877, 0.720053, 0, 0.660254, 1.58123, 0, 5.49421, 3.70858, 0, 4.29852, 0.989406, 0, 1.64634, 1.27471
0.52, 2.79145, 0.722517, 0, 0.663381, 1.58255, 0, 5.49366, 3.71156, 0, 4.29883, 0.992535, 0, 1.64635, 1.27404
0.521, 2.78502, 0.724025, 0, 0.663201, 1.57844, 0, 5.49228, 3.71303, 0, 4.29715, 0.99218, 0, 1.64588, 1.27407
0.522, 2.79537, 0.727498, 0, 0.668591, 1.5833, 0, 5.49203, 3.71576, 0, 4.29736, 0.992967, 0, 1.64884, 1.22829
0.523, 2.77757, 0.728008, 0, 0.658263, 1.58603, 0, 5.49028, 3.71766, 0, 4.294, 0.996359, 0, 1.63884, 1.22881
0.524, 2.7677, 0.728383, 0, 0.670012, 1.55515, 0, 5.48702, 3.72009, 0, 4.29305, 0.998315, 0, 1.63707, 1.2274
0.525, 2.86021, 0.741703, 0, 0.712782, 1.57825, 0, 5.49072, 3.7251, 0, 4.2958, 0.993681, 0, 1.6445, 1.22472
0.526, 2.78102, 0.739238, 0, 0.6689, 1.57344, 0, 5.48569, 3.72175, 0, 4.28589, 1.00952, 0, 1.63412, 1.22816
0.527, 2.79362, 0.743418, 0, 0.681994, 1.57135, 0, 5.48499, 3.72386, 0, 4.28733, 1.00381, 0, 1.63739, 1.22793
0.528, 2.79762, 0.746243, 0, 0.683931, 1.57398, 0, 5.48439, 3.72563, 0, 4.28668, 1.00199, 0, 1.63777, 1.22817
0.529, 2.78682, 0.747544, 0, 0.679624, 1.57289, 0, 5.48321, 3.72745, 0, 4.2856, 1.00136, 0, 1.63654, 1.22832
0.53, 2.78837, 0.749612, 0, 0.68137, 1.57408, 0, 5.48524, 3.7272, 0, 4.28608, 1.00236, 0, 1.63699, 1.22872
0.531, 2.78291, 0.75077, 0, 0.679543, 1.57379, 0, 5.4847, 3.72922, 0, 4.28512, 1.00291, 0, 1.63711, 1.22795
0.532, 2.78232, 0.752256, 0, 0.68047, 1.57407, 0, 5.48376, 3.73306, 0, 4.28431, 1.00124, 0, 1.63466, 1.22805
0.533, 2.77998, 0.753477, 0, 0.680534, 1.57361, 0, 5.48298, 3.73569, 0, 4.28351, 1.00172, 0, 1.63462, 1.22767
0.534, 2.77993, 0.754901, 0, 0.681401, 1.57421, 0, 5.48239, 3.73817, 0, 4.28235, 0.994282, 0, 1.63564, 1.22682
0.535, 2.77657, 0.756065, 0, 0.679716, 1.57585, 0, 5.48155, 3.74011, 0, 4.28158, 0.995097, 0, 1.63494, 1.22714
0.536, 2.77017, 0.756694, 0, 0.677982, 1.57455, 0, 5.48056, 3.74181, 0, 4.27994, 0.995011, 0, 1.63495, 1.22782
0.537, 2.77313, 0.758149, 0, 0.680584, 1.57521, 0, 5.48093, 3.74475, 0, 4.28004, 0.994723, 0, 1.63586, 1.2253
0.538, 2.76969, 0.759115, 0, 0.679558, 1.57517, 0, 5.48008, 3.74667, 0, 4.27922, 0.992872, 0, 1.63572, 1.22558
0.539, 2.76847, 0.76027, 0, 0.680598, 1.57396, 0, 5.4795, 3.74901, 0, 4.27807, 0.982376, 0, 1.63623, 1.22524
0.54, 2.77082, 0.761884, 0, 0.682304, 1.57527, 0, 5.47891, 3.74769, 0, 4.27813, 0.98262, 0, 1.6371, 1.22599
0.541, 2.76506, 0.762849, 0, 0.680095, 1.57518, 0, 5.47805, 3.7497, 0, 4.27489, 0.982866, 0, 1.62976, 1.22635
0.542, 2.76397, 0.764115, 0, 0.68068, 1.57526, 0, 5.47779, 3.75173, 0, 4.27491, 0.983221, 0, 1.62921, 1.2261
0.543, 2.76234, 0.765268, 0, 0.680633, 1.57555, 0, 5.47699, 3.74942, 0, 4.2742, 0.98024, 0, 1.62932, 1.22604
0.544, 2.7601, 0.766374, 0, 0.680334, 1.57569, 0, 5.47614, 3.75126, 0, 4.27407, 0.98118, 0, 1.62875, 1.22533
0.545, 2.75839, 0.767485, 0, 0.681125, 1.57427, 0, 5.47534, 3.75259, 0, 4.27431, 0.98359, 0, 1.62932, 1.22441
0.546, 2.76144, 0.769189, 0, 0.682869, 1.57636, 0, 5.47476, 3.75384, 0, 4.27406, 0.984108, 0, 1.62914, 1.22408
0.547, 2.75341, 0.769792, 0, 0.680018, 1.57474, 0, 5.47027, 3.75522, 0, 4.27156, 0.9854, 0, 1.62862, 1.22436
0.548, 2.75725, 0.772666, 0, 0.684327, 1.57541, 0, 5.72, 3.75048, 0, 4.27038, 0.984344, 0, 1.62749, 1.22478
0.549, 2.75366, 0.77365, 0, 0.683482, 1.57534, 0, 5.71316, 3.75124, 0, 4.26964, 0.983317, 0, 1.6263, 1.22556
0.55, 2.75261, 0.774764, 0, 0.684582, 1.57451, 0, 5.7129, 3.75238, 0, 4.26815, 0.982767, 0, 1.62549, 1.22555
0.551, 2.75394, 0.776145, 0, 0.686058, 1.57528, 0, 5.71358, 3.75342, 0, 4.26828, 0.991289, 0, 1.62469, 1.22608
0.552, 2.75018, 0.776949, 0, 0.684855, 1.57522, 0, 5.71126, 3.75138, 0, 4.26738, 0.992781, 0, 1.62362, 1.23198
0.553, 2.74922, 0.777952, 0, 0.68579, 1.5744, 0, 5.71398, 3.75255, 0, 4.26528, 0.995603, 0, 1.62304, 1.2323
0.554, 2.75058, 0.779196, 0, 0.687875, 1.57351, 0, 5.71456, 3.75401, 0, 4.2647, 0.993664, 0, 1.62284, 1.23271
0.555, 2.75188, 0.780652, 0, 0.688862, 1.57478, 0, 5.71281, 3.75555, 0, 4.26382, 0.992866, 0, 1.62193, 1.23323
0.556, 2.74642, 0.781498, 0, 0.686856, 1.57453, 0, 5.71568, 3.76575, 0, 4.26294, 0.943898, 0, 1.62134, 1.23375
0.557, 2.74609, 0.782523, 0, 0.687742, 1.57457, 0, 5.71486, 3.76699, 0, 4.26229, 0.945192, 0, 1.62071, 1.23421
0.558, 2.74485, 0.783431, 0, 0.687819, 1.57471, 0, 5.71238, 3.76833, 0, 4.26154, 0.946821, 0, 1.6207, 1.23431
0.559, 2.74328, 0.784269, 0, 0.687765, 1.57484, 0, 5.7118, 3.76994, 0, 4.26086, 0.945638, 0, 1.62097, 1.23498
0.56, 2.74182, 0.785058, 0, 0.687892, 1.57481, 0, 5.71394, 3.77278, 0, 4.26006, 0.945246, 0, 1.61989, 1.15904
0.561, 2.74092, 0.785883, 0, 0.688232, 1.5749, 0, 5.71323, 3.77429, 0, 4.25955, 0.94452, 0, 1.62035, 1.15969
0.562, 2.73967, 0.786653, 0, 0.688344, 1.57494, 0, 5.716, 3.77563, 0, 4.25903, 0.940417, 0, 1.62051, 1.1604
0.563, 2.73856, 0.787491, 0, 0.685044, 1.58218, 0, 5.71781, 3.77676, 0, 4.25844, 0.941828, 0, 1.62109, 1.16126
0.564, 2.71555, 0.785453, 0, 0.675714, 1.57641, 0, 5.7164, 3.78327, 0, 4.25713, 0.945108, 0, 1.6199, 1.16189
0.565, 2.73417, 0.786979, 0, 0.686954, 1.57765, 0, 5.71655, 3.78578, 0, 4.25783, 0.933926, 0, 1.61581, 1.16123
0.566, 2.72945, 0.787151, 0, 0.683958, 1.57813, 0, 5.71497, 3.78791, 0, 4.25715, 0.934836, 0, 1.61422, 1.16172
0.567, 2.72722, 0.78754, 0, 0.683946, 1.57732, 0, 5.7143, 3.78761, 0, 4.26222, 0.92781, 0, 1.61439, 1.1615
0.568, 2.72906, 0.788404, 0, 0.685579, 1.5776, 0, 5.71358, 3.78903, 0, 4.2619, 0.928536, 0, 1.61447, 1.16167
0.569, 2.72719, 0.789086, 0, 0.685207, 1.57758, 0, 5.71457, 3.79031, 0, 4.26163, 0.929857, 0, 1.61217, 1.16245
0.57, 2.72632, 0.789899, 0, 0.685594, 1.57748, 0, 5.71387, 3.79144, 0, 4.26106, 0.931988, 0, 1.61221, 1.16291
0.571, 2.72569, 0.790704, 0, 0.685976, 1.57751, 0, 5.71317, 3.79286, 0, 4.26053, 0.933587, 0, 1.61236, 1.16337
0.572, 2.72462, 0.791491, 0, 0.686117, 1.5775, 0, 5.71248, 3.7941, 0, 4.26032, 0.935018, 0, 1.61208, 1.16302
0.573, 2.72373, 0.792258, 0, 0.686328, 1.57749, 0, 5.7121, 3.78136, 0, 4.2613, 0.940627, 0, 1.61184, 1.16338
0.574, 2.72284, 0.793044, 0, 0.686567, 1.5775, 0, 5.7115, 3.78254, 0, 4.26116, 0.942614, 0, 1.6125, 1.16333
0.575, 2.72192, 0.793785, 0, 0.686781, 1.57747, 0, 5.71097, 3.7839, 0, 4.25946, 0.943016, 0, 1.6127, 1.16211
0.576, 2.7211, 0.794475, 0, 0.687007, 1.57746, 0, 5.71016, 3.78133, 0, 4.25898, 0.944178, 0, 1.61273, 1.16289
0.577, 2.7203, 0.795177, 0, 0.687224, 1.57746, 0, 5.70989, 3.78274, 0, 4.25855, 0.945125, 0, 1.61311, 1.16296
0.578, 2.71947, 0.795889, 0, 0.687442, 1.57745, 0, 5.70946, 3.78417, 0, 4.2583, 0.945731, 0, 1.61323, 1.16337
0.579, 2.71868, 0.796563, 0, 0.68768, 1.57743, 0, 5.709, 3.78551, 0, 4.25785, 0.94625, 0, 1.6134, 1.16329
0.58, 2.71797, 0.797217, 0, 0.687933, 1.57742, 0, 5.70858, 3.78692, 0, 4.25743, 0.946985, 0, 1.6136, 1.1635
0.581, 2.71723, 0.797868, 0, 0.688157, 1.57741, 0, 5.70817, 3.78634, 0, 4.25701, 0.944924, 0, 1.6137, 1.16384
0.582, 2.7165, 0.798491, 0, 0.688382, 1.57739, 0, 5.70786, 3.78781, 0, 4.25702, 0.941161, 0, 1.61341, 1.16465
0.583, 2.71582, 0.799105, 0, 0.688604, 1.57738, 0, 5.70745, 3.78916, 0, 4.2566, 0.942629, 0, 1.61353, 1.16368
0.584, 2.71512, 0.799717, 0, 0.688806, 1.57738, 0, 5.70701, 3.79045, 0, 4.25611, 0.943554, 0, 1.61355, 1.16475
0.585, 2.71435, 0.80022, 0, 0.688985, 1.57732, 0, 5.70703, 3.79257, 0, 4.25575, 0.944953, 0, 1.5951, 1.16448
0.586, 2.71383, 0.800718, 0, 0.689145, 1.57734, 0, 5.70702, 3.79496, 0, 4.25513, 0.906628, 0, 1.59568, 1.16453
0.587, 2.71309, 0.801278, 0, 0.689187, 1.57738, 0, 5.70678, 3.79647, 0, 4.25485, 0.908125, 0, 1.59599, 1.16413
0.588, 2.71233, 0.801942, 0, 0.689364, 1.57738, 0, 5.72444, 3.79721, 0, 4.25439, 0.907302, 0, 1.596, 1.16451
0.589, 2.71168, 0.802492, 0, 0.689527, 1.57737, 0, 5.72832, 3.79848, 0, 4.25436, 0.907459, 0, 1.59572, 1.16484
0.59, 2.7111, 0.80306, 0, 0.689739, 1.57738, 0, 5.72768, 3.7997, 0, 4.2545, 0.908099, 0, 1.59567, 1.16502
0.591, 2.71042, 0.803615, 0, 0.689906, 1.57737, 0, 5.72812, 3.8009, 0, 4.25498, 0.909425, 0, 1.59565, 1.16512
0.592, 2.70983, 0.804187, 0, 0.690137, 1.57737, 0, 5.72759, 3.80631, 0, 4.25496, 0.90971, 0, 1.59566, 1.16561
0.593, 2.70922, 0.804714, 0, 0.690336, 1.57736, 0, 5.72766, 3.80747, 0, 4.25368, 0.909156, 0, 1.59572, 1.166
0.594, 2.7087, 0.805299, 0, 0.690558, 1.57739, 0, 5.72783, 3.80809, 0, 4.2533, 0.910357, 0, 1.60882, 1.16688
0.595, 2.70799, 0.805815, 0, 0.690754, 1.57735, 0, 5.72739, 3.8093, 0, 4.25304, 0.910161, 0, 1.609, 1.16711
0.596, 2.70748, 0.806347, 0, 0.691095, 1.57732, 0, 5.72673, 3.8109, 0, 4.25309, 0.910451, 0, 1.60611, 1.16699
0.597, 2.70699, 0.806821, 0, 0.6913, 1.57732, 0, 5.72634, 3.81224, 0, 4.25258, 0.910516, 0, 1.60611, 1.16739
0.598, 2.70642, 0.807243, 0, 0.691411, 1.57732, 0, 5.72535, 3.81365, 0, 4.25191, 0.911138, 0, 1.60627, 1.16763
0.599, 2.70587, 0.807828, 0, 0.691634, 1.57735, 0, 5.72463, 3.81475, 0, 4.25243, 0.916286, 0, 1.60617, 1.16797
0.6, 2.70343, 0.799535, 0, 0.685595, 1.57576, 0, 5.72332, 3.85405, 0, 4.26641, 0.931557, 0, 1.62944, 1.15884
0.601, 2.70877, 0.801531, 0, 0.685345, 1.57928, 0, 5.72038, 3.85438, 0, 4.26685, 0.931308, 0, 1.63631, 1.15835
0.602, 2.69733, 0.801858, 0, 0.677923, 1.57954, 0, 5.7188, 3.8557, 0, 4.26653, 0.932006, 0, 1.6394, 1.15839
0.603, 2.69683, 0.802453, 0, 0.677641, 1.57922, 0, 5.71793, 3.86152, 0, 4.26702, 0.931115, 0, 1.64139, 1.15772
0.604, 2.69796, 0.803083, 0, 0.677508, 1.57986, 0, 5.71771, 3.86402, 0, 4.26733, 0.931493, 0, 1.64544, 1.15566
0.605, 2.69587, 0.803449, 0, 0.677522, 1.57671, 0, 5.71717, 3.86663, 0, 4.26741, 0.931845, 0, 1.6465, 1.15566
0.606, 2.70542, 0.80506, 0, 0.681401, 1.57932, 0, 5.71747, 3.86521, 0, 4.2687, 0.933904, 0, 1.64837, 1.15543
0.607, 2.69634, 0.805263, 0, 0.676106, 1.57891, 0, 5.71695, 3.86727, 0, 4.26841, 0.93593, 0, 1.64862, 1.15621
0.608, 2.69741, 0.806012, 0, 0.677048, 1.57876, 0, 5.71853, 3.86973, 0, 4.2691, 0.934928, 0, 1.64997, 1.15662
0.609, 2.69755, 0.806671, 0, 0.676815, 1.57917, 0, 5.71952, 3.87201, 0, 4.26927, 0.934734, 0, 1.65134, 1.15631
0.61, 2.6959, 0.807158, 0, 0.676344, 1.57857, 0, 5.71912, 3.87438, 0, 4.26198, 0.934927, 0, 1.6522, 1.15615
0.611, 2.6991, 0.816396, 0, 0.683073, 1.5805, 0, 5.72165, 3.84097, 0, 4.24882, 0.920116, 0, 1.61454, 1.1649
0.612, 2.69174, 0.815391, 0, 0.682404, 1.57718, 0, 5.7226, 3.84401, 0, 4.24859, 0.921565, 0, 1.60899, 1.16574
0.613, 2.70171, 0.816014, 0, 0.688962, 1.57779, 0, 5.72287, 3.84527, 0, 4.2487, 0.921198, 0, 1.60822, 1.12068
0.614, 2.69877, 0.816072, 0, 0.68785, 1.57772, 0, 5.72258, 3.84638, 0, 4.24787, 0.921082, 0, 1.60826, 1.12097
0.615, 2.69826, 0.81636, 0, 0.688622, 1.57732, 0, 5.72233, 3.84736, 0, 4.24713, 0.9206, 0, 1.608, 1.11988
0.616, 2.69889, 0.816812, 0, 0.689533, 1.5775, 0, 5.72179, 3.84816, 0, 4.25052, 0.922138, 0, 1.60643, 1.12005
0.617, 2.69763, 0.817096, 0, 0.689341, 1.57752, 0, 5.72131, 3.84816, 0, 4.25046, 0.922195, 0, 1.60647, 1.1204
0.618, 2.69534, 0.808975, 0, 0.683483, 1.57616, 0, 5.71896, 3.88497, 0, 4.26401, 0.936879, 0, 1.62896, 1.11077
0.619, 2.69997, 0.810684, 0, 0.682888, 1.5796, 0, 5.71698, 3.88559, 0, 4.26421, 0.936225, 0, 1.63548, 1.10959
0.62, 2.68886, 0.81086, 0, 0.676094, 1.57914, 0, 5.73039, 3.88621, 0, 4.26376, 0.936609, 0, 1.63756, 1.10947
0.621, 2.69061, 0.811444, 0, 0.676728, 1.57945, 0, 5.72946, 3.8889, 0, 4.26416, 0.935787, 0, 1.63981, 1.10919
0.622, 2.68968, 0.811684, 0, 0.675317, 1.58005, 0, 5.72901, 3.8864, 0, 4.26444, 0.936001, 0, 1.64113, 1.10922
0.623, 2.68784, 0.811823, 0, 0.67388, 1.58016, 0, 5.72862, 3.88865, 0, 4.26446, 0.936731, 0, 1.64208, 1.10905
0.624, 2.68757, 0.812027, 0, 0.672193, 1.58281, 0, 5.72844, 3.89106, 0, 4.26423, 0.937128, 0, 1.64212, 1.10906
0.625, 2.67943, 0.811272, 0, 0.668214, 1.58098, 0, 5.72806, 3.89321, 0, 4.2642, 0.937727, 0, 1.63907, 1.1102
0.626, 2.68568, 0.811672, 0, 0.671365, 1.58154, 0, 5.72824, 3.896, 0, 4.26444, 0.936824, 0, 1.64065, 1.10987
0.627, 2.68384, 0.811714, 0, 0.669712, 1.5818, 0, 5.72809, 3.89756, 0, 4.26436, 0.937445, 0, 1.64146, 1.10978
0.628, 2.68297, 0.811943, 0, 0.6692, 1.58165, 0, 5.72776, 3.89962, 0, 4.26483, 0.941203, 0, 1.64235, 1.10952
0.629, 2.68333, 0.812266, 0, 0.669201, 1.58183, 0, 5.72763, 3.90087, 0, 4.26474, 0.940958, 0, 1.64339, 1.10945
0.63, 2.68255, 0.812562, 0, 0.668448, 1.58206, 0, 5.72712, 3.90287, 0, 4.26465, 0.940985, 0, 1.6443, 1.10974
0.631, 2.68323, 0.820936, 0, 0.673645, 1.58337, 0, 5.72877, 3.87062, 0, 4.25075, 0.926779, 0, 1.62278, 1.1191
0.632, 2.67811, 0.819888, 0, 0.674145, 1.58024, 0, 5.72976, 3.87357, 0, 4.2506, 0.928632, 0, 1.61784, 1.12005
0.633, 2.68752, 0.820293, 0, 0.680113, 1.58098, 0, 5.73173, 3.87036, 0, 4.2506, 0.927771, 0, 1.61717, 1.12015
0.634, 2.68421, 0.820173, 0, 0.678788, 1.58079, 0, 5.72985, 3.87129, 0, 4.25016, 0.928641, 0, 1.61653, 1.11938
0.635, 2.68416, 0.820334, 0, 0.679961, 1.57989, 0, 5.72953, 3.87243, 0, 4.24981, 0.928365, 0, 1.6167, 1.11991
0.636, 2.68636, 0.820822, 0, 0.68142, 1.58052, 0, 5.72991, 3.8733, 0, 4.24963, 0.928362, 0, 1.61724, 1.12037
0.637, 2.68363, 0.820921, 0, 0.680734, 1.57978, 0, 5.73025, 3.87402, 0, 4.24948, 0.929539, 0, 1.61732, 1.12065
0.638, 2.68541, 0.821372, 0, 0.681981, 1.5803, 0, 5.73006, 3.8701, 0, 4.24927, 0.928816, 0, 1.61799, 1.1211
0.639, 2.68154, 0.81361, 0, 0.675123, 1.57953, 0, 5.72728, 3.90442, 0, 4.26216, 0.942867, 0, 1.63898, 1.11286
0.64, 2.68441, 0.814944, 0, 0.673962, 1.5823, 0, 5.72673, 3.9043, 0, 4.26163, 0.940912, 0, 1.64467, 1.11198
0.641, 2.6756, 0.815013, 0, 0.668311, 1.58206, 0, 5.72545, 3.90673, 0, 4.26132, 0.940714, 0, 1.64682, 1.11176
0.642, 2.67674, 0.815362, 0, 0.668441, 1.58238, 0, 5.72379, 3.90713, 0, 4.2618, 0.939642, 0, 1.64889, 1.1103
0.643, 2.67588, 0.815499, 0, 0.667333, 1.58248, 0, 5.72365, 3.90912, 0, 4.26179, 0.939572, 0, 1.64999, 1.10986
0.644, 2.67567, 0.81569, 0, 0.666632, 1.58287, 0, 5.72359, 3.91094, 0, 4.26282, 0.93994, 0, 1.6545, 1.10918
0.645, 2.67447, 0.815751, 0, 0.665619, 1.58292, 0, 5.72362, 3.91307, 0, 4.26278, 0.939265, 0, 1.65562, 1.1085
0.646, 2.67433, 0.815911, 0, 0.665267, 1.58304, 0, 5.72363, 3.91597, 0, 4.26332, 0.940832, 0, 1.65657, 1.10807
0.647, 2.67394, 0.816071, 0, 0.66477, 1.58318, 0, 5.72427, 3.91795, 0, 4.26341, 0.940701, 0, 1.65746, 1.10799
0.648, 2.67345, 0.816237, 0, 0.664278, 1.58326, 0, 5.72466, 3.91987, 0, 4.26335, 0.940186, 0, 1.65839, 1.10792
0.649, 2.67309, 0.816426, 0, 0.663896, 1.58334, 0, 5.72468, 3.92182, 0, 4.26333, 0.939799, 0, 1.65579, 1.1086
0.65, 2.6727, 0.816636, 0, 0.663573, 1.58339, 0, 5.72468, 3.92365, 0, 4.26127, 0.939424, 0, 1.65412, 1.10855
0.651, 2.67241, 0.816948, 0, 0.663415, 1.58335, 0, 5.70875, 3.92482, 0, 4.26128, 0.939534, 0, 1.65489, 1.1089
0.652, 2.67235, 0.817262, 0, 0.663115, 1.58382, 0, 5.70868, 3.92655, 0, 4.26107, 0.938494, 0, 1.65572, 1.10899
0.653, 2.67071, 0.817403, 0, 0.662176, 1.58369, 0, 5.7082, 3.92804, 0, 4.26098, 0.937541, 0, 1.65653, 1.10921
0.654, 2.671, 0.81766, 0, 0.662213, 1.58358, 0, 5.70787, 3.92963, 0, 4.26096, 0.936869, 0, 1.65744, 1.10915
0.655, 2.67117, 0.81796, 0, 0.662008, 1.58394, 0, 5.70758, 3.93115, 0, 4.26078, 0.936162, 0, 1.65828, 1.10923
0.656, 2.66985, 0.818129, 0, 0.661139, 1.58398, 0, 5.70729, 3.93261, 0, 4.26064, 0.934994, 0, 1.65907, 1.10915
0.657, 2.66959, 0.818352, 0, 0.660991, 1.58395, 0, 5.70702, 3.93401, 0, 4.26079, 0.9356, 0, 1.65995, 1.1091
0.658, 2.66952, 0.818583, 0, 0.660719, 1.58422, 0, 5.70721, 3.93553, 0, 4.2599, 0.934301, 0, 1.65917, 1.10879
0.659, 2.66852, 0.818717, 0, 0.659982, 1.58432, 0, 5.70703, 3.93624, 0, 4.26028, 0.933121, 0, 1.65876, 1.11107
0.66, 2.66807, 0.818854, 0, 0.659576, 1.58444, 0, 5.70696, 3.93813, 0, 4.25991, 0.930275, 0, 1.6598, 1.11036
0.661, 2.66757, 0.819007, 0, 0.659115, 1.58458, 0, 5.70685, 3.93949, 0, 4.26015, 0.930934, 0, 1.66066, 1.11067
0.662, 2.667, 0.819135, 0, 0.658613, 1.58472, 0, 5.70691, 3.94087, 0, 4.26006, 0.929468, 0, 1.66151, 1.11078
0.663, 2.66648, 0.819254, 0, 0.658154, 1.58484, 0, 5.70671, 3.94222, 0, 4.26143, 0.928947, 0, 1.66243, 1.11063
0.664, 2.66594, 0.819372, 0, 0.657756, 1.58496, 0, 5.70696, 3.94409, 0, 4.25804, 0.92794, 0, 1.65183, 1.11089
0.665, 2.6655, 0.81946, 0, 0.657283, 1.5851, 0, 5.70681, 3.9454, 0, 4.2579, 0.927277, 0, 1.65249, 1.11136
0.666, 2.66497, 0.819541, 0, 0.656781, 1.58525, 0, 5.70672, 3.94681, 0, 4.25917, 0.926268, 0, 1.65307, 1.11057
0.667, 2.66443, 0.819616, 0, 0.656296, 1.58538, 0, 5.70664, 3.9482, 0, 4.25908, 0.925121, 0, 1.6539, 1.11035
0.668, 2.66393, 0.819701, 0, 0.655836, 1.58552, 0, 5.70641, 3.94947, 0, 4.259, 0.924383, 0, 1.65446, 1.11012
0.669, 2.66338, 0.819742, 0, 0.656068, 1.58497, 0, 5.70637, 3.95153, 0, 4.25879, 0.923205, 0, 1.65535, 1.11063
0.67, 2.66499, 0.820119, 0, 0.658734, 1.58484, 0, 5.70624, 3.95288, 0, 4.259, 0.922916, 0, 1.65853, 1.11033
0.671, 2.66507, 0.820454, 0, 0.658758, 1.58504, 0, 5.70581, 3.94632, 0, 4.25849, 0.922684, 0, 1.65942, 1.10928
0.672, 2.6641, 0.820688, 0, 0.6584, 1.58491, 0, 5.70774, 3.94764, 0, 4.25841, 0.922252, 0, 1.66015, 1.11012
0.673, 2.66428, 0.820923, 0, 0.660969, 1.58387, 0, 5.70768, 3.94916, 0, 4.25812, 0.921775, 0, 1.66097, 1.1098
0.674, 2.66719, 0.821548, 0, 0.662106, 1.58485, 0, 5.70779, 3.95093, 0, 4.25794, 0.921385, 0, 1.66203, 1.10938
0.675, 2.66361, 0.821663, 0, 0.660075, 1.58473, 0, 5.70611, 3.95179, 0, 4.2576, 0.921613, 0, 1.6623, 1.10988
0.676, 2.66379, 0.821907, 0, 0.660224, 1.58479, 0, 5.7072, 3.9531, 0, 4.25751, 0.920913, 0, 1.66321, 1.10914
0.677, 2.66343, 0.822077, 0, 0.659798, 1.58503, 0, 5.70708, 3.95432, 0, 4.25732, 0.920652, 0, 1.66396, 1.10908
0.678, 2.66251, 0.822189, 0, 0.659145, 1.58513, 0, 5.70689, 3.95816, 0, 4.25712, 0.920513, 0, 1.66481, 1.10889
0.679, 2.6621, 0.822206, 0, 0.658726, 1.58524, 0, 5.70712, 3.95991, 0, 4.25703, 0.919963, 0, 1.66563, 1.10835
0.68, 2.66167, 0.822306, 0, 0.658264, 1.58543, 0, 5.70692, 3.96061, 0, 4.25686, 0.919539, 0, 1.66627, 1.10814
0.681, 2.66099, 0.822313, 0, 0.65767, 1.58555, 0, 5.70684, 3.96178, 0, 4.25696, 0.91972, 0, 1.66696, 1.10777
0.682, 2.66059, 0.822322, 0, 0.657209, 1.58569, 0, 5.7068, 3.96298, 0, 4.25691, 0.919316, 0, 1.66776, 1.10682
0.683, 2.66009, 0.822343, 0, 0.656697, 1.58585, 0, 5.71163, 3.96426, 0, 4.25695, 0.919623, 0, 1.66838, 1.10664
0.684, 2.65956, 0.822344, 0, 0.656136, 1.58604, 0, 5.71196, 3.96532, 0, 4.25683, 0.919269, 0, 1.66904, 1.10668
0.685, 2.65891, 0.822315, 0, 0.655575, 1.58612, 0, 5.71183, 3.96644, 0, 4.25667, 0.91898, 0, 1.66983, 1.10603
0.686, 2.65864, 0.822315, 0, 0.655187, 1.58627, 0, 5.7117, 3.96784, 0, 4.2566, 0.91865, 0, 1.67052, 1.10586
0.687, 2.65812, 0.822314, 0, 0.654576, 1.58653, 0, 5.71158, 3.97059, 0, 4.25687, 0.919228, 0, 1.67115, 1.1059
0.688, 2.65726, 0.82225, 0, 0.65447, 1.58591, 0, 5.71166, 3.97175, 0, 4.25643, 0.921086, 0, 1.67196, 1.10561
0.689, 2.65914, 0.822481, 0, 0.655066, 1.58658, 0, 5.71194, 3.97297, 0, 4.25597, 0.92089, 0, 1.67297, 1.10556
0.69, 2.65682, 0.822429, 0, 0.653491, 1.5867, 0, 5.71171, 3.97385, 0, 4.25586, 0.922084, 0, 1.6734, 1.10504
0.691, 2.6564, 0.822423, 0, 0.653148, 1.58674, 0, 5.71162, 3.97499, 0, 4.25577, 0.921778, 0, 1.67413, 1.10496
0.692, 2.65625, 0.82244, 0, 0.652795, 1.58695, 0, 5.71156, 3.97582, 0, 4.25561, 0.921511, 0, 1.67481, 1.10524
0.693, 2.65549, 0.822396, 0, 0.652144, 1.58707, 0, 5.71153, 3.977, 0, 4.2554, 0.920515, 0, 1.67556, 1.10519
0.694, 2.65509, 0.82238, 0, 0.651581, 1.5874, 0, 5.71125, 3.97902, 0, 4.2552, 0.91992, 0, 1.67634, 1.10574
0.695, 2.65402, 0.822298, 0, 0.650858, 1.58736, 0, 5.71113, 3.98024, 0, 4.25518, 0.92022, 0, 1.67694, 1.10599
0.696, 2.65414, 0.822294, 0, 0.650714, 1.58752, 0, 5.71113, 3.98131, 0, 4.25498, 0.919753, 0, 1.6778, 1.10394
0.697, 2.65361, 0.82226, 0, 0.647442, 1.58992, 0, 5.71109, 3.98228, 0, 4.25487, 0.919952, 0, 1.67841, 1.10345
0.698, 2.64616, 0.821415, 0, 0.64433, 1.58824, 0, 5.71082, 3.98304, 0, 4.25435, 0.921427, 0, 1.67857, 1.1034
0.699, 2.65198, 0.821563, 0, 0.647242, 1.58874, 0, 5.71136, 3.98431, 0, 4.25435, 0.920601, 0, 1.67996, 1.10309
0.7, 2.65035, 0.821387, 0, 0.645696, 1.58916, 0, 5.71148, 3.98654, 0, 4.25397, 0.92106, 0, 1.68043, 1.10444
0.701, 2.64906, 0.821206, 0, 0.644891, 1.58906, 0, 5.71144, 3.98748, 0, 4.25382, 0.920981, 0, 1.68109, 1.10405
0.702, 2.64946, 0.82118, 0, 0.644893, 1.58924, 0, 5.71146, 3.98895, 0, 4.25361, 0.920908, 0, 1.68138, 1.10218
0.703, 2.64885, 0.821184, 0, 0.644436, 1.58933, 0, 5.71103, 3.9889, 0, 4.25322, 0.920287, 0, 1.68186, 1.10315
0.704, 2.64852, 0.821141, 0, 0.644087, 1.58943, 0, 5.71108, 3.98988, 0, 4.25323, 0.920478, 0, 1.68245, 1.10269
0.705, 2.64816, 0.821116, 0, 0.643707, 1.58956, 0, 5.71112, 3.99085, 0, 4.25362, 0.920861, 0, 1.68315, 1.10348
0.706, 2.6477, 0.82109, 0, 0.643263, 1.5897, 0, 5.71147, 3.99145, 0, 4.25348, 0.920954, 0, 1.68375, 1.10318
0.707, 2.64718, 0.821044, 0, 0.642802, 1.58979, 0, 5.71159, 3.99276, 0, 4.25343, 0.921409, 0, 1.68453, 1.10359
0.708, 2.64686, 0.821041, 0, 0.642448, 1.58991, 0, 5.71203, 3.9932, 0, 4.25402, 0.921834, 0, 1.68515, 1.10322
0.709, 2.6464, 0.821008, 0, 0.641984, 1.59004, 0, 5.71206, 3.99416, 0, 4.25361, 0.920764, 0, 1.68566, 1.10273
0.71, 2.64594, 0.821002, 0, 0.641573, 1.59013, 0, 5.71209, 3.99497, 0, 4.2537, 0.921312, 0, 1.6864, 1.10134
0.711, 2.64561, 0.820986, 0, 0.641219, 1.59024, 0, 5.71211, 3.99633, 0, 4.25382, 0.921337, 0, 1.68702, 1.10117
0.712, 2.64519, 0.820969, 0, 0.640825, 1.59034, 0, 5.7124, 3.9977, 0, 4.25382, 0.920634, 0, 1.68786, 1.09932
0.713, 2.64483, 0.820939, 0, 0.640419, 1.59047, 0, 5.71239, 3.99868, 0, 4.25399, 0.920571, 0, 1.68838, 1.09978
0.714, 2.64441, 0.8209, 0, 0.639962, 1.59018, 0, 5.71236, 3.99964, 0, 4.25467, 0.917937, 0, 1.68885, 1.09935
0.715, 2.64525, 0.821025, 0, 0.6401, 1.59059, 0, 5.71228, 4.00059, 0, 4.25514, 0.916394, 0, 1.68952, 1.09991
0.716, 2.64381, 0.820989, 0, 0.639143, 1.59062, 0, 5.71224, 4.00138, 0, 4.25561, 0.916788, 0, 1.69004, 1.09954
0.717, 2.64367, 0.820964, 0, 0.638942, 1.59068, 0, 5.71239, 4.00308, 0, 4.25473, 0.913246, 0, 1.68923, 1.09881
0.718, 2.64341, 0.82096, 0, 0.638631, 1.59077, 0, 5.71246, 4.00396, 0, 4.25518, 0.913162, 0, 1.68994, 1.09843
0.719, 2.64307, 0.820946, 0, 0.638237, 1.5909, 0, 5.71265, 4.00487, 0, 4.25524, 0.868665, 0, 1.69065, 1.09834
0.72, 2.64261, 0.820921, 0, 0.637804, 1.591, 0, 5.71268, 4.00587, 0, 4.25509, 0.868131, 0, 1.69131, 1.09801
0.721, 2.64227, 0.82099, 0, 0.637514, 1.5911, 0, 5.72356, 4.00631, 0, 4.25513, 0.867564, 0, 1.69301, 1.0978
0.722, 2.64192, 0.820963, 0, 0.637169, 1.59118, 0, 5.72525, 4.00764, 0, 4.25521, 0.867367, 0, 1.6936, 1.0977
0.723, 2.64163, 0.820925, 0, 0.636831, 1.59127, 0, 5.72544, 4.00854, 0, 4.25522, 0.86624, 0, 1.69432, 1.09537
0.724, 2.64132, 0.82088, 0, 0.636451, 1.59137, 0, 5.72546, 4.00961, 0, 4.2552, 0.865794, 0, 1.69492, 1.09504
0.725, 2.64096, 0.820836, 0, 0.63614, 1.59141, 0, 5.72548, 4.01105, 0, 4.25514, 0.86491, 0, 1.69556, 1.09544
0.726, 2.6408, 0.820816, 0, 0.635831, 1.59155, 0, 5.72555, 4.01195, 0, 4.25526, 0.864528, 0, 1.69629, 1.09543
0.727, 2.64032, 0.820776, 0, 0.635357, 1.59165, 0, 5.72558, 4.01282, 0, 4.25534, 0.864361, 0, 1.69695, 1.09463
0.728, 2.63997, 0.820738, 0, 0.63498, 1.59175, 0, 5.72569, 4.01351, 0, 4.25515, 0.864597, 0, 1.6956, 1.09429
0.729, 2.63965, 0.820699, 0, 0.634605, 1.59185, 0, 5.72581, 4.01445, 0, 4.25511, 0.864768, 0, 1.69619, 1.09386
0.73, 2.6393, 0.820637, 0, 0.634246, 1.59184, 0, 5.72597, 4.01457, 0, 4.25508, 0.864603, 0, 1.69686, 1.09357
0.731, 2.6393, 0.820649, 0, 0.633996, 1.59203, 0, 5.72598, 4.01541, 0, 4.25827, 0.865481, 0, 1.6975, 1.09331
0.732, 2.63865, 0.820609, 0, 0.63345, 1.59211, 0, 5.72618, 4.01656, 0, 4.25834, 0.866537, 0, 1.69818, 1.0931
0.733, 2.6384, 0.820559, 0, 0.633099, 1.5922, 0, 5.7259, 4.01742, 0, 4.25821, 0.866642, 0, 1.69866, 1.09276
0.734, 2.63807, 0.820543, 0, 0.635819, 1.59013, 0, 5.726, 4.01831, 0, 4.25823, 0.867323, 0, 1.69944, 1.09259
0.735, 2.64441, 0.821303, 0, 0.638746, 1.5915, 0, 5.72639, 4.01948, 0, 4.25818, 0.866853, 0, 1.70069, 1.09194
0.736, 2.63949, 0.821284, 0, 0.635957, 1.59128, 0, 5.72648, 4.02039, 0, 4.25775, 0.86804, 0, 1.70082, 1.09202
0.737, 2.64004, 0.821485, 0, 0.636436, 1.59119, 0, 5.72682, 4.02144, 0, 4.25718, 0.868509, 0, 1.70039, 1.09171
0.738, 2.64013, 0.821632, 0, 0.636241, 1.59146, 0, 5.72697, 4.02245, 0, 4.25725, 0.869519, 0, 1.70111, 1.09157
0.739, 2.63914, 0.82162, 0, 0.635497, 1.59151, 0, 5.72767, 4.02354, 0, 4.25679, 0.868758, 0, 1.70187, 1.09174
0.74, 2.6389, 0.821644, 0, 0.635189, 1.5916, 0, 5.72784, 4.02507, 0, 4.2565, 0.867685, 0, 1.70271, 1.09166
0.741, 2.63861, 0.821713, 0, 0.634827, 1.59174, 0, 5.72792, 4.0251, 0, 4.25652, 0.868542, 0, 1.70324, 1.0917
0.742, 2.63815, 0.82169, 0, 0.634365, 1.59181, 0, 5.72799, 4.02599, 0, 4.25645, 0.869074, 0, 1.7039, 1.0908
0.743, 2.63792, 0.82167, 0, 0.634005, 1.59193, 0, 5.72827, 4.02674, 0, 4.25658, 0.870049, 0, 1.70448, 1.09088
0.744, 2.63756, 0.821619, 0, 0.633563, 1.59203, 0, 5.72844, 4.02755, 0, 4.25634, 0.870679, 0, 1.70487, 1.09084
0.745, 2.63725, 0.821581, 0, 0.633156, 1.59214, 0, 5.72873, 4.02857, 0, 4.25617, 0.870969, 0, 1.70558, 1.0907
0.746, 2.63694, 0.821522, 0, 0.63273, 1.59224, 0, 5.72888, 4.02939, 0, 4.25576, 0.870925, 0, 1.70627, 1.0906
0.747, 2.63664, 0.821481, 0, 0.632312, 1.59235, 0, 5.73008, 4.03135, 0, 4.25511, 0.868344, 0, 1.70691, 1.09065
0.748, 2.63629, 0.821414, 0, 0.631849, 1.59246, 0, 5.73021, 4.03222, 0, 4.25524, 0.869249, 0, 1.70767, 1.09039
0.749, 2.63599, 0.821346, 0, 0.63187, 1.59214, 0, 5.73038, 4.03317, 0, 4.25532, 0.870055, 0, 1.70834, 1.0901
0.75, 2.63694, 0.821435, 0, 0.632075, 1.5925, 0, 5.73109, 4.03469, 0, 4.25487, 0.866564, 0, 1.70942, 1.08992
0.751, 2.63572, 0.821351, 0, 0.631115, 1.59253, 0, 5.7309, 4.03566, 0, 4.25495, 0.866647, 0, 1.70999, 1.08945
0.752, 2.63561, 0.82133, 0, 0.630815, 1.59264, 0, 5.73113, 4.03646, 0, 4.25515, 0.867252, 0, 1.7107, 1.08933
0.753, 2.63526, 0.82131, 0, 0.630323, 1.59279, 0, 5.73129, 4.03769, 0, 4.25523, 0.867215, 0, 1.71121, 1.08927
0.754, 2.63478, 0.821264, 0, 0.629831, 1.59287, 0, 5.73159, 4.03879, 0, 4.25519, 0.866149, 0, 1.71191, 1.0894
0.755, 2.63454, 0.82124, 0, 0.629426, 1.59301, 0, 5.73175, 4.03965, 0, 4.25558, 0.866564, 0, 1.71264, 1.08915
0.756, 2.6341, 0.821079, 0, 0.628837, 1.5931, 0, 5.73246, 4.04177, 0, 4.2558, 0.865792, 0, 1.71285, 1.08917
0.757, 2.63382, 0.821059, 0, 0.628393, 1.59325, 0, 5.73209, 4.04286, 0, 4.25607, 0.865626, 0, 1.71366, 1.08905
0.758, 2.63337, 0.821004, 0, 0.627872, 1.59335, 0, 5.73222, 4.04367, 0, 4.2561, 0.864692, 0, 1.71443, 1.08902
0.759, 2.63307, 0.820941, 0, 0.627429, 1.59346, 0, 5.73245, 4.0451, 0, 4.2563, 0.864867, 0, 1.71351, 1.08893
0.76, 2.63279, 0.820921, 0, 0.626818, 1.59364, 0, 5.72153, 4.04504, 0, 4.25628, 0.86502, 0, 1.7139, 1.08825
0.761, 2.63223, 0.820847, 0, 0.626028, 1.59395, 0, 5.72184, 4.04599, 0, 4.25594, 0.864065, 0, 1.7146, 1.08844
0.762, 2.63131, 0.820681, 0, 0.625183, 1.594, 0, 5.72221, 4.04698, 0, 4.2556, 0.863172, 0, 1.71534, 1.08858
0.763, 2.63124, 0.820588, 0, 0.62481, 1.59421, 0, 5.72351, 4.04795, 0, 4.25868, 0.862236, 0, 1.71625, 1.08835
0.764, 2.63064, 0.820457, 0, 0.624154, 1.59429, 0, 5.72512, 4.04887, 0, 4.2587, 0.86145, 0, 1.71722, 1.08725
0.765, 2.63045, 0.820385, 0, 0.623753, 1.59441, 0, 5.72541, 4.04973, 0, 4.25882, 0.861827, 0, 1.71801, 1.08852
0.766, 2.63011, 0.820199, 0, 0.623203, 1.5945, 0, 5.7262, 4.05189, 0, 4.2585, 0.859097, 0, 1.719, 1.08832
0.767, 2.62987, 0.820174, 0, 0.622767, 1.59464, 0, 5.72622, 4.05251, 0, 4.25902, 0.860643, 0, 1.71958, 1.08997
0.768, 2.62945, 0.820092, 0, 0.622257, 1.59472, 0, 5.72641, 4.05249, 0, 4.25852, 0.859119, 0, 1.72058, 1.0887
0.769, 2.62925, 0.820085, 0, 0.621878, 1.59484, 0, 5.72637, 4.05458, 0, 4.2585, 0.859768, 0, 1.72108, 1.08865
0.77, 2.62889, 0.820044, 0, 0.621422, 1.59493, 0, 5.7265, 4.05568, 0, 4.25831, 0.859607, 0, 1.72182, 1.08828
0.771, 2.62862, 0.820011, 0, 0.621021, 1.59503, 0, 5.72662, 4.0565, 0, 4.25858, 0.861017, 0, 1.72249, 1.08809
0.772, 2.6283, 0.819957, 0, 0.62059, 1.59512, 0, 5.72683, 4.0574, 0, 4.25817, 0.859519, 0, 1.7233, 1.08787
0.773, 2.62802, 0.8199, 0, 0.620113, 1.59524, 0, 5.72703, 4.05806, 0, 4.25801, 0.858469, 0, 1.72412, 1.08783
0.774, 2.62766, 0.819909, 0, 0.619638, 1.5954, 0, 5.72718, 4.05853, 0, 4.25853, 0.869431, 0, 1.72481, 1.08743
0.775, 2.62719, 0.819839, 0, 0.619118, 1.59547, 0, 5.72757, 4.05933, 0, 4.25847, 0.869872, 0, 1.72547, 1.08708
0.776, 2.62699, 0.819821, 0, 0.618764, 1.59559, 0, 5.7273, 4.06008, 0, 4.25803, 0.869151, 0, 1.72613, 1.08743
0.777, 2.62663, 0.819718, 0, 0.618276, 1.59568, 0, 5.72788, 4.06132, 0, 4.25742, 0.813815, 0, 1.72695, 1.08705
0.778, 2.62634, 0.819625, 0, 0.617827, 1.59578, 0, 5.72813, 4.062, 0, 4.2568, 0.807103, 0, 1.72796, 1.08654
0.779, 2.62607, 0.819566, 0, 0.617365, 1.5959, 0, 5.72826, 4.06279, 0, 4.25681, 0.808363, 0, 1.72865, 1.08573
0.78, 2.62569, 0.819579, 0, 0.616949, 1.59601, 0, 5.73896, 4.06336, 0, 4.25659, 0.809679, 0, 1.72924, 1.08628
0.781, 2.62539, 0.819534, 0, 0.616542, 1.59609, 0, 5.73879, 4.06419, 0, 4.25672, 0.811169, 0, 1.72999, 1.08586
0.782, 2.62514, 0.819476, 0, 0.616146, 1.59619, 0, 5.73971, 4.0651, 0, 4.25681, 0.812833, 0, 1.73074, 1.08557
0.783, 2.62484, 0.819418, 0, 0.615705, 1.59617, 0, 5.73981, 4.06614, 0, 4.2566, 0.813837, 0, 1.73124, 1.08528
0.784, 2.62494, 0.819418, 0, 0.615462, 1.59636, 0, 5.73991, 4.0669, 0, 4.25687, 0.815002, 0, 1.73186, 1.08511
0.785, 2.62433, 0.819356, 0, 0.614884, 1.59643, 0, 5.7401, 4.06773, 0, 4.25706, 0.816131, 0, 1.73269, 1.08218
0.786, 2.62413, 0.819318, 0, 0.614535, 1.59652, 0, 5.74032, 4.0686, 0, 4.25724, 0.817473, 0, 1.73326, 1.08187
0.787, 2.62383, 0.819267, 0, 0.614292, 1.5963, 0, 5.74072, 4.06946, 0, 4.25759, 0.818965, 0, 1.7339, 1.08144
0.788, 2.6245, 0.819292, 0, 0.614249, 1.5967, 0, 5.74122, 4.07082, 0, 4.25775, 0.819654, 0, 1.73393, 1.08149
0.789, 2.62321, 0.819251, 0, 0.613106, 1.59603, 0, 5.74284, 4.07121, 0, 4.2588, 0.825754, 0, 1.73271, 1.08123
0.79, 2.62526, 0.819436, 0, 0.613779, 1.59663, 0, 5.742, 4.07124, 0, 4.2583, 0.824738, 0, 1.73364, 1.08104
0.791, 2.62325, 0.819249, 0, 0.61225, 1.59666, 0, 5.74182, 4.07043, 0, 4.25831, 0.82688, 0, 1.73388, 1.08071
0.792, 2.62315, 0.819309, 0, 0.612079, 1.59674, 0, 5.7422, 4.07087, 0, 4.25937, 0.831074, 0, 1.73471, 1.0804
0.793, 2.62288, 0.819303, 0, 0.6117, 1.59687, 0, 5.74224, 4.07154, 0, 4.25937, 0.833576, 0, 1.73563, 1.08036
0.794, 2.62244, 0.819233, 0, 0.611218, 1.59695, 0, 5.74235, 4.07239, 0, 4.25903, 0.832304, 0, 1.73673, 1.07993
0.795, 2.62223, 0.819163, 0, 0.610822, 1.59706, 0, 5.74247, 4.07327, 0, 4.25915, 0.833167, 0, 1.73753, 1.07967
0.796, 2.62189, 0.818987, 0, 0.610263, 1.59716, 0, 5.7432, 4.07559, 0, 4.25946, 0.834976, 0, 1.73872, 1.0793
0.797, 2.6216, 0.818919, 0, 0.609772, 1.59731, 0, 5.74367, 4.07677, 0, 4.25982, 0.836419, 0, 1.73967, 1.07901
0.798, 2.62118, 0.818848, 0, 0.609245, 1.59741, 0, 5.74366, 4.07759, 0, 4.25956, 0.83502, 0, 1.74059, 1.07871
0.799, 2.62087, 0.818844, 0, 0.608894, 1.59751, 0, 5.74519, 4.07848, 0, 4.2598, 0.836404, 0, 1.74173, 1.07833
0.8, 2.62064, 0.818719, 0, 0.60839, 1.59762, 0, 5.7459, 4.07948, 0, 4.25928, 0.837027, 0, 1.74158, 1.07809
0.801, 2.62033, 0.818596, 0, 0.60786, 1.59774, 0, 5.7463, 4.08077, 0, 4.25873, 0.837931, 0, 1.74224, 1.07784
0.802, 2.62, 0.818526, 0, 0.607359, 1.59786, 0, 5.75176, 4.08167, 0, 4.25893, 0.83903, 0, 1.74302, 1.07759
0.803, 2.61968, 0.818444, 0, 0.606862, 1.59798, 0, 5.75189, 4.08255, 0, 4.25893, 0.839592, 0, 1.7436, 1.07748
0.804, 2.61934, 0.818366, 0, 0.60638, 1.59804, 0, 5.75204, 4.08358, 0, 4.25822, 0.839328, 0, 1.74344, 1.0776
0.805, 2.61919, 0.818368, 0, 0.606147, 1.59805, 0, 5.7524, 4.0845, 0, 4.25886, 0.841748, 0, 1.74428, 1.07755
0.806, 2.61919, 0.818325, 0, 0.605787, 1.59824, 0, 5.753, 4.08494, 0, 4.25884, 0.841038, 0, 1.74488, 1.07812
0.807, 2.6186, 0.818241, 0, 0.605339, 1.59812, 0, 5.75325, 4.08582, 0, 4.25874, 0.84176, 0, 1.74555, 1.07771
0.808, 2.61897, 0.818212, 0, 0.605022, 1.59842, 0, 5.75352, 4.08718, 0, 4.25812, 0.832451, 0, 1.74667, 1.07713
0.809, 2.61801, 0.818137, 0, 0.604267, 1.59842, 0, 5.7536, 4.0879, 0, 4.25834, 0.834071, 0, 1.74721, 1.07836
0.81, 2.61802, 0.818072, 0, 0.60405, 1.59849, 0, 5.75398, 4.08909, 0, 4.25864, 0.834081, 0, 1.74355, 1.07798
0.811, 2.61782, 0.818062, 0, 0.603641, 1.59864, 0, 5.75455, 4.08974, 0, 4.25882, 0.835134, 0, 1.74425, 1.07768
0.812, 2.61738, 0.818073, 0, 0.603184, 1.59873, 0, 5.75447, 4.08948, 0, 4.25909, 0.835904, 0, 1.74486, 1.07737
0.813, 2.61711, 0.818019, 0, 0.60276, 1.59884, 0, 5.75467, 4.09024, 0, 4.25907, 0.836322, 0, 1.74565, 1.07749
0.814, 2.61679, 0.817902, 0, 0.602251, 1.59895, 0, 5.75483, 4.091, 0, 4.25878, 0.838827, 0, 1.74634, 1.07706
0.815, 2.6165, 0.817896, 0, 0.601656, 1.59926, 0, 5.75475, 4.09179, 0, 4.25942, 0.838655, 0, 1.74699, 1.07683
0.816, 2.61555, 0.817738, 0, 0.600894, 1.59923, 0, 5.75492, 4.09257, 0, 4.25946, 0.840969, 0, 1.74779, 1.0764
0.817, 2.61573, 0.817684, 0, 0.600746, 1.59929, 0, 5.75523, 4.09319, 0, 4.25987, 0.841168, 0, 1.74869, 1.07578
0.818, 2.6156, 0.81765, 0, 0.600665, 1.59918, 0, 5.75529, 4.09414, 0, 4.26047, 0.842757, 0, 1.74951, 1.0731
0.819, 2.61594, 0.817688, 0, 0.60054, 1.59944, 0, 5.75593, 4.09472, 0, 4.26076, 0.84443, 0, 1.75023, 1.07322
0.82, 2.6151, 0.817629, 0, 0.59984, 1.5995, 0, 5.75603, 4.0953, 0, 4.26057, 0.843188, 0, 1.75093, 1.07284
0.821, 2.61493, 0.817596, 0, 0.599511, 1.59959, 0, 5.75626, 4.0957, 0, 4.26074, 0.844476, 0, 1.75157, 1.07245
0.822, 2.61464, 0.817527, 0, 0.599073, 1.59968, 0, 5.75639, 4.09666, 0, 4.26052, 0.844759, 0, 1.7526, 1.0727
0.823, 2.61437, 0.817194, 0, 0.59872, 1.5994, 0, 5.7575, 4.10007, 0, 4.26073, 0.844029, 0, 1.75402, 1.07201
0.824, 2.61525, 0.817344, 0, 0.598728, 1.5999, 0, 5.75781, 4.10065, 0, 4.26119, 0.846239, 0, 1.75523, 1.07125
0.825, 2.6136, 0.817227, 0, 0.597543, 1.5999, 0, 5.75854, 4.10152, 0, 4.26082, 0.844995, 0, 1.75605, 1.07076
0.826, 2.61364, 0.817189, 0, 0.597864, 1.59953, 0, 5.75883, 4.10214, 0, 4.26061, 0.841984, 0, 1.75713, 1.07021
0.827, 2.6148, 0.817305, 0, 0.597983, 1.60007, 0, 5.75915, 4.10365, 0, 4.26066, 0.84217, 0, 1.75812, 1.06971
0.828, 2.61303, 0.817331, 0, 0.596823, 1.60011, 0, 5.75845, 4.10494, 0, 4.26048, 0.843132, 0, 1.75853, 1.06983
0.829, 2.61298, 0.817286, 0, 0.596608, 1.60015, 0, 5.75879, 4.10602, 0, 4.26039, 0.840473, 0, 1.75848, 1.06908
0.83, 2.61287, 0.817233, 0, 0.59623, 1.60033, 0, 5.76011, 4.10866, 0, 4.26036, 0.840717, 0, 1.75928, 1.06837
0.831, 2.61235, 0.817103, 0, 0.597162, 1.59849, 0, 5.76058, 4.11057, 0, 4.26077, 0.848704, 0, 1.76011, 1.06819
0.832, 2.61804, 0.817728, 0, 0.599307, 1.6001, 0, 5.76408, 4.11148, 0, 4.26073, 0.846262, 0, 1.76149, 1.06775
0.833, 2.61253, 0.817525, 0, 0.596044, 1.59978, 0, 5.764, 4.11265, 0, 4.26037, 0.844837, 0, 1.76186, 1.06662
0.834, 2.61374, 0.818562, 0, 0.597288, 1.59996, 0, 5.76336, 4.10739, 0, 4.25891, 0.842924, 0, 1.76391, 1.06755
0.835, 2.61305, 0.818381, 0, 0.596813, 1.59995, 0, 5.76374, 4.10854, 0, 4.25902, 0.844193, 0, 1.76423, 1.06708
0.836, 2.61304, 0.818223, 0, 0.596704, 1.60006, 0, 5.76376, 4.10992, 0, 4.25847, 0.840854, 0, 1.76376, 1.06667
0.837, 2.61267, 0.818093, 0, 0.596235, 1.60019, 0, 5.76401, 4.11088, 0, 4.25876, 0.841705, 0, 1.76452, 1.06757
0.838, 2.61227, 0.817977, 0, 0.596572, 1.59974, 0, 5.76266, 4.11145, 0, 4.25792, 0.84217, 0, 1.76264, 1.06695
0.839, 2.6137, 0.818049, 0, 0.596964, 1.60022, 0, 5.76311, 4.11243, 0, 4.25814, 0.842946, 0, 1.76355, 1.06655
0.84, 2.61205, 0.817846, 0, 0.595793, 1.60024, 0, 5.76343, 4.11376, 0, 4.25769, 0.833442, 0, 1.76444, 1.06633
0.841, 2.61202, 0.817764, 0, 0.595544, 1.60043, 0, 5.7639, 4.11407, 0, 4.25798, 0.832316, 0, 1.76521, 1.066
0.842, 2.61145, 0.817629, 0, 0.59488, 1.60045, 0, 5.76585, 4.11505, 0, 4.25841, 0.833101, 0, 1.76603, 1.06558
0.843, 2.61145, 0.817539, 0, 0.594523, 1.60067, 0, 5.76625, 4.11625, 0, 4.25846, 0.833003, 0, 1.76676, 1.06534
0.844, 2.61078, 0.817408, 0, 0.593849, 1.6008, 0, 5.77088, 4.11587, 0, 4.25843, 0.833023, 0, 1.76744, 1.0648
0.845, 2.61046, 0.817256, 0, 0.593348, 1.60093, 0, 5.77136, 4.11682, 0, 4.25855, 0.829711, 0, 1.76837, 1.06424
0.846, 2.61013, 0.817149, 0, 0.59284, 1.60109, 0, 5.77204, 4.11906, 0, 4.25859, 0.830108, 0, 1.76891, 1.06367
0.847, 2.60968, 0.816993, 0, 0.59227, 1.60122, 0, 5.77251, 4.12094, 0, 4.25854, 0.828231, 0, 1.76966, 1.06289
0.848, 2.60937, 0.816865, 0, 0.591763, 1.60137, 0, 5.77288, 4.12197, 0, 4.25873, 0.828398, 0, 1.77046, 1.06253
0.849, 2.60895, 0.816728, 0, 0.591209, 1.60151, 0, 5.7733, 4.123, 0, 4.25894, 0.828623, 0, 1.77142, 1.06077
0.85, 2.60859, 0.816562, 0, 0.590679, 1.60164, 0, 5.77487, 4.11567, 0, 4.25909, 0.829388, 0, 1.77169, 1.06048
0.851, 2.60826, 0.816444, 0, 0.590161, 1.6018, 0, 5.77534, 4.11668, 0, 4.25931, 0.829942, 0, 1.77248, 1.06007
0.852, 2.60787, 0.816435, 0, 0.58968, 1.60196, 0, 5.77549, 4.11695, 0, 4.25923, 0.830324, 0, 1.77384, 1.05991
0.853, 2.60743, 0.816323, 0, 0.589295, 1.60197, 0, 5.77561, 4.11741, 0, 4.25942, 0.831155, 0, 1.77455, 1.05959
0.854, 2.60745, 0.816197, 0, 0.588323, 1.60281, 0, 5.77615, 4.11792, 0, 4.25944, 0.830283, 0, 1.77532, 1.05336
0.855, 2.60491, 0.815833, 0, 0.586943, 1.60233, 0, 5.77603, 4.11893, 0, 4.25939, 0.828825, 0, 1.77591, 1.0531
0.856, 2.60662, 0.815771, 0, 0.587576, 1.60259, 0, 5.77664, 4.11954, 0, 4.25942, 0.828089, 0, 1.77704, 1.05367
0.857, 2.60586, 0.81564, 0, 0.586799, 1.60273, 0, 5.77657, 4.12049, 0, 4.2596, 0.830417, 0, 1.77774, 1.05321
0.858, 2.60546, 0.815524, 0, 0.586337, 1.60279, 0, 5.77701, 4.12198, 0, 4.25945, 0.82726, 0, 1.77853, 1.05283
0.859, 2.60533, 0.815439, 0, 0.585917, 1.603, 0, 5.77748, 4.12309, 0, 4.25947, 0.827746, 0, 1.77933, 1.05227
0.86, 2.60471, 0.815308, 0, 0.585268, 1.60312, 0, 5.77793, 4.12332, 0, 4.25971, 0.828387, 0, 1.78006, 1.05192
0.861, 2.60441, 0.815196, 0, 0.584816, 1.60322, 0, 5.77887, 4.12393, 0, 4.25854, 0.81407, 0, 1.78069, 1.05149
0.862, 2.60421, 0.81537, 0, 0.584533, 1.60343, 0, 5.77961, 4.12393, 0, 4.25821, 0.813035, 0, 1.77764, 1.05162
0.863, 2.60357, 0.815205, 0, 0.58397, 1.60345, 0, 5.78011, 4.12498, 0, 4.25829, 0.813127, 0, 1.77881, 1.05044
0.864, 2.60356, 0.815093, 0, 0.583657, 1.60362, 0, 5.78042, 4.12615, 0, 4.25836, 0.812785, 0, 1.77939, 1.05086
0.865, 2.60309, 0.81497, 0, 0.583067, 1.60378, 0, 5.78088, 4.12716, 0, 4.25839, 0.812626, 0, 1.78012, 1.04974
0.866, 2.60265, 0.814833, 0, 0.58254, 1.60388, 0, 5.7833, 4.12861, 0, 4.25832, 0.812522, 0, 1.78081, 1.04943
0.867, 2.60242, 0.814724, 0, 0.585056, 1.60262, 0, 5.78252, 4.1303, 0, 4.2583, 0.812262, 0, 1.78134, 1.04923
0.868, 2.60634, 0.815128, 0, 0.586484, 1.60375, 0, 5.78207, 4.13133, 0, 4.25852, 0.772181, 0, 1.78234, 1.04894
0.869, 2.60247, 0.815018, 0, 0.584242, 1.60357, 0, 5.78445, 4.13508, 0, 4.26214, 0.772602, 0, 1.77981, 1.04931
0.87, 2.60304, 0.815058, 0, 0.58453, 1.60358, 0, 5.78476, 4.13615, 0, 4.2622, 0.772841, 0, 1.7805, 1.04895
0.871, 2.60299, 0.815037, 0, 0.584103, 1.60385, 0, 5.78523, 4.1373, 0, 4.26237, 0.773537, 0, 1.78124, 1.0458
0.872, 2.60213, 0.814943, 0, 0.58352, 1.60364, 0, 5.78491, 4.13932, 0, 4.26191, 0.773794, 0, 1.78002, 1.04537
0.873, 2.6028, 0.814961, 0, 0.583472, 1.604, 0, 5.78424, 4.14032, 0, 4.26192, 0.774023, 0, 1.78076, 1.02143
0.874, 2.60163, 0.814826, 0, 0.5825, 1.6041, 0, 5.78472, 4.14122, 0, 4.26224, 0.774348, 0, 1.78138, 1.02104
0.875, 2.60141, 0.814755, 0, 0.582087, 1.60423, 0, 5.78512, 4.14263, 0, 4.26197, 0.774593, 0, 1.78188, 1.02159
0.876, 2.60105, 0.814652, 0, 0.581252, 1.60467, 0, 5.7856, 4.14315, 0, 4.26211, 0.775238, 0, 1.78261, 1.02141
0.877, 2.59979, 0.814454, 0, 0.580327, 1.60459, 0, 5.78427, 4.14388, 0, 4.26259, 0.774981, 0, 1.78559, 1.02109
0.878, 2.60016, 0.814343, 0, 0.580475, 1.6044, 0, 5.78477, 4.14499, 0, 4.26245, 0.774903, 0, 1.78491, 1.02051
0.879, 2.60082, 0.814331, 0, 0.580334, 1.60483, 0, 5.78562, 4.146, 0, 4.26251, 0.77476, 0, 1.78504, 1.0201
0.88, 2.59948, 0.814178, 0, 0.579278, 1.60486, 0, 5.78676, 4.14702, 0, 4.25503, 0.775236, 0, 1.77636, 1.01974
0.881, 2.59948, 0.814111, 0, 0.578991, 1.60501, 0, 5.78729, 4.14875, 0, 4.2551, 0.775059, 0, 1.77735, 1.01921
0.882, 2.59905, 0.813963, 0, 0.578407, 1.60516, 0, 5.78784, 4.15018, 0, 4.25509, 0.774875, 0, 1.77705, 1.01899
0.883, 2.59865, 0.813869, 0, 0.57789, 1.6053, 0, 5.79063, 4.1511, 0, 4.25553, 0.776019, 0, 1.77772, 1.01819
0.884, 2.59829, 0.813757, 0, 0.577379, 1.60544, 0, 5.79149, 4.15212, 0, 4.25543, 0.775981, 0, 1.77966, 1.01788
0.885, 2.59794, 0.813667, 0, 0.581575, 1.60209, 0, 5.7753, 4.15141, 0, 4.25521, 0.774841, 0, 1.78027, 1.01732
0.886, 2.60829, 0.814794, 0, 0.585838, 1.60481, 0, 5.77411, 4.15294, 0, 4.25917, 0.774469, 0, 1.7775, 1.01665
0.887, 2.59889, 0.814502, 0, 0.58063, 1.60419, 0, 5.77388, 4.1533, 0, 4.25872, 0.775339, 0, 1.77696, 1.0165
0.888, 2.60087, 0.81475, 0, 0.581871, 1.60419, 0, 5.77611, 4.15457, 0, 4.2589, 0.774535, 0, 1.77859, 1.01595
0.889, 2.60078, 0.814839, 0, 0.581345, 1.60459, 0, 5.77632, 4.15558, 0, 4.25888, 0.774382, 0, 1.77916, 1.01544
0.89, 2.59947, 0.814809, 0, 0.580399, 1.60462, 0, 5.77673, 4.15578, 0, 4.25532, 0.774276, 0, 1.78282, 1.01523
0.891, 2.59941, 0.814802, 0, 0.580242, 1.60466, 0, 5.77787, 4.15728, 0, 4.25902, 0.774309, 0, 1.79506, 1.01489
0.892, 2.5993, 0.814754, 0, 0.57974, 1.60511, 0, 5.77852, 4.1584, 0, 4.2589, 0.773632, 0, 1.79657, 1.01421
0.893, 2.59796, 0.814564, 0, 0.578772, 1.60506, 0, 5.77908, 4.18822, 0, 4.25884, 0.773322, 0, 1.79766, 1.01369
0.894, 2.59824, 0.814435, 0, 0.578614, 1.60522, 0, 5.77822, 4.18983, 0, 4.25512, 0.773268, 0, 1.78702, 1.01304
0.895, 2.59802, 0.815227, 0, 0.578678, 1.60554, 0, 5.77883, 4.18654, 0, 4.25382, 0.773056, 0, 1.7849, 1.0138
0.896, 2.59703, 0.814886, 0, 0.578181, 1.60526, 0, 5.78018, 4.18826, 0, 4.25393, 0.773308, 0, 1.78504, 1.01345
0.897, 2.59799, 0.814729, 0, 0.578387, 1.60543, 0, 5.78084, 4.18975, 0, 4.25398, 0.773259, 0, 1.78575, 1.01288
0.898, 2.59745, 0.814552, 0, 0.577781, 1.60555, 0, 5.78134, 4.19095, 0, 4.254, 0.773952, 0, 1.7863, 1.01234
0.899, 2.5971, 0.814412, 0, 0.577323, 1.60566, 0, 5.78221, 4.19176, 0, 4.25395, 0.773928, 0, 1.78689, 1.01198
0.9, 2.59679, 0.814265, 0, 0.576901, 1.60575, 0, 5.78257, 4.19294, 0, 4.25392, 0.77389, 0, 1.78529, 1.01159
0.901, 2.59653, 0.814093, 0, 0.57677, 1.60498, 0, 5.78516, 4.19414, 0, 4.25371, 0.773926, 0, 1.78613, 1.01062
0.902, 2.59896, 0.814391, 0, 0.577407, 1.60586, 0, 5.78608, 4.19513, 0, 4.25321, 0.772368, 0, 1.78758, 1.01029
0.903, 2.596, 0.814167, 0, 0.575429, 1.60587, 0, 5.7865, 4.19676, 0, 4.25312, 0.772958, 0, 1.78801, 1.01
0.904, 2.59603, 0.814047, 0, 0.575162, 1.60598, 0, 5.78701, 4.19867, 0, 4.25326, 0.773096, 0, 1.78887, 1.0105
0.905, 2.59571, 0.813892, 0, 0.574541, 1.60622, 0, 5.78755, 4.20033, 0, 4.25326, 0.77285, 0, 1.78962, 1.01002
0.906, 2.59502, 0.813696, 0, 0.573719, 1.60641, 0, 5.7872, 4.20172, 0, 4.25323, 0.772526, 0, 1.79042, 1.00954
0.907, 2.59449, 0.813534, 0, 0.567959, 1.61034, 0, 5.78766, 4.20281, 0, 4.25331, 0.773205, 0, 1.79101, 1.00757
0.908, 2.58251, 0.811979, 0, 0.562245, 1.60768, 0, 5.78736, 4.20384, 0, 4.25302, 0.773433, 0, 1.78828, 1.00739
0.909, 2.59197, 0.811958, 0, 0.567368, 1.60782, 0, 5.79054, 4.20589, 0, 4.25339, 0.772713, 0, 1.78993, 1.00616
0.91, 2.59163, 0.811692, 0, 0.566008, 1.60874, 0, 5.79109, 4.20724, 0, 4.25346, 0.773172, 0, 1.79051, 1.00553
0.911, 2.58884, 0.811283, 0, 0.569586, 1.60445, 0, 5.79107, 4.20855, 0, 4.2534, 0.77341, 0, 1.79088, 1.00514
0.912, 2.6023, 0.812588, 0, 0.575342, 1.6076, 0, 5.79272, 4.21541, 0, 4.25382, 0.773384, 0, 1.79272, 1.00429
0.913, 2.59141, 0.812201, 0, 0.569687, 1.60639, 0, 5.79236, 4.21615, 0, 4.25348, 0.77546, 0, 1.79234, 1.00444
0.914, 2.59521, 0.812616, 0, 0.571816, 1.60662, 0, 5.79276, 4.21775, 0, 4.25373, 0.774808, 0, 1.79344, 1.00364
0.915, 2.59416, 0.812719, 0, 0.57074, 1.60707, 0, 5.79377, 4.21888, 0, 4.25347, 0.774709, 0, 1.79407, 1.00301
0.916, 2.59257, 0.812673, 0, 0.569748, 1.60701, 0, 5.79258, 4.22036, 0, 4.2535, 0.77464, 0, 1.79463, 1.00238
0.917, 2.59279, 0.812685, 0, 0.569562, 1.60721, 0, 5.7952, 4.22171, 0, 4.25366, 0.775328, 0, 1.79538, 1.00174
0.918, 2.59212, 0.812585, 0, 0.569889, 1.60629, 0, 5.79542, 4.22318, 0, 4.25377, 0.775549, 0, 1.79658, 1.00166
0.919, 2.59526, 0.814071, 0, 0.571591, 1.6075, 0, 5.79668, 4.21897, 0, 4.2519, 0.774186, 0, 1.79426, 1.00006
0.92, 2.5911, 0.813661, 0, 0.56955, 1.60695, 0, 5.79759, 4.22052, 0, 4.25507, 0.774794, 0, 1.79092, 1.00037
0.921, 2.59266, 0.812433, 0, 0.569527, 1.60698, 0, 5.79786, 4.22932, 0, 4.25665, 0.775856, 0, 1.79309, 0.997583
0.922, 2.59264, 0.812441, 0, 0.568678, 1.60763, 0, 5.79817, 4.23063, 0, 4.25631, 0.776763, 0, 1.79153, 0.996936
0.923, 2.59066, 0.812254, 0, 0.567246, 1.6076, 0, 5.7986, 4.23184, 0, 4.25637, 0.778092, 0, 1.79253, 0.9964
0.924, 2.59094, 0.812141, 0, 0.566979, 1.60781, 0, 5.79922, 4.23346, 0, 4.25635, 0.77819, 0, 1.79353, 0.996142
0.925, 2.59038, 0.81197, 0, 0.566193, 1.60802, 0, 5.80048, 4.23534, 0, 4.25649, 0.777755, 0, 1.79449, 0.995572
0.926, 2.58988, 0.811804, 0, 0.565505, 1.60816, 0, 5.80101, 4.23668, 0, 4.25692, 0.777693, 0, 1.79663, 0.994899
0.927, 2.58957, 0.811647, 0, 0.564994, 1.60829, 0, 5.80397, 4.23886, 0, 4.25697, 0.711462, 0, 1.79751, 0.99398
0.928, 2.5893, 0.811505, 0, 0.564425, 1.60848, 0, 5.80475, 4.24023, 0, 4.25717, 0.712285, 0, 1.79784, 0.993534
0.929, 2.58906, 0.812541, 0, 0.564668, 1.60879, 0, 5.80541, 4.23681, 0, 4.25525, 0.711824, 0, 1.79516, 0.994481
0.93, 2.58807, 0.812163, 0, 0.56418, 1.60851, 0, 5.80627, 4.23866, 0, 4.25525, 0.713709, 0, 1.79473, 0.995139
0.931, 2.58906, 0.81199, 0, 0.457779, 1.60878, 0, 5.8072, 4.23975, 0, 4.25546, 0.713195, 0, 1.79538, 0.994331
0.932, 2.58821, 0.81179, 0, 0.456071, 1.61035, 0, 5.80783, 4.24079, 0, 4.25555, 0.713582, 0, 1.79595, 0.993762
0.933, 2.58343, 0.811098, 0, 0.45411, 1.60924, 0, 5.80719, 4.24165, 0, 4.25599, 0.713845, 0, 1.79695, 0.993192
0.934, 2.58734, 0.811072, 0, 0.455689, 1.60972, 0, 5.80805, 4.24312, 0, 4.25654, 0.714915, 0, 1.7982, 0.991719
0.935, 2.58586, 0.810777, 0, 0.454536, 1.60989, 0, 5.80857, 4.24433, 0, 4.25666, 0.71516, 0, 1.79865, 0.991011
0.936, 2.58544, 0.810543, 0, 0.454939, 1.60893, 0, 5.81027, 4.24551, 0, 4.25681, 0.714934, 0, 1.79978, 0.990343
0.937, 2.5885, 0.810727, 0, 0.455721, 1.60995, 0, 5.80786, 4.24706, 0, 4.25686, 0.715876, 0, 1.8008, 0.989335
0.938, 2.58507, 0.810491, 0, 0.453931, 1.60975, 0, 5.80796, 4.24825, 0, 4.25714, 0.716325, 0, 1.80129, 0.988424
0.939, 2.58579, 0.810412, 0, 0.454033, 1.60999, 0, 5.80876, 4.24989, 0, 4.2576, 0.716756, 0, 1.8024, 0.987605
0.94, 2.58503, 0.810285, 0, 0.453288, 1.61024, 0, 5.80904, 4.25108, 0, 4.25765, 0.717888, 0, 1.80314, 0.986816
0.941, 2.58428, 0.810084, 0, 0.452547, 1.61037, 0, 5.80945, 4.25261, 0, 4.25801, 0.718459, 0, 1.80292, 0.983383
0.942, 2.584, 0.809944, 0, 0.451941, 1.61074, 0, 5.80978, 4.25406, 0, 4.25822, 0.719345, 0, 1.80376, 0.983107
0.943, 2.58293, 0.809722, 0, 0.45106, 1.6109, 0, 5.8102, 4.25523, 0, 4.25837, 0.720397, 0, 1.80444, 0.981876
0.944, 2.58248, 0.809021, 0, 0.450246, 1.61102, 0, 5.81077, 4.25871, 0, 4.25929, 0.722085, 0, 1.80647, 0.980414
0.945, 2.58239, 0.809218, 0, 0.44978, 1.61151, 0, 5.81131, 4.25889, 0, 4.25901, 0.722789, 0, 1.80623, 0.979924
0.946, 2.58096, 0.808957, 0, 0.448866, 1.61151, 0, 5.81168, 4.26011, 0, 4.25931, 0.724787, 0, 1.80674, 0.980273
0.947, 2.58116, 0.808804, 0, 0.447905, 1.61262, 0, 5.81326, 4.26139, 0, 4.25939, 0.725871, 0, 1.80745, 0.979856
0.948, 2.57786, 0.808286, 0, 0.446313, 1.61202, 0, 5.8135, 4.26251, 0, 4.25942, 0.727802, 0, 1.80542, 0.978831
0.949, 2.58012, 0.808179, 0, 0.447062, 1.61239, 0, 5.81422, 4.26408, 0, 4.25945, 0.728552, 0, 1.80623, 0.978591
0.95, 2.57908, 0.807973, 0, 0.446516, 1.6124, 0, 5.81448, 4.26516, 0, 4.25998, 0.732001, 0, 1.80692, 0.977809
0.951, 2.57923, 0.808184, 0, 0.446502, 1.61261, 0, 5.81378, 4.29201, 0, 4.25909, 0.731286, 0, 1.80677, 0.977016
0.952, 2.57863, 0.807984, 0, 0.446034, 1.61265, 0, 5.81454, 4.29356, 0, 4.2585, 0.731312, 0, 1.80707, 0.976276
0.953, 2.57857, 0.807847, 0, 0.445682, 1.61272, 0, 5.81531, 4.29529, 0, 4.25915, 0.733957, 0, 1.80309, 0.975368
0.954, 2.57838, 0.807769, 0, 0.445238, 1.61315, 0, 5.81636, 4.29634, 0, 4.2594, 0.735871, 0, 1.80429, 0.974866
0.955, 2.57709, 0.807583, 0, 0.444496, 1.61308, 0, 5.81713, 4.29757, 0, 4.25934, 0.737024, 0, 1.80486, 0.974078
0.956, 2.5774, 0.807503, 0, 0.444436, 1.61328, 0, 5.81769, 4.29888, 0, 4.25892, 0.737372, 0, 1.80484, 0.973023
0.957, 2.57684, 0.807367, 0, 0.443911, 1.61343, 0, 5.81764, 4.30016, 0, 4.25873, 0.736861, 0, 1.80544, 0.972121
0.958, 2.57643, 0.807253, 0, 0.443485, 1.61358, 0, 5.81866, 4.30166, 0, 4.25893, 0.737726, 0, 1.80601, 0.971591
0.959, 2.57603, 0.807132, 0, 0.443064, 1.61374, 0, 5.81951, 4.3029, 0, 4.25875, 0.738296, 0, 1.80575, 0.970726
0.96, 2.57561, 0.806982, 0, 0.4434, 1.61295, 0, 5.8201, 4.304, 0, 4.25885, 0.738734, 0, 1.80642, 0.926064
0.961, 2.57811, 0.807202, 0, 0.444036, 1.61388, 0, 5.82084, 4.30555, 0, 4.25842, 0.739079, 0, 1.80722, 0.92558
0.962, 2.57502, 0.806999, 0, 0.442361, 1.61384, 0, 5.82051, 4.30668, 0, 4.25814, 0.737727, 0, 1.80788, 0.925023
0.963, 2.57526, 0.806967, 0, 0.416646, 1.61399, 0, 5.82217, 4.3092, 0, 4.25825, 0.736693, 0, 1.80851, 0.924546
0.964, 2.57483, 0.806868, 0, 0.41904, 1.61328, 0, 5.82275, 4.31124, 0, 4.25823, 0.736158, 0, 1.80913, 0.923952
0.965, 2.57707, 0.807031, 0, 0.419561, 1.61405, 0, 5.82362, 4.31286, 0, 4.25696, 0.729213, 0, 1.8094, 0.923872
0.966, 2.5745, 0.806876, 0, 0.418156, 1.61403, 0, 5.82393, 4.31394, 0, 4.25712, 0.729427, 0, 1.81001, 0.922827
0.967, 2.57463, 0.806839, 0, 0.418034, 1.61417, 0, 5.82441, 4.31511, 0, 4.26106, 0.729502, 0, 1.81206, 0.921038
0.968, 2.57426, 0.806809, 0, 0.417549, 1.61441, 0, 5.8245, 4.31987, 0, 4.26085, 0.728998, 0, 1.81207, 0.920181
0.969, 2.57354, 0.80666, 0, 0.416409, 1.6135, 0, 5.82498, 4.32107, 0, 4.26098, 0.72911, 0, 1.81288, 0.919646
0.97, 2.57643, 0.806923, 0, 0.417141, 1.61443, 0, 5.82573, 4.32228, 0, 4.2612, 0.729668, 0, 1.81367, 0.918988
0.971, 2.57333, 0.806753, 0, 0.415506, 1.61438, 0, 5.82598, 4.32207, 0, 4.26099, 0.729562, 0, 1.8114, 0.918229
0.972, 2.57359, 0.806729, 0, 0.415461, 1.61451, 0, 5.82649, 4.32375, 0, 4.26128, 0.729811, 0, 1.81122, 0.917626
0.973, 2.5732, 0.806631, 0, 0.414938, 1.61477, 0, 5.8271, 4.32496, 0, 4.26058, 0.72948, 0, 1.8121, 0.915974
0.974, 2.57246, 0.806493, 0, 0.414316, 1.61492, 0, 5.82778, 4.32607, 0, 4.26039, 0.728477, 0, 1.8126, 0.915565
0.975, 2.5721, 0.806339, 0, 0.413826, 1.61512, 0, 5.8284, 4.32745, 0, 4.26026, 0.72829, 0, 1.81315, 0.915182
0.976, 2.57156, 0.806247, 0, 0.413292, 1.61529, 0, 5.82898, 4.32787, 0, 4.25814, 0.734324, 0, 1.80936, 0.914491
0.977, 2.57124, 0.806584, 0, 0.410118, 1.6167, 0, 5.82981, 4.32674, 0, 4.25667, 0.734385, 0, 1.80857, 0.914577
0.978, 2.56698, 0.805978, 0, 0.408409, 1.61576, 0, 5.82967, 4.32805, 0, 4.25584, 0.734614, 0, 1.8083, 0.9145
0.979, 2.57034, 0.805855, 0, 0.409515, 1.61636, 0, 5.83093, 4.32948, 0, 4.25616, 0.732562, 0, 1.8105, 0.911234
0.98, 2.56851, 0.805504, 0, 0.408262, 1.61653, 0, 5.83142, 4.33048, 0, 4.25592, 0.732687, 0, 1.81088, 0.911078
0.981, 2.56817, 0.805284, 0, 0.407903, 1.61662, 0, 5.83202, 4.33138, 0, 4.25955, 0.746253, 0, 1.81307, 0.910521
0.982, 2.56802, 0.805099, 0, 0.410216, 1.61606, 0, 5.83282, 4.33503, 0, 4.25893, 0.748747, 0, 1.81394, 0.909957
0.983, 2.56981, 0.805106, 0, 0.410507, 1.61672, 0, 5.83346, 4.33753, 0, 4.25918, 0.750338, 0, 1.80847, 0.909318
0.984, 2.56762, 0.804877, 0, 0.409207, 1.61687, 0, 5.83379, 4.33906, 0, 4.25864, 0.749932, 0, 1.80816, 0.908987
0.985, 2.56723, 0.804688, 0, 0.408813, 1.61692, 0, 5.83436, 4.34038, 0, 4.25808, 0.751383, 0, 1.80853, 0.908472
0.986, 2.56715, 0.804557, 0, 0.408395, 1.61718, 0, 5.8349, 4.34227, 0, 4.25791, 0.750202, 0, 1.80909, 0.908157
0.987, 2.56639, 0.80439, 0, 0.407709, 1.61733, 0, 5.83535, 4.34337, 0, 4.25774, 0.748562, 0, 1.80962, 0.907734
0.988, 2.566, 0.804237, 0, 0.407203, 1.6175, 0, 5.83589, 4.34417, 0, 4.25765, 0.748486, 0, 1.81022, 0.907249
0.989, 2.56555, 0.804087, 0, 0.406655, 1.61768, 0, 5.83591, 4.34585, 0, 4.25734, 0.746698, 0, 1.81079, 0.906869
0.99, 2.56506, 0.803942, 0, 0.407062, 1.61567, 0, 5.83648, 4.34577, 0, 4.25665, 0.746617, 0, 1.81023, 0.90687
0.991, 2.57134, 0.804569, 0, 0.409076, 1.61689, 0, 5.83749, 4.34805, 0, 4.25618, 0.742324, 0, 1.81119, 0.905901
0.992, 2.56697, 0.804525, 0, 0.406497, 1.61789, 0, 5.83767, 4.34889, 0, 4.25589, 0.708159, 0, 1.8113, 0.905654
0.993, 2.56394, 0.804811, 0, 0.40541, 1.61733, 0, 5.83824, 4.34757, 0, 4.25555, 0.708034, 0, 1.81123, 0.906
0.994, 2.5658, 0.804726, 0, 0.406025, 1.61763, 0, 5.83924, 4.34919, 0, 4.25499, 0.707832, 0, 1.81067, 0.904745
0.995, 2.56484, 0.804496, 0, 0.405135, 1.61791, 0, 5.83993, 4.35063, 0, 4.25531, 0.709153, 0, 1.80897, 0.904107
0.996, 2.56402, 0.804252, 0, 0.404611, 1.61763, 0, 5.84029, 4.35181, 0, 4.25529, 0.710141, 0, 1.80945, 0.903582
0.997, 2.56497, 0.804099, 0, 0.404259, 1.61758, 0, 5.84091, 4.35364, 0, 4.25535, 0.711029, 0, 1.81023, 0.902958
0.998, 2.56511, 0.804116, 0, 0.403869, 1.61811, 0, 5.84669, 4.35465, 0, 4.25546, 0.712513, 0, 1.81093, 0.902239
0.999, 2.56339, 0.803869, 0, 0.402856, 1.61808, 0, 5.84718, 4.35669, 0, 4.25498, 0.712167, 0, 1.80181, 0.90124
1, 2.56362, 0.803958, 0, 0.402689, 1.61833, 0, 5.84716, 4.35649, 0, 4.25419, 0.711593, 0, 1.80193, 0.900873
1.001, 2.56289, 0.803813, 0, 0.402056, 1.61847, 0, 5.8475, 4.35762, 0, 4.25399, 0.711335, 0, 1.80258, 0.900239
1.002, 2.56254, 0.803658, 0, 0.401601, 1.61862, 0, 5.84802, 4.3597, 0, 4.25386, 0.710836, 0, 1.80258, 0.898886
1.003, 2.56208, 0.803383, 0, 0.401118, 1.6186, 0, 5.84909, 4.36214, 0, 4.25412, 0.709968, 0, 1.77715, 0.89739
1.004, 2.56227, 0.803266, 0, 0.400778, 1.61894, 0, 5.84974, 4.36341, 0, 4.254, 0.70984, 0, 1.77788, 0.896494
1.005, 2.56125, 0.803091, 0, 0.399929, 1.61909, 0, 5.85033, 4.3653, 0, 4.25299, 0.709927, 0, 1.77839, 0.896578
1.006, 2.56089, 0.802932, 0, 0.399446, 1.61923, 0, 5.85096, 4.3665, 0, 4.2528, 0.707781, 0, 1.77931, 0.893619
1.007, 2.56053, 0.802776, 0, 0.398917, 1.61943, 0, 5.85158, 4.36824, 0, 4.25274, 0.707421, 0, 1.77992, 0.892515
1.008, 2.56001, 0.802625, 0, 0.399871, 1.61955, 0, 5.85219, 4.36932, 0, 4.25248, 0.707329, 0, 1.78042, 0.891796
1.009, 2.55972, 0.802492, 0, 0.399581, 1.61943, 0, 5.85278, 4.36945, 0, 4.25245, 0.70876, 0, 1.78092, 0.891958
1.01, 2.56017, 0.802459, 0, 0.399422, 1.61978, 0, 5.85087, 4.37067, 0, 4.25235, 0.708696, 0, 1.78171, 0.890648
1.011, 2.55908, 0.802356, 0, 0.398638, 1.62002, 0, 5.85129, 4.37211, 0, 4.25233, 0.710142, 0, 1.78389, 0.890342
1.012, 2.5584, 0.802216, 0, 0.39814, 1.62009, 0, 5.85238, 4.37333, 0, 4.2519, 0.708667, 0, 1.78531, 0.889476
1.013, 2.5583, 0.802136, 0, 0.397816, 1.62031, 0, 5.85237, 4.37421, 0, 4.25403, 0.708549, 0, 1.78752, 0.888927
1.014, 2.55767, 0.801987, 0, 0.397436, 1.6206, 0, 5.85231, 4.37582, 0, 4.25381, 0.706581, 0, 1.78863, 0.888083
1.015, 2.55689, 0.801807, 0, 0.396852, 1.62066, 0, 5.85463, 4.37759, 0, 4.25443, 0.706366, 0, 1.7902, 0.887269
1.016, 2.55683, 0.801692, 0, 0.396529, 1.62087, 0, 5.85536, 4.37858, 0, 4.25391, 0.707177, 0, 1.79146, 0.886514
1.017, 2.55626, 0.801561, 0, 0.395992, 1.62102, 0, 5.85597, 4.37967, 0, 4.25339, 0.70672, 0, 1.79237, 0.885538
1.018, 2.55589, 0.801429, 0, 0.395777, 1.62036, 0, 5.85652, 4.38062, 0, 4.25287, 0.706871, 0, 1.7932, 0.88516
1.019, 2.55799, 0.80159, 0, 0.396093, 1.62116, 0, 5.8578, 4.38249, 0, 4.25301, 0.706593, 0, 1.7936, 0.884392
1.02, 2.55534, 0.801435, 0, 0.394375, 1.6221, 0, 5.85812, 4.38326, 0, 4.25237, 0.707342, 0, 1.7936, 0.884017
1.021, 2.55253, 0.801037, 0, 0.393252, 1.62153, 0, 5.85845, 4.38414, 0, 4.25232, 0.708131, 0, 1.79431, 0.883179
1.022, 2.55461, 0.800983, 0, 0.393856, 1.6218, 0, 5.8592, 4.38518, 0, 4.25229, 0.708436, 0, 1.79538, 0.882791
1.023, 2.55383, 0.800865, 0, 0.392917, 1.62258, 0, 5.85953, 4.38569, 0, 4.2513, 0.70732, 0, 1.79609, 0.88206
1.024, 2.55149, 0.80051, 0, 0.391961, 1.62169, 0, 5.85987, 4.38621, 0, 4.25117, 0.707069, 0, 1.79678, 0.881563
1.025, 2.55449, 0.80062, 0, 0.392596, 1.62211, 0, 5.86095, 4.38632, 0, 4.25161, 0.708852, 0, 1.79784, 0.881953
1.026, 2.55311, 0.800545, 0, 0.391353, 1.62225, 0, 5.86037, 4.38694, 0, 4.25134, 0.71031, 0, 1.79704, 0.881404
1.027, 2.55282, 0.801184, 0, 0.39119, 1.6225, 0, 5.86084, 4.3848, 0, 4.24671, 0.7086, 0, 1.7957, 0.881191
1.028, 2.55196, 0.800896, 0, 0.390611, 1.62228, 0, 5.86159, 4.38628, 0, 4.24639, 0.706303, 0, 1.79634, 0.880679
1.029, 2.55269, 0.800837, 0, 0.390759, 1.62215, 0, 5.86089, 4.38817, 0, 4.24667, 0.705879, 0, 1.79691, 0.880125
1.03, 2.55303, 0.800832, 0, 0.390467, 1.62271, 0, 5.8612, 4.38902, 0, 4.24725, 0.705717, 0, 1.79767, 0.879823
1.031, 2.55121, 0.800654, 0, 0.389212, 1.6236, 0, 5.8601, 4.38973, 0, 4.24742, 0.706868, 0, 1.79812, 0.879275
1.032, 2.54856, 0.800465, 0, 0.388171, 1.62317, 0, 5.8624, 4.38939, 0, 4.24775, 0.650076, 0, 1.79804, 0.878193
1.033, 2.55017, 0.800312, 0, 0.388671, 1.6233, 0, 5.86299, 4.39088, 0, 4.24762, 0.650993, 0, 1.7988, 0.877346
1.034, 2.54978, 0.800078, 0, 0.366246, 1.62338, 0, 5.86404, 4.39223, 0, 4.24356, 0.651988, 0, 1.78998, 0.876955
1.035, 2.54961, 0.799953, 0, 0.365788, 1.62383, 0, 5.86473, 4.39386, 0, 4.24414, 0.652588, 0, 1.78991, 0.87638
1.036, 2.54824, 0.799661, 0, 0.364878, 1.62336, 0, 5.8654, 4.39502, 0, 4.24382, 0.653705, 0, 1.79056, 0.875409
1.037, 2.54983, 0.799678, 0, 0.365049, 1.62402, 0, 5.86595, 4.3958, 0, 4.24391, 0.65592, 0, 1.79135, 0.874938
1.038, 2.5477, 0.79939, 0, 0.363698, 1.62397, 0, 5.8631, 4.39689, 0, 4.24353, 0.657693, 0, 1.79185, 0.874615
1.039, 2.54796, 0.799313, 0, 0.363471, 1.62421, 0, 5.86314, 4.39789, 0, 4.24336, 0.658882, 0, 1.79256, 0.874006
1.04, 2.54723, 0.799151, 0, 0.363181, 1.62379, 0, 5.86955, 4.39934, 0, 4.24379, 0.662446, 0, 1.79186, 0.873472
1.041, 2.54857, 0.799173, 0, 0.363193, 1.62448, 0, 5.87049, 4.40081, 0, 4.25122, 0.662995, 0, 1.79271, 0.873011
1.042, 2.54638, 0.798928, 0, 0.361938, 1.62439, 0, 5.87162, 4.40168, 0, 4.24089, 0.665724, 0, 1.77861, 0.872683
1.043, 2.54676, 0.798842, 0, 0.362046, 1.62377, 0, 5.87254, 4.40282, 0, 4.24089, 0.666051, 0, 1.77934, 0.872007
1.044, 2.54869, 0.799006, 0, 0.362281, 1.62451, 0, 5.87167, 4.404, 0, 4.24092, 0.667924, 0, 1.78096, 0.870908
1.045, 2.54619, 0.79891, 0, 0.360952, 1.62444, 0, 5.85397, 4.40422, 0, 4.24035, 0.668331, 0, 1.78152, 0.870361
1.046, 2.54644, 0.798909, 0, 0.360888, 1.62454, 0, 5.85404, 4.405, 0, 4.23712, 0.669236, 0, 1.78234, 0.869767
1.047, 2.54608, 0.798796, 0, 0.360415, 1.62471, 0, 5.85427, 4.40611, 0, 4.23632, 0.670343, 0, 1.78346, 0.869266
1.048, 2.54559, 0.79873, 0, 0.35986, 1.62492, 0, 5.8542, 4.40695, 0, 4.23713, 0.673098, 0, 1.78378, 0.867829
1.049, 2.54498, 0.798614, 0, 0.359583, 1.62389, 0, 5.85485, 4.40788, 0, 4.2364, 0.670682, 0, 1.78449, 0.867395
1.05, 2.54824, 0.798906, 0, 0.360296, 1.62494, 0, 5.85582, 4.40902, 0, 4.23643, 0.671412, 0, 1.78544, 0.866837
1.051, 2.54474, 0.799255, 0, 0.358674, 1.62472, 0, 5.85466, 4.56635, 0, 4.23576, 0.672963, 0, 1.78544, 0.866722
1.052, 2.5455, 0.799199, 0, 0.358789, 1.62485, 0, 5.85689, 4.56803, 0, 4.23544, 0.673205, 0, 1.78509, 0.866548
1.053, 2.54506, 0.799103, 0, 0.358201, 1.62517, 0, 5.85705, 4.56878, 0, 4.23463, 0.673954, 0, 1.78555, 0.866631
1.054, 2.54422, 0.799533, 0, 0.357687, 1.62508, 0, 5.85767, 4.56722, 0, 4.23394, 0.673902, 0, 1.78383, 0.86652
1.055, 2.54448, 0.799375, 0, 0.357619, 1.62521, 0, 5.85819, 4.56839, 0, 4.23427, 0.676034, 0, 1.78412, 0.866259
1.056, 2.54407, 0.799194, 0, 0.357182, 1.62534, 0, 5.85861, 4.56992, 0, 4.23395, 0.676989, 0, 1.78482, 0.865503
1.057, 2.54369, 0.799042, 0, 0.356791, 1.62544, 0, 5.85887, 4.5709, 0, 4.23373, 0.677737, 0, 1.78548, 0.865228
1.058, 2.5434, 0.798861, 0, 0.356935, 1.62388, 0, 5.85941, 4.57196, 0, 4.23353, 0.67846, 0, 1.78629, 0.864359
1.059, 2.54824, 0.799322, 0, 0.358205, 1.62535, 0, 5.86021, 4.57356, 0, 4.23373, 0.679535, 0, 1.78848, 0.864212
1.06, 2.5432, 0.799104, 0, 0.355897, 1.62508, 0, 5.85971, 4.57419, 0, 4.23339, 0.681583, 0, 1.78881, 0.863059
1.061, 2.54411, 0.799141, 0, 0.355607, 1.62689, 0, 5.86054, 4.57528, 0, 4.23343, 0.680333, 0, 1.78943, 0.860202
1.062, 2.53848, 0.79845, 0, 0.354079, 1.62378, 0, 5.86055, 4.57614, 0, 4.23379, 0.683109, 0, 1.78972, 0.859621
1.063, 2.54857, 0.799212, 0, 0.357632, 1.62572, 0, 5.86221, 4.59145, 0, 4.23362, 0.683481, 0, 1.79142, 0.85871
1.064, 2.54195, 0.798887, 0, 0.354674, 1.62564, 0, 5.86189, 4.59197, 0, 4.23327, 0.683876, 0, 1.79195, 0.858449
1.065, 2.54232, 0.798811, 0, 0.355348, 1.62422, 0, 5.86236, 4.59318, 0, 4.23289, 0.685788, 0, 1.79279, 0.857764
1.066, 2.54675, 0.799252, 0, 0.356545, 1.62589, 0, 5.86314, 4.59715, 0, 4.23224, 0.687331, 0, 1.79311, 0.857689
1.067, 2.54116, 0.798891, 0, 0.353442, 1.62653, 0, 5.86437, 4.59712, 0, 4.23162, 0.688658, 0, 1.79303, 0.857645
1.068, 2.53938, 0.798523, 0, 0.35306, 1.62564, 0, 5.86464, 4.59827, 0, 4.23106, 0.688264, 0, 1.79395, 0.857154
1.069, 2.54253, 0.798866, 0, 0.354571, 1.62551, 0, 5.86557, 4.59823, 0, 4.23088, 0.689546, 0, 1.79389, 0.857005
1.07, 2.54283, 0.798856, 0, 0.353799, 1.6259, 0, 5.86598, 4.59913, 0, 4.23064, 0.690421, 0, 1.79373, 0.856338
1.071, 2.54147, 0.798728, 0, 0.352831, 1.62624, 0, 5.86629, 4.60037, 0, 4.22966, 0.692076, 0, 1.79438, 0.855615
1.072, 2.54044, 0.798538, 0, 0.351894, 1.62654, 0, 5.86657, 4.60121, 0, 4.22891, 0.690825, 0, 1.79545, 0.855149
1.073, 2.53962, 0.798297, 0, 0.353235, 1.62521, 0, 5.86697, 4.60262, 0, 4.22897, 0.691282, 0, 1.79025, 0.854201
1.074, 2.54385, 0.798624, 0, 0.35461, 1.62565, 0, 5.86761, 4.60386, 0, 4.22886, 0.689511, 0, 1.79184, 0.8533
1.075, 2.5422, 0.799506, 0, 0.353643, 1.62606, 0, 5.86618, 4.59656, 0, 4.22925, 0.688707, 0, 1.79087, 0.853398
1.076, 2.54079, 0.799328, 0, 0.353156, 1.62609, 0, 5.86627, 4.5982, 0, 4.23004, 0.687566, 0, 1.79025, 0.852947
1.077, 2.54067, 0.799176, 0, 0.353049, 1.62607, 0, 5.86656, 4.59994, 0, 4.22805, 0.688374, 0, 1.78968, 0.852387
1.078, 2.54075, 0.799082, 0, 0.35289, 1.62623, 0, 5.86676, 4.60091, 0, 4.22715, 0.682794, 0, 1.79022, 0.851743
1.079, 2.54024, 0.798956, 0, 0.352466, 1.62635, 0, 5.86674, 4.60375, 0, 4.22698, 0.683055, 0, 1.79049, 0.85125
1.08, 2.5399, 0.798852, 0, 0.352137, 1.62646, 0, 5.86735, 4.60429, 0, 4.22696, 0.682537, 0, 1.79101, 0.850641
1.081, 2.53956, 0.79879, 0, 0.351797, 1.62661, 0, 5.86691, 4.61028, 0, 4.22675, 0.682556, 0, 1.79152, 0.850113
1.082, 2.53915, 0.798681, 0, 0.35143, 1.62673, 0, 5.86707, 4.61129, 0, 4.22723, 0.683265, 0, 1.79105, 0.849607
1.083, 2.53882, 0.798544, 0, 0.351344, 1.62635, 0, 5.86735, 4.61221, 0, 4.227, 0.684664, 0, 1.79156, 0.849045
1.084, 2.54002, 0.798614, 0, 0.351485, 1.62688, 0, 5.86778, 4.61299, 0, 4.22688, 0.685922, 0, 1.7922, 0.848402
1.085, 2.53822, 0.797773, 0, 0.350284, 1.62696, 0, 5.86941, 4.46748, 0, 4.22716, 0.689088, 0, 1.79391, 0.848062
1.086, 2.53814, 0.798511, 0, 0.350215, 1.62714, 0, 5.86829, 4.62449, 0, 4.22573, 0.690764, 0, 1.79307, 0.847589
1.087, 2.53759, 0.798336, 0, 0.350613, 1.62463, 0, 5.86872, 4.62576, 0, 4.22547, 0.692278, 0, 1.79312, 0.84787
1.088, 2.54537, 0.799135, 0, 0.352842, 1.62688, 0, 5.87056, 4.63073, 0, 4.22538, 0.691439, 0, 1.79298, 0.846897
1.089, 2.53767, 0.798866, 0, 0.348582, 1.62922, 0, 5.8701, 4.63095, 0, 4.22458, 0.693198, 0, 1.79274, 0.846708
1.09, 2.53059, 0.797961, 0, 0.346727, 1.62693, 0, 5.87005, 4.63137, 0, 4.22413, 0.694062, 0, 1.79289, 0.846176
1.091, 2.53849, 0.798182, 0, 0.34949, 1.6286, 0, 5.87006, 4.63247, 0, 4.22381, 0.692101, 0, 1.79538, 0.844615
1.092, 2.53316, 0.797607, 0, 0.347212, 1.62849, 0, 5.87018, 4.63303, 0, 4.22979, 0.693272, 0, 1.79511, 0.844439
1.093, 2.53391, 0.797356, 0, 0.347603, 1.6283, 0, 5.87228, 4.63119, 0, 4.22944, 0.692095, 0, 1.79588, 0.84391
1.094, 2.53471, 0.797234, 0, 0.347587, 1.62865, 0, 5.87265, 4.63264, 0, 4.22933, 0.69297, 0, 1.79654, 0.843331
1.095, 2.5337, 0.797029, 0, 0.346949, 1.62868, 0, 5.87293, 4.63569, 0, 4.22959, 0.69471, 0, 1.79688, 0.842979
1.096, 2.53374, 0.796903, 0, 0.347537, 1.62757, 0, 5.87356, 4.63641, 0, 4.22924, 0.693729, 0, 1.79737, 0.842418
1.097, 2.53722, 0.797263, 0, 0.34841, 1.6287, 0, 5.87406, 4.63789, 0, 4.22906, 0.694628, 0, 1.79798, 0.841697
1.098, 2.53338, 0.797086, 0, 0.346653, 1.62849, 0, 5.87402, 4.63926, 0, 4.22839, 0.69363, 0, 1.79818, 0.841031
1.099, 2.53411, 0.797097, 0, 0.346914, 1.62863, 0, 5.87076, 4.64009, 0, 4.22843, 0.694554, 0, 1.79869, 0.840728
1.1, 2.53364, 0.797035, 0, 0.346471, 1.62882, 0, 5.87139, 4.64041, 0, 4.2281, 0.694486, 0, 1.79916, 0.840406
1.101, 2.53304, 0.796968, 0, 0.346067, 1.62891, 0, 5.87177, 4.64121, 0, 4.22771, 0.692818, 0, 1.79969, 0.84015
1.102, 2.53275, 0.796865, 0, 0.345779, 1.62903, 0, 5.87235, 4.64463, 0, 4.22662, 0.684996, 0, 1.80048, 0.839401
1.103, 2.53241, 0.796759, 0, 0.345728, 1.62806, 0, 5.87277, 4.64558, 0, 4.22412, 0.68429, 0, 1.7966, 0.83868
1.104, 2.53544, 0.797034, 0, 0.346456, 1.62906, 0, 5.87349, 4.65066, 0, 4.22346, 0.683434, 0, 1.79735, 0.838088
1.105, 2.53204, 0.796883, 0, 0.344856, 1.6289, 0, 5.87127, 4.65071, 0, 4.22292, 0.64888, 0, 1.79684, 0.837808
1.106, 2.5326, 0.796885, 0, 0.345036, 1.62902, 0, 5.87191, 4.65145, 0, 4.22285, 0.647114, 0, 1.79773, 0.839918
1.107, 2.53224, 0.796864, 0, 0.344645, 1.62923, 0, 5.87207, 4.65241, 0, 4.22258, 0.646017, 0, 1.79799, 0.839784
1.108, 2.53163, 0.796803, 0, 0.344242, 1.62929, 0, 5.87221, 4.65321, 0, 4.22258, 0.646183, 0, 1.79823, 0.839216
1.109, 2.53148, 0.796711, 0, 0.343489, 1.62859, 0, 5.87241, 4.65378, 0, 4.22402, 0.64607, 0, 1.80241, 0.839124
1.11, 2.53368, 0.79693, 0, 0.344048, 1.62949, 0, 5.8729, 4.65445, 0, 4.22349, 0.645259, 0, 1.80328, 0.839242
1.111, 2.53072, 0.796802, 0, 0.342766, 1.62918, 0, 5.87159, 4.65441, 0, 4.22302, 0.645928, 0, 1.81017, 0.839034
1.112, 2.53175, 0.796851, 0, 0.343184, 1.6293, 0, 5.87171, 4.65506, 0, 4.22269, 0.644977, 0, 1.81085, 0.838506
1.113, 2.53137, 0.796805, 0, 0.342822, 1.62945, 0, 5.87209, 4.65614, 0, 4.22237, 0.643658, 0, 1.81141, 0.838075
1.114, 2.53089, 0.79676, 0, 0.342512, 1.62949, 0, 5.8724, 4.65663, 0, 4.22185, 0.641282, 0, 1.81199, 0.837983
1.115, 2.53084, 0.796905, 0, 0.342381, 1.62962, 0, 5.87208, 4.65425, 0, 4.22202, 0.653058, 0, 1.83155, 0.83796
1.116, 2.53042, 0.796859, 0, 0.342563, 1.62903, 0, 5.87228, 4.65421, 0, 4.2215, 0.653101, 0, 1.83321, 0.836753
1.117, 2.53228, 0.79706, 0, 0.343034, 1.62964, 0, 5.87125, 4.65537, 0, 4.22038, 0.651933, 0, 1.8345, 0.835966
1.118, 2.53021, 0.796983, 0, 0.342065, 1.62957, 0, 5.87127, 4.65443, 0, 4.21993, 0.653252, 0, 1.83486, 0.835299
1.119, 2.53047, 0.796975, 0, 0.342168, 1.62953, 0, 5.87164, 4.65475, 0, 4.21951, 0.652955, 0, 1.83531, 0.835159
1.12, 2.53054, 0.796967, 0, 0.342003, 1.62978, 0, 5.87213, 4.6565, 0, 4.21945, 0.65314, 0, 1.83556, 0.834254
1.121, 2.52974, 0.796871, 0, 0.341577, 1.62972, 0, 5.87249, 4.65669, 0, 4.21911, 0.651717, 0, 1.83605, 0.833787
1.122, 2.52994, 0.796855, 0, 0.341513, 1.62992, 0, 5.8729, 4.65715, 0, 4.21894, 0.652161, 0, 1.83655, 0.833137
1.123, 2.52933, 0.796777, 0, 0.341115, 1.63, 0, 5.87381, 4.65757, 0, 4.21634, 0.649607, 0, 1.83297, 0.831937
1.124, 2.52911, 0.796687, 0, 0.34123, 1.62903, 0, 5.87411, 4.6581, 0, 4.21788, 0.649778, 0, 1.83318, 0.832196
1.125, 2.53215, 0.796978, 0, 0.341847, 1.62991, 0, 5.87462, 4.65935, 0, 4.21761, 0.648625, 0, 1.83382, 0.831464
1.126, 2.52907, 0.796804, 0, 0.340398, 1.62981, 0, 5.87482, 4.6602, 0, 4.21732, 0.647377, 0, 1.82677, 0.83124
1.127, 2.52945, 0.796798, 0, 0.34052, 1.62992, 0, 5.87547, 4.66071, 0, 4.2172, 0.647348, 0, 1.82692, 0.830893
1.128, 2.52909, 0.79674, 0, 0.340914, 1.6299, 0, 5.87564, 4.66196, 0, 4.21701, 0.647313, 0, 1.82714, 0.830911
1.129, 2.52916, 0.796723, 0, 0.340754, 1.63013, 0, 5.87596, 4.66258, 0, 4.21691, 0.648195, 0, 1.8276, 0.830622
1.13, 2.52845, 0.796626, 0, 0.340311, 1.63019, 0, 5.87624, 4.6632, 0, 4.21638, 0.647015, 0, 1.82789, 0.830253
1.131, 2.52829, 0.796563, 0, 0.340106, 1.63031, 0, 5.87669, 4.66368, 0, 4.21614, 0.646001, 0, 1.82848, 0.830433
1.132, 2.52797, 0.796538, 0, 0.339831, 1.63046, 0, 5.87696, 4.66384, 0, 4.21661, 0.662888, 0, 1.82889, 0.829481
1.133, 2.52756, 0.796472, 0, 0.338555, 1.63071, 0, 5.88187, 4.66323, 0, 4.21689, 0.66197, 0, 1.82899, 0.829156
1.134, 2.52768, 0.79715, 0, 0.338196, 1.63133, 0, 5.87407, 4.65389, 0, 4.17869, 0.786881, 0, 1.82171, 0.832775
1.135, 2.52587, 0.79719, 0, 0.337608, 1.63105, 0, 5.87355, 4.65036, 0, 4.18591, 0.793343, 0, 1.81876, 0.834127
1.136, 2.52669, 0.797263, 0, 0.338154, 1.63102, 0, 5.87554, 4.6496, 0, 4.19792, 0.765687, 0, 1.81961, 0.833561
1.137, 2.52659, 0.797324, 0, 0.338225, 1.631, 0, 5.87741, 4.6497, 0, 4.20189, 0.760303, 0, 1.82134, 0.833106
1.138, 2.52646, 0.797333, 0, 0.339809, 1.6304, 0, 5.87926, 4.64985, 0, 4.20334, 0.759587, 0, 1.82367, 0.831717
1.139, 2.52815, 0.797497, 0, 0.34051, 1.6307, 0, 5.88095, 4.65, 0, 4.20335, 0.76089, 0, 1.82539, 0.830862
1.14, 2.52689, 0.797454, 0, 0.340065, 1.63056, 0, 5.88223, 4.6503, 0, 4.20284, 0.762973, 0, 1.82655, 0.830434
1.141, 2.52717, 0.797446, 0, 0.340276, 1.63056, 0, 5.88325, 4.65089, 0, 4.20229, 0.762858, 0, 1.82758, 0.829819
1.142, 2.52701, 0.797359, 0, 0.340151, 1.63063, 0, 5.88406, 4.6505, 0, 4.20177, 0.762312, 0, 1.82483, 0.829962
1.143, 2.52666, 0.797248, 0, 0.339785, 1.63039, 0, 5.88456, 4.65218, 0, 4.20291, 0.761282, 0, 1.82413, 0.829646
1.144, 2.52735, 0.797246, 0, 0.339914, 1.63067, 0, 5.88496, 4.65292, 0, 4.20092, 0.653074, 0, 1.82447, 0.8297
1.145, 2.52635, 0.797118, 0, 0.339377, 1.63071, 0, 5.88478, 4.65267, 0, 4.20085, 0.653057, 0, 1.82449, 0.829211
1.146, 2.52625, 0.79701, 0, 0.339128, 1.63079, 0, 5.88477, 4.65575, 0, 4.20123, 0.65302, 0, 1.82462, 0.829076
1.147, 2.52598, 0.796911, 0, 0.338875, 1.6309, 0, 5.88858, 4.65624, 0, 4.2023, 0.652352, 0, 1.82497, 0.828739
1.148, 2.52568, 0.796772, 0, 0.338606, 1.63099, 0, 5.88845, 4.65675, 0, 4.20311, 0.652292, 0, 1.82513, 0.828081
1.149, 2.52545, 0.796617, 0, 0.338342, 1.6311, 0, 5.88834, 4.65736, 0, 4.20259, 0.652421, 0, 1.82534, 0.827967
1.15, 2.52515, 0.796483, 0, 0.338073, 1.63089, 0, 5.88902, 4.65784, 0, 4.20248, 0.652153, 0, 1.8256, 0.826758
1.151, 2.52586, 0.796441, 0, 0.338087, 1.63126, 0, 5.88926, 4.65852, 0, 4.20263, 0.748225, 0, 1.82591, 0.827115
1.152, 2.52467, 0.796286, 0, 0.337424, 1.63128, 0, 5.8893, 4.65894, 0, 4.20373, 0.748047, 0, 1.82626, 0.826509
1.153, 2.52468, 0.796196, 0, 0.337304, 1.63137, 0, 5.89, 4.65944, 0, 4.2041, 0.74794, 0, 1.82664, 0.826355
1.154, 2.52441, 0.796086, 0, 0.337028, 1.63148, 0, 5.89029, 4.6605, 0, 4.1935, 0.746286, 0, 1.82485, 0.826401
1.155, 2.52414, 0.795989, 0, 0.336759, 1.63157, 0, 5.89042, 4.66079, 0, 4.21004, 0.744573, 0, 1.8249, 0.826365
1.156, 2.52411, 0.796745, 0, 0.336786, 1.63175, 0, 5.89073, 4.65727, 0, 4.20982, 0.742448, 0, 1.82246, 0.827867
1.157, 2.5235, 0.796518, 0, 0.336624, 1.63155, 0, 5.89108, 4.65791, 0, 4.21212, 0.742217, 0, 1.82226, 0.827997
1.158, 2.52413, 0.796433, 0, 0.336807, 1.63168, 0, 5.89147, 4.65846, 0, 4.21253, 0.742844, 0, 1.82234, 0.828179
1.159, 2.5237, 0.796372, 0, 0.336712, 1.63105, 0, 5.89217, 4.65834, 0, 4.21236, 0.743927, 0, 1.8224, 0.826675
1.16, 2.52562, 0.796543, 0, 0.337268, 1.63162, 0, 5.89241, 4.65855, 0, 4.21249, 0.745173, 0, 1.82292, 0.826472
1.161, 2.52363, 0.796441, 0, 0.336383, 1.63151, 0, 5.89222, 4.659, 0, 4.21222, 0.745946, 0, 1.82319, 0.825946
1.162, 2.52394, 0.796443, 0, 0.336536, 1.63156, 0, 5.89219, 4.65927, 0, 4.21226, 0.747468, 0, 1.82369, 0.825541
1.163, 2.52375, 0.796386, 0, 0.336337, 1.63168, 0, 5.89264, 4.65974, 0, 4.2121, 0.749273, 0, 1.82558, 0.825213
1.164, 2.52336, 0.796316, 0, 0.336086, 1.63173, 0, 5.89294, 4.66002, 0, 4.21164, 0.751263, 0, 1.82577, 0.825057
1.165, 2.52323, 0.796338, 0, 0.335829, 1.6316, 0, 5.89282, 4.66032, 0, 4.21128, 0.753095, 0, 1.82559, 0.82499
1.166, 2.5236, 0.796323, 0, 0.33586, 1.6317, 0, 5.89366, 4.66044, 0, 4.21078, 0.754999, 0, 1.82595, 0.824759
1.167, 2.52324, 0.796258, 0, 0.335601, 1.63178, 0, 5.89402, 4.66073, 0, 4.2105, 0.757458, 0, 1.82636, 0.82457
1.168, 2.52296, 0.796218, 0, 0.335424, 1.63181, 0, 5.89417, 4.66098, 0, 4.21031, 0.759991, 0, 1.82675, 0.824025
1.169, 2.52288, 0.796213, 0, 0.335308, 1.6319, 0, 5.89444, 4.66113, 0, 4.21017, 0.762297, 0, 1.83053, 0.823061
1.17, 2.52257, 0.796152, 0, 0.335106, 1.63194, 0, 5.89463, 4.66132, 0, 4.21001, 0.764846, 0, 1.83105, 0.822426
1.171, 2.52246, 0.796107, 0, 0.334966, 1.63198, 0, 5.8961, 4.66088, 0, 4.20957, 0.767571, 0, 1.83145, 0.822468
1.172, 2.52231, 0.796028, 0, 0.334824, 1.63203, 0, 5.89661, 4.66139, 0, 4.20874, 0.769301, 0, 1.8284, 0.822634
1.173, 2.52216, 0.795946, 0, 0.334648, 1.63211, 0, 5.89692, 4.66242, 0, 4.20984, 0.770064, 0, 1.82866, 0.822375
1.174, 2.52193, 0.795876, 0, 0.334442, 1.63218, 0, 5.89715, 4.66264, 0, 4.20981, 0.771855, 0, 1.82889, 0.822315
1.175, 2.52175, 0.795802, 0, 0.334253, 1.63225, 0, 5.89742, 4.66288, 0, 4.20905, 0.77377, 0, 1.82944, 0.821966
1.176, 2.52154, 0.795741, 0, 0.334059, 1.63232, 0, 5.89761, 4.66309, 0, 4.20902, 0.775195, 0, 1.82975, 0.821917
1.177, 2.52137, 0.795681, 0, 0.33387, 1.6324, 0, 5.89297, 4.66297, 0, 4.20818, 0.776234, 0, 1.82984, 0.821898
1.178, 2.52113, 0.795629, 0, 0.333677, 1.63245, 0, 5.8932, 4.66312, 0, 4.21223, 0.776847, 0, 1.83006, 0.821864
1.179, 2.52099, 0.795541, 0, 0.334251, 1.63018, 0, 5.89352, 4.66337, 0, 4.21175, 0.777054, 0, 1.83037, 0.821834
1.18, 2.528, 0.796391, 0, 0.336307, 1.63182, 0, 5.89188, 4.66282, 0, 4.21208, 0.778171, 0, 1.83149, 0.82051
1.181, 2.52224, 0.796241, 0, 0.33371, 1.63157, 0, 5.88825, 4.66295, 0, 4.21049, 0.780014, 0, 1.83094, 0.820905
1.182, 2.523, 0.796367, 0, 0.334211, 1.63158, 0, 5.88874, 4.66336, 0, 4.21063, 0.781318, 0, 1.83206, 0.820697
1.183, 2.5229, 0.796553, 0, 0.334052, 1.63181, 0, 5.88712, 4.66236, 0, 4.21066, 0.78479, 0, 1.83224, 0.820734
1.184, 2.52205, 0.795692, 0, 0.333355, 1.63187, 0, 5.89063, 4.50633, 0, 4.21099, 0.786769, 0, 1.83379, 0.820163
1.185, 2.52215, 0.796998, 0, 0.335236, 1.63099, 0, 5.89023, 4.66091, 0, 4.20954, 0.787529, 0, 1.83162, 0.82193
1.186, 2.52479, 0.79717, 0, 0.336157, 1.63158, 0, 5.89133, 4.66175, 0, 4.20943, 0.789186, 0, 1.83166, 0.821894
1.187, 2.52267, 0.797044, 0, 0.335226, 1.63145, 0, 5.89168, 4.6622, 0, 4.21, 0.790799, 0, 1.8308, 0.821163
1.188, 2.52305, 0.797041, 0, 0.335419, 1.63148, 0, 5.89173, 4.66253, 0, 4.21011, 0.791171, 0, 1.83119, 0.821034
1.189, 2.5229, 0.797017, 0, 0.335263, 1.63159, 0, 5.89205, 4.66572, 0, 4.20992, 0.79258, 0, 1.83145, 0.820898
1.19, 2.52257, 0.797001, 0, 0.33507, 1.63163, 0, 5.89237, 4.67128, 0, 4.20973, 0.793727, 0, 1.83163, 0.820524
1.191, 2.52246, 0.79697, 0, 0.33496, 1.63169, 0, 5.8925, 4.67377, 0, 4.20991, 0.795138, 0, 1.8322, 0.820755
1.192, 2.52226, 0.796779, 0, 0.334757, 1.63175, 0, 5.86797, 4.67462, 0, 4.21069, 0.7958, 0, 1.83272, 0.820541
1.193, 2.52207, 0.796679, 0, 0.334562, 1.63183, 0, 5.86875, 4.67705, 0, 4.21085, 0.796231, 0, 1.82285, 0.819675
1.194, 2.52187, 0.796603, 0, 0.334353, 1.63192, 0, 5.86911, 4.67728, 0, 4.2109, 0.797429, 0, 1.82328, 0.819442
1.195, 2.52164, 0.796528, 0, 0.334141, 1.63199, 0, 5.86946, 4.67886, 0, 4.21092, 0.798546, 0, 1.82366, 0.818402
1.196, 2.52146, 0.796454, 0, 0.333945, 1.63207, 0, 5.87073, 4.67949, 0, 4.21043, 0.799115, 0, 1.82394, 0.818007
1.197, 2.52125, 0.796366, 0, 0.333732, 1.63215, 0, 5.87102, 4.67976, 0, 4.21064, 0.800925, 0, 1.82439, 0.817812
1.198, 2.521, 0.796151, 0, 0.333484, 1.6322, 0, 5.87202, 4.68064, 0, 4.21084, 0.802865, 0, 1.82537, 0.817433
1.199, 2.52091, 0.796099, 0, 0.333233, 1.63252, 0, 5.87188, 4.6808, 0, 4.2108, 0.804065, 0, 1.82575, 0.816942
1.2, 2.52001, 0.796051, 0, 0.332798, 1.63245, 0, 5.87182, 4.68014, 0, 4.21041, 0.804931, 0, 1.84833, 0.817326
1.201, 2.52034, 0.796014, 0, 0.332839, 1.63255, 0, 5.87195, 4.68019, 0, 4.20983, 0.806219, 0, 1.84915, 0.817094
1.202, 2.52006, 0.795939, 0, 0.332631, 1.63269, 0, 5.87226, 4.6804, 0, 4.20984, 0.807589, 0, 1.85008, 0.818975
1.203, 2.51966, 0.795818, 0, 0.334218, 1.62687, 0, 5.87259, 4.68076, 0, 4.21063, 0.808934, 0, 1.8503, 0.818829
1.204, 2.53769, 0.797804, 0, 0.339736, 1.63174, 0, 5.87464, 4.682, 0, 4.21122, 0.809458, 0, 1.85179, 0.818027
1.205, 2.52085, 0.797349, 0, 0.332676, 1.63033, 0, 5.87268, 4.68135, 0, 4.20997, 0.812245, 0, 1.85075, 0.818851
1.206, 2.52541, 0.797827, 0, 0.335142, 1.63051, 0, 5.87363, 4.687, 0, 4.21001, 0.809179, 0, 1.85172, 0.818162
1.207, 2.52462, 0.797942, 0, 0.334421, 1.631, 0, 5.87371, 4.68718, 0, 4.21006, 0.809946, 0, 1.85191, 0.817982
1.208, 2.52298, 0.797876, 0, 0.333743, 1.63088, 0, 5.87386, 4.68738, 0, 4.21008, 0.81074, 0, 1.85204, 0.81766
1.209, 2.52343, 0.797876, 0, 0.333829, 1.63106, 0, 5.87422, 4.68704, 0, 4.2101, 0.811399, 0, 1.8533, 0.817594
1.21, 2.5229, 0.797733, 0, 0.333447, 1.63115, 0, 5.8746, 4.68248, 0, 4.21008, 0.812238, 0, 1.85397, 0.817187
1.211, 2.52274, 0.797662, 0, 0.333255, 1.63124, 0, 5.87394, 4.6826, 0, 4.21013, 0.81418, 0, 1.85421, 0.81555
1.212, 2.52255, 0.79757, 0, 0.333047, 1.63133, 0, 5.87426, 4.68279, 0, 4.21004, 0.815584, 0, 1.85469, 0.815634
1.213, 2.52238, 0.79747, 0, 0.332842, 1.63141, 0, 5.87457, 4.68334, 0, 4.21006, 0.815887, 0, 1.85512, 0.815654
1.214, 2.52228, 0.797702, 0, 0.332686, 1.63173, 0, 5.87536, 4.68215, 0, 4.20971, 0.815896, 0, 1.85464, 0.816542
1.215, 2.52133, 0.79748, 0, 0.332321, 1.63154, 0, 5.87598, 4.68238, 0, 4.20882, 0.816546, 0, 1.85473, 0.81642
1.216, 2.52206, 0.797386, 0, 0.332601, 1.63144, 0, 5.87651, 4.6828, 0, 4.20889, 0.817087, 0, 1.85522, 0.816168
1.217, 2.52241, 0.797347, 0, 0.332513, 1.63173, 0, 5.87691, 4.68371, 0, 4.20904, 0.817791, 0, 1.85544, 0.816652
1.218, 2.52148, 0.797226, 0, 0.332038, 1.63173, 0, 5.87725, 4.68454, 0, 4.20909, 0.81864, 0, 1.85587, 0.816303
1.219, 2.52155, 0.797112, 0, 0.331966, 1.63182, 0, 5.87756, 4.68459, 0, 4.21054, 0.818972, 0, 1.8567, 0.815625
1.22, 2.52129, 0.797037, 0, 0.33171, 1.63195, 0, 5.87859, 4.68574, 0, 4.20982, 0.819676, 0, 1.85712, 0.814811
1.221, 2.52112, 0.797609, 0, 0.331684, 1.63207, 0, 5.87592, 4.73984, 0, 4.20663, 0.81952, 0, 1.85534, 0.815477
1.222, 2.52071, 0.797442, 0, 0.331539, 1.632, 0, 5.87748, 4.75717, 0, 4.20701, 0.819609, 0, 1.85554, 0.82148
1.223, 2.52096, 0.797337, 0, 0.331395, 1.63292, 0, 5.87798, 4.75805, 0, 4.20701, 0.820421, 0, 1.85567, 0.821677
1.224, 2.51814, 0.796945, 0, 0.330217, 1.63255, 0, 5.87823, 4.75828, 0, 4.2069, 0.821532, 0, 1.85613, 0.820302
1.225, 2.51955, 0.79682, 0, 0.330641, 1.63282, 0, 5.87838, 4.75852, 0, 4.2076, 0.82191, 0, 1.85665, 0.820234
1.226, 2.51877, 0.79659, 0, 0.330064, 1.63294, 0, 5.87872, 4.75705, 0, 4.20762, 0.822702, 0, 1.85705, 0.820225
1.227, 2.51851, 0.796486, 0, 0.329851, 1.63299, 0, 5.8791, 4.76898, 0, 4.20752, 0.823566, 0, 1.85749, 0.820186
1.228, 2.51847, 0.796367, 0, 0.329696, 1.63309, 0, 5.87933, 4.76904, 0, 4.20751, 0.824246, 0, 1.85775, 0.820289
1.229, 2.51824, 0.796231, 0, 0.329474, 1.63315, 0, 5.87946, 4.76964, 0, 4.20751, 0.824617, 0, 1.85808, 0.819491
1.23, 2.5181, 0.796055, 0, 0.329274, 1.63322, 0, 5.87955, 4.75765, 0, 4.20755, 0.825342, 0, 1.85838, 0.81929
1.231, 2.51792, 0.795958, 0, 0.329069, 1.63331, 0, 5.87996, 4.75786, 0, 4.20759, 0.826694, 0, 1.85886, 0.819161
1.232, 2.51769, 0.795862, 0, 0.328873, 1.63343, 0, 5.88031, 4.75788, 0, 4.20751, 0.827702, 0, 1.85929, 0.819077
1.233, 2.51735, 0.795774, 0, 0.328636, 1.63345, 0, 5.88045, 4.7574, 0, 4.20722, 0.828404, 0, 1.85965, 0.819147
1.234, 2.51732, 0.795754, 0, 0.328499, 1.63357, 0, 5.88093, 4.76823, 0, 4.20721, 0.828988, 0, 1.86002, 0.819471
1.235, 2.51697, 0.795669, 0, 0.328274, 1.63354, 0, 5.88087, 4.7699, 0, 4.20722, 0.829599, 0, 1.85969, 0.825649
1.236, 2.51711, 0.795617, 0, 0.328309, 1.63366, 0, 5.88107, 4.77002, 0, 4.2067, 0.830189, 0, 1.86, 0.82573
1.237, 2.51676, 0.795553, 0, 0.328029, 1.63374, 0, 5.88105, 4.7694, 0, 4.20669, 0.830878, 0, 1.86001, 0.82584
1.238, 2.51653, 0.795487, 0, 0.327826, 1.6338, 0, 5.8815, 4.76936, 0, 4.20659, 0.831829, 0, 1.86203, 0.825273
1.239, 2.51639, 0.795433, 0, 0.327653, 1.63388, 0, 5.88096, 4.7722, 0, 4.20665, 0.83182, 0, 1.86234, 0.825419
1.24, 2.51615, 0.795377, 0, 0.327455, 1.63394, 0, 5.8812, 4.77345, 0, 4.20668, 0.832477, 0, 1.86272, 0.825033
1.241, 2.516, 0.79531, 0, 0.327289, 1.634, 0, 5.88148, 4.77353, 0, 4.20666, 0.833286, 0, 1.86317, 0.825107
1.242, 2.51585, 0.795242, 0, 0.327115, 1.63405, 0, 5.88181, 4.77364, 0, 4.2068, 0.833804, 0, 1.86357, 0.825228
1.243, 2.51574, 0.795285, 0, 0.326981, 1.63413, 0, 5.88164, 4.77435, 0, 4.2067, 0.83451, 0, 1.86348, 0.825648
1.244, 2.5155, 0.795214, 0, 0.326826, 1.63412, 0, 5.88254, 4.77452, 0, 4.20669, 0.835477, 0, 1.86371, 0.8257
1.245, 2.51556, 0.795135, 0, 0.327167, 1.63356, 0, 5.8833, 4.77477, 0, 4.20659, 0.836375, 0, 1.86417, 0.825681
1.246, 2.51727, 0.795277, 0, 0.327572, 1.63412, 0, 5.88312, 4.77491, 0, 4.20656, 0.836965, 0, 1.86483, 0.824772
1.247, 2.51537, 0.795197, 0, 0.326693, 1.63402, 0, 5.88364, 4.77496, 0, 4.20662, 0.838071, 0, 1.86507, 0.824992
1.248, 2.51572, 0.795201, 0, 0.326813, 1.63408, 0, 5.88399, 4.77511, 0, 4.20676, 0.838658, 0, 1.86553, 0.825003
1.249, 2.51551, 0.795158, 0, 0.326585, 1.63419, 0, 5.88558, 4.7754, 0, 4.20676, 0.838173, 0, 1.86597, 0.824958
1.25, 2.51518, 0.795101, 0, 0.326351, 1.63423, 0, 5.8858, 4.77719, 0, 4.20326, 0.838335, 0, 1.86639, 0.824752
1.251, 2.51508, 0.795052, 0, 0.326202, 1.6343, 0, 5.88654, 4.77732, 0, 4.20339, 0.838566, 0, 1.86677, 0.824712
1.252, 2.51489, 0.795009, 0, 0.326006, 1.63418, 0, 5.88487, 4.77725, 0, 4.20326, 0.839532, 0, 1.86783, 0.824702
1.253, 2.51531, 0.795076, 0, 0.326474, 1.63372, 0, 5.88544, 4.77717, 0, 4.20305, 0.840145, 0, 1.86804, 0.824861
1.254, 2.51669, 0.795221, 0, 0.326752, 1.63424, 0, 5.88591, 4.77737, 0, 4.20312, 0.840747, 0, 1.86852, 0.824771
1.255, 2.5149, 0.795134, 0, 0.325929, 1.63414, 0, 5.8859, 4.7774, 0, 4.2031, 0.841366, 0, 1.86881, 0.825171
1.256, 2.51525, 0.795139, 0, 0.326035, 1.63422, 0, 5.88636, 4.77751, 0, 4.20317, 0.841726, 0, 1.86924, 0.824977
1.257, 2.515, 0.795104, 0, 0.325912, 1.63428, 0, 5.88659, 4.77785, 0, 4.20314, 0.842206, 0, 1.8696, 0.824938
1.258, 2.51487, 0.795176, 0, 0.325767, 1.63438, 0, 5.88526, 4.78147, 0, 4.20303, 0.842728, 0, 1.8693, 0.830269
1.259, 2.51457, 0.795115, 0, 0.325568, 1.6344, 0, 5.88552, 4.78154, 0, 4.20298, 0.843322, 0, 1.86975, 0.83018
1.26, 2.51454, 0.79506, 0, 0.325453, 1.63447, 0, 5.88599, 4.78163, 0, 4.20228, 0.843878, 0, 1.8695, 0.830485
1.261, 2.51433, 0.794978, 0, 0.325254, 1.63454, 0, 5.88634, 4.78183, 0, 4.20217, 0.843698, 0, 1.86989, 0.830871
1.262, 2.51419, 0.794941, 0, 0.32509, 1.6346, 0, 5.88644, 4.78263, 0, 4.20208, 0.844045, 0, 1.87018, 0.830961
1.263, 2.51402, 0.794878, 0, 0.324918, 1.63466, 0, 5.88672, 4.78336, 0, 4.20205, 0.843196, 0, 1.87056, 0.830816
1.264, 2.51387, 0.7948, 0, 0.324748, 1.63472, 0, 5.88688, 4.78355, 0, 4.20116, 0.843344, 0, 1.871, 0.830841
1.265, 2.51365, 0.794631, 0, 0.324545, 1.63476, 0, 5.8878, 4.78534, 0, 4.20231, 0.843898, 0, 1.85627, 0.82987
1.266, 2.51362, 0.794579, 0, 0.324377, 1.63487, 0, 5.88792, 4.78523, 0, 4.20257, 0.844198, 0, 1.85646, 0.8298
1.267, 2.51331, 0.794514, 0, 0.324124, 1.63493, 0, 5.88808, 4.78531, 0, 4.20257, 0.844627, 0, 1.85672, 0.829219
1.268, 2.51318, 0.794473, 0, 0.323954, 1.635, 0, 5.8882, 4.78523, 0, 4.2022, 0.846637, 0, 1.85687, 0.829371
1.269, 2.51299, 0.794412, 0, 0.323756, 1.63508, 0, 5.88865, 4.7856, 0, 4.20214, 0.847167, 0, 1.85714, 0.829673
1.27, 2.5128, 0.79436, 0, 0.323567, 1.63514, 0, 5.8889, 4.78779, 0, 4.20208, 0.847614, 0, 1.85743, 0.829887
1.271, 2.51264, 0.794302, 0, 0.32298, 1.63548, 0, 5.88912, 4.78825, 0, 4.20208, 0.847738, 0, 1.8577, 0.830155
1.272, 2.51162, 0.794077, 0, 0.322507, 1.63533, 0, 5.88965, 4.78844, 0, 4.20202, 0.845702, 0, 1.85832, 0.829973
1.273, 2.51221, 0.794049, 0, 0.322616, 1.63549, 0, 5.88989, 4.78844, 0, 4.20215, 0.845563, 0, 1.86037, 0.829627
1.274, 2.51177, 0.793971, 0, 0.322026, 1.63572, 0, 5.88999, 4.78844, 0, 4.20218, 0.84578, 0, 1.86074, 0.829867
1.275, 2.5111, 0.793845, 0, 0.321698, 1.63564, 0, 5.89026, 4.7885, 0, 4.20226, 0.846425, 0, 1.86107, 0.82998
1.276, 2.51145, 0.79379, 0, 0.32172, 1.63576, 0, 5.89065, 4.78872, 0, 4.20236, 0.84647, 0, 1.86101, 0.830202
1.277, 2.51112, 0.793708, 0, 0.321448, 1.63582, 0, 5.89094, 4.78884, 0, 4.20237, 0.846754, 0, 1.86131, 0.830064
1.278, 2.51099, 0.793679, 0, 0.323401, 1.63405, 0, 5.8913, 4.78902, 0, 4.20226, 0.846931, 0, 1.86138, 0.830251
1.279, 2.51648, 0.794262, 0, 0.325041, 1.63553, 0, 5.89258, 4.78951, 0, 4.20245, 0.847455, 0, 1.86212, 0.830358
1.28, 2.51135, 0.794111, 0, 0.322839, 1.63513, 0, 5.8923, 4.78944, 0, 4.20236, 0.84793, 0, 1.86207, 0.830933
1.281, 2.51266, 0.794242, 0, 0.323499, 1.6352, 0, 5.89257, 4.78961, 0, 4.20245, 0.847859, 0, 1.86261, 0.830628
1.282, 2.51236, 0.794253, 0, 0.323181, 1.63539, 0, 5.89285, 4.78952, 0, 4.20226, 0.8481, 0, 1.863, 0.831039
1.283, 2.51173, 0.794228, 0, 0.322848, 1.63539, 0, 5.893, 4.78955, 0, 4.20228, 0.84829, 0, 1.86421, 0.83136
1.284, 2.51188, 0.794769, 0, 0.322938, 1.63555, 0, 5.8947, 4.78704, 0, 4.20194, 0.849633, 0, 1.86201, 0.832313
1.285, 2.51136, 0.794638, 0, 0.322748, 1.63544, 0, 5.89503, 4.78724, 0, 4.20191, 0.849814, 0, 1.86252, 0.833025
1.286, 2.51173, 0.794567, 0, 0.322817, 1.63554, 0, 5.89502, 4.78745, 0, 4.20192, 0.84985, 0, 1.86274, 0.832571
1.287, 2.51141, 0.794467, 0, 0.322585, 1.63557, 0, 5.89533, 4.78758, 0, 4.20198, 0.849794, 0, 1.86322, 0.831401
1.288, 2.51132, 0.794393, 0, 0.322462, 1.63562, 0, 5.8958, 4.78803, 0, 4.20156, 0.849949, 0, 1.86363, 0.830952
1.289, 2.5112, 0.79431, 0, 0.322302, 1.63569, 0, 5.89582, 4.78814, 0, 4.20145, 0.850203, 0, 1.8639, 0.830875
1.29, 2.51099, 0.794204, 0, 0.322111, 1.63574, 0, 5.89495, 4.7886, 0, 4.20157, 0.850279, 0, 1.86445, 0.831046
1.291, 2.51089, 0.794095, 0, 0.321921, 1.63583, 0, 5.89617, 4.78878, 0, 4.20156, 0.850237, 0, 1.86475, 0.831009
1.292, 2.51063, 0.793997, 0, 0.321675, 1.6359, 0, 5.89687, 4.78908, 0, 4.20157, 0.850252, 0, 1.86514, 0.831173
1.293, 2.51043, 0.793913, 0, 0.32147, 1.63597, 0, 5.8974, 4.78936, 0, 4.20151, 0.849301, 0, 1.86562, 0.830482
1.294, 2.51025, 0.793829, 0, 0.321264, 1.63605, 0, 5.89783, 4.79002, 0, 4.20157, 0.849247, 0, 1.86606, 0.830647
1.295, 2.51004, 0.793748, 0, 0.32105, 1.63612, 0, 5.89822, 4.7902, 0, 4.20158, 0.850394, 0, 1.86657, 0.830382
1.296, 2.50988, 0.793674, 0, 0.320849, 1.63619, 0, 5.89811, 4.79029, 0, 4.20246, 0.850427, 0, 1.86718, 0.83091
1.297, 2.50968, 0.793609, 0, 0.320644, 1.63626, 0, 5.89831, 4.79032, 0, 4.20249, 0.850467, 0, 1.8676, 0.830942
1.298, 2.50951, 0.79355, 0, 0.320455, 1.63633, 0, 5.89877, 4.79056, 0, 4.20247, 0.850535, 0, 1.86793, 0.831192
1.299, 2.50934, 0.793478, 0, 0.320259, 1.63639, 0, 5.89902, 4.79069, 0, 4.20208, 0.850568, 0, 1.86835, 0.831231
1.3, 2.50917, 0.793396, 0, 0.320061, 1.63646, 0, 5.89967, 4.79091, 0, 4.20393, 0.850246, 0, 1.86882, 0.831324
1.301, 2.509, 0.793325, 0, 0.31986, 1.63653, 0, 5.89994, 4.79108, 0, 4.20414, 0.851114, 0, 1.86913, 0.831385
1.302, 2.50881, 0.793248, 0, 0.31959, 1.63689, 0, 5.90016, 4.79136, 0, 4.2042, 0.852086, 0, 1.86957, 0.831419
1.303, 2.50774, 0.793086, 0, 0.319054, 1.6368, 0, 5.90037, 4.79272, 0, 4.20413, 0.852289, 0, 1.86989, 0.831763
1.304, 2.50819, 0.793266, 0, 0.319141, 1.63698, 0, 5.90024, 4.79201, 0, 4.20385, 0.852183, 0, 1.87093, 0.832563
1.305, 2.50767, 0.793118, 0, 0.318817, 1.63696, 0, 5.9007, 4.7922, 0, 4.2042, 0.850411, 0, 1.87061, 0.805739
1.306, 2.50777, 0.793012, 0, 0.318732, 1.63704, 0, 5.90111, 4.79235, 0, 4.20374, 0.850135, 0, 1.87101, 0.805782
1.307, 2.50756, 0.792905, 0, 0.318649, 1.63692, 0, 5.90061, 4.79227, 0, 4.20383, 0.850171, 0, 1.87148, 0.832753
1.308, 2.50795, 0.792877, 0, 0.318631, 1.63713, 0, 5.90108, 4.79258, 0, 4.20442, 0.850301, 0, 1.87136, 0.83208
1.309, 2.5073, 0.792787, 0, 0.318232, 1.63715, 0, 5.9013, 4.79276, 0, 4.20438, 0.85049, 0, 1.87162, 0.832485
1.31, 2.50727, 0.792735, 0, 0.318112, 1.63721, 0, 5.902, 4.79292, 0, 4.20444, 0.851007, 0, 1.872, 0.806051
1.311, 2.50708, 0.792681, 0, 0.317499, 1.63785, 0, 5.90234, 4.79307, 0, 4.20446, 0.85141, 0, 1.87253, 0.804748
1.312, 2.50514, 0.792417, 0, 0.316744, 1.63746, 0, 5.90252, 4.79323, 0, 4.20455, 0.85294, 0, 1.87278, 0.805069
1.313, 2.50651, 0.792344, 0, 0.317161, 1.63769, 0, 5.90233, 4.79206, 0, 4.20463, 0.853011, 0, 1.87347, 0.804827
1.314, 2.50582, 0.792204, 0, 0.317076, 1.63718, 0, 5.90264, 4.79237, 0, 4.2046, 0.853236, 0, 1.87388, 0.804953
1.315, 2.50748, 0.792342, 0, 0.317481, 1.63767, 0, 5.90267, 4.79237, 0, 4.20461, 0.853287, 0, 1.87438, 0.804748
1.316, 2.50583, 0.792238, 0, 0.316663, 1.6376, 0, 5.90253, 4.79274, 0, 4.20459, 0.853646, 0, 1.87468, 0.804688
1.317, 2.50609, 0.792217, 0, 0.316703, 1.63767, 0, 5.90328, 4.79306, 0, 4.20462, 0.853645, 0, 1.87519, 0.804807
1.318, 2.50587, 0.792161, 0, 0.316456, 1.63777, 0, 5.90413, 4.79346, 0, 4.20464, 0.854499, 0, 1.87378, 0.804788
1.319, 2.50557, 0.792097, 0, 0.316206, 1.63782, 0, 5.90435, 4.79384, 0, 4.20463, 0.854598, 0, 1.87421, 0.804643
1.32, 2.50545, 0.792038, 0, 0.316181, 1.63751, 0, 5.90507, 4.79417, 0, 4.20465, 0.854666, 0, 1.87468, 0.804754
1.321, 2.50643, 0.792102, 0, 0.316304, 1.63792, 0, 5.90468, 4.79456, 0, 4.20459, 0.854731, 0, 1.87505, 0.804857
1.322, 2.50514, 0.792208, 0, 0.315673, 1.63792, 0, 5.90511, 4.79387, 0, 4.20427, 0.854683, 0, 1.87456, 0.807333
1.323, 2.50515, 0.792211, 0, 0.315662, 1.63793, 0, 5.9061, 4.80383, 0, 4.20386, 0.854586, 0, 1.87504, 0.807734
1.324, 2.50515, 0.792149, 0, 0.31548, 1.63803, 0, 5.91043, 4.80385, 0, 4.20434, 0.854478, 0, 1.87541, 0.807379
1.325, 2.50485, 0.792075, 0, 0.315273, 1.63801, 0, 5.91169, 4.80405, 0, 4.20441, 0.854691, 0, 1.87592, 0.807939
1.326, 2.50495, 0.792048, 0, 0.3152, 1.6381, 0, 5.91203, 4.80863, 0, 4.20429, 0.854751, 0, 1.87634, 0.807993
1.327, 2.50465, 0.791969, 0, 0.314951, 1.63815, 0, 5.91174, 4.80892, 0, 4.2044, 0.854842, 0, 1.8769, 0.808087
1.328, 2.50451, 0.791878, 0, 0.314773, 1.63821, 0, 5.91234, 4.80904, 0, 4.20442, 0.854969, 0, 1.87749, 0.808452
1.329, 2.50437, 0.791815, 0, 0.314577, 1.63829, 0, 5.91302, 4.80929, 0, 4.20446, 0.855021, 0, 1.878, 0.808044
1.33, 2.50414, 0.791738, 0, 0.314352, 1.63835, 0, 5.91442, 4.81013, 0, 4.20449, 0.855153, 0, 1.87709, 0.807617
1.331, 2.50398, 0.791663, 0, 0.314147, 1.63843, 0, 5.91485, 4.8105, 0, 4.20452, 0.855477, 0, 1.87753, 0.808232
1.332, 2.50378, 0.791637, 0, 0.312133, 1.64116, 0, 5.91507, 4.81053, 0, 4.20463, 0.855618, 0, 1.87826, 0.807554
1.333, 2.49537, 0.790621, 0, 0.309308, 1.63913, 0, 5.91458, 4.81036, 0, 4.20446, 0.85573, 0, 1.87896, 0.807703
1.334, 2.50255, 0.79064, 0, 0.313791, 1.63728, 0, 5.91459, 4.81132, 0, 4.20477, 0.854975, 0, 1.88004, 0.807755
1.335, 2.50821, 0.791234, 0, 0.314869, 1.63941, 0, 5.91542, 4.81194, 0, 4.20484, 0.855401, 0, 1.88087, 0.807624
1.336, 2.50099, 0.790907, 0, 0.311928, 1.6386, 0, 5.9108, 4.81448, 0, 4.20467, 0.856216, 0, 1.88089, 0.807889
1.337, 2.50371, 0.79107, 0, 0.313136, 1.63879, 0, 5.91148, 4.81496, 0, 4.20485, 0.855925, 0, 1.88154, 0.807757
1.338, 2.50298, 0.79107, 0, 0.312501, 1.63908, 0, 5.91171, 4.8154, 0, 4.20483, 0.855621, 0, 1.88194, 0.807774
1.339, 2.50206, 0.791141, 0, 0.311884, 1.63932, 0, 5.91227, 4.81508, 0, 4.20509, 0.855866, 0, 1.88098, 0.808222
1.34, 2.50136, 0.790991, 0, 0.311563, 1.6392, 0, 5.91286, 4.81542, 0, 4.20517, 0.855739, 0, 1.88131, 0.80834
1.341, 2.50184, 0.790928, 0, 0.311582, 1.63938, 0, 5.91191, 4.81607, 0, 4.20523, 0.855444, 0, 1.88368, 0.808356
1.342, 2.50133, 0.790848, 0, 0.31121, 1.63943, 0, 5.91224, 4.81604, 0, 4.20408, 0.855294, 0, 1.8843, 0.807834
1.343, 2.50123, 0.790776, 0, 0.311074, 1.63948, 0, 5.91658, 4.81599, 0, 4.20408, 0.855381, 0, 1.88479, 0.807846
1.344, 2.50112, 0.790694, 0, 0.310882, 1.63955, 0, 5.91704, 4.81632, 0, 4.20412, 0.85553, 0, 1.88536, 0.807875
1.345, 2.50092, 0.790617, 0, 0.310664, 1.63961, 0, 5.9177, 4.81661, 0, 4.20418, 0.855706, 0, 1.88596, 0.808472
1.346, 2.50077, 0.790538, 0, 0.310465, 1.63942, 0, 5.91784, 4.81749, 0, 4.20412, 0.855334, 0, 1.88652, 0.808455
1.347, 2.5014, 0.790533, 0, 0.311321, 1.63916, 0, 5.91844, 4.81789, 0, 4.20399, 0.85262, 0, 1.88716, 0.808372
1.348, 2.50216, 0.790635, 0, 0.311341, 1.63957, 0, 5.91841, 4.8183, 0, 4.20411, 0.852614, 0, 1.88787, 0.807614
1.349, 2.50075, 0.79057, 0, 0.310654, 1.63951, 0, 5.91863, 4.81855, 0, 4.20411, 0.852963, 0, 1.8883, 0.807749
1.35, 2.50097, 0.790571, 0, 0.310654, 1.6396, 0, 5.91907, 4.81888, 0, 4.20418, 0.85291, 0, 1.88891, 0.807736
1.351, 2.50068, 0.790523, 0, 0.310795, 1.63835, 0, 5.91945, 4.81965, 0, 4.20423, 0.852963, 0, 1.88946, 0.807768
1.352, 2.50455, 0.790944, 0, 0.31182, 1.63953, 0, 5.92026, 4.81966, 0, 4.20435, 0.85309, 0, 1.89035, 0.80767
1.353, 2.50052, 0.790793, 0, 0.310026, 1.63926, 0, 5.91906, 4.81906, 0, 4.20398, 0.853579, 0, 1.89051, 0.807928
1.354, 2.50142, 0.790865, 0, 0.310412, 1.63935, 0, 5.91949, 4.82164, 0, 4.20301, 0.853295, 0, 1.89134, 0.808247
1.355, 2.5011, 0.790837, 0, 0.310059, 1.63953, 0, 5.91959, 4.82217, 0, 4.20303, 0.853476, 0, 1.89187, 0.808311
1.356, 2.50057, 0.790748, 0, 0.309711, 1.63962, 0, 5.91918, 4.82242, 0, 4.20352, 0.853617, 0, 1.89312, 0.806325
1.357, 2.50035, 0.790744, 0, 0.309502, 1.63969, 0, 5.92016, 4.83008, 0, 4.20348, 0.85372, 0, 1.89352, 0.806871
1.358, 2.50019, 0.790667, 0, 0.3093, 1.63975, 0, 5.92024, 4.83162, 0, 4.20416, 0.853831, 0, 1.89418, 0.806806
1.359, 2.50006, 0.790605, 0, 0.309073, 1.63986, 0, 5.90075, 4.83156, 0, 4.20342, 0.853771, 0, 1.89452, 0.806969
1.36, 2.49978, 0.79056, 0, 0.308841, 1.63991, 0, 5.90005, 4.83081, 0, 4.20349, 0.854001, 0, 1.89489, 0.806869
1.361, 2.49969, 0.79049, 0, 0.308713, 1.63999, 0, 5.8986, 4.83061, 0, 4.20353, 0.854211, 0, 1.89544, 0.80688
1.362, 2.49949, 0.790413, 0, 0.308482, 1.64006, 0, 5.89865, 4.83098, 0, 4.20344, 0.854445, 0, 1.89596, 0.807252
1.363, 2.4993, 0.790326, 0, 0.308259, 1.64014, 0, 5.89489, 4.83107, 0, 4.2035, 0.854718, 0, 1.89658, 0.807293
1.364, 2.49917, 0.79027, 0, 0.308024, 1.64026, 0, 5.89885, 4.8336, 0, 4.20303, 0.855353, 0, 1.89678, 0.807539
1.365, 2.49882, 0.790178, 0, 0.307746, 1.6403, 0, 5.89898, 4.83367, 0, 4.20302, 0.855568, 0, 1.8958, 0.807611
1.366, 2.49875, 0.790113, 0, 0.307839, 1.64002, 0, 5.89966, 4.83375, 0, 4.2025, 0.855786, 0, 1.89713, 0.808107
1.367, 2.49964, 0.790155, 0, 0.307894, 1.6404, 0, 5.90026, 4.83394, 0, 4.2025, 0.856132, 0, 1.89804, 0.808258
1.368, 2.49838, 0.790038, 0, 0.307135, 1.64052, 0, 5.90075, 4.83433, 0, 4.20254, 0.856631, 0, 1.89887, 0.808011
1.369, 2.49807, 0.789971, 0, 0.306812, 1.64086, 0, 5.90089, 4.83431, 0, 4.20332, 0.857366, 0, 1.89945, 0.808137
1.37, 2.49709, 0.789804, 0, 0.306248, 1.64086, 0, 5.90196, 4.88048, 0, 4.20384, 0.857522, 0, 1.90041, 0.808686
1.371, 2.49729, 0.790006, 0, 0.306214, 1.64103, 0, 5.90277, 4.87937, 0, 4.20348, 0.857095, 0, 1.89998, 0.809438
1.372, 2.4968, 0.789844, 0, 0.305891, 1.64105, 0, 5.90327, 4.88059, 0, 4.20348, 0.85745, 0, 1.90025, 0.809643
1.373, 2.49705, 0.788923, 0, 0.305679, 1.64027, 0, 5.77116, 4.88257, 0, 4.2033, 0.857558, 0, 1.89929, 0.809689
1.374, 2.49935, 0.789441, 0, 0.306188, 1.64121, 0, 5.77037, 4.88445, 0, 4.20377, 0.858523, 0, 1.90166, 0.809875
1.375, 2.49612, 0.78939, 0, 0.304838, 1.64093, 0, 5.76968, 4.88397, 0, 4.20396, 0.859091, 0, 1.90301, 0.809829
1.376, 2.49709, 0.78948, 0, 0.305242, 1.64105, 0, 5.77017, 4.88421, 0, 4.20417, 0.859309, 0, 1.90438, 0.807941
1.377, 2.49669, 0.789451, 0, 0.305, 1.64115, 0, 5.77052, 4.88426, 0, 4.20438, 0.859992, 0, 1.90512, 0.807929
1.378, 2.49641, 0.789376, 0, 0.304755, 1.64121, 0, 5.77077, 4.88553, 0, 4.20437, 0.860315, 0, 1.90558, 0.80711
1.379, 2.49626, 0.789342, 0, 0.304559, 1.6413, 0, 5.77117, 4.88551, 0, 4.20432, 0.861139, 0, 1.90617, 0.806619
1.38, 2.49602, 0.789283, 0, 0.304273, 1.64104, 0, 5.77138, 4.88559, 0, 4.20432, 0.861412, 0, 1.90665, 0.806588
1.381, 2.49684, 0.789373, 0, 0.302935, 1.64348, 0, 5.7719, 4.88553, 0, 4.20429, 0.861643, 0, 1.9059, 0.80646
1.382, 2.48924, 0.788543, 0, 0.300295, 1.64182, 0, 5.77156, 4.8838, 0, 4.20418, 0.862069, 0, 1.9058, 0.806693
1.383, 2.49512, 0.788628, 0, 0.302554, 1.64247, 0, 5.77302, 4.88433, 0, 4.2044, 0.861648, 0, 1.90701, 0.806433
1.384, 2.49306, 0.788346, 0, 0.301285, 1.64254, 0, 5.77319, 4.88423, 0, 4.20427, 0.862141, 0, 1.90729, 0.806578
1.385, 2.49301, 0.788194, 0, 0.301201, 1.64249, 0, 5.77326, 4.88415, 0, 4.20428, 0.862281, 0, 1.90811, 0.806593
1.386, 2.49331, 0.788118, 0, 0.30112, 1.64265, 0, 5.77362, 4.88418, 0, 4.2043, 0.862479, 0, 1.90892, 0.806556
1.387, 2.49284, 0.788031, 0, 0.300766, 1.64271, 0, 5.77402, 4.884, 0, 4.2043, 0.862727, 0, 1.90941, 0.806665
1.388, 2.49272, 0.787905, 0, 0.300567, 1.64278, 0, 5.77427, 4.8843, 0, 4.20439, 0.862989, 0, 1.91016, 0.806567
1.389, 2.49255, 0.787854, 0, 0.300345, 1.643, 0, 5.77432, 4.88429, 0, 4.20439, 0.863197, 0, 1.91061, 0.807172
1.39, 2.49189, 0.787741, 0, 0.300577, 1.64267, 0, 5.77479, 4.88432, 0, 4.20419, 0.863249, 0, 1.91093, 0.807221
1.391, 2.49297, 0.787781, 0, 0.300791, 1.643, 0, 5.77512, 4.88467, 0, 4.20433, 0.86337, 0, 1.90869, 0.806968
1.392, 2.49186, 0.787695, 0, 0.300168, 1.64301, 0, 5.77536, 4.8847, 0, 4.20433, 0.863644, 0, 1.90905, 0.806945
1.393, 2.49188, 0.787611, 0, 0.301287, 1.63916, 0, 5.77565, 4.88066, 0, 4.2044, 0.863798, 0, 1.90962, 0.807099
1.394, 2.5038, 0.788976, 0, 0.304797, 1.64254, 0, 5.77712, 4.88135, 0, 4.20468, 0.863881, 0, 1.91166, 0.806757
1.395, 2.49212, 0.788688, 0, 0.299922, 1.64155, 0, 5.77554, 4.88063, 0, 4.20402, 0.865109, 0, 1.91225, 0.807486
1.396, 2.49542, 0.789137, 0, 0.301927, 1.64129, 0, 5.77585, 4.87959, 0, 4.20389, 0.864516, 0, 1.93667, 0.808874
1.397, 2.49603, 0.789374, 0, 0.301754, 1.64197, 0, 5.77879, 4.87974, 0, 4.20394, 0.864815, 0, 1.93732, 0.809061
1.398, 2.49369, 0.789309, 0, 0.30078, 1.64178, 0, 5.77912, 4.87978, 0, 4.20394, 0.865229, 0, 1.93761, 0.809187
1.399, 2.49434, 0.789347, 0, 0.300984, 1.64188, 0, 5.77979, 4.87993, 0, 4.20401, 0.865193, 0, 1.93837, 0.809329
1.4, 2.49403, 0.789315, 0, 0.300682, 1.64203, 0, 5.77996, 4.88003, 0, 4.20378, 0.865342, 0, 1.93907, 0.809612
1.401, 2.49359, 0.789216, 0, 0.300392, 1.64206, 0, 5.78041, 4.88012, 0, 4.20374, 0.865548, 0, 1.93845, 0.809531
1.402, 2.49354, 0.789126, 0, 0.300236, 1.64216, 0, 5.78088, 4.88049, 0, 4.20384, 0.865803, 0, 1.93631, 0.809321
1.403, 2.4933, 0.789024, 0, 0.299986, 1.64223, 0, 5.78123, 4.8791, 0, 4.20384, 0.866032, 0, 1.93689, 0.810156
1.404, 2.49316, 0.788947, 0, 0.299776, 1.64234, 0, 5.78169, 4.87922, 0, 4.20384, 0.866248, 0, 1.93746, 0.81019
1.405, 2.4929, 0.788853, 0, 0.29972, 1.64215, 0, 5.78148, 4.87942, 0, 4.20383, 0.866491, 0, 1.93814, 0.810219
1.406, 2.49355, 0.788865, 0, 0.299767, 1.64245, 0, 5.78185, 4.8796, 0, 4.20384, 0.866717, 0, 1.93888, 0.809935
1.407, 2.4926, 0.788771, 0, 0.299995, 1.64225, 0, 5.7822, 4.87969, 0, 4.20382, 0.867047, 0, 1.93942, 0.810034
1.408, 2.49317, 0.788573, 0, 0.300017, 1.64245, 0, 5.78364, 4.88119, 0, 4.20401, 0.86765, 0, 1.91617, 0.808568
1.409, 2.49257, 0.788548, 0, 0.29947, 1.64271, 0, 5.78348, 4.88307, 0, 4.20391, 0.867816, 0, 1.9165, 0.808783
1.41, 2.49184, 0.788461, 0, 0.299014, 1.64277, 0, 5.78343, 4.88302, 0, 4.20386, 0.868039, 0, 1.91694, 0.808685
1.411, 2.49175, 0.788394, 0, 0.298798, 1.64292, 0, 5.78356, 4.88311, 0, 4.20385, 0.868245, 0, 1.91748, 0.808612
1.412, 2.49137, 0.788302, 0, 0.298483, 1.64299, 0, 5.78372, 4.88388, 0, 4.20379, 0.868862, 0, 1.91795, 0.80855
1.413, 2.49131, 0.788558, 0, 0.298305, 1.64323, 0, 5.78435, 4.88226, 0, 4.20337, 0.868703, 0, 1.91743, 0.809263
1.414, 2.49061, 0.78843, 0, 0.297929, 1.64322, 0, 5.78468, 4.88206, 0, 4.20399, 0.868862, 0, 1.91792, 0.808935
1.415, 2.49071, 0.78829, 0, 0.297832, 1.64333, 0, 5.78511, 4.8826, 0, 4.20402, 0.869107, 0, 1.91797, 0.808633
1.416, 2.49041, 0.788177, 0, 0.297481, 1.64363, 0, 5.78568, 4.88542, 0, 4.20401, 0.869304, 0, 1.91827, 0.807847
1.417, 2.48953, 0.787948, 0, 0.311306, 1.63765, 0, 5.78613, 4.8857, 0, 4.20354, 0.869296, 0, 1.91878, 0.807886
1.418, 2.50814, 0.789932, 0, 0.317478, 1.64182, 0, 5.78833, 4.88692, 0, 4.20388, 0.8692, 0, 1.92081, 0.8074
1.419, 2.49341, 0.789753, 0, 0.31154, 1.64035, 0, 5.78725, 4.88617, 0, 4.20333, 0.871204, 0, 1.91992, 0.807349
1.42, 2.49795, 0.790382, 0, 0.314084, 1.63982, 0, 5.78813, 4.88675, 0, 4.20347, 0.87069, 0, 1.92014, 0.807661
1.421, 2.49914, 0.790955, 0, 0.314156, 1.6406, 0, 5.78851, 4.88678, 0, 4.20406, 0.871038, 0, 1.92068, 0.80787
1.422, 2.49622, 0.791055, 0, 0.312986, 1.64035, 0, 5.78859, 4.88674, 0, 4.20125, 0.870771, 0, 1.92114, 0.806842
1.423, 2.49692, 0.791241, 0, 0.313244, 1.6405, 0, 5.78896, 4.88685, 0, 4.20129, 0.87075, 0, 1.92177, 0.80691
1.424, 2.49634, 0.791284, 0, 0.312812, 1.64063, 0, 5.78902, 4.88695, 0, 4.20129, 0.870964, 0, 1.92231, 0.806944
1.425, 2.49593, 0.791271, 0, 0.312495, 1.6407, 0, 5.78929, 4.88698, 0, 4.20142, 0.871138, 0, 1.92313, 0.806521
1.426, 2.49578, 0.791224, 0, 0.312257, 1.6408, 0, 5.78962, 4.88699, 0, 4.20144, 0.871333, 0, 1.92374, 0.806538
1.427, 2.49552, 0.791143, 0, 0.311942, 1.64091, 0, 5.78933, 4.88719, 0, 4.20144, 0.87155, 0, 1.92433, 0.806722
1.428, 2.49529, 0.791048, 0, 0.311647, 1.641, 0, 5.78961, 4.88724, 0, 4.20144, 0.871767, 0, 1.92485, 0.806819
1.429, 2.4951, 0.790933, 0, 0.311112, 1.64149, 0, 5.78997, 4.88697, 0, 4.20122, 0.871324, 0, 1.92554, 0.807097
1.43, 2.49369, 0.790693, 0, 0.310445, 1.64127, 0, 5.79013, 4.88695, 0, 4.20124, 0.87152, 0, 1.92627, 0.805259
1.431, 2.49459, 0.79061, 0, 0.310598, 1.64147, 0, 5.79149, 4.88707, 0, 4.20128, 0.87159, 0, 1.92695, 0.805244
1.432, 2.49403, 0.790468, 0, 0.310137, 1.64149, 0, 5.79171, 4.88714, 0, 4.20129, 0.871861, 0, 1.92752, 0.805294
1.433, 2.49407, 0.790388, 0, 0.309904, 1.64169, 0, 5.79198, 4.88717, 0, 4.20127, 0.872051, 0, 1.92982, 0.805194
1.434, 2.49354, 0.790283, 0, 0.309479, 1.64177, 0, 5.79242, 4.88802, 0, 4.20055, 0.872637, 0, 1.92907, 0.805139
1.435, 2.49339, 0.790178, 0, 0.309214, 1.64187, 0, 5.79281, 4.88852, 0, 4.20053, 0.872839, 0, 1.92967, 0.805143
1.436, 2.49314, 0.790083, 0, 0.308906, 1.64198, 0, 5.79333, 4.88855, 0, 4.20063, 0.873032, 0, 1.93048, 0.805146
1.437, 2.49288, 0.789994, 0, 0.308615, 1.64206, 0, 5.79354, 4.88859, 0, 4.20058, 0.873229, 0, 1.93108, 0.805161
1.438, 2.49269, 0.789918, 0, 0.308354, 1.64216, 0, 5.79384, 4.88861, 0, 4.20058, 0.87343, 0, 1.93171, 0.805882
1.439, 2.49242, 0.789835, 0, 0.308179, 1.64209, 0, 5.79422, 4.89206, 0, 4.19857, 0.873757, 0, 1.92795, 0.805613
1.44, 2.49269, 0.789816, 0, 0.308073, 1.64229, 0, 5.79452, 4.89236, 0, 4.19856, 0.87393, 0, 1.9285, 0.805516
1.441, 2.49227, 0.79036, 0, 0.307851, 1.64239, 0, 5.79257, 4.94808, 0, 4.19728, 0.873567, 0, 1.92687, 0.806389
1.442, 2.49193, 0.79038, 0, 0.30774, 1.64234, 0, 5.79394, 4.948, 0, 4.19709, 0.873696, 0, 1.9266, 0.806612
1.443, 2.49208, 0.790276, 0, 0.307948, 1.64208, 0, 5.79495, 4.94813, 0, 4.19711, 0.873857, 0, 1.92716, 0.807308
1.444, 2.49285, 0.790307, 0, 0.308048, 1.6424, 0, 5.7957, 4.94773, 0, 4.19713, 0.874004, 0, 1.92797, 0.806711
1.445, 2.49173, 0.790206, 0, 0.307491, 1.64237, 0, 5.79604, 4.94752, 0, 4.19711, 0.874233, 0, 1.92861, 0.806523
1.446, 2.49182, 0.790032, 0, 0.3074, 1.64246, 0, 5.79648, 4.94775, 0, 4.19712, 0.874466, 0, 1.92954, 0.806273
1.447, 2.49153, 0.789984, 0, 0.307118, 1.64258, 0, 5.7967, 4.94748, 0, 4.19711, 0.874612, 0, 1.9303, 0.806189
1.448, 2.49119, 0.78992, 0, 0.306849, 1.64264, 0, 5.79687, 4.9472, 0, 4.19741, 0.874804, 0, 1.93149, 0.806559
1.449, 2.49105, 0.790024, 0, 0.306672, 1.64275, 0, 5.79743, 4.94664, 0, 4.19651, 0.874646, 0, 1.93163, 0.806147
1.45, 2.49072, 0.789922, 0, 0.3064, 1.64284, 0, 5.79756, 4.94644, 0, 4.19649, 0.874769, 0, 1.93209, 0.806832
1.451, 2.4905, 0.789819, 0, 0.306349, 1.64267, 0, 5.79774, 4.94615, 0, 4.19646, 0.874585, 0, 1.9326, 0.806871
1.452, 2.49105, 0.789807, 0, 0.30635, 1.64296, 0, 5.79892, 4.94599, 0, 4.1965, 0.874564, 0, 1.93326, 0.80662
1.453, 2.49011, 0.789672, 0, 0.305831, 1.64295, 0, 5.79911, 4.94601, 0, 4.1965, 0.874751, 0, 1.93385, 0.806853
1.454, 2.49022, 0.789613, 0, 0.305747, 1.64306, 0, 5.79936, 4.94576, 0, 4.19649, 0.874841, 0, 1.9345, 0.806683
1.455, 2.4899, 0.789515, 0, 0.305455, 1.64315, 0, 5.79957, 4.94556, 0, 4.19646, 0.87501, 0, 1.93508, 0.806644
1.456, 2.48965, 0.789427, 0, 0.305221, 1.64322, 0, 5.79919, 4.94536, 0, 4.19643, 0.875177, 0, 1.93572, 0.806851
1.457, 2.48947, 0.789343, 0, 0.305033, 1.64332, 0, 5.79963, 4.94517, 0, 4.19635, 0.875503, 0, 1.93643, 0.806511
1.458, 2.48918, 0.789248, 0, 0.304778, 1.64338, 0, 5.79987, 4.94496, 0, 4.19633, 0.87565, 0, 1.937, 0.806424
1.459, 2.48904, 0.789159, 0, 0.30458, 1.64347, 0, 5.79908, 4.94459, 0, 4.19598, 0.875814, 0, 1.93699, 0.806471
1.46, 2.48882, 0.789081, 0, 0.304325, 1.64362, 0, 5.80052, 4.94438, 0, 4.19596, 0.875972, 0, 1.93772, 0.80476
1.461, 2.48838, 0.78899, 0, 0.304057, 1.64362, 0, 5.80118, 4.94613, 0, 4.1959, 0.876108, 0, 1.93818, 0.804804
1.462, 2.48847, 0.788919, 0, 0.303968, 1.64371, 0, 5.80127, 4.94646, 0, 4.19582, 0.876238, 0, 1.93877, 0.804743
1.463, 2.48822, 0.788864, 0, 0.303221, 1.64449, 0, 5.80165, 4.94614, 0, 4.19577, 0.87639, 0, 1.93939, 0.804661
1.464, 2.48592, 0.788936, 0, 0.302543, 1.64371, 0, 5.79997, 4.97883, 0, 4.19523, 0.876097, 0, 1.93847, 0.805319
1.465, 2.48857, 0.788953, 0, 0.303456, 1.64402, 0, 5.80104, 4.97892, 0, 4.19525, 0.876028, 0, 1.93905, 0.805271
1.466, 2.48752, 0.788839, 0, 0.302801, 1.64411, 0, 5.80167, 4.97799, 0, 4.19521, 0.876293, 0, 1.93919, 0.805283
1.467, 2.48726, 0.788768, 0, 0.302658, 1.64409, 0, 5.80224, 4.97964, 0, 4.19516, 0.87636, 0, 1.93971, 0.805328
1.468, 2.48734, 0.788703, 0, 0.302576, 1.64419, 0, 5.80272, 4.97941, 0, 4.19549, 0.876422, 0, 1.93971, 0.80531
1.469, 2.48703, 0.788612, 0, 0.302326, 1.64425, 0, 5.80321, 4.97747, 0, 4.19552, 0.876517, 0, 1.9402, 0.805351
1.47, 2.48685, 0.788542, 0, 0.302144, 1.64432, 0, 5.80352, 4.97717, 0, 4.19536, 0.876588, 0, 1.94092, 0.805445
1.471, 2.48666, 0.788475, 0, 0.30195, 1.64439, 0, 5.80377, 4.97718, 0, 4.19534, 0.876713, 0, 1.94151, 0.805438
1.472, 2.48646, 0.788409, 0, 0.301752, 1.64446, 0, 5.804, 4.97725, 0, 4.1953, 0.876784, 0, 1.94231, 0.805431
1.473, 2.48627, 0.78835, 0, 0.301563, 1.64453, 0, 5.80432, 4.97744, 0, 4.19525, 0.876837, 0, 1.94279, 0.887007
1.474, 2.48608, 0.788273, 0, 0.300997, 1.64471, 0, 5.80455, 4.97719, 0, 4.19522, 0.876914, 0, 1.9433, 0.887278
1.475, 2.48557, 0.788224, 0, 0.300436, 1.64658, 0, 5.80449, 4.97724, 0, 4.19732, 0.876823, 0, 1.94646, 0.887673
1.476, 2.47984, 0.787488, 0, 0.298497, 1.64523, 0, 5.80418, 4.97656, 0, 4.19722, 0.876759, 0, 1.94655, 0.887949
1.477, 2.48466, 0.787496, 0, 0.300258, 1.64584, 0, 5.80509, 4.97794, 0, 4.19733, 0.876251, 0, 1.94759, 0.887659
1.478, 2.48278, 0.7872, 0, 0.299145, 1.64585, 0, 5.80515, 4.97761, 0, 4.19725, 0.876661, 0, 1.94784, 0.887933
1.479, 2.4829, 0.787032, 0, 0.299129, 1.64583, 0, 5.80539, 4.97738, 0, 4.1972, 0.876712, 0, 1.94845, 0.888129
1.48, 2.48308, 0.78691, 0, 0.299021, 1.64596, 0, 5.80678, 4.97697, 0, 4.19719, 0.87681, 0, 1.94897, 0.888306
1.481, 2.4827, 0.786778, 0, 0.298726, 1.64586, 0, 5.80702, 4.97668, 0, 4.19462, 0.877089, 0, 1.94502, 0.888448
1.482, 2.48308, 0.786674, 0, 0.30116, 1.64444, 0, 5.80697, 4.97681, 0, 4.19462, 0.877162, 0, 1.94545, 0.888086
1.483, 2.48744, 0.787172, 0, 0.302407, 1.64565, 0, 5.80784, 4.97804, 0, 4.19507, 0.877535, 0, 1.94605, 0.887002
1.484, 2.48319, 0.787062, 0, 0.30062, 1.64529, 0, 5.80751, 4.97769, 0, 4.1949, 0.877838, 0, 1.94607, 0.887433
1.485, 2.48435, 0.787158, 0, 0.301624, 1.6437, 0, 5.80799, 4.97638, 0, 4.19495, 0.877693, 0, 1.94683, 0.887158
1.486, 2.48914, 0.787773, 0, 0.302858, 1.64526, 0, 5.80862, 4.97572, 0, 4.19499, 0.877747, 0, 1.94774, 0.886955
1.487, 2.48373, 0.787628, 0, 0.300597, 1.6448, 0, 5.80809, 4.97077, 0, 4.19485, 0.878313, 0, 1.94777, 0.887541
1.488, 2.48523, 0.787845, 0, 0.30129, 1.64496, 0, 5.80809, 4.97446, 0, 4.19592, 0.877574, 0, 1.94833, 0.887678
1.489, 2.48465, 0.787853, 0, 0.300833, 1.64499, 0, 5.80823, 4.9743, 0, 4.19589, 0.877577, 0, 1.94872, 0.887645
1.49, 2.48455, 0.787847, 0, 0.300647, 1.64514, 0, 5.8085, 4.97417, 0, 4.19587, 0.877559, 0, 1.94923, 0.887735
1.491, 2.48411, 0.787793, 0, 0.300348, 1.64519, 0, 5.80857, 4.97399, 0, 4.19582, 0.877638, 0, 1.94966, 0.887738
1.492, 2.48379, 0.788525, 0, 0.300798, 1.64501, 0, 5.94316, 4.97229, 0, 4.19616, 0.878532, 0, 1.95171, 0.887752
1.493, 2.48456, 0.788219, 0, 0.300887, 1.64512, 0, 5.94525, 4.97277, 0, 4.19567, 0.877915, 0, 1.95068, 0.888355
1.494, 2.48427, 0.788018, 0, 0.300533, 1.64524, 0, 5.9463, 4.97317, 0, 4.19554, 0.877696, 0, 1.94982, 0.889013
1.495, 2.48394, 0.787888, 0, 0.300254, 1.6453, 0, 5.94674, 4.97316, 0, 4.19527, 0.877816, 0, 1.94983, 0.888194
1.496, 2.48382, 0.787814, 0, 0.300073, 1.64538, 0, 5.94683, 4.97306, 0, 4.19517, 0.877846, 0, 1.95001, 0.888525
1.497, 2.4836, 0.787732, 0, 0.299844, 1.64546, 0, 5.94688, 4.97279, 0, 4.1951, 0.877466, 0, 1.95046, 0.888536
1.498, 2.4834, 0.787728, 0, 0.299656, 1.64554, 0, 5.94684, 4.98357, 0, 4.19503, 0.877638, 0, 1.95067, 0.887504
1.499, 2.48322, 0.787585, 0, 0.299428, 1.6456, 0, 5.94643, 4.97155, 0, 4.19505, 0.878074, 0, 1.95116, 0.887635
1.5, 2.48307, 0.787586, 0, 0.299199, 1.64576, 0, 5.94666, 4.98345, 0, 4.19499, 0.878064, 0, 1.95172, 0.887861
1.501, 2.48259, 0.78747, 0, 0.298876, 1.6458, 0, 5.94671, 4.9831, 0, 4.19487, 0.876976, 0, 1.95221, 0.888041
1.502, 2.48266, 0.787404, 0, 0.299224, 1.6453, 0, 5.94655, 4.98313, 0, 4.19426, 0.876759, 0, 1.95262, 0.888276
1.503, 2.48413, 0.787513, 0, 0.299527, 1.64582, 0, 5.94713, 4.9829, 0, 4.19426, 0.876657, 0, 1.9532, 0.888498
1.504, 2.48237, 0.787396, 0, 0.298717, 1.64572, 0, 5.94715, 4.98263, 0, 4.1942, 0.876763, 0, 1.953, 0.887454
1.505, 2.48274, 0.787378, 0, 0.298811, 1.64581, 0, 5.94689, 4.98237, 0, 4.19417, 0.87661, 0, 1.95344, 0.887784
1.506, 2.48246, 0.787327, 0, 0.298567, 1.6459, 0, 5.9471, 4.98243, 0, 4.19372, 0.876526, 0, 1.95364, 0.888103
1.507, 2.48219, 0.787246, 0, 0.298357, 1.64594, 0, 5.94742, 4.982, 0, 4.19373, 0.876483, 0, 1.95435, 0.888356
1.508, 2.48208, 0.787183, 0, 0.298205, 1.64601, 0, 5.94767, 4.98182, 0, 4.19371, 0.876435, 0, 1.95408, 0.888535
1.509, 2.48188, 0.787128, 0, 0.298013, 1.64607, 0, 5.94768, 4.98132, 0, 4.19369, 0.877004, 0, 1.9544, 0.888754
1.51, 2.48172, 0.787065, 0, 0.297955, 1.64598, 0, 5.94792, 4.98108, 0, 4.19364, 0.877022, 0, 1.95475, 0.888938
1.511, 2.48204, 0.787065, 0, 0.297823, 1.6462, 0, 5.94817, 4.98111, 0, 4.19359, 0.877025, 0, 1.95521, 0.889112
1.512, 2.48134, 0.78697, 0, 0.297435, 1.64619, 0, 5.94863, 4.98014, 0, 4.19353, 0.877095, 0, 1.95615, 0.889156
1.513, 2.4814, 0.786945, 0, 0.29737, 1.64627, 0, 5.94888, 4.98102, 0, 4.19348, 0.877047, 0, 1.95666, 0.889301
1.514, 2.48117, 0.786891, 0, 0.297169, 1.64634, 0, 5.9491, 4.98072, 0, 4.19343, 0.877053, 0, 1.95712, 0.889483
1.515, 2.481, 0.786842, 0, 0.297, 1.64639, 0, 5.9498, 4.98036, 0, 4.19402, 0.877311, 0, 1.95731, 0.889546
1.516, 2.48082, 0.786747, 0, 0.296822, 1.64645, 0, 5.95028, 4.98053, 0, 4.19353, 0.877444, 0, 1.94747, 0.889289
1.517, 2.48068, 0.786693, 0, 0.296648, 1.64652, 0, 5.95027, 4.9802, 0, 4.19345, 0.87742, 0, 1.9479, 0.889111
1.518, 2.48049, 0.786637, 0, 0.296463, 1.64659, 0, 5.95059, 4.97991, 0, 4.19339, 0.877411, 0, 1.94828, 0.889234
1.519, 2.48033, 0.786592, 0, 0.296294, 1.64665, 0, 5.95088, 4.98192, 0, 4.19333, 0.877395, 0, 1.94864, 0.889646
1.52, 2.48016, 0.786537, 0, 0.29612, 1.64671, 0, 5.95106, 4.98161, 0, 4.19327, 0.877373, 0, 1.94901, 0.889998
1.521, 2.48001, 0.786475, 0, 0.296525, 1.646, 0, 5.95151, 4.98139, 0, 4.19303, 0.877354, 0, 1.94954, 0.89048
1.522, 2.48224, 0.786699, 0, 0.297107, 1.64667, 0, 5.95193, 4.98121, 0, 4.19301, 0.877316, 0, 1.95012, 0.890833
1.523, 2.47994, 0.786621, 0, 0.296726, 1.64422, 0, 5.95198, 4.99679, 0, 4.19287, 0.877512, 0, 1.95026, 0.89135
1.524, 2.48757, 0.787453, 0, 0.299108, 1.64619, 0, 5.95323, 4.99617, 0, 4.19297, 0.87733, 0, 1.95159, 0.889951
1.525, 2.48072, 0.787288, 0, 0.296231, 1.64567, 0, 5.95264, 4.99548, 0, 4.19272, 0.878012, 0, 1.95117, 0.890923
1.526, 2.48242, 0.787474, 0, 0.297106, 1.64577, 0, 5.95321, 4.995, 0, 4.19272, 0.877584, 0, 1.95153, 0.891202
1.527, 2.482, 0.787508, 0, 0.296743, 1.64598, 0, 5.95339, 4.99472, 0, 4.19266, 0.877581, 0, 1.95181, 0.891559
1.528, 2.48129, 0.787457, 0, 0.296414, 1.64596, 0, 5.95358, 4.99448, 0, 4.19261, 0.877357, 0, 1.95227, 0.890742
1.529, 2.48141, 0.787434, 0, 0.296373, 1.64606, 0, 5.95316, 4.99427, 0, 4.19285, 0.877236, 0, 1.95246, 0.89067
1.53, 2.48112, 0.787375, 0, 0.296145, 1.64613, 0, 5.95338, 4.99399, 0, 4.19285, 0.877798, 0, 1.95279, 0.891013
1.531, 2.48096, 0.787309, 0, 0.295989, 1.64619, 0, 5.9538, 4.99351, 0, 4.19279, 0.877833, 0, 1.95319, 0.891535
1.532, 2.48085, 0.78724, 0, 0.295813, 1.64631, 0, 5.95399, 4.99325, 0, 4.19275, 0.877843, 0, 1.95474, 0.892001
1.533, 2.4805, 0.787154, 0, 0.295605, 1.64631, 0, 5.95393, 4.99322, 0, 4.19269, 0.87777, 0, 1.95529, 0.8923
1.534, 2.4806, 0.787101, 0, 0.29555, 1.64639, 0, 5.95436, 4.99293, 0, 4.19263, 0.877749, 0, 1.95572, 0.892592
1.535, 2.48039, 0.787036, 0, 0.295368, 1.64644, 0, 5.95455, 4.99261, 0, 4.19258, 0.877759, 0, 1.95618, 0.892413
1.536, 2.48022, 0.786894, 0, 0.295206, 1.64648, 0, 5.95512, 4.99307, 0, 4.19276, 0.877823, 0, 1.94915, 0.892005
1.537, 2.48016, 0.786829, 0, 0.295053, 1.64658, 0, 5.95534, 4.99321, 0, 4.19269, 0.877792, 0, 1.94918, 0.892438
1.538, 2.4799, 0.786765, 0, 0.294837, 1.64664, 0, 5.95527, 4.99298, 0, 4.19261, 0.877791, 0, 1.94936, 0.892847
1.539, 2.47976, 0.786718, 0, 0.294674, 1.64671, 0, 5.95574, 4.99266, 0, 4.19258, 0.877888, 0, 1.94963, 0.892889
1.54, 2.47957, 0.786673, 0, 0.294524, 1.64684, 0, 5.95587, 4.99234, 0, 4.19251, 0.877872, 0, 1.94999, 0.893214
1.541, 2.47923, 0.786604, 0, 0.294302, 1.64693, 0, 5.9558, 4.99205, 0, 4.19245, 0.87784, 0, 1.95127, 0.892832
1.542, 2.479, 0.786471, 0, 0.293219, 1.64548, 0, 5.95626, 4.99215, 0, 4.19254, 0.877799, 0, 1.95168, 0.892983
1.543, 2.48354, 0.786939, 0, 0.294491, 1.64677, 0, 5.95692, 4.99219, 0, 4.19202, 0.877644, 0, 1.9526, 0.892475
1.544, 2.4791, 0.786795, 0, 0.292672, 1.64633, 0, 5.95652, 4.99171, 0, 4.19187, 0.878032, 0, 1.95258, 0.892899
1.545, 2.48055, 0.786923, 0, 0.293352, 1.64645, 0, 5.95703, 4.99154, 0, 4.19188, 0.877723, 0, 1.9532, 0.893696
1.546, 2.48012, 0.78695, 0, 0.293019, 1.64658, 0, 5.95791, 4.99115, 0, 4.19182, 0.877722, 0, 1.9536, 0.893727
1.547, 2.47969, 0.786943, 0, 0.293779, 1.64632, 0, 5.95837, 4.99314, 0, 4.19177, 0.877666, 0, 1.95402, 0.893803
1.548, 2.48052, 0.787034, 0, 0.293976, 1.64658, 0, 5.95877, 4.99298, 0, 4.19173, 0.877564, 0, 1.95442, 0.893891
1.549, 2.47963, 0.786984, 0, 0.293525, 1.64657, 0, 5.95871, 4.99177, 0, 4.19167, 0.877606, 0, 1.95481, 0.894439
1.55, 2.47968, 0.78698, 0, 0.293483, 1.64653, 0, 5.95922, 4.9915, 0, 4.19164, 0.877507, 0, 1.95529, 0.894491
1.551, 2.47983, 0.786984, 0, 0.293408, 1.64669, 0, 5.95951, 4.99132, 0, 4.19158, 0.877008, 0, 1.95545, 0.893907
1.552, 2.47933, 0.786938, 0, 0.293103, 1.64672, 0, 5.9597, 4.99105, 0, 4.19153, 0.876932, 0, 1.95579, 0.893973
1.553, 2.47926, 0.786904, 0, 0.292986, 1.64679, 0, 5.95993, 4.99079, 0, 4.19151, 0.876585, 0, 1.95628, 0.89403
1.554, 2.4791, 0.786875, 0, 0.292816, 1.64686, 0, 5.96034, 4.99063, 0, 4.19147, 0.877045, 0, 1.95657, 0.894445
1.555, 2.47891, 0.786817, 0, 0.292612, 1.64692, 0, 5.96056, 4.99042, 0, 4.1914, 0.877084, 0, 1.95702, 0.894751
1.556, 2.47874, 0.786755, 0, 0.292382, 1.64707, 0, 5.96038, 4.99213, 0, 4.19142, 0.877156, 0, 1.95746, 0.894649
1.557, 2.47834, 0.786674, 0, 0.29209, 1.64713, 0, 5.96064, 4.99186, 0, 4.19137, 0.877137, 0, 1.95793, 0.894614
1.558, 2.4782, 0.786586, 0, 0.291909, 1.64721, 0, 5.96146, 4.99174, 0, 4.19138, 0.877143, 0, 1.95665, 0.894721
1.559, 2.47803, 0.786496, 0, 0.291697, 1.64729, 0, 5.96298, 4.99129, 0, 4.19144, 0.877129, 0, 1.95692, 0.894891
1.56, 2.47782, 0.786413, 0, 0.291497, 1.64735, 0, 5.96313, 4.9897, 0, 4.19145, 0.877161, 0, 1.95738, 0.894836
1.561, 2.4777, 0.786354, 0, 0.291312, 1.64728, 0, 5.9632, 4.98943, 0, 4.19142, 0.877155, 0, 1.95823, 0.89446
1.562, 2.47797, 0.78635, 0, 0.291272, 1.64745, 0, 5.9634, 4.98929, 0, 4.19138, 0.877154, 0, 1.95862, 0.894678
1.563, 2.47744, 0.786287, 0, 0.290959, 1.64746, 0, 5.96376, 4.98908, 0, 4.19167, 0.877202, 0, 1.95868, 0.895193
1.564, 2.47741, 0.786215, 0, 0.290855, 1.64752, 0, 5.96422, 4.98913, 0, 4.19166, 0.877246, 0, 1.95921, 0.895141
1.565, 2.47725, 0.786178, 0, 0.29069, 1.64772, 0, 5.96444, 4.98885, 0, 4.19161, 0.877253, 0, 1.9596, 0.89516
1.566, 2.47668, 0.786091, 0, 0.290404, 1.64767, 0, 5.96458, 4.98861, 0, 4.19157, 0.877275, 0, 1.96, 0.895048
1.567, 2.47692, 0.786063, 0, 0.2904, 1.64776, 0, 5.96462, 4.98838, 0, 4.19153, 0.877251, 0, 1.96043, 0.894928
1.568, 2.47665, 0.786025, 0, 0.290192, 1.6478, 0, 5.96618, 4.98807, 0, 4.19146, 0.877268, 0, 1.96072, 0.895025
1.569, 2.47654, 0.785983, 0, 0.290058, 1.64787, 0, 5.96662, 4.98788, 0, 4.1916, 0.877252, 0, 1.96112, 0.895096
1.57, 2.47638, 0.785959, 0, 0.289901, 1.64792, 0, 5.96691, 4.98795, 0, 4.19119, 0.877252, 0, 1.96188, 0.894275
1.571, 2.47622, 0.785911, 0, 0.289749, 1.64797, 0, 5.96719, 4.98783, 0, 4.18984, 0.87683, 0, 1.96232, 0.894767
1.572, 2.4761, 0.785867, 0, 0.289602, 1.64804, 0, 5.96742, 4.98761, 0, 4.18981, 0.876716, 0, 1.96272, 0.894854
1.573, 2.47592, 0.785816, 0, 0.289, 1.64823, 0, 5.96764, 4.98746, 0, 4.19018, 0.87662, 0, 1.96281, 0.894911
1.574, 2.47534, 0.785718, 0, 0.289143, 1.64808, 0, 5.96783, 4.98727, 0, 4.19015, 0.876544, 0, 1.96313, 0.895057
1.575, 2.47589, 0.785707, 0, 0.289238, 1.64826, 0, 5.96816, 4.98684, 0, 4.19014, 0.876434, 0, 1.96362, 0.89476
1.576, 2.47533, 0.785643, 0, 0.288899, 1.64829, 0, 5.9683, 4.98661, 0, 4.19012, 0.876536, 0, 1.96396, 0.89496
1.577, 2.47527, 0.785592, 0, 0.288798, 1.64834, 0, 5.97009, 4.98647, 0, 4.19425, 0.876158, 0, 1.96954, 0.894981
1.578, 2.47514, 0.785551, 0, 0.288647, 1.64841, 0, 5.97026, 4.98626, 0, 4.19421, 0.876117, 0, 1.96991, 0.894615
1.579, 2.47494, 0.785504, 0, 0.288471, 1.64847, 0, 5.97041, 4.98606, 0, 4.19417, 0.876065, 0, 1.97027, 0.894424
1.58, 2.47481, 0.78547, 0, 0.287633, 1.64941, 0, 5.97043, 4.98587, 0, 4.19419, 0.875974, 0, 1.97044, 0.893445
1.581, 2.4719, 0.78512, 0, 0.286624, 1.64877, 0, 5.97034, 4.98621, 0, 4.19413, 0.875929, 0, 1.97064, 0.893623
1.582, 2.4742, 0.785116, 0, 0.287443, 1.64907, 0, 5.97114, 4.98618, 0, 4.19463, 0.87492, 0, 1.97136, 0.893494
1.583, 2.47329, 0.784976, 0, 0.28688, 1.64911, 0, 5.97126, 4.98619, 0, 4.19469, 0.874191, 0, 1.97168, 0.893805
1.584, 2.47325, 0.784901, 0, 0.286845, 1.64905, 0, 5.97176, 4.98602, 0, 4.19469, 0.874022, 0, 1.97211, 0.894003
1.585, 2.47331, 0.784384, 0, 0.286682, 1.64911, 0, 5.9736, 4.94191, 0, 4.1954, 0.874482, 0, 1.97458, 0.893108
1.586, 2.47321, 0.784393, 0, 0.286443, 1.64926, 0, 5.97305, 4.94146, 0, 4.19538, 0.874261, 0, 1.97524, 0.892647
1.587, 2.4729, 0.784676, 0, 0.28609, 1.64912, 0, 5.97316, 4.94024, 0, 4.1949, 0.873816, 0, 1.97445, 0.893396
1.588, 2.47332, 0.784713, 0, 0.286273, 1.64913, 0, 5.97328, 4.94525, 0, 4.19487, 0.873739, 0, 1.97455, 0.89381
1.589, 2.47326, 0.784694, 0, 0.286197, 1.64916, 0, 5.97343, 4.94586, 0, 4.19487, 0.873699, 0, 1.97482, 0.89421
1.59, 2.47315, 0.784687, 0, 0.286108, 1.64918, 0, 5.97358, 4.94575, 0, 4.19487, 0.873617, 0, 1.97521, 0.894244
1.591, 2.47306, 0.784687, 0, 0.288532, 1.64757, 0, 5.97376, 4.94563, 0, 4.19487, 0.873515, 0, 1.97561, 0.89443
1.592, 2.47799, 0.785246, 0, 0.290095, 1.64875, 0, 5.97449, 4.94582, 0, 4.19494, 0.873364, 0, 1.97642, 0.894405
1.593, 2.47381, 0.785203, 0, 0.288387, 1.64838, 0, 5.97425, 4.94546, 0, 4.19482, 0.873742, 0, 1.97633, 0.894984
1.594, 2.47495, 0.785376, 0, 0.288945, 1.64843, 0, 5.97438, 4.94539, 0, 4.19487, 0.873432, 0, 1.97698, 0.894533
1.595, 2.47467, 0.785446, 0, 0.288678, 1.6486, 0, 5.97457, 4.94528, 0, 4.19488, 0.873366, 0, 1.97743, 0.894579
1.596, 2.47407, 0.785434, 0, 0.288694, 1.64857, 0, 5.975, 4.94534, 0, 4.19491, 0.873274, 0, 1.97791, 0.89451
1.597, 2.47417, 0.785454, 0, 0.288625, 1.64869, 0, 5.97521, 4.9452, 0, 4.19469, 0.873134, 0, 1.97855, 0.894704
1.598, 2.47401, 0.786071, 0, 0.288557, 1.64866, 0, 5.96695, 5.05029, 0, 4.19333, 0.872341, 0, 1.97614, 0.896041
1.599, 2.47403, 0.785968, 0, 0.288661, 1.64853, 0, 5.96825, 5.05067, 0, 4.19339, 0.872389, 0, 1.97635, 0.896449
1.6, 2.47439, 0.785933, 0, 0.288592, 1.64883, 0, 5.97085, 5.05065, 0, 4.19343, 0.872303, 0, 1.97681, 0.896018
1.601, 2.4734, 0.785798, 0, 0.288079, 1.649, 0, 5.97141, 5.05047, 0, 4.19338, 0.871588, 0, 1.97729, 0.896105
1.602, 2.47293, 0.785656, 0, 0.287896, 1.64886, 0, 5.97182, 5.05014, 0, 4.19342, 0.871346, 0, 1.9778, 0.896042
1.603, 2.47343, 0.785546, 0, 0.287937, 1.64904, 0, 5.97247, 5.05037, 0, 4.19367, 0.871645, 0, 1.97315, 0.895694
1.604, 2.4729, 0.785418, 0, 0.287576, 1.64908, 0, 5.97265, 5.05009, 0, 4.19366, 0.871583, 0, 1.97333, 0.89576
1.605, 2.47284, 0.785323, 0, 0.287434, 1.64914, 0, 5.97271, 5.04981, 0, 4.19442, 0.871688, 0, 1.97368, 0.895953
1.606, 2.4727, 0.785236, 0, 0.287239, 1.64922, 0, 5.97281, 5.04947, 0, 4.1944, 0.871613, 0, 1.97401, 0.89607
1.607, 2.4725, 0.785144, 0, 0.287035, 1.64928, 0, 5.97292, 5.04933, 0, 4.1944, 0.871533, 0, 1.97441, 0.896177
1.608, 2.47235, 0.78506, 0, 0.286847, 1.64935, 0, 5.97303, 5.049, 0, 4.19439, 0.871451, 0, 1.97475, 0.896412
1.609, 2.47218, 0.78499, 0, 0.286655, 1.64942, 0, 5.97314, 5.04859, 0, 4.19435, 0.871355, 0, 1.97503, 0.896814
1.61, 2.47199, 0.784896, 0, 0.286465, 1.64948, 0, 5.97319, 5.04819, 0, 4.1944, 0.871319, 0, 1.97557, 0.896788
1.611, 2.47186, 0.784841, 0, 0.286332, 1.64941, 0, 5.97319, 5.04767, 0, 4.19443, 0.871489, 0, 1.97599, 0.896067
1.612, 2.47212, 0.784884, 0, 0.286277, 1.6496, 0, 5.97336, 5.05443, 0, 4.19436, 0.87137, 0, 1.9762, 0.896363
1.613, 2.4715, 0.784716, 0, 0.285914, 1.64959, 0, 5.97342, 5.04649, 0, 4.19441, 0.871384, 0, 1.97665, 0.896439
1.614, 2.47158, 0.784756, 0, 0.285852, 1.64969, 0, 5.97363, 5.05397, 0, 4.19433, 0.871224, 0, 1.97689, 0.896778
1.615, 2.4715, 0.783802, 0, 0.285207, 1.64995, 0, 5.83727, 5.04755, 0, 4.19418, 0.870894, 0, 1.97589, 0.896631
1.616, 2.47057, 0.784102, 0, 0.28482, 1.65001, 0, 5.83602, 5.05746, 0, 4.19454, 0.871404, 0, 1.97766, 0.896589
1.617, 2.47039, 0.784162, 0, 0.284749, 1.64999, 0, 5.83571, 5.05699, 0, 4.19481, 0.871258, 0, 1.9791, 0.896556
1.618, 2.47048, 0.784158, 0, 0.284688, 1.65007, 0, 5.83573, 5.05652, 0, 4.19516, 0.871053, 0, 1.97993, 0.896394
1.619, 2.47026, 0.784106, 0, 0.284498, 1.65011, 0, 5.836, 5.05622, 0, 4.1952, 0.870945, 0, 1.98055, 0.896356
1.62, 2.47019, 0.784054, 0, 0.284359, 1.65016, 0, 5.83639, 5.056, 0, 4.19557, 0.870865, 0, 1.98155, 0.896566
1.621, 2.47004, 0.783999, 0, 0.284183, 1.65022, 0, 5.83679, 5.0558, 0, 4.19556, 0.870854, 0, 1.982, 0.896633
1.622, 2.46989, 0.783945, 0, 0.284001, 1.65029, 0, 5.83718, 5.05561, 0, 4.19555, 0.870857, 0, 1.98244, 0.896549
1.623, 2.46973, 0.783886, 0, 0.284403, 1.64958, 0, 5.8375, 5.05544, 0, 4.19554, 0.87086, 0, 1.98288, 0.896117
1.624, 2.47196, 0.784181, 0, 0.284962, 1.65027, 0, 5.83777, 5.06003, 0, 4.19547, 0.870762, 0, 1.98326, 0.89634
1.625, 2.46965, 0.784247, 0, 0.284016, 1.65008, 0, 5.83812, 5.06119, 0, 4.19518, 0.870826, 0, 1.98281, 0.896867
1.626, 2.47028, 0.784262, 0, 0.28436, 1.65004, 0, 5.8385, 5.06104, 0, 4.19514, 0.870699, 0, 1.98324, 0.896662
1.627, 2.47037, 0.784307, 0, 0.284713, 1.6502, 0, 5.8386, 5.06389, 0, 4.19508, 0.870642, 0, 1.98349, 0.896799
1.628, 2.46984, 0.784253, 0, 0.284717, 1.64927, 0, 5.83875, 5.06362, 0, 4.19492, 0.870873, 0, 1.98402, 0.896888
1.629, 2.47271, 0.784546, 0, 0.285484, 1.65014, 0, 5.83951, 5.06364, 0, 4.19509, 0.870832, 0, 1.98467, 0.896635
1.63, 2.46977, 0.784458, 0, 0.28422, 1.64993, 0, 5.83905, 5.06249, 0, 4.19495, 0.871001, 0, 1.98462, 0.897111
1.631, 2.47046, 0.784484, 0, 0.28449, 1.65003, 0, 5.8394, 5.06077, 0, 4.19499, 0.870809, 0, 1.98521, 0.897137
1.632, 2.47012, 0.784459, 0, 0.284223, 1.65014, 0, 5.83959, 5.06021, 0, 4.19496, 0.870742, 0, 1.98728, 0.897061
1.633, 2.4698, 0.784411, 0, 0.284007, 1.65018, 0, 5.83949, 5.0597, 0, 4.19498, 0.870662, 0, 1.98788, 0.897173
1.634, 2.46972, 0.784362, 0, 0.283865, 1.65026, 0, 5.83975, 5.05961, 0, 4.19497, 0.870562, 0, 1.98853, 0.89705
1.635, 2.46951, 0.784303, 0, 0.28347, 1.65059, 0, 5.83997, 5.05929, 0, 4.19497, 0.870492, 0, 1.989, 0.89693
1.636, 2.46855, 0.784178, 0, 0.283018, 1.65047, 0, 5.83998, 5.06189, 0, 4.1949, 0.870387, 0, 1.98924, 0.897088
1.637, 2.46905, 0.784134, 0, 0.283108, 1.65059, 0, 5.84016, 5.06144, 0, 4.19489, 0.870223, 0, 1.98964, 0.906
1.638, 2.46871, 0.784037, 0, 0.282853, 1.65064, 0, 5.84034, 5.06109, 0, 4.19489, 0.870199, 0, 1.99012, 0.905748
1.639, 2.46862, 0.783948, 0, 0.282725, 1.65068, 0, 5.84155, 5.06139, 0, 4.19486, 0.871153, 0, 1.99076, 0.905953
1.64, 2.46853, 0.783786, 0, 0.276562, 1.64006, 0, 5.8417, 5.06142, 0, 4.1949, 0.871561, 0, 1.99127, 0.906404
1.641, 2.50142, 0.787477, 0, 0.286679, 1.64813, 0, 5.84504, 5.06421, 0, 4.19532, 0.871378, 0, 1.99472, 0.911101
1.642, 2.47305, 0.787028, 0, 0.276134, 1.64461, 0, 5.84049, 5.06231, 0, 4.19447, 0.874618, 0, 1.9917, 0.913495
1.643, 2.48414, 0.788383, 0, 0.281543, 1.64526, 0, 5.84186, 5.06265, 0, 4.19527, 0.872931, 0, 1.99377, 0.865012
1.644, 2.48117, 0.788876, 0, 0.280069, 1.64556, 0, 5.84141, 5.06212, 0, 4.19524, 0.873745, 0, 1.99375, 0.864777
1.645, 2.47981, 0.789177, 0, 0.279826, 1.64527, 0, 5.84141, 5.06153, 0, 4.19523, 0.873674, 0, 1.99412, 0.865163
1.646, 2.48055, 0.789471, 0, 0.280091, 1.6455, 0, 5.84167, 5.06137, 0, 4.19524, 0.873529, 0, 1.9946, 0.86496
1.647, 2.47968, 0.789565, 0, 0.279675, 1.64554, 0, 5.84172, 5.06165, 0, 4.1952, 0.873554, 0, 1.99499, 0.865364
1.648, 2.47955, 0.789603, 0, 0.279575, 1.64558, 0, 5.84197, 5.06236, 0, 4.19519, 0.873492, 0, 1.99547, 0.865426
1.649, 2.47949, 0.789579, 0, 0.279433, 1.64566, 0, 5.84217, 5.06208, 0, 4.19517, 0.873471, 0, 1.99596, 0.865798
1.65, 2.47932, 0.789519, 0, 0.279245, 1.64572, 0, 5.84175, 5.06177, 0, 4.19517, 0.873443, 0, 1.99644, 0.86617
1.651, 2.47926, 0.789453, 0, 0.279089, 1.64579, 0, 5.84182, 5.06129, 0, 4.19512, 0.873417, 0, 1.99681, 0.866571
1.652, 2.47916, 0.78936, 0, 0.278914, 1.64585, 0, 5.84202, 5.061, 0, 4.19509, 0.873429, 0, 1.99723, 0.867475
1.653, 2.47911, 0.789297, 0, 0.210801, 1.64556, 0, 5.84217, 5.06229, 0, 4.19504, 0.873408, 0, 1.99767, 0.86674
1.654, 2.48011, 0.789388, 0, 0.21093, 1.64592, 0, 5.84284, 5.07785, 0, 4.195, 0.873377, 0, 1.99814, 0.867269
1.655, 2.47898, 0.789273, 0, 0.210538, 1.64586, 0, 5.84276, 5.07816, 0, 4.19498, 0.873502, 0, 1.99841, 0.867677
1.656, 2.47927, 0.789255, 0, 0.210569, 1.64595, 0, 5.84279, 5.07805, 0, 4.19492, 0.873471, 0, 1.99881, 0.867809
1.657, 2.47903, 0.7892, 0, 0.210421, 1.64601, 0, 5.84281, 5.07761, 0, 4.19484, 0.873509, 0, 1.99892, 0.863884
1.658, 2.47889, 0.789147, 0, 0.210319, 1.64607, 0, 5.84281, 5.07724, 0, 4.19483, 0.873529, 0, 1.99945, 0.864519
1.659, 2.47877, 0.789098, 0, 0.210216, 1.64614, 0, 5.84365, 5.07686, 0, 4.1948, 0.873537, 0, 1.99994, 0.871328
1.66, 2.4786, 0.789055, 0, 0.210106, 1.6462, 0, 5.8432, 5.07682, 0, 4.19477, 0.873548, 0, 2.00041, 0.871463
1.661, 2.47846, 0.788982, 0, 0.210002, 1.64626, 0, 5.84385, 5.07458, 0, 4.19479, 0.873586, 0, 2.03383, 0.870901
1.662, 2.47832, 0.78894, 0, 0.209895, 1.64632, 0, 5.84383, 5.07425, 0, 4.19475, 0.873593, 0, 2.03438, 0.871183
1.663, 2.47815, 0.788901, 0, 0.209767, 1.64645, 0, 5.84385, 5.07428, 0, 4.1947, 0.873564, 0, 2.0348, 0.872015
1.664, 2.47781, 0.788842, 0, 0.209614, 1.64648, 0, 5.84388, 5.07392, 0, 4.19466, 0.873562, 0, 2.03521, 0.87232
1.665, 2.47778, 0.788809, 0, 0.210091, 1.64574, 0, 5.84389, 5.07584, 0, 4.19461, 0.873516, 0, 2.03562, 0.872699
1.666, 2.48011, 0.789057, 0, 0.210343, 1.6467, 0, 5.84537, 5.07558, 0, 4.1946, 0.873492, 0, 2.03627, 0.87297
1.667, 2.4769, 0.788886, 0, 0.209425, 1.64636, 0, 5.84537, 5.07508, 0, 4.1945, 0.87368, 0, 2.03632, 0.873811
1.668, 2.47809, 0.788925, 0, 0.209768, 1.64652, 0, 5.84565, 5.07488, 0, 4.19451, 0.873476, 0, 2.03695, 0.874332
1.669, 2.47759, 0.788882, 0, 0.209534, 1.6466, 0, 5.84568, 5.07453, 0, 4.19447, 0.873506, 0, 2.03734, 0.874655
1.67, 2.47737, 0.788845, 0, 0.209439, 1.64663, 0, 5.84578, 5.07459, 0, 4.19443, 0.873462, 0, 2.03779, 0.874756
1.671, 2.47734, 0.788815, 0, 0.20943, 1.6468, 0, 5.84607, 5.07427, 0, 4.1944, 0.873421, 0, 2.03823, 0.874397
1.672, 2.47684, 0.788734, 0, 0.209246, 1.64679, 0, 5.84611, 5.07397, 0, 4.19436, 0.873402, 0, 2.03862, 0.874785
1.673, 2.47693, 0.788682, 0, 0.209451, 1.64682, 0, 5.84586, 5.07377, 0, 4.19438, 0.872758, 0, 2.03912, 0.874602
1.674, 2.47689, 0.78863, 0, 0.20939, 1.64688, 0, 5.84595, 5.0725, 0, 4.19437, 0.872703, 0, 2.0396, 0.874782
1.675, 2.47673, 0.788589, 0, 0.209293, 1.64693, 0, 5.84599, 5.07221, 0, 4.19433, 0.872648, 0, 2.03996, 0.875758
1.676, 2.47659, 0.788558, 0, 0.20925, 1.64713, 0, 5.84602, 5.07186, 0, 4.1943, 0.872586, 0, 2.04041, 0.876467
1.677, 2.47601, 0.788467, 0, 0.208847, 1.64739, 0, 5.84602, 5.07132, 0, 4.19426, 0.872526, 0, 2.04081, 0.87685
1.678, 2.47531, 0.788328, 0, 0.208652, 1.64726, 0, 5.84608, 5.07093, 0, 4.19422, 0.872422, 0, 2.04118, 0.877262
1.679, 2.47582, 0.788273, 0, 0.208727, 1.64741, 0, 5.84623, 5.0707, 0, 4.19421, 0.872289, 0, 2.04183, 0.877576
1.68, 2.47541, 0.78817, 0, 0.208461, 1.64725, 0, 5.84628, 5.07049, 0, 4.19413, 0.872209, 0, 2.04223, 0.877922
1.681, 2.47597, 0.788173, 0, 0.208529, 1.64746, 0, 5.84638, 5.07006, 0, 4.19419, 0.872445, 0, 2.04267, 0.878357
1.682, 2.47533, 0.788104, 0, 0.208299, 1.64745, 0, 5.84634, 5.06974, 0, 4.19414, 0.872503, 0, 2.04308, 0.878745
1.683, 2.47538, 0.78807, 0, 0.208279, 1.64752, 0, 5.84658, 5.06946, 0, 4.19411, 0.872459, 0, 2.04353, 0.879116
1.684, 2.47519, 0.788025, 0, 0.208173, 1.64758, 0, 5.84661, 5.06918, 0, 4.19408, 0.872446, 0, 2.0439, 0.879308
1.685, 2.47504, 0.787979, 0, 0.208086, 1.64764, 0, 5.84664, 5.06889, 0, 4.19403, 0.872428, 0, 2.04433, 0.879697
1.686, 2.47491, 0.787932, 0, 0.208003, 1.6477, 0, 5.84669, 5.06861, 0, 4.194, 0.872412, 0, 2.04475, 0.880109
1.687, 2.47476, 0.787878, 0, 0.207911, 1.64775, 0, 5.84675, 5.06865, 0, 4.19398, 0.872405, 0, 2.04516, 0.880516
1.688, 2.47462, 0.787829, 0, 0.207828, 1.64781, 0, 5.84678, 5.06837, 0, 4.19395, 0.872396, 0, 2.04565, 0.878919
1.689, 2.47449, 0.787777, 0, 0.207738, 1.64788, 0, 5.84682, 5.06814, 0, 4.19392, 0.872391, 0, 2.04603, 0.879149
1.69, 2.47429, 0.787715, 0, 0.207639, 1.64792, 0, 5.84694, 5.0679, 0, 4.19389, 0.872392, 0, 2.0464, 0.879471
1.691, 2.47421, 0.787662, 0, 0.207569, 1.64799, 0, 5.84677, 5.06764, 0, 4.19334, 0.872354, 0, 2.04678, 0.879884
1.692, 2.47415, 0.787988, 0, 0.207668, 1.64758, 0, 5.84519, 5.09825, 0, 4.19285, 0.871956, 0, 2.04581, 0.881329
1.693, 2.47539, 0.788041, 0, 0.207925, 1.64795, 0, 5.84582, 5.09839, 0, 4.19283, 0.871978, 0, 2.04608, 0.881561
1.694, 2.47413, 0.787941, 0, 0.207546, 1.64787, 0, 5.84596, 5.09814, 0, 4.19276, 0.872105, 0, 2.04623, 0.882067
1.695, 2.4744, 0.787922, 0, 0.207624, 1.64795, 0, 5.84643, 5.09786, 0, 4.19273, 0.872027, 0, 2.04664, 0.882795
1.696, 2.47415, 0.787871, 0, 0.207515, 1.64801, 0, 5.84648, 5.09756, 0, 4.19269, 0.872025, 0, 2.04702, 0.883148
1.697, 2.47399, 0.787819, 0, 0.207448, 1.64805, 0, 5.84484, 5.0972, 0, 4.19264, 0.871995, 0, 2.04743, 0.882976
1.698, 2.47389, 0.787767, 0, 0.207389, 1.64811, 0, 5.84477, 5.09688, 0, 4.19263, 0.872164, 0, 2.04875, 0.883567
1.699, 2.47374, 0.787711, 0, 0.207318, 1.64815, 0, 5.84464, 5.09668, 0, 4.19256, 0.872236, 0, 2.04917, 0.883799
1.7, 2.47362, 0.78765, 0, 0.207251, 1.64821, 0, 5.84464, 5.09633, 0, 4.1925, 0.872251, 0, 2.04967, 0.88415
1.701, 2.47349, 0.787586, 0, 0.207176, 1.64827, 0, 5.84457, 5.09603, 0, 4.19246, 0.87225, 0, 2.05006, 0.883513
1.702, 2.47334, 0.787529, 0, 0.207103, 1.64831, 0, 5.84444, 5.09703, 0, 4.1924, 0.872219, 0, 2.0503, 0.883883
1.703, 2.47325, 0.787472, 0, 0.207048, 1.64836, 0, 5.84439, 5.10047, 0, 4.19235, 0.872199, 0, 2.05059, 0.884185
1.704, 2.47313, 0.787399, 0, 0.206977, 1.64842, 0, 5.84436, 5.10022, 0, 4.19231, 0.872189, 0, 2.05092, 0.884636
1.705, 2.47301, 0.787329, 0, 0.206876, 1.64839, 0, 5.84422, 5.09996, 0, 4.19222, 0.872109, 0, 2.05122, 0.886286
1.706, 2.47312, 0.787289, 0, 0.206856, 1.6485, 0, 5.84422, 5.0997, 0, 4.19217, 0.872142, 0, 2.05152, 0.887043
1.707, 2.47279, 0.787217, 0, 0.206731, 1.64853, 0, 5.84404, 5.09946, 0, 4.19213, 0.872186, 0, 2.05182, 0.887309
1.708, 2.47275, 0.787164, 0, 0.206689, 1.64858, 0, 5.84403, 5.09921, 0, 4.19209, 0.872201, 0, 2.05212, 0.887659
1.709, 2.47262, 0.787134, 0, 0.206618, 1.64864, 0, 5.84964, 5.09865, 0, 4.192, 0.872194, 0, 2.05233, 0.887884
1.71, 2.47248, 0.787076, 0, 0.206561, 1.64867, 0, 5.84975, 5.09837, 0, 4.19196, 0.872223, 0, 2.05264, 0.888196
1.711, 2.47241, 0.787026, 0, 0.206517, 1.64872, 0, 5.84973, 5.09806, 0, 4.19192, 0.872235, 0, 2.05289, 0.890068
1.712, 2.47228, 0.786968, 0, 0.20645, 1.64877, 0, 5.84975, 5.09772, 0, 4.19188, 0.872249, 0, 2.05322, 0.890343
1.713, 2.47217, 0.786918, 0, 0.206389, 1.64882, 0, 5.85043, 5.09744, 0, 4.19181, 0.872273, 0, 2.05345, 0.890237
1.714, 2.47205, 0.786857, 0, 0.206326, 1.64886, 0, 5.85056, 5.09624, 0, 4.19179, 0.872318, 0, 2.05383, 0.890189
1.715, 2.47193, 0.786802, 0, 0.206265, 1.64891, 0, 5.85011, 5.09617, 0, 4.19175, 0.872352, 0, 2.05416, 0.890529
1.716, 2.47182, 0.786784, 0, 0.206211, 1.64896, 0, 5.85004, 5.09949, 0, 4.19164, 0.872358, 0, 2.05438, 0.890955
1.717, 2.4717, 0.786672, 0, 0.206142, 1.649, 0, 5.85021, 5.09203, 0, 4.19166, 0.872433, 0, 2.05484, 0.891044
1.718, 2.47162, 0.786643, 0, 0.206087, 1.64906, 0, 5.85007, 5.09356, 0, 4.19159, 0.872438, 0, 2.0551, 0.891405
1.719, 2.47147, 0.786571, 0, 0.207469, 1.64823, 0, 5.85007, 5.09338, 0, 4.19155, 0.872487, 0, 2.05538, 0.891736
1.72, 2.47405, 0.786816, 0, 0.20798, 1.64901, 0, 5.85036, 5.09332, 0, 4.19155, 0.872501, 0, 2.05595, 0.891927
1.721, 2.47138, 0.786699, 0, 0.207226, 1.64874, 0, 5.85001, 5.09291, 0, 4.19144, 0.872797, 0, 2.0559, 0.892577
1.722, 2.4723, 0.786751, 0, 0.207517, 1.64886, 0, 5.85017, 5.09273, 0, 4.19144, 0.872687, 0, 2.05639, 0.892657
1.723, 2.47188, 0.786726, 0, 0.207338, 1.64893, 0, 5.85012, 5.0928, 0, 4.19139, 0.872753, 0, 2.05658, 0.893452
1.724, 2.47169, 0.786681, 0, 0.207456, 1.64805, 0, 5.85016, 5.09262, 0, 4.19136, 0.872777, 0, 2.0569, 0.893872
1.725, 2.47442, 0.786944, 0, 0.207982, 1.64889, 0, 5.85016, 5.08883, 0, 4.1914, 0.872793, 0, 2.05756, 0.894042
1.726, 2.47158, 0.786822, 0, 0.207151, 1.64864, 0, 5.85001, 5.08848, 0, 4.19131, 0.873097, 0, 2.05751, 0.894653
1.727, 2.47242, 0.786861, 0, 0.207484, 1.64867, 0, 5.85024, 5.08829, 0, 4.19133, 0.873201, 0, 2.05803, 0.894662
1.728, 2.47231, 0.786856, 0, 0.207363, 1.64883, 0, 5.8503, 5.08809, 0, 4.19124, 0.873368, 0, 2.05831, 0.895209
1.729, 2.47182, 0.786804, 0, 0.207204, 1.64882, 0, 5.8503, 5.08784, 0, 4.19119, 0.873456, 0, 2.05857, 0.895591
1.73, 2.47189, 0.786764, 0, 0.207186, 1.64889, 0, 5.85109, 5.08766, 0, 4.1911, 0.872581, 0, 2.05891, 0.895814
1.731, 2.4717, 0.78672, 0, 0.206962, 1.64912, 0, 5.85111, 5.09081, 0, 4.19108, 0.872548, 0, 2.05921, 0.896135
1.732, 2.47103, 0.786604, 0, 0.206768, 1.64903, 0, 5.85107, 5.09032, 0, 4.19105, 0.872512, 0, 2.05941, 0.89651
1.733, 2.47145, 0.786608, 0, 0.206842, 1.64915, 0, 5.85091, 5.0896, 0, 4.19088, 0.872355, 0, 2.06539, 0.897414
1.734, 2.47112, 0.786538, 0, 0.206709, 1.64916, 0, 5.85089, 5.08928, 0, 4.191, 0.872433, 0, 2.06594, 0.89762
1.735, 2.47113, 0.786482, 0, 0.206686, 1.6492, 0, 5.85095, 5.08904, 0, 4.19099, 0.872425, 0, 2.06639, 0.898094
1.736, 2.47105, 0.786437, 0, 0.206632, 1.64924, 0, 5.85102, 5.08983, 0, 4.19095, 0.872422, 0, 2.06672, 0.89925
1.737, 2.47095, 0.786381, 0, 0.206574, 1.64928, 0, 5.85105, 5.08961, 0, 4.19093, 0.872423, 0, 2.067, 0.899352
1.738, 2.47087, 0.786329, 0, 0.206518, 1.64932, 0, 5.85108, 5.0894, 0, 4.1909, 0.87243, 0, 2.0673, 0.899671
1.739, 2.47077, 0.786279, 0, 0.206454, 1.64937, 0, 5.8511, 5.08919, 0, 4.19082, 0.872458, 0, 2.06752, 0.900579
1.74, 2.47067, 0.786259, 0, 0.206396, 1.64941, 0, 5.85105, 5.09158, 0, 4.19078, 0.872403, 0, 2.06771, 0.900943
1.741, 2.47055, 0.786195, 0, 0.206328, 1.64945, 0, 5.85006, 5.09149, 0, 4.1908, 0.872625, 0, 2.06799, 0.901271
1.742, 2.47046, 0.786149, 0, 0.205897, 1.6496, 0, 5.8501, 5.09129, 0, 4.19076, 0.872644, 0, 2.06826, 0.901599
1.743, 2.47003, 0.786066, 0, 0.205757, 1.64957, 0, 5.85022, 5.09106, 0, 4.19076, 0.872667, 0, 2.06849, 0.901947
1.744, 2.47016, 0.785972, 0, 0.205747, 1.64965, 0, 5.85063, 5.09535, 0, 4.19085, 0.873261, 0, 2.06899, 0.90202
1.745, 2.46995, 0.785918, 0, 0.205639, 1.6497, 0, 5.85054, 5.09477, 0, 4.19079, 0.873373, 0, 2.06924, 0.902863
1.746, 2.46983, 0.785866, 0, 0.205573, 1.64974, 0, 5.85048, 5.09456, 0, 4.19076, 0.873442, 0, 2.06956, 0.902922
1.747, 2.46975, 0.785824, 0, 0.205514, 1.64979, 0, 5.85045, 5.09432, 0, 4.19072, 0.873497, 0, 2.06974, 0.902423
1.748, 2.46963, 0.785777, 0, 0.205446, 1.64983, 0, 5.85042, 5.09412, 0, 4.19069, 0.873557, 0, 2.06997, 0.90274
1.749, 2.46953, 0.785731, 0, 0.205385, 1.64987, 0, 5.85044, 5.09392, 0, 4.19066, 0.873612, 0, 2.07021, 0.903068
1.75, 2.46942, 0.785686, 0, 0.205326, 1.64991, 0, 5.85048, 5.09375, 0, 4.19097, 0.873669, 0, 2.07023, 0.903085
1.751, 2.46932, 0.785637, 0, 0.205277, 1.64995, 0, 5.85038, 5.09362, 0, 4.18965, 0.873506, 0, 2.07045, 0.902942
1.752, 2.46924, 0.785588, 0, 0.205216, 1.65, 0, 5.8504, 5.09346, 0, 4.18963, 0.873542, 0, 2.07064, 0.904412
1.753, 2.4691, 0.785545, 0, 0.205146, 1.65004, 0, 5.85043, 5.09329, 0, 4.18957, 0.872994, 0, 2.0709, 0.904737
1.754, 2.46902, 0.785507, 0, 0.205087, 1.65009, 0, 5.85037, 5.09302, 0, 4.18917, 0.873188, 0, 2.07105, 0.905084
1.755, 2.46889, 0.78547, 0, 0.205025, 1.65013, 0, 5.85042, 5.09284, 0, 4.18919, 0.873167, 0, 2.07134, 0.905588
1.756, 2.4688, 0.785469, 0, 0.204982, 1.65017, 0, 5.85031, 5.09564, 0, 4.18915, 0.873146, 0, 2.07157, 0.905109
1.757, 2.4687, 0.785424, 0, 0.204932, 1.6502, 0, 5.85041, 5.09551, 0, 4.18913, 0.873195, 0, 2.07178, 0.905462
1.758, 2.46862, 0.785381, 0, 0.204885, 1.65024, 0, 5.85049, 5.09539, 0, 4.18912, 0.873252, 0, 2.07208, 0.905767
1.759, 2.46852, 0.785342, 0, 0.204833, 1.65027, 0, 5.85054, 5.09523, 0, 4.18908, 0.873194, 0, 2.07229, 0.906071
1.76, 2.46843, 0.785305, 0, 0.204783, 1.65032, 0, 5.85057, 5.09506, 0, 4.18906, 0.873255, 0, 2.07255, 0.906379
1.761, 2.46832, 0.785265, 0, 0.204724, 1.65035, 0, 5.8506, 5.0949, 0, 4.18904, 0.873316, 0, 2.0728, 0.906675
1.762, 2.46822, 0.785225, 0, 0.204534, 1.65043, 0, 5.85063, 5.09475, 0, 4.18899, 0.873004, 0, 2.07301, 0.908081
1.763, 2.46801, 0.785183, 0, 0.204456, 1.65044, 0, 5.8506, 5.09475, 0, 4.18896, 0.873022, 0, 2.07326, 0.907882
1.764, 2.468, 0.785147, 0, 0.204427, 1.65051, 0, 5.85062, 5.09457, 0, 4.18895, 0.873061, 0, 2.07351, 0.907794
1.765, 2.46782, 0.785085, 0, 0.203975, 1.64957, 0, 5.85066, 5.0945, 0, 4.18893, 0.87312, 0, 2.07372, 0.908576
1.766, 2.47074, 0.785378, 0, 0.204594, 1.65033, 0, 5.851, 5.09453, 0, 4.18896, 0.873139, 0, 2.07428, 0.908715
1.767, 2.4681, 0.785296, 0, 0.203859, 1.65005, 0, 5.84961, 5.09433, 0, 4.18887, 0.87348, 0, 2.07421, 0.909309
1.768, 2.46901, 0.785385, 0, 0.204174, 1.65014, 0, 5.84974, 5.0942, 0, 4.18888, 0.873388, 0, 2.07458, 0.908253
1.769, 2.46867, 0.785395, 0, 0.204036, 1.6502, 0, 5.84972, 5.09405, 0, 4.18885, 0.873474, 0, 2.07474, 0.908717
1.77, 2.46846, 0.785389, 0, 0.203978, 1.65021, 0, 5.84974, 5.09389, 0, 4.18883, 0.873513, 0, 2.07496, 0.909043
1.771, 2.46844, 0.785384, 0, 0.203955, 1.65026, 0, 5.84977, 5.09374, 0, 4.18881, 0.873544, 0, 2.07516, 0.909106
1.772, 2.46828, 0.78536, 0, 0.203888, 1.6503, 0, 5.8498, 5.09358, 0, 4.18879, 0.873596, 0, 2.07539, 0.909423
1.773, 2.4682, 0.785336, 0, 0.203844, 1.65034, 0, 5.84985, 5.09341, 0, 4.18877, 0.873637, 0, 2.07559, 0.909821
1.774, 2.4681, 0.785304, 0, 0.203794, 1.65037, 0, 5.85001, 5.09326, 0, 4.18875, 0.873688, 0, 2.07584, 0.910134
1.775, 2.46801, 0.785268, 0, 0.203745, 1.65041, 0, 5.85006, 5.09313, 0, 4.18873, 0.873738, 0, 2.07607, 0.910472
1.776, 2.46792, 0.785233, 0, 0.203696, 1.65045, 0, 5.8501, 5.09296, 0, 4.1887, 0.873788, 0, 2.07627, 0.912144
1.777, 2.46783, 0.785194, 0, 0.203647, 1.65048, 0, 5.85015, 5.09282, 0, 4.18868, 0.873841, 0, 2.07649, 0.912444
1.778, 2.46774, 0.785134, 0, 0.203596, 1.65052, 0, 5.85031, 5.09283, 0, 4.1887, 0.873926, 0, 2.07683, 0.912687
1.779, 2.46766, 0.785099, 0, 0.203546, 1.65056, 0, 5.85031, 5.09266, 0, 4.18868, 0.873975, 0, 2.07707, 0.912959
1.78, 2.46756, 0.785061, 0, 0.203496, 1.65061, 0, 5.85032, 5.09252, 0, 4.18866, 0.874032, 0, 2.07729, 0.913211
1.781, 2.46744, 0.785019, 0, 0.203443, 1.65063, 0, 5.85035, 5.0924, 0, 4.18864, 0.874096, 0, 2.07753, 0.913497
1.782, 2.46739, 0.784979, 0, 0.203396, 1.65067, 0, 5.8504, 5.09231, 0, 4.18863, 0.874155, 0, 2.07776, 0.913784
1.783, 2.4673, 0.784957, 0, 0.203319, 1.65076, 0, 5.85143, 5.09206, 0, 4.18864, 0.874566, 0, 2.07794, 0.914106
1.784, 2.46703, 0.784906, 0, 0.20321, 1.65077, 0, 5.85147, 5.09192, 0, 4.18862, 0.874645, 0, 2.07814, 0.914407
1.785, 2.46706, 0.784874, 0, 0.203186, 1.65083, 0, 5.85154, 5.09179, 0, 4.1886, 0.874689, 0, 2.0784, 0.914436
1.786, 2.46688, 0.784828, 0, 0.203106, 1.65086, 0, 5.85158, 5.09166, 0, 4.18858, 0.874748, 0, 2.0786, 0.914751
1.787, 2.4668, 0.784769, 0, 0.20306, 1.65089, 0, 5.85183, 5.09086, 0, 4.18862, 0.874826, 0, 2.07903, 0.915965
1.788, 2.46673, 0.784734, 0, 0.20301, 1.65094, 0, 5.85184, 5.09073, 0, 4.18826, 0.874821, 0, 2.07921, 0.916338
1.789, 2.46662, 0.784699, 0, 0.202956, 1.65097, 0, 5.85184, 5.09059, 0, 4.18821, 0.874505, 0, 2.07941, 0.916659
1.79, 2.46654, 0.784687, 0, 0.202919, 1.651, 0, 5.85202, 5.09047, 0, 4.1882, 0.874554, 0, 2.07964, 0.916888
1.791, 2.46647, 0.784659, 0, 0.202862, 1.65109, 0, 5.85204, 5.0903, 0, 4.18817, 0.874591, 0, 2.07985, 0.918781
1.792, 2.46621, 0.78466, 0, 0.20279, 1.65107, 0, 5.8519, 5.09324, 0, 4.18808, 0.874617, 0, 2.07986, 0.919168
1.793, 2.46631, 0.78463, 0, 0.202805, 1.65111, 0, 5.85201, 5.09315, 0, 4.18806, 0.874672, 0, 2.08004, 0.919448
1.794, 2.46619, 0.784596, 0, 0.202749, 1.65114, 0, 5.85207, 5.09304, 0, 4.18804, 0.874751, 0, 2.08021, 0.91973
1.795, 2.46611, 0.784569, 0, 0.202713, 1.65116, 0, 5.85218, 5.0929, 0, 4.18802, 0.874815, 0, 2.08041, 0.919575
1.796, 2.46605, 0.784551, 0, 0.202678, 1.6512, 0, 5.8522, 5.0927, 0, 4.18799, 0.874868, 0, 2.08058, 0.919808
1.797, 2.46596, 0.784526, 0, 0.202636, 1.65123, 0, 5.85225, 5.09268, 0, 4.18796, 0.874926, 0, 2.08067, 0.919716
1.798, 2.46588, 0.784459, 0, 0.202362, 1.65068, 0, 5.85241, 5.09252, 0, 4.18798, 0.875012, 0, 2.08101, 0.91953
1.799, 2.46758, 0.784648, 0, 0.202714, 1.65115, 0, 5.85256, 5.09231, 0, 4.18799, 0.875048, 0, 2.08143, 0.919609
1.8, 2.46596, 0.784606, 0, 0.202263, 1.65098, 0, 5.85236, 5.09254, 0, 4.18793, 0.875281, 0, 2.08143, 0.919889
1.801, 2.46649, 0.784662, 0, 0.202448, 1.65104, 0, 5.85248, 5.0922, 0, 4.18793, 0.875251, 0, 2.08174, 0.919267
1.802, 2.46634, 0.784978, 0, 0.20242, 1.6511, 0, 5.85303, 5.09112, 0, 4.18748, 0.875029, 0, 2.08081, 0.920213
1.803, 2.46611, 0.78493, 0, 0.20241, 1.65102, 0, 5.8533, 5.09112, 0, 4.18747, 0.875119, 0, 2.0808, 0.918978
1.804, 2.46632, 0.784917, 0, 0.20247, 1.65108, 0, 5.85353, 5.09104, 0, 4.18746, 0.875146, 0, 2.08093, 0.919157
1.805, 2.46612, 0.784883, 0, 0.202408, 1.65109, 0, 5.85362, 5.09084, 0, 4.18745, 0.8752, 0, 2.08109, 0.919263
1.806, 2.46609, 0.784857, 0, 0.202398, 1.65111, 0, 5.85372, 5.09068, 0, 4.18743, 0.875228, 0, 2.08127, 0.919712
1.807, 2.46602, 0.784825, 0, 0.202366, 1.65114, 0, 5.8538, 5.09053, 0, 4.18742, 0.875268, 0, 2.08152, 0.919836
1.808, 2.46593, 0.784805, 0, 0.202332, 1.65117, 0, 5.85379, 5.09033, 0, 4.18739, 0.875288, 0, 2.08165, 0.92003
1.809, 2.46585, 0.784771, 0, 0.202292, 1.65118, 0, 5.85386, 5.09024, 0, 4.18738, 0.87533, 0, 2.08184, 0.920205
1.81, 2.46584, 0.784744, 0, 0.202271, 1.65122, 0, 5.85391, 5.09004, 0, 4.18736, 0.875365, 0, 2.08202, 0.920383
1.811, 2.46571, 0.784708, 0, 0.202221, 1.65124, 0, 5.85394, 5.08986, 0, 4.18734, 0.875409, 0, 2.08218, 0.920652
1.812, 2.46565, 0.784671, 0, 0.202191, 1.65127, 0, 5.85401, 5.08972, 0, 4.18732, 0.875454, 0, 2.08238, 0.920837
1.813, 2.46557, 0.78464, 0, 0.202153, 1.6513, 0, 5.85404, 5.08953, 0, 4.18731, 0.875834, 0, 2.08254, 0.92102
1.814, 2.46549, 0.784604, 0, 0.202116, 1.65133, 0, 5.85409, 5.08929, 0, 4.18728, 0.875911, 0, 2.08274, 0.921197
1.815, 2.46542, 0.784569, 0, 0.202077, 1.65136, 0, 5.85116, 5.08913, 0, 4.18725, 0.875977, 0, 2.08289, 0.92139
1.816, 2.46533, 0.784545, 0, 0.202042, 1.65138, 0, 5.85103, 5.0889, 0, 4.18724, 0.876053, 0, 2.08309, 0.921673
1.817, 2.46527, 0.78453, 0, 0.202017, 1.6514, 0, 5.85125, 5.08745, 0, 4.18722, 0.876109, 0, 2.08325, 0.921846
1.818, 2.46521, 0.784493, 0, 0.201988, 1.65143, 0, 5.85126, 5.08718, 0, 4.18721, 0.876175, 0, 2.08342, 0.922038
1.819, 2.46514, 0.784464, 0, 0.201952, 1.65146, 0, 5.85118, 5.08702, 0, 4.18719, 0.876241, 0, 2.08356, 0.922263
1.82, 2.46507, 0.784448, 0, 0.201921, 1.65148, 0, 5.85289, 5.08679, 0, 4.18716, 0.876304, 0, 2.08369, 0.922474
1.821, 2.465, 0.784419, 0, 0.201889, 1.65151, 0, 5.85301, 5.08665, 0, 4.18715, 0.87637, 0, 2.08383, 0.922882
1.822, 2.46493, 0.78439, 0, 0.201856, 1.65153, 0, 5.85308, 5.08652, 0, 4.18713, 0.876437, 0, 2.08398, 0.923088
1.823, 2.46486, 0.784351, 0, 0.201862, 1.65168, 0, 5.853, 5.08638, 0, 4.1871, 0.876494, 0, 2.0841, 0.923316
1.824, 2.4644, 0.784287, 0, 0.201741, 1.65162, 0, 5.85301, 5.08695, 0, 4.18709, 0.876574, 0, 2.08424, 0.923542
1.825, 2.46464, 0.784269, 0, 0.201792, 1.65168, 0, 5.85243, 5.08683, 0, 4.18709, 0.876601, 0, 2.08447, 0.923697
1.826, 2.46445, 0.784231, 0, 0.201716, 1.6517, 0, 5.85249, 5.08669, 0, 4.18708, 0.876677, 0, 2.08465, 0.923808
1.827, 2.46441, 0.784202, 0, 0.201695, 1.65172, 0, 5.85257, 5.08657, 0, 4.18707, 0.87673, 0, 2.08483, 0.923995
1.828, 2.46435, 0.784175, 0, 0.201664, 1.65175, 0, 5.85265, 5.08645, 0, 4.18706, 0.876789, 0, 2.08501, 0.92419
1.829, 2.46428, 0.784149, 0, 0.201629, 1.65177, 0, 5.8527, 5.0863, 0, 4.18705, 0.876849, 0, 2.08519, 0.924266
1.83, 2.46422, 0.784123, 0, 0.201598, 1.6518, 0, 5.85278, 5.0862, 0, 4.18596, 0.876745, 0, 2.08534, 0.924323
1.831, 2.46414, 0.784087, 0, 0.201559, 1.65183, 0, 5.85291, 5.08754, 0, 4.18599, 0.876762, 0, 2.08555, 0.924509
1.832, 2.46407, 0.784065, 0, 0.201524, 1.65185, 0, 5.85297, 5.0874, 0, 4.18599, 0.876799, 0, 2.08574, 0.923683
1.833, 2.464, 0.784046, 0, 0.20149, 1.65188, 0, 5.85292, 5.08729, 0, 4.18614, 0.876858, 0, 2.08591, 0.924995
1.834, 2.46393, 0.784029, 0, 0.201458, 1.6519, 0, 5.85293, 5.0873, 0, 4.18613, 0.876912, 0, 2.08605, 0.92503
1.835, 2.46387, 0.784013, 0, 0.20143, 1.65192, 0, 5.85296, 5.08712, 0, 4.18611, 0.876969, 0, 2.0862, 0.924454
1.836, 2.46381, 0.784004, 0, 0.201403, 1.65195, 0, 5.85299, 5.08734, 0, 4.18608, 0.87702, 0, 2.0863, 0.924624
1.837, 2.46374, 0.783981, 0, 0.201371, 1.65197, 0, 5.85307, 5.08721, 0, 4.18607, 0.877082, 0, 2.08644, 0.924781
1.838, 2.46368, 0.783961, 0, 0.201341, 1.652, 0, 5.85315, 5.08708, 0, 4.18606, 0.877139, 0, 2.08659, 0.92493
1.839, 2.46361, 0.783939, 0, 0.201307, 1.65202, 0, 5.85322, 5.08721, 0, 4.18605, 0.877196, 0, 2.08675, 0.925078
1.84, 2.46354, 0.783918, 0, 0.201274, 1.65204, 0, 5.85331, 5.08708, 0, 4.18604, 0.877248, 0, 2.0869, 0.925224
1.841, 2.46347, 0.783899, 0, 0.201243, 1.65207, 0, 5.85339, 5.08695, 0, 4.18603, 0.877298, 0, 2.08706, 0.925369
1.842, 2.46341, 0.783877, 0, 0.20121, 1.65209, 0, 5.85348, 5.08682, 0, 4.18602, 0.87735, 0, 2.08723, 0.92551
1.843, 2.46334, 0.783856, 0, 0.201623, 1.65187, 0, 5.85355, 5.08669, 0, 4.18601, 0.877396, 0, 2.08739, 0.925654
1.844, 2.46405, 0.783937, 0, 0.20177, 1.65207, 0, 5.85367, 5.08817, 0, 4.18598, 0.877398, 0, 2.08756, 0.925789
1.845, 2.46335, 0.78391, 0, 0.20157, 1.65201, 0, 5.85367, 5.08802, 0, 4.18595, 0.87752, 0, 2.08762, 0.92601
1.846, 2.46354, 0.783923, 0, 0.201631, 1.65205, 0, 5.8538, 5.08791, 0, 4.18596, 0.877533, 0, 2.08783, 0.926038
1.847, 2.46341, 0.783917, 0, 0.201578, 1.65208, 0, 5.8539, 5.08778, 0, 4.18594, 0.877587, 0, 2.08797, 0.926196
1.848, 2.46331, 0.783906, 0, 0.201544, 1.6521, 0, 5.85398, 5.08766, 0, 4.18593, 0.877628, 0, 2.08812, 0.926343
1.849, 2.46327, 0.783895, 0, 0.201519, 1.65212, 0, 5.85407, 5.08753, 0, 4.18593, 0.877668, 0, 2.08827, 0.926487
1.85, 2.46318, 0.783879, 0, 0.201482, 1.65215, 0, 5.85412, 5.08741, 0, 4.18588, 0.87771, 0, 2.08906, 0.926592
1.851, 2.46312, 0.783862, 0, 0.20145, 1.65217, 0, 5.8542, 5.08727, 0, 4.18586, 0.877749, 0, 2.08924, 0.92672
1.852, 2.46305, 0.783844, 0, 0.201416, 1.6522, 0, 5.85428, 5.08715, 0, 4.18586, 0.87779, 0, 2.08939, 0.92689
1.853, 2.46298, 0.783818, 0, 0.201381, 1.65222, 0, 5.85443, 5.08709, 0, 4.18531, 0.877099, 0, 2.08883, 0.926928
1.854, 2.46292, 0.783798, 0, 0.201347, 1.65225, 0, 5.85451, 5.08763, 0, 4.18508, 0.877069, 0, 2.08915, 0.927887
1.855, 2.46285, 0.783773, 0, 0.201398, 1.65186, 0, 5.8546, 5.08753, 0, 4.18507, 0.87707, 0, 2.08935, 0.928025
1.856, 2.46407, 0.783894, 0, 0.201626, 1.65224, 0, 5.85481, 5.08751, 0, 4.18508, 0.877059, 0, 2.08965, 0.928079
1.857, 2.46276, 0.783845, 0, 0.201255, 1.65213, 0, 5.85469, 5.08728, 0, 4.18504, 0.877215, 0, 2.08966, 0.926381
1.858, 2.46315, 0.783875, 0, 0.20138, 1.65219, 0, 5.8548, 5.08748, 0, 4.18503, 0.87717, 0, 2.08985, 0.926353
1.859, 2.46295, 0.78386, 0, 0.201294, 1.65222, 0, 5.85486, 5.08739, 0, 4.18501, 0.877215, 0, 2.08996, 0.926538
1.86, 2.46284, 0.783843, 0, 0.201255, 1.65224, 0, 5.85493, 5.08728, 0, 4.185, 0.877237, 0, 2.0901, 0.926646
1.861, 2.46281, 0.783829, 0, 0.20121, 1.65232, 0, 5.85501, 5.08715, 0, 4.18498, 0.877256, 0, 2.09023, 0.927396
1.862, 2.46258, 0.783797, 0, 0.201138, 1.65231, 0, 5.8551, 5.08712, 0, 4.18496, 0.877287, 0, 2.09035, 0.927516
1.863, 2.46263, 0.783779, 0, 0.20105, 1.65239, 0, 5.85518, 5.08701, 0, 4.18495, 0.877304, 0, 2.09052, 0.927606
1.864, 2.46237, 0.783734, 0, 0.200968, 1.65238, 0, 5.85524, 5.08689, 0, 4.18493, 0.877344, 0, 2.09181, 0.927643
1.865, 2.46247, 0.783717, 0, 0.20098, 1.65242, 0, 5.85532, 5.08677, 0, 4.18492, 0.877356, 0, 2.09203, 0.927669
1.866, 2.46236, 0.783685, 0, 0.200927, 1.65244, 0, 5.85544, 5.0867, 0, 4.18491, 0.877405, 0, 2.09218, 0.928362
1.867, 2.4623, 0.783665, 0, 0.200898, 1.65246, 0, 5.85404, 5.08657, 0, 4.18489, 0.877437, 0, 2.09234, 0.928453
1.868, 2.46225, 0.783647, 0, 0.200871, 1.65248, 0, 5.85405, 5.08643, 0, 4.18487, 0.877476, 0, 2.0925, 0.928546
1.869, 2.46219, 0.78363, 0, 0.200839, 1.65251, 0, 5.85409, 5.08623, 0, 4.18485, 0.877509, 0, 2.09259, 0.930888
1.87, 2.46212, 0.783608, 0, 0.200807, 1.65253, 0, 5.85414, 5.08612, 0, 4.18483, 0.877545, 0, 2.09274, 0.931019
1.871, 2.46207, 0.783591, 0, 0.200778, 1.65255, 0, 5.8542, 5.08601, 0, 4.18482, 0.877584, 0, 2.0929, 0.931155
1.872, 2.462, 0.783572, 0, 0.200746, 1.65258, 0, 5.85429, 5.08593, 0, 4.1848, 0.877624, 0, 2.09307, 0.931274
1.873, 2.46194, 0.783565, 0, 0.200718, 1.6526, 0, 5.85432, 5.08581, 0, 4.18477, 0.877645, 0, 2.09315, 0.931429
1.874, 2.46187, 0.783547, 0, 0.200689, 1.65262, 0, 5.85421, 5.08555, 0, 4.18427, 0.877657, 0, 2.09322, 0.930176
1.875, 2.46182, 0.783527, 0, 0.200662, 1.65264, 0, 5.85431, 5.08518, 0, 4.18427, 0.877684, 0, 2.09338, 0.930231
1.876, 2.46175, 0.783508, 0, 0.200629, 1.65267, 0, 5.8544, 5.08508, 0, 4.18426, 0.877718, 0, 2.09353, 0.930285
1.877, 2.46168, 0.783489, 0, 0.200598, 1.65269, 0, 5.85449, 5.08499, 0, 4.18425, 0.877755, 0, 2.09369, 0.93034
1.878, 2.46162, 0.783471, 0, 0.200568, 1.65271, 0, 5.85458, 5.08489, 0, 4.18423, 0.877793, 0, 2.09384, 0.930396
1.879, 2.46156, 0.783452, 0, 0.200536, 1.65274, 0, 5.85466, 5.08479, 0, 4.18422, 0.877832, 0, 2.09399, 0.930453
1.88, 2.46149, 0.783445, 0, 0.200504, 1.65276, 0, 5.85478, 5.08948, 0, 4.18421, 0.877883, 0, 2.09418, 0.930525
1.881, 2.46141, 0.783408, 0, 0.20047, 1.65278, 0, 5.85484, 5.08768, 0, 4.18422, 0.877929, 0, 2.09442, 0.930553
1.882, 2.46138, 0.783345, 0, 0.200423, 1.65282, 0, 5.85451, 5.06892, 0, 4.18423, 0.877975, 0, 2.09453, 0.93008
1.883, 2.46126, 0.783324, 0, 0.200368, 1.65285, 0, 5.8547, 5.06885, 0, 4.18422, 0.878037, 0, 2.09472, 0.930111
1.884, 2.46119, 0.783294, 0, 0.199954, 1.6519, 0, 5.85488, 5.06885, 0, 4.18422, 0.878086, 0, 2.09492, 0.930148
1.885, 2.46412, 0.783612, 0, 0.200581, 1.65265, 0, 5.85533, 5.06936, 0, 4.18426, 0.878105, 0, 2.09542, 0.930001
1.886, 2.4615, 0.78356, 0, 0.199865, 1.65235, 0, 5.85506, 5.06911, 0, 4.18418, 0.878432, 0, 2.09523, 0.930458
1.887, 2.46245, 0.783667, 0, 0.200199, 1.65243, 0, 5.85528, 5.06909, 0, 4.18421, 0.878343, 0, 2.09565, 0.930521
1.888, 2.46214, 0.783699, 0, 0.20008, 1.65247, 0, 5.85531, 5.06896, 0, 4.1842, 0.87842, 0, 2.09572, 0.930867
1.889, 2.46197, 0.783717, 0, 0.200043, 1.65246, 0, 5.85528, 5.0683, 0, 4.18419, 0.87845, 0, 2.09585, 0.930925
1.89, 2.46199, 0.783729, 0, 0.200038, 1.6525, 0, 5.8554, 5.06821, 0, 4.1838, 0.878737, 0, 2.09642, 0.930978
1.891, 2.46186, 0.783723, 0, 0.199989, 1.65252, 0, 5.85549, 5.06811, 0, 4.18375, 0.87889, 0, 2.09657, 0.931027
1.892, 2.46182, 0.783728, 0, 0.199964, 1.65254, 0, 5.8556, 5.0697, 0, 4.1837, 0.878948, 0, 2.09668, 0.931098
1.893, 2.46175, 0.783717, 0, 0.199936, 1.65256, 0, 5.85564, 5.06954, 0, 4.18369, 0.878984, 0, 2.09684, 0.930316
1.894, 2.46171, 0.783702, 0, 0.19991, 1.65259, 0, 5.8557, 5.0694, 0, 4.18367, 0.878999, 0, 2.09693, 0.92951
1.895, 2.46165, 0.78369, 0, 0.199879, 1.65261, 0, 5.85575, 5.06941, 0, 4.18366, 0.879009, 0, 2.09706, 0.929559
1.896, 2.4616, 0.78367, 0, 0.199849, 1.65263, 0, 5.85582, 5.06929, 0, 4.18365, 0.878945, 0, 2.09721, 0.929457
1.897, 2.46155, 0.783651, 0, 0.199818, 1.65265, 0, 5.8559, 5.06983, 0, 4.18364, 0.878997, 0, 2.09736, 0.929509
1.898, 2.46148, 0.783625, 0, 0.199789, 1.65267, 0, 5.85603, 5.06982, 0, 4.19169, 0.877737, 0, 2.09764, 0.929506
1.899, 2.46145, 0.783603, 0, 0.19976, 1.6527, 0, 5.85608, 5.06966, 0, 4.19177, 0.877515, 0, 2.09776, 0.929555
1.9, 2.46138, 0.783582, 0, 0.19972, 1.65272, 0, 5.85614, 5.06953, 0, 4.19183, 0.877315, 0, 2.09787, 0.929624
1.901, 2.46132, 0.78357, 0, 0.199689, 1.65275, 0, 5.85617, 5.06934, 0, 4.19181, 0.877362, 0, 2.09861, 0.929657
1.902, 2.46126, 0.783549, 0, 0.199656, 1.65277, 0, 5.85627, 5.06927, 0, 4.1918, 0.877461, 0, 2.09881, 0.929681
1.903, 2.4612, 0.783536, 0, 0.199627, 1.65279, 0, 5.85683, 5.06901, 0, 4.19178, 0.877557, 0, 2.09897, 0.929724
1.904, 2.46114, 0.783519, 0, 0.199593, 1.65284, 0, 5.85689, 5.06889, 0, 4.19176, 0.877646, 0, 2.09908, 0.9302
1.905, 2.461, 0.783495, 0, 0.199547, 1.65284, 0, 5.85695, 5.06876, 0, 4.19174, 0.877725, 0, 2.09923, 0.930247
1.906, 2.46102, 0.78348, 0, 0.199537, 1.65287, 0, 5.85704, 5.06864, 0, 4.19173, 0.877785, 0, 2.09939, 0.930291
1.907, 2.46092, 0.78345, 0, 0.199497, 1.65289, 0, 5.85721, 5.06821, 0, 4.19195, 0.877857, 0, 2.09945, 0.930303
1.908, 2.46088, 0.783434, 0, 0.19947, 1.65291, 0, 5.85725, 5.06809, 0, 4.19193, 0.877898, 0, 2.09956, 0.930376
1.909, 2.46082, 0.783416, 0, 0.199435, 1.65293, 0, 5.8573, 5.06798, 0, 4.19192, 0.87794, 0, 2.09968, 0.930447
1.91, 2.46075, 0.783398, 0, 0.199402, 1.65296, 0, 5.85736, 5.06822, 0, 4.19191, 0.87798, 0, 2.09981, 0.930514
1.911, 2.46068, 0.783419, 0, 0.199387, 1.65297, 0, 5.85743, 5.08398, 0, 4.1919, 0.878016, 0, 2.1, 0.93052
1.912, 2.46067, 0.783432, 0, 0.199377, 1.65299, 0, 5.85708, 5.0835, 0, 4.19186, 0.877994, 0, 2.10002, 0.930632
1.913, 2.46061, 0.783405, 0, 0.199348, 1.65301, 0, 5.85718, 5.08342, 0, 4.19184, 0.87801, 0, 2.10006, 0.930778
1.914, 2.46056, 0.783384, 0, 0.19932, 1.65303, 0, 5.85726, 5.08332, 0, 4.19182, 0.878032, 0, 2.10014, 0.930866
1.915, 2.46049, 0.783364, 0, 0.199287, 1.65305, 0, 5.85732, 5.08286, 0, 4.19181, 0.878051, 0, 2.10025, 0.930939
1.916, 2.46043, 0.783346, 0, 0.199257, 1.65308, 0, 5.85738, 5.08303, 0, 4.1918, 0.878063, 0, 2.10037, 0.931008
1.917, 2.46037, 0.783329, 0, 0.199225, 1.6531, 0, 5.85745, 5.08292, 0, 4.1918, 0.87807, 0, 2.1005, 0.931067
1.918, 2.46031, 0.783313, 0, 0.199196, 1.65312, 0, 5.85751, 5.08281, 0, 4.19179, 0.878072, 0, 2.10063, 0.931124
1.919, 2.46025, 0.783228, 0, 0.199142, 1.65315, 0, 5.85767, 5.06515, 0, 4.19183, 0.878106, 0, 2.10084, 0.931176
1.92, 2.46016, 0.783218, 0, 0.199098, 1.65318, 0, 5.8578, 5.06506, 0, 4.19184, 0.87813, 0, 2.10105, 0.931195
1.921, 2.46008, 0.783221, 0, 0.199064, 1.65321, 0, 5.85811, 5.06774, 0, 4.19183, 0.878118, 0, 2.10115, 0.932583
1.922, 2.46002, 0.783203, 0, 0.199036, 1.65322, 0, 5.85826, 5.06766, 0, 4.19183, 0.878119, 0, 2.10132, 0.932592
1.923, 2.45997, 0.783187, 0, 0.199011, 1.65325, 0, 5.85837, 5.06755, 0, 4.19184, 0.87812, 0, 2.10148, 0.932259
1.924, 2.45991, 0.783168, 0, 0.198981, 1.65327, 0, 5.85848, 5.06746, 0, 4.19184, 0.878127, 0, 2.10151, 0.932259
1.925, 2.45986, 0.783153, 0, 0.198956, 1.65319, 0, 5.85856, 5.06733, 0, 4.19184, 0.87813, 0, 2.10163, 0.932251
1.926, 2.46012, 0.783172, 0, 0.198993, 1.65329, 0, 5.85866, 5.06722, 0, 4.19184, 0.878133, 0, 2.10183, 0.93174
1.927, 2.45977, 0.783159, 0, 0.198882, 1.65328, 0, 5.85864, 5.06699, 0, 4.18803, 0.878321, 0, 2.0963, 0.931627
1.928, 2.45981, 0.783157, 0, 0.198889, 1.65331, 0, 5.85868, 5.06645, 0, 4.18801, 0.878324, 0, 2.09652, 0.931567
1.929, 2.45973, 0.783148, 0, 0.198854, 1.65333, 0, 5.85872, 5.06659, 0, 4.188, 0.878337, 0, 2.0967, 0.931571
1.93, 2.45966, 0.783133, 0, 0.198825, 1.65335, 0, 5.85881, 5.06646, 0, 4.18799, 0.878341, 0, 2.09685, 0.931555
1.931, 2.45962, 0.783117, 0, 0.198801, 1.65337, 0, 5.8589, 5.06633, 0, 4.18797, 0.878342, 0, 2.09701, 0.931542
1.932, 2.45955, 0.783099, 0, 0.198771, 1.65339, 0, 5.85899, 5.06621, 0, 4.18796, 0.878348, 0, 2.09703, 0.931506
1.933, 2.45949, 0.783074, 0, 0.198743, 1.65341, 0, 5.85905, 5.065, 0, 4.18795, 0.878362, 0, 2.0972, 0.931483
1.934, 2.45944, 0.783057, 0, 0.198714, 1.65344, 0, 5.85912, 5.06486, 0, 4.18793, 0.878366, 0, 2.09735, 0.931479
1.935, 2.45938, 0.783038, 0, 0.198682, 1.65346, 0, 5.85918, 5.06472, 0, 4.1879, 0.878376, 0, 2.09749, 0.931478
1.936, 2.45932, 0.783019, 0, 0.198644, 1.65346, 0, 5.85925, 5.06459, 0, 4.18787, 0.878387, 0, 2.09763, 0.931446
1.937, 2.45932, 0.783001, 0, 0.198887, 1.65228, 0, 5.85953, 5.06448, 0, 4.18784, 0.878397, 0, 2.09773, 0.931959
1.938, 2.46297, 0.783407, 0, 0.199613, 1.65335, 0, 5.85998, 5.06455, 0, 4.18786, 0.878383, 0, 2.09826, 0.93173
1.939, 2.45928, 0.78331, 0, 0.198594, 1.65297, 0, 5.8595, 5.06411, 0, 4.18772, 0.878747, 0, 2.09785, 0.935054
1.94, 2.46053, 0.783419, 0, 0.199021, 1.6531, 0, 5.85975, 5.06405, 0, 4.18773, 0.878556, 0, 2.09821, 0.93486
1.941, 2.46008, 0.783419, 0, 0.198812, 1.65309, 0, 5.85977, 5.06391, 0, 4.18769, 0.87861, 0, 2.0983, 0.934755
1.942, 2.4601, 0.783435, 0, 0.198814, 1.65313, 0, 5.8602, 5.06378, 0, 4.18766, 0.8786, 0, 2.09846, 0.934715
1.943, 2.45994, 0.783426, 0, 0.198762, 1.65315, 0, 5.8603, 5.06374, 0, 4.18749, 0.878513, 0, 2.09866, 0.934658
1.944, 2.45989, 0.783412, 0, 0.198743, 1.65318, 0, 5.86036, 5.06389, 0, 4.18744, 0.878525, 0, 2.09881, 0.934614
1.945, 2.45983, 0.783394, 0, 0.198714, 1.6532, 0, 5.86042, 5.06375, 0, 4.18741, 0.878543, 0, 2.09894, 0.934617
1.946, 2.45977, 0.783374, 0, 0.198685, 1.65323, 0, 5.86047, 5.0636, 0, 4.18735, 0.878558, 0, 2.09896, 0.934712
1.947, 2.45971, 0.783346, 0, 0.198662, 1.65325, 0, 5.86055, 5.06351, 0, 4.19112, 0.878417, 0, 2.1047, 0.934587
1.948, 2.45968, 0.783315, 0, 0.198427, 1.65346, 0, 5.86062, 5.06343, 0, 4.1911, 0.878418, 0, 2.10482, 0.934538
1.949, 2.45902, 0.783225, 0, 0.198269, 1.65334, 0, 5.86062, 5.06327, 0, 4.19107, 0.878439, 0, 2.1049, 0.934494
1.95, 2.45948, 0.783211, 0, 0.198376, 1.65344, 0, 5.86075, 5.06318, 0, 4.19106, 0.878398, 0, 2.10444, 0.934435
1.951, 2.45922, 0.78319, 0, 0.198268, 1.65346, 0, 5.86067, 5.063, 0, 4.1872, 0.878573, 0, 2.09886, 0.93453
1.952, 2.45916, 0.783159, 0, 0.198253, 1.65347, 0, 5.86134, 5.06284, 0, 4.18717, 0.878603, 0, 2.099, 0.934466
1.953, 2.45917, 0.783131, 0, 0.19824, 1.65351, 0, 5.86146, 5.06274, 0, 4.18715, 0.878619, 0, 2.09917, 0.934398
1.954, 2.45907, 0.783101, 0, 0.198198, 1.65353, 0, 5.86154, 5.06262, 0, 4.18713, 0.878636, 0, 2.09931, 0.934341
1.955, 2.45903, 0.783077, 0, 0.198172, 1.65355, 0, 5.86163, 5.06251, 0, 4.18711, 0.878643, 0, 2.09946, 0.934279
1.956, 2.45896, 0.783054, 0, 0.198139, 1.65358, 0, 5.86169, 5.06248, 0, 4.18709, 0.878651, 0, 2.09959, 0.934225
1.957, 2.45889, 0.783027, 0, 0.198103, 1.6536, 0, 5.86178, 5.06285, 0, 4.18707, 0.878666, 0, 2.09975, 0.934168
1.958, 2.45882, 0.783007, 0, 0.19807, 1.65363, 0, 5.86184, 5.06272, 0, 4.18708, 0.878625, 0, 2.09987, 0.934114
1.959, 2.45875, 0.782988, 0, 0.198033, 1.65366, 0, 5.86289, 5.06259, 0, 4.18703, 0.87866, 0, 2.09998, 0.934086
1.96, 2.45867, 0.782967, 0, 0.197997, 1.65368, 0, 5.86296, 5.06246, 0, 4.187, 0.878691, 0, 2.10009, 0.934282
1.961, 2.45861, 0.782949, 0, 0.197965, 1.65371, 0, 5.86304, 5.06316, 0, 4.18695, 0.878735, 0, 2.1002, 0.934264
1.962, 2.45854, 0.782944, 0, 0.197932, 1.65374, 0, 5.86309, 5.06493, 0, 4.18691, 0.878736, 0, 2.10029, 0.934242
1.963, 2.45847, 0.782924, 0, 0.1979, 1.65376, 0, 5.86315, 5.06478, 0, 4.18687, 0.878747, 0, 2.10031, 0.934884
1.964, 2.45841, 0.782904, 0, 0.197861, 1.65375, 0, 5.86159, 5.06464, 0, 4.18684, 0.878762, 0, 2.10045, 0.934818
1.965, 2.45846, 0.782898, 0, 0.197856, 1.65379, 0, 5.86159, 5.06449, 0, 4.18682, 0.878782, 0, 2.10061, 0.934744
1.966, 2.45831, 0.782875, 0, 0.197809, 1.6538, 0, 5.86061, 5.0644, 0, 4.1868, 0.878813, 0, 2.10076, 0.934668
1.967, 2.4583, 0.782875, 0, 0.197793, 1.65383, 0, 5.86068, 5.06805, 0, 4.18676, 0.87882, 0, 2.10089, 0.934631
1.968, 2.45821, 0.782852, 0, 0.197732, 1.65396, 0, 5.8607, 5.06787, 0, 4.18673, 0.878833, 0, 2.10098, 0.934591
1.969, 2.45782, 0.782794, 0, 0.197635, 1.65389, 0, 5.86069, 5.06767, 0, 4.18669, 0.878846, 0, 2.10099, 0.934214
1.97, 2.45808, 0.78278, 0, 0.197689, 1.65396, 0, 5.8608, 5.06753, 0, 4.18667, 0.878831, 0, 2.10115, 0.934078
1.971, 2.45789, 0.782745, 0, 0.197614, 1.65397, 0, 5.86084, 5.06737, 0, 4.18664, 0.878863, 0, 2.10125, 0.934032
1.972, 2.45793, 0.782965, 0, 0.197645, 1.65401, 0, 5.86121, 5.06647, 0, 4.18627, 0.878631, 0, 2.1005, 0.934456
1.973, 2.45779, 0.78291, 0, 0.197634, 1.65397, 0, 5.86147, 5.06743, 0, 4.18624, 0.878677, 0, 2.10043, 0.934543
1.974, 2.45792, 0.782879, 0, 0.197664, 1.654, 0, 5.86168, 5.06732, 0, 4.18622, 0.878673, 0, 2.10052, 0.934542
1.975, 2.45779, 0.782824, 0, 0.197619, 1.65401, 0, 5.86189, 5.06699, 0, 4.18622, 0.878699, 0, 2.10067, 0.93448
1.976, 2.45777, 0.782803, 0, 0.197603, 1.65404, 0, 5.86295, 5.06673, 0, 4.18618, 0.878683, 0, 2.10081, 0.934449
1.977, 2.45769, 0.782775, 0, 0.197663, 1.65394, 0, 5.86302, 5.06654, 0, 4.18616, 0.878682, 0, 2.10093, 0.934411
1.978, 2.458, 0.78279, 0, 0.197715, 1.65406, 0, 5.86312, 5.06623, 0, 4.18614, 0.878672, 0, 2.10109, 0.934329
1.979, 2.45759, 0.782826, 0, 0.19762, 1.65403, 0, 5.86305, 5.08351, 0, 4.18606, 0.878671, 0, 2.10109, 0.93431
1.98, 2.45769, 0.782808, 0, 0.197651, 1.65405, 0, 5.86306, 5.08327, 0, 4.18603, 0.878622, 0, 2.10111, 0.934636
1.981, 2.45761, 0.782783, 0, 0.197642, 1.65406, 0, 5.86306, 5.08305, 0, 4.186, 0.87862, 0, 2.10115, 0.934821
1.982, 2.45759, 0.782762, 0, 0.197625, 1.65409, 0, 5.86308, 5.08284, 0, 4.18597, 0.878619, 0, 2.10122, 0.934723
1.983, 2.45749, 0.782725, 0, 0.197587, 1.65411, 0, 5.86313, 5.08232, 0, 4.18595, 0.878633, 0, 2.10134, 0.934665
1.984, 2.45745, 0.782701, 0, 0.197563, 1.65413, 0, 5.86317, 5.08211, 0, 4.18593, 0.878628, 0, 2.10143, 0.934615
1.985, 2.45738, 0.782673, 0, 0.197534, 1.65415, 0, 5.86225, 5.08197, 0, 4.1863, 0.878741, 0, 2.10155, 0.934444
1.986, 2.45733, 0.782647, 0, 0.197508, 1.65417, 0, 5.86231, 5.08178, 0, 4.18628, 0.878741, 0, 2.10164, 0.934395
1.987, 2.45727, 0.782555, 0, 0.197454, 1.6542, 0, 5.86246, 5.06407, 0, 4.1863, 0.878779, 0, 2.10178, 0.934654
1.988, 2.45718, 0.782536, 0, 0.197413, 1.65423, 0, 5.86259, 5.06391, 0, 4.18628, 0.878805, 0, 2.10194, 0.934701
1.989, 2.4571, 0.782528, 0, 0.197383, 1.65425, 0, 5.86278, 5.06357, 0, 4.18627, 0.878805, 0, 2.10207, 0.93463
1.99, 2.45706, 0.782501, 0, 0.197359, 1.65427, 0, 5.86296, 5.06344, 0, 4.18625, 0.878805, 0, 2.1022, 0.934563
1.991, 2.45701, 0.782478, 0, 0.197328, 1.65429, 0, 5.86408, 5.06323, 0, 4.18623, 0.878809, 0, 2.1023, 0.934522
1.992, 2.45695, 0.782455, 0, 0.197299, 1.65431, 0, 5.8642, 5.23712, 0, 4.18622, 0.878825, 0, 2.10242, 0.934464
1.993, 2.45691, 0.782434, 0, 0.197277, 1.65433, 0, 5.8643, 5.23701, 0, 4.18621, 0.878837, 0, 2.10255, 0.934403
1.994, 2.45686, 0.782417, 0, 0.197278, 1.65442, 0, 5.86437, 5.23685, 0, 4.18608, 0.878853, 0, 2.10273, 0.934367
1.995, 2.45659, 0.782374, 0, 0.197206, 1.65438, 0, 5.86442, 5.23673, 0, 4.18606, 0.878869, 0, 2.10284, 0.934316
1.996, 2.45673, 0.782378, 0, 0.197236, 1.65442, 0, 5.86437, 5.23647, 0, 4.18604, 0.878817, 0, 2.10294, 0.934268
1.997, 2.45661, 0.782412, 0, 0.19721, 1.65442, 0, 5.86441, 5.25467, 0, 4.18597, 0.87882, 0, 2.10295, 0.934247
1.998, 2.45662, 0.782381, 0, 0.197209, 1.65443, 0, 5.86446, 5.2546, 0, 4.18594, 0.878823, 0, 2.10298, 0.934307
1.999, 2.4566, 0.782358, 0, 0.197189, 1.65445, 0, 5.8645, 5.25457, 0, 4.18591, 0.878847, 0, 2.10302, 0.934299
2, 2.45653, 0.782265, 0, 0.19715, 1.65456, 0, 5.86366, 5.23615, 0, 4.18593, 0.878913, 0, 2.10317, 0.934254
2.001, 2.45622, 0.782224, 0, 0.197061, 1.65452, 0, 5.86374, 5.23603, 0, 4.18592, 0.878956, 0, 2.1033, 0.934203
2.002, 2.45637, 0.782212, 0, 0.197088, 1.65457, 0, 5.86387, 5.23594, 0, 4.18591, 0.878956, 0, 2.10347, 0.93412
2.003, 0, 2.89828, 0, 0, 0.656456, 0, 9.85, 7.28852, 0, 7.14814, 2.0098, 0, 3.29057, 3.7583
2.004, 0, 1.12729, 0, 0, 0.431753, 0, 6.55944, 5.99361, 0, 4.75133, 1.13852, 0, 1.91422, 1.96914
2.005, 0, 0.589706, 0, 0, 0.328293, 0, 6.05018, 5.72119, 0, 4.44186, 0.960884, 0, 1.76795, 1.63599
2.006, 0, 0, 0, 0, 0.2868, 0, 5.88037, 5.63955, 0, 4.35709, 0.878238, 0, 1.69133, 1.51416
2.007, 0, 0, 0, 0, 0.243254, 0, 5.83026, 5.58102, 0, 4.33857, 0.853593, 0, 1.69547, 1.47431
2.008, 0, 0, 0, 0, 0.152413, 0, 5.7746, 5.52766, 0, 4.31668, 0.824055, 0, 1.68821, 1.43351
2.009, 0, 0, 0, 0, 0.0603257, 0, 5.66136, 5.41153, 0, 4.26619, 0.751466, 0, 1.69739, 1.34521
2.01, 0, 0, 0, 0, 0.0632846, 0, 5.60945, 5.2954, 0, 4.23669, 0.676821, 0, 1.70835, 1.26898
2.011, 0, 0, 0, 0, 0.117919, 0, 6.06721, 7.96764, 0, 4.33816, 0.618709, 0, 1.69219, 1.21178
2.012, 0, 0, 0, 0, 0.105061, 0, 5.67689, 6.21686, 0, 4.26261, 0.707601, 0, 1.68409, 1.31646
2.013, 0, 0, 0, 0, 0.103546, 0, 5.6365, 6.20123, 0, 4.25573, 0.694951, 0, 1.67807, 1.31221
2.014, 0, 0, 0, 0, 0.0999987, 0, 5.58966, 6.12094, 0, 4.24583, 0.691748, 0, 1.66755, 1.31989
2.015, 0, 0, 0, 0, 0.0769217, 0, 5.62417, 6.04414, 0, 4.24358, 0.686155, 0, 1.65865, 1.32447
2.016, 0, 0, 0, 0, 0.0541292, 0, 5.56146, 5.94381, 0, 4.23316, 0.659943, 0, 1.65426, 1.30655
2.017, 0, 0, 0, 0, 0.0262947, 0, 5.54465, 5.85416, 0, 4.23375, 0.634218, 0, 1.65335, 1.29596
2.018, 0, 0, 0, 0, 0, 0, 5.51218, 5.80474, 0, 4.23517, 0.603045, 0, 1.67142, 1.28033
2.019, 0, 0, 0, 0, 0, 0, 5.44684, 5.73277, 0, 4.22708, 0.572006, 0, 1.66597, 1.26293
2.02, 0, 0, 0, 0, 0, 0, 5.09031, 4.29285, 0, 4.09229, 0.463981, 0, 1.54953, 1.35105
2.021, 0, 0, 0, 0, 0, 0, 5.39944, 5.5549, 0, 4.19444, 0.555978, 0, 1.63839, 1.27176
2.022, 0, 0, 0, 0, 0, 0, 5.43703, 5.55568, 0, 4.1928, 0.552048, 0, 1.62864, 1.27431
2.023, 0, 0, 0, 0, 0, 0, 5.40336, 5.5806, 0, 4.18147, 0.545174, 0, 1.6191, 1.27878
2.024, 0, 0, 0, 0, 0, 0, 5.39915, 5.58442, 0, 4.1787, 0.538463, 0, 1.60959, 1.28224
2.025, 0, 0, 0, 0, 0, 0, 5.39441, 5.59532, 0, 4.17668, 0.532192, 0, 1.60148, 1.28423
2.026, 0, 0, 0, 0, 0, 0, 5.38417, 5.59463, 0, 4.17403, 0.526286, 0, 1.59257, 1.28847
2.027, 0, 0, 0, 0, 0, 0, 5.37974, 5.59916, 0, 4.17182, 0.520664, 0, 1.58469, 1.29217
2.028, 0, 0, 0, 0, 0, 0, 5.37716, 5.59549, 0, 4.16993, 0.514886, 0, 1.58851, 1.29685
2.029, 0, 0, 0, 0, 0, 0, 5.33015, 5.59722, 0, 4.16886, 0.507214, 0, 1.58129, 1.29836
2.03, 0, 0, 0, 0, 0, 0, 5.32473, 5.58753, 0, 4.16667, 0.50224, 0, 1.57473, 1.30055
2.031, 0, 0, 0, 0, 0, 0, 5.32389, 5.58557, 0, 4.16494, 0.498455, 0, 1.56816, 1.3027
2.032, 0, 0, 0, 0, 0, 0, 5.32142, 5.58709, 0, 4.16661, 0.493432, 0, 1.56202, 1.30547
2.033, 0, 0, 0, 0, 0, 0, 5.31749, 5.58646, 0, 4.17217, 0.486607, 0, 1.57082, 1.30599
2.034, 0, 0, 0, 0, 0, 0, 5.31185, 5.58296, 0, 4.1704, 0.481816, 0, 1.56354, 1.31107
2.035, 0, 0, 0, 0, 0, 0, 5.31173, 5.59955, 0, 4.16869, 0.475895, 0, 1.55557, 1.31154
2.036, 0, 0, 0, 0, 0, 0, 5.30469, 5.59993, 0, 4.16724, 0.47021, 0, 1.54819, 1.3139
2.037, 0, 0, 0, 0, 0, 0, 5.29735, 5.58774, 0, 4.13054, 0.592488, 0, 1.54467, 1.31736
2.038, 0, 0, 0, 0, 0, 0, 5.29278, 5.58648, 0, 4.10277, 0.709618, 0, 1.54206, 1.32115
2.039, 0, 0, 0, 0, 0, 0, 5.28457, 5.57275, 0, 4.10724, 0.683416, 0, 1.53219, 1.32278
2.04, 0, 0, 0, 0, 0, 0, 5.26754, 5.57346, 0, 4.11876, 0.660665, 0, 1.52773, 1.32482
2.041, 0, 0, 0, 0, 0, 0, 5.26805, 5.57226, 0, 4.12209, 0.635831, 0, 1.52215, 1.32951
2.042, 0, 0, 0, 0, 0, 0, 5.26673, 5.57163, 0, 4.13449, 0.614368, 0, 1.52042, 1.33615
2.043, 0, 0, 0, 0, 0, 0, 5.19527, 5.27285, 0, 4.11501, 0.555051, 0, 1.49503, 1.34376
2.044, 0, 0, 0, 0, 0, 0, 5.23794, 5.48554, 0, 4.13663, 0.560965, 0, 1.50399, 1.3398
2.045, 0, 0, 0, 0, 0, 0, 5.25467, 5.57151, 0, 4.14425, 0.550973, 0, 1.5032, 1.36593
2.046, 0, 0, 0, 0, 0, 0, 5.25426, 5.58069, 0, 4.1482, 0.536492, 0, 1.4979, 1.36745
2.047, 0, 0, 0, 0, 0, 0, 5.25242, 5.58186, 0, 4.15057, 0.525548, 0, 1.49616, 1.36821
2.048, 0, 0, 0, 0, 0, 0, 5.25114, 5.58339, 0, 4.15167, 0.515615, 0, 1.49136, 1.36876
2.049, 0, 0, 0, 0, 0, 0, 5.24898, 5.58123, 0, 4.1522, 0.506385, 0, 1.48586, 1.36939
2.05, 0, 0, 0, 0, 0, 0, 5.52987, 7.03408, 0, 4.26016, 0.645624, 0, 1.56266, 1.3479
2.051, 0, 0, 0, 0, 0, 0, 5.27042, 5.72627, 0, 4.1572, 0.515268, 0, 1.48451, 1.3702
2.052, 0, 0, 0, 0, 0, 0, 5.2504, 5.67605, 0, 4.15195, 0.50318, 0, 1.47671, 1.37242
2.053, 0, 0, 0, 0, 0, 0, 5.24297, 5.67342, 0, 4.15094, 0.497294, 0, 1.47143, 1.37324
2.054, 0, 0, 0, 0, 0, 0, 5.23874, 5.67449, 0, 4.14651, 0.493426, 0, 1.46853, 1.37763
2.055, 0, 0, 0, 0, 0, 0, 5.22577, 5.67266, 0, 4.14453, 0.488731, 0, 1.47814, 1.38131
2.056, 0, 0, 0, 0, 0, 0, 5.21949, 5.67681, 0, 4.14315, 0.484212, 0, 1.47334, 1.38239
2.057, 0, 0, 0, 0, 0, 0, 5.21734, 5.67753, 0, 4.14216, 0.480277, 0, 1.46849, 1.38269
2.058, 0, 0, 0, 0, 0, 0, 5.21836, 5.6805, 0, 4.1414, 0.477105, 0, 1.46558, 1.38416
2.059, 0, 0, 0, 0, 0, 0, 5.21498, 5.68256, 0, 4.14039, 0.472421, 0, 1.46186, 1.3872
2.06, 0, 0, 0, 0, 0, 0, 5.2045, 5.68789, 0, 4.13924, 0.468412, 0, 1.4573, 1.38623
2.061, 0, 0, 0, 0, 0, 0, 5.19911, 5.68462, 0, 4.13861, 0.409199, 0, 1.45288, 1.38692
2.062, 0, 0, 0, 0, 0, 0, 5.17585, 5.68714, 0, 4.13767, 0.406637, 0, 1.44821, 1.38792
2.063, 0, 0, 0, 0, 0, 0, 5.18688, 5.71262, 0, 4.13646, 0.403669, 0, 1.44283, 1.38616
2.064, 0, 0, 0, 0, 0, 0, 5.16673, 5.71853, 0, 4.1357, 0.400913, 0, 1.43917, 1.38716
2.065, 0, 0, 0, 0, 0, 0, 5.03134, 5.73099, 0, 4.13405, 0.393402, 0, 1.43237, 1.38666
2.066, 0, 0, 0, 0, 0, 0, 4.99215, 5.72914, 0, 4.12326, 0.389668, 0, 1.41304, 1.38514
2.067, 0, 0, 0, 0, 0, 0, 5.74794, 5.60724, 0, 4.6251, 0.813538, 0, 1.70704, 1.45483
2.068, 0, 0, 0, 0, 0, 0, 5.17731, 5.64355, 0, 4.22358, 0.584295, 0, 1.52058, 1.41087
2.069, 0, 0, 0, 0, 0, 0, 5.07165, 5.68291, 0, 4.15722, 0.501653, 0, 1.46559, 1.40286
2.07, 0, 0, 0, 0, 0, 0, 5.03765, 5.69021, 0, 4.141, 0.472579, 0, 1.44508, 1.39761
2.071, 0, 0, 0, 0, 0, 0, 5.02779, 5.6949, 0, 4.13612, 0.46254, 0, 1.45136, 1.39997
2.072, 0, 0, 0, 0, 0, 0, 5.02349, 5.69607, 0, 4.13887, 0.45959, 0, 1.44733, 1.40113
2.073, 0, 0, 0, 0, 0, 0, 5.02726, 5.70273, 0, 4.14091, 0.460986, 0, 1.44787, 1.39508
2.074, 0, 0, 0, 0, 0, 0, 5.01957, 5.6886, 0, 4.13544, 0.454289, 0, 1.44051, 1.39914
2.075, 0, 0, 0, 0, 0, 0, 5.0179, 5.68492, 0, 4.13644, 0.454825, 0, 1.43815, 1.39984
2.076, 0, 0, 0, 0, 0, 0, 5.74698, 9.34338, 0, 4.39593, 0.303348, 0, 1.3549, 1.31565
2.077, 0, 0, 0, 0, 0, 0, 5.49667, 5.86795, 0, 4.47666, 0.761097, 0, 1.62334, 1.43763
2.078, 0, 0, 0, 0, 0, 0, 5.13335, 5.79849, 0, 4.21353, 0.570324, 0, 1.49055, 1.41175
2.079, 0, 0, 0, 0, 0, 0, 5.04862, 5.82606, 0, 4.15444, 0.491007, 0, 1.44309, 1.40183
2.08, 0, 0, 0, 0, 0, 0, 5.0259, 5.83086, 0, 4.14163, 0.46537, 0, 1.42807, 1.39914
2.081, 0, 0, 0, 0, 0, 0, 5.01961, 5.82654, 0, 4.13936, 0.457452, 0, 1.42243, 1.39983
2.082, 0, 0, 0, 0, 0, 0, 5.01929, 5.82285, 0, 4.14045, 0.454132, 0, 1.4231, 1.41487
2.083, 0, 0, 0, 0, 0, 0, 5.01683, 5.8183, 0, 4.14164, 0.452279, 0, 1.42188, 1.41521
2.084, 0, 0, 0, 0, 0, 0, 5.01571, 5.81633, 0, 4.13951, 0.451628, 0, 1.42044, 1.41585
2.085, 0, 0, 0, 0, 0, 0, 5.01418, 5.80683, 0, 4.13975, 0.4514, 0, 1.40465, 1.41454
2.086, 0, 0, 0, 0, 0, 0, 5.01129, 5.8008, 0, 4.14332, 0.451366, 0, 1.40312, 1.41536
2.087, 0, 0, 0, 0, 0, 0, 5.01043, 5.79473, 0, 4.14304, 0.448402, 0, 1.4012, 1.41638
2.088, 0, 0, 0, 0, 0, 0, 5.00703, 5.7904, 0, 4.14277, 0.447416, 0, 1.39932, 1.41737
2.089, 0, 0, 0, 0, 0, 0, 5.0057, 5.7847, 0, 4.14373, 0.445987, 0, 1.39746, 1.41807
2.09, 0, 0, 0, 0, 0, 0, 5.00286, 5.77926, 0, 4.14249, 0.444593, 0, 1.39539, 1.41906
2.091, 0, 0, 0, 0, 0, 0, 4.99992, 5.79778, 0, 4.14132, 0.44361, 0, 1.39335, 1.42011
2.092, 0, 0, 0, 0, 0, 0, 4.99713, 5.79339, 0, 4.14041, 0.442617, 0, 1.39124, 1.42084
2.093, 0, 0, 0, 0, 0, 0, 4.99239, 5.78899, 0, 4.14063, 0.441456, 0, 1.39094, 1.42182
2.094, 0, 0, 0, 0, 0, 0, 4.99044, 5.78311, 0, 4.13899, 0.441143, 0, 1.38886, 1.42385
2.095, 0, 0, 0, 0, 0, 0, 4.98514, 5.77789, 0, 4.13775, 0.440344, 0, 1.38675, 1.42492
2.096, 0, 0, 0, 0, 0, 0, 4.982, 5.77265, 0, 4.13894, 0.440097, 0, 1.38464, 1.42608
2.097, 0, 0, 0, 0, 0, 0, 4.98084, 5.76761, 0, 4.13902, 0.438589, 0, 1.3827, 1.42703
2.098, 0, 0, 0, 0, 0, 0, 4.97525, 5.75761, 0, 4.13739, 0.438032, 0, 1.38305, 1.4246
2.099, 0, 0, 0, 0, 0, 0, 4.97159, 5.762, 0, 4.13802, 0.437063, 0, 1.38392, 1.42593
2.1, 0, 0, 0, 0, 0, 0, 4.96511, 5.74803, 0, 4.1336, 0.436129, 0, 1.38848, 1.42416
2.101, 0, 0, 0, 0, 0, 0, 4.96052, 5.73778, 0, 4.1323, 0.435034, 0, 1.38581, 1.42325
2.102, 0, 0, 0, 0, 0, 0, 4.96141, 5.73278, 0, 4.13156, 0.434426, 0, 1.38817, 1.51227
2.103, 0, 0, 0, 0, 0, 0, 4.95955, 5.72851, 0, 4.13261, 0.433899, 0, 1.38581, 1.5134
2.104, 0, 0, 0, 0, 0, 0, 4.95631, 5.71659, 0, 4.1327, 0.432825, 0, 1.38338, 1.51367
2.105, 0, 0, 0, 0, 0, 0, 4.95553, 5.71675, 0, 4.13231, 0.432335, 0, 1.38101, 1.51423
2.106, 0, 0, 0, 0, 0, 0, 4.95121, 5.7149, 0, 4.13163, 0.431277, 0, 1.37908, 1.51456
2.107, 0, 0, 0, 0, 0, 0, 4.94612, 5.70878, 0, 4.13199, 0.430214, 0, 1.37663, 1.51513
2.108, 0, 0, 0, 0, 0, 0, 4.94245, 5.70943, 0, 4.13082, 0.429023, 0, 1.37431, 1.51605
2.109, 0, 0, 0, 0, 0, 0, 4.93972, 5.69877, 0, 4.13096, 0.428395, 0, 1.37229, 1.51678
2.11, 0, 0, 0, 0, 0, 0, 4.9366, 5.72509, 0, 4.13025, 0.421571, 0, 1.36871, 1.51766
2.111, 0, 0, 0, 0, 0, 0, 4.93473, 4.60315, 0, 4.15903, 0.511066, 0, 1.41149, 1.54223
2.112, 0, 0, 0, 0, 0, 0, 4.87554, 5.49107, 0, 4.11492, 0.369367, 0, 1.34033, 1.52346
2.113, 0, 0, 0, 0, 0, 0, 4.87846, 5.56636, 0, 4.11736, 0.356028, 0, 1.33299, 1.52338
2.114, 0, 0, 0, 0, 0, 0, 4.87661, 5.56664, 0, 4.11581, 0.350369, 0, 1.36021, 1.5303
2.115, 0, 0, 0, 0, 0, 0, 4.88037, 5.74873, 0, 4.1196, 0.348048, 0, 1.35646, 1.50038
2.116, 0, 0, 0, 0, 0, 0, 4.95771, 5.56061, 0, 4.17306, 0.486091, 0, 1.42133, 1.5263
2.117, 0, 0, 0, 0, 0, 0, 4.91128, 5.53252, 0, 4.13997, 0.43733, 0, 1.39372, 1.53468
2.118, 0, 0, 0, 0, 0, 0, 4.89516, 5.52439, 0, 4.13072, 0.420841, 0, 1.38297, 1.53648
2.119, 0, 0, 0, 0, 0, 0, 4.88998, 5.50798, 0, 4.12814, 0.415004, 0, 1.38014, 1.53667
2.12, 0, 0, 0, 0, 0, 0, 4.88583, 5.50296, 0, 4.12658, 0.412856, 0, 1.37661, 1.53748
2.121, 0, 0, 0, 0, 0, 0, 4.882, 5.49655, 0, 4.12582, 0.41196, 0, 1.37378, 1.53857
2.122, 0, 0, 0, 0, 0, 0, 4.88093, 5.49655, 0, 4.1254, 0.411644, 0, 1.3725, 1.54007
2.123, 0, 0, 0, 0, 0, 0, 4.87697, 5.49058, 0, 4.12597, 0.411181, 0, 1.36974, 1.54078
2.124, 0, 0, 0, 0, 0, 0, 4.87693, 5.48417, 0, 4.12654, 0.40998, 0, 1.36703, 1.54231
2.125, 0, 0, 0, 0, 0, 0, 4.87272, 5.48055, 0, 4.126, 0.409373, 0, 1.3643, 1.54293
2.126, 0, 0, 0, 0, 0, 0, 4.87113, 5.48174, 0, 4.12716, 0.409202, 0, 1.3621, 1.54465
2.127, 0, 0, 0, 0, 0, 0, 4.8693, 5.47646, 0, 4.12706, 0.409218, 0, 1.35958, 1.54551
2.128, 0, 0, 0, 0, 0, 0, 4.86797, 5.47541, 0, 4.12095, 0.409773, 0, 1.3568, 1.54673
2.129, 0, 0, 0, 0, 0, 0, 4.86179, 5.46542, 0, 4.11868, 0.408733, 0, 1.3564, 1.54907
2.13, 0, 0, 0, 0, 0, 0, 4.85637, 5.45216, 0, 4.11783, 0.408819, 0, 1.35436, 1.55015
2.131, 0, 0, 0, 0, 0, 0, 4.85134, 5.44043, 0, 4.11705, 0.407848, 0, 1.3519, 1.55116
2.132, 0, 0, 0, 0, 0, 0, 4.85211, 5.43104, 0, 4.11723, 0.407521, 0, 1.34935, 1.55287
2.133, 0, 0, 0, 0, 0, 0, 4.84631, 5.41848, 0, 4.11623, 0.407002, 0, 1.34742, 1.55444
2.134, 0, 0, 0, 0, 0, 0, 4.84381, 5.41246, 0, 4.11583, 0.406646, 0, 1.34518, 1.55547
2.135, 0, 0, 0, 0, 0, 0, 4.80344, 5.15047, 0, 4.10331, 0.402077, 0, 1.34088, 1.54937
2.136, 0, 0, 0, 0, 0, 0, 4.80892, 5.2649, 0, 4.10612, 0.394775, 0, 1.33601, 1.55018
2.137, 0, 0, 0, 0, 0, 0, 4.81522, 5.31278, 0, 4.11021, 0.396342, 0, 1.33498, 1.55447
2.138, 0, 0, 0, 0, 0, 0, 4.76059, 5.48634, 0, 4.11839, 0.400014, 0, 1.33568, 1.55685
2.139, 0, 0, 0, 0, 0, 0, 4.76292, 5.50333, 0, 4.11975, 0.400992, 0, 1.33642, 1.55929
2.14, 0, 0, 0, 0, 0, 0, 4.76373, 5.52004, 0, 4.12028, 0.399886, 0, 1.3359, 1.56872
2.141, 0, 0, 0, 0, 0, 0, 4.76113, 5.5187, 0, 4.12306, 0.40228, 0, 1.33396, 1.57092
2.142, 0, 0, 0, 0, 0, 0, 4.75765, 5.51512, 0, 4.12165, 0.40235, 0, 1.3321, 1.5723
2.143, 0, 0, 0, 0, 0, 0, 4.75422, 5.52153, 0, 4.12077, 0.400041, 0, 1.33531, 1.57472
2.144, 0, 0, 0, 0, 0, 0, 4.74421, 5.51574, 0, 4.12143, 0.399903, 0, 1.33376, 1.57938
2.145, 0, 0, 0, 0, 0, 0, 4.74256, 5.50968, 0, 4.12116, 0.399404, 0, 1.33334, 1.58041
2.146, 0, 0, 0, 0, 0, 0, 4.73573, 5.50283, 0, 4.11849, 0.399729, 0, 1.33113, 1.58174
2.147, 0, 0, 0, 0, 0, 0, 4.7331, 5.49806, 0, 4.11916, 0.398421, 0, 1.32883, 1.5833
2.148, 0, 0, 0, 0, 0, 0, 4.72954, 5.49304, 0, 4.11975, 0.398105, 0, 1.32653, 1.58422
2.149, 0, 0, 0, 0, 0, 0, 4.72468, 5.48816, 0, 4.11913, 0.397866, 0, 1.32605, 1.58573
2.15, 0, 0, 0, 0, 0, 0, 4.85468, 6.05692, 0, 4.13474, 0.365126, 0, 1.30951, 1.57767
2.151, 0, 0, 0, 0, 0, 0, 4.8176, 5.34447, 0, 4.14219, 0.453873, 0, 1.34899, 1.58945
2.152, 0, 0, 0, 0, 0, 0, 4.78405, 5.34612, 0, 4.1202, 0.414095, 0, 1.32869, 1.5906
2.153, 0, 0, 0, 0, 0, 0, 4.77249, 5.34178, 0, 4.11438, 0.401794, 0, 1.32094, 1.59178
2.154, 0, 0, 0, 0, 0, 0, 4.7633, 5.34005, 0, 4.11229, 0.397599, 0, 1.31734, 1.59309
2.155, 0, 0, 0, 0, 0, 0, 4.75763, 5.3359, 0, 4.11242, 0.395495, 0, 1.31505, 1.59412
2.156, 0, 0, 0, 0, 0, 0, 4.73663, 5.07811, 0, 4.10633, 0.395844, 0, 1.31612, 1.59724
2.157, 0, 0, 0, 0, 0, 0, 4.81283, 5.93358, 0, 4.12837, 0.347618, 0, 1.29335, 1.58765
2.158, 0, 0, 0, 0, 0, 0, 4.78129, 5.37183, 0, 4.13904, 0.441604, 0, 1.22812, 1.59595
2.159, 0, 0, 0, 0, 0, 0, 4.68887, 5.43083, 0, 4.12902, 0.418714, 0, 1.21476, 1.59724
2.16, 0, 0, 0, 0, 0, 0, 4.67327, 5.41232, 0, 4.11763, 0.399059, 0, 1.20455, 1.59831
2.161, 0, 0, 0, 0, 0, 0, 4.66933, 5.39584, 0, 4.1151, 0.393018, 0, 1.2004, 1.59924
2.162, 0, 0, 0, 0, 0, 0, 4.66444, 5.38018, 0, 4.11744, 0.391263, 0, 1.2053, 1.60114
2.163, 0, 0, 0, 0, 0, 0, 4.65851, 5.36866, 0, 4.11712, 0.390494, 0, 1.19977, 1.60089
2.164, 0, 0, 0, 0, 0, 0, 4.65273, 5.35816, 0, 4.11756, 0.390159, 0, 1.19958, 1.6025
2.165, 0, 0, 0, 0, 0, 0, 4.76637, 5.36822, 0, 4.11728, 0.389266, 0, 1.19726, 1.60344
2.166, 0, 0, 0, 0, 0, 0, 4.7738, 5.35577, 0, 4.11932, 0.390141, 0, 1.19595, 1.60467
2.167, 0, 0, 0, 0, 0, 0, 4.76923, 5.34574, 0, 4.12068, 0.390123, 0, 1.20054, 1.60692
2.168, 0, 0, 0, 0, 0, 0, 4.77229, 5.33213, 0, 4.12076, 0.389788, 0, 1.19942, 1.60803
2.169, 0, 0, 0, 0, 0, 0, 4.76948, 5.32238, 0, 4.12038, 0.389458, 0, 1.19766, 1.60893
2.17, 0, 0, 0, 0, 0, 0, 4.75798, 5.31606, 0, 4.11785, 0.388884, 0, 1.19558, 1.6099
2.171, 0, 0, 0, 0, 0, 0, 4.73149, 5.30029, 0, 4.11739, 0.388574, 0, 1.19415, 1.61094
2.172, 0, 0, 0, 0, 0, 0, 4.72728, 5.28786, 0, 4.11748, 0.388367, 0, 1.19386, 1.61227
2.173, 0, 0, 0, 0, 0, 0, 4.72291, 5.26345, 0, 4.11947, 0.387939, 0, 1.19357, 1.61352
2.174, 0, 0, 0, 0, 0, 0, 4.71009, 5.25387, 0, 4.11959, 0.386123, 0, 1.19171, 1.61575
2.175, 0, 0, 0, 0, 0, 0, 4.71223, 5.24063, 0, 4.12314, 0.384619, 0, 1.18915, 1.62067
2.176, 0, 0, 0, 0, 0, 0, 4.7063, 5.2296, 0, 4.12207, 0.384803, 0, 1.18708, 1.62117
2.177, 0, 0, 0, 0, 0, 0, 4.73386, 5.22577, 0, 4.1223, 0.383806, 0, 1.1848, 1.62181
2.178, 0, 0, 0, 0, 0, 0, 4.72729, 5.21391, 0, 4.12296, 0.382466, 0, 1.18401, 1.62244
2.179, 0, 0, 0, 0, 0, 0, 4.7192, 5.20185, 0, 4.12287, 0.380257, 0, 1.1819, 1.62325
2.18, 0, 0, 0, 0, 0, 0, 4.70284, 5.23847, 0, 4.11954, 0.378792, 0, 1.17928, 1.62459
2.181, 0, 0, 0, 0, 0, 0, 4.74725, 5.23292, 0, 4.1197, 0.37819, 0, 1.17694, 1.62564
2.182, 0, 0, 0, 0, 0, 0, 4.74018, 5.21673, 0, 4.11977, 0.379007, 0, 1.17501, 1.62644
2.183, 0, 0, 0, 0, 0, 0, 4.73791, 5.22432, 0, 4.11897, 0.377906, 0, 1.17319, 1.62704
2.184, 0, 0, 0, 0, 0, 0, 4.74011, 5.21063, 0, 4.12079, 0.378098, 0, 1.1713, 1.62772
2.185, 0, 0, 0, 0, 0, 0, 4.73454, 5.19551, 0, 4.11261, 0.37798, 0, 1.16978, 1.62832
2.186, 0, 0, 0, 0, 0, 0, 4.72749, 5.18305, 0, 4.11229, 0.377856, 0, 1.16781, 1.6289
2.187, 0, 0, 0, 0, 0, 0, 4.71955, 5.18032, 0, 4.11333, 0.377251, 0, 1.16584, 1.62996
2.188, 0, 0, 0, 0, 0, 0, 4.71795, 5.1647, 0, 4.11094, 0.377229, 0, 1.1678, 1.63102
2.189, 0, 0, 0, 0, 0, 0, 4.71343, 5.14663, 0, 4.11071, 0.377347, 0, 1.16655, 1.63202
2.19, 0, 0, 0, 0, 0, 0, 4.69699, 5.13084, 0, 4.11033, 0.377415, 0, 1.16735, 1.63336
2.191, 0, 0, 0, 0, 0, 0, 4.71299, 5.1196, 0, 4.1127, 0.376917, 0, 1.16666, 1.63415
2.192, 0, 0, 0, 0, 0, 0, 4.70809, 5.11212, 0, 4.11252, 0.376853, 0, 1.16517, 1.63489
2.193, 0, 0, 0, 0, 0, 0, 4.70582, 5.10298, 0, 4.11243, 0.377103, 0, 1.17325, 1.63738
2.194, 0, 0, 0, 0, 0, 0, 4.70102, 5.09375, 0, 4.11264, 0.377236, 0, 1.17142, 1.63834
2.195, 0, 0, 0, 0, 0, 0, 4.69418, 5.08935, 0, 4.11227, 0.376259, 0, 1.16969, 1.63936
2.196, 0, 0, 0, 0, 0, 0, 4.67994, 5.06261, 0, 4.11071, 0.37751, 0, 1.16813, 1.64051
2.197, 0, 0, 0, 0, 0, 0, 4.6754, 5.0475, 0, 4.11054, 0.376847, 0, 1.16594, 1.64063
2.198, 0, 0, 0, 0, 0, 0, 4.66903, 5.05594, 0, 4.11046, 0.375652, 0, 1.16376, 1.64161
2.199, 0, 0, 0, 0, 0, 0, 4.66642, 5.05578, 0, 4.11029, 0.375341, 0, 1.1616, 1.64335
2.2, 0, 0, 0, 0, 0, 0, 4.65823, 5.04303, 0, 4.11053, 0.375124, 0, 1.15981, 1.644
2.201, 0, 0, 0, 0, 0, 0, 4.65567, 5.02826, 0, 4.11024, 0.373462, 0, 1.15776, 1.64463
2.202, 0, 0, 0, 0, 0, 0, 4.64913, 5.0161, 0, 4.11015, 0.373316, 0, 1.16236, 1.64741
2.203, 0, 0, 0, 0, 0, 0, 4.64209, 5.0025, 0, 4.11138, 0.373457, 0, 1.15948, 1.64433
2.204, 0, 0, 0, 0, 0, 0, 4.64395, 4.98072, 0, 4.1136, 0.373383, 0, 1.15999, 1.64611
2.205, 0, 0, 0, 0, 0, 0, 4.63778, 4.97225, 0, 4.11355, 0.373115, 0, 1.15809, 1.64636
2.206, 0, 0, 0, 0, 0, 0, 4.63408, 4.96116, 0, 4.11359, 0.372821, 0, 1.1563, 1.64662
2.207, 0, 0, 0, 0, 0, 0, 4.71608, 4.96252, 0, 4.11217, 0.372531, 0, 1.15384, 1.64731
2.208, 0, 0, 0, 0, 0, 0, 4.70946, 4.94998, 0, 4.11263, 0.373037, 0, 1.15238, 1.64741
2.209, 0, 0, 0, 0, 0, 0, 4.70639, 4.93591, 0, 4.11295, 0.373432, 0, 1.15088, 1.64766
2.21, 0, 0, 0, 0, 0, 0, 4.69949, 4.92609, 0, 4.11287, 0.373527, 0, 1.14918, 1.64786
2.211, 0, 0, 0, 0, 0, 0, 4.59975, 4.89959, 0, 4.11022, 0.374773, 0, 1.14809, 1.648
2.212, 0, 0, 0, 0, 0, 0, 4.59115, 4.90995, 0, 4.10992, 0.37304, 0, 1.14612, 1.64794
2.213, 0, 0, 0, 0, 0, 0, 4.58425, 4.89824, 0, 4.10974, 0.3723, 0, 1.14436, 1.64824
2.214, 0, 0, 0, 0, 0, 0, 4.57514, 4.84185, 0, 4.10822, 0.372928, 0, 1.14408, 1.64975
2.215, 0, 0, 0, 0, 0, 0, 4.5825, 4.86509, 0, 4.11109, 0.369464, 0, 1.14106, 1.649
2.216, 0, 0, 0, 0, 0, 0, 4.57673, 4.85692, 0, 4.11162, 0.371774, 0, 1.14003, 1.64873
2.217, 0, 0, 0, 0, 0, 0, 4.5727, 4.84602, 0, 4.11192, 0.37241, 0, 1.13846, 1.64968
2.218, 0, 0, 0, 0, 0, 0, 4.56873, 4.83408, 0, 4.11213, 0.372666, 0, 1.13723, 1.6499
2.219, 0, 0, 0, 0, 0, 0, 4.56461, 4.82305, 0, 4.1102, 0.372651, 0, 1.13557, 1.6502
2.22, 0, 0, 0, 0, 0, 0, 4.5579, 4.81481, 0, 4.11047, 0.371181, 0, 1.13364, 1.65226
2.221, 0, 0, 0, 0, 0, 0, 4.55388, 4.809, 0, 4.11236, 0.371818, 0, 1.13191, 1.65428
2.222, 0, 0, 0, 0, 0, 0, 4.54684, 4.79796, 0, 4.11244, 0.371369, 0, 1.12139, 1.65477
2.223, 0, 0, 0, 0, 0, 0, 4.54378, 4.78788, 0, 4.11277, 0.371483, 0, 1.11992, 1.65466
2.224, 0, 0, 0, 0, 0, 0, 4.53998, 4.77506, 0, 4.11307, 0.371862, 0, 1.11876, 1.65547
2.225, 0, 0, 0, 0, 0, 0, 4.53696, 4.76606, 0, 4.11503, 0.371866, 0, 1.11729, 1.65535
2.226, 0, 0, 0, 0, 0, 0, 4.54218, 4.75508, 0, 4.1176, 0.37144, 0, 1.11602, 1.65544
2.227, 0, 0, 0, 0, 0, 0, 4.53753, 4.75139, 0, 4.1177, 0.371563, 0, 1.11452, 1.6557
2.228, 0, 0, 0, 0, 0, 0, 4.53456, 4.73949, 0, 4.11802, 0.371835, 0, 1.11359, 1.65581
2.229, 0, 0, 0, 0, 0, 0, 4.53135, 4.73009, 0, 4.11828, 0.372148, 0, 1.1117, 1.65554
2.23, 0, 0, 0, 0, 0, 0, 4.61071, 4.73756, 0, 4.1193, 0.372162, 0, 1.11035, 1.65618
2.231, 0, 0, 0, 0, 0, 0, 4.58807, 4.73102, 0, 4.11785, 0.372942, 0, 1.10863, 1.65653
2.232, 0, 0, 0, 0, 0, 0, 4.51, 4.79509, 0, 4.12008, 0.370346, 0, 1.10642, 1.65501
2.233, 0, 0, 0, 0, 0, 0, 4.71333, 4.61461, 0, 4.10962, 0.362551, 0, 1.10066, 1.65372
2.234, 0, 0, 0, 0, 0, 0, 4.72792, 4.57008, 0, 4.11698, 0.387122, 0, 1.11143, 1.65922
2.235, 0, 0, 0, 0, 0, 0, 4.71953, 4.56583, 0, 4.11638, 0.386034, 0, 1.10941, 1.65895
2.236, 0, 0, 0, 0, 0, 0, 4.78158, 4.57949, 0, 4.11801, 0.388222, 0, 1.10881, 1.65877
2.237, 0, 0, 0, 0, 0, 0, 4.7664, 4.56906, 0, 4.11837, 0.389593, 0, 1.10844, 1.66057
2.238, 0, 0, 0, 0, 0, 0, 4.74772, 4.56471, 0, 4.11776, 0.388346, 0, 1.10661, 1.66144
2.239, 0, 0, 0, 0, 0, 0, 4.7607, 4.57993, 0, 4.11751, 0.386893, 0, 1.10478, 1.66155
2.24, 0, 0, 0, 0, 0, 0, 4.73941, 4.5898, 0, 4.11766, 0.386606, 0, 1.10343, 1.6616
2.241, 0, 0, 0, 0, 0, 0, 4.72486, 4.59381, 0, 4.12077, 0.386482, 0, 1.10996, 1.66443
2.242, 0, 0, 0, 0, 0, 0, 4.68138, 4.59071, 0, 4.12051, 0.38686, 0, 1.10885, 1.66469
2.243, 0, 0, 0, 0, 0, 0, 4.73014, 4.615, 0, 4.12093, 0.385995, 0, 1.10726, 1.66497
2.244, 0, 0, 0, 0, 0, 0, 4.75929, 4.61418, 0, 4.12189, 0.385431, 0, 1.10543, 1.66503
2.245, 0, 0, 0, 0, 0, 0, 4.75384, 4.61059, 0, 4.12275, 0.385819, 0, 1.10545, 1.66511
2.246, 0, 0, 0, 0, 0, 0, 4.75027, 4.60696, 0, 4.12341, 0.386006, 0, 1.10441, 1.66523
2.247, 0, 0, 0, 0, 0, 0, 4.76016, 4.60263, 0, 4.12431, 0.387156, 0, 1.10311, 1.66524
2.248, 0, 0, 0, 0, 0, 0, 4.75397, 4.59387, 0, 4.12443, 0.387564, 0, 1.10204, 1.66523
2.249, 0, 0, 0, 0, 0, 0, 4.7344, 4.5916, 0, 4.12509, 0.386168, 0, 1.10019, 1.66413
2.25, 0, 0, 0, 0, 0, 0, 4.72754, 4.59517, 0, 4.12543, 0.386774, 0, 1.0991, 1.66835
2.251, 0, 0, 0, 0, 0, 0, 4.72207, 4.59509, 0, 4.12646, 0.386162, 0, 1.0989, 1.66831
2.252, 0, 0, 0, 0, 0, 0, 4.8822, 4.61443, 0, 4.12735, 0.385757, 0, 1.09775, 1.66808
2.253, 0, 0, 0, 0, 0, 0, 4.88022, 4.6136, 0, 4.1275, 0.386785, 0, 1.09666, 1.66772
2.254, 0, 0, 0, 0, 0, 0, 4.87921, 4.60263, 0, 4.12762, 0.387436, 0, 1.09581, 1.6661
2.255, 0, 0, 0, 0, 0, 0, 4.87842, 4.59052, 0, 4.12754, 0.387863, 0, 1.09494, 1.66487
2.256, 0, 0, 0, 0, 0, 0, 4.92868, 4.57351, 0, 4.12755, 0.388527, 0, 1.09419, 1.66484
2.257, 0, 0, 0, 0, 0, 0, 4.92399, 4.5591, 0, 4.12765, 0.38889, 0, 1.09399, 1.66376
2.258, 0, 0, 0, 0, 0, 0, 4.91901, 4.54793, 0, 4.12774, 0.389318, 0, 1.09312, 1.6638
2.259, 0, 0, 0, 0, 0, 0, 4.91781, 4.53991, 0, 4.12792, 0.390065, 0, 1.09234, 1.66463
2.26, 0, 0, 0, 0, 0, 0, 4.94148, 4.53056, 0, 4.12854, 0.390489, 0, 1.09167, 1.66437
2.261, 0, 0, 0, 0, 0, 0, 4.92789, 4.52345, 0, 4.13037, 0.391402, 0, 1.09354, 1.66615
2.262, 0, 0, 0, 0, 0, 0, 4.97515, 4.48621, 0, 4.13017, 0.391519, 0, 1.09252, 1.66743
2.263, 0, 0, 0, 0, 0, 0, 4.97489, 4.47617, 0, 4.13254, 0.39209, 0, 1.09169, 1.66723
2.264, 0, 0, 0, 0, 0, 0, 4.95785, 4.47545, 0, 4.1325, 0.392475, 0, 1.0896, 1.66299
2.265, 0, 0, 0, 0, 0, 0, 5.00388, 4.46043, 0, 4.13259, 0.392827, 0, 1.08831, 1.663
2.266, 0, 0, 0, 0, 0, 0, 4.94944, 4.46599, 0, 4.13283, 0.393475, 0, 1.0876, 1.66267
2.267, 0, 0, 0, 0, 0, 0, 4.95913, 4.45625, 0, 4.13316, 0.394091, 0, 1.08686, 1.66269
2.268, 0, 0, 0, 0, 0, 0, 4.98624, 4.41015, 0, 4.13463, 0.39558, 0, 1.08776, 1.66396
2.269, 0, 0, 0, 0, 0, 0, 4.94527, 4.41879, 0, 4.13429, 0.393767, 0, 1.08566, 1.66601
2.27, 0, 0, 0, 0, 0, 0, 4.95841, 4.40165, 0, 4.13494, 0.394481, 0, 1.08508, 1.66575
2.271, 0, 0, 0, 0, 0, 0, 4.9512, 4.39792, 0, 4.13462, 0.393935, 0, 1.08402, 1.66362
2.272, 0, 0, 0, 0, 0, 0, 4.93394, 4.38659, 0, 4.13601, 0.394155, 0, 1.08334, 1.6632
2.273, 0, 0, 0, 0, 0, 0, 4.92866, 4.37383, 0, 4.13637, 0.394611, 0, 1.08353, 1.66371
2.274, 0, 0, 0, 0, 0, 0, 4.92394, 4.36474, 0, 4.13734, 0.395493, 0, 1.08279, 1.66562
2.275, 0, 0, 0, 0, 0, 0, 4.91748, 4.35532, 0, 4.13784, 0.395986, 0, 1.08225, 1.66529
2.276, 0, 0, 0, 0, 0, 0, 4.9323, 4.34716, 0, 4.13859, 0.396645, 0, 1.08159, 1.66489
2.277, 0, 0, 0, 0, 0, 0, 4.92951, 4.33178, 0, 4.13933, 0.397592, 0, 1.08108, 1.66455
2.278, 0, 0, 0, 0, 0, 0, 4.92273, 4.31975, 0, 4.1396, 0.39838, 0, 1.08049, 1.66426
2.279, 0, 0, 0, 0, 0, 0, 4.917, 4.30845, 0, 4.14034, 0.399068, 0, 1.07976, 1.66407
2.28, 0, 0, 0, 0, 0, 0, 4.9341, 4.29196, 0, 4.14103, 0.399805, 0, 1.07906, 1.66362
2.281, 0, 0, 0, 0, 0, 0, 4.95272, 4.28491, 0, 4.14172, 0.400555, 0, 1.07851, 1.66323
2.282, 0, 0, 0, 0, 0, 0, 4.94963, 4.27798, 0, 4.14283, 0.401416, 0, 1.07853, 1.66313
2.283, 0, 0, 0, 0, 0, 0, 4.9487, 4.27273, 0, 4.14424, 0.401919, 0, 1.07816, 1.66254
2.284, 0, 0, 0, 0, 0, 0, 4.92697, 4.26717, 0, 4.14476, 0.402324, 0, 1.07762, 1.6622
2.285, 0, 0, 0, 0, 0, 0, 4.90892, 4.25297, 0, 4.14635, 0.403076, 0, 1.08023, 1.66989
2.286, 0, 0, 0, 0, 0, 0, 4.90304, 4.24844, 0, 4.14723, 0.403547, 0, 1.07987, 1.66977
2.287, 0, 0, 0, 0, 0, 0, 4.93279, 4.24593, 0, 4.14815, 0.404206, 0, 1.07912, 1.67029
2.288, 0, 0, 0, 0, 0, 0, 4.9242, 4.26478, 0, 4.14917, 0.404565, 0, 1.0783, 1.67026
2.289, 0, 0, 0, 0, 0, 0, 4.92107, 4.25803, 0, 4.15282, 0.406072, 0, 1.0787, 1.67005
2.29, 0, 0, 0, 0, 0, 0, 4.90862, 4.25403, 0, 4.15305, 0.406827, 0, 1.07822, 1.67007
2.291, 0, 0, 0, 0, 0, 0, 4.9022, 4.24665, 0, 4.15335, 0.407621, 0, 1.07779, 1.67011
2.292, 0, 0, 0, 0, 0, 0, 4.89526, 4.25998, 0, 4.15318, 0.407898, 0, 1.07685, 1.67033
2.293, 0, 0, 0, 0, 0, 0, 4.90789, 4.25114, 0, 4.15337, 0.407931, 0, 1.07643, 1.67042
2.294, 0, 0, 0, 0, 0, 0, 4.90157, 4.24471, 0, 4.1535, 0.40843, 0, 1.07414, 1.67295
2.295, 0, 0, 0, 0, 0, 0, 4.89469, 4.28295, 0, 4.15342, 0.408738, 0, 1.07346, 1.67786
2.296, 0, 0, 0, 0, 0, 0, 4.92539, 4.27176, 0, 4.15481, 0.409284, 0, 1.07324, 1.67216
2.297, 0, 0, 0, 0, 0, 0, 4.91367, 4.27118, 0, 4.15514, 0.409381, 0, 1.07247, 1.67734
2.298, 0, 0, 0, 0, 0, 0, 4.92064, 4.27029, 0, 4.15585, 0.409657, 0, 1.07196, 1.67652
2.299, 0, 0, 0, 0, 0, 0, 4.91003, 4.26234, 0, 4.1566, 0.411317, 0, 1.072, 1.67167
2.3, 0, 0, 0, 0, 0, 0, 4.90166, 4.26635, 0, 4.15587, 0.41193, 0, 1.07144, 1.67193
2.301, 0, 0, 0, 0, 0, 0, 4.8947, 4.25783, 0, 4.15602, 0.412011, 0, 1.07076, 1.67681
2.302, 0, 0, 0, 0, 0, 0, 4.89557, 4.25345, 0, 4.15655, 0.412068, 0, 1.07055, 1.67634
2.303, 0, 0, 0, 0, 0, 0, 4.88723, 4.24661, 0, 4.15739, 0.412481, 0, 1.07012, 1.6764
2.304, 0, 0, 0, 0, 0, 0, 4.88645, 4.24204, 0, 4.15775, 0.412872, 0, 1.06971, 1.67599
2.305, 0, 0, 0, 0, 0, 0, 4.87227, 4.21504, 0, 4.15767, 0.412926, 0, 1.06916, 1.67406
2.306, 0, 0, 0, 0, 0, 0, 4.9515, 4.18758, 0, 4.15908, 0.414153, 0, 1.06914, 1.67283
2.307, 0, 0, 0, 0, 0, 0, 4.9785, 4.15737, 0, 4.15907, 0.414141, 0, 1.06854, 1.6725
2.308, 0, 0, 0, 0, 0, 0, 4.97185, 4.14606, 0, 4.15961, 0.415199, 0, 1.06827, 1.67202
2.309, 0, 0, 0, 0, 0, 0, 4.96092, 4.13593, 0, 4.16114, 0.416063, 0, 1.06802, 1.67254
2.31, 0, 0, 0, 0, 0, 0, 4.9505, 4.11053, 0, 4.16236, 0.415458, 0, 1.06764, 1.67085
2.311, 0, 0, 0, 0, 0, 0, 4.93733, 4.1018, 0, 4.16348, 0.416889, 0, 1.06757, 1.67242
2.312, 0, 0, 0, 0, 0, 0, 4.9134, 4.09487, 0, 4.16456, 0.417911, 0, 1.06745, 1.67171
2.313, 0, 0, 0, 0, 0, 0, 4.90524, 4.07935, 0, 4.16581, 0.419089, 0, 1.06719, 1.67176
2.314, 0, 0, 0, 0, 0, 0, 4.92464, 4.8758, 0, 4.21654, 0.471745, 0, 1.08583, 1.66519
2.315, 0, 0, 0, 0, 0, 0, 4.92605, 4.12765, 0, 4.16672, 0.422757, 0, 1.06752, 1.67153
2.316, 0, 0, 0, 0, 0, 0, 5.01005, 4.41813, 0, 4.18638, 0.43497, 0, 1.07145, 1.66917
2.317, 0, 0, 0, 0, 0, 0, 4.99394, 4.42414, 0, 4.19241, 0.447784, 0, 1.07486, 1.66827
2.318, 0, 0, 0, 0, 0, 0, 4.97811, 4.40348, 0, 4.19271, 0.450354, 0, 1.07532, 1.66909
2.319, 0, 0, 0, 0, 0, 0, 4.96731, 4.37862, 0, 4.19266, 0.450126, 0, 1.07474, 1.6685
2.32, 0.299353, 0, 0, 0, 0, 0, 4.95682, 4.35988, 0, 4.19252, 0.450704, 0, 1.07456, 1.66768
2.321, 0.274377, 0, 0, 0, 0, 0, 4.94786, 4.34861, 0, 4.19161, 0.449544, 0, 1.0739, 1.66664
2.322, 0.253463, 0, 0, 0, 0, 0, 4.9307, 4.33788, 0, 4.19054, 0.449517, 0, 1.07343, 1.66669
2.323, 0.223041, 0, 0, 0, 0, 0, 4.91924, 4.33008, 0, 4.19062, 0.449879, 0, 1.07322, 1.66617
2.324, 0.207227, 0, 0, 0, 0, 0, 4.92902, 4.33739, 0, 4.18999, 0.448716, 0, 1.07243, 1.66665
2.325, 0.19024, 0, 0, 0, 0, 0, 4.91767, 4.32709, 0, 4.19234, 0.448086, 0, 1.0723, 1.66611
2.326, 0.181295, 0, 0, 0, 0, 0, 4.91169, 4.31637, 0, 4.19501, 0.447891, 0, 1.07218, 1.66753
2.327, 0.165987, 0, 0, 0, 0, 0, 4.90226, 4.30671, 0, 4.19501, 0.447234, 0, 1.07217, 1.66835
2.328, 0.160387, 0, 0, 0, 0, 0, 4.92203, 4.28723, 0, 4.19583, 0.446835, 0, 1.07217, 1.66737
2.329, 0.150207, 0, 0, 0, 0, 0, 4.90473, 4.27516, 0, 4.19656, 0.446577, 0, 1.07176, 1.66782
2.33, 0.139672, 0, 0, 0, 0, 0, 4.9168, 4.26215, 0, 4.19706, 0.446049, 0, 1.07124, 1.66669
2.331, 0.123968, 0, 0, 0, 0, 0, 4.9105, 4.25973, 0, 4.19748, 0.445745, 0, 1.07117, 1.6658
2.332, 0.108864, 0, 0, 0, 0, 0, 4.89316, 4.23798, 0, 4.19874, 0.446908, 0, 1.07163, 1.66508
2.333, 0.107163, 0, 0, 0, 0, 0, 4.87435, 4.21795, 0, 4.19736, 0.445653, 0, 1.07132, 1.66462
2.334, 0.0951288, 0, 0, 0, 0, 0, 4.86179, 4.20428, 0, 4.19822, 0.444966, 0, 1.07111, 1.66383
2.335, 0.942914, 0, 0, 0, 0, 0, 4.87054, 4.96671, 0, 4.24922, 0.485706, 0, 1.08468, 1.65986
2.336, 0, 0, 0, 0, 0, 0, 4.83573, 4.33511, 0, 4.21173, 0.461604, 0, 1.07625, 1.66197
2.337, 0, 0, 0, 0, 0, 0, 5.16761, 4.22363, 0, 4.19982, 0.449183, 0, 1.0724, 1.66127
2.338, 0, 0, 0, 0, 0, 0, 5.15326, 4.20822, 0, 4.19819, 0.445666, 0, 1.07101, 1.66035
2.339, 0, 0, 0, 0, 0, 0, 5.14787, 4.1907, 0, 4.19853, 0.44626, 0, 1.07147, 1.6595
2.34, 0, 0, 0, 0, 0, 0, 5.17269, 4.1747, 0, 4.19796, 0.445436, 0, 1.07154, 1.65897
2.341, 0, 0, 0, 0, 0, 0, 5.16257, 4.16579, 0, 4.20197, 0.448252, 0, 1.07151, 1.65751
2.342, 0, 0, 0, 0, 0, 0, 5.1466, 4.15927, 0, 4.20234, 0.44855, 0, 1.07179, 1.65678
2.343, 0, 0, 0, 0, 0, 0, 5.14603, 4.1587, 0, 4.20191, 0.448285, 0, 1.07186, 1.6562
2.344, 0, 0, 0, 0, 0, 0, 5.13326, 4.14839, 0, 4.20383, 0.447749, 0, 1.07205, 1.65555
2.345, 0, 0, 0, 0, 0, 0, 5.26994, 4.16556, 0, 4.20394, 0.445336, 0, 1.07172, 1.65479
2.346, 0, 0, 0, 0, 0, 0, 5.27208, 4.15628, 0, 4.20464, 0.44445, 0, 1.07201, 1.65453
2.347, 0, 0, 0, 0, 0, 0, 5.26226, 4.14481, 0, 4.20529, 0.444115, 0, 1.07213, 1.65428
2.348, 0, 0, 0, 0, 0, 0, 5.25885, 4.13755, 0, 4.20567, 0.443066, 0, 1.07232, 1.65357
2.349, 0, 0, 0, 0, 0, 0, 5.25083, 4.12922, 0, 4.20585, 0.442521, 0, 1.0724, 1.65301
2.35, 0, 0, 0, 0, 0, 0, 5.24122, 4.1189, 0, 4.20608, 0.442239, 0, 1.07266, 1.65304
2.351, 0, 0, 0, 0, 0, 0, 5.23371, 4.12197, 0, 4.20709, 0.441078, 0, 1.07269, 1.65254
2.352, 0, 0, 0, 0, 0, 0, 5.22693, 4.1151, 0, 4.20792, 0.440021, 0, 1.07328, 1.65428
2.353, 0, 0, 0, 0, 0, 0, 5.23281, 4.12134, 0, 4.20843, 0.437236, 0, 1.07328, 1.65343
2.354, 0, 0, 0, 0, 0, 0, 5.20948, 4.11488, 0, 4.20903, 0.435978, 0, 1.07338, 1.65281
2.355, 0, 0, 0, 0, 0, 0, 5.20025, 4.10964, 0, 4.20969, 0.434629, 0, 1.07309, 1.65218
2.356, 0, 0, 0, 0, 0, 0, 5.18796, 4.09783, 0, 4.20988, 0.434233, 0, 1.07345, 1.65471
2.357, 0, 0, 0, 0, 0, 0, 5.18019, 4.09013, 0, 4.21239, 0.433008, 0, 1.07339, 1.65386
2.358, 0, 0, 0, 0, 0, 0, 5.16654, 4.06352, 0, 4.21231, 0.432683, 0, 1.07375, 1.65374
2.359, 0, 0, 0, 0, 0, 0, 5.15694, 4.06062, 0, 4.21224, 0.432685, 0, 1.07597, 1.65352
2.36, 0, 0, 0, 0, 0, 0, 5.19381, 4.05249, 0, 4.21274, 0.431181, 0, 1.0757, 1.65272
2.361, 0, 0, 0, 0, 0, 0, 5.14044, 4.02938, 0, 4.21184, 0.430252, 0, 1.07572, 1.65198
2.362, 0, 0, 0, 0, 0, 0, 5.13631, 4.01646, 0, 4.21247, 0.429777, 0, 1.0757, 1.65117
2.363, 0, 0, 0, 0, 0, 0, 5.13988, 4.00343, 0, 4.21198, 0.428751, 0, 1.07575, 1.65081
2.364, 0, 0, 0, 0, 0, 0, 5.12548, 3.99995, 0, 4.20931, 0.428355, 0, 1.07576, 1.65005
2.365, 0, 0, 0, 0, 0, 0, 5.1171, 3.98376, 0, 4.21211, 0.428216, 0, 1.0758, 1.65084
2.366, 0, 0, 0, 0, 0, 0, 5.10554, 3.96534, 0, 4.21208, 0.426792, 0, 1.07611, 1.64941
2.367, 0, 0, 0, 0, 0, 0, 5.09513, 3.95275, 0, 4.21071, 0.42552, 0, 1.0762, 1.6483
2.368, 0, 0, 0, 0, 0, 0, 5.11858, 3.9389, 0, 4.2099, 0.422831, 0, 1.07625, 1.6471
2.369, 0, 0, 0, 0, 0, 0, 5.10251, 3.9295, 0, 4.20924, 0.420575, 0, 1.07619, 1.64797
2.37, 0, 0, 0, 0, 0, 0, 5.09479, 3.91801, 0, 4.20939, 0.419515, 0, 1.07624, 1.64668
2.371, 0, 0, 0, 0, 0, 0, 5.11013, 3.91854, 0, 4.20952, 0.419574, 0, 1.07617, 1.64539
2.372, 0, 0, 0, 0, 0, 0, 5.10159, 3.90822, 0, 4.20984, 0.419609, 0, 1.07666, 1.64478
2.373, 0, 0, 0, 0, 0, 0, 5.09631, 3.89829, 0, 4.20971, 0.41896, 0, 1.07667, 1.64501
2.374, 0, 0, 0, 0, 0, 0, 5.09212, 3.89017, 0, 4.20925, 0.418102, 0, 1.07646, 1.64392
2.375, 0, 0, 0, 0, 0, 0, 5.08176, 3.88262, 0, 4.20752, 0.417015, 0, 1.07684, 1.64241
2.376, 0, 0, 0, 0, 0, 0, 5.07663, 3.87522, 0, 4.20718, 0.416002, 0, 1.07692, 1.64193
2.377, 0, 0, 0, 0, 0, 0, 5.06868, 3.89676, 0, 4.2067, 0.415715, 0, 1.07735, 1.64104
2.378, 0, 0, 0, 0, 0, 0, 5.06414, 3.89083, 0, 4.20601, 0.415312, 0, 1.07751, 1.63988
2.379, 0, 0, 0, 0, 0, 0, 5.06131, 3.8873, 0, 4.20537, 0.414563, 0, 1.07754, 1.6387
2.38, 0, 0, 0, 0, 0, 0, 5.05117, 3.88446, 0, 4.20509, 0.41474, 0, 1.07724, 1.6373
2.381, 0, 0, 0, 0, 0, 0, 5.08566, 3.88713, 0, 4.20648, 0.412529, 0, 1.07747, 1.63621
2.382, 0, 0, 0, 0, 0, 0, 5.07788, 3.90532, 0, 4.20601, 0.411978, 0, 1.07772, 1.63524
2.383, 0, 0, 0, 0, 0, 0, 5.06823, 3.90678, 0, 4.20559, 0.411302, 0, 1.07782, 1.63414
2.384, 0, 0, 0, 0, 0, 0, 5.11797, 3.8897, 0, 4.20559, 0.410235, 0, 1.07801, 1.63468
2.385, 0, 0, 0, 0, 0, 0, 5.06176, 3.87704, 0, 4.20118, 0.409948, 0, 1.0783, 1.63382
2.386, 0, 0, 0, 0, 0, 0, 5.05777, 3.87031, 0, 4.20125, 0.409495, 0, 1.07851, 1.63295
2.387, 0, 0, 0, 0, 0, 0, 5.04554, 3.85797, 0, 4.20099, 0.409212, 0, 1.07864, 1.63195
2.388, 0, 0, 0, 0, 0, 0, 5.03209, 3.8508, 0, 4.1908, 0.409668, 0, 1.07879, 1.63114
2.389, 0, 0, 0, 0, 0, 0, 5.02951, 3.84126, 0, 4.19448, 0.409929, 0, 1.08643, 1.63147
2.39, 0, 0, 0, 0, 0, 0, 5.01588, 3.851, 0, 4.1881, 0.408777, 0, 1.08664, 1.63064
2.391, 0, 0, 0, 0, 0, 0, 5.01854, 3.90869, 0, 4.18747, 0.408514, 0, 1.08655, 1.63139
2.392, 0, 0, 0, 0, 0, 0, 5.00884, 3.90688, 0, 4.18689, 0.408519, 0, 1.08669, 1.63057
2.393, 0, 0, 0, 0, 0, 0, 5.00244, 3.90575, 0, 4.1872, 0.408686, 0, 1.08687, 1.62957
2.394, 0, 0, 0, 0, 0, 0, 4.99756, 3.90336, 0, 4.18614, 0.409765, 0, 1.08697, 1.62859
2.395, 0, 0, 0, 0, 0, 0, 5.10853, 3.89429, 0, 4.18708, 0.409062, 0, 1.08732, 1.62778
2.396, 0, 0, 0, 0, 0, 0, 5.10882, 3.9124, 0, 4.18684, 0.409046, 0, 1.08776, 1.63238
2.397, 0, 0, 0, 0, 0, 0, 5.11235, 3.91489, 0, 4.18679, 0.408291, 0, 1.08774, 1.63132
2.398, 0, 0, 0, 0, 0, 0, 5.10433, 3.92319, 0, 4.18615, 0.408261, 0, 1.08783, 1.63022
2.399, 0, 0, 0, 0, 0, 0, 5.09304, 3.9244, 0, 4.18554, 0.408645, 0, 1.08792, 1.62925
2.4, 0, 0, 0, 0, 0, 0, 5.08636, 3.92467, 0, 4.18536, 0.407812, 0, 1.08782, 1.62779
2.401, 0, 0, 0, 0, 0, 0, 5.07754, 3.92724, 0, 4.18514, 0.407005, 0, 1.08806, 1.62674
2.402, 0, 0, 0, 0, 0, 0, 5.077, 3.97366, 0, 4.18499, 0.405383, 0, 1.08787, 1.62553
2.403, 0, 0, 0, 0, 0, 0, 5.06276, 3.98567, 0, 4.18521, 0.406338, 0, 1.08847, 1.62465
2.404, 0, 0, 0, 0, 0, 0, 5.05334, 3.91778, 0, 4.18442, 0.407427, 0, 1.0888, 1.62557
2.405, 0, 0, 0, 0, 0, 0, 5.01963, 3.91783, 0, 4.18464, 0.407376, 0, 1.08888, 1.62436
2.406, 0, 0, 0, 0, 0, 0, 4.99784, 3.49115, 0, 4.15057, 0.374693, 0, 1.07846, 1.62557
2.407, 0, 0, 0, 0, 0, 0, 5.0088, 3.90957, 0, 4.18002, 0.398235, 0, 1.08692, 1.62179
2.408, 0, 0, 0, 0, 0, 0, 5.00218, 4.00746, 0, 4.18193, 0.401341, 0, 1.08825, 1.62053
2.409, 0, 0, 0, 0, 0, 0, 4.99382, 4.0147, 0, 4.18156, 0.402329, 0, 1.08845, 1.61947
2.41, 0, 0, 0, 0, 0, 0, 4.98746, 4.01807, 0, 4.18099, 0.402365, 0, 1.08857, 1.61839
2.411, 0, 0, 0, 0, 0, 0, 4.98051, 4.02222, 0, 4.1814, 0.401897, 0, 1.09061, 1.61767
2.412, 0, 0, 0, 0, 0, 0, 4.97293, 4.02733, 0, 4.18214, 0.402269, 0, 1.09065, 1.61682
2.413, 0, 0, 0, 0, 0, 0, 5.00205, 4.02992, 0, 4.18129, 0.402053, 0, 1.09065, 1.6158
2.414, 0, 0, 0, 0, 0, 0, 5.10056, 4.02529, 0, 4.17976, 0.402639, 0, 1.08903, 1.61536
2.415, 0, 0, 0, 0, 0, 0, 5.12498, 4.0328, 0, 4.18203, 0.402865, 0, 1.08899, 1.61689
2.416, 0, 0, 0, 0, 0, 0, 5.11943, 4.03848, 0, 4.18237, 0.402764, 0, 1.08894, 1.6158
2.417, 0, 0, 0, 0, 0, 0, 5.10636, 4.04578, 0, 4.18168, 0.403099, 0, 1.08907, 1.61461
2.418, 0, 0, 0, 0, 0, 0, 5.09481, 4.0507, 0, 4.18133, 0.403432, 0, 1.08939, 1.61327
2.419, 0, 0, 0, 0, 0, 0, 5.09095, 4.063, 0, 4.18245, 0.403373, 0, 1.09087, 1.61318
2.42, 0, 0, 0, 0, 0, 0, 5.08545, 4.06911, 0, 4.1821, 0.40266, 0, 1.09109, 1.61195
2.421, 0, 0, 0, 0, 0, 0, 5.07878, 4.07793, 0, 4.18048, 0.400184, 0, 1.09141, 1.61022
2.422, 0, 0, 0, 0, 0, 0, 5.07319, 4.08622, 0, 4.1797, 0.400086, 0, 1.09142, 1.61165
2.423, 0, 0, 0, 0, 0, 0, 5.0698, 4.09484, 0, 4.1801, 0.400399, 0, 1.09284, 1.61048
2.424, 0, 0, 0, 0, 0, 0, 5.06197, 4.10254, 0, 4.18048, 0.400204, 0, 1.09274, 1.61016
2.425, 0, 0, 0, 0, 0, 0, 5.05548, 4.16388, 0, 4.17905, 0.399358, 0, 1.09247, 1.60957
2.426, 0, 0, 0, 0, 0, 0, 5.04613, 4.16593, 0, 4.17915, 0.399332, 0, 1.0923, 1.60807
2.427, 0, 0, 0, 0, 0, 0, 5.03937, 4.10723, 0, 4.17838, 0.399061, 0, 1.09246, 1.60664
2.428, 0, 0, 0, 0, 0, 0, 5.04082, 4.17504, 0, 4.17755, 0.397287, 0, 1.09275, 1.60561
2.429, 0, 0, 0, 0, 0, 0, 5.03427, 4.11719, 0, 4.17743, 0.397997, 0, 1.09289, 1.60732
2.43, 0, 0, 0, 0, 0, 0, 5.02656, 4.12184, 0, 4.17697, 0.399214, 0, 1.09282, 1.60516
2.431, 0, 0, 0, 0, 0, 0, 5.09807, 4.12814, 0, 4.17644, 0.399659, 0, 1.09313, 1.6042
2.432, 0, 0, 0, 0, 0, 0, 5.0936, 4.13275, 0, 4.17772, 0.400278, 0, 1.09339, 1.60272
2.433, 0, 0, 0, 0, 0, 0, 5.07813, 4.13929, 0, 4.17655, 0.400334, 0, 1.09443, 1.60103
2.434, 0, 0, 0, 0, 0, 0, 5.07166, 4.1432, 0, 4.17658, 0.400469, 0, 1.09465, 1.59961
2.435, 0, 0, 0, 0, 0, 0, 5.06657, 4.26055, 0, 4.18327, 0.408459, 0, 1.09746, 1.59771
2.436, 0, 0, 0, 0, 0, 0, 5.05476, 4.1927, 0, 4.17671, 0.402203, 0, 1.09556, 1.59631
2.437, 0, 0, 0, 0, 0, 0, 5.05149, 4.19772, 0, 4.17619, 0.403263, 0, 1.0962, 1.59495
2.438, 0, 0, 0, 0, 0, 0, 5.04245, 4.19832, 0, 4.17561, 0.403651, 0, 1.09651, 1.5937
2.439, 0, 0, 0, 0, 0, 0, 5.03436, 4.2064, 0, 4.17669, 0.402717, 0, 1.09693, 1.59201
2.44, 0, 0, 0, 0, 0, 0, 5.02987, 4.21239, 0, 4.17594, 0.401762, 0, 1.0973, 1.59294
2.441, 0, 0, 0, 0, 0, 0, 5.02016, 4.21786, 0, 4.16894, 0.401642, 0, 1.09746, 1.59156
2.442, 0, 0, 0, 0, 0, 0, 5.0127, 4.22416, 0, 4.16798, 0.401303, 0, 1.09765, 1.59127
2.443, 0, 0, 0, 0, 0, 0, 5.00645, 4.23079, 0, 4.16721, 0.401012, 0, 1.09792, 1.58986
2.444, 0, 0, 0, 0, 0, 0, 4.99632, 4.23895, 0, 4.16754, 0.401095, 0, 1.09825, 1.58856
2.445, 0, 0, 0, 0, 0, 0, 4.99281, 4.25748, 0, 4.16636, 0.400845, 0, 1.09823, 1.58727
2.446, 0, 0, 0, 0, 0, 0, 4.98899, 4.26227, 0, 4.16619, 0.400779, 0, 1.1005, 1.58637
2.447, 0, 0, 0, 0, 0, 0, 4.98493, 4.26827, 0, 4.16534, 0.400259, 0, 1.10075, 1.58515
2.448, 0, 0, 0, 0, 0, 0, 4.98275, 4.28213, 0, 4.16463, 0.399519, 0, 1.10102, 1.5837
2.449, 0, 0, 0, 0, 0, 0, 4.98381, 4.28975, 0, 4.16388, 0.396733, 0, 1.10126, 1.5824
2.45, 0, 0, 0, 0, 0, 0, 4.97985, 4.29525, 0, 4.16299, 0.396974, 0, 1.10144, 1.58228
2.451, 0, 0, 0, 0, 0, 0, 4.96927, 4.30075, 0, 4.16219, 0.396988, 0, 1.10172, 1.58104
2.452, 0, 0, 0, 0, 0, 0, 4.96922, 4.30766, 0, 4.16208, 0.396847, 0, 1.1018, 1.58009
2.453, 0, 0, 0, 0, 0, 0, 4.96502, 4.3139, 0, 4.16981, 0.400673, 0, 1.1021, 1.57842
2.454, 0, 0, 0, 0, 0, 0, 4.96096, 4.32314, 0, 4.16951, 0.400649, 0, 1.10238, 1.57708
2.455, 0, 0, 0, 0, 0, 0, 4.95862, 4.32904, 0, 4.16892, 0.40076, 0, 1.10266, 1.57593
2.456, 0, 0, 0, 0, 0, 0, 4.9548, 4.33327, 0, 4.1678, 0.400718, 0, 1.10265, 1.57495
2.457, 0, 0, 0, 0, 0, 0, 4.96914, 4.34489, 0, 4.16723, 0.399632, 0, 1.10216, 1.57372
2.458, 0, 0, 0, 0, 0, 0, 4.96486, 4.36609, 0, 4.16666, 0.399107, 0, 1.10221, 1.57341
2.459, 0, 0, 0, 0, 0, 0, 4.96115, 4.37862, 0, 4.16706, 0.399517, 0, 1.10221, 1.5762
2.46, 0, 0, 0, 0, 0, 0, 4.95455, 4.33046, 0, 4.16707, 0.399299, 0, 1.10253, 1.57481
2.461, 0, 0, 0, 0, 0, 0, 4.95122, 4.33091, 0, 4.16705, 0.40007, 0, 1.10277, 1.57326
2.462, 0, 0, 0, 0, 0, 0, 4.94527, 4.27334, 0, 4.15423, 0.38883, 0, 1.09951, 1.57255
2.463, 0, 0, 0, 0, 0, 0, 4.93906, 4.40892, 0, 4.16587, 0.398019, 0, 1.1035, 1.57052
2.464, 0, 0, 0, 0, 0, 0, 4.9333, 4.41394, 0, 4.16535, 0.398124, 0, 1.10377, 1.6634
2.465, 0, 0, 0, 0, 0, 0, 4.9247, 4.41941, 0, 4.16493, 0.398478, 0, 1.10403, 1.66227
2.466, 0, 0, 0, 0, 0, 0, 4.92018, 4.42647, 0, 4.16481, 0.399533, 0, 1.10441, 1.66108
2.467, 0, 0, 0, 0, 0, 0, 4.91398, 4.43996, 0, 4.16432, 0.400501, 0, 1.10492, 1.65909
2.468, 0, 0, 0, 0, 0, 0, 4.9083, 4.43511, 0, 4.16392, 0.400861, 0, 1.10532, 1.65783
2.469, 0, 0, 0, 0, 0, 0, 4.90222, 4.43916, 0, 4.16453, 0.400593, 0, 1.1058, 1.6563
2.47, 0, 0, 0, 0, 0, 0, 4.87395, 4.48899, 0, 4.16484, 0.400699, 0, 1.10626, 1.65533
2.471, 0, 0, 0, 0, 0, 0, 4.88888, 4.49408, 0, 4.15958, 0.401408, 0, 1.10663, 1.65429
2.472, 0, 0, 0, 0, 0, 0, 4.88213, 4.49471, 0, 4.16011, 0.402055, 0, 1.10685, 1.65524
2.473, 0, 0, 0, 0, 0, 0, 4.87831, 4.49937, 0, 4.16131, 0.401792, 0, 1.10733, 1.65403
2.474, 0, 0, 0, 0, 0, 0, 4.86427, 4.62495, 0, 4.15806, 0.398872, 0, 1.10676, 1.6534
2.475, 0, 0, 0, 0, 0, 0, 4.85263, 4.51516, 0, 4.16253, 0.400516, 0, 1.11177, 1.65219
2.476, 0, 0, 0, 0, 0, 0, 4.84281, 4.63767, 0, 4.16095, 0.396735, 0, 1.11099, 1.65159
2.477, 0, 0, 0, 0, 0, 0, 4.83223, 4.63301, 0, 4.16138, 0.397013, 0, 1.11151, 1.64985
2.478, 0, 0, 0, 0, 0, 0, 4.82184, 4.62812, 0, 4.16055, 0.397511, 0, 1.11182, 1.64843
2.479, 0, 0, 0, 0, 0, 0, 4.81115, 4.63538, 0, 4.16297, 0.398484, 0, 1.11219, 1.64733
2.48, 0, 0, 0, 0, 0, 0, 4.8009, 4.64051, 0, 4.16218, 0.398826, 0, 1.11272, 1.64648
2.481, 0, 0, 0, 0, 0, 0, 4.79159, 4.64838, 0, 4.16348, 0.399469, 0, 1.11312, 1.64524
2.482, 0, 0, 0, 0, 0, 0, 4.77806, 4.67255, 0, 4.163, 0.399425, 0, 1.11335, 1.64405
2.483, 0.571589, 0, 0, 0, 0, 0, 4.77337, 4.94471, 0, 4.18625, 0.416199, 0, 1.11924, 1.64311
2.484, 0.588375, 0, 0, 0, 0, 0, 4.77342, 5.00251, 0, 4.1903, 0.425555, 0, 1.12202, 1.6439
2.485, 0.581648, 0, 0, 0, 0, 0, 4.76888, 5.00522, 0, 4.19088, 0.425921, 0, 1.12234, 1.64199
2.486, 0.538469, 0, 0, 0, 0, 0, 4.76603, 4.99761, 0, 4.1868, 0.42514, 0, 1.12234, 1.64079
2.487, 0.50148, 0, 0, 0, 0, 0, 4.75615, 4.98416, 0, 4.19833, 0.429293, 0, 1.12249, 1.63968
2.488, 0.469124, 0, 0, 0, 0, 0, 4.75111, 4.98067, 0, 4.19715, 0.429029, 0, 1.12256, 1.63855
2.489, 0.439439, 0, 0, 0, 0, 0, 4.73722, 4.97914, 0, 4.19626, 0.429159, 0, 1.12286, 1.63567
2.49, 0.41153, 0, 0, 0, 0, 0, 4.74517, 4.97911, 0, 4.1954, 0.429505, 0, 1.12308, 1.6345
2.491, 0.385456, 0, 0, 0, 0, 0, 4.74309, 4.97756, 0, 4.19284, 0.42991, 0, 1.12346, 1.63289
2.492, 0.361593, 0, 0, 0, 0, 0, 4.73363, 4.97181, 0, 4.19193, 0.43126, 0, 1.1238, 1.63157
2.493, 0.339794, 0, 0, 0, 0, 0, 4.66153, 4.95096, 0, 4.19194, 0.432404, 0, 1.1243, 1.63067
2.494, 0.320045, 0, 0, 0, 0, 0, 4.65643, 4.95082, 0, 4.18539, 0.433016, 0, 1.12445, 1.62981
2.495, 0.302076, 0, 0, 0, 0, 0, 4.64829, 4.95082, 0, 4.18633, 0.433518, 0, 1.13119, 1.62986
2.496, 0.285386, 0, 0, 0, 0, 0, 4.64169, 4.91328, 0, 4.1864, 0.434132, 0, 1.13145, 1.63028
2.497, 0.270317, 0, 0, 0, 0, 0, 4.63176, 4.91522, 0, 4.30998, 0.412054, 0, 1.12512, 1.62773
2.498, 0.255798, 0, 0, 0, 0, 0, 4.62514, 4.91655, 0, 4.30849, 0.410623, 0, 1.12527, 1.62666
2.499, 0.243352, 0, 0, 0, 0, 0, 4.54309, 4.97056, 0, 4.3065, 0.409024, 0, 1.12543, 1.62357
2.5, 0.231578, 0, 0, 0, 0, 0, 4.5348, 4.8946, 0, 4.30353, 0.408108, 0, 1.1258, 1.62213
2.501, 0.2199, 0, 0, 0, 0, 0, 4.50353, 4.9719, 0, 4.30565, 0.408284, 0, 1.12667, 1.62095
2.502, 0.21007, 0, 0, 0, 0, 0, 4.49585, 5.00097, 0, 4.32241, 0.404276, 0, 1.12704, 1.61964
2.503, 0.201053, 0, 0, 0, 0, 0, 4.48872, 5.00034, 0, 4.32157, 0.405545, 0, 1.12737, 1.6183
2.504, 0.194847, 0, 0, 0, 0, 0, 4.47895, 5.1077, 0, 4.31758, 0.402267, 0, 1.127, 1.61858
2.505, 0.185136, 0, 0, 0, 0, 0, 4.4664, 5.01398, 0, 4.31974, 0.406527, 0, 1.12839, 1.61715
2.506, 0.182852, 0, 0, 0, 0, 0, 4.45087, 5.11636, 0, 4.20092, 0.42574, 0, 1.12805, 1.6166
2.507, 0.181705, 0, 0, 0, 0, 0, 4.54577, 5.12922, 0, 4.20322, 0.428025, 0, 1.12898, 1.61591
2.508, 0.180183, 0, 0, 0, 0, 0, 4.53706, 5.12077, 0, 4.25099, 0.421445, 0, 1.12965, 1.61526
2.509, 0.17908, 0, 0, 0, 0, 0, 4.52272, 5.12332, 0, 4.25242, 0.420419, 0, 1.12997, 1.6139
2.51, 0.178394, 0, 0, 0, 0, 0, 4.50595, 5.1238, 0, 4.25186, 0.421333, 0, 1.13048, 1.61256
2.511, 0.177968, 0, 0, 0, 0, 0, 4.49326, 5.11105, 0, 4.25098, 0.422995, 0, 1.13101, 1.61141
2.512, 0.178165, 0, 0, 0, 0, 0, 4.47632, 5.21515, 0, 4.24499, 0.423923, 0, 1.13179, 1.60911
2.513, 0.178902, 0, 0, 0, 0, 0, 4.46856, 5.24726, 0, 4.29389, 0.419264, 0, 1.13287, 1.60799
2.514, 0.179947, 0, 0, 0, 0, 0, 4.45971, 5.24551, 0, 4.29279, 0.419777, 0, 1.13321, 1.60748
2.515, 0.181555, 0, 0, 0, 0, 0, 4.45201, 5.24189, 0, 4.29359, 0.420124, 0, 1.13361, 1.60593
2.516, 0.000897972, 0, 0, 0, 0, 0, 4.4611, 5.28006, 0, 4.31266, 0.419666, 0, 1.13519, 1.60542
2.517, 0, 0, 0, 0, 0, 0, 4.45335, 5.24048, 0, 4.32115, 0.415327, 0, 1.13459, 1.60499
2.518, 0, 0, 0, 0, 0, 0, 4.44835, 5.25547, 0, 4.33018, 0.412928, 0, 1.13436, 1.60332
2.519, 0.00563191, 0, 0, 0, 0, 0, 4.43968, 5.24113, 0, 4.30419, 0.416904, 0, 1.13472, 1.60259
2.52, 0.0106396, 0, 0, 0, 0, 0, 4.44299, 5.2388, 0, 4.31466, 0.415321, 0, 1.13537, 1.60104
2.521, 0.0138341, 0, 0, 0, 0, 0, 4.43447, 5.22706, 0, 4.31356, 0.416052, 0, 1.13608, 1.59967
2.522, 0.014917, 0, 0, 0, 0, 0, 4.40475, 5.2106, 0, 4.33171, 0.413855, 0, 1.13699, 1.59819
2.523, 0.0152879, 0, 0, 0, 0, 0, 4.39622, 5.21478, 0, 4.32798, 0.415067, 0, 1.13777, 1.59799
2.524, 0.0146103, 0, 0, 0, 0, 0, 4.38418, 5.2004, 0, 4.32421, 0.418044, 0, 1.13885, 1.59629
2.525, 0.0155721, 0, 0, 0, 0, 0, 4.37911, 5.19936, 0, 4.31953, 0.419838, 0, 1.13953, 1.596
2.526, 0.0167498, 0, 0, 0, 0, 0, 4.37935, 5.19189, 0, 4.27464, 0.427138, 0, 1.14021, 1.5957
2.527, 0.0181398, 0, 0, 0, 0, 0, 4.37105, 5.18941, 0, 4.26959, 0.428089, 0, 1.14129, 1.59452
2.528, 0.0194102, 0, 0, 0, 0, 0, 4.36113, 5.14413, 0, 4.29652, 0.429288, 0, 1.14232, 1.59367
2.529, 0.0207238, 0, 0, 0, 0, 0, 4.35069, 5.14154, 0, 4.29722, 0.431442, 0, 1.14303, 1.59215
2.53, 0.0221205, 0, 0, 0, 0, 0, 4.34168, 5.14135, 0, 4.28629, 0.43249, 0, 1.14349, 1.59064
2.531, 0.0235438, 0, 0, 0, 0, 0, 4.33357, 5.14165, 0, 4.28625, 0.435481, 0, 1.14426, 1.58918
2.532, 0.0246657, 0, 0, 0, 0, 0, 4.32454, 5.12957, 0, 4.30987, 0.447525, 0, 1.14497, 1.58875
2.533, 0.0274555, 0, 0, 0, 0, 0, 4.3087, 5.23914, 0, 4.30747, 0.446078, 0, 1.14492, 1.58775
2.534, 0.0276999, 0, 0, 0, 0, 0, 4.28847, 5.24513, 0, 4.30729, 0.445426, 0, 1.14576, 1.58639
2.535, 0.0281909, 0, 0, 0, 0, 0, 4.27021, 5.24256, 0, 4.42754, 0.486473, 0, 1.14579, 1.58564
2.536, 0.130578, 0, 0, 0, 0, 0, 4.2527, 5.22983, 0, 4.42703, 0.491309, 0, 1.1469, 1.58496
2.537, 0.179008, 0, 0, 0, 0, 0, 4.23817, 5.23033, 0, 4.42066, 0.495902, 0, 1.14868, 1.5841
2.538, 0.195851, 0, 0, 0, 0, 0, 4.21659, 5.21356, 0, 4.41669, 0.499056, 0, 1.14989, 1.58312
2.539, 0.197462, 0, 0, 0, 0, 0, 4.22923, 5.2088, 0, 4.41103, 0.501749, 0, 1.15074, 1.58211
2.54, 0.19154, 0, 0, 0, 0, 0, 4.21044, 5.18535, 0, 4.41096, 0.508013, 0, 1.15201, 1.58136
2.541, 0.183595, 0, 0, 0, 0, 0, 4.1962, 5.19078, 0, 4.39655, 0.51202, 0, 1.15305, 1.58094
2.542, 0.175619, 0, 0, 0, 0, 0, 4.22439, 5.17987, 0, 4.38897, 0.518091, 0, 1.15447, 1.58063
2.543, 0.16985, 0, 0, 0, 0, 0, 4.21359, 5.17547, 0, 4.37505, 0.523239, 0, 1.15574, 1.58012
2.544, 0.167494, 0, 0, 0, 0, 0, 4.20113, 5.20826, 0, 4.37095, 0.52679, 0, 1.15719, 1.5793
2.545, 0.167499, 0, 0, 0, 0, 0, 4.1796, 5.09977, 0, 4.35483, 0.531141, 0, 1.1553, 1.57436
2.546, 0.169548, 0, 0, 0, 0, 0, 4.16678, 5.08914, 0, 4.3554, 0.534768, 0, 1.15632, 1.57514
2.547, 0.106856, 0, 0, 0, 0, 0, 4.15444, 5.074, 0, 4.40185, 0.556954, 0, 1.15727, 1.57428
2.548, 0.0841711, 0, 0, 0, 0, 0, 4.1513, 5.06688, 0, 4.38531, 0.562845, 0, 1.15838, 1.5739
2.549, 0.0738365, 0, 0, 0, 0, 0, 4.14536, 5.063, 0, 4.36545, 0.56826, 0, 1.15971, 1.57326
2.55, 0.0710157, 0, 0, 0, 0, 0, 4.12985, 5.06583, 0, 4.36262, 0.576838, 0, 1.15949, 1.57201
2.551, 0.0729656, 0, 0, 0, 0, 0, 4.11142, 5.0711, 0, 4.35084, 0.579586, 0, 1.15996, 1.57188
2.552, 0.0786261, 0, 0, 0, 0, 0, 4.10581, 5.06654, 0, 4.34228, 0.580392, 0, 1.16119, 1.57094
2.553, 0.0145888, 0, 0, 0, 0, 0, 4.09691, 5.06525, 0, 4.33107, 0.580968, 0, 1.16194, 1.56998
2.554, 0.333978, 0, 0, 0, 0, 0, 3.90181, 2.07379, 0, 3.94923, 0.208839, 0, 0.98228, 1.57653
2.555, 0.0947797, 0, 0, 0, 0, 0, 4.05046, 3.11278, 0, 4.12446, 0.336027, 0, 1.08749, 1.55307
2.556, 0.0260197, 0, 0, 0, 0, 0, 4.06392, 3.99909, 0, 4.20385, 0.453891, 0, 1.12512, 1.55708
2.557, 0.0142103, 0, 0, 0, 0, 0, 4.05471, 4.26592, 0, 4.20459, 0.493508, 0, 1.13666, 1.55934
2.558, 0.0138388, 0, 0, 0, 0, 0, 4.03946, 4.4151, 0, 4.19715, 0.50135, 0, 1.08594, 1.55951
2.559, 0.0166461, 0, 0, 0, 0, 0, 4.02762, 4.40909, 0, 4.18318, 0.502812, 0, 1.08687, 1.55826
2.56, 0.0218646, 0, 0, 0, 0, 0, 4.01585, 4.3839, 0, 4.17212, 0.500262, 0, 1.11039, 1.56276
2.561, 0.0276238, 0, 0, 0, 0, 0, 4.01048, 4.34733, 0, 4.15866, 0.498718, 0, 1.10996, 1.56223
2.562, 0.0376105, 0, 0, 0, 0, 0, 3.98735, 4.33666, 0, 4.24017, 0.527139, 0, 1.10939, 1.56203
2.563, 0.0481913, 0, 0, 0, 0, 0, 3.98335, 4.29473, 0, 4.23018, 0.525868, 0, 1.10969, 1.56177
2.564, 0.0625901, 0, 0, 0, 0, 0, 3.968, 4.27938, 0, 4.20972, 0.524248, 0, 1.10957, 1.56137
2.565, 0.0264937, 0, 0, 0, 0, 0, 3.9581, 4.252, 0, 4.19468, 0.522614, 0, 1.10946, 1.56094
2.566, 0.0245751, 0, 0, 0, 0, 0, 3.94657, 4.22884, 0, 4.17836, 0.519261, 0, 1.10954, 1.56053
2.567, 0.0239592, 0, 0, 0, 0, 0, 3.92274, 4.22313, 0, 4.16274, 0.514747, 0, 1.10947, 1.56098
2.568, 0, 0, 0, 0, 0, 0, 3.90609, 4.18862, 0, 4.16577, 0.498067, 0, 1.10951, 1.56036
2.569, 0, 0, 0, 0, 0, 0, 3.89411, 4.1758, 0, 4.14432, 0.49698, 0, 1.10976, 1.56
2.57, 0, 0, 0, 0, 0, 0, 3.87758, 4.16225, 0, 4.08996, 0.49278, 0, 1.1105, 1.55968
2.571, 0, 0, 0, 0, 0, 0, 3.94928, 4.14386, 0, 4.06055, 0.492935, 0, 1.11025, 1.55932
2.572, 0, 0, 0, 0, 0, 0, 3.78778, 4.15036, 0, 4.04095, 0.488258, 0, 1.11013, 1.55847
2.573, 0, 0, 0, 0, 0, 0, 3.77767, 4.23078, 0, 4.02853, 0.493176, 0, 1.10992, 1.55898
