Time,Stouch_RA5C1,Stouch_RA6D1,Stouch_RA4P2,Stouch_RA5C2,Stouch_RA6D2,Stouch_RA4P3,Stouch_RA5C3,Stouch_RA6D3,Stouch_RA4P4,Stouch_RA5C4,Stouch_RA6D4,Stouch_RA4P5,Stouch_RA5C5,Stouch_RA6D5
0, 0, 0, 0, 0, 0, 0, 0, 0, 0, 0, 0, 0, 0, 0
0.005, 0, 0, 0, 0, 0, 0, 0, 0, 0, 0.00916549, 0, 0, 0.00393154, 0.00145936
0.01, 0, 0, 0, 0, 0, 0, 0, 0, 0, 0.00821977, 0, 0, 0.0056613, 0.00108785
0.015, 0, 0, 0, 0, 0, 0, 0, 0, 0, 0.00521602, 0, 0, 0.00579658, 0.00105965
0.02, 0, 0, 0, 0, 0, 0, 0, 0, 0, 0.00401157, 0, 0, 0.00595507, 0.000954573
0.025, 0, 0, 0, 0, 0, 0, 0, 0, 0, 0.00347262, 0, 0, 0.0054533, 0.000814933
0.029, 0, 0, 0, 0, 0, 0, 0, 0, 0, 0.00261445, 0, 0, 0.00494389, 0.000696666
0.033, 0, 0, 0, 0, 0, 0, 0, 0, 0, 0.0022233, 0, 0, 0.00415213, 0.000580869
0.038, 0, 0, 0, 0, 0, 0, 0, 0, 0, 0.0956291, 0, 0, 0.0376306, 0
0.043, 0, 0, 0, 0, 0, 0, 0, 0, 0, 0.0029566, 0, 0, 0, 0
0.044, 0, 0, 0, 0, 0, 0, 0, 0, 0, 0.00292991, 0, 0, 0, 0
0.053, 0, 0, 0, 0, 0, 0, 0, 0, 0, 0.00237515, 0, 0, 0, 0
0.063, 0, 0, 0, 0, 0, 0, 0, 0, 0, 0, 0, 0, 0, 0
0.068, 0, 0, 0, 0, 0, 0, 0, 0, 0, 0, 0, 0, 0, 0
0.072, 0, 0, 0, 0, 0, 0, 0, 0, 0, 0, 0, 0, 0, 0
0.076, 0, 0, 0, 0, 0, 0, 0, 0, 0, 0, 0, 0, 0, 0
0.08, 0, 0, 0, 0, 0.0234002, 0, 0, 0, 0, 0, 0, 0, 0, 0
0.081, 0, 0, 0, 0, 0.360534, 0, 0, 0, 0, 0, 0, 0, 0, 0
0.085, 0, 0, 0, 0.261305, 1.81962, 0, 0, 0, 0, 0, 0, 0, 0, 0
0.089, 0, 0, 0, 0.078533, 0.891933, 0, 0.244913, 0, 0, 0.178775, 0, 0, 0, 0.333679
0.093, 0, 0, 0, 0, 0.958242, 0, 0.884687, 0, 0, 0.575211, 0, 0, 0, 0.532345
0.097, 0, 0, 0, 0, 0.699277, 0, 0.909544, 0, 0, 0.614459, 0, 0, 0, 0.597901
0.1, 0, 0, 0, 0.8872, 2.78379, 0, 2.04893, 0.130924, 0, 2.06307, 0, 0, 0, 1.01334
0.101, 0, 0, 0, 0.0101298, 0.397658, 0, 0.350107, 0.0915106, 0, 0.247963, 0.105406, 0, 0, 0.13862
0.103, 0, 0, 0, 0, 0.748578, 0, 0.959224, 0.433134, 0, 0.633016, 0.430387, 0, 0.0716726, 0.571472
0.106, 0, 0, 0, 0.0174468, 0.394606, 0, 0.846235, 0.558268, 0, 0.561249, 0.463329, 0, 0.0474797, 0.52777
0.111, 0, 0, 0, 0.00394732, 0.283619, 0, 0.375699, 0.576323, 0, 0.684642, 0.462885, 0, 0.0676517, 0.607485
0.114, 0, 0, 0, 0, 1.96471, 0, 0.491402, 0.639915, 0, 0.677598, 0.509021, 0, 0.0307371, 0.703198
0.115, 0, 0, 0, 0, 0.760533, 0, 0.408825, 0.459438, 0, 0.40087, 0.295989, 0, 0, 0.362932
0.117, 0, 0, 0, 0, 1.12115, 0, 0.580141, 0.495199, 0, 0.670681, 0.374796, 0, 0.116152, 0.490388
0.12, 0, 0, 0, 0, 0.480767, 0, 0.521405, 0.508243, 0, 0.588135, 0.344368, 0, 0.0577909, 0.452419
0.123, 0, 0, 0, 0, 0.468922, 0, 0.532042, 0.571085, 0, 0.686698, 0.419104, 0, 0.0865127, 0.586904
0.126, 0, 0, 0, 0, 0.460505, 0, 0.521048, 0.565397, 0, 0.694884, 0.458102, 0, 0.0868371, 0.604056
0.129, 0, 0, 0, 0, 0.469007, 0, 0.499832, 0.553041, 0, 0.729389, 0.478736, 0, 0.0911012, 0.614457
0.132, 0, 0, 0, 0, 0.472455, 0, 0.480707, 0.550565, 0, 0.747068, 0.472647, 0, 0.0938744, 0.622104
0.133, 0, 0, 0, 0, 0.472546, 0, 0.475979, 0.549959, 0, 0.756355, 0.473086, 0, 0.0952338, 0.62189
0.136, 0, 0, 0, 0, 0.474118, 0, 0.454721, 0.55206, 0, 0.770108, 0.470868, 0, 0.0964301, 0.626194
0.139, 0, 0, 0, 0, 0.468652, 0, 0.437951, 0.557043, 0, 0.789586, 0.465055, 0, 0.0968112, 0.630956
0.142, 0, 0, 0, 0, 0.465393, 0, 0.423858, 0.55709, 0, 0.804255, 0.465709, 0, 0.0974497, 0.636542
0.148, 0, 0, 0, 0, 0.460995, 0, 0.399212, 0.555213, 0, 0.842984, 0.455551, 0, 0.109487, 0.643503
0.151, 0, 0, 0, 0, 0.450749, 0, 0.352563, 0.557244, 0, 0.914535, 0.465114, 0, 0.111767, 0.646342
0.154, 0, 0, 0, 0, 0.437131, 0, 0.53532, 0.782809, 0, 0.923731, 0.463424, 0, 0.11572, 0.662477
0.158, 0, 0, 0, 0, 0.434401, 0, 0.567072, 0.745791, 0, 0.974747, 0.476239, 0, 0.120847, 0.68557
0.16, 0, 0, 0, 0, 0.433837, 0, 0.570474, 0.748329, 0, 0.752915, 0.458095, 0, 0.124559, 0.69778
0.163, 0, 0, 0, 0, 0.428193, 0, 0.57593, 0.756908, 0, 0.796624, 0.446197, 0, 0.133557, 0.705778
0.166, 0, 0, 0, 0, 0.424785, 0, 0.584659, 0.761376, 0, 0.794641, 0.454775, 0, 0.145247, 0.721497
0.169, 0, 0, 0, 0, 0.407089, 0, 0.591869, 0.765174, 0, 0.786521, 0.459676, 0, 0.157202, 0.738546
0.172, 0, 0, 0, 0, 0.402195, 0, 0.642342, 0.77063, 0, 0.777685, 0.462271, 0, 0.172912, 0.764061
0.175, 0, 0, 0, 0, 0.400211, 0, 0.401682, 0.622029, 0, 0.756076, 0.454195, 0, 0.182558, 0.78743
0.176, 0, 0, 0, 0, 0.399921, 0, 0.403947, 0.622056, 0, 0.729011, 0.452643, 0, 0.193432, 0.809552
0.179, 0, 0, 0, 0, 0.39614, 0, 0.441933, 0.645098, 0, 0.712432, 0.452633, 0, 0.219937, 0.832807
0.182, 0, 0, 0, 0, 0.395347, 0, 0.479498, 0.672394, 0, 0.658661, 0.460546, 0, 0.256748, 0.848772
0.185, 0, 0, 0, 0, 0.392555, 0, 0.499983, 0.707919, 0, 1.39009, 1.48934, 0, 0.311991, 0.832226
0.188, 0, 0, 0, 0, 0.387168, 0, 0.507701, 0.714475, 0, 0.649061, 0.54379, 0, 0.354651, 0.754148
0.191, 0, 0, 0, 0, 0.382226, 0, 0.505931, 0.714574, 0, 0.631736, 0.54253, 0, 0.38653, 0.652589
0.195, 0, 0, 0, 0, 0.37755, 0, 0.499072, 0.713474, 0, 0.605485, 0.547182, 0, 0.429103, 0.556538
0.199, 0, 0, 0, 0, 0.376653, 0, 0.496993, 0.714525, 0, 0.596059, 0.548509, 0, 0.451757, 0.469603
0.202, 0, 0, 0, 0, 0.3756, 0, 0.497308, 0.715027, 0, 0.595496, 0.54986, 0, 0.461431, 0.408605
0.205, 0, 0, 0, 0, 0.372636, 0, 0.496148, 0.715195, 0, 0.575751, 0.551836, 0, 0.47961, 0.313503
0.207, 0, 0, 0, 0, 0.372814, 0, 0.499788, 0.716623, 0, 0.556901, 0.55221, 0, 0.223787, 0.281147
0.21, 0, 0, 0, 0, 0.369458, 0, 0.49827, 0.715538, 0, 0.55908, 0.552854, 0, 0.240838, 0.272927
0.213, 0, 0, 0, 0, 0.369567, 0, 0.497605, 0.721737, 0, 0.532713, 0.551861, 0, 0.239603, 0.25667
0.216, 0, 0, 0, 0, 0.368089, 0, 0.497767, 0.720812, 0, 0.520297, 0.552376, 0, 0.250396, 0.240484
0.217, 0, 0, 0, 0, 0.368977, 0, 0.500459, 0.717092, 0, 0.51833, 0.552501, 0, 0.23835, 0.21901
0.22, 0, 0, 0, 0, 0.36631, 0, 0.497801, 0.721521, 0, 0.513776, 0.55402, 0, 0.224488, 0.168223
0.223, 0, 0, 0, 0, 0.364944, 0, 0.497027, 0.722405, 0, 0.474451, 0.545913, 0, 0.217598, 0.142185
0.226, 0, 0, 0, 0, 0.362506, 0, 0.496859, 0.722604, 0, 0.471545, 0.544423, 0, 0.223474, 0.136622
0.229, 0, 0, 0, 0, 0.360321, 0, 0.496804, 0.722842, 0, 0.472058, 0.542278, 0, 0.221479, 0.122941
0.232, 0, 0, 0, 0, 0.357995, 0, 0.496382, 0.724065, 0, 0.471512, 0.539375, 0, 0.219635, 0.120717
0.235, 0, 0, 0, 0, 0.355995, 0, 0.496295, 0.726935, 0, 0.464149, 0.539233, 0, 0.217113, 0.124394
0.238, 0, 0, 0, 0, 0.355548, 0, 0.497194, 0.728496, 0, 0.453904, 0.537051, 0, 0.213874, 0.0877838
0.239, 0, 0, 0, 0, 0.355325, 0, 0.497552, 0.729084, 0, 0.453622, 0.537395, 0, 0.213151, 0.0850776
0.242, 0, 0, 0, 0, 0.354859, 0, 0.497854, 0.73048, 0, 0.446373, 0.538152, 0, 0.210434, 0.0534796
0.249, 0, 0, 0, 0, 0.352992, 0, 0.496818, 0.731477, 0, 0.411468, 0.522932, 0, 0.195011, 0.0266298
0.252, 0, 0, 0, 0, 0.353198, 0, 0.49587, 0.731977, 0, 0.406543, 0.521067, 0, 0.207854, 0.0746229
0.255, 0, 0, 0, 0, 0.353097, 0, 0.495252, 0.731256, 0, 0.36182, 0.491669, 0, 0.207733, 0.0742574
0.258, 0, 0, 0, 0, 0.352745, 0, 0.495667, 0.729777, 0, 0.361552, 0.499952, 0, 0.213375, 0.0527235
0.259, 0, 0, 0, 0, 0.352724, 0, 0.495847, 0.729336, 0, 0.362469, 0.505871, 0, 0.215963, 0.050143
0.262, 0, 0, 0, 0, 0.352579, 0, 0.496315, 0.72929, 0, 0.360814, 0.509939, 0, 0.22588, 0.0365437
0.265, 0, 0, 0, 0, 0.352306, 0, 0.496719, 0.728147, 0, 0.355176, 0.505703, 0, 0.245848, 0
0.268, 0, 0, 0, 0, 0.352061, 0, 0.496648, 0.729236, 0, 0.352966, 0.502263, 0, 0.271316, 0.071799
0.271, 0, 0, 0, 0, 0.351214, 0, 0.495124, 0.73033, 0, 0.351599, 0.500016, 0, 0.272699, 0.133123
0.274, 0, 0, 0, 0, 0.35065, 0, 0.494778, 0.730271, 0, 0.345752, 0.495847, 0, 0.276747, 0.11452
0.277, 0, 0, 0, 0, 0.350561, 0, 0.495506, 0.727825, 0, 0.34209, 0.492049, 0, 0.261112, 0.217101
0.278, 0, 0, 0, 0, 0.350617, 0, 0.495763, 0.727767, 0, 0.341284, 0.491418, 0, 0.258727, 0.223484
0.281, 0, 0, 0, 0, 0.350367, 0, 0.49776, 0.726558, 0, 0.338855, 0.489626, 0, 0.242886, 0.238726
0.284, 0, 0, 0, 0.00117323, 0.349024, 0, 0.498532, 0.72663, 0, 0.335368, 0.479227, 0, 0.235708, 0.24952
0.287, 0, 0, 0, 0.00121713, 0.348865, 0, 0.498865, 0.726749, 0, 0.331126, 0.477072, 0, 0.233073, 0.24756
0.293, 0, 0, 0, 0.00129725, 0.348432, 0, 0.498614, 0.726707, 0, 0.324974, 0.470092, 0, 0.218842, 0.250358
0.294, 0, 0, 0, 0.00131316, 0.348421, 0, 0.49864, 0.726683, 0, 0.324473, 0.469741, 0, 0.219137, 0.249156
0.297, 0, 0, 0, 0.0013528, 0.348139, 0, 0.498551, 0.726511, 0, 0.323431, 0.467647, 0, 0.219977, 0.245496
0.3, 0, 0, 0, 0.00101006, 0.349261, 0, 0.498968, 0.726286, 0, 0.321223, 0.461133, 0, 0.220297, 0.243333
0.303, 0, 0, 0, 0.00148877, 0.347652, 0, 0.498922, 0.726123, 0, 0.318828, 0.459904, 0, 0.220224, 0.242009
0.306, 0, 0, 0, 0.00114762, 0.348599, 0, 0.499665, 0.729166, 0, 0.304037, 0.457975, 0, 0.220582, 0.243817
0.309, 0, 0, 0, 0.00120656, 0.348457, 0, 0.501235, 0.728305, 0, 0.302138, 0.455855, 0, 0.209779, 0.24142
0.312, 0, 0, 0, 0.00128884, 0.348326, 0, 0.501557, 0.72814, 0, 0.300597, 0.454552, 0, 0.209372, 0.24299
0.313, 0, 0, 0, 0.0013017, 0.348276, 0, 0.501514, 0.728229, 0, 0.301823, 0.454622, 0, 0.209522, 0.242317
0.316, 0, 0, 0, 0.0013441, 0.348081, 0, 0.501521, 0.728194, 0, 0.300103, 0.450596, 0, 0.209565, 0.240748
0.319, 0, 0, 0, 0.0013723, 0.347905, 0, 0.501315, 0.730615, 0, 0.298041, 0.447044, 0, 0.20981, 0.239285
0.322, 0, 0, 0, 0.00140128, 0.347825, 0, 0.501593, 0.730128, 0, 0.296662, 0.445504, 0, 0.210292, 0.237416
0.328, 0, 0, 0, 0.00149344, 0.347458, 0, 0.501198, 0.729405, 0, 0.294775, 0.446852, 0, 0.210772, 0.234784
0.331, 0, 0, 0, 0.00152375, 0.347341, 0, 0.501002, 0.729034, 0, 0.293071, 0.446341, 0, 0.210992, 0.233726
0.334, 0, 0, 0, 0.0015452, 0.347151, 0, 0.500449, 0.728776, 0, 0.291894, 0.449399, 0, 0.211285, 0.237256
0.335, 0, 0, 0, 0.00154736, 0.347101, 0, 0.501045, 0.728434, 0, 0.291284, 0.448111, 0, 0.211297, 0.237112
0.338, 0, 0, 0, 0.00158579, 0.346792, 0, 0.501098, 0.727804, 0, 0.28944, 0.446807, 0, 0.211762, 0.235972
0.341, 0, 0, 0, 0.00159654, 0.346722, 0, 0.501232, 0.727506, 0, 0.288083, 0.44529, 0, 0.212028, 0.235306
0.344, 0, 0, 0, 0.00150427, 0.346806, 0, 0.500888, 0.727242, 0, 0.284215, 0.445072, 0, 0.212149, 0.234269
0.347, 0, 0, 0, 0.00163831, 0.346491, 0, 0.500911, 0.726962, 0, 0.28272, 0.444859, 0, 0.212521, 0.233956
0.35, 0, 0, 0, 0.00165547, 0.34632, 0, 0.50079, 0.726886, 0, 0.282143, 0.443722, 0, 0.212842, 0.231743
0.353, 0, 0, 0, 0.00165076, 0.346165, 0, 0.500538, 0.72682, 0, 0.280812, 0.442268, 0, 0.21315, 0.23144
0.356, 0, 0, 0, 0.00169058, 0.345992, 0, 0.500293, 0.726843, 0, 0.271575, 0.39109, 0, 0.213646, 0.230277
0.357, 0, 0, 0, 0.00170464, 0.346106, 0, 0.500434, 0.726952, 0, 0.272108, 0.362512, 0, 0.213994, 0.230214
0.36, 0, 0, 0, 0.00171078, 0.346021, 0, 0.501222, 0.726086, 0, 0.271736, 0.347184, 0, 0.21395, 0.230232
0.363, 0, 0, 0, 0.00176602, 0.345737, 0, 0.500859, 0.725738, 0, 0.285305, 0.34348, 0, 0.213797, 0.229524
0.366, 0, 0, 0, 0.00179547, 0.345624, 0, 0.500435, 0.72531, 0, 0.285305, 0.331751, 0, 0.21418, 0.229264
0.372, 0, 0, 0, 0.00176804, 0.345804, 0, 0.500288, 0.724101, 0, 0.289576, 0.305133, 0, 0.214885, 0.226669
0.375, 0, 0, 0, 0.00179351, 0.345751, 0, 0.500306, 0.72311, 0, 0.294523, 0.286743, 0, 0.2153, 0.226685
0.378, 0, 0, 0, 0.00182217, 0.345397, 0, 0.50022, 0.722404, 0, 0.368243, 0.262068, 0, 0.216021, 0.227889
0.379, 0, 0, 0, 0.0018255, 0.345411, 0, 0.500257, 0.722404, 0, 0.371889, 0.25548, 0, 0.216084, 0.227906
0.382, 0, 0, 0, 0.00179818, 0.345223, 0, 0.499577, 0.722424, 0, 0.381424, 0.236031, 0, 0.216322, 0.228022
0.385, 0, 0, 0, 0.00182091, 0.34511, 0, 0.499707, 0.72174, 0, 0.395356, 0.256987, 0, 0.216527, 0.227988
0.388, 0, 0, 0, 0.0018169, 0.345082, 0, 0.500076, 0.722441, 0, 0.413837, 0.281107, 0, 0.216804, 0.228014
0.391, 0, 0, 0, 0.00184442, 0.34495, 0, 0.499983, 0.722296, 0, 0.435065, 0.30271, 0, 0.217531, 0.227888
0.394, 0, 0, 0, 0.00182015, 0.344856, 0, 0.49959, 0.722467, 0, 0.435447, 0.304815, 0, 0.217653, 0.22767
0.397, 0, 0, 0, 0.00179508, 0.344756, 0, 0.499206, 0.722701, 0, 0.453191, 0.303743, 0, 0.21733, 0.22631
0.4, 0, 0, 0, 0.00180275, 0.344618, 0, 0.498926, 0.722827, 0, 0.454658, 0.303894, 0, 0.217622, 0.226315
0.401, 0, 0, 0, 0.00179889, 0.344634, 0, 0.498819, 0.722674, 0, 0.454563, 0.302087, 0, 0.217689, 0.226484
0.404, 0, 0, 0, 0.00182975, 0.344617, 0, 0.498979, 0.722329, 0, 0.508085, 0.297231, 0, 0.21816, 0.226674
0.407, 0, 0, 0, 0.00183003, 0.344726, 0, 0.499173, 0.722969, 0, 0.539406, 0.300698, 0, 0.218425, 0.226931
0.41, 0, 0, 0, 0.00162007, 0.344278, 0, 0.497382, 0.723601, 0, 0.55223, 0.482947, 0, 0.217913, 0.227631
0.413, 0, 0, 0, 0.00177115, 0.344344, 0, 0.496364, 0.722662, 0, 0.513564, 0.315676, 0, 0.218081, 0.226336
0.416, 0, 0, 0, 0.00178583, 0.344196, 0, 0.478438, 0.722887, 0, 0.508987, 0.310906, 0, 0.218496, 0.226312
0.419, 0, 0, 0, 0.00176792, 0.344131, 0, 0.478262, 0.722417, 0, 0.502587, 0.29249, 0, 0.219035, 0.226481
0.42, 0, 0, 0, 0.00173668, 0.344079, 0, 0.478137, 0.722729, 0, 0.493932, 0.295927, 0, 0.218892, 0.226124
0.423, 0, 0, 0, 0.00174068, 0.343993, 0, 0.478047, 0.723475, 0, 0.481499, 0.280859, 0, 0.218934, 0.22548
0.426, 0, 0, 0, 0.00174509, 0.343896, 0, 0.47796, 0.723458, 0, 0.468056, 0.274402, 0, 0.219346, 0.223353
0.429, 0, 0, 0, 0.00172611, 0.343904, 0, 0.477819, 0.722668, 0, 0.434219, 0.269322, 0, 0.219353, 0.223194
0.432, 0, 0, 0, 0.00174464, 0.3439, 0, 0.477644, 0.722931, 0, 0.416687, 0.268874, 0, 0.219831, 0.223648
0.435, 0, 0, 0, 0.00174304, 0.343869, 0, 0.477789, 0.723342, 0, 0.395547, 0.261996, 0, 0.220002, 0.223592
0.438, 0, 0, 0, 0.00177077, 0.343917, 0, 0.478098, 0.723781, 0, 0.347119, 0.303101, 0, 0.219403, 0.223592
0.441, 0, 0, 0, 0.00172158, 0.343682, 0, 0.477958, 0.724621, 0, 0.328547, 0.355223, 0, 0.219617, 0.223964
0.442, 0, 0, 0, 0.0017312, 0.343751, 0, 0.477835, 0.724656, 0, 0.335653, 0.354818, 0, 0.219774, 0.224071
0.445, 0, 0, 0, 0.00173194, 0.343769, 0, 0.477893, 0.725247, 0, 0.259533, 0.343819, 0, 0.220041, 0.223965
0.448, 0, 0, 0, 0.00173272, 0.343693, 0, 0.477804, 0.725949, 0, 0.259691, 0.341207, 0, 0.220165, 0.225101
0.451, 0, 0, 0, 0.00173299, 0.34363, 0, 0.477783, 0.72719, 0, 0.260798, 0.344628, 0, 0.219652, 0.225374
0.455, 0, 0, 0, 0.00172962, 0.343597, 0, 0.477791, 0.728052, 0, 0.281102, 0.334825, 0, 0.220067, 0.224656
0.458, 0, 0, 0, 0.00171699, 0.343552, 0, 0.477784, 0.728526, 0, 0.290956, 0.319029, 0, 0.219628, 0.224541
0.459, 0, 0, 0, 0.00171546, 0.343537, 0, 0.477765, 0.728775, 0, 0.293539, 0.316756, 0, 0.219573, 0.224672
0.465, 0, 0, 0, 0.00171671, 0.343419, 0, 0.477441, 0.730995, 0, 0.301878, 0.329585, 0, 0.219165, 0.225999
0.468, 0, 0, 0, 0.00171103, 0.343406, 0, 0.477677, 0.732106, 0, 0.306011, 0.338144, 0, 0.206158, 0.224099
0.471, 0, 0, 0, 0.00171122, 0.343362, 0, 0.477682, 0.733151, 0, 0.309198, 0.327605, 0, 0.206345, 0.224224
0.474, 0, 0, 0, 0.00171131, 0.343315, 0, 0.477651, 0.734216, 0, 0.311426, 0.315931, 0, 0.206514, 0.224122
0.477, 0, 0, 0, 0.00171062, 0.343284, 0, 0.47765, 0.735237, 0, 0.312388, 0.315574, 0, 0.206633, 0.224285
0.48, 0, 0, 0, 0.00170944, 0.343242, 0, 0.477662, 0.736124, 0, 0.312196, 0.287628, 0, 0.206772, 0.221959
0.481, 0, 0, 0, 0.00171164, 0.343237, 0, 0.477686, 0.736414, 0, 0.312804, 0.287843, 0, 0.206836, 0.22421
0.484, 0, 0, 0, 0.00170942, 0.343202, 0, 0.477743, 0.736676, 0, 0.313756, 0.288431, 0, 0.20701, 0.221493
0.487, 0, 0, 0, 0.0016992, 0.343167, 0, 0.477679, 0.7372, 0, 0.317029, 0.295837, 0, 0.207146, 0.221068
0.49, 0, 0, 0, 0.00170039, 0.343135, 0, 0.477559, 0.738085, 0, 0.317969, 0.298728, 0, 0.207303, 0.220733
0.494, 0, 0, 0, 0.00169373, 0.343097, 0, 0.477531, 0.738606, 0, 0.319833, 0.304233, 0, 0.207487, 0.220582
0.497, 0, 0, 0, 0.00168887, 0.343057, 0, 0.477478, 0.739357, 0, 0.322497, 0.310472, 0, 0.207615, 0.221573
0.5, 0, 0, 0, 0.00168679, 0.343029, 0, 0.477664, 0.738859, 0, 0.323607, 0.313213, 0, 0.207771, 0.221178
0.501, 0, 0, 0, 0.00168528, 0.343026, 0, 0.477676, 0.738789, 0, 0.323785, 0.313641, 0, 0.207814, 0.221187
0.507, 0, 0, 0, 0.00166452, 0.342959, 0, 0.477397, 0.739578, 0, 0.329212, 0.328489, 0, 0.208004, 0.221694
0.51, 0, 0, 0, 0.00165891, 0.342926, 0, 0.477163, 0.739791, 0, 0.330172, 0.330475, 0, 0.224966, 0.218371
0.516, 0.559133, 0, 0, 0.00171643, 0.34252, 0, 0.476612, 0.741658, 0, 0.331026, 0.34587, 0, 0.22477, 0.218463
0.519, 0.467893, 0, 0, 0.0017129, 0.34336, 0, 0.478274, 0.745164, 0, 0.330659, 0.348891, 0, 0.224963, 0.218432
0.522, 0.383295, 0, 0, 0.00166945, 0.343096, 0, 0.478775, 0.747977, 0, 0.332809, 0.35625, 0, 0.224977, 0.218416
0.523, 0.32896, 0, 0, 0.00166147, 0.34308, 0, 0.478737, 0.749193, 0, 0.333623, 0.35531, 0, 0.225355, 0.218301
0.526, 0.280924, 0, 0, 0.00164165, 0.34291, 0, 0.478673, 0.751381, 0, 0.334041, 0.35805, 0, 0.224975, 0.218404
0.529, 0.231988, 0, 0, 0.00163396, 0.342797, 0, 0.478264, 0.752443, 0, 0.335768, 0.370149, 0, 0.224978, 0.218588
0.532, 0.190217, 0, 0, 0.00163329, 0.342784, 0, 0.476986, 0.753444, 0, 0.335269, 0.3732, 0, 0.224965, 0.218528
0.535, 0.155724, 0, 0, 0.00162939, 0.342766, 0, 0.47658, 0.755886, 0, 0.335347, 0.376155, 0, 0.224958, 0.218477
0.538, 0.127431, 0, 0, 0.00162625, 0.342748, 0, 0.476405, 0.758285, 0, 0.335315, 0.378157, 0, 0.224918, 0.218468
0.541, 0.104394, 0, 0, 0.0016216, 0.342719, 0, 0.476918, 0.758595, 0, 0.335703, 0.384305, 0, 0.224911, 0.218401
0.544, 0.193708, 0, 0, 0.00146589, 0.34249, 0, 0.476059, 0.761257, 0, 0.336102, 0.386583, 0, 0.22484, 0.218418
0.545, 0.0822452, 0, 0, 0.00172288, 0.342544, 0, 0.477117, 0.759232, 0, 0.336129, 0.387131, 0, 0.224992, 0.21825
0.548, 0.0367444, 0, 0, 0.00161795, 0.342859, 0, 0.477031, 0.761794, 0, 0.336389, 0.390154, 0, 0.224796, 0.218256
0.554, 0.0357452, 0, 0, 0.00160472, 0.342609, 0, 0.476268, 0.761972, 0, 0.337271, 0.391928, 0, 0.224785, 0.218176
0.56, 0.0431945, 0, 0, 0.00160132, 0.342614, 0, 0.476718, 0.763499, 0, 0.33713, 0.395825, 0, 0.224785, 0.218063
0.563, 0.044414, 0, 0, 0.00159489, 0.342586, 0, 0.476728, 0.763679, 0, 0.337337, 0.402565, 0, 0.224774, 0.218019
0.564, 0.0445715, 0, 0, 0.00159285, 0.342589, 0, 0.476962, 0.761412, 0, 0.337839, 0.405068, 0, 0.224788, 0.21801
0.567, 0.0454303, 0, 0, 0.00159227, 0.342589, 0, 0.476408, 0.762633, 0, 0.338704, 0.406036, 0, 0.224802, 0.218022
0.57, 0.0337824, 0.0711935, 0, 0.00159732, 0.342483, 0, 0.476174, 0.763434, 0, 0.34207, 0.41003, 0, 0.224809, 0.217973
0.573, 0.0359553, 0.0559116, 0, 0.0015875, 0.342613, 0, 0.475666, 0.764429, 0, 0.345977, 0.417553, 0, 0.224802, 0.217974
0.576, 0.0379221, 0.0439918, 0, 0.00158087, 0.34257, 0, 0.477577, 0.77298, 0, 0.349107, 0.422949, 0, 0.224852, 0.217915
0.579, 0.0412739, 0, 0, 0.00157034, 0.342541, 0, 0.477159, 0.773204, 0, 0.350105, 0.424168, 0, 0.224824, 0.217889
0.582, 0.042645, 0, 0, 0.00156482, 0.342513, 0, 0.476638, 0.77413, 0, 0.351086, 0.427593, 0, 0.224826, 0.217862
0.583, 0.0432478, 0, 0, 0.00158697, 0.34255, 0, 0.476634, 0.774423, 0, 0.351961, 0.429375, 0, 0.224901, 0.21783
0.586, 0.0448732, 0, 0, 0.00155032, 0.342496, 0, 0.476395, 0.775479, 0, 0.358628, 0.435107, 0, 0.224849, 0.217916
0.589, 0.0458096, 0, 0, 0.00154149, 0.342458, 0, 0.476019, 0.777853, 0, 0.363755, 0.440952, 0, 0.224811, 0.217939
0.592, 0.0466256, 0, 0, 0.00154027, 0.342448, 0, 0.47581, 0.780311, 0, 0.368602, 0.443147, 0, 0.22484, 0.217916
0.595, 0.0473393, 0, 0, 0.00153648, 0.342458, 0, 0.47517, 0.785323, 0, 0.37254, 0.446659, 0, 0.224854, 0.217891
0.601, 0, 0, 0, 0.00152615, 0.342424, 0, 0.476085, 0.791223, 0, 0.372042, 0.449448, 0, 0.224815, 0.217917
0.605, 0.0717744, 0, 0, 0.00153062, 0.342379, 0, 0.47716, 0.791838, 0, 0.370323, 0.452601, 0, 0.224807, 0.217881
0.608, 0.0663155, 0, 0, 0.00152875, 0.34249, 0, 0.476464, 0.793048, 0, 0.372838, 0.447589, 0, 0.224809, 0.217825
0.611, 0.0624144, 0, 0, 0.00152467, 0.342452, 0, 0.475862, 0.795334, 0, 0.371395, 0.447477, 0, 0.224804, 0.217778
0.614, 0.0594023, 0, 0, 0.00151563, 0.342425, 0, 0.475909, 0.799702, 0, 0.368689, 0.441946, 0, 0.224796, 0.21778
0.617, 0.0569143, 0, 0, 0.00151594, 0.34243, 0, 0.47503, 0.802999, 0, 0.366486, 0.434533, 0, 0.22493, 0.217702
0.62, 0.0549862, 0, 0, 0.00150465, 0.342391, 0, 0.475185, 0.807693, 0, 0.365323, 0.429311, 0, 0.224834, 0.217721
0.623, 0, 0, 0, 0.00151941, 0.342546, 0, 0.476252, 0.808148, 0, 0.363533, 0.412625, 0, 0.224855, 0.21763
0.626, 0.0613237, 0, 0, 0.00150013, 0.342206, 0, 0.476606, 0.810303, 0, 0.364613, 0.369477, 0, 0.224831, 0.217518
0.627, 0.0611441, 0, 0, 0.00152052, 0.342322, 0, 0.476567, 0.8118, 0, 0.366405, 0.369177, 0, 0.224772, 0.217511
0.63, 0.0570095, 0, 0, 0.00152499, 0.342424, 0, 0.475965, 0.815101, 0, 0.366664, 0.367105, 0, 0.224759, 0.217449
0.633, 0.0539715, 0, 0, 0.00152278, 0.342407, 0, 0.474186, 0.82345, 0, 0.365581, 0.365238, 0, 0.22474, 0.21743
0.636, 0.0516171, 0, 0, 0.00152396, 0.342394, 0, 0.474276, 0.832678, 0, 0.36562, 0.364567, 0, 0.224698, 0.21737
0.639, 0.0565119, 0, 0, 0.00147434, 0.342332, 0, 0.479457, 0.835925, 0, 0.364784, 0.369727, 0, 0.224804, 0.217335
0.642, 0.0551369, 0, 0, 0.00154096, 0.342304, 0, 0.481647, 0.842971, 0, 0.363856, 0.370773, 0, 0.224619, 0.21728
0.648, 0.0453164, 0, 0, 0.00155472, 0.342367, 0, 0.481099, 0.851886, 0, 0.361124, 0.375998, 0, 0.224504, 0.217226
0.652, 0.0504628, 0, 0, 0.00154903, 0.342241, 0, 0.481712, 0.858466, 0, 0.361334, 0.377707, 0, 0.224643, 0.217117
0.655, 0.0481714, 0, 0, 0.00157062, 0.342348, 0, 0.481399, 0.863038, 0, 0.358902, 0.383694, 0, 0.224559, 0.21708
0.658, 0.0454438, 0, 0, 0.00158714, 0.342374, 0, 0.480783, 0.863971, 0, 0.357818, 0.381686, 0, 0.224504, 0.216948
0.661, 0.0433568, 0, 0, 0.00159231, 0.342373, 0, 0.482182, 0.870809, 0, 0.356124, 0.385668, 0, 0.224406, 0.217022
0.664, 0, 0, 0, 0.00164257, 0.342439, 0, 0.481497, 0.875568, 0, 0.355187, 0.392793, 0, 0.224327, 0.217008
0.667, 0.0471472, 0, 0, 0.00158124, 0.342252, 0, 0.481287, 0.877871, 0, 0.353356, 0.405082, 0, 0.224564, 0.217091
0.668, 0.0468592, 0, 0, 0.00159438, 0.342311, 0, 0.481217, 0.879279, 0, 0.353073, 0.406807, 0, 0.224559, 0.217131
0.671, 0.0461737, 0, 0, 0.00157466, 0.342435, 0, 0.481528, 0.883635, 0, 0.351591, 0.413301, 0, 0.224541, 0.217292
0.674, 0.0413209, 0, 0, 0.00157727, 0.342448, 0, 0.479885, 0.879786, 0, 0.350518, 0.416051, 0, 0.224566, 0.217428
0.677, 0.0398341, 0, 0, 0.00157221, 0.342412, 0, 0.480399, 0.881681, 0, 0.349318, 0.408022, 0, 0.224613, 0.217523
0.68, 0.0387564, 0, 0, 0.00158605, 0.342424, 0, 0.484267, 0.886786, 0, 0.349617, 0.390367, 0, 0.22465, 0.217557
0.683, 0.0378331, 0, 0, 0.00158919, 0.342443, 0, 0.483106, 0.883176, 0, 0.348875, 0.367242, 0, 0.224628, 0.21752
0.686, 0.0371988, 0, 0, 0.00160092, 0.34244, 0, 0.481873, 0.877055, 0, 0.350236, 0.318654, 0, 0.224501, 0.21733
0.687, 0.0370081, 0, 0, 0.00159934, 0.342415, 0, 0.480463, 0.868475, 0, 0.348407, 0.31911, 0, 0.224434, 0.217341
0.69, 0.0408281, 0, 0, 0.00160368, 0.342401, 0, 0.488383, 0.79979, 0, 0.348614, 0.317825, 0, 0.224642, 0.217337
0.693, 0.039676, 0, 0, 0.00161091, 0.342437, 0, 0.478374, 0.783279, 0, 0.346271, 0.318653, 0, 0.224534, 0.217437
0.696, 0.0388575, 0, 0, 0.00160699, 0.342445, 0, 0.478623, 0.801869, 0, 0.34302, 0.320419, 0, 0.224442, 0.217461
0.699, 0.0382896, 0, 0, 0.00162084, 0.342426, 0, 0.478664, 0.802206, 0, 0.341661, 0.322564, 0, 0.224522, 0.217405
0.702, 0.037917, 0, 0, 0.00162437, 0.342405, 0, 0.479944, 0.803526, 0, 0.33941, 0.325226, 0, 0.224515, 0.217438
0.705, 0.0377116, 0, 0, 0.00163057, 0.34242, 0, 0.480823, 0.806495, 0, 0.337232, 0.328948, 0, 0.224484, 0.217516
0.706, 0.0376731, 0, 0, 0.00163712, 0.342423, 0, 0.481783, 0.806969, 0, 0.337206, 0.329471, 0, 0.224521, 0.217539
0.709, 0.0375561, 0, 0, 0.00163799, 0.342433, 0, 0.47913, 0.811579, 0, 0.33583, 0.341323, 0, 0.224495, 0.217715
0.712, 0.0375044, 0, 0, 0.0016459, 0.342446, 0, 0.482387, 0.832433, 0, 0.335497, 0.346045, 0, 0.224507, 0.217843
0.715, 0.0376123, 0, 0, 0.0016501, 0.342431, 0, 0.480515, 0.820232, 0, 0.335894, 0.352169, 0, 0.224501, 0.218069
0.721, 0.0380129, 0, 0, 0.00166184, 0.342454, 0, 0.4834, 0.824385, 0, 0.337361, 0.370268, 0, 0.224547, 0.218383
0.724, 0.0382497, 0, 0, 0.00166763, 0.342484, 0, 0.48603, 0.84683, 0, 0.340531, 0.380357, 0, 0.224508, 0.218521
0.727, 0.0383595, 0, 0, 0.0016794, 0.342495, 0, 0.483962, 0.840108, 0, 0.344829, 0.381168, 0, 0.224497, 0.218774
0.728, 0.0385449, 0, 0, 0.00167999, 0.342497, 0, 0.483691, 0.838602, 0, 0.346982, 0.381758, 0, 0.224586, 0.218928
0.731, 0.0391224, 0, 0, 0.00167288, 0.342527, 0, 0.482789, 0.836454, 0, 0.357793, 0.367651, 0, 0.224648, 0.219452
0.734, 0.0395901, 0, 0, 0.00166325, 0.342501, 0, 0.48268, 0.837378, 0, 0.368886, 0.350677, 0, 0.224578, 0.219715
0.737, 0.0400155, 0, 0, 0.00165974, 0.342466, 0, 0.483932, 0.836461, 0, 0.378684, 0.319656, 0, 0.22457, 0.220021
0.74, 0.0404257, 0, 0, 0.00167715, 0.342475, 0, 0.486415, 0.841806, 0, 0.384618, 0.289638, 0, 0.224493, 0.219996
0.743, 0.0407298, 0, 0, 0.00169175, 0.342513, 0, 0.486359, 0.838402, 0, 0.397596, 0.275704, 0, 0.224521, 0.219965
0.746, 0.0410359, 0, 0, 0.00170566, 0.342536, 0, 0.487861, 0.834514, 0, 0.400536, 0.277103, 0, 0.22447, 0.219886
0.749, 0.0412999, 0, 0, 0.00172885, 0.342563, 0, 0.488596, 0.828428, 0, 0.402727, 0.276623, 0, 0.224383, 0.219852
0.75, 0.0413277, 0, 0, 0.00173257, 0.342568, 0, 0.487199, 0.826241, 0, 0.403957, 0.276201, 0, 0.224365, 0.219839
0.753, 0.0415584, 0, 0, 0.00174774, 0.342577, 0, 0.486691, 0.826433, 0, 0.414665, 0.274218, 0, 0.207601, 0.223414
0.756, 0.0418102, 0, 0, 0.00177726, 0.342617, 0, 0.49266, 0.813889, 0, 0.416856, 0.275273, 0, 0.207327, 0.223602
0.759, 0.0419352, 0, 0, 0.00179829, 0.342621, 0, 0.490111, 0.795768, 0, 0.416795, 0.279023, 0, 0.20725, 0.223695
0.762, 0.0420798, 0, 0, 0.00181845, 0.342673, 0, 0.493166, 0.741871, 0, 0.418437, 0.279691, 0, 0.224312, 0.220025
0.768, 0.0091815, 0, 0, 0.000302128, 0.335033, 0, 0.558377, 1.31876, 0, 0.422339, 0.273474, 0, 0.196587, 0.238057
0.771, 0.0444975, 0, 0, 0.00199232, 0.348237, 0, 0.532269, 0.721891, 0, 0.426642, 0.277587, 0, 0.226631, 0.220081
0.772, 0.0421362, 0, 0, 0.00169233, 0.344301, 0, 0.518729, 0.693645, 0, 0.425289, 0.278894, 0, 0.224727, 0.22034
0.775, 0.040698, 0, 0, 0.00156666, 0.342455, 0, 0.518978, 0.660092, 0, 0.422103, 0.28026, 0, 0.207078, 0.224321
0.778, 0.0412252, 0, 0, 0.0015567, 0.342001, 0, 0.528176, 0.653441, 0, 0.418652, 0.281402, 0, 0.207335, 0.224757
0.781, 0.0416709, 0, 0, 0.00155941, 0.342101, 0, 0.537656, 0.64433, 0, 0.419163, 0.278171, 0, 0.207561, 0.225263
0.784, 0.0419317, 0, 0, 0.00154937, 0.342231, 0, 0.549996, 0.627368, 0, 0.43264, 0.313747, 0, 0.22472, 0.221688
0.787, 0.0421995, 0, 0, 0.00157366, 0.34266, 0, 0.541008, 0.700765, 0, 0.44874, 0.359216, 0, 0.224919, 0.221435
0.79, 0.0419534, 0, 0, 0.00154487, 0.342457, 0, 0.538177, 0.704256, 0, 0.470615, 0.391277, 0, 0.224935, 0.221474
0.791, 0.0419435, 0, 0, 0.00153772, 0.342469, 0, 0.538313, 0.704945, 0, 0.481847, 0.396662, 0, 0.224956, 0.221525
0.794, 0.0417691, 0, 0, 0.00150348, 0.342378, 0, 0.580471, 0.701673, 0, 0.501853, 0.400121, 0, 0.224937, 0.22165
0.797, 0.0414023, 0, 0, 0.00138218, 0.340523, 0, 0.581009, 0.707226, 0, 0.677092, 0.347347, 0, 0.224124, 0.222291
0.8, 0.0426963, 0, 0, 0.00162759, 0.34342, 0, 0.587221, 0.704142, 0, 0.539509, 0.266974, 0, 0.225906, 0.220678
0.803, 0.0417806, 0, 0, 0.00146264, 0.342541, 0, 0.586823, 0.700615, 0, 0.536482, 0.27776, 0, 0.207712, 0.224904
0.806, 0.0417737, 0, 0, 0.00145574, 0.342316, 0, 0.58768, 0.698468, 0, 0.552378, 0.268324, 0, 0.207811, 0.225017
0.809, 0.041775, 0, 0, 0.00145323, 0.342324, 0, 0.588607, 0.698923, 0, 0.561633, 0.266327, 0, 0.224969, 0.221403
0.81, 0.0417528, 0, 0, 0.00145169, 0.342323, 0, 0.589103, 0.699473, 0, 0.558916, 0.263582, 0, 0.224949, 0.221344
0.813, 0.041711, 0, 0, 0.0014495, 0.342334, 0, 0.589616, 0.690109, 0, 0.56413, 0.276012, 0, 0.224971, 0.22134
0.816, 0.0416772, 0, 0, 0.00144487, 0.34238, 0, 0.590884, 0.690858, 0, 0.571153, 0.271392, 0, 0.224975, 0.221289
0.819, 0.0415772, 0, 0, 0.00143173, 0.342363, 0, 0.589381, 0.69275, 0, 0.603083, 0.270288, 0, 0.224915, 0.221219
0.822, 0.0415489, 0, 0, 0.00143005, 0.342371, 0, 0.588455, 0.69343, 0, 0.578866, 0.266445, 0, 0.207881, 0.224913
0.825, 0.04151, 0, 0, 0.00142368, 0.342358, 0, 0.590191, 0.693953, 0, 0.612929, 0.263263, 0, 0.224969, 0.22127
0.828, 0.0414077, 0, 0, 0.00141007, 0.34232, 0, 0.588858, 0.697013, 0, 0.637702, 0.262923, 0, 0.224869, 0.221289
0.831, 0.0414142, 0, 0, 0.00141021, 0.342346, 0, 0.590415, 0.697979, 0, 0.634085, 0.261379, 0, 0.224916, 0.221236
0.832, 0.0414092, 0, 0, 0.00140866, 0.34235, 0, 0.590571, 0.698358, 0, 0.633838, 0.260664, 0, 0.224919, 0.221223
0.835, 0.0413732, 0, 0, 0.00140049, 0.342356, 0, 0.590777, 0.698388, 0, 0.636705, 0.258753, 0, 0.207833, 0.224973
0.838, 0.0413197, 0, 0, 0.00138775, 0.342318, 0, 0.590728, 0.691869, 0, 0.639918, 0.257501, 0, 0.224876, 0.221258
0.841, 0.0413555, 0, 0, 0.00135741, 0.342411, 0, 0.591214, 0.693122, 0, 0.642628, 0.254191, 0, 0.224893, 0.221144
0.844, 0.0413062, 0, 0, 0.0013442, 0.342372, 0, 0.591208, 0.694635, 0, 0.646273, 0.28307, 0, 0.20802, 0.224557
0.847, 0.0412213, 0, 0, 0.00125821, 0.342383, 0, 0.591454, 0.694987, 0, 0.699917, 0.280292, 0, 0.224709, 0.220987
0.85, 0.0414297, 0, 0, 0.00127523, 0.3424, 0, 0.592157, 0.696871, 0, 0.717887, 0.27673, 0, 0.224618, 0.221113
0.854, 0.0414738, 0, 0, 0.00126199, 0.342457, 0, 0.592599, 0.698909, 0, 0.744328, 0.266974, 0, 0.208089, 0.224419
0.857, 0.0415113, 0, 0, 0.00124382, 0.342424, 0, 0.592552, 0.700159, 0, 0.763192, 0.25476, 0, 0.224902, 0.221076
0.86, 0.0415225, 0, 0, 0.00121746, 0.342394, 0, 0.592506, 0.701843, 0, 0.782456, 0.239837, 0, 0.22489, 0.221212
0.863, 0.0413342, 0, 0, 0.00118547, 0.342141, 0, 0.591685, 0.703416, 0, 0.867736, 0.229864, 0, 0.22431, 0.221765
0.866, 0.0418709, 0, 0, 0.00122008, 0.342326, 0, 0.592684, 0.705698, 0, 0.904856, 0.209399, 0, 0.208383, 0.225298
0.869, 0.0418518, 0, 0, 0.0011896, 0.342372, 0, 0.592549, 0.706309, 0, 0.934069, 0.199087, 0, 0.225094, 0.221955
0.872, 0.0419441, 0, 0, 0.0011724, 0.34241, 0, 0.592464, 0.707452, 0, 0.924231, 0.179951, 0, 0.224896, 0.222369
0.875, 0.042016, 0, 0, 0.00116301, 0.342369, 0, 0.592422, 0.70832, 0, 0.900831, 0.172661, 0, 0.225154, 0.222088
0.876, 0.0419485, 0, 0, 0.00114322, 0.342354, 0, 0.592141, 0.708509, 0, 0.916512, 0.170273, 0, 0.225006, 0.222106
0.879, 0.041997, 0, 0, 0.00112206, 0.342283, 0, 0.59204, 0.710204, 0, 0.875113, 0.154352, 0, 0.207946, 0.225851
0.882, 0.0423347, 0, 0, 0.00113314, 0.342316, 0, 0.57407, 0.711048, 0, 0.78856, 0.144977, 0, 0.225293, 0.222278
0.885, 0.042256, 0, 0, 0.00109956, 0.342299, 0, 0.573832, 0.711484, 0, 0.759617, 0.135729, 0, 0.208226, 0.225694
0.888, 0.0423607, 0, 0, 0.00105997, 0.342268, 0, 0.57376, 0.712702, 0, 0.759386, 0.142452, 0, 0.208259, 0.226028
0.891, 0.0424425, 0, 0, 0.00103616, 0.342219, 0, 0.5736, 0.712839, 0, 0.740399, 0.119757, 0, 0.225081, 0.22255
0.895, 0.042661, 0, 0, 0.0009938, 0.342189, 0, 0.573633, 0.712537, 0, 0.694389, 0.0778183, 0, 0.224974, 0.223347
0.898, 0.0428187, 0, 0, 0.000967811, 0.34231, 0, 0.573851, 0.712575, 0, 0.624175, 0.0602264, 0, 0.225415, 0.226123
0.901, 0.0430081, 0, 0, 0.00101451, 0.342281, 0, 0.574493, 0.709691, 0, 0.57529, 0.0316366, 0, 0.208425, 0.22706
0.904, 0.0429444, 0, 0, 0.000961627, 0.342326, 0, 0.574526, 0.709567, 0, 0.500247, 0.0237731, 0, 0.225404, 0.22422
0.907, 0.0430212, 0, 0, 0.000944019, 0.34232, 0, 0.574789, 0.709151, 0, 0.385135, 0.0178767, 0, 0.225501, 0.224643
0.911, 0.0447849, 0, 0, 0.00111554, 0.342859, 0, 0.578084, 0.706248, 0, 0.212842, 0.0040694, 0, 0.226826, 0.223881
0.912, 0.0452162, 0, 0, 0.00122171, 0.34327, 0, 0.579035, 0.70429, 0, 0.201384, 0, 0, 0.22711, 0.223048
0.915, 0.0480632, 0, 0, 0.00185454, 0.345935, 0, 0.586054, 0.695433, 0, 0.103108, 0, 0, 0.212396, 0.221723
0.918, 0.0506564, 0, 0, 0.00266943, 0.349726, 0, 0.59471, 0.682134, 0, 0, 0, 0, 0.214883, 0.217522
0.922, 0.0487764, 0, 0, 0.00291833, 0.351614, 0, 0.600746, 0.643368, 0, 0, 0, 0, 0.215813, 0.217271
0.926, 0.0460566, 0, 0, 0.00281147, 0.350118, 0, 0.60703, 0.617484, 0, 0, 0, 0, 0.215054, 0.217392
0.93, 0.0442161, 0, 0, 0.00283567, 0.349918, 0, 0.628974, 0.617351, 0, 0, 0, 0, 0.214834, 0.21673
0.931, 0.0138657, 0, 0, 0.000672347, 0.340878, 0, 0.552562, 0.671453, 0, 0, 1.29526, 0, 0.184597, 0.229196
0.933, 0, 0, 0, 0, 0.275569, 0, 0.466039, 0.904571, 0, 0, 0, 0, 0.169481, 0.246828
0.936, 0, 0, 0, 0.027164, 0.468046, 0, 0.944744, 0.652311, 0, 0, 0, 0, 0.405186, 0.24905
0.938, 0.06645, 0, 0, 0.00457453, 0.378129, 0, 0.61474, 0.615234, 0, 0, 0, 0, 0.236125, 0.205029
0.941, 0.030856, 0, 0, 0.000425411, 0.33714, 0, 0.554224, 0.686969, 0, 0, 0, 0, 0.211916, 0.215984
0.944, 0.0448573, 0, 0, 0, 0.333975, 0, 0.580241, 0.668194, 0, 0, 0, 0, 0.222708, 0.212261
0.948, 0.0449497, 0, 0, 0, 0.337417, 0, 0.582047, 0.66406, 0, 0, 0, 0, 0.223038, 0.211896
0.949, 0.0447844, 0, 0, 0, 0.337484, 0, 0.581949, 0.663057, 0, 0, 0, 0, 0.223016, 0.211767
0.953, 0.0441506, 0, 0, 0, 0.339486, 0, 0.582268, 0.661043, 0, 0, 0, 0, 0.223186, 0.211569
0.957, 0.0479793, 0, 0, 0, 0.342875, 0, 0.590841, 0.646764, 0, 0, 2.8155, 0, 0.227164, 0.210038
0.96, 0.0396502, 0, 0, 0.0024344, 0.369705, 0, 0.592396, 0.628277, 0, 0, 0.259726, 0, 0.223916, 0.211032
0.963, 0.0355368, 0, 0, 0.00153242, 0.343887, 0, 0.590216, 0.647383, 0, 0, 0.248509, 0, 0.21023, 0.212919
0.967, 0.0373863, 0, 0, 0.00168561, 0.343899, 0, 0.592471, 0.646125, 0, 0, 0.241945, 0, 0.210606, 0.214016
0.971, 0.0380707, 0, 0, 0.00179843, 0.344487, 0, 0.591396, 0.644602, 0, 0, 0.236644, 0, 0.210424, 0.214668
0.976, 0.038519, 0, 0, 0.00189568, 0.344483, 0, 0.591187, 0.645069, 0, 0, 0.231704, 0, 0.21017, 0.215586
0.983, 0.039175, 0, 0, 0.00187873, 0.344262, 0, 0.590241, 0.637306, 0, 0, 0.228307, 0, 0.20961, 0.216915
0.987, 0.0394435, 0, 0, 0.00196952, 0.344006, 0, 0.5903, 0.636939, 0, 0, 0.227012, 0, 0.209334, 0.217674
0.991, 0.0397039, 0, 0, 0.00195514, 0.343775, 0, 0.589902, 0.637073, 0, 0, 0.22672, 0, 0.209142, 0.218411
0.992, 0.0397666, 0, 0, 0.00195036, 0.34375, 0, 0.589803, 0.637176, 0, 0, 0.22654, 0, 0.209094, 0.218598
0.996, 0.0398567, 0, 0, 0.00189256, 0.343473, 0, 0.588987, 0.637568, 0, 0, 0.226089, 0, 0.226284, 0.215845
1, 0.0401231, 0, 0, 0.00184115, 0.343172, 0, 0.588318, 0.63912, 0, 0, 0.225537, 0, 0.225858, 0.215631
1.004, 0.0403903, 0, 0, 0.00173784, 0.342362, 0, 0.587562, 0.639813, 0, 0, 0, 0, 0.225404, 0.215806
1.008, 0.0405959, 0, 0, 0.00165627, 0.342411, 0, 0.586647, 0.639977, 0, 0, 0, 0, 0.224889, 0.216187
1.012, 0.0408468, 0, 0, 0.00160578, 0.34209, 0, 0.585653, 0.641974, 0, 0, 0, 0, 0.224375, 0.216507
1.013, 0.0408658, 0, 0, 0.0015758, 0.342068, 0, 0.58538, 0.642328, 0, 0, 0, 0, 0.224212, 0.216603
1.021, 0.0415019, 0, 0, 0.00139952, 0.341578, 0, 0.583788, 0.641656, 0, 0, 0, 0, 0.223273, 0.217129
1.025, 0.0417731, 0, 0, 0.00129331, 0.341354, 0, 0.582937, 0.642836, 0, 0, 0, 0, 0.222769, 0.218038
1.029, 0.0419718, 0, 0, 0.00118648, 0.34078, 0, 0.581968, 0.643477, 0, 0, 0, 0, 0.222225, 0.218176
1.033, 0.0421224, 0, 0, 0.00106928, 0.340438, 0, 0.581265, 0.644057, 0, 0, 0, 0, 0.221645, 0.218447
1.034, 0.0421769, 0, 0, 0.00104673, 0.340354, 0, 0.581034, 0.644347, 0, 0, 0, 0, 0.221519, 0.218512
1.038, 0.0423492, 0, 0, 0.000951173, 0.339666, 0, 0.581152, 0.645132, 0, 0, 0, 0, 0.226837, 0.218417
1.042, 0.0424714, 0, 0, 0.000909816, 0.339283, 0, 0.581095, 0.646751, 0, 0, 0, 0, 0.226293, 0.218782
1.046, 0.0424618, 0, 0, 0.000834501, 0.33862, 0, 0.579871, 0.64353, 0, 0, 0, 0, 0.225909, 0.218939
1.05, 0.0874467, 0, 0, 0.00741315, 0.349087, 0, 0.655533, 0.5915, 0, 0, 0, 0, 0.260914, 0.213116
1.051, 0.0527896, 0, 0, 0.00273394, 0.354766, 0, 0.604736, 0.620336, 0, 0, 0, 0, 0.23569, 0.214126
1.054, 0.0426858, 0, 0, 0.0014917, 0.343984, 0, 0.584918, 0.638166, 0, 0, 0, 0, 0.228899, 0.217133
1.058, 0.0430406, 0, 0, 0.00146628, 0.341649, 0, 0.586012, 0.639274, 0, 0, 0, 0, 0.229301, 0.216928
1.061, 0.0432581, 0, 0, 0.00149282, 0.34186, 0, 0.58694, 0.636011, 0, 0, 0, 0, 0.229433, 0.216884
1.065, 0.0433126, 0, 0, 0.00151937, 0.34214, 0, 0.587224, 0.635918, 0, 0, 0, 0, 0.229497, 0.216782
1.069, 0.0432305, 0, 0, 0.00153352, 0.342257, 0, 0.587372, 0.636154, 0, 0, 0, 0, 0.229516, 0.216928
1.073, 0.043102, 0, 0, 0.00154106, 0.342259, 0, 0.58747, 0.636665, 0, 0, 0, 0, 0.229513, 0.216584
1.074, 0.0430442, 0, 0, 0.00154165, 0.342251, 0, 0.58777, 0.634282, 0, 0, 0, 0, 0.229518, 0.216563
1.078, 0.0429359, 0, 0, 0.00154206, 0.341878, 0, 0.587964, 0.634326, 0, 0, 0, 0, 0.229191, 0.216576
1.082, 0.04276, 0, 0, 0.00154391, 0.342009, 0, 0.58805, 0.63479, 0, 0, 0, 0, 0.229184, 0.216523
1.086, 0.0426011, 0, 0, 0.00154522, 0.342079, 0, 0.588199, 0.635075, 0, 0, 0, 0, 0.229181, 0.216445
1.09, 0.0423803, 0, 0, 0.00154286, 0.342146, 0, 0.588659, 0.627896, 0, 0, 0, 0, 0.229191, 0.216343
1.094, 0.0423012, 0, 0, 0.00154562, 0.342215, 0, 0.588737, 0.627253, 0, 0, 0, 0, 0.229159, 0.216252
1.099, 0.0421195, 0, 0, 0.00155167, 0.342568, 0, 0.588649, 0.62662, 0, 0, 0, 0, 0.229156, 0.216131
1.103, 0.0419881, 0, 0, 0.00155267, 0.342484, 0, 0.588937, 0.626353, 0, 0, 0, 0, 0.22915, 0.216016
1.106, 0.0419002, 0, 0, 0.00155388, 0.342458, 0, 0.589032, 0.626292, 0, 0, 0, 0, 0.229145, 0.21594
1.109, 0.0418447, 0, 0, 0.00154967, 0.342072, 0, 0.588284, 0.626135, 0, 0, 0, 0, 0.229145, 0.215853
1.113, 0.0416916, 0, 0, 0.00154639, 0.342186, 0, 0.546034, 0.634558, 0, 0, 0, 0, 0.223295, 0.216931
1.114, 0.0416793, 0, 0, 0.00154541, 0.342167, 0, 0.546117, 0.634438, 0, 0, 0, 0, 0.223291, 0.216927
1.118, 0.0416419, 0, 0, 0.00154638, 0.34224, 0, 0.546296, 0.634602, 0, 0, 0, 0, 0.223304, 0.216915
1.122, 0.0416119, 0, 0, 0.00155408, 0.342551, 0, 0.545804, 0.634973, 0, 0, 0, 0, 0.223306, 0.217035
1.126, 0.0416019, 0, 0, 0.00155521, 0.342465, 0, 0.546377, 0.626112, 0, 0, 0, 0, 0.2233, 0.217028
1.13, 0.0415973, 0, 0, 0.00153842, 0.342193, 0, 0.562792, 0.626342, 0, 0, 0, 0, 0.223297, 0.217035
1.133, 0.0416133, 0, 0, 0.00153529, 0.342263, 0, 0.561668, 0.625099, 0, 0, 0, 0, 0.223305, 0.217058
1.134, 0.0416435, 0, 0, 0.00153629, 0.342262, 0, 0.558616, 0.62542, 0, 0, 0, 0, 0.223311, 0.217055
1.138, 0.041663, 0, 0, 0.00153781, 0.342593, 0, 0.557502, 0.624512, 0, 0, 0, 0, 0.223646, 0.216972
1.141, 0.0417153, 0, 0, 0.00153731, 0.34252, 0, 0.55687, 0.62388, 0, 0, 0, 0, 0.223646, 0.216961
1.145, 0.0418098, 0, 0, 0.00153027, 0.342176, 0, 0.556717, 0.623714, 0, 0, 0, 0, 0.223651, 0.216957
1.149, 0.0418974, 0, 0, 0.00152572, 0.342264, 0, 0.555273, 0.622509, 0, 0, 0, 0, 0.223643, 0.216969
1.153, 0.0420309, 0, 0, 0.00153125, 0.342564, 0, 0.553134, 0.622761, 0, 0, 0, 0, 0.223655, 0.216964
1.154, 0.0420667, 0, 0, 0.00153765, 0.34247, 0, 0.551597, 0.622809, 0, 0, 0, 0, 0.223662, 0.216967
1.158, 0.0421662, 0, 0, 0.0015324, 0.342547, 0, 0.541943, 0.622023, 0, 0, 0, 0, 0.223665, 0.216879
1.161, 0.0423049, 0, 0, 0.00152363, 0.342124, 0, 0.54142, 0.622669, 0, 0, 0, 0, 0.223666, 0.216871
1.164, 0.0424163, 0, 0, 0.0015282, 0.342538, 0, 0.539914, 0.623683, 0, 0, 0, 0, 0.223677, 0.216888
1.168, 0.0426485, 0, 0, 0.00153818, 0.342585, 0, 0.538373, 0.624795, 0, 0, 0, 0, 0.22376, 0.216833
1.171, 0.0427889, 0, 0, 0.00154155, 0.342657, 0, 0.53618, 0.626404, 0, 0, 0, 0, 0.223806, 0.216823
1.175, 0.0435322, 0, 0, 0.00162227, 0.342633, 0, 0.525996, 0.628698, 0, 0, 0, 0, 0.224342, 0.216632
1.18, 0.0444051, 0, 0, 0.00178291, 0.343607, 0, 0.516916, 0.63079, 0, 0, 0, 0, 0.225208, 0.216303
1.184, 0.0449833, 0, 0, 0.00194801, 0.344344, 0, 0.489595, 0.634332, 0, 0, 0, 0, 0.225879, 0.215913
1.187, 0.0449109, 0, 0, 0.00200902, 0.344848, 0, 0.488664, 0.634882, 0, 0, 0, 0, 0.226306, 0.215742
1.191, 0.0449024, 0, 0, 0.00211997, 0.3453, 0, 0.48837, 0.634953, 0, 0, 0, 0, 0.226824, 0.215572
1.192, 0.0448884, 0, 0, 0.00214585, 0.345342, 0, 0.488245, 0.634868, 0, 0, 0, 0, 0.226947, 0.215522
1.196, 0.0447855, 0, 0, 0.00219167, 0.346113, 0, 0.48739, 0.635127, 0, 0, 0, 0, 0.227475, 0.215308
1.2, 0.0446909, 0, 0, 0.00231427, 0.346471, 0, 0.487445, 0.636832, 0, 0, 0, 0, 0.227999, 0.215129
1.203, 0.0444895, 0, 0, 0.0023967, 0.346705, 0, 0.487917, 0.634059, 0, 0, 0, 0, 0.228343, 0.215035
1.206, 0.0444012, 0, 0, 0.00237829, 0.347018, 0, 0.48845, 0.63456, 0, 0, 0, 0, 0.228713, 0.214833
1.21, 0.0443562, 0, 0, 0.0025354, 0.347458, 0, 0.490475, 0.633547, 0, 0, 0, 0, 0.228968, 0.214749
1.214, 0.0443141, 0, 0, 0.00263055, 0.3484, 0, 0.491389, 0.632098, 0, 0, 0, 0, 0.22961, 0.214563
1.218, 0.0442386, 0, 0, 0.00276343, 0.349393, 0, 0.490744, 0.630556, 0, 0, 0, 0, 0.230282, 0.21436
1.219, 0.0441945, 0, 0, 0.00280452, 0.349333, 0, 0.49083, 0.630235, 0, 0, 0, 0, 0.230416, 0.21431
1.223, 0.0440018, 0, 0, 0.00295123, 0.349515, 0, 0.491819, 0.628289, 0, 0, 0, 0, 0.231025, 0.214067
1.227, 0.0438587, 0, 0, 0.00313466, 0.349578, 0, 0.492447, 0.627149, 0, 0, 0, 0, 0.214587, 0.217128
1.23, 0.0437371, 0, 0, 0.0032726, 0.349709, 0, 0.493208, 0.626202, 0, 0, 0, 0, 0.214736, 0.217428
1.233, 0.0435536, 0, 0, 0.00338722, 0.349892, 0, 0.495005, 0.625222, 0, 0, 0, 0, 0.215125, 0.217528
1.236, 0.043371, 0, 0, 0.00349135, 0.349916, 0, 0.49631, 0.624548, 0, 0, 0, 0, 0.215489, 0.217689
1.237, 0.0432863, 0, 0, 0.00352433, 0.349727, 0, 0.496852, 0.621669, 0, 0, 0, 0, 0.215615, 0.217746
1.241, 0.0430915, 0, 0, 0.00382287, 0.350047, 0, 0.49806, 0.621281, 0, 0, 0, 0, 0.216094, 0.217936
1.245, 0.0428675, 0, 0, 0.00376014, 0.350676, 0, 0.499241, 0.621211, 0, 0, 0, 0, 0.216561, 0.217941
1.248, 0.0427154, 0, 0, 0.00385668, 0.350853, 0, 0.500066, 0.622472, 0, 0, 0, 0, 0.216814, 0.218127
1.252, 0.042431, 0, 0, 0.00389857, 0.350851, 0, 0.501964, 0.616457, 0, 0, 0, 0, 0.217699, 0.218257
1.253, 0.0424235, 0, 0, 0.00392653, 0.350845, 0, 0.502204, 0.616609, 0, 0, 0, 0, 0.217821, 0.218309
1.257, 0.0422924, 0, 0, 0.00402443, 0.350926, 0, 0.502926, 0.618046, 0, 0, 0, 0, 0.218266, 0.218545
1.26, 0.0421993, 0, 0, 0.00410222, 0.351288, 0, 0.504873, 0.609259, 0, 0, 0, 0, 0.218573, 0.21873
1.264, 0.0420971, 0, 0, 0.00419876, 0.351407, 0, 0.50602, 0.608516, 0, 0, 0, 0, 0.218995, 0.218707
1.271, 0.0420437, 0, 0, 0.00438185, 0.351866, 0, 0.50871, 0.605625, 0, 0, 0, 0, 0.219714, 0.219243
1.272, 0.0420785, 0, 0, 0.00441069, 0.351876, 0, 0.509035, 0.606174, 0, 0, 0, 0, 0.219753, 0.219326
1.275, 0.0420269, 0, 0, 0.00479427, 0.355638, 0, 0.510708, 0.599557, 0, 0, 0, 0, 0.22004, 0.219351
1.279, 0.0420964, 0, 0, 0.00491403, 0.355524, 0, 0.512267, 0.596566, 0, 0, 0, 0, 0.220449, 0.219463
1.282, 0.0422405, 0, 0, 0.00500077, 0.355327, 0, 0.513857, 0.594052, 0, 0, 0, 0, 0.220768, 0.2197
1.286, 0.0423169, 0, 0, 0.00512418, 0.355126, 0, 0.51562, 0.593833, 0, 0, 0, 0, 0.221237, 0.217042
1.29, 0.0424626, 0, 0, 0.00493797, 0.356011, 0, 0.518006, 0.584584, 0, 0, 0, 0, 0.221681, 0.217372
1.291, 0.0424751, 0, 0, 0.00496974, 0.355829, 0, 0.518258, 0.584428, 0, 0, 0, 0, 0.22176, 0.217467
1.295, 0.0425343, 0, 0, 0.00506315, 0.355751, 0, 0.520203, 0.58456, 0, 0, 0, 0, 0.22214, 0.217762
1.299, 0.0426348, 0, 0, 0.00520044, 0.355524, 0, 0.521554, 0.583363, 0, 0, 0, 0, 0.222517, 0.217931
1.307, 0.0428538, 0, 0, 0.0305604, 0.355289, 0, 0.524008, 0.580284, 0, 0, 0, 0, 0.22325, 0.218318
1.311, 0.0429649, 0, 0, 0.0308492, 0.355453, 0, 0.524953, 0.579888, 0, 0, 0, 0, 0.223577, 0.218562
1.312, 0.0429854, 0, 0, 0.0308806, 0.355411, 0, 0.525444, 0.580591, 0, 0, 0, 0, 0.22364, 0.21863
1.316, 0.0430566, 0, 0, 0.031421, 0.355272, 0, 0.526192, 0.581639, 0, 0, 0, 0, 0.22399, 0.218914
1.32, 0.0431599, 0, 0, 0.0317061, 0.35512, 0, 0.527294, 0.581345, 0, 0, 0, 0, 0.224339, 0.219091
1.324, 0.0432306, 0, 0, 0.0320145, 0.354953, 0, 0.528485, 0.580973, 0, 0, 0, 0, 0.224648, 0.219339
1.328, 0.0431954, 0, 0, 0.0322095, 0.354934, 0, 0.533189, 0.580626, 0, 0, 0, 0, 0.224989, 0.219611
1.333, 0.0431419, 0, 0, 0.0322937, 0.35531, 0, 0.53455, 0.5824, 0, 0, 0, 0, 0.225274, 0.21967
1.336, 0.0431185, 0, 0, 0.0324695, 0.35509, 0, 0.535381, 0.582309, 0, 0, 0, 0, 0.22547, 0.219795
1.34, 0.0431879, 0, 0, 0.032696, 0.355117, 0, 0.532577, 0.582574, 0, 0, 0, 0, 0.225785, 0.220274
1.343, 0.0432216, 0, 0, 0.0328906, 0.354903, 0, 0.533339, 0.582396, 0, 0, 0, 0, 0.225777, 0.220295
1.347, 0.0431282, 0, 0, 0.0330608, 0.35506, 0, 0.534356, 0.582389, 0, 0, 0, 0, 0.226027, 0.220525
1.348, 0.043041, 0, 0, 0.0330579, 0.355025, 0, 0.538815, 0.581821, 0, 0, 0, 0, 0.226039, 0.220575
1.351, 0.0429444, 0, 0, 0.0332489, 0.355016, 0, 0.539735, 0.581826, 0, 0, 0, 0, 0.226201, 0.220728
1.355, 0.0428122, 0, 0, 0.0333623, 0.355414, 0, 0.540701, 0.58186, 0, 0, 0, 0, 0.226407, 0.221325
1.359, 0.0427643, 0, 0, 0.033545, 0.355575, 0, 0.538023, 0.582264, 0, 0, 0, 0, 0.226377, 0.221361
1.363, 0.0425151, 0, 0, 0.0335146, 0.355877, 0, 0.544295, 0.581919, 0, 0, 0, 0, 0.226484, 0.221563
1.367, 0.0424049, 0, 0, 0.0336144, 0.356227, 0, 0.544883, 0.583237, 0, 0, 0, 0, 0.226688, 0.22176
1.368, 0.0424568, 0, 0, 0.0336818, 0.35626, 0, 0.541526, 0.583773, 0, 0, 0, 0, 0.226797, 0.221804
1.372, 0.0422997, 0, 0, 0.0339038, 0.35619, 0, 0.545601, 0.584701, 0, 0, 0, 0, 0.226982, 0.222041
1.376, 0.0422576, 0, 0, 0.0339466, 0.356792, 0, 0.546059, 0.586539, 0, 0, 0, 0, 0.227249, 0.222108
1.379, 0.0422543, 0, 0, 0.0341498, 0.35693, 0, 0.542921, 0.588723, 0, 0, 0, 0, 0.227504, 0.222206
1.382, 0.0420855, 0, 0, 0.0337166, 0.357189, 0, 0.547406, 0.584186, 0, 0, 0, 0, 0.227602, 0.222413
1.385, 0.0420146, 0, 0, 0.0338164, 0.356553, 0, 0.548075, 0.583803, 0, 0, 0, 0, 0.227772, 0.222439
1.386, 0.0419974, 0, 0, 0.0338777, 0.356654, 0, 0.548302, 0.584628, 0, 0, 0, 0, 0.227846, 0.222497
1.389, 0.0419949, 0, 0, 0.0339916, 0.357182, 0, 0.546634, 0.580888, 0, 0, 0, 0, 0.228062, 0.22247
1.392, 0.0418804, 0, 0, 0.034098, 0.357251, 0, 0.549724, 0.5808, 0, 0, 0, 0, 0.2282, 0.222571
1.396, 0.0417774, 0, 0, 0.0342777, 0.357121, 0, 0.550613, 0.576662, 0, 0, 0, 0, 0.228411, 0.222732
1.4, 0.0416763, 0, 0, 0.0344726, 0.356446, 0, 0.553164, 0.572365, 0, 0, 0, 0, 0.227454, 0.222807
1.404, 0.041664, 0, 0, 0.0345949, 0.357018, 0, 0.554367, 0.573266, 0, 0, 0, 0, 0.228006, 0.223031
1.408, 0.041248, 0, 0, 0.0337711, 0.374801, 0, 0.554558, 0.566734, 0, 0, 0, 0, 0.228028, 0.22335
1.412, 0.041001, 0, 0, 0.0346402, 0.375008, 0, 0.554775, 0.564594, 0, 0, 0, 0, 0.227392, 0.223125
1.413, 0.0410247, 0, 0, 0.0346753, 0.375003, 0, 0.554843, 0.56453, 0, 0, 0, 0, 0.227403, 0.222898
1.416, 0.0411232, 0, 0, 0.0346418, 0.374249, 0, 0.555244, 0.564625, 0, 0, 0, 0, 0.227476, 0.223074
1.419, 0.0412586, 0, 0, 0.0346238, 0.373391, 0, 0.555278, 0.564606, 0, 0, 0, 0, 0.227577, 0.22326
1.423, 0.0414034, 0, 0, 0.0346561, 0.372675, 0, 0.555987, 0.564552, 0, 0, 0, 0, 0.227689, 0.223512
1.427, 0.0415227, 0, 0, 0.0347079, 0.372109, 0, 0.557139, 0.565146, 0, 0, 0, 0, 0.228029, 0.223812
1.431, 0.0417054, 0, 0, 0.0348188, 0.372207, 0, 0.558343, 0.565049, 0, 0, 0, 0, 0.22703, 0.223886
1.432, 0.0417234, 0, 0, 0.034852, 0.372023, 0, 0.558499, 0.565151, 0, 0, 0, 0, 0.227035, 0.223945
1.436, 0.0418619, 0, 0, 0.0348738, 0.371753, 0, 0.559032, 0.565299, 0, 0, 0, 0, 0.227113, 0.224187
1.44, 0.0420031, 0, 0, 0.0349523, 0.371165, 0, 0.5596, 0.565505, 0, 0, 0, 0, 0.227174, 0.224252
1.444, 0.0420924, 0, 0, 0.0349212, 0.370949, 0, 0.563833, 0.565548, 0, 0, 0, 0, 0.227193, 0.224507
1.447, 0.0422468, 0, 0, 0.0349395, 0.370847, 0, 0.564089, 0.56576, 0, 0, 0, 0, 0.227238, 0.224689
1.448, 0.0422965, 0, 0, 0.0349851, 0.370784, 0, 0.564213, 0.565842, 0, 0, 0, 0, 0.227256, 0.224749
1.452, 0.0425106, 0, 0, 0.0350291, 0.370531, 0, 0.564902, 0.5661, 0, 0, 0, 0, 0.227329, 0.224978
1.456, 0.0426993, 0, 0, 0.0350806, 0.370204, 0, 0.565955, 0.566633, 0, 0, 0, 0, 0.227391, 0.225224
1.459, 0.0428327, 0, 0, 0.0351345, 0.37031, 0, 0.566407, 0.567258, 0, 0, 0, 0, 0.227296, 0.225441
1.463, 0.0429996, 0, 0, 0.0351442, 0.369915, 0, 0.567079, 0.56822, 0, 0, 0, 0, 0.227346, 0.225683
1.464, 0.0430451, 0, 0, 0.0351761, 0.369908, 0, 0.567211, 0.56852, 0, 0, 0, 0, 0.227367, 0.225751
1.468, 0.0432323, 0, 0, 0.0352228, 0.369587, 0, 0.568487, 0.569376, 0, 0, 0, 0, 0.227448, 0.225992
1.472, 0.0433993, 0, 0, 0.0352898, 0.369374, 0, 0.569254, 0.570321, 0, 0, 0, 0, 0.226708, 0.226105
1.476, 0.043436, 0, 0, 0.0352771, 0.369036, 0, 0.570269, 0.567069, 0, 0, 0, 0, 0.226735, 0.226356
1.48, 0.043494, 0, 0, 0.0352991, 0.368829, 0, 0.570827, 0.567343, 0, 0, 0, 0, 0.226496, 0.226068
1.484, 0.0435258, 0, 0, 0.0352826, 0.368612, 0, 0.571658, 0.56764, 0, 0, 0, 0, 0.226534, 0.223977
1.488, 0.0435639, 0, 0, 0.0353027, 0.368306, 0, 0.572039, 0.568012, 0, 0, 0, 0, 0.226597, 0.224185
1.492, 0.0435456, 0, 0, 0.0352892, 0.368147, 0, 0.572961, 0.569773, 0, 0, 0, 0, 0.226639, 0.224381
1.495, 0.0435335, 0, 0, 0.035268, 0.368069, 0, 0.573563, 0.570358, 0, 0, 0, 0, 0.226681, 0.224554
1.498, 0.0434984, 0, 0, 0.0352842, 0.368009, 0, 0.573938, 0.571227, 0, 0, 0, 0, 0.226326, 0.224646
1.499, 0.0434871, 0, 0, 0.0352865, 0.367991, 0, 0.574052, 0.571632, 0, 0, 0, 0, 0.226342, 0.224699
1.502, 0.0434832, 0, 0, 0.0352986, 0.367705, 0, 0.574446, 0.572945, 0, 0, 0, 0, 0.226408, 0.22485
1.506, 0.0434038, 0, 0, 0.035338, 0.367779, 0, 0.575153, 0.575333, 0, 0, 0, 0, 0.226475, 0.225055
1.509, 0.0433378, 0, 0, 0.0353573, 0.367817, 0, 0.57546, 0.577738, 0, 0, 0, 0, 0.226531, 0.225213
1.513, 0.0431799, 0, 0, 0.0353433, 0.367807, 0, 0.576493, 0.571023, 0, 0, 0, 0, 0.226562, 0.22542
1.517, 0.042898, 0, 0, 0.0352178, 0.367749, 0, 0.577021, 0.57141, 0, 0, 0, 0, 0.246169, 0.221945
1.522, 0.0427495, 0, 0, 0.0351463, 0.367662, 0, 0.578016, 0.573215, 0, 0, 0, 0, 0.246112, 0.22183
1.529, 0.0425276, 0, 0, 0.0350797, 0.367634, 0, 0.580048, 0.565751, 0, 0, 0, 0, 0.226597, 0.224944
1.533, 0.0425655, 0, 0, 0.035101, 0.367692, 0, 0.581192, 0.565121, 0, 0, 0, 0, 0.226321, 0.225742
1.536, 0.0425017, 0, 0, 0.0350849, 0.367698, 0, 0.581573, 0.565267, 0, 0, 0, 0, 0.22632, 0.225826
1.54, 0.0423196, 0, 0, 0.0349824, 0.367702, 0, 0.582121, 0.565695, 0, 0, 0, 0, 0.245696, 0.222544
1.541, 0.0421831, 0, 0, 0.0348928, 0.367661, 0, 0.584156, 0.565888, 0, 0, 0, 0, 0.245844, 0.222344
1.545, 0.0421634, 0, 0, 0.0347886, 0.367552, 0, 0.584286, 0.56646, 0, 0, 0, 0, 0.245752, 0.22222
1.549, 0.0422964, 0, 0, 0.0348043, 0.367593, 0, 0.585128, 0.565843, 0, 0, 0, 0, 0.226054, 0.225734
1.552, 0.0423111, 0, 0, 0.0347859, 0.36766, 0, 0.585412, 0.56625, 0, 0, 0, 0, 0.226024, 0.225784
1.556, 0.042161, 0, 0, 0.0346121, 0.367742, 0, 0.585546, 0.567152, 0, 0, 0, 0, 0.245558, 0.221634
1.56, 0.0422159, 0, 0, 0.0345063, 0.367684, 0, 0.585658, 0.568798, 0, 0, 0, 0, 0.245443, 0.222023
1.565, 0.042387, 0, 0, 0.0345099, 0.367592, 0, 0.586231, 0.569877, 0, 0, 0, 0, 0.245154, 0.222228
1.568, 0.0423855, 0, 0, 0.0343814, 0.367513, 0, 0.586628, 0.571087, 0, 0, 0, 0, 0.245296, 0.221913
1.571, 0.0426248, 0, 0, 0.0344322, 0.367599, 0, 0.587303, 0.568828, 0, 0, 0, 0, 0.225649, 0.225533
1.574, 0.0425042, 0, 0, 0.0342654, 0.367614, 0, 0.587607, 0.566195, 0, 0, 0, 0, 0.24515, 0.221899
1.577, 0.0426084, 0, 0, 0.0341717, 0.367579, 0, 0.587896, 0.56623, 0, 0, 0, 0, 0.245045, 0.221768
1.58, 0.0428412, 0, 0, 0.0342125, 0.36785, 0, 0.58894, 0.566086, 0, 0, 0, 0, 0.225397, 0.225377
1.581, 0.0428778, 0, 0, 0.0341816, 0.367798, 0, 0.589021, 0.566063, 0, 0, 0, 0, 0.225385, 0.22538
1.585, 0.0428517, 0, 0, 0.0339376, 0.367518, 0, 0.589131, 0.566437, 0, 0, 0, 0, 0.244847, 0.221701
1.589, 0.0429931, 0, 0, 0.0344735, 0.366762, 0, 0.589116, 0.566658, 0, 0, 0, 0, 0.244684, 0.221539
1.593, 0.0433094, 0, 0, 0.0345094, 0.366945, 0, 0.589865, 0.565929, 0, 0, 0, 0, 0.225085, 0.225136
1.597, 0.0432643, 0, 0, 0.0342241, 0.366837, 0, 0.589983, 0.566355, 0, 0, 0, 0, 0.244461, 0.221445
1.601, 0.04348, 0, 0, 0.034181, 0.366958, 0, 0.59077, 0.566357, 0, 0, 0, 0, 0.225038, 0.22466
1.605, 0.043518, 0, 0, 0.0340585, 0.36713, 0, 0.59114, 0.566264, 0, 0, 0, 0, 0.244371, 0.221517
1.606, 0.0434761, 0, 0, 0.033981, 0.367088, 0, 0.591129, 0.566451, 0, 0, 0, 0, 0.244547, 0.221277
1.61, 0.0435244, 0, 0, 0.0338052, 0.367029, 0, 0.591397, 0.566807, 0, 0, 0, 0, 0.24439, 0.221063
1.614, 0.0442152, 0, 0, 0.0341973, 0.345011, 0, 0.592823, 0.565719, 0, 0, 0, 0, 0.225211, 0.224555
1.617, 0.0443062, 0, 0, 0.0342, 0.347126, 0, 0.593428, 0.567634, 0, 0, 0, 0, 0.244819, 0.223902
1.625, 0.0442219, 0, 0, 0.0343532, 0.34849, 0, 0.595427, 0.567046, 0, 0, 0, 0, 0.225762, 0.22723
1.629, 0.0439806, 0, 0, 0.0343532, 0.349026, 0, 0.595942, 0.566691, 0, 0, 0, 0, 0.245009, 0.223985
1.63, 0.0438976, 0, 0, 0.0343005, 0.349031, 0, 0.596015, 0.566848, 0, 0, 0, 0, 0.245228, 0.223773
1.634, 0.0439132, 0, 0, 0.0344147, 0.349585, 0, 0.59697, 0.566751, 0, 0, 0, 0, 0.225866, 0.227155
1.638, 0.0437748, 0, 0, 0.0340975, 0.350185, 0, 0.597842, 0.565684, 0, 0, 0, 0, 0.225966, 0.227238
1.642, 0.0435599, 0, 0, 0.0339081, 0.350524, 0, 0.598437, 0.566629, 0, 0, 0, 0, 0.226255, 0.226994
1.646, 0.0430056, 0, 0, 0.0334031, 0.372443, 0, 0.598789, 0.566994, 0, 0, 0, 0, 0.225823, 0.227354
1.647, 0.0428222, 0, 0, 0.0325667, 0.369454, 0, 0.597209, 0.565223, 0, 0, 0, 0, 0.244755, 0.223653
1.651, 0.0425046, 0, 0, 0.033638, 0.371684, 0, 0.598666, 0.565749, 0, 0, 0, 0, 0.225545, 0.226823
1.655, 0.0425776, 0, 0, 0.0345055, 0.35346, 0, 0.599335, 0.565567, 0, 0, 0, 0, 0.225904, 0.22649
1.659, 0.0424234, 0, 0, 0.0328148, 0.370676, 0, 0.599886, 0.567012, 0, 0, 0, 0, 0.245116, 0.22379
1.662, 0.042445, 0, 0, 0.034189, 0.352517, 0, 0.600552, 0.565221, 0, 0, 0, 0, 0.225694, 0.226726
1.666, 0.0423153, 0, 0, 0.0327898, 0.370063, 0, 0.601731, 0.567252, 0, 0, 0, 0, 0.225712, 0.227264
1.667, 0.0422439, 0, 0, 0.0341748, 0.352761, 0, 0.600631, 0.56581, 0, 0, 0, 0, 0.244749, 0.2236
1.671, 0.0423139, 0, 0, 0.0323852, 0.367884, 0, 0.60265, 0.566771, 0, 0, 0, 0, 0.22579, 0.227239
1.675, 0.0420491, 0, 0, 0.0337692, 0.351555, 0, 0.602917, 0.565688, 0, 0, 0, 0, 0.226018, 0.226564
1.679, 0.0422422, 0, 0, 0.0339019, 0.35304, 0, 0.603922, 0.566368, 0, 0, 0, 0, 0.225954, 0.227237
1.683, 0.0419243, 0, 0, 0.0320694, 0.369191, 0, 0.60399, 0.566616, 0, 0, 0, 0, 0.22607, 0.227067
1.688, 0.0417937, 0, 0, 0.0336845, 0.351836, 0, 0.604335, 0.565263, 0, 0, 0, 0, 0.22605, 0.226579
1.691, 0.0417336, 0, 0, 0.0346708, 0.355862, 0, 0.604997, 0.566556, 0, 0, 0, 0, 0.245043, 0.224048
1.695, 0.0417889, 0, 0, 0.0320845, 0.368967, 0, 0.605579, 0.565992, 0, 0, 0, 0, 0.225804, 0.227256
1.699, 0.0416799, 0, 0, 0.0335568, 0.351867, 0, 0.605619, 0.564587, 0, 0, 0, 0, 0.225986, 0.226594
1.7, 0.0417341, 0, 0, 0.034356, 0.354717, 0, 0.606825, 0.565715, 0, 0, 0, 0, 0.225934, 0.227142
1.704, 0.0417998, 0, 0, 0.0337166, 0.35353, 0, 0.606259, 0.56453, 0, 0, 0, 0, 0.245005, 0.224017
1.708, 0.0420445, 0, 0, 0.0339399, 0.353556, 0, 0.606763, 0.563865, 0, 0, 0, 0, 0.225836, 0.227274
1.712, 0.0420566, 0, 0, 0.0336325, 0.353126, 0, 0.606775, 0.562338, 0, 0, 0, 0, 0.245059, 0.224022
1.715, 0.0422183, 0, 0, 0.0336982, 0.353342, 0, 0.607012, 0.56132, 0, 0, 0, 0, 0.225871, 0.227294
1.719, 0.0421343, 0, 0, 0.0334165, 0.353594, 0, 0.60688, 0.559797, 0, 0, 0, 0, 0.245263, 0.22382
1.724, 0.0424535, 0, 0, 0.0334893, 0.353827, 0, 0.607061, 0.557545, 0, 0, 0, 0, 0.22583, 0.227374
1.728, 0.0423343, 0, 0, 0.0332483, 0.353818, 0, 0.607059, 0.555302, 0, 0, 0, 0, 0.245157, 0.22387
1.731, 0.0426237, 0, 0, 0.0332924, 0.353906, 0, 0.605319, 0.552406, 0, 0, 0, 0, 0.225705, 0.227377
1.735, 0.0426231, 0, 0, 0.0331089, 0.353932, 0, 0.602122, 0.549585, 0, 0, 0, 0, 0.245107, 0.2239
1.739, 0.0428041, 0, 0, 0.0330271, 0.354117, 0, 0.600077, 0.544484, 0, 0, 0, 0, 0.225522, 0.227393
1.74, 0.0427886, 0, 0, 0.0329586, 0.354082, 0, 0.599131, 0.542868, 0, 0, 0, 0, 0.225475, 0.227424
1.744, 0.0425058, 0, 0, 0.0324811, 0.353845, 0, 0.595219, 0.535638, 0, 0, 0, 0, 0.244575, 0.223956
1.748, 0.0422017, 0, 0, 0.0319772, 0.353398, 0, 0.617067, 0.520926, 0, 0, 0, 0, 0.243701, 0.22425
1.751, 0.0423022, 0, 0, 0.0320041, 0.35301, 0, 0.61526, 0.518374, 0, 0, 0, 0, 0.2437, 0.223983
1.755, 0.0425119, 0, 0, 0.0317871, 0.350079, 0, 0.612666, 0.514004, 0, 0, 0, 0, 0.244175, 0.22396
1.756, 0.042582, 0, 0, 0.0316954, 0.350795, 0, 0.612256, 0.51306, 0, 0, 0, 0, 0.244129, 0.223973
1.759, 0.0426429, 0, 0, 0.0311456, 0.350405, 0, 0.610145, 0.504524, 0, 0, 0, 0, 0.243904, 0.223812
1.763, 0.0425284, 0, 0, 0.0305997, 0.353225, 0, 0.606977, 0.498125, 0, 0, 0, 0, 0.243286, 0.223841
1.766, 0.0425804, 0, 0, 0.0301848, 0.352718, 0, 0.604883, 0.494584, 0, 0, 0, 0, 0.242881, 0.223598
1.77, 0.0427145, 0, 0, 0.0297441, 0.35207, 0, 0.601328, 0.489495, 0, 0, 0, 0, 0.242396, 0.223358
1.773, 0.0428447, 0, 0, 0.0293858, 0.351809, 0, 0.595482, 0.48468, 0, 0, 0, 0, 0.242024, 0.223176
1.774, 0.0428647, 0, 0, 0.0292762, 0.351767, 0, 0.593765, 0.483171, 0, 0, 0, 0, 0.2419, 0.223113
1.778, 0.042983, 0, 0, 0.0289432, 0.351588, 0, 0.588875, 0.479397, 0, 0, 0, 0, 0.241408, 0.22296
1.782, 0.0435527, 0, 0, 0.0288944, 0.351904, 0, 0.559474, 0.475117, 0, 0, 0, 0, 0.242484, 0.222708
1.786, 0.0435411, 0, 0, 0.0287477, 0.351576, 0, 0.558504, 0.474873, 0, 0, 0, 0, 0.242115, 0.222358
1.794, 0.0434219, 0, 0, 0.0281792, 0.35146, 0, 0.557024, 0.463767, 0, 0, 0, 0, 0.241897, 0.221811
1.795, 0.0434059, 0, 0, 0.0281203, 0.351395, 0, 0.556823, 0.463505, 0, 0, 0, 0, 0.24151, 0.221639
1.798, 0.0433569, 0, 0, 0.0279661, 0.351276, 0, 0.55638, 0.462912, 0, 0, 0, 0, 0.241243, 0.221449
1.801, 0.0433183, 0, 0, 0.0278177, 0.351194, 0, 0.55595, 0.462411, 0, 0, 0, 0, 0.240739, 0.221242
1.804, 0.0432463, 0, 0, 0.0275241, 0.351302, 0, 0.55554, 0.461932, 0, 0, 0, 0, 0.241644, 0.221157
1.807, 0.043175, 0, 0, 0.0274726, 0.350947, 0, 0.555197, 0.461385, 0, 0, 0, 0, 0.241455, 0.220991
1.811, 0.0430534, 0, 0, 0.0272958, 0.351077, 0, 0.555267, 0.460043, 0, 0, 0, 0, 0.241177, 0.220931
1.812, 0.0430377, 0, 0, 0.0272446, 0.350979, 0, 0.555243, 0.459855, 0, 0, 0, 0, 0.241116, 0.220879
1.816, 0.0429549, 0, 0, 0.0272488, 0.350694, 0, 0.555163, 0.459333, 0, 0, 0, 0, 0.240882, 0.22068
1.82, 0.0429123, 0, 0, 0.0271226, 0.350582, 0, 0.554675, 0.458711, 0, 0, 0, 0, 0.240682, 0.220607
1.824, 0.0424214, 0, 0, 0.0266179, 0.349898, 0, 0.579377, 0.457485, 0, 0, 0, 0, 0.240088, 0.220492
1.827, 0.042447, 0, 0, 0.0264302, 0.349707, 0, 0.578892, 0.45746, 0, 0, 0, 0, 0.239899, 0.220389
1.828, 0.0424566, 0, 0, 0.0263872, 0.349683, 0, 0.578543, 0.457536, 0, 0, 0, 0, 0.239844, 0.220349
1.832, 0.0424809, 0, 0, 0.0261852, 0.349516, 0, 0.578154, 0.457308, 0, 0, 0, 0, 0.239582, 0.220171
1.835, 0.0425266, 0, 0, 0.0260618, 0.349439, 0, 0.577378, 0.45752, 0, 0, 0, 0, 0.239408, 0.220048
1.839, 0.0425654, 0, 0, 0.0255936, 0.349446, 0, 0.577121, 0.457537, 0, 0, 0, 0, 0.239156, 0.219898
1.842, 0.0426212, 0, 0, 0.0254617, 0.349359, 0, 0.576969, 0.457635, 0, 0, 0, 0, 0.238986, 0.219786
1.846, 0.0426647, 0, 0, 0.0252699, 0.349217, 0, 0.576737, 0.457649, 0, 0, 0, 0, 0.238947, 0.219527
1.847, 0.0426956, 0, 0, 0.0252399, 0.349204, 0, 0.576545, 0.457672, 0, 0, 0, 0, 0.238896, 0.219493
1.85, 0.042751, 0, 0, 0.0251039, 0.349081, 0, 0.576425, 0.457741, 0, 0, 0, 0, 0.238712, 0.219381
1.854, 0.0429282, 0, 0, 0.0249924, 0.348976, 0, 0.580523, 0.457251, 0, 0, 0, 0, 0.238549, 0.219221
1.858, 0.0430306, 0, 0, 0.0251558, 0.348702, 0, 0.580244, 0.457035, 0, 0, 0, 0, 0.23845, 0.219133
1.862, 0.0431617, 0, 0, 0.0248478, 0.348674, 0, 0.579825, 0.456932, 0, 0, 0, 0, 0.238257, 0.219007
1.863, 0.0431149, 0, 0, 0.0247572, 0.348696, 0, 0.57577, 0.457456, 0, 0, 0, 0, 0.238175, 0.218994
1.867, 0.0432661, 0, 0, 0.0246784, 0.348308, 0, 0.575333, 0.457493, 0, 0, 0, 0, 0.237966, 0.219192
1.87, 0.0438773, 0, 0, 0.0250667, 0.348434, 0, 0.551071, 0.457909, 0, 0, 0, 0, 0.238231, 0.219018
1.874, 0.0439531, 0, 0, 0.0251024, 0.348599, 0, 0.551324, 0.457828, 0, 0, 0, 0, 0.238151, 0.219154
1.878, 0.0440988, 0, 0, 0.0249222, 0.348651, 0, 0.555397, 0.457125, 0, 0, 0, 0, 0.23815, 0.218884
1.879, 0.0441139, 0, 0, 0.0249216, 0.348653, 0, 0.555401, 0.457063, 0, 0, 0, 0, 0.238138, 0.218845
1.882, 0.0441556, 0, 0, 0.0249276, 0.348677, 0, 0.555293, 0.457088, 0, 0, 0, 0, 0.238114, 0.218736
1.886, 0.0441935, 0, 0, 0.024929, 0.348711, 0, 0.555251, 0.456803, 0, 0, 0, 0, 0.238076, 0.218678
1.89, 0.0442104, 0, 0, 0.0251007, 0.348629, 0, 0.554931, 0.456774, 0, 0, 0, 0, 0.238055, 0.218499
1.897, 0.0442655, 0, 0, 0.0251675, 0.348713, 0, 0.554846, 0.456431, 0, 0, 0, 0, 0.238094, 0.218223
1.901, 0.0442133, 0, 0, 0.0251973, 0.348763, 0, 0.555087, 0.456155, 0, 0, 0, 0, 0.238104, 0.218067
1.902, 0.0443128, 0, 0, 0.0250254, 0.348919, 0, 0.555227, 0.456041, 0, 0, 0, 0, 0.220154, 0.221263
1.905, 0.0443037, 0, 0, 0.0251145, 0.34903, 0, 0.555384, 0.455723, 0, 0, 0, 0, 0.219972, 0.221273
1.908, 0.0442195, 0, 0, 0.0251689, 0.349079, 0, 0.555487, 0.455684, 0, 0, 0, 0, 0.220049, 0.221352
1.911, 0.0440056, 0, 0, 0.0251422, 0.349095, 0, 0.555976, 0.449042, 0, 0, 0, 0, 0.238063, 0.218188
1.915, 0.0438172, 0, 0, 0.0251305, 0.349021, 0, 0.556011, 0.449191, 0, 0, 0, 0, 0.238308, 0.218193
1.919, 0.0436721, 0, 0, 0.0251678, 0.349045, 0, 0.556159, 0.449068, 0, 0, 0, 0, 0.23832, 0.217837
1.92, 0.0437438, 0, 0, 0.0252477, 0.349061, 0, 0.556313, 0.448986, 0, 0, 0, 0, 0.220377, 0.221053
1.924, 0.0436393, 0, 0, 0.0253818, 0.34921, 0, 0.556514, 0.448665, 0, 0, 0, 0, 0.220244, 0.221376
1.932, 0.0431047, 0, 0, 0.0253848, 0.349154, 0, 0.556565, 0.449063, 0, 0, 0, 0, 0.238549, 0.218188
1.936, 0.0430992, 0, 0, 0.0255657, 0.349272, 0, 0.556919, 0.448651, 0, 0, 0, 0, 0.220413, 0.221651
1.94, 0.0427867, 0, 0, 0.0255787, 0.349345, 0, 0.557023, 0.44858, 0, 0, 0, 0, 0.238491, 0.218494
1.941, 0.0426938, 0, 0, 0.0255593, 0.349298, 0, 0.557038, 0.44896, 0, 0, 0, 0, 0.238731, 0.218298
1.943, 0.0425107, 0, 0, 0.0257496, 0.349245, 0, 0.557171, 0.449414, 0, 0, 0, 0, 0.238692, 0.218282
1.946, 0.0425628, 0, 0, 0.0258656, 0.349244, 0, 0.557487, 0.449141, 0, 0, 0, 0, 0.220518, 0.221728
1.95, 0.0423076, 0, 0, 0.0258845, 0.349318, 0, 0.557613, 0.449034, 0, 0, 0, 0, 0.238583, 0.218574
1.954, 0.0422179, 0, 0, 0.0259385, 0.349236, 0, 0.557878, 0.4493, 0, 0, 0, 0, 0.220859, 0.221569
1.958, 0.0415465, 0, 0, 0.0255302, 0.348953, 0, 0.579149, 0.448981, 0, 0, 0, 0, 0.238478, 0.218544
1.962, 0.0415866, 0, 0, 0.0255086, 0.348833, 0, 0.579301, 0.449298, 0, 0, 0, 0, 0.220424, 0.221756
1.963, 0.0416277, 0, 0, 0.0255377, 0.348879, 0, 0.579379, 0.449179, 0, 0, 0, 0, 0.220192, 0.222009
1.966, 0.0414486, 0, 0, 0.0254229, 0.348837, 0, 0.579284, 0.449447, 0, 0, 0, 0, 0.238376, 0.218595
1.969, 0.0414189, 0, 0, 0.0253559, 0.348741, 0, 0.579328, 0.449725, 0, 0, 0, 0, 0.238316, 0.218553
1.973, 0.0414932, 0, 0, 0.0253666, 0.348783, 0, 0.57947, 0.449599, 0, 0, 0, 0, 0.238045, 0.218841
1.977, 0.0414482, 0, 0, 0.0252535, 0.348633, 0, 0.579481, 0.450078, 0, 0, 0, 0, 0.238195, 0.218579
1.98, 0.0416063, 0, 0, 0.0252789, 0.348611, 0, 0.579643, 0.45014, 0, 0, 0, 0, 0.220148, 0.221782
1.981, 0.0416773, 0, 0, 0.0253006, 0.348641, 0, 0.579773, 0.451601, 0, 0, 0, 0, 0.219901, 0.222031
1.984, 0.0415387, 0, 0, 0.0251715, 0.348602, 0, 0.579244, 0.45203, 0, 0, 0, 0, 0.23807, 0.218603
1.988, 0.0416172, 0, 0, 0.0250794, 0.348478, 0, 0.579302, 0.452371, 0, 0, 0, 0, 0.237977, 0.218536
1.991, 0.0418697, 0, 0, 0.0251432, 0.348505, 0, 0.579499, 0.4523, 0, 0, 0, 0, 0.219728, 0.222001
1.994, 0.0418014, 0, 0, 0.0250261, 0.348477, 0, 0.579366, 0.452524, 0, 0, 0, 0, 0.237887, 0.21857
1.998, 0.0418999, 0, 0, 0.0250184, 0.348316, 0, 0.579382, 0.45304, 0, 0, 0, 0, 0.237776, 0.218511
2.002, 0.0422187, 0, 0, 0.0250615, 0.348301, 0, 0.579562, 0.453033, 0, 0, 0, 0, 0.219512, 0.221688
2.003, 0.0421585, 0, 0, 0.0249916, 0.348312, 0, 0.579468, 0.453085, 0, 0, 0, 0, 0.237445, 0.218448
2.006, 0.0485463, 0, 0, 0, 0.124026, 0, 0.333146, 0.357744, 0, 0, 0, 0, 0.190613, 0.195697
2.009, 0.0418677, 0, 0, 0.00868613, 0.335936, 0, 0.343626, 0.35506, 0, 0, 0, 0, 0.192673, 0.17708
2.012, 0.0647185, 0, 0, 0, 0.111754, 0, 0.298577, 0.37614, 0, 0, 0, 0, 0.195518, 0.199988
2.016, 0.0507083, 0, 0, 0, 0.0658316, 0, 0.294996, 0.377889, 0, 0, 0, 0, 0.184986, 0.18246
2.02, 0.0483612, 0, 0, 0, 0.0467492, 0, 0.286835, 0.394278, 0, 0, 0, 0, 0.192459, 0.179465
2.021, 0.0462496, 0, 0, 0, 0.0452526, 0, 0.28669, 0.399144, 0, 0, 0, 0, 0.190222, 0.175264
2.025, 0.0470295, 0, 0, 0, 0.0379758, 0, 0.279391, 0.408041, 0, 0, 0, 0, 0.180608, 0.203119
2.028, 0.0462792, 0, 0, 0, 0.0358248, 0, 0.278373, 0.413567, 0, 0, 0, 0, 0.173581, 0.195714
2.032, 0.0463817, 0, 0, 0, 0.0279401, 0, 0.277724, 0.428262, 0, 0, 0, 0, 0.167831, 0.190586
2.035, 0.0450759, 0, 0, 0, 0.0147044, 0, 0.276505, 0.438054, 0, 0, 0, 0, 0.162576, 0.184883
2.039, 0.0420305, 0, 0, 0, 9.34363e-06, 0, 0.280318, 0.451893, 0, 0, 0, 0, 0.157936, 0.171983
2.043, 0.0378722, 0, 0, 0, 0, 0, 0.323157, 0.449336, 0, 0, 0, 0, 0.153302, 0.164149
2.046, 0.0375033, 0, 0, 0, 0, 0, 0.326886, 0.432312, 0, 0, 0, 0, 0.143644, 0.154467
2.05, 0.036507, 0, 0, 0, 0, 0, 0.331578, 0.423936, 0, 0, 0, 0, 0.132539, 0.138532
2.051, 0.036296, 0, 0, 0, 0, 0, 0.332004, 0.421734, 0, 0, 0, 0, 0.130702, 0.136935
2.055, 0.0356164, 0, 0, 0, 0, 0, 0.351175, 0.407937, 0, 0, 0, 0, 0.125936, 0.144707
2.059, 0.0350703, 0, 0, 0, 0, 0, 0.340301, 0.382679, 0, 0, 0, 0, 0.120762, 0.138432
2.063, 0.0344119, 0, 0, 0, 0, 0, 0.337879, 0.369776, 0, 0, 0, 0, 0.117357, 0.139503
2.071, 0.0330697, 0, 0, 0, 0, 0, 0.333135, 0.357849, 0, 0, 0, 0, 0.109497, 0.14298
2.075, 0.0311881, 0, 0, 0, 0, 0, 0.33062, 0.357496, 0, 0, 0, 0, 0.104996, 0.13746
2.079, 0.0315432, 0, 0, 0, 0, 0, 0.32656, 0.356255, 0, 0, 0, 0, 0.10328, 0.139761
2.083, 0.0308485, 0, 0, 0, 0, 0, 0.319036, 0.351779, 0, 0, 0, 0, 0.100949, 0.135779
2.084, 0.0285059, 0, 0, 0, 0, 0, 0.278894, 0.260601, 0, 0, 0, 0, 0.10287, 0.13653
2.088, 0.0286964, 0, 0, 0, 0, 0, 0.27761, 0.263401, 0, 0, 0, 0, 0.100695, 0.134979
2.092, 0.0281231, 0, 0, 0, 0, 0, 0.267952, 0.265416, 0, 0, 0, 0, 0.0968563, 0.132833
2.096, 0.0275755, 0, 0, 0, 0, 0, 0.259122, 0.263256, 0, 0, 0, 0, 0.0947223, 0.130318
2.099, 0.0444157, 0, 0, 0, 0, 0, 0.280589, 0.329666, 0, 0, 0, 0, 0.104143, 0.127253
2.103, 0.0393907, 0, 0, 0, 0, 0, 0.27329, 0.317399, 0, 0, 0, 0, 0.104116, 0.127146
2.107, 0.041026, 0, 0, 0, 0, 0, 0.251285, 0.24608, 0, 0, 0, 0, 0.104405, 0.124078
2.111, 0.042543, 0, 0, 0, 0, 0, 0.241504, 0.257246, 0, 0, 0, 0, 0.103998, 0.124313
2.115, 0.0426931, 0, 0, 0, 0, 0, 0.205366, 0.247517, 0, 0, 0, 0, 0.102866, 0.123256
2.116, 0.042713, 0, 0, 0, 0, 0, 0.203945, 0.247537, 0, 0, 0, 0, 0.102553, 0.122822
2.12, 0.0427529, 0, 0, 0, 0, 0, 0.199177, 0.25398, 0, 0, 0, 0, 0.0999504, 0.122817
2.128, 0.161008, 0, 0, 0, 0, 0, 0.183158, 0.232008, 0, 0, 0, 0, 0.11405, 0.113874
2.135, 0.0350382, 0, 0, 0, 0, 0, 0.178527, 0.258389, 0, 0, 0, 0, 0.0980413, 0.12079
2.139, 0.0382911, 0, 0, 0, 0, 0, 0.17432, 0.259428, 0, 0, 0, 0, 0.0989707, 0.119848
2.143, 0.0398161, 0, 0, 0, 0, 0, 0.169463, 0.259762, 0, 0, 0, 0, 0.098508, 0.11985
2.147, 0.0408188, 0, 0, 0, 0, 0, 0.160783, 0.260579, 0, 0, 0, 0, 0.0978782, 0.118855
2.148, 0.041012, 0, 0, 0, 0, 0, 0.159683, 0.260847, 0, 0, 0, 0, 0.0976654, 0.11856
2.151, 0.0414846, 0, 0, 0, 0, 0, 0.155814, 0.261631, 0, 0, 0, 0, 0.0975316, 0.118399
2.155, 0.0419896, 0, 0, 0, 0, 0, 0.150642, 0.262495, 0, 0, 0, 0, 0.0966209, 0.117604
2.159, 0.0423879, 0, 0, 0, 0, 0, 0.147034, 0.26312, 0, 0, 0, 0, 0.0955653, 0.114488
2.163, 0.0427249, 0, 0, 0, 0, 0, 0.144216, 0.265918, 0, 0, 0, 0, 0.095976, 0.114557
2.166, 0.0429092, 0, 0, 0, 0, 0, 0.141824, 0.26662, 0, 0, 0, 0, 0.0967492, 0.120646
2.17, 0.0431599, 0, 0, 0, 0, 0, 0.138833, 0.266111, 0, 0, 0, 0, 0.0967658, 0.120399
2.174, 0.0443366, 0, 0, 0, 0, 0, 0.136922, 0.267774, 0, 0, 0, 0, 0.0972813, 0.120171
2.179, 0.0434398, 0, 0, 0, 0, 0, 0.133536, 0.268589, 0, 0, 0, 0, 0.0970584, 0.120614
2.184, 0.132434, 0, 0, 0, 0, 0, 0.131203, 0.261356, 0, 0, 0, 0, 0.114775, 0.114566
2.187, 0.0276454, 0, 0, 0, 0, 0, 0.128754, 0.274051, 0, 0, 0, 0, 0.0957242, 0.121048
2.191, 0.0282114, 0, 0, 0, 0, 0, 0.127543, 0.275242, 0, 0, 0, 0, 0.0943043, 0.121279
2.195, 0.0269949, 0, 0, 0, 0, 0, 0.126075, 0.277217, 0, 0, 0, 0, 0.0952613, 0.119344
2.199, 0.0266367, 0, 0, 0, 0, 0, 0.124776, 0.278765, 0, 0, 0, 0, 0.0925935, 0.119848
2.203, 0.0568808, 0, 0, 0, 0, 0, 0.120646, 0.275655, 0, 0, 0, 0, 0.110454, 0.117087
2.204, 0.0412807, 0, 0, 0, 0, 0, 0.11977, 0.277177, 0, 0, 0, 0, 0.103282, 0.117483
2.208, 0.0401898, 0, 0, 0, 0, 0, 0.117279, 0.277672, 0, 0, 0, 0, 0.101837, 0.11782
2.212, 0.0845599, 0, 0, 0, 0, 0, 0.116812, 0.270314, 0, 0, 0, 0, 0.108987, 0.116122
2.217, 0.0402629, 0, 0, 0, 0, 0, 0.110465, 0.278023, 0, 0, 0, 0, 0.102342, 0.117793
2.221, 0.0545193, 0, 0, 0, 0, 0, 0.10713, 0.277498, 0, 0, 0, 0, 0.105277, 0.117357
2.225, 0.0406233, 0, 0, 0, 0, 0, 0.101811, 0.276243, 0, 0, 0, 0, 0.10275, 0.118013
2.23, 0.0414701, 0, 0, 0, 0, 0, 0.0964957, 0.27755, 0, 0, 0, 0, 0.102586, 0.118186
2.234, 0.0416421, 0, 0, 0, 0, 0, 0.0856939, 0.278038, 0, 0, 0, 0, 0.102762, 0.118959
2.239, 0.0423484, 0, 0, 0, 0, 0, 0.0815726, 0.275962, 0, 0, 0, 0, 0.103318, 0.119228
2.243, 0.0269223, 0, 0, 0, 0, 0, 0.0768432, 0.262162, 0, 0, 0, 0, 0.100673, 0.119882
2.247, 0.0421184, 0, 0, 0, 0, 0, 0.0729749, 0.261343, 0, 0, 0, 0, 0.103237, 0.119383
2.251, 0.0412498, 0, 0, 0, 0, 0, 0.0672014, 0.260608, 0, 0, 0, 0, 0.1031, 0.119663
2.255, 0.04147, 0, 0, 0, 0, 0, 0.0603762, 0.234203, 0, 0, 0, 0, 0.103558, 0.119907
2.259, 0.102278, 0, 0, 0, 0, 0, 0.0540344, 0.245954, 0, 0, 0, 0, 0.12597, 0.116783
2.263, 0.0385426, 0, 0, 0, 0, 0, 0.0440724, 0.244722, 0, 0, 0, 0, 0.103146, 0.120235
2.267, 0.0398778, 0, 0, 0, 0, 0, 0.0362702, 0.246875, 0, 0, 0, 0, 0.103591, 0.120198
2.271, 0.040394, 0, 0, 0, 0, 0, 0.0352624, 0.247908, 0, 0, 0, 0, 0.103796, 0.1201
2.272, 0.0405353, 0, 0, 0, 0, 0, 0.0342209, 0.248593, 0, 0, 0, 0, 0.103834, 0.120227
2.276, 0.040985, 0, 0, 0, 0, 0, 0.0296385, 0.251471, 0, 0, 0, 0, 0.10409, 0.120264
2.281, 0.0413769, 0, 0, 0, 0, 0, 0.0245437, 0.255249, 0, 0, 0, 0, 0.104066, 0.120327
2.285, 0.0416479, 0, 0, 0, 0, 0, 0.0197407, 0.25887, 0, 0, 0, 0, 0.104412, 0.120468
2.29, 0.0416128, 0, 0, 0, 0, 0, 0.0168432, 0.262228, 0, 0, 0, 0, 0.104537, 0.120575
2.295, 0.0423065, 0, 0, 0, 0, 0, 0.0137092, 0.263224, 0, 0, 0, 0, 0.103094, 0.12035
2.304, 0.0426901, 0, 0, 0, 0, 0, 0.00837, 0.267529, 0, 0, 0, 0, 0.103667, 0.120784
2.31, 0.0429763, 0, 0, 0, 0, 0, 0.00653668, 0.270187, 0, 0, 0, 0, 0.103892, 0.121003
2.314, 0.0431431, 0, 0, 0, 0, 0, 0.00573282, 0.271865, 0, 0, 0, 0, 0.104779, 0.121339
2.318, 0.0432799, 0, 0, 0, 0, 0, 0.00507241, 0.271109, 0, 0, 0, 0, 0.104926, 0.121558
2.322, 0.0433981, 0, 0, 0, 0, 0, 0.00453316, 0.271341, 0, 0, 0, 0, 0.105038, 0.121845
2.326, 0.0434898, 0, 0, 0, 0, 0, 0.00398983, 0.27188, 0, 0, 0, 0, 0.10481, 0.122123
2.331, 0.0435663, 0, 0, 0, 0, 0, 0.00301931, 0.272716, 0, 0, 0, 0, 0.10365, 0.12231
2.335, 0.0435976, 0, 0, 0, 0, 0, 0.00264825, 0.273257, 0, 0, 0, 0, 0.103548, 0.122285
2.339, 0.0436048, 0, 0, 0, 0, 0, 0.00229752, 0.273665, 0, 0, 0, 0, 0.103621, 0.122453
2.343, 0.0435661, 0, 0, 0, 0, 0, 0.00187585, 0.273757, 0, 0, 0, 0, 0.103701, 0.122624
2.344, 0.0435587, 0, 0, 0, 0, 0, 0.00182568, 0.273842, 0, 0, 0, 0, 0.10363, 0.122729
2.349, 0.0434821, 0, 0, 0, 0, 0, 0.00148418, 0.274168, 0, 0, 0, 0, 0.103746, 0.122936
2.354, 0.0433707, 0, 0, 0, 0, 0, 0.00114469, 0.274325, 0, 0, 0, 0, 0.103821, 0.123179
2.362, 0.0167162, 0, 0, 0, 0, 0, 0, 0.278838, 0, 0, 0, 0, 0.0897115, 0.12617
2.366, 0.042929, 0, 0, 0, 0, 0, 0.000776138, 0.274609, 0, 0, 0, 0, 0.103615, 0.123551
2.37, 0.0419177, 0, 0, 0, 0, 0, 0.000700274, 0.276879, 0, 0, 0, 0, 0.103534, 0.123707
2.374, 0.0423025, 0, 0, 0, 0, 0, 0.000625039, 0.277015, 0, 0, 0, 0, 0.104027, 0.124562
2.378, 0.0423295, 0, 0, 0, 0, 0, 0.000583392, 0.277223, 0, 0, 0, 0, 0.104216, 0.124559
2.379, 0.0423343, 0, 0, 0, 0, 0, 0.000570348, 0.277388, 0, 0, 0, 0, 0.104259, 0.124565
2.384, 0.0423148, 0, 0, 0, 0, 0, 0.000529184, 0.277634, 0, 0, 0, 0, 0.104168, 0.124498
2.389, 0.0422789, 0, 0, 0, 0, 0, 0, 0.277724, 0, 0, 0, 0, 0.104241, 0.123822
2.394, 0.0422489, 0, 0, 0, 0, 0, 0, 0.278127, 0, 0, 0, 0, 0.104445, 0.123908
2.399, 0.0422521, 0, 0, 0, 0, 0, 0, 0.278496, 0, 0, 0, 0, 0.105533, 0.124226
2.403, 0.0422723, 0, 0, 0, 0, 0, 0, 0.277205, 0, 0, 0, 0, 0.100762, 0.123401
2.408, 0.0423173, 0, 0, 0, 0, 0, 0, 0.275975, 0, 0, 0, 0, 0.100837, 0.123542
2.412, 0.0423801, 0, 0, 0, 0, 0, 0, 0.275355, 0, 0, 0, 0, 0.10109, 0.123529
2.417, 0.0422671, 0, 0, 0, 0, 0, 0, 0.274083, 0, 0, 0, 0, 0.101698, 0.123426
2.426, 0.0506792, 0, 0, 0, 0, 0, 0, 0.271777, 0, 0, 0, 0, 0.105696, 0.12356
2.43, 0.0421457, 0, 0, 0, 0, 0, 0, 0.272491, 0, 0, 0, 0, 0.103222, 0.124005
2.435, 0.0427064, 0, 0, 0, 0, 0, 0, 0.271331, 0, 0, 0, 0, 0.10341, 0.124145
2.44, 0.0425297, 0, 0, 0, 0, 0, 0, 0.270698, 0, 0, 0, 0, 0.103568, 0.124315
2.444, 0.0314435, 0, 0, 0, 0, 0, 0, 0.271786, 0, 0, 0, 0, 0.0980659, 0.125693
2.445, 0.0523946, 0, 0, 0, 0, 0, 0, 0.269147, 0, 0, 0, 0, 0.107289, 0.123903
2.449, 0.043128, 0, 0, 0, 0, 0, 0, 0.269406, 0, 0, 0, 0, 0.103896, 0.124471
2.454, 0.0433752, 0, 0, 0, 0, 0, 0, 0.268249, 0, 0, 0, 0, 0.104038, 0.124593
2.459, 0.0435348, 0, 0, 0, 0, 0, 0, 0.267303, 0, 0, 0, 0, 0.104145, 0.124585
2.464, 0.0435868, 0, 0, 0, 0, 0, 0, 0.267246, 0, 0, 0, 0, 0.104061, 0.124713
2.469, 0.0435946, 0, 0, 0, 0, 0, 0, 0.264856, 0, 0, 0, 0, 0.104401, 0.124887
2.474, 0.0437803, 0, 0, 0, 0, 0, 0, 0.262786, 0, 0, 0, 0, 0.10444, 0.124814
2.475, 0.0436378, 0, 0, 0, 0, 0, 0, 0.262354, 0, 0, 0, 0, 0.104405, 0.124838
2.48, 0.0434238, 0, 0, 0, 0, 0, 0, 0.261678, 0, 0, 0, 0, 0.104385, 0.124976
2.485, 0.043318, 0, 0, 0, 0, 0, 0, 0.248381, 0, 0, 0, 0, 0.104431, 0.125066
2.489, 0.0431699, 0, 0, 0, 0, 0, 0, 0.245061, 0, 0, 0, 0, 0.104457, 0.125121
2.494, 0.0430096, 0, 0, 0, 0, 0, 0, 0.243754, 0, 0, 0, 0, 0.104485, 0.125184
2.499, 0.0428169, 0, 0, 0, 0, 0, 0, 0.285944, 0, 0, 0, 0, 0.10457, 0.125214
2.504, 0.0426271, 0, 0, 0, 0, 0, 0, 0.281489, 0, 0, 0, 0, 0.10462, 0.125303
2.508, 0.0424733, 0, 0, 0, 0, 0, 0, 0.28399, 0, 0, 0, 0, 0.104655, 0.125372
2.509, 0.0424249, 0, 0, 0, 0, 0, 0, 0.282495, 0, 0, 0, 0, 0.104666, 0.125393
2.513, 0.0423066, 0, 0, 0, 0, 0, 0, 0.288713, 0, 0, 0, 0, 0.104705, 0.125462
2.518, 0.0416999, 0, 0, 0, 0, 0, 0, 0.29393, 0, 0, 0, 0, 0.104588, 0.125578
2.523, 0.0420292, 0, 0, 0, 0, 0, 0, 0.28979, 0, 0, 0, 0, 0.104825, 0.125559
2.528, 0.0418491, 0, 0, 0, 0, 0, 0, 0.287373, 0, 0, 0, 0, 0.104947, 0.125691
2.537, 0.0417507, 0, 0, 0, 0, 0, 0, 0.281982, 0, 0, 0, 0, 0.105028, 0.125818
2.541, 0.041733, 0, 0, 0, 0, 0, 0, 0.276489, 0, 0, 0, 0, 0.105042, 0.125842
2.542, 0.0417215, 0, 0, 0, 0, 0, 0, 0.271763, 0, 0, 0, 0, 0.105046, 0.125828
2.546, 0.0417447, 0, 0, 0, 0, 0, 0, 0.267118, 0, 0, 0, 0, 0.105057, 0.125862
2.55, 0.0417528, 0, 0, 0, 0, 0, 0, 0.256927, 0, 0, 0, 0, 0.105074, 0.125903
2.554, 0.041832, 0, 0, 0, 0, 0, 0, 0.24999, 0, 0, 0, 0, 0.105069, 0.125899
2.558, 0.0419176, 0, 0, 0, 0, 0, 0, 0.238448, 0, 0, 0, 0, 0.105077, 0.125936
2.563, 0.0420197, 0, 0, 0, 0, 0, 0, 0.219875, 0, 0, 0, 0, 0.105099, 0.126014
2.567, 0.0421624, 0, 0, 0, 0, 0, 0, 0.204976, 0, 0, 0, 0, 0.105105, 0.126038
2.568, 0.0421873, 0, 0, 0, 0, 0, 0, 0.202529, 0, 0, 0, 0, 0.105109, 0.126052
2.572, 0.0423457, 0, 0, 0, 0, 0, 0, 0.192637, 0, 0, 0, 0, 0.105109, 0.126009
2.577, 0.0425206, 0, 0, 0, 0, 0, 0, 0.165831, 0, 0, 0, 0, 0.105108, 0.125971
2.586, 0.0428729, 0, 0, 0, 0, 0, 0, 0.118985, 0, 0, 0, 0, 0.105125, 0.126004
2.596, 0.0432575, 0, 0, 0, 0, 0, 0, 0.0550756, 0, 0, 0, 0, 0.105074, 0.125703
2.601, 0.0434054, 0, 0, 0, 0, 0, 0, 0.0384516, 0, 0, 0, 0, 0.105045, 0.125519
2.605, 0.0435158, 0, 0, 0, 0, 0, 0, 0.0205602, 0, 0, 0, 0, 0.105162, 0.125409
2.606, 0.0435372, 0, 0, 0, 0, 0, 0, 0.0166914, 0, 0, 0, 0, 0.105162, 0.125378
2.611, 0.0436272, 0, 0, 0, 0, 0, 0, 0.00272251, 0, 0, 0, 0, 0.105164, 0.12529
2.616, 0.0436797, 0, 0, 0, 0, 0, 0, 0, 0, 0, 0, 0, 0.105178, 0.125254
2.621, 0.0436891, 0, 0, 0, 0, 0, 0, 0, 0, 0, 0, 0, 0.105188, 0.125196
2.626, 0.043655, 0, 0, 0, 0, 0, 0, 0, 0, 0, 0, 0, 0.105199, 0.125182
2.631, 0.043582, 0, 0, 0, 0, 0, 0, 0, 0, 0, 0, 0, 0.10521, 0.125174
2.636, 0.0434759, 0, 0, 0, 0, 0, 0, 0, 0, 0, 0, 0, 0.105219, 0.125171
2.641, 0.043344, 0, 0, 0, 0, 0, 0, 0, 0, 0, 0, 0, 0.105226, 0.125174
2.646, 0.0431937, 0, 0, 0, 0, 0, 0, 0, 0, 0, 0, 0, 0.106398, 0.125404
2.647, 0.0431642, 0, 0, 0, 0, 0, 0, 0, 0, 0, 0, 0, 0.106402, 0.125404
2.652, 0.0430068, 0, 0, 0, 0, 0, 0, 0, 0, 0, 0, 0, 0.106351, 0.125473
2.657, 0.042853, 0, 0, 0, 0, 0, 0, 0, 0, 0, 0, 0, 0.106523, 0.125596
2.662, 0.0427112, 0, 0, 0, 0, 0, 0, 0, 0, 0, 0, 0, 0.106435, 0.125658
2.667, 0.0425878, 0, 0, 0, 0, 0, 0, 0, 0, 0, 0, 0, 0.106026, 0.125753
2.672, 0.0424933, 0, 0, 0, 0, 0, 0, 0, 0, 0, 0, 0, 0.10611, 0.125823
2.677, 0.0424294, 0, 0, 0, 0, 0, 0, 0, 0, 0, 0, 0, 0.106002, 0.125878
2.686, 0.0424015, 0, 0, 0, 0, 0, 0, 0, 0, 0, 0, 0, 0.105778, 0.125997
2.692, 0.0424476, 0, 0, 0, 0, 0, 0, 0, 0, 0, 0, 0, 0.105633, 0.126075
2.697, 0.0425231, 0, 0, 0, 0, 0, 0, 0, 0, 0, 0, 0, 0.105519, 0.126139
2.702, 0.0426285, 0, 0, 0, 0, 0, 0, 0, 0, 0, 0, 0, 0.105412, 0.126199
2.707, 0.0427584, 0, 0, 0, 0, 0, 0, 0, 0, 0, 0, 0, 0.105314, 0.126257
2.711, 0.0428752, 0, 0, 0, 0, 0, 0, 0, 0, 0, 0, 0, 0.10524, 0.1263
2.716, 0.0430308, 0, 0, 0, 0, 0, 0, 0, 0, 0, 0, 0, 0.105155, 0.126354
2.721, 0.0431885, 0, 0, 0, 0, 0, 0, 0, 0, 0, 0, 0, 0.105077, 0.126403
2.726, 0.0433392, 0, 0, 0, 0, 0, 0, 0, 0, 0, 0, 0, 0.105006, 0.12645
2.727, 0.0433677, 0, 0, 0, 0, 0, 0, 0, 0, 0, 0, 0, 0.104992, 0.126459
2.732, 0.0434976, 0, 0, 0, 0, 0, 0, 0, 0, 0, 0, 0, 0.104928, 0.126502
2.737, 0.0436009, 0, 0, 0, 0, 0, 0, 0, 0, 0, 0, 0, 0.10487, 0.126543
2.742, 0.0436704, 0, 0, 0, 0, 0, 0, 0, 0, 0, 0, 0, 0.104817, 0.126581
2.747, 0.0437008, 0, 0, 0, 0, 0, 0, 0, 0, 0, 0, 0, 0.104769, 0.126617
2.752, 0.0436893, 0, 0, 0, 0, 0, 0, 0, 0, 0, 0, 0, 0.104736, 0.126641
2.757, 0.0436355, 0, 0, 0, 0, 0, 0, 0, 0, 0, 0, 0, 0.104699, 0.126671
2.767, 0.0434113, 0, 0, 0, 0, 0, 0, 0, 0, 0, 0, 0, 0.104605, 0.126742
2.772, 0.0432495, 0, 0, 0, 0, 0, 0, 0, 0, 0, 0, 0, 0.10454, 0.126784
2.773, 0.0432111, 0, 0, 0, 0, 0, 0, 0, 0, 0, 0, 0, 0.104523, 0.126795
2.778, 0.0430292, 0, 0, 0, 0, 0, 0, 0, 0, 0, 0, 0, 0.104449, 0.126843
2.782, 0.0428747, 0, 0, 0, 0, 0, 0, 0, 0, 0, 0, 0, 0.104382, 0.126878
2.787, 0.0426765, 0, 0, 0, 0, 0, 0, 0, 0, 0, 0, 0, 0.104291, 0.126925
2.792, 0.0424819, 0, 0, 0, 0, 0, 0, 0, 0, 0, 0, 0, 0.104216, 0.126948
2.797, 0.0422991, 0, 0, 0, 0, 0, 0, 0, 0, 0, 0, 0, 0.104146, 0.12696
2.801, 0.0421662, 0, 0, 0, 0, 0, 0, 0, 0, 0, 0, 0, 0.104098, 0.126986
2.806, 0.0420216, 0, 0, 0, 0, 0, 0, 0, 0, 0, 0, 0, 0.104035, 0.12702
2.811, 0.0419055, 0, 0, 0, 0, 0, 0, 0, 0, 0, 0, 0, 0.103975, 0.127053
2.812, 0.041886, 0, 0, 0, 0, 0, 0, 0, 0, 0, 0, 0, 0.10395, 0.127029
2.816, 0.0418215, 0, 0, 0, 0, 0, 0, 0, 0, 0, 0, 0, 0.103906, 0.127054
2.821, 0.0417723, 0, 0, 0, 0, 0, 0, 0, 0, 0, 0, 0, 0.103855, 0.127082
2.825, 0.041759, 0, 0, 0, 0, 0, 0, 0, 0, 0, 0, 0, 0.103818, 0.127104
2.835, 0, 0, 0, 0, 0, 0, 0, 0, 0, 0, 0, 0, 0.0860606, 0.131351
2.844, 0.0395175, 0, 0, 0, 0, 0, 0, 0, 0, 0, 0, 0, 0.103567, 0.127271
2.849, 0.0407512, 0, 0, 0, 0, 0, 0, 0, 0, 0, 0, 0, 0.103638, 0.127252
2.85, 0.0409071, 0, 0, 0, 0, 0, 0, 0, 0, 0, 0, 0, 0.103643, 0.127253
2.855, 0.0414859, 0, 0, 0, 0, 0, 0, 0, 0, 0, 0, 0, 0.103651, 0.127266
2.86, 0.0419095, 0, 0, 0, 0, 0, 0, 0, 0, 0, 0, 0, 0.103637, 0.127285
2.865, 0.0422693, 0, 0, 0, 0, 0, 0, 0, 0, 0, 0, 0, 0.103621, 0.127303
2.87, 0.0425863, 0, 0, 0, 0, 0, 0, 0, 0, 0, 0, 0, 0.103608, 0.12732
2.875, 0.111688, 0, 0, 0, 0, 0, 0, 0, 0, 0, 0, 0, 0.125239, 0.124038
2.879, 0.0238814, 0, 0, 0, 0, 0, 0, 0, 0, 0, 0, 0, 0.0961477, 0.129835
2.884, 0.0435107, 0, 0, 0, 0, 0, 0, 0, 0, 0, 0, 0, 0.104114, 0.127052
2.889, 0.0428985, 0, 0, 0, 0, 0, 0, 0, 0, 0, 0, 0, 0.103613, 0.127366
2.89, 0.043072, 0, 0, 0, 0, 0, 0, 0, 0, 0, 0, 0, 0.103641, 0.127354
2.894, 0.0123087, 0, 0, 0, 0, 0, 0, 0, 0, 0, 0, 0, 0.0939431, 0.13014
2.899, 0.0418369, 0, 0, 0, 0, 0, 0, 0, 0, 0, 0, 0, 0.103424, 0.127443
2.904, 0.0426806, 0, 0, 0, 0, 0, 0, 0, 0, 0, 0, 0, 0.103503, 0.127442
2.909, 0, 0, 0, 0, 0, 0, 0, 0, 0, 0, 0, 0, 0.0289856, 0.160979
2.913, 0, 0, 0, 0, 0, 0, 0, 0, 0, 0, 0, 0, 0.1119, 0.127458
2.922, 0, 0, 0, 0, 0, 0, 0, 0, 0, 0, 0, 0, 0.103067, 0.127764
2.923, 0, 0, 0, 0, 0, 0, 0, 0, 0, 0, 0, 0, 0.103136, 0.127727
2.928, 0.0567004, 0, 0, 0, 0, 0, 0, 0, 0, 0, 0, 0, 0.103269, 0.127652
2.933, 0.0523602, 0, 0, 0, 0, 0, 0, 0, 0, 0, 0, 0, 0.103291, 0.127666
2.938, 0.0466503, 0, 0, 0, 0, 0, 0, 0, 0, 0, 0, 0, 0.102613, 0.127838
2.943, 0.046902, 0, 0, 0, 0, 0, 0, 0, 0, 0, 0, 0, 0.103289, 0.127654
2.948, 0.0452008, 0, 0, 0, 0, 0, 0, 0, 0, 0, 0, 0, 0.103222, 0.127703
2.953, 0.0440823, 0, 0, 0, 0, 0, 0, 0, 0, 0, 0, 0, 0.103171, 0.127702
2.958, 0.043288, 0, 0, 0, 0, 0, 0, 0, 0, 0, 0, 0, 0.103112, 0.127701
2.962, 0.0428332, 0, 0, 0, 0, 0, 0, 0, 0, 0, 0, 0, 0.10307, 0.12772
2.963, 0.0427408, 0, 0, 0, 0, 0, 0, 0, 0, 0, 0, 0, 0.103061, 0.127721
2.968, 0.0423857, 0, 0, 0, 0, 0, 0, 0, 0, 0, 0, 0, 0.108652, 0.12869
2.973, 0.0421749, 0, 0, 0, 0, 0, 0, 0, 0, 0, 0, 0, 0.108304, 0.128863
2.978, 0.0420743, 0, 0, 0, 0, 0, 0, 0, 0, 0, 0, 0, 0.107955, 0.129019
2.988, 0.0421042, 0, 0, 0, 0, 0, 0, 0, 0, 0, 0, 0, 0.107324, 0.129333
2.998, 0.0437869, 0, 0, 0, 0, 0, 0, 0, 0, 0, 0, 0, 0.1069, 0.129542
3.003, 0.0423312, 0, 0, 0, 0, 0, 0, 0, 0, 0, 0, 0, 0.106055, 0.129741
3.008, 0.0425609, 0, 0, 0, 0, 0, 0, 0, 0, 0, 0, 0, 0.105677, 0.129846
3.009, 0.0426035, 0, 0, 0, 0, 0, 0, 0, 0, 0, 0, 0, 0.105598, 0.129856
3.014, 0.0427681, 0, 0, 0, 0, 0, 0, 0, 0, 0, 0, 0, 0.105547, 0.130016
3.018, 0.0428675, 0, 0, 0, 0, 0, 0, 0, 0, 0, 0, 0, 0.105196, 0.130057
3.023, 0.0429658, 0, 0, 0, 0, 0, 0, 0, 0, 0, 0, 0, 0.105107, 0.130248
3.028, 0.043032, 0, 0, 0, 0, 0, 0, 0, 0, 0, 0, 0, 0.104855, 0.130396
3.033, 0.0430632, 0, 0, 0, 0, 0, 0, 0, 0, 0, 0, 0, 0.10438, 0.130439
3.038, 0.0430561, 0, 0, 0, 0, 0, 0, 0, 0, 0, 0, 0, 0.103925, 0.130479
3.043, 0.0430113, 0, 0, 0, 0, 0, 0, 0, 0, 0, 0, 0, 0.103805, 0.13048
3.048, 0.0429314, 0, 0, 0, 0, 0, 0, 0, 0, 0, 0, 0, 0.103409, 0.1305
3.049, 0.0429116, 0, 0, 0, 0, 0, 0, 0, 0, 0, 0, 0, 0.103336, 0.130512
3.054, 0.0427958, 0, 0, 0, 0, 0, 0, 0, 0, 0, 0, 0, 0.102933, 0.130327
3.059, 0.0426569, 0, 0, 0, 0, 0, 0, 0, 0, 0, 0, 0, 0.102596, 0.1303
3.064, 0.0425024, 0, 0, 0, 0, 0, 0, 0, 0, 0, 0, 0, 0.102283, 0.130255
3.073, 0.0422096, 0, 0, 0, 0, 0, 0, 0, 0, 0, 0, 0, 0.101797, 0.130169
3.077, 0.0420831, 0, 0, 0, 0, 0, 0, 0, 0, 0, 0, 0, 0.101594, 0.130126
3.081, 0.0419637, 0, 0, 0, 0, 0, 0, 0, 0, 0, 0, 0, 0.101404, 0.130082
3.086, 0.0418293, 0, 0, 0, 0, 0, 0, 0, 0, 0, 0, 0, 0.101186, 0.130035
3.087, 0.0418048, 0, 0, 0, 0, 0, 0, 0, 0, 0, 0, 0, 0.101144, 0.130024
3.092, 0.0416965, 0, 0, 0, 0, 0, 0, 0, 0, 0, 0, 0, 0.100941, 0.129966
3.096, 0.0416287, 0, 0, 0, 0, 0, 0, 0, 0, 0, 0, 0, 0.100791, 0.129917
3.101, 0.0415699, 0, 0, 0, 0, 0, 0, 0, 0, 0, 0, 0, 0.10062, 0.129857
3.106, 0.0424947, 0, 0, 0, 0, 0, 0, 0, 0, 0, 0, 0, 0.100656, 0.129778
3.111, 0.0414314, 0, 0, 0, 0, 0, 0, 0, 0, 0, 0, 0, 0.100297, 0.129717
3.115, 0.0414782, 0, 0, 0, 0, 0, 0, 0, 0, 0, 0, 0, 0.100176, 0.129676
3.12, 0.0415844, 0, 0, 0, 0, 0, 0, 0, 0, 0, 0, 0, 0.100057, 0.129597
3.125, 0.0417444, 0, 0, 0, 0, 0, 0, 0, 0, 0, 0, 0, 0.0999573, 0.129519
3.126, 0.0417639, 0, 0, 0, 0, 0, 0, 0, 0, 0, 0, 0, 0.0999347, 0.129503
3.131, 0.0418836, 0, 0, 0, 0, 0, 0, 0, 0, 0, 0, 0, 0.0997641, 0.129522
3.136, 0.0420357, 0, 0, 0, 0, 0, 0, 0, 0, 0, 0, 0, 0.0996388, 0.129449
3.141, 0.0422078, 0, 0, 0, 0, 0, 0, 0, 0, 0, 0, 0, 0.099568, 0.129353
3.151, 0.0425824, 0, 0, 0, 0, 0, 0, 0, 0, 0, 0, 0, 0.0993977, 0.129215
3.156, 0.0427695, 0, 0, 0, 0, 0, 0, 0, 0, 0, 0, 0, 0.0993201, 0.12915
3.165, 0.0430723, 0, 0, 0, 0, 0, 0, 0, 0, 0, 0, 0, 0.0991971, 0.129037
3.166, 0.0431016, 0, 0, 0, 0, 0, 0, 0, 0, 0, 0, 0, 0.0991846, 0.129024
3.171, 0.0432307, 0, 0, 0, 0, 0, 0, 0, 0, 0, 0, 0, 0.0991248, 0.128961
3.176, 0.0433264, 0, 0, 0, 0, 0, 0, 0, 0, 0, 0, 0, 0.0990746, 0.128908
3.181, 0.043384, 0, 0, 0, 0, 0, 0, 0, 0, 0, 0, 0, 0.0990247, 0.128848
3.186, 0.0434015, 0, 0, 0, 0, 0, 0, 0, 0, 0, 0, 0, 0.0989796, 0.128787
3.191, 0.0433789, 0, 0, 0, 0, 0, 0, 0, 0, 0, 0, 0, 0.0989388, 0.128728
3.196, 0.0433187, 0, 0, 0, 0, 0, 0, 0, 0, 0, 0, 0, 0.0989019, 0.128669
3.2, 0.0432468, 0, 0, 0, 0, 0, 0, 0, 0, 0, 0, 0, 0.098875, 0.128623
3.205, 0.0431325, 0, 0, 0, 0, 0, 0, 0, 0, 0, 0, 0, 0.0988304, 0.128527
3.206, 0.043107, 0, 0, 0, 0, 0, 0, 0, 0, 0, 0, 0, 0.0988244, 0.128516
3.211, 0.04297, 0, 0, 0, 0, 0, 0, 0, 0, 0, 0, 0, 0.098797, 0.128472
3.215, 0.0428532, 0, 0, 0, 0, 0, 0, 0, 0, 0, 0, 0, 0.0987764, 0.128431
3.22, 0.0427057, 0, 0, 0, 0, 0, 0, 0, 0, 0, 0, 0, 0.0987532, 0.128386
3.225, 0.0425647, 0, 0, 0, 0, 0, 0, 0, 0, 0, 0, 0, 0.0987311, 0.128338
3.235, 0.0423335, 0, 0, 0, 0, 0, 0, 0, 0, 0, 0, 0, 0.098692, 0.12825
3.245, 0.0422099, 0, 0, 0, 0, 0, 0, 0, 0, 0, 0, 0, 0.0986588, 0.12817
3.246, 0.0422047, 0, 0, 0, 0, 0, 0, 0, 0, 0, 0, 0, 0.0986558, 0.128163
3.25, 0.0421979, 0, 0, 0, 0, 0, 0, 0, 0, 0, 0, 0, 0.0986591, 0.12815
3.255, 0.0422208, 0, 0, 0, 0, 0, 0, 0, 0, 0, 0, 0, 0.0986454, 0.128114
3.26, 0.0422778, 0, 0, 0, 0, 0, 0, 0, 0, 0, 0, 0, 0.0986326, 0.128098
3.265, 0.0423663, 0, 0, 0, 0, 0, 0, 0, 0, 0, 0, 0, 0.098614, 0.128016
3.27, 0.0424822, 0, 0, 0, 0, 0, 0, 0, 0, 0, 0, 0, 0.0986089, 0.127975
3.275, 0.0426196, 0, 0, 0, 0, 0, 0, 0, 0, 0, 0, 0, 0.0986065, 0.127933
3.28, 0.0427713, 0, 0, 0, 0, 0, 0, 0, 0, 0, 0, 0, 0.0986258, 0.127819
3.285, 0.0429293, 0, 0, 0, 0, 0, 0, 0, 0, 0, 0, 0, 0.098629, 0.127771
3.286, 0.0429609, 0, 0, 0, 0, 0, 0, 0, 0, 0, 0, 0, 0.0986296, 0.127762
3.291, 0.0431146, 0, 0, 0, 0, 0, 0, 0, 0, 0, 0, 0, 0.0986332, 0.127715
3.296, 0.0432548, 0, 0, 0, 0, 0, 0, 0, 0, 0, 0, 0, 0.0986371, 0.12767
3.3, 0.0433513, 0, 0, 0, 0, 0, 0, 0, 0, 0, 0, 0, 0.0986412, 0.127636
3.31, 0.043506, 0, 0, 0, 0, 0, 0, 0, 0, 0, 0, 0, 0.0986506, 0.127551
3.315, 0.0435269, 0, 0, 0, 0, 0, 0, 0, 0, 0, 0, 0, 0.0986557, 0.127511
3.32, 0.0435067, 0, 0, 0, 0, 0, 0, 0, 0, 0, 0, 0, 0.0986615, 0.127472
3.325, 0.0434458, 0, 0, 0, 0, 0, 0, 0, 0, 0, 0, 0, 0.0986671, 0.127434
3.326, 0.0434289, 0, 0, 0, 0, 0, 0, 0, 0, 0, 0, 0, 0.0986682, 0.127427
3.33, 0.0433469, 0, 0, 0, 0, 0, 0, 0, 0, 0, 0, 0, 0.0986727, 0.127397
3.335, 0.043215, 0, 0, 0, 0, 0, 0, 0, 0, 0, 0, 0, 0.0986784, 0.127362
3.34, 0.0430568, 0, 0, 0, 0, 0, 0, 0, 0, 0, 0, 0, 0.098684, 0.127331
3.345, 0.04288, 0, 0, 0, 0, 0, 0, 0, 0, 0, 0, 0, 0.0986886, 0.127301
3.35, 0.0426931, 0, 0, 0, 0, 0, 0, 0, 0, 0, 0, 0, 0.0986932, 0.127272
3.355, 0.0425045, 0, 0, 0, 0, 0, 0, 0, 0, 0, 0, 0, 0.0986982, 0.127235
3.36, 0.0423223, 0, 0, 0, 0, 0, 0, 0, 0, 0, 0, 0, 0.0987027, 0.127208
3.365, 0.0421538, 0, 0, 0, 0, 0, 0, 0, 0, 0, 0, 0, 0.098707, 0.127183
3.366, 0.0421224, 0, 0, 0, 0, 0, 0, 0, 0, 0, 0, 0, 0.0987078, 0.127178
3.37, 0.0420054, 0, 0, 0, 0, 0, 0, 0, 0, 0, 0, 0, 0.0987111, 0.127158
3.375, 0.0418823, 0, 0, 0, 0, 0, 0, 0, 0, 0, 0, 0, 0.0987136, 0.127143
3.38, 0.0417887, 0, 0, 0, 0, 0, 0, 0, 0, 0, 0, 0, 0.0987284, 0.1271
3.385, 0.0417275, 0, 0, 0, 0, 0, 0, 0, 0, 0, 0, 0, 0.0987348, 0.127076
3.389, 0.0417032, 0, 0, 0, 0, 0, 0, 0, 0, 0, 0, 0, 0.0987399, 0.127058
3.394, 0.0417048, 0, 0, 0, 0, 0, 0, 0, 0, 0, 0, 0, 0.0987483, 0.127037
3.404, 0.041814, 0, 0, 0, 0, 0, 0, 0, 0, 0, 0, 0, 0.0987606, 0.126995
3.405, 0.0418324, 0, 0, 0, 0, 0, 0, 0, 0, 0, 0, 0, 0.0987618, 0.126991
3.41, 0.0419435, 0, 0, 0, 0, 0, 0, 0, 0, 0, 0, 0, 0.0987677, 0.126971
3.415, 0.0420837, 0, 0, 0, 0, 0, 0, 0, 0, 0, 0, 0, 0.0987734, 0.126952
3.42, 0.0422485, 0, 0, 0, 0, 0, 0, 0, 0, 0, 0, 0, 0.0987788, 0.126934
3.424, 0.0423942, 0, 0, 0, 0, 0, 0, 0, 0, 0, 0, 0, 0.0987754, 0.126958
3.429, 0.0425878, 0, 0, 0, 0, 0, 0, 0, 0, 0, 0, 0, 0.0987794, 0.126943
3.434, 0.0427868, 0, 0, 0, 0, 0, 0, 0, 0, 0, 0, 0, 0.0987833, 0.12693
3.438, 0.0429443, 0, 0, 0, 0, 0, 0, 0, 0, 0, 0, 0, 0.0987861, 0.12692
3.439, 0.0429828, 0, 0, 0, 0, 0, 0, 0, 0, 0, 0, 0, 0.0987869, 0.126917
3.444, 0.043167, 0, 0, 0, 0, 0, 0, 0, 0, 0, 0, 0, 0.0989265, 0.126832
3.449, 0.0433298, 0, 0, 0, 0, 0, 0, 0, 0, 0, 0, 0, 0.0988039, 0.126888
3.454, 0.0434641, 0, 0, 0, 0, 0, 0, 0, 0, 0, 0, 0, 0.098807, 0.126877
3.459, 0.0435632, 0, 0, 0, 0, 0, 0, 0, 0, 0, 0, 0, 0.0988101, 0.126866
3.464, 0.043622, 0, 0, 0, 0, 0, 0, 0, 0, 0, 0, 0, 0.0988299, 0.12684
3.469, 0.0436396, 0, 0, 0, 0, 0, 0, 0, 0, 0, 0, 0, 0.0988188, 0.126845
3.479, 0.0435508, 0, 0, 0, 0, 0, 0, 0, 0, 0, 0, 0, 0.0988268, 0.126825
3.48, 0.0435337, 0, 0, 0, 0, 0, 0, 0, 0, 0, 0, 0, 0.0988271, 0.126823
3.485, 0.043429, 0, 0, 0, 0, 0, 0, 0, 0, 0, 0, 0, 0.0988456, 0.126798
3.49, 0.0432997, 0, 0, 0, 0, 0, 0, 0, 0, 0, 0, 0, 0.098833, 0.126806
3.495, 0.0431528, 0, 0, 0, 0, 0, 0, 0, 0, 0, 0, 0, 0.0988388, 0.126795
3.5, 0.0429979, 0, 0, 0, 0, 0, 0, 0, 0, 0, 0, 0, 0.0988383, 0.126789
3.505, 0.0428445, 0, 0, 0, 0, 0, 0, 0, 0, 0, 0, 0, 0.098847, 0.126772
3.51, 0.0427011, 0, 0, 0, 0, 0, 0, 0, 0, 0, 0, 0, 0.0988447, 0.126769
3.515, 0.0425759, 0, 0, 0, 0, 0, 0, 0, 0, 0, 0, 0, 0.0988548, 0.126756
3.52, 0.0424755, 0, 0, 0, 0, 0, 0, 0, 0, 0, 0, 0, 0.0988485, 0.126757
3.521, 0.0424589, 0, 0, 0, 0, 0, 0, 0, 0, 0, 0, 0, 0.0988484, 0.126756
3.526, 0.042395, 0, 0, 0, 0, 0, 0, 0, 0, 0, 0, 0, 0.0988477, 0.126752
3.531, 0.0423653, 0, 0, 0, 0, 0, 0, 0, 0, 0, 0, 0, 0.0988519, 0.126746
3.535, 0.0423673, 0, 0, 0, 0, 0, 0, 0, 0, 0, 0, 0, 0.0988503, 0.126744
3.54, 0.0424019, 0, 0, 0, 0, 0, 0, 0, 0, 0, 0, 0, 0.0988595, 0.126731
3.55, 0.0425694, 0, 0, 0, 0, 0, 0, 0, 0, 0, 0, 0, 0.0988687, 0.126715
3.555, 0.0426947, 0, 0, 0, 0, 0, 0, 0, 0, 0, 0, 0, 0.098854, 0.126726
3.56, 0.042839, 0, 0, 0, 0, 0, 0, 0, 0, 0, 0, 0, 0.0989884, 0.12665
3.564, 0.0429624, 0, 0, 0, 0, 0, 0, 0, 0, 0, 0, 0, 0.0988563, 0.126719
3.565, 0.0429939, 0, 0, 0, 0, 0, 0, 0, 0, 0, 0, 0, 0.0988553, 0.126719
3.569, 0.0431203, 0, 0, 0, 0, 0, 0, 0, 0, 0, 0, 0, 0.0988538, 0.126717
3.574, 0.0432733, 0, 0, 0, 0, 0, 0, 0, 0, 0, 0, 0, 0.0988586, 0.126711
3.579, 0.0434121, 0, 0, 0, 0, 0, 0, 0, 0, 0, 0, 0, 0.0988543, 0.126711
3.584, 0.0435279, 0, 0, 0, 0, 0, 0, 0, 0, 0, 0, 0, 0.0988575, 0.126706
3.588, 0.0435987, 0, 0, 0, 0, 0, 0, 0, 0, 0, 0, 0, 0.0988551, 0.126706
3.593, 0.0436547, 0, 0, 0, 0, 0, 0, 0, 0, 0, 0, 0, 0.0988631, 0.126696
3.597, 0.0436707, 0, 0, 0, 0, 0, 0, 0, 0, 0, 0, 0, 0.0988554, 0.126701
3.602, 0.0436524, 0, 0, 0, 0, 0, 0, 0, 0, 0, 0, 0, 0.0988707, 0.126683
3.603, 0.0436442, 0, 0, 0, 0, 0, 0, 0, 0, 0, 0, 0, 0.0988629, 0.126691
3.608, 0.0435763, 0, 0, 0, 0, 0, 0, 0, 0, 0, 0, 0, 0.0988547, 0.126696
3.618, 0.0433296, 0, 0, 0, 0, 0, 0, 0, 0, 0, 0, 0, 0.0988542, 0.126693
3.623, 0.0431628, 0, 0, 0, 0, 0, 0, 0, 0, 0, 0, 0, 0.098862, 0.126683
3.627, 0.0430156, 0, 0, 0, 0, 0, 0, 0, 0, 0, 0, 0, 0.0988541, 0.126689
3.632, 0.0428211, 0, 0, 0, 0, 0, 0, 0, 0, 0, 0, 0, 0.0988691, 0.126672
3.636, 0.0426639, 0, 0, 0, 0, 0, 0, 0, 0, 0, 0, 0, 0.098854, 0.126686
3.64, 0.042509, 0, 0, 0, 0, 0, 0, 0, 0, 0, 0, 0, 0.0989876, 0.126612
3.641, 0.0424702, 0, 0, 0, 0, 0, 0, 0, 0, 0, 0, 0, 0.0988688, 0.126669
3.645, 0.0423242, 0, 0, 0, 0, 0, 0, 0, 0, 0, 0, 0, 0.0988537, 0.126683
3.65, 0.0421569, 0, 0, 0, 0, 0, 0, 0, 0, 0, 0, 0, 0.0988509, 0.126684
3.655, 0.042013, 0, 0, 0, 0, 0, 0, 0, 0, 0, 0, 0, 0.0988533, 0.126681
3.66, 0.0418975, 0, 0, 0, 0, 0, 0, 0, 0, 0, 0, 0, 0.0989856, 0.126608
3.664, 0.0418272, 0, 0, 0, 0, 0, 0, 0, 0, 0, 0, 0, 0.0988528, 0.126679
3.669, 0.0417705, 0, 0, 0, 0, 0, 0, 0, 0, 0, 0, 0, 0.0988494, 0.12668
3.674, 0.0417497, 0, 0, 0, 0, 0, 0, 0, 0, 0, 0, 0, 0.0988517, 0.126677
3.679, 0.0417653, 0, 0, 0, 0, 0, 0, 0, 0, 0, 0, 0, 0.0988483, 0.126678
3.68, 0.0417731, 0, 0, 0, 0, 0, 0, 0, 0, 0, 0, 0, 0.0989835, 0.126604
3.685, 0.0418318, 0, 0, 0, 0, 0, 0, 0, 0, 0, 0, 0, 0.0988494, 0.126676
3.69, 0.0419257, 0, 0, 0, 0, 0, 0, 0, 0, 0, 0, 0, 0.0989824, 0.126603
3.699, 0.0421719, 0, 0, 0, 0, 0, 0, 0, 0, 0, 0, 0, 0.0989818, 0.126602
3.704, 0.0423437, 0, 0, 0, 0, 0, 0, 0, 0, 0, 0, 0, 0.0988477, 0.126674
3.709, 0.0425335, 0, 0, 0, 0, 0, 0, 0, 0, 0, 0, 0, 0.0988449, 0.126675
3.714, 0.0427338, 0, 0, 0, 0, 0, 0, 0, 0, 0, 0, 0, 0.0988471, 0.126672
3.718, 0.0428959, 0, 0, 0, 0, 0, 0, 0, 0, 0, 0, 0, 0.0988441, 0.126674
3.719, 0.0429364, 0, 0, 0, 0, 0, 0, 0, 0, 0, 0, 0, 0.0989794, 0.1266
3.723, 0.0430933, 0, 0, 0, 0, 0, 0, 0, 0, 0, 0, 0, 0.0988465, 0.126671
3.728, 0.0432767, 0, 0, 0, 0, 0, 0, 0, 0, 0, 0, 0, 0.0988431, 0.126673
3.733, 0.0434371, 0, 0, 0, 0, 0, 0, 0, 0, 0, 0, 0, 0.0988454, 0.126671
3.738, 0.0435668, 0, 0, 0, 0, 0, 0, 0, 0, 0, 0, 0, 0.0988419, 0.126673
3.743, 0.0436595, 0, 0, 0, 0, 0, 0, 0, 0, 0, 0, 0, 0.0988443, 0.12667
3.748, 0.043711, 0, 0, 0, 0, 0, 0, 0, 0, 0, 0, 0, 0.0988408, 0.126672
3.753, 0.0437195, 0, 0, 0, 0, 0, 0, 0, 0, 0, 0, 0, 0.0988432, 0.12667
3.758, 0.0436858, 0, 0, 0, 0, 0, 0, 0, 0, 0, 0, 0, 0.0988397, 0.126672
3.759, 0.0436745, 0, 0, 0, 0, 0, 0, 0, 0, 0, 0, 0, 0.098975, 0.126599
3.769, 0.0434829, 0, 0, 0, 0, 0, 0, 0, 0, 0, 0, 0, 0.098974, 0.126598
3.778, 0.0432257, 0, 0, 0, 0, 0, 0, 0, 0, 0, 0, 0, 0.0988378, 0.126671
3.783, 0.0430683, 0, 0, 0, 0, 0, 0, 0, 0, 0, 0, 0, 0.0988402, 0.126669
3.788, 0.0429123, 0, 0, 0, 0, 0, 0, 0, 0, 0, 0, 0, 0.0988369, 0.126671
3.793, 0.0427665, 0, 0, 0, 0, 0, 0, 0, 0, 0, 0, 0, 0.0988394, 0.126669
3.798, 0.0426389, 0, 0, 0, 0, 0, 0, 0, 0, 0, 0, 0, 0.0988361, 0.126671
3.799, 0.0426166, 0, 0, 0, 0, 0, 0, 0, 0, 0, 0, 0, 0.0989714, 0.126598
3.803, 0.0425365, 0, 0, 0, 0, 0, 0, 0, 0, 0, 0, 0, 0.0988386, 0.126669
3.808, 0.0424644, 0, 0, 0, 0, 0, 0, 0, 0, 0, 0, 0, 0.0988353, 0.126671
3.813, 0.0424264, 0, 0, 0, 0, 0, 0, 0, 0, 0, 0, 0, 0.0988378, 0.126669
3.817, 0.0424217, 0, 0, 0, 0, 0, 0, 0, 0, 0, 0, 0, 0.098835, 0.126671
3.822, 0.0424484, 0, 0, 0, 0, 0, 0, 0, 0, 0, 0, 0, 0.0988427, 0.126664
3.827, 0.0425099, 0, 0, 0, 0, 0, 0, 0, 0, 0, 0, 0, 0.0988342, 0.126671
3.832, 0.0426032, 0, 0, 0, 0, 0, 0, 0, 0, 0, 0, 0, 0.0988385, 0.126668
3.837, 0.0427233, 0, 0, 0, 0, 0, 0, 0, 0, 0, 0, 0, 0.0988338, 0.126671
3.843, 0.042894, 0, 0, 0, 0, 0, 0, 0, 0, 0, 0, 0, 0.0988374, 0.126668
3.852, 0.0431755, 0, 0, 0, 0, 0, 0, 0, 0, 0, 0, 0, 0.0988374, 0.126668
3.857, 0.0433283, 0, 0, 0, 0, 0, 0, 0, 0, 0, 0, 0, 0.0988327, 0.126671
3.862, 0.0434667, 0, 0, 0, 0, 0, 0, 0, 0, 0, 0, 0, 0.0988404, 0.126664
3.866, 0.0435609, 0, 0, 0, 0, 0, 0, 0, 0, 0, 0, 0, 0.0988325, 0.126671
3.871, 0.0436512, 0, 0, 0, 0, 0, 0, 0, 0, 0, 0, 0, 0.0988477, 0.126656
3.876, 0.0437063, 0, 0, 0, 0, 0, 0, 0, 0, 0, 0, 0, 0.098832, 0.126671
3.877, 0.0437124, 0, 0, 0, 0, 0, 0, 0, 0, 0, 0, 0, 0.0988316, 0.126672
3.882, 0.0437181, 0, 0, 0, 0, 0, 0, 0, 0, 0, 0, 0, 0.0988394, 0.126664
3.886, 0.043692, 0, 0, 0, 0, 0, 0, 0, 0, 0, 0, 0, 0.0988316, 0.126671
3.891, 0.043622, 0, 0, 0, 0, 0, 0, 0, 0, 0, 0, 0, 0.0989651, 0.126599
3.896, 0.0435124, 0, 0, 0, 0, 0, 0, 0, 0, 0, 0, 0, 0.0988313, 0.126671
3.901, 0.043369, 0, 0, 0, 0, 0, 0, 0, 0, 0, 0, 0, 0.0988463, 0.126656
3.906, 0.0431997, 0, 0, 0, 0, 0, 0, 0, 0, 0, 0, 0, 0.0988308, 0.126672
3.91, 0.0430501, 0, 0, 0, 0, 0, 0, 0, 0, 0, 0, 0, 0.098829, 0.126673
3.915, 0.0428532, 0, 0, 0, 0, 0, 0, 0, 0, 0, 0, 0, 0.0988332, 0.126669
3.916, 0.0428132, 0, 0, 0, 0, 0, 0, 0, 0, 0, 0, 0, 0.0988312, 0.126671
3.926, 0.042422, 0, 0, 0, 0, 0, 0, 0, 0, 0, 0, 0, 0.0988304, 0.126672
3.931, 0.0422448, 0, 0, 0, 0, 0, 0, 0, 0, 0, 0, 0, 0.098828, 0.126673
3.936, 0.042089, 0, 0, 0, 0, 0, 0, 0, 0, 0, 0, 0, 0.0988307, 0.126671
3.94, 0.0419833, 0, 0, 0, 0, 0, 0, 0, 0, 0, 0, 0, 0.0988281, 0.126673
3.945, 0.0418785, 0, 0, 0, 0, 0, 0, 0, 0, 0, 0, 0, 0.0988326, 0.126669
3.949, 0.0418186, 0, 0, 0, 0, 0, 0, 0, 0, 0, 0, 0, 0.0988284, 0.126673
3.954, 0.0417749, 0, 0, 0, 0, 0, 0, 0, 0, 0, 0, 0, 0.0988437, 0.126657
3.955, 0.0417712, 0, 0, 0, 0, 0, 0, 0, 0, 0, 0, 0, 0.0988359, 0.126666
3.96, 0.0417719, 0, 0, 0, 0, 0, 0, 0, 0, 0, 0, 0, 0.0988278, 0.126673
3.965, 0.0418095, 0, 0, 0, 0, 0, 0, 0, 0, 0, 0, 0, 0.0988323, 0.126669
3.97, 0.0418829, 0, 0, 0, 0, 0, 0, 0, 0, 0, 0, 0, 0.0988278, 0.126673
3.975, 0.0419898, 0, 0, 0, 0, 0, 0, 0, 0, 0, 0, 0, 0.0988431, 0.126657
3.979, 0.0420985, 0, 0, 0, 0, 0, 0, 0, 0, 0, 0, 0, 0.0988282, 0.126673
3.983, 0.0422244, 0, 0, 0, 0, 0, 0, 0, 0, 0, 0, 0, 0.0989621, 0.126601
3.987, 0.0423644, 0, 0, 0, 0, 0, 0, 0, 0, 0, 0, 0, 0.0988297, 0.126672
3.992, 0.0425554, 0, 0, 0, 0, 0, 0, 0, 0, 0, 0, 0, 0.0988268, 0.126674
3.998, 0.0427977, 0, 0, 0, 0, 0, 0, 0, 0, 0, 0, 0, 0.0988292, 0.126672
4.008, 0.0431945, 0, 0, 0, 0, 0, 0, 0, 0, 0, 0, 0, 0.0988306, 0.126671
4.013, 0.0433707, 0, 0, 0, 0, 0, 0, 0, 0, 0, 0, 0, 0.0988261, 0.126674
4.018, 0.0435205, 0, 0, 0, 0, 0, 0, 0, 0, 0, 0, 0, 0.0988291, 0.126672
4.022, 0.0436164, 0, 0, 0, 0, 0, 0, 0, 0, 0, 0, 0, 0.0988266, 0.126674
4.027, 0.0437011, 0, 0, 0, 0, 0, 0, 0, 0, 0, 0, 0, 0.0988419, 0.126658
4.032, 0.0437447, 0, 0, 0, 0, 0, 0, 0, 0, 0, 0, 0, 0.0988264, 0.126674
4.033, 0.0437481, 0, 0, 0, 0, 0, 0, 0, 0, 0, 0, 0, 0.098826, 0.126674
4.038, 0.0437394, 0, 0, 0, 0, 0, 0, 0, 0, 0, 0, 0, 0.0988306, 0.12667
4.043, 0.0436893, 0, 0, 0, 0, 0, 0, 0, 0, 0, 0, 0, 0.0988262, 0.126674
4.048, 0.0436015, 0, 0, 0, 0, 0, 0, 0, 0, 0, 0, 0, 0.0988415, 0.126658
4.053, 0.0434839, 0, 0, 0, 0, 0, 0, 0, 0, 0, 0, 0, 0.0988261, 0.126674
4.058, 0.0433431, 0, 0, 0, 0, 0, 0, 0, 0, 0, 0, 0, 0.0988342, 0.126667
4.063, 0.0431885, 0, 0, 0, 0, 0, 0, 0, 0, 0, 0, 0, 0.0988263, 0.126674
4.068, 0.04303, 0, 0, 0, 0, 0, 0, 0, 0, 0, 0, 0, 0.09896, 0.126602
4.073, 0.0428758, 0, 0, 0, 0, 0, 0, 0, 0, 0, 0, 0, 0.0988264, 0.126674
4.079, 0.0427099, 0, 0, 0, 0, 0, 0, 0, 0, 0, 0, 0, 0.098834, 0.126667
4.089, 0.0425109, 0, 0, 0, 0, 0, 0, 0, 0, 0, 0, 0, 0.0989598, 0.126602
4.094, 0.042458, 0, 0, 0, 0, 0, 0, 0, 0, 0, 0, 0, 0.0988263, 0.126674
4.099, 0.0424404, 0, 0, 0, 0, 0, 0, 0, 0, 0, 0, 0, 0.0988416, 0.126658
4.104, 0.0424601, 0, 0, 0, 0, 0, 0, 0, 0, 0, 0, 0, 0.0988264, 0.126674
4.109, 0.0425146, 0, 0, 0, 0, 0, 0, 0, 0, 0, 0, 0, 0.0988244, 0.126675
4.114, 0.0426017, 0, 0, 0, 0, 0, 0, 0, 0, 0, 0, 0, 0.0988272, 0.126673
4.119, 0.0427172, 0, 0, 0, 0, 0, 0, 0, 0, 0, 0, 0, 0.0989602, 0.126602
4.12, 0.0427423, 0, 0, 0, 0, 0, 0, 0, 0, 0, 0, 0, 0.0988415, 0.126659
4.125, 0.0428834, 0, 0, 0, 0, 0, 0, 0, 0, 0, 0, 0, 0.0988263, 0.126674
4.13, 0.0430374, 0, 0, 0, 0, 0, 0, 0, 0, 0, 0, 0, 0.0989601, 0.126602
4.135, 0.0431949, 0, 0, 0, 0, 0, 0, 0, 0, 0, 0, 0, 0.0988266, 0.126674
4.14, 0.0433476, 0, 0, 0, 0, 0, 0, 0, 0, 0, 0, 0, 0.0988244, 0.126675
4.145, 0.0434857, 0, 0, 0, 0, 0, 0, 0, 0, 0, 0, 0, 0.0988273, 0.126673
4.15, 0.0436005, 0, 0, 0, 0, 0, 0, 0, 0, 0, 0, 0, 0.0988245, 0.126675
4.16, 0.0437304, 0, 0, 0, 0, 0, 0, 0, 0, 0, 0, 0, 0.0988247, 0.126675
4.166, 0.0437313, 0, 0, 0, 0, 0, 0, 0, 0, 0, 0, 0, 0.0988267, 0.126674
4.171, 0.0436852, 0, 0, 0, 0, 0, 0, 0, 0, 0, 0, 0, 0.0988245, 0.126675
4.176, 0.043598, 0, 0, 0, 0, 0, 0, 0, 0, 0, 0, 0, 0.0988274, 0.126673
4.181, 0.0434735, 0, 0, 0, 0, 0, 0, 0, 0, 0, 0, 0, 0.0988245, 0.126675
4.186, 0.0433179, 0, 0, 0, 0, 0, 0, 0, 0, 0, 0, 0, 0.0988275, 0.126673
4.191, 0.0431387, 0, 0, 0, 0, 0, 0, 0, 0, 0, 0, 0, 0.0988247, 0.126675
4.196, 0.0429444, 0, 0, 0, 0, 0, 0, 0, 0, 0, 0, 0, 0.0988292, 0.126671
4.201, 0.0427438, 0, 0, 0, 0, 0, 0, 0, 0, 0, 0, 0, 0.0988248, 0.126675
4.202, 0.0427036, 0, 0, 0, 0, 0, 0, 0, 0, 0, 0, 0, 0.0988244, 0.126675
4.207, 0.0425069, 0, 0, 0, 0, 0, 0, 0, 0, 0, 0, 0, 0.0988274, 0.126673
4.212, 0.0423222, 0, 0, 0, 0, 0, 0, 0, 0, 0, 0, 0, 0.0988246, 0.126675
4.217, 0.0421564, 0, 0, 0, 0, 0, 0, 0, 0, 0, 0, 0, 0.0988291, 0.126672
4.222, 0.0420154, 0, 0, 0, 0, 0, 0, 0, 0, 0, 0, 0, 0.0988247, 0.126675
4.227, 0.0419038, 0, 0, 0, 0, 0, 0, 0, 0, 0, 0, 0, 0.0988293, 0.126671
4.232, 0.0418251, 0, 0, 0, 0, 0, 0, 0, 0, 0, 0, 0, 0.098825, 0.126675
4.242, 0.041775, 0, 0, 0, 0, 0, 0, 0, 0, 0, 0, 0, 0.0988251, 0.126675
4.247, 0.0418052, 0, 0, 0, 0, 0, 0, 0, 0, 0, 0, 0, 0.0988333, 0.126667
4.248, 0.0418157, 0, 0, 0, 0, 0, 0, 0, 0, 0, 0, 0, 0.0988293, 0.126671
4.253, 0.0418892, 0, 0, 0, 0, 0, 0, 0, 0, 0, 0, 0, 0.098825, 0.126675
4.258, 0.0419968, 0, 0, 0, 0, 0, 0, 0, 0, 0, 0, 0, 0.0988331, 0.126668
4.262, 0.0421052, 0, 0, 0, 0, 0, 0, 0, 0, 0, 0, 0, 0.0988255, 0.126675
4.267, 0.0422645, 0, 0, 0, 0, 0, 0, 0, 0, 0, 0, 0, 0.098841, 0.126659
4.272, 0.0424465, 0, 0, 0, 0, 0, 0, 0, 0, 0, 0, 0, 0.0988257, 0.126675
4.277, 0.0426433, 0, 0, 0, 0, 0, 0, 0, 0, 0, 0, 0, 0.0989595, 0.126602
4.282, 0.0428467, 0, 0, 0, 0, 0, 0, 0, 0, 0, 0, 0, 0.0988261, 0.126674
4.286, 0.043009, 0, 0, 0, 0, 0, 0, 0, 0, 0, 0, 0, 0.0988243, 0.126675
4.287, 0.0430492, 0, 0, 0, 0, 0, 0, 0, 0, 0, 0, 0, 0.0989597, 0.126602
4.292, 0.0432404, 0, 0, 0, 0, 0, 0, 0, 0, 0, 0, 0, 0.0988263, 0.126674
4.296, 0.0433799, 0, 0, 0, 0, 0, 0, 0, 0, 0, 0, 0, 0.0988245, 0.126675
4.306, 0.0436464, 0, 0, 0, 0, 0, 0, 0, 0, 0, 0, 0, 0.0988246, 0.126675
4.311, 0.0437235, 0, 0, 0, 0, 0, 0, 0, 0, 0, 0, 0, 0.0988292, 0.126672
4.316, 0.0437581, 0, 0, 0, 0, 0, 0, 0, 0, 0, 0, 0, 0.0988248, 0.126675
4.321, 0.0437494, 0, 0, 0, 0, 0, 0, 0, 0, 0, 0, 0, 0.0988329, 0.126668
4.326, 0.0436991, 0, 0, 0, 0, 0, 0, 0, 0, 0, 0, 0, 0.0988249, 0.126675
4.327, 0.0436845, 0, 0, 0, 0, 0, 0, 0, 0, 0, 0, 0, 0.0988245, 0.126675
4.332, 0.0435903, 0, 0, 0, 0, 0, 0, 0, 0, 0, 0, 0, 0.0988292, 0.126672
4.337, 0.0434668, 0, 0, 0, 0, 0, 0, 0, 0, 0, 0, 0, 0.0988248, 0.126675
4.341, 0.0433519, 0, 0, 0, 0, 0, 0, 0, 0, 0, 0, 0, 0.0988407, 0.126659
4.346, 0.0431976, 0, 0, 0, 0, 0, 0, 0, 0, 0, 0, 0, 0.0988254, 0.126675
4.351, 0.0430379, 0, 0, 0, 0, 0, 0, 0, 0, 0, 0, 0, 0.0988409, 0.126659
4.356, 0.0428842, 0, 0, 0, 0, 0, 0, 0, 0, 0, 0, 0, 0.0988256, 0.126675
4.361, 0.0427441, 0, 0, 0, 0, 0, 0, 0, 0, 0, 0, 0, 0.0989594, 0.126602
4.366, 0.0426245, 0, 0, 0, 0, 0, 0, 0, 0, 0, 0, 0, 0.098826, 0.126674
4.367, 0.0426038, 0, 0, 0, 0, 0, 0, 0, 0, 0, 0, 0, 0.0988254, 0.126675
4.372, 0.0425177, 0, 0, 0, 0, 0, 0, 0, 0, 0, 0, 0, 0.0988409, 0.126659
4.377, 0.0424654, 0, 0, 0, 0, 0, 0, 0, 0, 0, 0, 0, 0.0988257, 0.126675
4.387, 0.0424672, 0, 0, 0, 0, 0, 0, 0, 0, 0, 0, 0, 0.098826, 0.126674
4.392, 0.0425219, 0, 0, 0, 0, 0, 0, 0, 0, 0, 0, 0, 0.0989597, 0.126602
4.397, 0.0426086, 0, 0, 0, 0, 0, 0, 0, 0, 0, 0, 0, 0.0988263, 0.126674
4.401, 0.0426987, 0, 0, 0, 0, 0, 0, 0, 0, 0, 0, 0, 0.0988246, 0.126675
4.406, 0.042832, 0, 0, 0, 0, 0, 0, 0, 0, 0, 0, 0, 0.0988291, 0.126672
4.407, 0.0428608, 0, 0, 0, 0, 0, 0, 0, 0, 0, 0, 0, 0.0988271, 0.126674
4.412, 0.0430125, 0, 0, 0, 0, 0, 0, 0, 0, 0, 0, 0, 0.0988243, 0.126675
4.417, 0.0431702, 0, 0, 0, 0, 0, 0, 0, 0, 0, 0, 0, 0.0988274, 0.126673
4.421, 0.0432944, 0, 0, 0, 0, 0, 0, 0, 0, 0, 0, 0, 0.098825, 0.126675
4.426, 0.0434395, 0, 0, 0, 0, 0, 0, 0, 0, 0, 0, 0, 0.0988331, 0.126668
4.43, 0.0435415, 0, 0, 0, 0, 0, 0, 0, 0, 0, 0, 0, 0.0988255, 0.126675
4.435, 0.0436441, 0, 0, 0, 0, 0, 0, 0, 0, 0, 0, 0, 0.098841, 0.126659
4.44, 0.0437137, 0, 0, 0, 0, 0, 0, 0, 0, 0, 0, 0, 0.0988258, 0.126675
4.445, 0.043744, 0, 0, 0, 0, 0, 0, 0, 0, 0, 0, 0, 0.0989595, 0.126602
4.446, 0.0437442, 0, 0, 0, 0, 0, 0, 0, 0, 0, 0, 0, 0.0988408, 0.126659
4.451, 0.0437239, 0, 0, 0, 0, 0, 0, 0, 0, 0, 0, 0, 0.0988255, 0.126675
4.455, 0.043677, 0, 0, 0, 0, 0, 0, 0, 0, 0, 0, 0, 0.0989597, 0.126602
4.46, 0.0435813, 0, 0, 0, 0, 0, 0, 0, 0, 0, 0, 0, 0.0988263, 0.126674
4.47, 0.0432885, 0, 0, 0, 0, 0, 0, 0, 0, 0, 0, 0, 0.0988271, 0.126674
4.475, 0.0431052, 0, 0, 0, 0, 0, 0, 0, 0, 0, 0, 0, 0.0988242, 0.126675
4.48, 0.0429086, 0, 0, 0, 0, 0, 0, 0, 0, 0, 0, 0, 0.0988273, 0.126673
4.485, 0.0427074, 0, 0, 0, 0, 0, 0, 0, 0, 0, 0, 0, 0.0988245, 0.126675
4.486, 0.0426674, 0, 0, 0, 0, 0, 0, 0, 0, 0, 0, 0, 0.0988241, 0.126676
4.491, 0.0424722, 0, 0, 0, 0, 0, 0, 0, 0, 0, 0, 0, 0.098827, 0.126674
4.496, 0.0422905, 0, 0, 0, 0, 0, 0, 0, 0, 0, 0, 0, 0.0988242, 0.126675
4.501, 0.042129, 0, 0, 0, 0, 0, 0, 0, 0, 0, 0, 0, 0.0988273, 0.126673
4.506, 0.0419933, 0, 0, 0, 0, 0, 0, 0, 0, 0, 0, 0, 0.0988245, 0.126675
4.511, 0.0418878, 0, 0, 0, 0, 0, 0, 0, 0, 0, 0, 0, 0.098829, 0.126672
4.516, 0.0418159, 0, 0, 0, 0, 0, 0, 0, 0, 0, 0, 0, 0.0988247, 0.126675
4.52, 0.0417841, 0, 0, 0, 0, 0, 0, 0, 0, 0, 0, 0, 0.0988332, 0.126667
4.525, 0.0417772, 0, 0, 0, 0, 0, 0, 0, 0, 0, 0, 0, 0.0988253, 0.126675
4.526, 0.0417803, 0, 0, 0, 0, 0, 0, 0, 0, 0, 0, 0, 0.0988249, 0.126675
4.531, 0.0418179, 0, 0, 0, 0, 0, 0, 0, 0, 0, 0, 0, 0.0988331, 0.126668
4.536, 0.0418915, 0, 0, 0, 0, 0, 0, 0, 0, 0, 0, 0, 0.0988251, 0.126675
4.541, 0.0419991, 0, 0, 0, 0, 0, 0, 0, 0, 0, 0, 0, 0.0988333, 0.126667
4.546, 0.0421375, 0, 0, 0, 0, 0, 0, 0, 0, 0, 0, 0, 0.0988253, 0.126675
4.551, 0.0423017, 0, 0, 0, 0, 0, 0, 0, 0, 0, 0, 0, 0.0988408, 0.126659
4.561, 0.0426857, 0, 0, 0, 0, 0, 0, 0, 0, 0, 0, 0, 0.098841, 0.126659
4.566, 0.0428904, 0, 0, 0, 0, 0, 0, 0, 0, 0, 0, 0, 0.0988257, 0.126675
4.567, 0.0429312, 0, 0, 0, 0, 0, 0, 0, 0, 0, 0, 0, 0.0988253, 0.126675
4.572, 0.0431298, 0, 0, 0, 0, 0, 0, 0, 0, 0, 0, 0, 0.0988408, 0.126659
4.577, 0.0433151, 0, 0, 0, 0, 0, 0, 0, 0, 0, 0, 0, 0.0988255, 0.126675
4.582, 0.0434764, 0, 0, 0, 0, 0, 0, 0, 0, 0, 0, 0, 0.098841, 0.126659
4.587, 0.0436076, 0, 0, 0, 0, 0, 0, 0, 0, 0, 0, 0, 0.0988257, 0.126675
4.592, 0.0437013, 0, 0, 0, 0, 0, 0, 0, 0, 0, 0, 0, 0.0989595, 0.126602
4.596, 0.0437459, 0, 0, 0, 0, 0, 0, 0, 0, 0, 0, 0, 0.098827, 0.126674
4.601, 0.0437632, 0, 0, 0, 0, 0, 0, 0, 0, 0, 0, 0, 0.0988242, 0.126675
4.606, 0.0437375, 0, 0, 0, 0, 0, 0, 0, 0, 0, 0, 0, 0.0988272, 0.126673
4.607, 0.0437274, 0, 0, 0, 0, 0, 0, 0, 0, 0, 0, 0, 0.0988262, 0.126674
4.612, 0.0436542, 0, 0, 0, 0, 0, 0, 0, 0, 0, 0, 0, 0.0988241, 0.126676
4.616, 0.0435711, 0, 0, 0, 0, 0, 0, 0, 0, 0, 0, 0, 0.098829, 0.126672
4.621, 0.0434426, 0, 0, 0, 0, 0, 0, 0, 0, 0, 0, 0, 0.0988246, 0.126675
4.626, 0.0432949, 0, 0, 0, 0, 0, 0, 0, 0, 0, 0, 0, 0.0988292, 0.126672
4.631, 0.0431371, 0, 0, 0, 0, 0, 0, 0, 0, 0, 0, 0, 0.0988249, 0.126675
4.635, 0.0430096, 0, 0, 0, 0, 0, 0, 0, 0, 0, 0, 0, 0.0988407, 0.126659
4.64, 0.0428578, 0, 0, 0, 0, 0, 0, 0, 0, 0, 0, 0, 0.0988254, 0.126675
4.641, 0.042829, 0, 0, 0, 0, 0, 0, 0, 0, 0, 0, 0, 0.098825, 0.126675
4.646, 0.0426961, 0, 0, 0, 0, 0, 0, 0, 0, 0, 0, 0, 0.0988332, 0.126667
4.651, 0.042587, 0, 0, 0, 0, 0, 0, 0, 0, 0, 0, 0, 0.0988253, 0.126675
4.655, 0.0425212, 0, 0, 0, 0, 0, 0, 0, 0, 0, 0, 0, 0.0989595, 0.126602
4.66, 0.0424681, 0, 0, 0, 0, 0, 0, 0, 0, 0, 0, 0, 0.0988261, 0.126674
4.665, 0.0424511, 0, 0, 0, 0, 0, 0, 0, 0, 0, 0, 0, 0.0989597, 0.126602
4.669, 0.0424631, 0, 0, 0, 0, 0, 0, 0, 0, 0, 0, 0, 0.0988273, 0.126673
4.674, 0.0425105, 0, 0, 0, 0, 0, 0, 0, 0, 0, 0, 0, 0.0988246, 0.126675
4.679, 0.0425913, 0, 0, 0, 0, 0, 0, 0, 0, 0, 0, 0, 0.0988291, 0.126672
4.68, 0.0426111, 0, 0, 0, 0, 0, 0, 0, 0, 0, 0, 0, 0.0988271, 0.126674
4.685, 0.0427261, 0, 0, 0, 0, 0, 0, 0, 0, 0, 0, 0, 0.0988243, 0.126675
4.69, 0.0428632, 0, 0, 0, 0, 0, 0, 0, 0, 0, 0, 0, 0.0988274, 0.126673
4.695, 0.0430148, 0, 0, 0, 0, 0, 0, 0, 0, 0, 0, 0, 0.0988246, 0.126675
4.704, 0.0432967, 0, 0, 0, 0, 0, 0, 0, 0, 0, 0, 0, 0.0988251, 0.126675
4.709, 0.0434417, 0, 0, 0, 0, 0, 0, 0, 0, 0, 0, 0, 0.0988333, 0.126667
4.714, 0.0435667, 0, 0, 0, 0, 0, 0, 0, 0, 0, 0, 0, 0.0988254, 0.126675
4.719, 0.043663, 0, 0, 0, 0, 0, 0, 0, 0, 0, 0, 0, 0.0988409, 0.126659
4.72, 0.0436788, 0, 0, 0, 0, 0, 0, 0, 0, 0, 0, 0, 0.0988331, 0.126668
4.725, 0.0437327, 0, 0, 0, 0, 0, 0, 0, 0, 0, 0, 0, 0.0988251, 0.126675
4.73, 0.043746, 0, 0, 0, 0, 0, 0, 0, 0, 0, 0, 0, 0.0988333, 0.126667
4.735, 0.0437166, 0, 0, 0, 0, 0, 0, 0, 0, 0, 0, 0, 0.0988253, 0.126675
4.739, 0.043663, 0, 0, 0, 0, 0, 0, 0, 0, 0, 0, 0, 0.0989595, 0.126602
4.744, 0.0435596, 0, 0, 0, 0, 0, 0, 0, 0, 0, 0, 0, 0.0988261, 0.126674
4.748, 0.0434516, 0, 0, 0, 0, 0, 0, 0, 0, 0, 0, 0, 0.0988243, 0.126675
4.753, 0.0432902, 0, 0, 0, 0, 0, 0, 0, 0, 0, 0, 0, 0.0988273, 0.126673
4.758, 0.0431068, 0, 0, 0, 0, 0, 0, 0, 0, 0, 0, 0, 0.0988245, 0.126675
4.759, 0.0430686, 0, 0, 0, 0, 0, 0, 0, 0, 0, 0, 0, 0.0989599, 0.126602
4.764, 0.0428699, 0, 0, 0, 0, 0, 0, 0, 0, 0, 0, 0, 0.0988265, 0.126674
4.769, 0.0426689, 0, 0, 0, 0, 0, 0, 0, 0, 0, 0, 0, 0.0988243, 0.126675
4.774, 0.0424735, 0, 0, 0, 0, 0, 0, 0, 0, 0, 0, 0, 0.0988288, 0.126672
4.784, 0.0421301, 0, 0, 0, 0, 0, 0, 0, 0, 0, 0, 0, 0.0988275, 0.126673
4.793, 0.0419074, 0, 0, 0, 0, 0, 0, 0, 0, 0, 0, 0, 0.0988332, 0.126667
4.798, 0.0418285, 0, 0, 0, 0, 0, 0, 0, 0, 0, 0, 0, 0.0988253, 0.126675
4.799, 0.0418169, 0, 0, 0, 0, 0, 0, 0, 0, 0, 0, 0, 0.0988249, 0.126675
4.804, 0.0417807, 0, 0, 0, 0, 0, 0, 0, 0, 0, 0, 0, 0.098833, 0.126668
4.809, 0.0417812, 0, 0, 0, 0, 0, 0, 0, 0, 0, 0, 0, 0.098825, 0.126675
4.814, 0.0418188, 0, 0, 0, 0, 0, 0, 0, 0, 0, 0, 0, 0.0988332, 0.126667
4.819, 0.0418924, 0, 0, 0, 0, 0, 0, 0, 0, 0, 0, 0, 0.0988253, 0.126675
4.823, 0.0419754, 0, 0, 0, 0, 0, 0, 0, 0, 0, 0, 0, 0.0988412, 0.126659
4.828, 0.0421084, 0, 0, 0, 0, 0, 0, 0, 0, 0, 0, 0, 0.0988259, 0.126675
4.833, 0.0422686, 0, 0, 0, 0, 0, 0, 0, 0, 0, 0, 0, 0.0989597, 0.126602
4.838, 0.0424499, 0, 0, 0, 0, 0, 0, 0, 0, 0, 0, 0, 0.0988263, 0.126674
4.839, 0.0424883, 0, 0, 0, 0, 0, 0, 0, 0, 0, 0, 0, 0.0988257, 0.126675
4.843, 0.0426466, 0, 0, 0, 0, 0, 0, 0, 0, 0, 0, 0, 0.0988241, 0.126676
4.848, 0.0428504, 0, 0, 0, 0, 0, 0, 0, 0, 0, 0, 0, 0.098827, 0.126674
4.853, 0.0430531, 0, 0, 0, 0, 0, 0, 0, 0, 0, 0, 0, 0.09896, 0.126602
4.863, 0.0434164, 0, 0, 0, 0, 0, 0, 0, 0, 0, 0, 0, 0.0988245, 0.126675
4.867, 0.0435343, 0, 0, 0, 0, 0, 0, 0, 0, 0, 0, 0, 0.0988329, 0.126668
4.872, 0.0436507, 0, 0, 0, 0, 0, 0, 0, 0, 0, 0, 0, 0.0988249, 0.126675
4.876, 0.0437159, 0, 0, 0, 0, 0, 0, 0, 0, 0, 0, 0, 0.0988335, 0.126667
4.877, 0.0437279, 0, 0, 0, 0, 0, 0, 0, 0, 0, 0, 0, 0.0988296, 0.126671
4.882, 0.0437626, 0, 0, 0, 0, 0, 0, 0, 0, 0, 0, 0, 0.0988252, 0.126675
4.887, 0.0437535, 0, 0, 0, 0, 0, 0, 0, 0, 0, 0, 0, 0.0988406, 0.126659
4.892, 0.0437037, 0, 0, 0, 0, 0, 0, 0, 0, 0, 0, 0, 0.0988252, 0.126675
4.897, 0.0436163, 0, 0, 0, 0, 0, 0, 0, 0, 0, 0, 0, 0.0988334, 0.126667
4.901, 0.0435238, 0, 0, 0, 0, 0, 0, 0, 0, 0, 0, 0, 0.0988259, 0.126674
4.905, 0.0434155, 0, 0, 0, 0, 0, 0, 0, 0, 0, 0, 0, 0.0988243, 0.126675
4.91, 0.043265, 0, 0, 0, 0, 0, 0, 0, 0, 0, 0, 0, 0.0988288, 0.126672
4.911, 0.0432336, 0, 0, 0, 0, 0, 0, 0, 0, 0, 0, 0, 0.0988268, 0.126674
4.916, 0.0430745, 0, 0, 0, 0, 0, 0, 0, 0, 0, 0, 0, 0.098824, 0.126676
4.921, 0.0429185, 0, 0, 0, 0, 0, 0, 0, 0, 0, 0, 0, 0.098827, 0.126674
4.926, 0.0427745, 0, 0, 0, 0, 0, 0, 0, 0, 0, 0, 0, 0.0988243, 0.126675
4.936, 0.0425525, 0, 0, 0, 0, 0, 0, 0, 0, 0, 0, 0, 0.0988246, 0.126675
4.941, 0.0424861, 0, 0, 0, 0, 0, 0, 0, 0, 0, 0, 0, 0.0988291, 0.126672
4.945, 0.0424578, 0, 0, 0, 0, 0, 0, 0, 0, 0, 0, 0, 0.0988251, 0.126675
4.949, 0.042453, 0, 0, 0, 0, 0, 0, 0, 0, 0, 0, 0, 0.0989593, 0.126602
4.95, 0.0424545, 0, 0, 0, 0, 0, 0, 0, 0, 0, 0, 0, 0.0988406, 0.126659
4.955, 0.0424883, 0, 0, 0, 0, 0, 0, 0, 0, 0, 0, 0, 0.0988253, 0.126675
4.959, 0.0425395, 0, 0, 0, 0, 0, 0, 0, 0, 0, 0, 0, 0.0988413, 0.126659
4.964, 0.0426329, 0, 0, 0, 0, 0, 0, 0, 0, 0, 0, 0, 0.0988261, 0.126674
4.969, 0.0427528, 0, 0, 0, 0, 0, 0, 0, 0, 0, 0, 0, 0.0988241, 0.126676
4.974, 0.0428934, 0, 0, 0, 0, 0, 0, 0, 0, 0, 0, 0, 0.098827, 0.126674
4.979, 0.043047, 0, 0, 0, 0, 0, 0, 0, 0, 0, 0, 0, 0.0988242, 0.126676
4.984, 0.0432047, 0, 0, 0, 0, 0, 0, 0, 0, 0, 0, 0, 0.0988272, 0.126674
4.99, 0.0433867, 0, 0, 0, 0, 0, 0, 0, 0, 0, 0, 0, 0.0989598, 0.126602
5, 0.0436293, 0, 0, 0, 0, 0, 0, 0, 0, 0, 0, 0, 0.0988243, 0.126675
