Time,Stouch_RA5C1,Stouch_RA6D1,Stouch_RA4P2,Stouch_RA5C2,Stouch_RA6D2,Stouch_RA4P3,Stouch_RA5C3,Stouch_RA6D3,Stouch_RA4P4,Stouch_RA5C4,Stouch_RA6D4,Stouch_RA4P5,Stouch_RA5C5,Stouch_RA6D5
0, 0, 0, 0, 0, 0, 0, 0, 0, 0, 0, 0, 0, 0, 0
0.005, 0, 0, 0, 0, 0, 0, 0, 0, 0, 0.0116192, 0, 0, 0.00514683, 0.00153127
0.009, 0, 0, 0, 0, 0, 0, 0, 0, 0, 0.0105269, 0, 0, 0.00758346, 0.00131112
0.013, 0, 0, 0, 0, 0, 0, 0, 0, 0, 0.0066213, 0, 0, 0.00849166, 0.00124467
0.017, 0, 0, 0, 0, 0, 0, 0, 0, 0, 0.00490058, 0, 0, 0.00907363, 0.00117732
0.021, 0, 0, 0, 0, 0, 0, 0, 0, 0, 0.00414719, 0, 0, 0.00742886, 0.00100158
0.026, 0, 0, 0, 0, 0, 0, 0, 0, 0, 0.00353571, 0, 0, 0.00692005, 0.00075404
0.031, 0, 0, 0, 0, 0, 0, 0, 0, 0, 0.00245172, 0, 0, 0.00556583, 0.000546657
0.032, 0, 0, 0, 0, 0, 0, 0, 0, 0, 0.00240487, 0, 0, 0.00522714, 0.000508165
0.036, 0, 0, 0, 0, 0, 0, 0, 0, 0, 0.00208761, 0, 0, 0.00425412, 0.000343219
0.045, 0, 0, 0, 0, 0, 0, 0, 0, 0, 0.00279957, 0, 0, 0, 0
0.05, 0, 0, 0, 0, 0, 0, 0, 0, 0, 0.00252878, 0, 0, 0, 0
0.055, 0, 0, 0, 0, 0, 0, 0, 0, 0, 0, 0, 0, 0, 0
0.059, 0, 0, 0, 0, 0, 0, 0, 0, 0, 0, 0, 0, 0, 0
0.064, 0, 0, 0, 0, 0, 0, 0, 0, 0, 0, 0, 0, 0, 0
0.069, 0, 0, 0, 0, 0, 0, 0, 0, 0, 0, 0, 0, 0, 0
0.07, 0, 0, 0, 0, 0, 0, 0, 0, 0, 0, 0, 0, 0, 0
0.075, 0, 0, 0, 0, 0, 0, 0, 0, 0, 0, 0, 0, 0, 0
0.08, 0, 0, 0, 0, 0.0307936, 0, 0, 0, 0, 0, 0, 0, 0, 0
0.087, 0, 0, 0, 0.326363, 2.30811, 0, 0.565419, 0, 0, 0, 0, 0, 0, 0
0.09, 0, 0, 0, 0.0950501, 0.561302, 0, 0.513778, 0, 0, 0.32995, 0, 0, 0, 0.391276
0.091, 0, 0, 0, 0.471147, 1.36735, 0, 1.12546, 0, 0, 0.712705, 0, 0, 0, 0.758751
0.094, 0, 0, 0, 0, 0.914938, 0, 0.851889, 0, 0, 0.602066, 0, 0, 0.00977609, 0.603125
0.097, 0, 0, 0, 0, 0.67418, 0, 0.948972, 0.170755, 0, 0.722741, 0, 0, 0.0118275, 0.84075
0.099, 0, 0, 0, 1.01665, 2.70585, 0, 2.51851, 0.0943518, 0, 2.99124, 0, 0, 1.01105, 1.06206
0.102, 0, 0, 0, 0.00254929, 0.252344, 0, 0.34019, 0.260099, 0, 0.253304, 0.191132, 0, 0.0126322, 0.103571
0.104, 0, 0, 0, 0, 0.486939, 0, 1.02143, 0.640671, 0, 0.707937, 0.494646, 0, 0.182947, 0.57648
0.105, 0, 0, 0, 0.006725, 0.286211, 0, 0.924931, 0.663285, 0, 0.664974, 0.521612, 0, 0.149526, 0.536843
0.107, 0, 0, 0, 0.00527789, 0.256158, 0, 0.944265, 0.754997, 0, 0.720602, 0.535598, 0, 0.00277342, 0.733526
0.11, 0, 0, 0, 0, 1.19205, 0, 0.855081, 0.785626, 0, 0.884422, 0.381332, 0, 0.203337, 0.581985
0.113, 0, 0, 0, 0, 0.470461, 0, 0.701222, 0.664214, 0, 0.588905, 0.327244, 0, 0.0333322, 0.444849
0.116, 0, 0, 0, 0, 0.433045, 0, 0.828432, 0.822477, 0, 0.731418, 0.400767, 0, 0.0647277, 0.603259
0.119, 0, 0, 0, 0, 0.384672, 0, 0.870425, 0.846593, 0, 0.746454, 0.398389, 0, 0.0618105, 0.619414
0.12, 0, 0, 0, 0, 0.402334, 0, 0.882493, 0.858354, 0, 0.756815, 0.400637, 0, 0.0651631, 0.629129
0.123, 0, 0, 0, 0, 0.389962, 0, 0.598716, 0.705922, 0, 0.761203, 0.407744, 0, 0.0634818, 0.63397
0.126, 0, 0, 0, 0, 0.410935, 0, 0.586466, 0.714855, 0, 0.7766, 0.409677, 0, 0.0657278, 0.639864
0.129, 0, 0, 0, 0, 0.431304, 0, 0.574266, 0.705348, 0, 0.788138, 0.3997, 0, 0.0656648, 0.638925
0.132, 0, 0, 0, 0, 0.425114, 0, 0.677408, 0.939008, 0, 0.788134, 0.390141, 0, 0.0593406, 0.64228
0.135, 0, 0, 0, 0, 0.419921, 0, 0.769088, 0.857748, 0, 0.803662, 0.379204, 0, 0.0669206, 0.64013
0.138, 0, 0, 0, 0, 0.41862, 0, 0.765723, 0.860298, 0, 0.817156, 0.378307, 0, 0.0668898, 0.645395
0.139, 0, 0, 0, 0, 0.418507, 0, 0.767279, 0.858506, 0, 0.826647, 0.376262, 0, 0.0673995, 0.646503
0.143, 0, 0, 0, 0, 0.413457, 0, 0.777341, 0.842365, 0, 0.84514, 0.372818, 0, 0.0683326, 0.651485
0.146, 0, 0, 0, 0, 0.411791, 0, 0.782939, 0.838034, 0, 0.848504, 0.374788, 0, 0.0688744, 0.655129
0.149, 0, 0, 0, 0, 0.409457, 0, 0.787722, 0.835375, 0, 0.852597, 0.377939, 0, 0.0694741, 0.657976
0.152, 0, 0, 0, 0, 0.407732, 0, 0.796216, 0.82678, 0, 0.859146, 0.374708, 0, 0.0705482, 0.660722
0.155, 0, 0, 0, 0, 0.404134, 0, 0.81036, 0.813534, 0, 0.861596, 0.376439, 0, 0.0712496, 0.663811
0.156, 0, 0, 0, 0, 0.402966, 0, 0.811181, 0.810414, 0, 0.863326, 0.375273, 0, 0.0715269, 0.665386
0.159, 0, 0, 0, 0, 0.399971, 0, 0.825137, 0.801372, 0, 0.870649, 0.374352, 0, 0.0720603, 0.668657
0.162, 0, 0, 0, 0, 0.399798, 0, 0.69773, 0.765505, 0, 0.879596, 0.374029, 0, 0.0770708, 0.670086
0.165, 0, 0, 0, 0, 0.398114, 0, 0.712173, 0.733911, 0, 0.885879, 0.37903, 0, 0.0672695, 0.681634
0.168, 0, 0, 0, 0, 0.396478, 0, 0.716562, 0.7277, 0, 0.896331, 0.376777, 0, 0.0777446, 0.676548
0.172, 0, 0, 0, 0, 0.447555, 0, 0.734165, 0.723823, 0, 0.91142, 0.379604, 0, 0.0773743, 0.680737
0.175, 0, 0, 0, 0, 0.498311, 0, 0.744714, 0.712908, 0, 0.914781, 0.376416, 0, 0.075896, 0.671978
0.18, 0, 0, 0, 0, 0.472546, 0, 0.753579, 0.692095, 0, 0.919706, 0.399176, 0, 0.0761673, 0.666231
0.183, 0, 0, 0, 0, 0.462758, 0, 0.755127, 0.686739, 0, 0.926211, 0.405416, 0, 0.0776352, 0.673837
0.186, 0, 0, 0, 0, 0.451706, 0, 0.751737, 0.680134, 0, 0.933489, 0.40569, 0, 0.0784786, 0.677574
0.189, 0, 0, 0, 0, 0.444676, 0, 0.751812, 0.671681, 0, 0.942549, 0.405982, 0, 0.0797907, 0.682471
0.192, 0, 0, 0, 0, 0.441374, 0, 0.750336, 0.664064, 0, 0.949998, 0.407805, 0, 0.0809936, 0.686019
0.196, 0, 0, 0, 0, 0.440841, 0, 0.753052, 0.654057, 0, 0.959582, 0.40964, 0, 0.0819378, 0.688525
0.197, 0, 0, 0, 0, 0.441216, 0, 0.752621, 0.650303, 0, 0.965008, 0.409345, 0, 0.0821416, 0.68903
0.201, 0, 0, 0, 0, 0.441916, 0, 0.744205, 0.64761, 0, 0.975218, 0.412721, 0, 0.0892896, 0.686396
0.205, 0, 0, 0, 0, 0.444906, 0, 0.754959, 0.658801, 0, 0.983309, 0.414314, 0, 0.0842589, 0.693519
0.209, 0, 0, 0, 0, 0.446028, 0, 0.754124, 0.647583, 0, 1.00655, 0.414743, 0, 0.0866026, 0.698258
0.212, 0, 0, 0, 0.00180129, 0.444478, 0, 0.753308, 0.63951, 0, 1.01732, 0.41731, 0, 0.083932, 0.702964
0.213, 0, 0, 0, 0.00181572, 0.444903, 0, 0.753336, 0.638237, 0, 1.02428, 0.420117, 0, 0.086309, 0.702529
0.216, 0, 0, 0, 0.00192648, 0.444898, 0, 0.753453, 0.63081, 0, 1.06505, 0.423532, 0, 0.0864313, 0.704554
0.219, 0, 0, 0, 0.00194467, 0.444731, 0, 0.753447, 0.624137, 0, 1.07103, 0.425851, 0, 0.087274, 0.705454
0.222, 0, 0, 0, 0.00201481, 0.444453, 0, 0.755827, 0.612287, 0, 1.0812, 0.428793, 0, 0.0880706, 0.705655
0.226, 0, 0, 0, 0.00217097, 0.444287, 0, 0.753651, 0.598077, 0, 1.09401, 0.430759, 0, 0.0887607, 0.707599
0.23, 0, 0, 0, 0.0022035, 0.444292, 0, 0.751563, 0.58894, 0, 1.0997, 0.435227, 0, 0.0891935, 0.71108
0.231, 0, 0, 0, 0.00222327, 0.443946, 0, 0.75126, 0.587609, 0, 1.10077, 0.436107, 0, 0.089557, 0.711436
0.234, 0, 0, 0, 0.0023894, 0.44453, 0, 0.753089, 0.584845, 0, 1.1152, 0.444201, 0, 0.0903867, 0.712048
0.238, 0, 0, 0, 0.00245498, 0.444632, 0, 0.753592, 0.577764, 0, 1.11944, 0.448237, 0, 0.0910433, 0.713033
0.242, 0, 0, 0, 0.00250655, 0.444938, 0, 0.753344, 0.57524, 0, 1.17093, 0.450261, 0, 0.0920349, 0.713976
0.245, 0, 0, 0, 0.00257026, 0.444923, 0, 0.753877, 0.571202, 0, 1.17482, 0.453797, 0, 0.0927198, 0.714806
0.246, 0, 0, 0, 0.00257682, 0.44495, 0, 0.753864, 0.569906, 0, 1.17809, 0.455928, 0, 0.0928119, 0.715063
0.249, 0, 0, 0, 0.00259468, 0.444894, 0, 0.754765, 0.561303, 0, 1.21174, 0.46483, 0, 0.0937291, 0.713069
0.253, 0, 0, 0, 0.00267551, 0.44529, 0, 0.753137, 0.551182, 0, 1.21357, 0.472501, 0, 0.0950271, 0.713786
0.257, 0, 0, 0, 0.00270735, 0.445251, 0, 0.755095, 0.542659, 0, 1.24158, 0.481098, 0, 0.0948422, 0.719194
0.26, 0, 0, 0, 0.00284686, 0.445179, 0, 0.754966, 0.536545, 0, 1.25759, 0.505967, 0, 0.0951176, 0.721552
0.263, 0, 0, 0, 0.00296287, 0.445151, 0, 0.753572, 0.533473, 0, 1.24764, 0.513506, 0, 0.095486, 0.722404
0.264, 0, 0, 0, 0.00296382, 0.444404, 0, 0.754367, 0.531953, 0, 1.25824, 0.515215, 0, 0.0956313, 0.722262
0.268, 0, 0, 0, 0.0030381, 0.443788, 0, 0.753893, 0.527554, 0, 1.29005, 0.540847, 0, 0.0977218, 0.719925
0.271, 0, 0, 0, 0.00293912, 0.445596, 0, 0.755715, 0.525662, 0, 1.11054, 0.512535, 0, 0.0989924, 0.724339
0.274, 0, 0, 0, 0.00296504, 0.443926, 0, 0.754378, 0.522947, 0, 1.16845, 0.514672, 0, 0.0996395, 0.723833
0.277, 0, 0, 0, 0.00303569, 0.443571, 0, 0.754232, 0.518719, 0, 1.17179, 0.528783, 0, 0.10004, 0.72531
0.28, 0, 0, 0, 0.00307459, 0.443228, 0, 0.754576, 0.513448, 0, 1.17194, 0.53856, 0, 0.100452, 0.726604
0.281, 0, 0, 0, 0.00308464, 0.443283, 0, 0.754358, 0.512666, 0, 1.17193, 0.540061, 0, 0.100542, 0.726834
0.284, 0, 0, 0, 0.00311643, 0.443302, 0, 0.755955, 0.510468, 0, 1.16909, 0.545516, 0, 0.101084, 0.725081
0.287, 0, 0, 0, 0.00314621, 0.443398, 0, 0.756491, 0.507959, 0, 1.16782, 0.548293, 0, 0.101852, 0.725822
0.29, 0, 0, 0, 0.00316427, 0.443518, 0, 0.756759, 0.504985, 0, 1.16989, 0.55181, 0, 0.102276, 0.725865
0.294, 0, 0, 0, 0.00322416, 0.44376, 0, 0.756756, 0.501598, 0, 1.16918, 0.563396, 0, 0.102955, 0.722688
0.298, 0, 0, 0, 0.00327793, 0.443902, 0, 0.75575, 0.498514, 0, 1.16915, 0.574402, 0, 0.103454, 0.722305
0.299, 0, 0, 0, 0.00345708, 0.443777, 0, 0.755798, 0.496893, 0, 1.16811, 0.576728, 0, 0.103594, 0.721336
0.302, 0, 0, 0, 0.0035171, 0.444622, 0, 0.757781, 0.494579, 0, 1.16083, 0.581004, 0, 0.103742, 0.724726
0.305, 0, 0, 0, 0.00353814, 0.444991, 0, 0.757673, 0.491336, 0, 1.15989, 0.585026, 0, 0.103937, 0.724553
0.308, 0, 0, 0, 0.00358121, 0.445276, 0, 0.758415, 0.489287, 0, 1.16114, 0.589416, 0, 0.104253, 0.724473
0.314, 0, 0, 0, 0.00397478, 0.445362, 0, 0.757801, 0.48578, 0, 1.12942, 0.604855, 0, 0.105287, 0.724892
0.317, 0, 0, 0, 0.00397309, 0.445436, 0, 0.757356, 0.484353, 0, 1.11106, 0.595196, 0, 0.1054, 0.72473
0.318, 0, 0, 0, 0.00396846, 0.445414, 0, 0.757224, 0.483808, 0, 1.10926, 0.59202, 0, 0.105521, 0.72415
0.321, 0, 0, 0, 0.00400856, 0.445497, 0, 0.757772, 0.482366, 0, 1.08804, 0.592117, 0, 0.107469, 0.720949
0.323, 0, 0, 0, 0.00396714, 0.445721, 0, 0.757708, 0.483436, 0, 1.04978, 0.664325, 0, 0.107056, 0.72111
0.326, 0, 0, 0, 0.00398936, 0.445277, 0, 0.757649, 0.481264, 0, 1.04875, 0.644504, 0, 0.108576, 0.719748
0.329, 0, 0, 0, 0.00402224, 0.445247, 0, 0.757979, 0.480463, 0, 1.01383, 0.670315, 0, 0.109565, 0.718548
0.332, 0, 0, 0, 0.00400995, 0.4443, 0, 0.757579, 0.479237, 0, 0.99767, 0.682927, 0, 0.109464, 0.719482
0.335, 0, 0, 0, 0.00400485, 0.443868, 0, 0.758294, 0.477267, 0, 0.993051, 0.704734, 0, 0.109598, 0.71926
0.338, 0, 0, 0, 0.00403272, 0.443446, 0, 0.758291, 0.47639, 0, 0.987, 0.713432, 0, 0.109971, 0.71823
0.339, 0, 0, 0, 0.00404374, 0.443465, 0, 0.758678, 0.476062, 0, 0.982731, 0.716356, 0, 0.110269, 0.718277
0.342, 0, 0, 0, 0.00401638, 0.443341, 0, 0.759241, 0.474616, 0, 0.962822, 0.722288, 0, 0.110251, 0.718582
0.345, 0, 0, 0, 0.0040198, 0.443149, 0, 0.758627, 0.473123, 0, 0.947094, 0.721439, 0, 0.110975, 0.718331
0.348, 0, 0, 0, 0.00402839, 0.44309, 0, 0.758452, 0.471615, 0, 0.939214, 0.72375, 0, 0.111198, 0.718664
0.354, 0, 0, 0, 0.00405257, 0.443139, 0, 0.757947, 0.468791, 0, 0.93125, 0.734601, 0, 0.111605, 0.719102
0.357, 0, 0, 0, 0.0040638, 0.443212, 0, 0.757926, 0.467597, 0, 0.909263, 0.736902, 0, 0.111847, 0.719304
0.36, 0, 0, 0, 0.00405933, 0.443193, 0, 0.757753, 0.466615, 0, 0.900533, 0.740778, 0, 0.111963, 0.719576
0.361, 0, 0, 0, 0.0040716, 0.44318, 0, 0.758208, 0.465913, 0, 0.886816, 0.739323, 0, 0.112177, 0.719618
0.364, 0, 0, 0, 0.0040634, 0.443107, 0, 0.757701, 0.465309, 0, 0.886414, 0.74004, 0, 0.111783, 0.72102
0.367, 0, 0, 0, 0.00407609, 0.443046, 0, 0.757661, 0.464115, 0, 0.884276, 0.740511, 0, 0.112411, 0.721138
0.37, 0, 0, 0, 0.00408244, 0.443052, 0, 0.757482, 0.462985, 0, 0.880575, 0.741381, 0, 0.112316, 0.721316
0.373, 0, 0, 0, 0.00408006, 0.443072, 0, 0.757803, 0.461956, 0, 0.829395, 0.735232, 0, 0.112432, 0.721577
0.376, 0, 0, 0, 0.00408999, 0.443016, 0, 0.757898, 0.46117, 0, 0.825729, 0.736195, 0, 0.112632, 0.721644
0.379, 0, 0, 0, 0.00409955, 0.443028, 0, 0.757782, 0.460495, 0, 0.80985, 0.737378, 0, 0.112892, 0.721599
0.38, 0, 0, 0, 0.00409274, 0.443029, 0, 0.757698, 0.460306, 0, 0.807851, 0.737695, 0, 0.112864, 0.721766
0.383, 0, 0, 0, 0.00409381, 0.443242, 0, 0.757563, 0.459819, 0, 0.795915, 0.734017, 0, 0.112932, 0.722085
0.386, 0, 0, 0, 0.00409529, 0.443218, 0, 0.757408, 0.459255, 0, 0.795641, 0.734822, 0, 0.112994, 0.722456
0.393, 0, 0, 0, 0.00410496, 0.443267, 0, 0.757289, 0.457814, 0, 0.785943, 0.743178, 0, 0.113331, 0.723028
0.397, 0, 0, 0, 0.00410074, 0.44326, 0, 0.757469, 0.457355, 0, 0.78222, 0.743039, 0, 0.113389, 0.723321
0.398, 0, 0, 0, 0.00410632, 0.443252, 0, 0.757499, 0.457231, 0, 0.778898, 0.743482, 0, 0.113478, 0.72337
0.402, 0, 0, 0, 0.00410519, 0.443244, 0, 0.757488, 0.456887, 0, 0.747809, 0.73884, 0, 0.113573, 0.723677
0.406, 0, 0, 0, 0.00410705, 0.443189, 0, 0.757521, 0.456473, 0, 0.746664, 0.736889, 0, 0.114085, 0.723954
0.41, 0, 0, 0, 0.00411182, 0.443175, 0, 0.75745, 0.456151, 0, 0.737647, 0.73631, 0, 0.114248, 0.723799
0.413, 0, 0, 0, 0.00411497, 0.443177, 0, 0.757464, 0.455976, 0, 0.73585, 0.738321, 0, 0.114411, 0.724124
0.414, 0, 0, 0, 0.00411206, 0.443171, 0, 0.757376, 0.455976, 0, 0.735243, 0.738384, 0, 0.114368, 0.724207
0.418, 0, 0, 0, 0.00411603, 0.44313, 0, 0.757424, 0.455977, 0, 0.732527, 0.739208, 0, 0.114394, 0.724838
0.422, 0, 0, 0, 0.00412041, 0.443146, 0, 0.757084, 0.455531, 0, 0.726986, 0.740277, 0, 0.113194, 0.727254
0.425, 0, 0, 0, 0.00412356, 0.443135, 0, 0.757042, 0.455473, 0, 0.720784, 0.739786, 0, 0.113167, 0.72731
0.428, 0, 0, 0, 0.00412959, 0.443129, 0, 0.756057, 0.455196, 0, 0.715983, 0.739525, 0, 0.113254, 0.727426
0.431, 0, 0, 0, 0.00413466, 0.443138, 0, 0.755845, 0.454185, 0, 0.710632, 0.740143, 0, 0.113323, 0.727478
0.432, 0, 0, 0, 0.00413376, 0.443144, 0, 0.755783, 0.454053, 0, 0.70922, 0.740165, 0, 0.113304, 0.727516
0.436, 0, 0, 0, 0.00413497, 0.443162, 0, 0.755589, 0.453508, 0, 0.702913, 0.743968, 0, 0.11329, 0.727644
0.44, 0, 0, 0, 0.00413461, 0.443141, 0, 0.7555, 0.452985, 0, 0.685954, 0.739909, 0, 0.1133, 0.727706
0.444, 0, 0, 0, 0.00399517, 0.443182, 0, 0.755573, 0.452406, 0, 0.683672, 0.738215, 0, 0.113283, 0.727809
0.448, 0, 0, 0, 0.00399676, 0.443153, 0, 0.755465, 0.451846, 0, 0.681338, 0.737261, 0, 0.113295, 0.727667
0.449, 0, 0, 0, 0.00399778, 0.443152, 0, 0.755422, 0.451719, 0, 0.680511, 0.736941, 0, 0.113329, 0.727653
0.453, 0, 0, 0, 0.00399641, 0.443133, 0, 0.755001, 0.451322, 0, 0.66837, 0.740786, 0, 0.113354, 0.727742
0.456, 0, 0, 0, 0.00400326, 0.44312, 0, 0.754953, 0.450979, 0, 0.66893, 0.742584, 0, 0.113418, 0.727776
0.459, 0, 0, 0, 0.00401731, 0.443183, 0, 0.755017, 0.450211, 0, 0.664439, 0.744859, 0, 0.113484, 0.72771
0.462, 0, 0, 0, 0.00401005, 0.443181, 0, 0.75505, 0.449915, 0, 0.661327, 0.743452, 0, 0.113308, 0.727767
0.465, 0, 0, 0, 0.00402278, 0.443168, 0, 0.75509, 0.449505, 0, 0.660368, 0.742299, 0, 0.113401, 0.727711
0.469, 0, 0, 0, 0.00403961, 0.443237, 0, 0.755241, 0.448911, 0, 0.655046, 0.754307, 0, 0.113535, 0.728763
0.47, 0, 0, 0, 0.00403685, 0.443248, 0, 0.755233, 0.448777, 0, 0.652847, 0.756867, 0, 0.11348, 0.728731
0.473, 0, 0, 0, 0.00404211, 0.443286, 0, 0.755297, 0.448244, 0, 0.644049, 0.760464, 0, 0.113447, 0.728597
0.476, 0, 0, 0, 0.00405602, 0.443327, 0, 0.75529, 0.447615, 0, 0.629247, 0.773282, 0, 0.113427, 0.728327
0.479, 0, 0, 0, 0.00406533, 0.443313, 0, 0.755551, 0.445334, 0, 0.613422, 0.774509, 0, 0.113384, 0.728188
0.482, 0, 0, 0, 0.00407673, 0.44332, 0, 0.755061, 0.444469, 0, 0.615456, 0.792894, 0, 0.113452, 0.72824
0.485, 0, 0, 0, 0.00408198, 0.443268, 0, 0.754797, 0.443758, 0, 0.599438, 0.803602, 0, 0.113194, 0.728122
0.491, 0, 0, 0, 0.0040925, 0.443241, 0, 0.75479, 0.441894, 0, 0.537697, 0.813983, 0, 0.113432, 0.728094
0.492, 0, 0, 0, 0.00409394, 0.443278, 0, 0.77164, 0.43956, 0, 0.537491, 0.816783, 0, 0.113478, 0.728098
0.495, 0, 0, 0, 0.0040781, 0.443214, 0, 0.776627, 0.439773, 0, 0.539363, 0.778772, 0, 0.113249, 0.728239
0.499, 0, 0, 0, 0.00410665, 0.4433, 0, 0.779491, 0.437986, 0, 0.52735, 0.775989, 0, 0.113463, 0.728169
0.503, 0, 0, 0, 0.00412634, 0.443256, 0, 0.779596, 0.435311, 0, 0.525424, 0.781879, 0, 0.113405, 0.728019
0.506, 0, 0, 0, 0.00410848, 0.44341, 0, 0.778889, 0.433673, 0, 0.524719, 0.762566, 0, 0.11345, 0.728242
0.507, 0, 0, 0, 0.00410352, 0.443378, 0, 0.77897, 0.433096, 0, 0.524253, 0.761847, 0, 0.113414, 0.728251
0.511, 0, 0, 0, 0.00409841, 0.443335, 0, 0.778991, 0.430549, 0, 0.523304, 0.761273, 0, 0.113282, 0.728413
0.515, 0, 0, 0, 0.00411018, 0.443253, 0, 0.778857, 0.427547, 0, 0.517597, 0.755475, 0, 0.113412, 0.728437
0.518, 0, 0, 0, 0.00410615, 0.44326, 0, 0.778995, 0.425298, 0, 0.517042, 0.7472, 0, 0.113374, 0.728536
0.525, 0, 0, 0, 0.00410399, 0.443124, 0, 0.778478, 0.419321, 0, 0.516348, 0.74833, 0, 0.11328, 0.728721
0.526, 0, 0, 0, 0.00410401, 0.443136, 0, 0.778474, 0.418571, 0, 0.517288, 0.749937, 0, 0.113318, 0.728752
0.529, 0, 0, 0, 0.00410034, 0.443087, 0, 0.7785, 0.416251, 0, 0.517888, 0.740771, 0, 0.113326, 0.728821
0.532, 0, 0, 0, 0.00410356, 0.443068, 0, 0.778933, 0.413842, 0, 0.51705, 0.737996, 0, 0.113324, 0.728856
0.535, 0, 0, 0, 0.00410373, 0.443039, 0, 0.778662, 0.411562, 0, 0.516264, 0.735258, 0, 0.113312, 0.728894
0.538, 0, 0, 0, 0.00410177, 0.443005, 0, 0.778452, 0.409279, 0, 0.513831, 0.737484, 0, 0.113262, 0.728959
0.541, 0, 0, 0, 0.00410686, 0.442979, 0, 0.756817, 0.407848, 0, 0.513234, 0.736145, 0, 0.113294, 0.728975
0.545, 0, 0, 0, 0.0041075, 0.442966, 0, 0.752677, 0.402549, 0, 0.512729, 0.729172, 0, 0.113286, 0.729057
0.546, 0, 0, 0, 0.00410765, 0.442958, 0, 0.752462, 0.401876, 0, 0.511566, 0.728527, 0, 0.113293, 0.729075
0.55, 0, 0, 0, 0.00410618, 0.442905, 0, 0.752763, 0.399529, 0, 0.510369, 0.722176, 0, 0.113259, 0.729166
0.554, 0, 0, 0, 0.00410472, 0.442868, 0, 0.752496, 0.396115, 0, 0.510052, 0.720003, 0, 0.113199, 0.729258
0.557, 0, 0, 0, 0.00410616, 0.442821, 0, 0.752312, 0.395128, 0, 0.508888, 0.718511, 0, 0.113222, 0.729289
0.56, 0, 0, 0, 0.00410136, 0.442782, 0, 0.752002, 0.393763, 0, 0.508296, 0.724161, 0, 0.113193, 0.729371
0.563, 0, 0, 0, 0.00409845, 0.442717, 0, 0.751948, 0.391529, 0, 0.508076, 0.722742, 0, 0.113163, 0.729432
0.564, 0, 0, 0, 0.00409786, 0.442709, 0, 0.75179, 0.390963, 0, 0.507667, 0.723846, 0, 0.113168, 0.729461
0.567, 0, 0, 0, 0.00409353, 0.442647, 0, 0.751077, 0.389182, 0, 0.504543, 0.720794, 0, 0.113184, 0.729521
0.57, 0, 0, 0, 0.00412879, 0.442594, 0, 0.749893, 0.386889, 0, 0.504142, 0.717367, 0, 0.113171, 0.729566
0.573, 0, 0, 0, 0.00409397, 0.442579, 0, 0.747948, 0.38422, 0, 0.504002, 0.714893, 0, 0.113123, 0.729618
0.576, 0, 0, 0, 0.00409444, 0.442504, 0, 0.747234, 0.381597, 0, 0.504453, 0.700664, 0, 0.113108, 0.729658
0.579, 0, 0, 0, 0.00409848, 0.442444, 0, 0.747877, 0.378221, 0, 0.503937, 0.698182, 0, 0.113133, 0.729734
0.583, 0, 0, 0, 0.00413933, 0.442313, 0, 0.747706, 0.357458, 0, 0.503506, 0.695242, 0, 0.113098, 0.729756
0.584, 0, 0, 0, 0.00414318, 0.442325, 0, 0.74855, 0.356822, 0, 0.503396, 0.694591, 0, 0.113146, 0.729755
0.588, 0.368992, 0, 0, 0.00432068, 0.441015, 0, 0.748702, 0.350949, 0, 0.502074, 0.692314, 0, 0.11311, 0.729849
0.592, 0.297651, 0, 0, 0.0042179, 0.442542, 0, 0.749416, 0.345872, 0, 0.501997, 0.692384, 0, 0.113196, 0.73004
0.595, 0.258643, 0, 0, 0.00417991, 0.442575, 0, 0.748146, 0.34105, 0, 0.50108, 0.690358, 0, 0.113439, 0.728714
0.598, 0.237566, 0, 0, 0.00416159, 0.442586, 0, 0.746888, 0.33587, 0, 0.499862, 0.689266, 0, 0.113445, 0.728747
0.601, 0.203334, 0, 0, 0.00418089, 0.442444, 0, 0.74552, 0.330775, 0, 0.499389, 0.68807, 0, 0.113563, 0.728774
0.602, 0.110387, 0, 0, 0.00415022, 0.442439, 0, 0.745107, 0.329227, 0, 0.499326, 0.689564, 0, 0.113536, 0.728829
0.605, 0.110127, 0, 0, 0.00416204, 0.442181, 0, 0.744463, 0.324436, 0, 0.497625, 0.689011, 0, 0.113411, 0.72896
0.609, 0.0787061, 0, 0, 0.00416689, 0.442001, 0, 0.74247, 0.318519, 0, 0.496859, 0.687381, 0, 0.113463, 0.72908
0.612, 0.0585248, 0, 0, 0.0041691, 0.441878, 0, 0.740798, 0.314353, 0, 0.480829, 0.688111, 0, 0.113481, 0.729119
0.616, 0, 0, 0, 0.00434071, 0.441428, 0, 0.73919, 0.309117, 0, 0.478056, 0.695377, 0, 0.111491, 0.730084
0.62, 0, 0, 0, 0.00416289, 0.441788, 0, 0.736943, 0.305343, 0, 0.477226, 0.694565, 0, 0.113599, 0.729586
0.621, 0, 0, 0, 0.00416206, 0.441662, 0, 0.736573, 0.304376, 0, 0.476913, 0.693749, 0, 0.113587, 0.729548
0.625, 0, 0, 0, 0.00417525, 0.441577, 0, 0.735711, 0.301201, 0, 0.475973, 0.691661, 0, 0.113616, 0.729629
0.629, 0.00160388, 0, 0, 0.00417653, 0.441548, 0, 0.735043, 0.298645, 0, 0.475802, 0.689499, 0, 0.113603, 0.729734
0.632, 0.00292875, 0, 0, 0.00420112, 0.441486, 0, 0.733041, 0.297032, 0, 0.475155, 0.687906, 0, 0.11364, 0.729784
0.636, 0.00182733, 0, 0, 0.00417834, 0.441529, 0, 0.7327, 0.29534, 0, 0.475208, 0.674536, 0, 0.113632, 0.729893
0.637, 0.00722076, 0, 0, 0.00416854, 0.441494, 0, 0.733404, 0.295102, 0, 0.474993, 0.674029, 0, 0.113635, 0.729899
0.64, 0.00544346, 0, 0, 0.00419647, 0.441422, 0, 0.733594, 0.293682, 0, 0.474148, 0.672558, 0, 0.113644, 0.729959
0.643, 0.0296255, 0, 0, 0.0041614, 0.441348, 0, 0.733708, 0.292287, 0, 0.473482, 0.671013, 0, 0.113676, 0.729998
0.646, 0.0305645, 0, 0, 0.0041589, 0.441364, 0, 0.733547, 0.291436, 0, 0.472911, 0.669674, 0, 0.113756, 0.731656
0.65, 0.115496, 0, 0, 0.0041983, 0.441027, 0, 0.73287, 0.291024, 0, 0.472227, 0.668091, 0, 0.113744, 0.731758
0.653, 0.104319, 0, 0, 0.00420166, 0.441242, 0, 0.733367, 0.289737, 0, 0.471492, 0.666945, 0, 0.113748, 0.731876
0.657, 0, 0, 0, 0.00417379, 0.441568, 0, 0.733344, 0.289063, 0, 0.470915, 0.665699, 0, 0.113801, 0.731869
0.658, 0, 0, 0, 0.00383788, 0.441184, 0, 0.731083, 0.289096, 0, 0.470555, 0.664288, 0, 0.111523, 0.732772
0.662, 0, 0.194215, 0, 0.00429394, 0.440737, 0, 0.732849, 0.287791, 0, 0.470722, 0.664669, 0, 0.114125, 0.731809
0.665, 0, 0.156221, 0, 0.00427064, 0.441165, 0, 0.733621, 0.287699, 0, 0.470091, 0.663918, 0, 0.114, 0.731998
0.668, 0, 0.126037, 0, 0.00426061, 0.441225, 0, 0.733656, 0.287716, 0, 0.469591, 0.663148, 0, 0.113901, 0.732008
0.671, 0, 0.0994347, 0, 0.00426108, 0.441391, 0, 0.733535, 0.287452, 0, 0.469293, 0.663757, 0, 0.113862, 0.73206
0.674, 0, 0.081065, 0, 0.00425125, 0.441258, 0, 0.733246, 0.287257, 0, 0.469033, 0.665242, 0, 0.113868, 0.732079
0.675, 0, 0.0761849, 0, 0.00425126, 0.441243, 0, 0.733191, 0.287222, 0, 0.468949, 0.664906, 0, 0.113871, 0.732115
0.679, 0, 0.0644091, 0, 0.00418575, 0.440974, 0, 0.732889, 0.287156, 0, 0.467893, 0.664327, 0, 0.113844, 0.732183
0.683, 0, 0.0578373, 0, 0.00418404, 0.440926, 0, 0.732854, 0.287366, 0, 0.466884, 0.663169, 0, 0.113857, 0.732277
0.687, 0, 0.0533514, 0, 0.00418451, 0.440985, 0, 0.732767, 0.28743, 0, 0.465323, 0.661543, 0, 0.113877, 0.732316
0.691, 0, 0.0521703, 0, 0.00424187, 0.440799, 0, 0.732749, 0.287345, 0, 0.464085, 0.660426, 0, 0.113921, 0.732341
0.692, 0, 0.0515025, 0, 0.0042459, 0.440807, 0, 0.732826, 0.287388, 0, 0.463772, 0.660308, 0, 0.113917, 0.732382
0.695, 0, 0.0496347, 0, 0.00424693, 0.440755, 0, 0.732895, 0.287512, 0, 0.463202, 0.659205, 0, 0.113959, 0.732407
0.698, 0, 0.0479546, 0, 0.00424477, 0.440732, 0, 0.732948, 0.287582, 0, 0.462637, 0.658217, 0, 0.113965, 0.732452
0.701, 0, 0, 0, 0.00418428, 0.440742, 0, 0.732959, 0.2876, 0, 0.462094, 0.657425, 0, 0.113973, 0.732488
0.704, 0, 0, 0, 0.00418343, 0.440724, 0, 0.732937, 0.287593, 0, 0.462826, 0.65682, 0, 0.113968, 0.732517
0.708, 0, 0, 0, 0.00418303, 0.440715, 0, 0.732915, 0.2876, 0, 0.46231, 0.656275, 0, 0.113992, 0.732547
0.711, 0, 0, 0, 0.00417562, 0.440863, 0, 0.733047, 0.287669, 0, 0.46136, 0.656602, 0, 0.113976, 0.732571
0.712, 0, 0, 0, 0.00417384, 0.440797, 0, 0.732941, 0.287697, 0, 0.460919, 0.656489, 0, 0.114008, 0.732541
0.715, 0, 0, 0, 0.00418096, 0.440721, 0, 0.732823, 0.287667, 0, 0.460353, 0.656103, 0, 0.114036, 0.732565
0.718, 0.47633, 0, 0, 0.00367827, 0.440164, 0, 0.729084, 0.288553, 0, 0.460348, 0.657091, 0, 0.115637, 0.731747
0.721, 0.0725844, 0, 0, 0.00429535, 0.440889, 0, 0.733534, 0.287926, 0, 0.459294, 0.655152, 0, 0.113736, 0.732928
0.725, 0.0774771, 0, 0, 0.00423659, 0.440818, 0, 0.733162, 0.2881, 0, 0.458877, 0.655699, 0, 0.114145, 0.732594
0.728, 0.0655079, 0, 0, 0.00411844, 0.440879, 0, 0.731812, 0.28828, 0, 0.458481, 0.654769, 0, 0.113669, 0.732831
0.732, 0.0509879, 0, 0, 0.0041799, 0.440636, 0, 0.73149, 0.288327, 0, 0.458007, 0.654267, 0, 0.114059, 0.732712
0.733, 0.0495714, 0, 0, 0.0041825, 0.440669, 0, 0.731546, 0.288394, 0, 0.457917, 0.654054, 0, 0.114113, 0.732736
0.737, 0, 0, 0, 0.00417243, 0.440752, 0, 0.731861, 0.288541, 0, 0.457491, 0.653782, 0, 0.114112, 0.732739
0.74, 0, 0, 0, 0.0041734, 0.440635, 0, 0.73179, 0.288435, 0, 0.45746, 0.653694, 0, 0.114109, 0.732747
0.743, 0.0650642, 0, 0, 0.00406444, 0.440575, 0, 0.731123, 0.28858, 0, 0.457485, 0.654803, 0, 0.114434, 0.732633
0.747, 0.0607598, 0, 0, 0.00419051, 0.440431, 0, 0.731646, 0.288193, 0, 0.456844, 0.652969, 0, 0.114069, 0.73288
0.751, 0.0541828, 0, 0, 0.00417897, 0.440589, 0, 0.731813, 0.288306, 0, 0.456462, 0.651444, 0, 0.114143, 0.732918
0.752, 0.104647, 0, 0, 0.00420591, 0.440592, 0, 0.731982, 0.288262, 0, 0.456383, 0.651146, 0, 0.114331, 0.732823
0.755, 0.0453465, 0, 0, 0.00417593, 0.440583, 0, 0.731832, 0.288175, 0, 0.45583, 0.649991, 0, 0.114148, 0.732916
0.758, 0, 0, 0, 0.00424223, 0.440593, 0, 0.732103, 0.287992, 0, 0.455418, 0.648625, 0, 0.113967, 0.733036
0.761, 0, 0, 0, 0.00416485, 0.440672, 0, 0.731791, 0.288151, 0, 0.455188, 0.647885, 0, 0.114196, 0.732934
0.764, 0.0555134, 0, 0, 0.00415369, 0.4404, 0, 0.731383, 0.287913, 0, 0.455115, 0.647248, 0, 0.114247, 0.732912
0.767, 0.0497185, 0, 0, 0.00418214, 0.440457, 0, 0.731596, 0.287865, 0, 0.454975, 0.646689, 0, 0.114158, 0.733046
0.771, 0.0431766, 0, 0, 0.00417429, 0.440515, 0, 0.731717, 0.287874, 0, 0.454849, 0.64591, 0, 0.114183, 0.733054
0.772, 0.0908452, 0, 0, 0.0041991, 0.44053, 0, 0.731876, 0.287839, 0, 0.454967, 0.647484, 0, 0.114336, 0.732992
0.775, 0, 0, 0, 0.0041717, 0.440641, 0, 0.731893, 0.287734, 0, 0.454694, 0.646865, 0, 0.114177, 0.733079
0.778, 0, 0, 0, 0.00416622, 0.440559, 0, 0.731634, 0.287631, 0, 0.454613, 0.64603, 0, 0.114231, 0.733045
0.781, 0.0420584, 0, 0, 0.00417662, 0.440367, 0, 0.731408, 0.28746, 0, 0.454484, 0.645474, 0, 0.114211, 0.733093
0.784, 0.0376309, 0, 0, 0.00417768, 0.440467, 0, 0.731752, 0.286703, 0, 0.454224, 0.64433, 0, 0.114216, 0.733148
0.788, 0.0332127, 0, 0, 0.00417275, 0.440504, 0, 0.731771, 0.286621, 0, 0.454086, 0.644343, 0, 0.114238, 0.733145
0.789, 0.0323085, 0, 0, 0.00417133, 0.440505, 0, 0.731748, 0.286597, 0, 0.454037, 0.644169, 0, 0.114231, 0.733148
0.793, 0, 0, 0, 0.00417347, 0.440609, 0, 0.731897, 0.286427, 0, 0.454326, 0.64746, 0, 0.114222, 0.733191
0.796, 0.0348027, 0, 0, 0.00415621, 0.44041, 0, 0.731345, 0.286401, 0, 0.454236, 0.647104, 0, 0.114293, 0.733144
0.799, 0.0321875, 0, 0, 0.00417391, 0.440433, 0, 0.731439, 0.286489, 0, 0.454184, 0.647226, 0, 0.11424, 0.733199
0.802, 0.0313593, 0, 0, 0.00416108, 0.440463, 0, 0.731509, 0.28667, 0, 0.454017, 0.646143, 0, 0.114181, 0.73323
0.805, 0.027243, 0, 0, 0.0041694, 0.440454, 0, 0.73159, 0.286788, 0, 0.453868, 0.645361, 0, 0.11426, 0.733205
0.806, 0.0267934, 0, 0, 0.00416899, 0.440458, 0, 0.7316, 0.286832, 0, 0.453867, 0.64522, 0, 0.114263, 0.733211
0.81, 0.0254663, 0, 0, 0.00416777, 0.440452, 0, 0.731393, 0.287265, 0, 0.453936, 0.645489, 0, 0.114264, 0.733236
0.814, 0.0251859, 0, 0, 0.00416748, 0.440444, 0, 0.731524, 0.287552, 0, 0.453849, 0.645228, 0, 0.114273, 0.733254
0.818, 0.0280572, 0, 0, 0.00415871, 0.440428, 0, 0.731785, 0.287513, 0, 0.453758, 0.645047, 0, 0.114315, 0.733252
0.822, 0.027638, 0, 0, 0.00416789, 0.440418, 0, 0.731323, 0.287755, 0, 0.453717, 0.645201, 0, 0.114275, 0.733299
0.823, 0.0277315, 0, 0, 0.0041676, 0.440421, 0, 0.731354, 0.287823, 0, 0.453707, 0.645158, 0, 0.114283, 0.733302
0.826, 0.0280583, 0, 0, 0.00416688, 0.440421, 0, 0.731491, 0.287844, 0, 0.45366, 0.644987, 0, 0.114289, 0.733312
0.829, 0.0291959, 0, 0, 0.00416658, 0.44042, 0, 0.731474, 0.287992, 0, 0.453617, 0.644836, 0, 0.114295, 0.733323
0.832, 0.0305833, 0, 0, 0.00416665, 0.440418, 0, 0.731455, 0.288138, 0, 0.453577, 0.644694, 0, 0.1143, 0.733334
0.835, 0.0317922, 0, 0, 0.00416705, 0.440416, 0, 0.731695, 0.288006, 0, 0.453438, 0.643818, 0, 0.114308, 0.73334
0.839, 0.0331584, 0, 0, 0.00416725, 0.440417, 0, 0.731503, 0.288035, 0, 0.453395, 0.643806, 0, 0.114356, 0.733422
0.843, 0.0341899, 0, 0, 0.00416739, 0.440417, 0, 0.731431, 0.288011, 0, 0.453418, 0.644327, 0, 0.114372, 0.733438
0.844, 0.0343835, 0, 0, 0.00416753, 0.440416, 0, 0.731419, 0.288032, 0, 0.453409, 0.644297, 0, 0.114374, 0.733443
0.848, 0.0350956, 0, 0, 0.00416804, 0.440415, 0, 0.731432, 0.287971, 0, 0.45326, 0.643481, 0, 0.114382, 0.733461
0.852, 0.0357313, 0, 0, 0.00416858, 0.440416, 0, 0.731401, 0.288046, 0, 0.453164, 0.64308, 0, 0.114392, 0.733478
0.859, 0.0366884, 0, 0, 0.00416919, 0.440415, 0, 0.731364, 0.288192, 0, 0.453037, 0.642901, 0, 0.114409, 0.733508
0.86, 0.0368115, 0, 0, 0.00416905, 0.440413, 0, 0.731615, 0.287294, 0, 0.453016, 0.642872, 0, 0.114403, 0.733514
0.863, 0.0371596, 0, 0, 0.00416984, 0.440414, 0, 0.731422, 0.287364, 0, 0.452959, 0.64281, 0, 0.11442, 0.733523
0.866, 0.0374778, 0, 0, 0.00416941, 0.44041, 0, 0.731294, 0.287469, 0, 0.452461, 0.639312, 0, 0.114412, 0.733531
0.87, 0.0378866, 0, 0, 0.00417471, 0.440409, 0, 0.731317, 0.287658, 0, 0.45269, 0.642694, 0, 0.11451, 0.733517
0.874, 0.0382452, 0, 0, 0.00417006, 0.440418, 0, 0.73139, 0.287894, 0, 0.452648, 0.64274, 0, 0.11444, 0.733568
0.878, 0.0385881, 0, 0, 0.00417024, 0.44041, 0, 0.731395, 0.288123, 0, 0.452184, 0.639411, 0, 0.114441, 0.733575
0.879, 0.0386714, 0, 0, 0.00416996, 0.440409, 0, 0.731388, 0.288177, 0, 0.452063, 0.639314, 0, 0.114438, 0.733579
0.883, 0.039002, 0, 0, 0.00417001, 0.440399, 0, 0.731634, 0.288343, 0, 0.451894, 0.639326, 0, 0.114449, 0.733591
0.887, 0.0393256, 0, 0, 0.00417043, 0.440396, 0, 0.731749, 0.288363, 0, 0.45176, 0.639231, 0, 0.114461, 0.733605
0.891, 0.0396361, 0, 0, 0.00417046, 0.440395, 0, 0.731695, 0.288561, 0, 0.451597, 0.639287, 0, 0.114468, 0.733618
0.895, 0.0399386, 0, 0, 0.00417053, 0.440393, 0, 0.731691, 0.288525, 0, 0.451488, 0.640016, 0, 0.114475, 0.733631
0.896, 0.0400127, 0, 0, 0.00417053, 0.440393, 0, 0.731672, 0.288573, 0, 0.451447, 0.640066, 0, 0.114477, 0.733634
0.9, 0.040316, 0, 0, 0.00417031, 0.440392, 0, 0.731683, 0.288709, 0, 0.451295, 0.640479, 0, 0.11448, 0.733647
0.903, 0.0405286, 0, 0, 0.00416956, 0.440385, 0, 0.731594, 0.288822, 0, 0.451221, 0.641304, 0, 0.114475, 0.733662
0.907, 0.040752, 0, 0, 0.00416982, 0.440378, 0, 0.731599, 0.288718, 0, 0.451056, 0.6415, 0, 0.114488, 0.733671
0.911, 0.0410232, 0, 0, 0.0041696, 0.440377, 0, 0.731494, 0.288954, 0, 0.450844, 0.641648, 0, 0.114494, 0.733683
0.912, 0.0410884, 0, 0, 0.00416933, 0.440377, 0, 0.731509, 0.288995, 0, 0.45083, 0.641171, 0, 0.114498, 0.733686
0.916, 0.0210815, 0, 0, 0.00416933, 0.440412, 0, 0.731602, 0.28919, 0, 0.45063, 0.641142, 0, 0.114492, 0.7337
0.919, 0.0251553, 0, 0, 0.00416557, 0.440376, 0, 0.731899, 0.287991, 0, 0.450468, 0.641127, 0, 0.11448, 0.733704
0.922, 0.0363659, 0, 0, 0.00416702, 0.440354, 0, 0.731612, 0.287962, 0, 0.450297, 0.64114, 0, 0.114495, 0.733712
0.925, 0.0452038, 0, 0, 0.00416986, 0.440344, 0, 0.731465, 0.287984, 0, 0.450109, 0.641165, 0, 0.114512, 0.733716
0.928, 0.0449697, 0, 0, 0.00416985, 0.440354, 0, 0.731436, 0.288046, 0, 0.449872, 0.641922, 0, 0.114513, 0.733726
0.929, 0.0448414, 0, 0, 0.00416964, 0.440355, 0, 0.731437, 0.288076, 0, 0.449798, 0.641925, 0, 0.114513, 0.733726
0.932, 0.0445566, 0, 0, 0.00416921, 0.440358, 0, 0.731454, 0.28817, 0, 0.449556, 0.641935, 0, 0.114514, 0.73373
0.935, 0.0444189, 0, 0, 0.00416889, 0.440356, 0, 0.731482, 0.288188, 0, 0.449273, 0.641929, 0, 0.114514, 0.733733
0.939, 0.0442768, 0, 0, 0.00416926, 0.440353, 0, 0.731451, 0.288303, 0, 0.448932, 0.642392, 0, 0.114522, 0.733735
0.943, 0.0441832, 0, 0, 0.00416884, 0.440349, 0, 0.73144, 0.288393, 0, 0.44848, 0.642512, 0, 0.114518, 0.73374
0.944, 0.0441661, 0, 0, 0.00416924, 0.440349, 0, 0.731438, 0.288415, 0, 0.448416, 0.643143, 0, 0.114526, 0.733739
0.947, 0.0238624, 0, 0, 0.00416997, 0.440397, 0, 0.731502, 0.288509, 0, 0.448243, 0.643884, 0, 0.114567, 0.733726
0.951, 0.0284931, 0, 0, 0.00416867, 0.440371, 0, 0.731435, 0.288572, 0, 0.447967, 0.643828, 0, 0.114552, 0.73373
0.955, 0.0404321, 0, 0, 0.00416913, 0.440357, 0, 0.731399, 0.288637, 0, 0.447696, 0.643746, 0, 0.114553, 0.733741
0.959, 0.0480063, 0, 0, 0.00417111, 0.440355, 0, 0.731452, 0.288492, 0, 0.447342, 0.644026, 0, 0.114572, 0.733742
0.96, 0.0477975, 0, 0, 0.00417109, 0.440359, 0, 0.731445, 0.288506, 0, 0.447258, 0.644105, 0, 0.114573, 0.733744
0.964, 0.0469766, 0, 0, 0.00416971, 0.440366, 0, 0.731449, 0.288424, 0, 0.446935, 0.644155, 0, 0.114573, 0.733749
0.97, 0.0461683, 0, 0, 0.00416865, 0.440354, 0, 0.731357, 0.288559, 0, 0.446468, 0.644202, 0, 0.114587, 0.733751
0.973, 0.0458586, 0, 0, 0.00416809, 0.440354, 0, 0.731358, 0.28862, 0, 0.446941, 0.644286, 0, 0.114586, 0.733759
0.976, 0.0455813, 0, 0, 0.00416679, 0.440349, 0, 0.731349, 0.288676, 0, 0.446756, 0.644095, 0, 0.114573, 0.733768
0.979, 0.0453404, 0, 0, 0.00416785, 0.440346, 0, 0.731351, 0.288741, 0, 0.446678, 0.643623, 0, 0.114592, 0.733765
0.98, 0.0452651, 0, 0, 0.00416779, 0.440346, 0, 0.73135, 0.288758, 0, 0.446631, 0.643642, 0, 0.114594, 0.733766
0.983, 0.0450544, 0, 0, 0.0041671, 0.440345, 0, 0.731339, 0.288801, 0, 0.446462, 0.643871, 0, 0.114595, 0.733771
0.987, 0.0448047, 0, 0, 0.00416566, 0.440343, 0, 0.731326, 0.28887, 0, 0.446272, 0.644408, 0, 0.114601, 0.733778
0.991, 0.0445921, 0, 0, 0.00416511, 0.440336, 0, 0.731303, 0.288681, 0, 0.446086, 0.643604, 0, 0.114603, 0.733784
0.994, 0.0444497, 0, 0, 0.00416446, 0.440331, 0, 0.73126, 0.288747, 0, 0.445895, 0.643444, 0, 0.114605, 0.733788
0.995, 0.0444055, 0, 0, 0.0041641, 0.44033, 0, 0.731252, 0.288767, 0, 0.445817, 0.643502, 0, 0.114606, 0.73379
0.999, 0.0442448, 0, 0, 0.00416341, 0.440322, 0, 0.731328, 0.288585, 0, 0.445563, 0.643256, 0, 0.11461, 0.733794
1.003, 0.0440532, 0, 0, 0.0041592, 0.440299, 0, 0.731248, 0.288614, 0, 0.445075, 0.643123, 0, 0.114556, 0.733819
1.007, 0.0438373, 0, 0, 0.00415883, 0.440274, 0, 0.731197, 0.288639, 0, 0.444472, 0.642337, 0, 0.11457, 0.733814
1.01, 0.0436923, 0, 0, 0.00415565, 0.440257, 0, 0.731158, 0.288665, 0, 0.443772, 0.642759, 0, 0.114536, 0.733826
1.011, 0.0436476, 0, 0, 0.00415479, 0.440249, 0, 0.731143, 0.288676, 0, 0.443444, 0.642826, 0, 0.114524, 0.733828
1.014, 0.043523, 0, 0, 0.00415096, 0.440204, 0, 0.731066, 0.288686, 0, 0.441842, 0.643079, 0, 0.114459, 0.733824
1.017, 0.0434677, 0, 0, 0.00416446, 0.440201, 0, 0.731132, 0.288719, 0, 0.440585, 0.642814, 0, 0.114682, 0.733704
1.021, 0.04335, 0, 0, 0.00416096, 0.440289, 0, 0.731305, 0.288795, 0, 0.439901, 0.641727, 0, 0.114643, 0.73372
1.025, 0.0432508, 0, 0, 0.00415901, 0.440305, 0, 0.731332, 0.288819, 0, 0.439247, 0.641373, 0, 0.114614, 0.733711
1.026, 0.0432288, 0, 0, 0.00415838, 0.440304, 0, 0.731316, 0.288812, 0, 0.439098, 0.641281, 0, 0.114614, 0.733708
1.029, 0.0431727, 0, 0, 0.00415686, 0.440305, 0, 0.73126, 0.288797, 0, 0.438635, 0.640818, 0, 0.114615, 0.733708
1.032, 0.0431239, 0, 0, 0.00415517, 0.440292, 0, 0.731225, 0.288784, 0, 0.438297, 0.639389, 0, 0.114612, 0.733711
1.035, 0.0430803, 0, 0, 0.00415379, 0.440269, 0, 0.731594, 0.287396, 0, 0.437791, 0.63893, 0, 0.114589, 0.733714
1.038, 0.0430501, 0, 0, 0.0041546, 0.440267, 0, 0.731475, 0.28726, 0, 0.437498, 0.638609, 0, 0.114617, 0.733705
1.042, 0.0428892, 0, 0, 0.00411507, 0.440181, 0, 0.73088, 0.287135, 0, 0.433701, 0.641724, 0, 0.113939, 0.733914
1.045, 0.0431816, 0, 0, 0.00423612, 0.440097, 0, 0.731274, 0.286991, 0, 0.426307, 0.560386, 0, 0.115731, 0.732577
1.046, 0.043192, 0, 0, 0.00424425, 0.440351, 0, 0.731699, 0.287143, 0, 0.4281, 0.529896, 0, 0.115886, 0.732391
1.049, 0.0429578, 0, 0, 0.00417892, 0.440549, 0, 0.731657, 0.287257, 0, 0.429212, 0.51291, 0, 0.114849, 0.732725
1.053, 0.0429514, 0, 0, 0.00417868, 0.440522, 0, 0.731477, 0.287103, 0, 0.43073, 0.495517, 0, 0.115015, 0.732664
1.056, 0.0429417, 0, 0, 0.00417096, 0.44053, 0, 0.731453, 0.287075, 0, 0.43298, 0.490162, 0, 0.114952, 0.732711
1.06, 0.0428413, 0, 0, 0.0041399, 0.440321, 0, 0.731056, 0.28689, 0, 0.435348, 0.473413, 0, 0.114594, 0.732893
1.064, 0.0428241, 0, 0, 0.00413048, 0.440124, 0, 0.730837, 0.286772, 0, 0.442727, 0.4504, 0, 0.1145, 0.732975
1.065, 0.0428195, 0, 0, 0.00413703, 0.440121, 0, 0.730859, 0.286742, 0, 0.444452, 0.445585, 0, 0.114568, 0.732848
1.068, 0.0428003, 0, 0, 0.00412472, 0.440115, 0, 0.73091, 0.286645, 0, 0.487037, 0.439299, 0, 0.114621, 0.732897
1.071, 0.042901, 0, 0, 0.00413677, 0.440064, 0, 0.730965, 0.286583, 0, 0.53798, 0.420767, 0, 0.114826, 0.732893
1.074, 0.0427962, 0, 0, 0.00412316, 0.440197, 0, 0.731175, 0.286618, 0, 0.547262, 0.401996, 0, 0.114724, 0.732958
1.077, 0.0427258, 0, 0, 0.00410534, 0.44012, 0, 0.731017, 0.286515, 0, 0.546649, 0.353525, 0, 0.114578, 0.733033
1.08, 0.0427667, 0, 0, 0.00409401, 0.440138, 0, 0.731027, 0.28644, 0, 0.546408, 0.423911, 0, 0.114737, 0.733098
1.084, 0.0426901, 0, 0, 0.0040727, 0.439973, 0, 0.730782, 0.286312, 0, 0.561754, 0.443213, 0, 0.114579, 0.733212
1.085, 0.0426821, 0, 0, 0.00407114, 0.43997, 0, 0.730773, 0.286316, 0, 0.561602, 0.45052, 0, 0.114598, 0.733241
1.089, 0.0427484, 0, 0, 0.004052, 0.439955, 0, 0.730938, 0.286319, 0, 0.590464, 0.474632, 0, 0.114884, 0.733153
1.092, 0.0425692, 0, 0, 0.00401051, 0.439907, 0, 0.730731, 0.286292, 0, 0.589863, 0.468733, 0, 0.114526, 0.733366
1.096, 0.0425447, 0, 0, 0.00400007, 0.439761, 0, 0.730392, 0.286822, 0, 0.589422, 0.468255, 0, 0.114544, 0.733446
1.099, 0.0425391, 0, 0, 0.00399094, 0.439693, 0, 0.730408, 0.286747, 0, 0.588526, 0.465541, 0, 0.114551, 0.733545
1.102, 0.0425246, 0, 0, 0.00398191, 0.439643, 0, 0.730461, 0.286666, 0, 0.588166, 0.462286, 0, 0.114592, 0.733623
1.103, 0.0425185, 0, 0, 0.00398002, 0.439634, 0, 0.730477, 0.286647, 0, 0.588219, 0.461948, 0, 0.114607, 0.73365
1.106, 0.0425122, 0, 0, 0.00397471, 0.439585, 0, 0.730509, 0.286604, 0, 0.594252, 0.460563, 0, 0.114609, 0.733727
1.109, 0.0424825, 0, 0, 0.00396896, 0.439629, 0, 0.730569, 0.286561, 0, 0.616637, 0.45482, 0, 0.11452, 0.734112
1.111, 0.0424608, 0, 0, 0.00396108, 0.43961, 0, 0.730519, 0.286472, 0, 0.618678, 0.448838, 0, 0.114532, 0.734115
1.113, 0.0424177, 0, 0, 0.00394451, 0.439572, 0, 0.730392, 0.286377, 0, 0.617848, 0.448049, 0, 0.114399, 0.734219
1.116, 0.0423886, 0, 0, 0.00393208, 0.43947, 0, 0.730229, 0.286271, 0, 0.618036, 0.443862, 0, 0.114421, 0.734279
1.12, 0.0423817, 0, 0, 0.0039213, 0.439359, 0, 0.730139, 0.286148, 0, 0.616212, 0.443778, 0, 0.114394, 0.734373
1.124, 0.0423523, 0, 0, 0.00390546, 0.439264, 0, 0.730046, 0.286026, 0, 0.612027, 0.436032, 0, 0.114418, 0.73447
1.127, 0.0423311, 0, 0, 0.00388726, 0.439209, 0, 0.729976, 0.285963, 0, 0.608172, 0.429161, 0, 0.114335, 0.734603
1.13, 0.0423996, 0, 0, 0.00388771, 0.439131, 0, 0.729959, 0.285824, 0, 0.578886, 0.422749, 0, 0.114482, 0.734621
1.134, 0.0423914, 0, 0, 0.00387768, 0.439175, 0, 0.730065, 0.285874, 0, 0.577313, 0.413167, 0, 0.114495, 0.734713
1.135, 0.0423672, 0, 0, 0.00386865, 0.43916, 0, 0.730031, 0.285846, 0, 0.576937, 0.411629, 0, 0.114412, 0.734765
1.138, 0.0423616, 0, 0, 0.00385615, 0.439118, 0, 0.729835, 0.286248, 0, 0.574977, 0.401915, 0, 0.11446, 0.73484
1.141, 0.0423697, 0, 0, 0.00384341, 0.439085, 0, 0.729883, 0.286153, 0, 0.572865, 0.385929, 0, 0.114439, 0.734975
1.145, 0.0424062, 0, 0, 0.00383941, 0.43903, 0, 0.729828, 0.286142, 0, 0.571628, 0.366202, 0, 0.114559, 0.735031
1.149, 0.0423768, 0, 0, 0.00381222, 0.438899, 0, 0.729702, 0.286132, 0, 0.568666, 0.34444, 0, 0.114347, 0.735249
1.153, 0.0423083, 0, 0, 0.00378634, 0.438735, 0, 0.729455, 0.285975, 0, 0.52248, 0.328921, 0, 0.11415, 0.735436
1.154, 0.0424395, 0, 0, 0.00380741, 0.438711, 0, 0.729556, 0.285892, 0, 0.522205, 0.332332, 0, 0.114402, 0.735385
1.157, 0.042472, 0, 0, 0.00380523, 0.438757, 0, 0.729668, 0.285865, 0, 0.536367, 0.304699, 0, 0.114455, 0.735448
1.16, 0.042501, 0, 0, 0.00379342, 0.438762, 0, 0.729707, 0.285722, 0, 0.536582, 0.28998, 0, 0.114437, 0.735557
1.164, 0.0425016, 0, 0, 0.00379193, 0.438735, 0, 0.729632, 0.285624, 0, 0.519526, 0.267004, 0, 0.114399, 0.735642
1.168, 0.0425355, 0, 0, 0.00379127, 0.438743, 0, 0.729639, 0.285555, 0, 0.528813, 0.243217, 0, 0.114517, 0.736043
1.169, 0.0425559, 0, 0, 0.00379245, 0.438741, 0, 0.729659, 0.285539, 0, 0.528859, 0.238156, 0, 0.114506, 0.73608
1.173, 0.0425856, 0, 0, 0.00392639, 0.438661, 0, 0.729818, 0.285707, 0, 0.529257, 0.230774, 0, 0.114475, 0.736202
1.176, 0.0426244, 0, 0, 0.00392234, 0.438671, 0, 0.72972, 0.285598, 0, 0.532793, 0.215887, 0, 0.114468, 0.736316
1.179, 0.0426236, 0, 0, 0.00391717, 0.438646, 0, 0.729633, 0.285494, 0, 0.532855, 0.214461, 0, 0.114466, 0.736403
1.183, 0.0426713, 0, 0, 0.00392653, 0.438611, 0, 0.72962, 0.28552, 0, 0.527382, 0.208429, 0, 0.114434, 0.736484
1.187, 0.0427745, 0, 0, 0.00394167, 0.438625, 0, 0.729745, 0.285434, 0, 0.525891, 0.232116, 0, 0.114437, 0.736504
1.188, 0.0426792, 0, 0, 0.00392189, 0.438668, 0, 0.729738, 0.285477, 0, 0.524249, 0.242463, 0, 0.114566, 0.736511
1.191, 0.042683, 0, 0, 0.00391234, 0.438635, 0, 0.72968, 0.285421, 0, 0.522887, 0.24538, 0, 0.114482, 0.736625
1.195, 0.0427581, 0, 0, 0.00391659, 0.438604, 0, 0.729659, 0.285431, 0, 0.466926, 0.262678, 0, 0.114572, 0.736594
1.199, 0.0427545, 0, 0, 0.00391074, 0.43865, 0, 0.729749, 0.285421, 0, 0.467392, 0.267294, 0, 0.114585, 0.736721
1.203, 0.0427598, 0, 0, 0.00389687, 0.438601, 0, 0.729762, 0.285377, 0, 0.466941, 0.270069, 0, 0.114614, 0.736763
1.204, 0.0427487, 0, 0, 0.00389071, 0.438605, 0, 0.729819, 0.285285, 0, 0.467173, 0.273361, 0, 0.114416, 0.737821
1.208, 0.0307774, 0, 0, 0.00389638, 0.438575, 0, 0.729782, 0.285199, 0, 0.467638, 0.277468, 0, 0.114255, 0.738076
1.212, 0.0342863, 0, 0, 0.00387805, 0.438542, 0, 0.729674, 0.285173, 0, 0.42656, 0.290935, 0, 0.114225, 0.738043
1.216, 0.0327776, 0, 0, 0.00387052, 0.438494, 0, 0.729625, 0.285137, 0, 0.426652, 0.294492, 0, 0.1142, 0.738064
1.22, 0.0320367, 0, 0, 0.00386281, 0.438477, 0, 0.729628, 0.285132, 0, 0.426706, 0.293895, 0, 0.114216, 0.738082
1.221, 0.0320526, 0, 0, 0.00386326, 0.43847, 0, 0.729633, 0.285126, 0, 0.426641, 0.29405, 0, 0.114228, 0.738078
1.224, 0.0315804, 0, 0, 0.00385612, 0.438458, 0, 0.729627, 0.285123, 0, 0.426562, 0.292439, 0, 0.114201, 0.738096
1.228, 0.0320648, 0, 0, 0.00385186, 0.438421, 0, 0.729623, 0.285101, 0, 0.426187, 0.290664, 0, 0.114232, 0.738074
1.232, 0.033368, 0, 0, 0.00384393, 0.438412, 0, 0.729615, 0.2851, 0, 0.425672, 0.28068, 0, 0.11417, 0.738082
1.235, 0.0351072, 0, 0, 0.00384116, 0.438384, 0, 0.729538, 0.285379, 0, 0.425482, 0.272878, 0, 0.114161, 0.738313
1.239, 0.0375522, 0, 0, 0.00383076, 0.43837, 0, 0.729296, 0.286801, 0, 0.425162, 0.260348, 0, 0.114023, 0.738335
1.24, 0.038682, 0, 0, 0.00383236, 0.438361, 0, 0.729415, 0.286834, 0, 0.425137, 0.25738, 0, 0.114073, 0.738298
1.243, 0.0422789, 0, 0, 0.00383401, 0.438342, 0, 0.729635, 0.286885, 0, 0.425202, 0.244892, 0, 0.114115, 0.738242
1.247, 0.0449477, 0, 0, 0.00382982, 0.438357, 0, 0.729363, 0.287027, 0, 0.425409, 0.22064, 0, 0.114087, 0.738191
1.254, 0.0441367, 0, 0, 0.00383351, 0.438379, 0, 0.72969, 0.287104, 0, 0.465137, 0.177533, 0, 0.114158, 0.738143
1.257, 0.0438751, 0, 0, 0.00382632, 0.438375, 0, 0.729652, 0.287084, 0, 0.4658, 0.174966, 0, 0.11396, 0.738167
1.261, 0.0436021, 0, 0, 0.00381038, 0.438353, 0, 0.729559, 0.287069, 0, 0.466702, 0.181559, 0, 0.114002, 0.73817
1.262, 0.0435861, 0, 0, 0.00382358, 0.438359, 0, 0.729629, 0.287061, 0, 0.520507, 0.172883, 0, 0.114191, 0.738186
1.266, 0.0433277, 0, 0, 0.00384577, 0.438347, 0, 0.729696, 0.287015, 0, 0.52178, 0.186651, 0, 0.113946, 0.738136
1.27, 0.0430093, 0, 0, 0.00383874, 0.43843, 0, 0.729734, 0.287037, 0, 0.52343, 0.188243, 0, 0.113979, 0.738112
1.274, 0.0428206, 0, 0, 0.00383829, 0.438459, 0, 0.729744, 0.287016, 0, 0.523672, 0.193146, 0, 0.113947, 0.738096
1.279, 0.0426402, 0, 0, 0.00383469, 0.438469, 0, 0.729731, 0.286998, 0, 0.524019, 0.194534, 0, 0.113914, 0.738111
1.283, 0.0425298, 0, 0, 0.00383338, 0.438453, 0, 0.729718, 0.286984, 0, 0.522607, 0.196228, 0, 0.113898, 0.738099
1.287, 0.0424517, 0, 0, 0.00383283, 0.438437, 0, 0.729716, 0.286977, 0, 0.5227, 0.197563, 0, 0.113879, 0.738091
1.29, 0.042387, 0, 0, 0.00381953, 0.438419, 0, 0.729651, 0.286978, 0, 0.468119, 0.206961, 0, 0.113715, 0.738078
1.294, 0.0423793, 0, 0, 0.00382724, 0.438417, 0, 0.729717, 0.286983, 0, 0.466733, 0.208199, 0, 0.113889, 0.738019
1.295, 0.0423729, 0, 0, 0.00382686, 0.438418, 0, 0.729723, 0.286985, 0, 0.466769, 0.208657, 0, 0.113879, 0.738018
1.299, 0.0423528, 0, 0, 0.00382392, 0.438416, 0, 0.72972, 0.286989, 0, 0.466726, 0.20988, 0, 0.113856, 0.738006
1.303, 0.0423506, 0, 0, 0.00382054, 0.43838, 0, 0.729667, 0.286974, 0, 0.425978, 0.221063, 0, 0.113781, 0.736407
1.307, 0.0423621, 0, 0, 0.00381648, 0.43838, 0, 0.729666, 0.286983, 0, 0.426186, 0.220084, 0, 0.11377, 0.736402
1.311, 0.0423862, 0, 0, 0.00381231, 0.438364, 0, 0.729648, 0.286984, 0, 0.426388, 0.221181, 0, 0.113729, 0.736413
1.312, 0.0423925, 0, 0, 0.00381237, 0.438362, 0, 0.729648, 0.286985, 0, 0.426386, 0.22154, 0, 0.113737, 0.736405
1.315, 0.0424081, 0, 0, 0.00381009, 0.438349, 0, 0.729637, 0.286987, 0, 0.426466, 0.223066, 0, 0.113734, 0.736391
1.318, 0.0424365, 0, 0, 0.00380679, 0.438343, 0, 0.729632, 0.286992, 0, 0.426518, 0.224225, 0, 0.113724, 0.736388
1.322, 0.0424703, 0, 0, 0.00379983, 0.438324, 0, 0.729588, 0.287186, 0, 0.426604, 0.222759, 0, 0.113697, 0.736395
1.325, 0.0424978, 0, 0, 0.00379382, 0.438301, 0, 0.72958, 0.287178, 0, 0.426745, 0.218189, 0, 0.113687, 0.736412
1.328, 0.0425256, 0, 0, 0.00378844, 0.438278, 0, 0.729566, 0.287169, 0, 0.426637, 0.215648, 0, 0.113692, 0.736405
1.332, 0.0425562, 0, 0, 0.00378108, 0.438236, 0, 0.729514, 0.287147, 0, 0.426325, 0.213598, 0, 0.113651, 0.736392
1.333, 0.042564, 0, 0, 0.00378011, 0.438232, 0, 0.729505, 0.287143, 0, 0.426289, 0.213717, 0, 0.113645, 0.736394
1.336, 0.0425894, 0, 0, 0.00377291, 0.438209, 0, 0.729486, 0.287141, 0, 0.426004, 0.199421, 0, 0.113691, 0.736343
1.339, 0.0426115, 0, 0, 0.00376773, 0.438175, 0, 0.729444, 0.287122, 0, 0.426121, 0.195388, 0, 0.113626, 0.736342
1.343, 0.0426353, 0, 0, 0.00376164, 0.438148, 0, 0.729432, 0.287121, 0, 0.465483, 0.172592, 0, 0.113711, 0.736335
1.347, 0.0426638, 0, 0, 0.00376381, 0.438105, 0, 0.729418, 0.287095, 0, 0.519977, 0.16097, 0, 0.113756, 0.736345
1.35, 0.0426649, 0, 0, 0.00375457, 0.438106, 0, 0.729403, 0.287096, 0, 0.521004, 0.159902, 0, 0.113616, 0.736394
1.351, 0.0426636, 0, 0, 0.0037558, 0.438103, 0, 0.729411, 0.287093, 0, 0.520902, 0.159529, 0, 0.113626, 0.736374
1.354, 0.0426418, 0, 0, 0.0037655, 0.43782, 0, 0.729465, 0.28708, 0, 0.521561, 0.168902, 0, 0.113618, 0.736319
1.357, 0.0426395, 0, 0, 0.00376724, 0.43781, 0, 0.729505, 0.287097, 0, 0.522988, 0.16896, 0, 0.11363, 0.736332
1.36, 0.0426397, 0, 0, 0.00376594, 0.437767, 0, 0.729507, 0.287084, 0, 0.522995, 0.168374, 0, 0.113621, 0.736342
1.363, 0.0426149, 0, 0, 0.00379155, 0.437802, 0, 0.729639, 0.287066, 0, 0.523083, 0.172763, 0, 0.11361, 0.736221
1.366, 0.0426021, 0, 0, 0.00378911, 0.437849, 0, 0.72966, 0.287058, 0, 0.524933, 0.173321, 0, 0.113595, 0.736218
1.37, 0.0426016, 0, 0, 0.00379067, 0.437885, 0, 0.729669, 0.287032, 0, 0.524962, 0.174356, 0, 0.113588, 0.736214
1.371, 0.0425908, 0, 0, 0.00378964, 0.437887, 0, 0.729663, 0.287025, 0, 0.524948, 0.174708, 0, 0.113582, 0.73621
1.374, 0.0425758, 0, 0, 0.00378964, 0.437902, 0, 0.729665, 0.287013, 0, 0.524988, 0.177384, 0, 0.113577, 0.736212
1.377, 0.0425553, 0, 0, 0.0037869, 0.437904, 0, 0.729658, 0.287006, 0, 0.525126, 0.177793, 0, 0.113586, 0.736219
1.381, 0.0425299, 0, 0, 0.00377941, 0.43791, 0, 0.729661, 0.287012, 0, 0.526131, 0.176258, 0, 0.113557, 0.73626
1.388, 0.0424743, 0, 0, 0.00376956, 0.437827, 0, 0.729565, 0.286988, 0, 0.525963, 0.169511, 0, 0.113894, 0.734674
1.391, 0.0424704, 0, 0, 0.00376702, 0.437804, 0, 0.729544, 0.286985, 0, 0.525893, 0.16553, 0, 0.11385, 0.734769
1.392, 0.0424664, 0, 0, 0.00376572, 0.437799, 0, 0.729541, 0.286986, 0, 0.525915, 0.164145, 0, 0.11385, 0.734793
1.395, 0.042446, 0, 0, 0.00375758, 0.437769, 0, 0.729506, 0.28699, 0, 0.525926, 0.160515, 0, 0.11386, 0.73484
1.398, 0.0424187, 0, 0, 0.00374653, 0.437744, 0, 0.729463, 0.287002, 0, 0.526093, 0.134736, 0, 0.11391, 0.734903
1.402, 0.0424029, 0, 0, 0.00374255, 0.437695, 0, 0.729429, 0.287, 0, 0.526885, 0.131687, 0, 0.113958, 0.734951
1.405, 0.0424306, 0, 0, 0.00375222, 0.437671, 0, 0.729451, 0.286983, 0, 0.528314, 0.130788, 0, 0.113598, 0.736577
1.409, 0.0423965, 0, 0, 0.00375722, 0.4377, 0, 0.729488, 0.286983, 0, 0.530126, 0.139125, 0, 0.113667, 0.736496
1.41, 0.0395, 0, 0, 0.00264251, 0.436846, 0, 0.722955, 0.287144, 0, 0.5635, 0.389877, 0, 0.101167, 0.742618
1.413, 0.0434385, 0, 0, 0.00406918, 0.437114, 0, 0.730381, 0.286609, 0, 0.57849, 0.155676, 0, 0.117917, 0.733539
1.417, 0.0423689, 0, 0, 0.00373611, 0.438611, 0, 0.730988, 0.287656, 0, 0.546374, 0.148185, 0, 0.113534, 0.736886
1.424, 0.0423896, 0, 0, 0.0037345, 0.439018, 0, 0.729105, 0.286812, 0, 0.550521, 0.151762, 0, 0.113481, 0.736612
1.428, 0.0425691, 0, 0, 0.0037804, 0.439278, 0, 0.729527, 0.286807, 0, 0.599556, 0.148243, 0, 0.114234, 0.73485
1.429, 0.0424727, 0, 0, 0.00375438, 0.439313, 0, 0.729481, 0.28684, 0, 0.599073, 0.149337, 0, 0.11394, 0.734942
1.432, 0.0424822, 0, 0, 0.00375302, 0.439364, 0, 0.729522, 0.28685, 0, 0.598722, 0.153265, 0, 0.113933, 0.73498
1.435, 0.0425104, 0, 0, 0.00375033, 0.439336, 0, 0.729496, 0.286835, 0, 0.59897, 0.155051, 0, 0.113949, 0.735026
1.438, 0.0425993, 0, 0, 0.00376206, 0.439263, 0, 0.729498, 0.2868, 0, 0.599431, 0.157456, 0, 0.114146, 0.735021
1.441, 0.0425631, 0, 0, 0.00374962, 0.439404, 0, 0.729699, 0.286909, 0, 0.632814, 0.156087, 0, 0.113861, 0.735472
1.444, 0.0426108, 0, 0, 0.003748, 0.439274, 0, 0.729532, 0.286828, 0, 0.631996, 0.162899, 0, 0.11381, 0.735522
1.448, 0.0426313, 0, 0, 0.00374369, 0.439187, 0, 0.729396, 0.286791, 0, 0.6216, 0.166729, 0, 0.113845, 0.735576
1.449, 0.0426626, 0, 0, 0.00374742, 0.439112, 0, 0.729417, 0.286795, 0, 0.621602, 0.168612, 0, 0.113887, 0.735585
1.453, 0.0426757, 0, 0, 0.00374608, 0.439267, 0, 0.729755, 0.286932, 0, 0.661659, 0.172643, 0, 0.113893, 0.735634
1.457, 0.042697, 0, 0, 0.00374029, 0.439201, 0, 0.729542, 0.286839, 0, 0.661534, 0.175901, 0, 0.113838, 0.735663
1.461, 0.042748, 0, 0, 0.00374155, 0.439154, 0, 0.729381, 0.28676, 0, 0.661515, 0.177686, 0, 0.113886, 0.735698
1.464, 0.0426717, 0, 0, 0.00371123, 0.43913, 0, 0.7292, 0.28676, 0, 0.626891, 0.184107, 0, 0.113572, 0.735872
1.465, 0.0427898, 0, 0, 0.00373744, 0.439083, 0, 0.729266, 0.286714, 0, 0.626617, 0.185427, 0, 0.113899, 0.735769
1.468, 0.0428183, 0, 0, 0.00373898, 0.439123, 0, 0.729384, 0.28675, 0, 0.625669, 0.187642, 0, 0.113958, 0.735796
1.471, 0.0428308, 0, 0, 0.00373942, 0.439048, 0, 0.729448, 0.286769, 0, 0.625831, 0.198044, 0, 0.113947, 0.735821
1.474, 0.0428317, 0, 0, 0.00373741, 0.439148, 0, 0.729478, 0.286782, 0, 0.625867, 0.200637, 0, 0.113955, 0.735869
1.478, 0.0428373, 0, 0, 0.00373614, 0.439154, 0, 0.729461, 0.286763, 0, 0.62616, 0.204773, 0, 0.113962, 0.735901
1.482, 0.042823, 0, 0, 0.00373321, 0.439132, 0, 0.729441, 0.286757, 0, 0.626402, 0.208814, 0, 0.113961, 0.735954
1.483, 0.042824, 0, 0, 0.00373341, 0.439135, 0, 0.729438, 0.286754, 0, 0.626407, 0.20941, 0, 0.113967, 0.735967
1.487, 0.043023, 0, 0, 0.00379297, 0.439192, 0, 0.729797, 0.286729, 0, 0.692675, 0.201193, 0, 0.114662, 0.735734
1.49, 0.0428543, 0, 0, 0.00375237, 0.439266, 0, 0.729826, 0.286841, 0, 0.699248, 0.210537, 0, 0.114168, 0.735958
1.493, 0.0427622, 0, 0, 0.00373537, 0.439247, 0, 0.729738, 0.286846, 0, 0.701505, 0.21992, 0, 0.114041, 0.736044
1.497, 0.042726, 0, 0, 0.00372351, 0.439248, 0, 0.729624, 0.286811, 0, 0.704834, 0.236157, 0, 0.114066, 0.736117
1.5, 0.0427287, 0, 0, 0.0037223, 0.439125, 0, 0.729543, 0.286778, 0, 0.705805, 0.251241, 0, 0.114115, 0.736166
1.501, 0.0426809, 0, 0, 0.00371482, 0.439126, 0, 0.729509, 0.286795, 0, 0.705881, 0.253541, 0, 0.114076, 0.736218
1.504, 0.0426443, 0, 0, 0.00370557, 0.439123, 0, 0.729423, 0.286778, 0, 0.705699, 0.267921, 0, 0.11406, 0.736297
1.508, 0.0427709, 0, 0, 0.00374078, 0.438948, 0, 0.729546, 0.286728, 0, 0.750578, 0.271033, 0, 0.114532, 0.736192
1.512, 0.04253, 0, 0, 0.00368807, 0.438928, 0, 0.729273, 0.286781, 0, 0.752834, 0.280483, 0, 0.114032, 0.736504
1.516, 0.0425151, 0, 0, 0.00368446, 0.438853, 0, 0.729254, 0.286788, 0, 0.754831, 0.292458, 0, 0.114112, 0.736589
1.517, 0.0425, 0, 0, 0.0036813, 0.438849, 0, 0.729254, 0.286803, 0, 0.754488, 0.296001, 0, 0.114101, 0.736633
1.52, 0.0424803, 0, 0, 0.00366659, 0.438808, 0, 0.729226, 0.286828, 0, 0.752791, 0.320196, 0, 0.114057, 0.736777
1.523, 0.0424239, 0, 0, 0.00365443, 0.438759, 0, 0.729169, 0.286854, 0, 0.747055, 0.339152, 0, 0.114164, 0.736872
1.526, 0.0423569, 0, 0, 0.00362993, 0.438675, 0, 0.728994, 0.286856, 0, 0.743209, 0.353994, 0, 0.114, 0.737067
1.529, 0.0423681, 0, 0, 0.00363152, 0.438577, 0, 0.728928, 0.28684, 0, 0.734748, 0.367963, 0, 0.114199, 0.737132
1.532, 0.0423337, 0, 0, 0.00360874, 0.438443, 0, 0.728711, 0.286826, 0, 0.720124, 0.388065, 0, 0.114177, 0.737331
1.536, 0.0423177, 0, 0, 0.00358296, 0.438285, 0, 0.728526, 0.286835, 0, 0.700921, 0.403834, 0, 0.114267, 0.737545
1.537, 0.0423222, 0, 0, 0.00358032, 0.438307, 0, 0.728573, 0.286872, 0, 0.700021, 0.404726, 0, 0.114306, 0.737591
1.541, 0.0420942, 0, 0, 0.00349285, 0.438049, 0, 0.727995, 0.286881, 0, 0.663374, 0.427534, 0, 0.113605, 0.737889
1.544, 0.0420569, 0, 0, 0.00346756, 0.437952, 0, 0.727873, 0.286927, 0, 0.639785, 0.434413, 0, 0.11364, 0.738064
1.548, 0.0422657, 0, 0, 0.0034931, 0.437718, 0, 0.727884, 0.286872, 0, 0.610048, 0.434471, 0, 0.114259, 0.738011
1.555, 0.0422568, 0, 0, 0.00346033, 0.437599, 0, 0.727819, 0.286953, 0, 0.538115, 0.413624, 0, 0.114094, 0.738279
1.556, 0.0422929, 0, 0, 0.0034624, 0.437637, 0, 0.727899, 0.286984, 0, 0.52098, 0.405721, 0, 0.114349, 0.738244
1.56, 0.0421401, 0, 0, 0.00342386, 0.437681, 0, 0.727806, 0.287181, 0, 0.533315, 0.369711, 0, 0.113949, 0.738516
1.563, 0.0421873, 0, 0, 0.00343221, 0.43765, 0, 0.727738, 0.287126, 0, 0.518319, 0.366617, 0, 0.113972, 0.738554
1.567, 0.0422886, 0, 0, 0.00347007, 0.437666, 0, 0.72796, 0.287096, 0, 0.40432, 0.341179, 0, 0.114116, 0.738407
1.571, 0.0423195, 0, 0, 0.00347368, 0.43776, 0, 0.728089, 0.287111, 0, 0.406403, 0.344209, 0, 0.114179, 0.738399
1.572, 0.0423353, 0, 0, 0.00347598, 0.437754, 0, 0.728091, 0.287093, 0, 0.407102, 0.343552, 0, 0.114155, 0.738383
1.576, 0.0423718, 0, 0, 0.00347586, 0.437907, 0, 0.728093, 0.287083, 0, 0.428564, 0.34026, 0, 0.11415, 0.738433
1.582, 0.0424422, 0, 0, 0.00347861, 0.437984, 0, 0.728139, 0.287054, 0, 0.438588, 0.334623, 0, 0.114131, 0.738431
1.586, 0.0424971, 0, 0, 0.00348097, 0.437997, 0, 0.728173, 0.287039, 0, 0.446074, 0.333729, 0, 0.114127, 0.738432
1.589, 0.0425486, 0, 0, 0.00348292, 0.438004, 0, 0.728212, 0.287037, 0, 0.452055, 0.333265, 0, 0.114148, 0.738442
1.59, 0.0425746, 0, 0, 0.00348178, 0.438015, 0, 0.728239, 0.287044, 0, 0.452938, 0.339687, 0, 0.114185, 0.738455
1.593, 0.0425789, 0, 0, 0.00347269, 0.438002, 0, 0.728195, 0.287043, 0, 0.457154, 0.340194, 0, 0.11407, 0.738512
1.597, 0.0426395, 0, 0, 0.00347213, 0.437929, 0, 0.72811, 0.287002, 0, 0.46407, 0.339891, 0, 0.114046, 0.738547
1.6, 0.0427063, 0, 0, 0.00347609, 0.437928, 0, 0.728153, 0.287007, 0, 0.467095, 0.340792, 0, 0.113776, 0.74013
1.604, 0.0427638, 0, 0, 0.00347729, 0.437876, 0, 0.728238, 0.287032, 0, 0.468533, 0.340499, 0, 0.113868, 0.739428
1.605, 0.0427756, 0, 0, 0.00347841, 0.437882, 0, 0.728261, 0.287041, 0, 0.46877, 0.34071, 0, 0.113777, 0.739509
1.609, 0.0428125, 0, 0, 0.00347482, 0.43786, 0, 0.728249, 0.287042, 0, 0.471997, 0.341398, 0, 0.113644, 0.739561
1.612, 0.0428518, 0, 0, 0.0034745, 0.437842, 0, 0.728229, 0.287033, 0, 0.472911, 0.342091, 0, 0.113634, 0.73954
1.615, 0.0428918, 0, 0, 0.00347696, 0.437845, 0, 0.728252, 0.287035, 0, 0.473639, 0.342568, 0, 0.113644, 0.739512
1.618, 0.0429217, 0, 0, 0.00347921, 0.437854, 0, 0.728279, 0.287039, 0, 0.474555, 0.343323, 0, 0.11363, 0.739486
1.622, 0.0429461, 0, 0, 0.00347625, 0.437868, 0, 0.728286, 0.287047, 0, 0.475815, 0.351764, 0, 0.113584, 0.739486
1.623, 0.0429479, 0, 0, 0.00347647, 0.437863, 0, 0.728279, 0.287043, 0, 0.476687, 0.349722, 0, 0.113559, 0.739479
1.626, 0.0429665, 0, 0, 0.00347578, 0.437852, 0, 0.728259, 0.287037, 0, 0.47799, 0.351087, 0, 0.113531, 0.739476
1.63, 0.0429902, 0, 0, 0.00347873, 0.437873, 0, 0.728314, 0.287052, 0, 0.478614, 0.352364, 0, 0.113532, 0.739454
1.634, 0.0429952, 0, 0, 0.00347897, 0.43789, 0, 0.728344, 0.287063, 0, 0.478492, 0.354391, 0, 0.113495, 0.739442
1.638, 0.0429915, 0, 0, 0.00347751, 0.437883, 0, 0.728325, 0.28706, 0, 0.479934, 0.356746, 0, 0.113451, 0.739439
1.639, 0.0429932, 0, 0, 0.00347836, 0.437884, 0, 0.728331, 0.28706, 0, 0.480124, 0.357227, 0, 0.113451, 0.739435
1.642, 0.0429908, 0, 0, 0.00348158, 0.4379, 0, 0.728373, 0.28707, 0, 0.480757, 0.357791, 0, 0.113455, 0.739413
1.645, 0.0429722, 0, 0, 0.00347972, 0.437912, 0, 0.728385, 0.28708, 0, 0.481758, 0.356801, 0, 0.113405, 0.739416
1.648, 0.0429543, 0, 0, 0.00347915, 0.437905, 0, 0.728371, 0.287076, 0, 0.482526, 0.357927, 0, 0.11337, 0.739414
1.652, 0.0429274, 0, 0, 0.00347821, 0.437896, 0, 0.728356, 0.287075, 0, 0.482725, 0.360207, 0, 0.113337, 0.739413
1.655, 0.0429063, 0, 0, 0.00347734, 0.437882, 0, 0.728342, 0.287074, 0, 0.48414, 0.360272, 0, 0.113313, 0.739415
1.658, 0.0428956, 0, 0, 0.00348077, 0.437882, 0, 0.728368, 0.287077, 0, 0.484531, 0.361335, 0, 0.113315, 0.739401
1.659, 0.0428872, 0, 0, 0.0034811, 0.437887, 0, 0.72838, 0.287082, 0, 0.48481, 0.362078, 0, 0.113311, 0.739398
1.663, 0.0428534, 0, 0, 0.0034822, 0.437904, 0, 0.728415, 0.287095, 0, 0.485655, 0.365281, 0, 0.113282, 0.739388
1.667, 0.0428245, 0, 0, 0.00348745, 0.437916, 0, 0.728444, 0.287093, 0, 0.486724, 0.365357, 0, 0.113246, 0.739361
1.671, 0.0427858, 0, 0, 0.00348771, 0.437948, 0, 0.728474, 0.287105, 0, 0.488254, 0.364617, 0, 0.113343, 0.739291
1.675, 0.0427548, 0, 0, 0.00348886, 0.437952, 0, 0.728475, 0.287102, 0, 0.489209, 0.366583, 0, 0.113341, 0.738546
1.676, 0.0427459, 0, 0, 0.00348619, 0.437951, 0, 0.728459, 0.287101, 0, 0.489477, 0.367021, 0, 0.113298, 0.739291
1.679, 0.042733, 0, 0, 0.00348731, 0.437941, 0, 0.72845, 0.287096, 0, 0.491565, 0.364302, 0, 0.113185, 0.739386
1.682, 0.0427213, 0, 0, 0.00348809, 0.437944, 0, 0.728465, 0.2871, 0, 0.493206, 0.36429, 0, 0.113287, 0.739296
1.686, 0.0427072, 0, 0, 0.00349103, 0.43795, 0, 0.728496, 0.287107, 0, 0.493959, 0.365917, 0, 0.113168, 0.739386
1.689, 0.0426962, 0, 0, 0.00349034, 0.437962, 0, 0.728511, 0.287115, 0, 0.494449, 0.36846, 0, 0.113263, 0.739292
1.693, 0.0426831, 0, 0, 0.00348943, 0.437949, 0, 0.728479, 0.287106, 0, 0.498916, 0.371392, 0, 0.113101, 0.739401
1.694, 0.0426866, 0, 0, 0.00349261, 0.437948, 0, 0.728489, 0.287104, 0, 0.502635, 0.370409, 0, 0.113249, 0.738561
1.698, 0.0426962, 0, 0, 0.00349444, 0.43796, 0, 0.728517, 0.28711, 0, 0.503762, 0.370652, 0, 0.113123, 0.739384
1.702, 0.0426929, 0, 0, 0.00348934, 0.437964, 0, 0.728501, 0.287117, 0, 0.506611, 0.374358, 0, 0.113126, 0.739369
1.705, 0.0427182, 0, 0, 0.00348979, 0.437942, 0, 0.728479, 0.287108, 0, 0.508381, 0.37293, 0, 0.113056, 0.739431
1.708, 0.0427422, 0, 0, 0.00349175, 0.437946, 0, 0.728505, 0.287115, 0, 0.508844, 0.37344, 0, 0.113144, 0.739383
1.711, 0.0427655, 0, 0, 0.00349517, 0.437963, 0, 0.728558, 0.287129, 0, 0.509336, 0.372226, 0, 0.113094, 0.739422
1.712, 0.0427701, 0, 0, 0.00349491, 0.437969, 0, 0.728569, 0.287134, 0, 0.509262, 0.372631, 0, 0.11308, 0.739423
1.716, 0.0427821, 0, 0, 0.00349027, 0.437982, 0, 0.728556, 0.287143, 0, 0.510725, 0.369943, 0, 0.113074, 0.739399
1.719, 0.0428124, 0, 0, 0.00349294, 0.437967, 0, 0.728544, 0.287131, 0, 0.511391, 0.372009, 0, 0.113016, 0.739442
1.723, 0.0428234, 0, 0, 0.00348851, 0.437946, 0, 0.728482, 0.28712, 0, 0.513704, 0.374112, 0, 0.112995, 0.73942
1.727, 0.0428883, 0, 0, 0.00349548, 0.437936, 0, 0.728517, 0.287116, 0, 0.51454, 0.373818, 0, 0.112979, 0.739456
1.728, 0.0429006, 0, 0, 0.00349801, 0.437945, 0, 0.728543, 0.287121, 0, 0.514827, 0.372663, 0, 0.112989, 0.739445
1.731, 0.0429265, 0, 0, 0.00349801, 0.43797, 0, 0.728587, 0.287137, 0, 0.515213, 0.374441, 0, 0.113037, 0.739399
1.734, 0.0429373, 0, 0, 0.00349458, 0.437976, 0, 0.728575, 0.28714, 0, 0.516286, 0.377579, 0, 0.112924, 0.739468
1.738, 0.0429627, 0, 0, 0.00349019, 0.437954, 0, 0.728516, 0.287127, 0, 0.518868, 0.379822, 0, 0.112992, 0.739396
1.744, 0.0430263, 0, 0, 0.00349322, 0.437936, 0, 0.728539, 0.287129, 0, 0.531199, 0.374271, 0, 0.112886, 0.739512
1.745, 0.0430304, 0, 0, 0.00349354, 0.437943, 0, 0.728553, 0.287136, 0, 0.531541, 0.374536, 0, 0.112885, 0.739512
1.748, 0.0430414, 0, 0, 0.00349459, 0.43795, 0, 0.728577, 0.287144, 0, 0.532681, 0.375739, 0, 0.113007, 0.738679
1.751, 0.043046, 0, 0, 0.00349388, 0.437959, 0, 0.728585, 0.287149, 0, 0.533657, 0.3769, 0, 0.112891, 0.739495
1.754, 0.0430531, 0, 0, 0.00349488, 0.437956, 0, 0.728579, 0.287144, 0, 0.534544, 0.377035, 0, 0.11283, 0.739524
1.757, 0.0430409, 0, 0, 0.00349059, 0.437954, 0, 0.728554, 0.287146, 0, 0.53614, 0.378966, 0, 0.11279, 0.739545
1.76, 0.0430538, 0, 0, 0.00349229, 0.437952, 0, 0.72857, 0.287145, 0, 0.539562, 0.370503, 0, 0.112792, 0.739545
1.763, 0.0430415, 0, 0, 0.00349075, 0.437945, 0, 0.72856, 0.287145, 0, 0.542894, 0.37173, 0, 0.112883, 0.739458
1.764, 0.0430381, 0, 0, 0.00349163, 0.437942, 0, 0.728561, 0.287144, 0, 0.543429, 0.371832, 0, 0.112835, 0.739508
1.768, 0.0430069, 0, 0, 0.00348964, 0.437942, 0, 0.728562, 0.287151, 0, 0.546203, 0.374219, 0, 0.112737, 0.739581
1.772, 0.0429747, 0, 0, 0.00348455, 0.437904, 0, 0.728496, 0.287136, 0, 0.551991, 0.376838, 0, 0.112671, 0.739618
1.776, 0.0429639, 0, 0, 0.00348893, 0.437879, 0, 0.728512, 0.287132, 0, 0.55738, 0.377107, 0, 0.112686, 0.739617
1.779, 0.0429408, 0, 0, 0.00349362, 0.437905, 0, 0.72858, 0.287148, 0, 0.561827, 0.376574, 0, 0.112696, 0.739605
1.78, 0.0429262, 0, 0, 0.00349416, 0.437913, 0, 0.728599, 0.287153, 0, 0.562467, 0.377061, 0, 0.1127, 0.739597
1.784, 0.0428606, 0, 0, 0.00349184, 0.437949, 0, 0.728622, 0.287168, 0, 0.56533, 0.379337, 0, 0.112639, 0.739613
1.787, 0.0428237, 0, 0, 0.00349377, 0.437948, 0, 0.728616, 0.287157, 0, 0.568481, 0.377115, 0, 0.112631, 0.739604
1.79, 0.0427907, 0, 0, 0.00349672, 0.437959, 0, 0.728634, 0.287155, 0, 0.570227, 0.376859, 0, 0.11261, 0.739602
1.793, 0.0427409, 0, 0, 0.00349784, 0.437965, 0, 0.728639, 0.287152, 0, 0.572424, 0.376192, 0, 0.112577, 0.7396
1.796, 0.0426947, 0, 0, 0.0034986, 0.437962, 0, 0.72863, 0.287144, 0, 0.580571, 0.375319, 0, 0.11254, 0.739602
1.799, 0.0426576, 0, 0, 0.00350176, 0.437972, 0, 0.728655, 0.287144, 0, 0.582718, 0.375222, 0, 0.112543, 0.739595
1.8, 0.0426432, 0, 0, 0.00350218, 0.437975, 0, 0.728662, 0.287144, 0, 0.584798, 0.375196, 0, 0.112536, 0.739594
1.804, 0.0425894, 0, 0, 0.00350434, 0.437995, 0, 0.728694, 0.287148, 0, 0.58785, 0.376438, 0, 0.112505, 0.739596
1.811, 0.0424907, 0, 0, 0.00350246, 0.438002, 0, 0.728679, 0.287142, 0, 0.59682, 0.377153, 0, 0.11255, 0.739525
1.814, 0.0424749, 0, 0, 0.00350618, 0.437988, 0, 0.728681, 0.28713, 0, 0.599986, 0.376705, 0, 0.112433, 0.739628
1.817, 0.0424429, 0, 0, 0.00350878, 0.43801, 0, 0.728727, 0.287143, 0, 0.60246, 0.377275, 0, 0.112431, 0.739636
1.818, 0.0424301, 0, 0, 0.00350833, 0.438011, 0, 0.728731, 0.287144, 0, 0.603195, 0.377417, 0, 0.112415, 0.739638
1.822, 0.0423935, 0, 0, 0.00350812, 0.438017, 0, 0.72873, 0.287143, 0, 0.607784, 0.378069, 0, 0.112377, 0.73965
1.826, 0.0423692, 0, 0, 0.00350957, 0.438022, 0, 0.728738, 0.287141, 0, 0.610955, 0.378477, 0, 0.112388, 0.739644
1.83, 0.04235, 0, 0, 0.00350793, 0.438019, 0, 0.728726, 0.287139, 0, 0.620423, 0.376731, 0, 0.112316, 0.739697
1.834, 0.0423483, 0, 0, 0.00351061, 0.438019, 0, 0.728742, 0.287138, 0, 0.623839, 0.376862, 0, 0.112309, 0.739698
1.835, 0.0423476, 0, 0, 0.00351071, 0.438021, 0, 0.728746, 0.287139, 0, 0.624829, 0.376944, 0, 0.1123, 0.739702
1.838, 0.0423372, 0, 0, 0.00350924, 0.438016, 0, 0.728728, 0.287136, 0, 0.635711, 0.376546, 0, 0.112243, 0.739717
1.841, 0.0423551, 0, 0, 0.00351198, 0.438011, 0, 0.728732, 0.28713, 0, 0.639613, 0.375328, 0, 0.112251, 0.739717
1.845, 0.0423776, 0, 0, 0.00351398, 0.438026, 0, 0.728764, 0.287136, 0, 0.641618, 0.379576, 0, 0.112229, 0.739726
1.848, 0.0424, 0, 0, 0.00351561, 0.438036, 0, 0.728785, 0.287138, 0, 0.64325, 0.378814, 0, 0.112213, 0.73973
1.851, 0.0424199, 0, 0, 0.00351672, 0.438053, 0, 0.728807, 0.287144, 0, 0.644862, 0.37827, 0, 0.112201, 0.739732
1.852, 0.0424295, 0, 0, 0.00351806, 0.438055, 0, 0.728816, 0.287143, 0, 0.645488, 0.378014, 0, 0.112333, 0.738903
1.856, 0.0424648, 0, 0, 0.00351952, 0.438059, 0, 0.728809, 0.287136, 0, 0.660823, 0.375759, 0, 0.112188, 0.739737
1.86, 0.0425042, 0, 0, 0.00351871, 0.438047, 0, 0.728774, 0.287123, 0, 0.666242, 0.374703, 0, 0.112112, 0.739769
1.863, 0.042545, 0, 0, 0.00351976, 0.438044, 0, 0.728772, 0.287119, 0, 0.668735, 0.374205, 0, 0.112098, 0.739776
1.867, 0.0426138, 0, 0, 0.00352677, 0.438069, 0, 0.728842, 0.287127, 0, 0.676727, 0.372489, 0, 0.112117, 0.739757
1.868, 0.042627, 0, 0, 0.00352708, 0.438075, 0, 0.728853, 0.287129, 0, 0.677054, 0.372922, 0, 0.112108, 0.739755
1.871, 0.0426655, 0, 0, 0.0035279, 0.438101, 0, 0.728878, 0.287136, 0, 0.679405, 0.371921, 0, 0.112089, 0.739759
1.875, 0.0427149, 0, 0, 0.00352439, 0.438114, 0, 0.728861, 0.287135, 0, 0.679047, 0.371581, 0, 0.112149, 0.739691
1.879, 0.0427848, 0, 0, 0.00352872, 0.438104, 0, 0.728858, 0.287121, 0, 0.681313, 0.370854, 0, 0.112041, 0.739795
1.882, 0.042828, 0, 0, 0.00352935, 0.438105, 0, 0.728859, 0.287121, 0, 0.681153, 0.370417, 0, 0.112016, 0.73981
1.885, 0.0428706, 0, 0, 0.00353007, 0.438108, 0, 0.729275, 0.287082, 0, 0.682607, 0.369978, 0, 0.112001, 0.739816
1.886, 0.0428851, 0, 0, 0.00353135, 0.438109, 0, 0.729314, 0.287095, 0, 0.683209, 0.369831, 0, 0.112136, 0.738991
1.89, 0.0429392, 0, 0, 0.00353217, 0.438112, 0, 0.729384, 0.287124, 0, 0.684942, 0.368762, 0, 0.112001, 0.739827
1.893, 0.0429678, 0, 0, 0.00353449, 0.43812, 0, 0.729397, 0.287128, 0, 0.696556, 0.36756, 0, 0.111961, 0.739835
1.897, 0.0430207, 0, 0, 0.00353871, 0.438132, 0, 0.7294, 0.287118, 0, 0.698098, 0.366907, 0, 0.111958, 0.739828
1.901, 0.0430494, 0, 0, 0.00353882, 0.438163, 0, 0.729411, 0.287123, 0, 0.698405, 0.366192, 0, 0.112049, 0.739739
1.902, 0.0430589, 0, 0, 0.00353997, 0.438157, 0, 0.729404, 0.287116, 0, 0.69864, 0.366055, 0, 0.111994, 0.739784
1.906, 0.0430855, 0, 0, 0.00354216, 0.438169, 0, 0.729403, 0.287112, 0, 0.698209, 0.364532, 0, 0.111917, 0.73985
1.909, 0.0430966, 0, 0, 0.00354038, 0.438172, 0, 0.729393, 0.287113, 0, 0.697709, 0.363847, 0, 0.111978, 0.739819
1.912, 0.0430879, 0, 0, 0.00353463, 0.438156, 0, 0.729333, 0.287104, 0, 0.695235, 0.381171, 0, 0.111776, 0.739921
1.915, 0.0430985, 0, 0, 0.00353823, 0.438124, 0, 0.729303, 0.287088, 0, 0.700838, 0.38037, 0, 0.111864, 0.739905
1.919, 0.0431207, 0, 0, 0.00354103, 0.438122, 0, 0.729331, 0.287095, 0, 0.705449, 0.382257, 0, 0.111992, 0.739102
1.92, 0.0431196, 0, 0, 0.00354035, 0.438127, 0, 0.729337, 0.287098, 0, 0.705704, 0.381761, 0, 0.111979, 0.739829
1.924, 0.0431069, 0, 0, 0.00354378, 0.438158, 0, 0.729394, 0.287117, 0, 0.705551, 0.381863, 0, 0.111868, 0.739932
1.928, 0.043083, 0, 0, 0.00354515, 0.438175, 0, 0.729401, 0.287117, 0, 0.705736, 0.380163, 0, 0.111839, 0.739934
1.931, 0.0430414, 0, 0, 0.00354191, 0.438174, 0, 0.729356, 0.287109, 0, 0.715346, 0.379565, 0, 0.11176, 0.739949
1.938, 0.0430208, 0, 0, 0.00354994, 0.438167, 0, 0.729366, 0.287092, 0, 0.718104, 0.377652, 0, 0.111835, 0.73992
1.939, 0.0430109, 0, 0, 0.00355052, 0.438177, 0, 0.729381, 0.287098, 0, 0.718417, 0.377465, 0, 0.111824, 0.739936
1.942, 0.042983, 0, 0, 0.00355018, 0.438194, 0, 0.729396, 0.287105, 0, 0.719047, 0.376643, 0, 0.111781, 0.739959
1.945, 0.0429523, 0, 0, 0.00355017, 0.438193, 0, 0.729379, 0.287098, 0, 0.718247, 0.38101, 0, 0.111878, 0.739865
1.948, 0.0429313, 0, 0, 0.00355341, 0.438201, 0, 0.729392, 0.287097, 0, 0.718584, 0.379776, 0, 0.111787, 0.739956
1.951, 0.0429073, 0, 0, 0.00355485, 0.438211, 0, 0.729403, 0.287097, 0, 0.727597, 0.379207, 0, 0.111762, 0.739968
1.954, 0.0428795, 0, 0, 0.00355471, 0.438222, 0, 0.729407, 0.287099, 0, 0.727315, 0.378304, 0, 0.111863, 0.739875
1.957, 0.042857, 0, 0, 0.00355635, 0.438222, 0, 0.729402, 0.287094, 0, 0.727858, 0.3777, 0, 0.111753, 0.739971
1.961, 0.0428348, 0, 0, 0.00355959, 0.438227, 0, 0.729411, 0.28709, 0, 0.728508, 0.376511, 0, 0.11187, 0.739164
1.962, 0.0428256, 0, 0, 0.00355723, 0.438229, 0, 0.7294, 0.287091, 0, 0.728951, 0.376069, 0, 0.111836, 0.739893
1.966, 0.0428083, 0, 0, 0.00356016, 0.438233, 0, 0.729409, 0.287088, 0, 0.728962, 0.375777, 0, 0.111726, 0.739993
1.97, 0.0427932, 0, 0, 0.00356085, 0.43824, 0, 0.72941, 0.287087, 0, 0.729655, 0.374284, 0, 0.111772, 0.739955
1.973, 0.0427898, 0, 0, 0.00356242, 0.438243, 0, 0.729415, 0.287084, 0, 0.729365, 0.372702, 0, 0.111712, 0.740007
1.976, 0.0427869, 0, 0, 0.003563, 0.438249, 0, 0.729419, 0.287084, 0, 0.729408, 0.371734, 0, 0.111764, 0.739968
1.979, 0.0427889, 0, 0, 0.00356443, 0.438251, 0, 0.729421, 0.287082, 0, 0.729376, 0.370793, 0, 0.111695, 0.740021
1.98, 0.0427757, 0, 0, 0.00356398, 0.438245, 0, 0.7294, 0.287077, 0, 0.748918, 0.370328, 0, 0.111643, 0.740023
1.983, 0.0427987, 0, 0, 0.00356417, 0.43825, 0, 0.7294, 0.287062, 0, 0.750812, 0.365521, 0, 0.111768, 0.739952
1.986, 0.0428128, 0, 0, 0.0035656, 0.438283, 0, 0.729441, 0.287073, 0, 0.750845, 0.365214, 0, 0.111697, 0.740006
1.99, 0.0428301, 0, 0, 0.00356667, 0.438308, 0, 0.729458, 0.287075, 0, 0.75165, 0.364363, 0, 0.111711, 0.739991
1.993, 0.0428481, 0, 0, 0.00356787, 0.438321, 0, 0.729464, 0.287073, 0, 0.751799, 0.3637, 0, 0.111743, 0.739966
1.996, 0.0428702, 0, 0, 0.00357055, 0.438331, 0, 0.729475, 0.287071, 0, 0.751911, 0.363084, 0, 0.111814, 0.739202
2, 0.0428968, 0, 0, 0.00356958, 0.438341, 0, 0.729469, 0.287069, 0, 0.751863, 0.363222, 0, 0.111791, 0.739926
2.001, 0.0429056, 0, 0, 0.0035706, 0.438338, 0, 0.729467, 0.287065, 0, 0.751897, 0.363025, 0, 0.111735, 0.739978
2.008, 0.0429686, 0, 0, 0.00357493, 0.438449, 0, 0.729479, 0.28706, 0, 0.752199, 0.361747, 0, 0.111814, 0.739219
2.01, 0.0557628, 0, 0, 0, 0.151918, 0, 0.208677, 0.0599543, 0, 0.614907, 0.340533, 0, 0.0987332, 0.319783
2.013, 0.0395549, 0, 0, 0, 0.101434, 0, 0.217995, 0.0648544, 0, 0.61098, 0.346335, 0, 0.0776171, 0.296043
2.016, 0.0382089, 0, 0, 0, 0.086266, 0, 0.189173, 0.0538874, 0, 0.599351, 0.351254, 0, 0.0642217, 0.263874
2.019, 0.0400055, 0, 0, 0, 0.0765776, 0, 0.151419, 0.040071, 0, 0.590968, 0.354247, 0, 0.0514013, 0.233885
2.02, 0.0589175, 0, 0, 0, 0.0673025, 0, 0.143659, 0.0331638, 0, 0.593287, 0.350412, 0, 0.0564517, 0.200781
2.024, 0.0428645, 0, 0, 0, 0.0546654, 0, 0.0829357, 0.0229861, 0, 0.578745, 0.350591, 0, 0.0352882, 0.151356
2.028, 0.0430062, 0, 0, 0, 0.049035, 0, 0.062734, 0.011854, 0, 0.566156, 0.320065, 0, 0.0188287, 0.0993792
2.032, 0.0431956, 0, 0, 0, 0.0405201, 0, 0.0506019, 0.0080848, 0, 0.549698, 0.30784, 0, 0.0015934, 0.0338092
2.036, 0.0431498, 0, 0, 0, 0.0329045, 0, 0.0412755, 0.00425525, 0, 0.536181, 0.307965, 0, 0, 0.0193428
2.04, 0.0431486, 0, 0, 0, 0.018073, 0, 0.0315588, 0.00123588, 0, 0.525398, 0.307387, 0, 0, 0.0078823
2.044, 0.0432013, 0, 0, 0, 0.00254837, 0, 0.0279919, 0, 0, 0.515918, 0.308812, 0, 0, 0.0018037
2.049, 0.0431899, 0, 0, 0, 0, 0, 0.0198178, 0, 0, 0.499686, 0.302698, 0, 0, 0
2.053, 0.0431104, 0, 0, 0, 0, 0, 0.0172704, 0, 0, 0.492197, 0.302513, 0, 0, 0
2.057, 0.0430395, 0, 0, 0, 0, 0, 0.0136882, 0, 0, 0.484736, 0.299381, 0, 0, 0
2.061, 0.0429898, 0, 0, 0, 0, 0, 0.00628045, 0, 0, 0.477597, 0.300571, 0, 0, 0
2.065, 0.0429461, 0, 0, 0, 0, 0, 0, 0, 0, 0.470576, 0.297285, 0, 0, 0
2.07, 0.0428603, 0, 0, 0, 0, 0, 0, 0, 0, 0.45432, 0.293728, 0, 0, 0
2.074, 0.042791, 0, 0, 0, 0, 0, 0, 0, 0, 0.448979, 0.286818, 0, 0, 0
2.079, 0.0427179, 0, 0, 0, 0, 0, 0, 0, 0, 0.442223, 0.280428, 0, 0, 0
2.08, 0.0426797, 0, 0, 0, 0, 0, 0, 0, 0, 0.441023, 0.280733, 0, 0, 0
2.084, 0.0426398, 0, 0, 0, 0, 0, 0, 0, 0, 0.43704, 0.27943, 0, 0, 0
2.089, 0.0425737, 0, 0, 0, 0, 0, 0, 0, 0, 0.432668, 0.278958, 0, 0, 0
2.094, 0.0425262, 0, 0, 0, 0, 0, 0, 0, 0, 0.429494, 0.271809, 0, 0, 0
2.099, 0.0424674, 0, 0, 0, 0, 0, 0, 0, 0, 0.426447, 0.253612, 0, 0, 0
2.104, 0.042428, 0, 0, 0, 0, 0, 0, 0, 0, 0.424188, 0.278144, 0, 0, 0
2.114, 0.0421349, 0, 0, 0, 0, 0, 0, 0, 0, 0.545132, 0.272906, 0, 0, 0
2.115, 0.0424241, 0, 0, 0, 0, 0, 0, 0, 0, 0.542067, 0.276243, 0, 0, 0
2.119, 0.0423794, 0, 0, 0, 0, 0, 0, 0, 0, 0.568068, 0.284942, 0, 0, 0
2.124, 0.0424282, 0, 0, 0, 0, 0, 0, 0, 0, 0.557374, 0.295495, 0, 0, 0
2.129, 0.0424373, 0, 0, 0, 0, 0, 0, 0, 0, 0.553045, 0.301532, 0, 0, 0
2.134, 0.0423548, 0, 0, 0, 0, 0, 0, 0, 0, 0.595239, 0.31798, 0, 0, 0
2.139, 0.042509, 0, 0, 0, 0, 0, 0, 0, 0, 0.59728, 0.332741, 0, 0, 0
2.143, 0.0425879, 0, 0, 0, 0, 0, 0, 0, 0, 0.587349, 0.341692, 0, 0, 0
2.147, 0.0426562, 0, 0, 0, 0, 0, 0, 0, 0, 0.578152, 0.374472, 0, 0, 0
2.148, 0.0426402, 0, 0, 0, 0, 0, 0, 0, 0, 0.578441, 0.372418, 0, 0, 0
2.152, 0.140217, 0, 0, 0, 0, 0, 0, 0, 0, 0.564862, 0.39082, 0, 0, 0
2.156, 0.0437952, 0, 0, 0, 0, 0, 0, 0, 0, 0.536491, 0.392185, 0, 0, 0
2.166, 0.0402257, 0, 0, 0, 0, 0, 0, 0, 0, 0.477322, 0.437835, 0, 0, 0
2.171, 0.0412317, 0, 0, 0, 0, 0, 0, 0, 0, 0.44457, 0.437326, 0, 0, 0
2.176, 0.0417867, 0, 0, 0, 0, 0, 0, 0, 0, 0.409031, 0.431228, 0, 0, 0
2.18, 0.0421007, 0, 0, 0, 0, 0, 0, 0, 0, 0.3951, 0.463402, 0, 0, 0
2.185, 0.0424021, 0, 0, 0, 0, 0, 0, 0, 0, 0.376795, 0.44061, 0, 0, 0
2.186, 0.0424974, 0, 0, 0, 0, 0, 0, 0, 0, 0.376592, 0.439326, 0, 0, 0
2.191, 0.0426405, 0, 0, 0, 0, 0, 0, 0, 0, 0.362788, 0.407603, 0, 0, 0
2.196, 0.0427757, 0, 0, 0, 0, 0, 0, 0, 0, 0.301027, 0.376688, 0, 0, 0
2.201, 0.0428865, 0, 0, 0, 0, 0, 0, 0, 0, 0.282435, 0.323373, 0, 0, 0
2.205, 0.0419955, 0, 0, 0, 0, 0, 0, 0, 0, 0.264927, 0.273703, 0, 0, 0
2.21, 0.0428911, 0, 0, 0, 0, 0, 0, 0, 0, 0.243564, 0.262226, 0, 0, 0
2.215, 0.0295178, 0, 0, 0, 0, 0, 0, 0, 0, 0.223676, 0.206985, 0, 0, 0
2.22, 0.0248167, 0, 0, 0, 0, 0, 0, 0, 0, 0.218697, 0.227439, 0, 0, 0
2.229, 0.0397148, 0, 0, 0, 0, 0, 0, 0, 0, 0.206297, 0.189048, 0, 0, 0
2.234, 0.00785239, 0, 0, 0, 0, 0, 0, 0, 0, 0.19804, 0.182911, 0, 0, 0
2.238, 0.039594, 0, 0, 0, 0, 0, 0, 0, 0, 0.191662, 0.180241, 0, 0, 0
2.242, 0.0432948, 0, 0, 0, 0, 0, 0, 0, 0, 0.204408, 0.183009, 0, 0, 0
2.247, 0.0410574, 0, 0, 0, 0, 0, 0, 0, 0, 0.199015, 0.174105, 0, 0, 0
2.248, 0.0413761, 0, 0, 0, 0, 0, 0, 0, 0, 0.196911, 0.170421, 0, 0, 0
2.253, 0.0420546, 0, 0, 0, 0, 0, 0, 0, 0, 0.193897, 0.161636, 0, 0, 0
2.258, 0.0256556, 0, 0, 0, 0, 0, 0, 0, 0, 0.190103, 0.153745, 0, 0, 0
2.263, 0, 0, 0, 0, 0, 0, 0, 0, 0, 0.177661, 0.152816, 0, 0, 0
2.267, 0, 0, 0, 0, 0, 0, 0, 0, 0, 0.174832, 0.159173, 0, 0, 0
2.271, 0, 0, 0, 0, 0, 0, 0, 0, 0, 0.17226, 0.157049, 0, 0, 0
2.281, 0.0560504, 0, 0, 0, 0, 0, 0, 0, 0, 0.17631, 0.194478, 0, 0, 0
2.282, 0.0573643, 0, 0, 0, 0, 0, 0, 0, 0, 0.176558, 0.193513, 0, 0, 0
2.286, 0.0536791, 0, 0, 0, 0, 0, 0, 0, 0, 0.176137, 0.188699, 0, 0, 0
2.29, 0.0342296, 0, 0, 0, 0, 0, 0, 0, 0, 0.178745, 0.18629, 0, 0, 0
2.295, 0, 0, 0, 0, 0, 0, 0, 0, 0, 0.178245, 0.183098, 0, 0, 0
2.299, 0.00103349, 0, 0, 0, 0, 0, 0, 0, 0, 0.181327, 0.181409, 0, 0, 0
2.304, 0, 0, 0, 0, 0, 0, 0, 0, 0, 0.181099, 0.176721, 0, 0, 0
2.309, 0, 0, 0, 0, 0, 0, 0, 0, 0, 0.176513, 0.174641, 0, 0, 0
2.314, 0, 0, 0, 0, 0, 0, 0, 0, 0, 0.176148, 0.170303, 0, 0, 0
2.315, 0, 0, 0, 0, 0, 0, 0, 0, 0, 0.176583, 0.170383, 0, 0, 0
2.324, 0.0383638, 0, 0, 0, 0, 0, 0, 0, 0, 0.184337, 0.170085, 0, 0, 0
2.334, 0.0489415, 0, 0, 0, 0, 0, 0, 0, 0, 0.171475, 0.165495, 0, 0, 0
2.338, 0.0437957, 0, 0, 0, 0, 0, 0, 0, 0, 0.171905, 0.165622, 0, 0, 0
2.343, 0.0415632, 0, 0, 0, 0, 0, 0, 0, 0, 0.172012, 0.164029, 0, 0, 0
2.348, 0.0389038, 0, 0, 0, 0, 0, 0, 0, 0, 0.182555, 0.164455, 0, 0, 0
2.352, 0.0398542, 0, 0, 0, 0, 0, 0, 0, 0, 0.182688, 0.166481, 0, 0, 0
2.353, 0.0396581, 0, 0, 0, 0, 0, 0, 0, 0, 0.183576, 0.167231, 0, 0, 0
2.358, 0.0395925, 0, 0, 0, 0, 0, 0, 0, 0, 0.183259, 0.169561, 0, 0, 0
2.363, 0.0399597, 0, 0, 0, 0, 0, 0, 0, 0, 0.182174, 0.17176, 0, 0, 0
2.368, 0.0405728, 0, 0, 0, 0, 0, 0, 0, 0, 0.182382, 0.173148, 0, 0, 0
2.372, 0.0413968, 0, 0, 0, 0, 0, 0, 0, 0, 0.182924, 0.1741, 0, 0, 0
2.377, 0.0420252, 0, 0, 0, 0, 0, 0, 0, 0, 0.181674, 0.172573, 0, 0, 0
2.381, 0.0424501, 0, 0, 0, 0, 0, 0, 0, 0, 0.181118, 0.173064, 0, 0, 0
2.385, 0.0421698, 0, 0, 0, 0, 0, 0, 0, 0, 0.180623, 0.173384, 0, 0, 0
2.39, 0.0419977, 0, 0, 0, 0, 0, 0, 0, 0, 0.180089, 0.173781, 0, 0, 0
2.391, 0.0419725, 0, 0, 0, 0, 0, 0, 0, 0, 0.179996, 0.173846, 0, 0, 0
2.401, 0.0418006, 0, 0, 0, 0, 0, 0, 0, 0, 0.179185, 0.17437, 0, 0, 0
2.411, 0.0430118, 0, 0, 0, 0, 0, 0, 0, 0, 0.178647, 0.174648, 0, 0, 0
2.416, 0.041582, 0, 0, 0, 0, 0, 0, 0, 0, 0.178399, 0.174864, 0, 0, 0
2.421, 0.0417439, 0, 0, 0, 0, 0, 0, 0, 0, 0.178219, 0.174973, 0, 0, 0
2.426, 0.0417635, 0, 0, 0, 0, 0, 0, 0, 0, 0.178242, 0.174888, 0, 0, 0
2.431, 0.0419052, 0, 0, 0, 0, 0, 0, 0, 0, 0.177996, 0.175167, 0, 0, 0
2.432, 0.0419068, 0, 0, 0, 0, 0, 0, 0, 0, 0.177896, 0.175269, 0, 0, 0
2.436, 0.0419417, 0, 0, 0, 0, 0, 0, 0, 0, 0.177805, 0.175365, 0, 0, 0
2.44, 0.041993, 0, 0, 0, 0, 0, 0, 0, 0, 0.177727, 0.175453, 0, 0, 0
2.445, 0.0420599, 0, 0, 0, 0, 0, 0, 0, 0, 0.177645, 0.175558, 0, 0, 0
2.45, 0.0421238, 0, 0, 0, 0, 0, 0, 0, 0, 0.177595, 0.175636, 0, 0, 0
2.455, 0.0421831, 0, 0, 0, 0, 0, 0, 0, 0, 0.177482, 0.175779, 0, 0, 0
2.46, 0.0422361, 0, 0, 0, 0, 0, 0, 0, 0, 0.177425, 0.175869, 0, 0, 0
2.465, 0.0422802, 0, 0, 0, 0, 0, 0, 0, 0, 0.177361, 0.175981, 0, 0, 0
2.47, 0.0423157, 0, 0, 0, 0, 0, 0, 0, 0, 0.167934, 0.173558, 0, 0, 0
2.476, 0.0423412, 0, 0, 0, 0, 0, 0, 0, 0, 0.168211, 0.173274, 0, 0, 0
2.486, 0.0423509, 0, 0, 0, 0, 0, 0, 0, 0, 0.168523, 0.173049, 0, 0, 0
2.491, 0.0423412, 0, 0, 0, 0, 0, 0, 0, 0, 0.16868, 0.172962, 0, 0, 0
2.496, 0.0423241, 0, 0, 0, 0, 0, 0, 0, 0, 0.168838, 0.172904, 0, 0, 0
2.501, 0.0423015, 0, 0, 0, 0, 0, 0, 0, 0, 0.168978, 0.172856, 0, 0, 0
2.505, 0.042281, 0, 0, 0, 0, 0, 0, 0, 0, 0.169081, 0.17283, 0, 0, 0
2.51, 0.0422545, 0, 0, 0, 0, 0, 0, 0, 0, 0.169163, 0.172848, 0, 0, 0
2.515, 0.0422292, 0, 0, 0, 0, 0, 0, 0, 0, 0.169199, 0.172907, 0, 0, 0
2.516, 0.0422247, 0, 0, 0, 0, 0, 0, 0, 0, 0.169213, 0.17291, 0, 0, 0
2.521, 0.042204, 0, 0, 0, 0, 0, 0, 0, 0, 0.169293, 0.172916, 0, 0, 0
2.526, 0.0421894, 0, 0, 0, 0, 0, 0, 0, 0, 0.16937, 0.172919, 0, 0, 0
2.531, 0.0421827, 0, 0, 0, 0, 0, 0, 0, 0, 0.169444, 0.172921, 0, 0, 0
2.54, 0.0421937, 0, 0, 0, 0, 0, 0, 0, 0, 0.169564, 0.172924, 0, 0, 0
2.545, 0.0422135, 0, 0, 0, 0, 0, 0, 0, 0, 0.169626, 0.172924, 0, 0, 0
2.55, 0.0422428, 0, 0, 0, 0, 0, 0, 0, 0, 0.169615, 0.172992, 0, 0, 0
2.555, 0.0422804, 0, 0, 0, 0, 0, 0, 0, 0, 0.169658, 0.172999, 0, 0, 0
2.56, 0.0423252, 0, 0, 0, 0, 0, 0, 0, 0, 0.169706, 0.173023, 0, 0, 0
2.561, 0.0423348, 0, 0, 0, 0, 0, 0, 0, 0, 0.169715, 0.173024, 0, 0, 0
2.565, 0.0423752, 0, 0, 0, 0, 0, 0, 0, 0, 0.169735, 0.173011, 0, 0, 0
2.569, 0.0424175, 0, 0, 0, 0, 0, 0, 0, 0, 0.169764, 0.173013, 0, 0, 0
2.574, 0.0424711, 0, 0, 0, 0, 0, 0, 0, 0, 0.169807, 0.173039, 0, 0, 0
2.579, 0.042523, 0, 0, 0, 0, 0, 0, 0, 0, 0.169836, 0.173049, 0, 0, 0
2.584, 0.0425707, 0, 0, 0, 0, 0, 0, 0, 0, 0.16987, 0.173052, 0, 0, 0
2.589, 0.0426118, 0, 0, 0, 0, 0, 0, 0, 0, 0.169902, 0.173056, 0, 0, 0
2.594, 0.042644, 0, 0, 0, 0, 0, 0, 0, 0, 0.169933, 0.173059, 0, 0, 0
2.599, 0.0426656, 0, 0, 0, 0, 0, 0, 0, 0, 0.169963, 0.173061, 0, 0, 0
2.6, 0.0426681, 0, 0, 0, 0, 0, 0, 0, 0, 0.169943, 0.173089, 0, 0, 0
2.605, 0.0426759, 0, 0, 0, 0, 0, 0, 0, 0, 0.169966, 0.173094, 0, 0, 0
2.615, 0.0426534, 0, 0, 0, 0, 0, 0, 0, 0, 0.170012, 0.173101, 0, 0, 0
2.62, 0.0426246, 0, 0, 0, 0, 0, 0, 0, 0, 0.170035, 0.173102, 0, 0, 0
2.625, 0.0425856, 0, 0, 0, 0, 0, 0, 0, 0, 0.170056, 0.173103, 0, 0, 0
2.63, 0.0425386, 0, 0, 0, 0, 0, 0, 0, 0, 0.169961, 0.173219, 0, 0, 0
2.635, 0.0424863, 0, 0, 0, 0, 0, 0, 0, 0, 0.181068, 0.176107, 0, 0, 0
2.639, 0.0424392, 0, 0, 0, 0, 0, 0, 0, 0, 0.169754, 0.173537, 0, 0, 0
2.64, 0.0424284, 0, 0, 0, 0, 0, 0, 0, 0, 0.169757, 0.173535, 0, 0, 0
2.645, 0.0423711, 0, 0, 0, 0, 0, 0, 0, 0, 0.169777, 0.173521, 0, 0, 0
2.65, 0.0423156, 0, 0, 0, 0, 0, 0, 0, 0, 0.169741, 0.173589, 0, 0, 0
2.655, 0.0422644, 0, 0, 0, 0, 0, 0, 0, 0, 0.169654, 0.173728, 0, 0, 0
2.659, 0.0422286, 0, 0, 0, 0, 0, 0, 0, 0, 0.169674, 0.173713, 0, 0, 0
2.664, 0.0421911, 0, 0, 0, 0, 0, 0, 0, 0, 0.169596, 0.17384, 0, 0, 0
2.669, 0.0421643, 0, 0, 0, 0, 0, 0, 0, 0, 0.169629, 0.17381, 0, 0, 0
2.679, 0.0421426, 0, 0, 0, 0, 0, 0, 0, 0, 0.180838, 0.176632, 0, 0, 0
2.684, 0.042156, 0, 0, 0, 0, 0, 0, 0, 0, 0.169531, 0.173997, 0, 0, 0
2.685, 0.0421596, 0, 0, 0, 0, 0, 0, 0, 0, 0.169539, 0.173987, 0, 0, 0
2.69, 0.0421886, 0, 0, 0, 0, 0, 0, 0, 0, 0.169477, 0.174093, 0, 0, 0
2.695, 0.0422192, 0, 0, 0, 0, 0, 0, 0, 0, 0.18077, 0.17679, 0, 0, 0
2.7, 0.0422706, 0, 0, 0, 0, 0, 0, 0, 0, 0.169465, 0.174138, 0, 0, 0
2.705, 0.0423329, 0, 0, 0, 0, 0, 0, 0, 0, 0.169409, 0.174233, 0, 0, 0
2.71, 0.0423947, 0, 0, 0, 0, 0, 0, 0, 0, 0.169461, 0.174169, 0, 0, 0
2.715, 0.0424647, 0, 0, 0, 0, 0, 0, 0, 0, 0.169409, 0.174257, 0, 0, 0
2.72, 0.042542, 0, 0, 0, 0, 0, 0, 0, 0, 0.169358, 0.174343, 0, 0, 0
2.725, 0.0426113, 0, 0, 0, 0, 0, 0, 0, 0, 0.169416, 0.174271, 0, 0, 0
2.73, 0.0426802, 0, 0, 0, 0, 0, 0, 0, 0, 0.169313, 0.174426, 0, 0, 0
2.731, 0.0426942, 0, 0, 0, 0, 0, 0, 0, 0, 0.169325, 0.17441, 0, 0, 0
2.736, 0.0427569, 0, 0, 0, 0, 0, 0, 0, 0, 0.169436, 0.174285, 0, 0, 0
2.741, 0.0428103, 0, 0, 0, 0, 0, 0, 0, 0, 0.169343, 0.174431, 0, 0, 0
2.751, 0.0428858, 0, 0, 0, 0, 0, 0, 0, 0, 0.169319, 0.17449, 0, 0, 0
2.756, 0.0429058, 0, 0, 0, 0, 0, 0, 0, 0, 0.169388, 0.174403, 0, 0, 0
2.76, 0.0429112, 0, 0, 0, 0, 0, 0, 0, 0, 0.169336, 0.174486, 0, 0, 0
2.765, 0.042908, 0, 0, 0, 0, 0, 0, 0, 0, 0.169298, 0.174549, 0, 0, 0
2.77, 0.0428914, 0, 0, 0, 0, 0, 0, 0, 0, 0.180563, 0.177264, 0, 0, 0
2.775, 0.0428704, 0, 0, 0, 0, 0, 0, 0, 0, 0.169229, 0.174642, 0, 0, 0
2.776, 0.0428649, 0, 0, 0, 0, 0, 0, 0, 0, 0.169242, 0.174624, 0, 0, 0
2.78, 0.0428403, 0, 0, 0, 0, 0, 0, 0, 0, 0.18048, 0.177389, 0, 0, 0
2.785, 0.0428034, 0, 0, 0, 0, 0, 0, 0, 0, 0.169206, 0.174684, 0, 0, 0
2.79, 0.0427662, 0, 0, 0, 0, 0, 0, 0, 0, 0.180456, 0.17743, 0, 0, 0
2.795, 0.0427276, 0, 0, 0, 0, 0, 0, 0, 0, 0.169137, 0.174793, 0, 0, 0
2.8, 0.0426935, 0, 0, 0, 0, 0, 0, 0, 0, 0.169213, 0.174691, 0, 0, 0
2.805, 0.042668, 0, 0, 0, 0, 0, 0, 0, 0, 0.169075, 0.174894, 0, 0, 0
2.811, 0.0426406, 0, 0, 0, 0, 0, 0, 0, 0, 0.169169, 0.174767, 0, 0, 0
2.815, 0.042635, 0, 0, 0, 0, 0, 0, 0, 0, 0.169073, 0.174911, 0, 0, 0
2.82, 0.0426296, 0, 0, 0, 0, 0, 0, 0, 0, 0.180224, 0.17778, 0, 0, 0
2.825, 0.0426376, 0, 0, 0, 0, 0, 0, 0, 0, 0.188245, 0.180198, 0, 0, 0
2.83, 0.0426568, 0, 0, 0, 0, 0, 0, 0, 0, 0.187809, 0.180738, 0, 0, 0
2.835, 0.0426849, 0, 0, 0, 0, 0, 0, 0, 0, 0.187506, 0.181232, 0, 0, 0
2.84, 0.0427206, 0, 0, 0, 0, 0, 0, 0, 0, 0.187123, 0.181654, 0, 0, 0
2.845, 0.0427623, 0, 0, 0, 0, 0, 0, 0, 0, 0.186768, 0.182034, 0, 0, 0
2.849, 0.0427989, 0, 0, 0, 0, 0, 0, 0, 0, 0.186275, 0.182536, 0, 0, 0
2.85, 0.042808, 0, 0, 0, 0, 0, 0, 0, 0, 0.1862, 0.182608, 0, 0, 0
2.855, 0.0428538, 0, 0, 0, 0, 0, 0, 0, 0, 0.185845, 0.182949, 0, 0, 0
2.86, 0.0428982, 0, 0, 0, 0, 0, 0, 0, 0, 0.18551, 0.183263, 0, 0, 0
2.865, 0.042938, 0, 0, 0, 0, 0, 0, 0, 0, 0.185198, 0.18355, 0, 0, 0
2.87, 0.0429708, 0, 0, 0, 0, 0, 0, 0, 0, 0.184869, 0.183866, 0, 0, 0
2.88, 0.0430064, 0, 0, 0, 0, 0, 0, 0, 0, 0.184311, 0.184371, 0, 0, 0
2.885, 0.0430061, 0, 0, 0, 0, 0, 0, 0, 0, 0.184048, 0.18461, 0, 0, 0
2.89, 0.0429929, 0, 0, 0, 0, 0, 0, 0, 0, 0.183793, 0.184843, 0, 0, 0
2.895, 0.0429668, 0, 0, 0, 0, 0, 0, 0, 0, 0.183544, 0.185072, 0, 0, 0
2.896, 0.0429601, 0, 0, 0, 0, 0, 0, 0, 0, 0.183495, 0.185117, 0, 0, 0
2.901, 0.0429195, 0, 0, 0, 0, 0, 0, 0, 0, 0.183252, 0.185344, 0, 0, 0
2.906, 0.0428686, 0, 0, 0, 0, 0, 0, 0, 0, 0.183013, 0.185569, 0, 0, 0
2.911, 0.0428093, 0, 0, 0, 0, 0, 0, 0, 0, 0.182776, 0.185794, 0, 0, 0
2.916, 0.0427442, 0, 0, 0, 0, 0, 0, 0, 0, 0.182542, 0.186019, 0, 0, 0
2.921, 0.0426759, 0, 0, 0, 0, 0, 0, 0, 0, 0.182311, 0.186248, 0, 0, 0
2.925, 0.0426209, 0, 0, 0, 0, 0, 0, 0, 0, 0.182126, 0.186428, 0, 0, 0
2.93, 0.0425541, 0, 0, 0, 0, 0, 0, 0, 0, 0.181898, 0.186654, 0, 0, 0
2.935, 0.0424922, 0, 0, 0, 0, 0, 0, 0, 0, 0.183011, 0.187249, 0, 0, 0
2.941, 0.0424273, 0, 0, 0, 0, 0, 0, 0, 0, 0.182695, 0.187568, 0, 0, 0
2.951, 0.0423525, 0, 0, 0, 0, 0, 0, 0, 0, 0.182184, 0.188081, 0, 0, 0
2.956, 0.0423337, 0, 0, 0, 0, 0, 0, 0, 0, 0.181934, 0.188327, 0, 0, 0
2.96, 0.0423286, 0, 0, 0, 0, 0, 0, 0, 0, 0.181737, 0.188521, 0, 0, 0
2.965, 0.0423349, 0, 0, 0, 0, 0, 0, 0, 0, 0.181493, 0.18876, 0, 0, 0
2.97, 0.0423551, 0, 0, 0, 0, 0, 0, 0, 0, 0.181251, 0.188997, 0, 0, 0
2.975, 0.0423886, 0, 0, 0, 0, 0, 0, 0, 0, 0.180883, 0.189198, 0, 0, 0
2.976, 0.0423965, 0, 0, 0, 0, 0, 0, 0, 0, 0.181631, 0.189464, 0, 0, 0
2.981, 0.0424446, 0, 0, 0, 0, 0, 0, 0, 0, 0.181461, 0.189744, 0, 0, 0
2.986, 0.0425026, 0, 0, 0, 0, 0, 0, 0, 0, 0.181288, 0.190019, 0, 0, 0
2.991, 0.0425686, 0, 0, 0, 0, 0, 0, 0, 0, 0.180668, 0.18993, 0, 0, 0
2.996, 0.0426404, 0, 0, 0, 0, 0, 0, 0, 0, 0.1804, 0.190184, 0, 0, 0
3.001, 0.0427148, 0, 0, 0, 0, 0, 0, 0, 0, 0.180363, 0.190418, 0, 0, 0
3.006, 0.0427889, 0, 0, 0, 0, 0, 0, 0, 0, 0.180735, 0.190728, 0, 0, 0
3.016, 0.0429259, 0, 0, 0, 0, 0, 0, 0, 0, 0.180299, 0.191199, 0, 0, 0
3.021, 0.0429832, 0, 0, 0, 0, 0, 0, 0, 0, 0.18009, 0.191411, 0, 0, 0
3.022, 0.0429934, 0, 0, 0, 0, 0, 0, 0, 0, 0.180048, 0.191453, 0, 0, 0
3.027, 0.0430378, 0, 0, 0, 0, 0, 0, 0, 0, 0.179839, 0.191662, 0, 0, 0
3.032, 0.0430697, 0, 0, 0, 0, 0, 0, 0, 0, 0.179149, 0.191898, 0, 0, 0
3.036, 0.0430861, 0, 0, 0, 0, 0, 0, 0, 0, 0.179779, 0.192275, 0, 0, 0
3.04, 0.0430939, 0, 0, 0, 0, 0, 0, 0, 0, 0.172022, 0.190626, 0, 0, 0
3.044, 0.043094, 0, 0, 0, 0, 0, 0, 0, 0, 0.179612, 0.19238, 0, 0, 0
3.049, 0.0430811, 0, 0, 0, 0, 0, 0, 0, 0, 0.179373, 0.192639, 0, 0, 0
3.053, 0.0430642, 0, 0, 0, 0, 0, 0, 0, 0, 0.179175, 0.192846, 0, 0, 0
3.057, 0.0430413, 0, 0, 0, 0, 0, 0, 0, 0, 0.178975, 0.193053, 0, 0, 0
3.058, 0.0430348, 0, 0, 0, 0, 0, 0, 0, 0, 0.178925, 0.193105, 0, 0, 0
3.063, 0.0430071, 0, 0, 0, 0, 0, 0, 0, 0, 0.178883, 0.193103, 0, 0, 0
3.068, 0.0429575, 0, 0, 0, 0, 0, 0, 0, 0, 0.178639, 0.193382, 0, 0, 0
3.078, 0.0428757, 0, 0, 0, 0, 0, 0, 0, 0, 0.178352, 0.193676, 0, 0, 0
3.083, 0.0428484, 0, 0, 0, 0, 0, 0, 0, 0, 0.178209, 0.193831, 0, 0, 0
3.088, 0.0428112, 0, 0, 0, 0, 0, 0, 0, 0, 0.178026, 0.194051, 0, 0, 0
3.093, 0.0427899, 0, 0, 0, 0, 0, 0, 0, 0, 0.171086, 0.192695, 0, 0, 0
3.098, 0.042777, 0, 0, 0, 0, 0, 0, 0, 0, 0.178312, 0.194685, 0, 0, 0
3.103, 0.0427773, 0, 0, 0, 0, 0, 0, 0, 0, 0.170731, 0.193139, 0, 0, 0
3.104, 0.0427784, 0, 0, 0, 0, 0, 0, 0, 0, 0.170732, 0.193137, 0, 0, 0
3.109, 0.0427882, 0, 0, 0, 0, 0, 0, 0, 0, 0.178095, 0.195166, 0, 0, 0
3.114, 0.0428111, 0, 0, 0, 0, 0, 0, 0, 0, 0.170544, 0.19362, 0, 0, 0
3.119, 0.0428395, 0, 0, 0, 0, 0, 0, 0, 0, 0.177772, 0.195528, 0, 0, 0
3.124, 0.0428781, 0, 0, 0, 0, 0, 0, 0, 0, 0.170462, 0.193964, 0, 0, 0
3.129, 0.0429182, 0, 0, 0, 0, 0, 0, 0, 0, 0.177616, 0.195937, 0, 0, 0
3.134, 0.0429637, 0, 0, 0, 0, 0, 0, 0, 0, 0.170174, 0.194332, 0, 0, 0
3.139, 0.0430051, 0, 0, 0, 0, 0, 0, 0, 0, 0.177359, 0.196236, 0, 0, 0
3.145, 0.0430538, 0, 0, 0, 0, 0, 0, 0, 0, 0.169951, 0.194632, 0, 0, 0
3.15, 0.0430843, 0, 0, 0, 0, 0, 0, 0, 0, 0.177062, 0.196596, 0, 0, 0
3.154, 0.0431052, 0, 0, 0, 0, 0, 0, 0, 0, 0.169725, 0.194934, 0, 0, 0
3.159, 0.0431179, 0, 0, 0, 0, 0, 0, 0, 0, 0.176921, 0.196771, 0, 0, 0
3.164, 0.0431215, 0, 0, 0, 0, 0, 0, 0, 0, 0.169392, 0.195133, 0, 0, 0
3.169, 0.0431016, 0, 0, 0, 0, 0, 0, 0, 0, 0.169349, 0.195337, 0, 0, 0
3.174, 0.0430936, 0, 0, 0, 0, 0, 0, 0, 0, 0.176615, 0.197041, 0, 0, 0
3.179, 0.0430567, 0, 0, 0, 0, 0, 0, 0, 0, 0.176524, 0.197168, 0, 0, 0
3.184, 0.0430009, 0, 0, 0, 0, 0, 0, 0, 0, 0.169203, 0.195588, 0, 0, 0
3.185, 0.0429899, 0, 0, 0, 0, 0, 0, 0, 0, 0.169207, 0.195589, 0, 0, 0
3.19, 0.0429298, 0, 0, 0, 0, 0, 0, 0, 0, 0.169125, 0.19572, 0, 0, 0
3.195, 0.0428704, 0, 0, 0, 0, 0, 0, 0, 0, 0.176306, 0.197492, 0, 0, 0
3.2, 0.0427918, 0, 0, 0, 0, 0, 0, 0, 0, 0.169011, 0.195918, 0, 0, 0
3.205, 0.0427103, 0, 0, 0, 0, 0, 0, 0, 0, 0.168928, 0.196056, 0, 0, 0
3.21, 0.0426553, 0, 0, 0, 0, 0, 0, 0, 0, 0.176133, 0.197768, 0, 0, 0
3.214, 0.0425937, 0, 0, 0, 0, 0, 0, 0, 0, 0.168855, 0.196197, 0, 0, 0
3.218, 0.0425439, 0, 0, 0, 0, 0, 0, 0, 0, 0.168868, 0.196207, 0, 0, 0
3.224, 0.0424796, 0, 0, 0, 0, 0, 0, 0, 0, 0.168785, 0.196347, 0, 0, 0
3.229, 0.0424291, 0, 0, 0, 0, 0, 0, 0, 0, 0.1687, 0.196488, 0, 0, 0
3.234, 0.0424086, 0, 0, 0, 0, 0, 0, 0, 0, 0.168661, 0.196465, 0, 0, 0
3.239, 0.0423927, 0, 0, 0, 0, 0, 0, 0, 0, 0.175815, 0.198271, 0, 0, 0
3.244, 0.0423917, 0, 0, 0, 0, 0, 0, 0, 0, 0.168571, 0.196618, 0, 0, 0
3.249, 0.0423969, 0, 0, 0, 0, 0, 0, 0, 0, 0.168525, 0.196696, 0, 0, 0
3.254, 0.042424, 0, 0, 0, 0, 0, 0, 0, 0, 0.168491, 0.196761, 0, 0, 0
3.259, 0.0424794, 0, 0, 0, 0, 0, 0, 0, 0, 0.175674, 0.198503, 0, 0, 0
3.263, 0.0425122, 0, 0, 0, 0, 0, 0, 0, 0, 0.168444, 0.196845, 0, 0, 0
3.267, 0.0425515, 0, 0, 0, 0, 0, 0, 0, 0, 0.168398, 0.19692, 0, 0, 0
3.268, 0.0425706, 0, 0, 0, 0, 0, 0, 0, 0, 0.168397, 0.196922, 0, 0, 0
3.273, 0.0426465, 0, 0, 0, 0, 0, 0, 0, 0, 0.176426, 0.198926, 0, 0, 0
3.278, 0.0427121, 0, 0, 0, 0, 0, 0, 0, 0, 0.176312, 0.199083, 0, 0, 0
3.288, 0.0428607, 0, 0, 0, 0, 0, 0, 0, 0, 0.168971, 0.197563, 0, 0, 0
3.298, 0.0430057, 0, 0, 0, 0, 0, 0, 0, 0, 0.17604, 0.199418, 0, 0, 0
3.302, 0.0430436, 0, 0, 0, 0, 0, 0, 0, 0, 0.168787, 0.197785, 0, 0, 0
3.306, 0.043074, 0, 0, 0, 0, 0, 0, 0, 0, 0.168703, 0.197891, 0, 0, 0
3.307, 0.04309, 0, 0, 0, 0, 0, 0, 0, 0, 0.168706, 0.197884, 0, 0, 0
3.312, 0.0431265, 0, 0, 0, 0, 0, 0, 0, 0, 0.175836, 0.199662, 0, 0, 0
3.317, 0.0431564, 0, 0, 0, 0, 0, 0, 0, 0, 0.175809, 0.199688, 0, 0, 0
3.322, 0.0431576, 0, 0, 0, 0, 0, 0, 0, 0, 0.168581, 0.198026, 0, 0, 0
3.327, 0.0431443, 0, 0, 0, 0, 0, 0, 0, 0, 0.168471, 0.198167, 0, 0, 0
3.332, 0.043137, 0, 0, 0, 0, 0, 0, 0, 0, 0.168502, 0.198115, 0, 0, 0
3.336, 0.043115, 0, 0, 0, 0, 0, 0, 0, 0, 0.175593, 0.199947, 0, 0, 0
3.341, 0.0430834, 0, 0, 0, 0, 0, 0, 0, 0, 0.168429, 0.198205, 0, 0, 0
3.346, 0.0430352, 0, 0, 0, 0, 0, 0, 0, 0, 0.16833, 0.198336, 0, 0, 0
3.351, 0.0430018, 0, 0, 0, 0, 0, 0, 0, 0, 0.168372, 0.198274, 0, 0, 0
3.356, 0.0429578, 0, 0, 0, 0, 0, 0, 0, 0, 0.16828, 0.198395, 0, 0, 0
3.361, 0.0429263, 0, 0, 0, 0, 0, 0, 0, 0, 0.175475, 0.20008, 0, 0, 0
3.365, 0.0428974, 0, 0, 0, 0, 0, 0, 0, 0, 0.17542, 0.200151, 0, 0, 0
3.369, 0.0428734, 0, 0, 0, 0, 0, 0, 0, 0, 0.175427, 0.200145, 0, 0, 0
3.374, 0.0428428, 0, 0, 0, 0, 0, 0, 0, 0, 0.171652, 0.198447, 0, 0, 0
3.379, 0.0428206, 0, 0, 0, 0, 0, 0, 0, 0, 0.171568, 0.198561, 0, 0, 0
3.384, 0.0428268, 0, 0, 0, 0, 0, 0, 0, 0, 0.171648, 0.198485, 0, 0, 0
3.389, 0.0428334, 0, 0, 0, 0, 0, 0, 0, 0, 0.171566, 0.198593, 0, 0, 0
3.39, 0.0428374, 0, 0, 0, 0, 0, 0, 0, 0, 0.171582, 0.198576, 0, 0, 0
3.394, 0.0428601, 0, 0, 0, 0, 0, 0, 0, 0, 0.178805, 0.200267, 0, 0, 0
3.399, 0.0428798, 0, 0, 0, 0, 0, 0, 0, 0, 0.171519, 0.198855, 0, 0, 0
3.404, 0.0429143, 0, 0, 0, 0, 0, 0, 0, 0, 0.171585, 0.198815, 0, 0, 0
3.409, 0.042954, 0, 0, 0, 0, 0, 0, 0, 0, 0.171647, 0.198786, 0, 0, 0
3.413, 0.0429795, 0, 0, 0, 0, 0, 0, 0, 0, 0.171585, 0.198887, 0, 0, 0
3.418, 0.0430315, 0, 0, 0, 0, 0, 0, 0, 0, 0.171642, 0.19885, 0, 0, 0
3.428, 0.0431068, 0, 0, 0, 0, 0, 0, 0, 0, 0.171639, 0.198917, 0, 0, 0
3.429, 0.0431143, 0, 0, 0, 0, 0, 0, 0, 0, 0.171649, 0.198909, 0, 0, 0
3.434, 0.0431409, 0, 0, 0, 0, 0, 0, 0, 0, 0.1717, 0.198876, 0, 0, 0
3.439, 0.0431644, 0, 0, 0, 0, 0, 0, 0, 0, 0.17889, 0.200589, 0, 0, 0
3.444, 0.0431614, 0, 0, 0, 0, 0, 0, 0, 0, 0.171687, 0.198937, 0, 0, 0
3.449, 0.0431525, 0, 0, 0, 0, 0, 0, 0, 0, 0.171734, 0.198904, 0, 0, 0
3.454, 0.043138, 0, 0, 0, 0, 0, 0, 0, 0, 0.178866, 0.200673, 0, 0, 0
3.459, 0.0430955, 0, 0, 0, 0, 0, 0, 0, 0, 0.171719, 0.198955, 0, 0, 0
3.464, 0.0430482, 0, 0, 0, 0, 0, 0, 0, 0, 0.171711, 0.198979, 0, 0, 0
3.469, 0.0429909, 0, 0, 0, 0, 0, 0, 0, 0, 0.171703, 0.198999, 0, 0, 0
3.474, 0.0429244, 0, 0, 0, 0, 0, 0, 0, 0, 0.171696, 0.19902, 0, 0, 0
3.475, 0.0429115, 0, 0, 0, 0, 0, 0, 0, 0, 0.171705, 0.199012, 0, 0, 0
3.48, 0.0428397, 0, 0, 0, 0, 0, 0, 0, 0, 0.171699, 0.199029, 0, 0, 0
3.485, 0.0427648, 0, 0, 0, 0, 0, 0, 0, 0, 0.171692, 0.199047, 0, 0, 0
3.489, 0.0426996, 0, 0, 0, 0, 0, 0, 0, 0, 0.171676, 0.199073, 0, 0, 0
3.498, 0.0425846, 0, 0, 0, 0, 0, 0, 0, 0, 0.17171, 0.199049, 0, 0, 0
3.503, 0.0425264, 0, 0, 0, 0, 0, 0, 0, 0, 0.171652, 0.199118, 0, 0, 0
3.508, 0.0424786, 0, 0, 0, 0, 0, 0, 0, 0, 0.171703, 0.199068, 0, 0, 0
3.513, 0.0424338, 0, 0, 0, 0, 0, 0, 0, 0, 0.171646, 0.199145, 0, 0, 0
3.514, 0.0424358, 0, 0, 0, 0, 0, 0, 0, 0, 0.171656, 0.199133, 0, 0, 0
3.519, 0.042425, 0, 0, 0, 0, 0, 0, 0, 0, 0.178844, 0.200827, 0, 0, 0
3.523, 0.0424194, 0, 0, 0, 0, 0, 0, 0, 0, 0.178831, 0.200847, 0, 0, 0
3.528, 0.042418, 0, 0, 0, 0, 0, 0, 0, 0, 0.171692, 0.19911, 0, 0, 0
3.533, 0.0424461, 0, 0, 0, 0, 0, 0, 0, 0, 0.178827, 0.200864, 0, 0, 0
3.538, 0.0424727, 0, 0, 0, 0, 0, 0, 0, 0, 0.171689, 0.199126, 0, 0, 0
3.543, 0.0425191, 0, 0, 0, 0, 0, 0, 0, 0, 0.171634, 0.199189, 0, 0, 0
3.548, 0.0425765, 0, 0, 0, 0, 0, 0, 0, 0, 0.171689, 0.199133, 0, 0, 0
3.554, 0.0426561, 0, 0, 0, 0, 0, 0, 0, 0, 0.171645, 0.199189, 0, 0, 0
3.559, 0.0427365, 0, 0, 0, 0, 0, 0, 0, 0, 0.178836, 0.200881, 0, 0, 0
3.563, 0.0427815, 0, 0, 0, 0, 0, 0, 0, 0, 0.171634, 0.199213, 0, 0, 0
3.568, 0.0428721, 0, 0, 0, 0, 0, 0, 0, 0, 0.178826, 0.200903, 0, 0, 0
3.573, 0.0429294, 0, 0, 0, 0, 0, 0, 0, 0, 0.171635, 0.199222, 0, 0, 0
3.578, 0.0430116, 0, 0, 0, 0, 0, 0, 0, 0, 0.178827, 0.200911, 0, 0, 0
3.583, 0.0430628, 0, 0, 0, 0, 0, 0, 0, 0, 0.171637, 0.199222, 0, 0, 0
3.587, 0.0431022, 0, 0, 0, 0, 0, 0, 0, 0, 0.171682, 0.199177, 0, 0, 0
3.588, 0.0431108, 0, 0, 0, 0, 0, 0, 0, 0, 0.171693, 0.199167, 0, 0, 0
3.593, 0.0431469, 0, 0, 0, 0, 0, 0, 0, 0, 0.17164, 0.19923, 0, 0, 0
3.598, 0.0431623, 0, 0, 0, 0, 0, 0, 0, 0, 0.171641, 0.199234, 0, 0, 0
3.603, 0.0431782, 0, 0, 0, 0, 0, 0, 0, 0, 0.171643, 0.199236, 0, 0, 0
3.608, 0.0431744, 0, 0, 0, 0, 0, 0, 0, 0, 0.171644, 0.199238, 0, 0, 0
3.613, 0.0431509, 0, 0, 0, 0, 0, 0, 0, 0, 0.171592, 0.199299, 0, 0, 0
3.618, 0.0431334, 0, 0, 0, 0, 0, 0, 0, 0, 0.171649, 0.199232, 0, 0, 0
3.623, 0.0430986, 0, 0, 0, 0, 0, 0, 0, 0, 0.178789, 0.200987, 0, 0, 0
3.633, 0.0430069, 0, 0, 0, 0, 0, 0, 0, 0, 0.171602, 0.1993, 0, 0, 0
3.634, 0.0430057, 0, 0, 0, 0, 0, 0, 0, 0, 0.171613, 0.199285, 0, 0, 0
3.638, 0.0429728, 0, 0, 0, 0, 0, 0, 0, 0, 0.171659, 0.199235, 0, 0, 0
3.643, 0.0429239, 0, 0, 0, 0, 0, 0, 0, 0, 0.171607, 0.1993, 0, 0, 0
3.648, 0.0428979, 0, 0, 0, 0, 0, 0, 0, 0, 0.171664, 0.199236, 0, 0, 0
3.652, 0.0428751, 0, 0, 0, 0, 0, 0, 0, 0, 0.171655, 0.199249, 0, 0, 0
3.657, 0.0428552, 0, 0, 0, 0, 0, 0, 0, 0, 0.171657, 0.199248, 0, 0, 0
3.662, 0.0428526, 0, 0, 0, 0, 0, 0, 0, 0, 0.1788, 0.200997, 0, 0, 0
3.667, 0.0428457, 0, 0, 0, 0, 0, 0, 0, 0, 0.171663, 0.199246, 0, 0, 0
3.672, 0.0428567, 0, 0, 0, 0, 0, 0, 0, 0, 0.171612, 0.199302, 0, 0, 0
3.673, 0.0428603, 0, 0, 0, 0, 0, 0, 0, 0, 0.171623, 0.199288, 0, 0, 0
3.678, 0.0428905, 0, 0, 0, 0, 0, 0, 0, 0, 0.178822, 0.200978, 0, 0, 0
3.683, 0.0429141, 0, 0, 0, 0, 0, 0, 0, 0, 0.17163, 0.199286, 0, 0, 0
3.688, 0.0429516, 0, 0, 0, 0, 0, 0, 0, 0, 0.178774, 0.201037, 0, 0, 0
3.693, 0.0429934, 0, 0, 0, 0, 0, 0, 0, 0, 0.171637, 0.199279, 0, 0, 0
3.703, 0.0430777, 0, 0, 0, 0, 0, 0, 0, 0, 0.171644, 0.199276, 0, 0, 0
3.708, 0.0431145, 0, 0, 0, 0, 0, 0, 0, 0, 0.171648, 0.199276, 0, 0, 0
3.713, 0.0431448, 0, 0, 0, 0, 0, 0, 0, 0, 0.171651, 0.199273, 0, 0, 0
3.718, 0.0431655, 0, 0, 0, 0, 0, 0, 0, 0, 0.171601, 0.199326, 0, 0, 0
3.719, 0.0431686, 0, 0, 0, 0, 0, 0, 0, 0, 0.171613, 0.199312, 0, 0, 0
3.723, 0.043175, 0, 0, 0, 0, 0, 0, 0, 0, 0.17166, 0.199262, 0, 0, 0
3.728, 0.0431706, 0, 0, 0, 0, 0, 0, 0, 0, 0.171609, 0.199322, 0, 0, 0
3.733, 0.0431631, 0, 0, 0, 0, 0, 0, 0, 0, 0.17881, 0.201009, 0, 0, 0
3.738, 0.0431248, 0, 0, 0, 0, 0, 0, 0, 0, 0.171617, 0.199316, 0, 0, 0
3.743, 0.0430836, 0, 0, 0, 0, 0, 0, 0, 0, 0.178765, 0.201064, 0, 0, 0
3.748, 0.0430305, 0, 0, 0, 0, 0, 0, 0, 0, 0.171626, 0.199303, 0, 0, 0
3.753, 0.0429752, 0, 0, 0, 0, 0, 0, 0, 0, 0.178829, 0.200994, 0, 0, 0
3.758, 0.0428985, 0, 0, 0, 0, 0, 0, 0, 0, 0.171581, 0.199354, 0, 0, 0
3.764, 0.0428101, 0, 0, 0, 0, 0, 0, 0, 0, 0.171653, 0.199273, 0, 0, 0
3.769, 0.0427345, 0, 0, 0, 0, 0, 0, 0, 0, 0.178747, 0.201089, 0, 0, 0
3.774, 0.0426641, 0, 0, 0, 0, 0, 0, 0, 0, 0.171608, 0.199323, 0, 0, 0
3.779, 0.042597, 0, 0, 0, 0, 0, 0, 0, 0, 0.171668, 0.199261, 0, 0, 0
3.784, 0.0425381, 0, 0, 0, 0, 0, 0, 0, 0, 0.171618, 0.199319, 0, 0, 0
3.789, 0.0424893, 0, 0, 0, 0, 0, 0, 0, 0, 0.178767, 0.201069, 0, 0, 0
3.794, 0.0424526, 0, 0, 0, 0, 0, 0, 0, 0, 0.171628, 0.199308, 0, 0, 0
3.799, 0.0424287, 0, 0, 0, 0, 0, 0, 0, 0, 0.178777, 0.201061, 0, 0, 0
3.804, 0.0424196, 0, 0, 0, 0, 0, 0, 0, 0, 0.171637, 0.199301, 0, 0, 0
3.809, 0.0424234, 0, 0, 0, 0, 0, 0, 0, 0, 0.171588, 0.199356, 0, 0, 0
3.81, 0.0424274, 0, 0, 0, 0, 0, 0, 0, 0, 0.171599, 0.199342, 0, 0, 0
3.814, 0.0424443, 0, 0, 0, 0, 0, 0, 0, 0, 0.171647, 0.199289, 0, 0, 0
3.819, 0.0424763, 0, 0, 0, 0, 0, 0, 0, 0, 0.171598, 0.199347, 0, 0, 0
3.824, 0.0425235, 0, 0, 0, 0, 0, 0, 0, 0, 0.171657, 0.199282, 0, 0, 0
3.832, 0.0426187, 0, 0, 0, 0, 0, 0, 0, 0, 0.171643, 0.199297, 0, 0, 0
3.837, 0.0426867, 0, 0, 0, 0, 0, 0, 0, 0, 0.171593, 0.199354, 0, 0, 0
3.842, 0.042762, 0, 0, 0, 0, 0, 0, 0, 0, 0.171653, 0.199287, 0, 0, 0
3.847, 0.0428375, 0, 0, 0, 0, 0, 0, 0, 0, 0.171603, 0.199341, 0, 0, 0
3.848, 0.0428528, 0, 0, 0, 0, 0, 0, 0, 0, 0.171615, 0.199327, 0, 0, 0
3.853, 0.0429262, 0, 0, 0, 0, 0, 0, 0, 0, 0.178767, 0.201078, 0, 0, 0
3.858, 0.0429952, 0, 0, 0, 0, 0, 0, 0, 0, 0.171626, 0.199316, 0, 0, 0
3.863, 0.043056, 0, 0, 0, 0, 0, 0, 0, 0, 0.178777, 0.201069, 0, 0, 0
3.868, 0.0431076, 0, 0, 0, 0, 0, 0, 0, 0, 0.171582, 0.199361, 0, 0, 0
3.873, 0.0431467, 0, 0, 0, 0, 0, 0, 0, 0, 0.171643, 0.199293, 0, 0, 0
3.878, 0.0431642, 0, 0, 0, 0, 0, 0, 0, 0, 0.171594, 0.199357, 0, 0, 0
3.882, 0.0431846, 0, 0, 0, 0, 0, 0, 0, 0, 0.171641, 0.199302, 0, 0, 0
3.887, 0.0431865, 0, 0, 0, 0, 0, 0, 0, 0, 0.171592, 0.199354, 0, 0, 0
3.888, 0.0431856, 0, 0, 0, 0, 0, 0, 0, 0, 0.171604, 0.19934, 0, 0, 0
3.898, 0.0431474, 0, 0, 0, 0, 0, 0, 0, 0, 0.171561, 0.199391, 0, 0, 0
3.903, 0.0431159, 0, 0, 0, 0, 0, 0, 0, 0, 0.171621, 0.199318, 0, 0, 0
3.908, 0.0430841, 0, 0, 0, 0, 0, 0, 0, 0, 0.178829, 0.201011, 0, 0, 0
3.913, 0.0430341, 0, 0, 0, 0, 0, 0, 0, 0, 0.171578, 0.19937, 0, 0, 0
3.917, 0.0429994, 0, 0, 0, 0, 0, 0, 0, 0, 0.171627, 0.199314, 0, 0, 0
3.922, 0.0429572, 0, 0, 0, 0, 0, 0, 0, 0, 0.17878, 0.201069, 0, 0, 0
3.927, 0.0429199, 0, 0, 0, 0, 0, 0, 0, 0, 0.171637, 0.199309, 0, 0, 0
3.932, 0.0428962, 0, 0, 0, 0, 0, 0, 0, 0, 0.17879, 0.201057, 0, 0, 0
3.933, 0.0428759, 0, 0, 0, 0, 0, 0, 0, 0, 0.1716, 0.199353, 0, 0, 0
3.938, 0.042855, 0, 0, 0, 0, 0, 0, 0, 0, 0.171605, 0.199347, 0, 0, 0
3.943, 0.0428507, 0, 0, 0, 0, 0, 0, 0, 0, 0.17161, 0.199341, 0, 0, 0
3.948, 0.0428504, 0, 0, 0, 0, 0, 0, 0, 0, 0.171615, 0.199336, 0, 0, 0
3.953, 0.0428618, 0, 0, 0, 0, 0, 0, 0, 0, 0.17162, 0.199329, 0, 0, 0
3.963, 0.0429101, 0, 0, 0, 0, 0, 0, 0, 0, 0.171576, 0.199376, 0, 0, 0
3.968, 0.0429473, 0, 0, 0, 0, 0, 0, 0, 0, 0.171637, 0.199307, 0, 0, 0
3.973, 0.0429866, 0, 0, 0, 0, 0, 0, 0, 0, 0.178736, 0.201121, 0, 0, 0
3.978, 0.0430309, 0, 0, 0, 0, 0, 0, 0, 0, 0.171594, 0.199351, 0, 0, 0
3.979, 0.0430394, 0, 0, 0, 0, 0, 0, 0, 0, 0.171606, 0.199337, 0, 0, 0
3.984, 0.0430805, 0, 0, 0, 0, 0, 0, 0, 0, 0.171667, 0.199275, 0, 0, 0
3.989, 0.0431168, 0, 0, 0, 0, 0, 0, 0, 0, 0.171564, 0.19939, 0, 0, 0
3.994, 0.0431486, 0, 0, 0, 0, 0, 0, 0, 0, 0.171624, 0.199318, 0, 0, 0
3.999, 0.0431695, 0, 0, 0, 0, 0, 0, 0, 0, 0.178779, 0.201073, 0, 0, 0
4.004, 0.0431799, 0, 0, 0, 0, 0, 0, 0, 0, 0.171635, 0.199312, 0, 0, 0
4.008, 0.0431787, 0, 0, 0, 0, 0, 0, 0, 0, 0.171629, 0.199321, 0, 0, 0
4.012, 0.0431694, 0, 0, 0, 0, 0, 0, 0, 0, 0.171622, 0.199328, 0, 0, 0
4.017, 0.0431445, 0, 0, 0, 0, 0, 0, 0, 0, 0.171573, 0.19938, 0, 0, 0
4.023, 0.0431001, 0, 0, 0, 0, 0, 0, 0, 0, 0.171646, 0.199298, 0, 0, 0
4.028, 0.043048, 0, 0, 0, 0, 0, 0, 0, 0, 0.171597, 0.199356, 0, 0, 0
4.033, 0.0429812, 0, 0, 0, 0, 0, 0, 0, 0, 0.171602, 0.199351, 0, 0, 0
4.038, 0.0429197, 0, 0, 0, 0, 0, 0, 0, 0, 0.171607, 0.199344, 0, 0, 0
4.042, 0.0428552, 0, 0, 0, 0, 0, 0, 0, 0, 0.171601, 0.199353, 0, 0, 0
4.047, 0.0427872, 0, 0, 0, 0, 0, 0, 0, 0, 0.171606, 0.199345, 0, 0, 0
4.051, 0.0427213, 0, 0, 0, 0, 0, 0, 0, 0, 0.1716, 0.199354, 0, 0, 0
4.056, 0.0426574, 0, 0, 0, 0, 0, 0, 0, 0, 0.178754, 0.201102, 0, 0, 0
4.057, 0.0426349, 0, 0, 0, 0, 0, 0, 0, 0, 0.171563, 0.199395, 0, 0, 0
4.061, 0.0425917, 0, 0, 0, 0, 0, 0, 0, 0, 0.171611, 0.199335, 0, 0, 0
4.066, 0.0425413, 0, 0, 0, 0, 0, 0, 0, 0, 0.178821, 0.201027, 0, 0, 0
4.071, 0.0424864, 0, 0, 0, 0, 0, 0, 0, 0, 0.171568, 0.199383, 0, 0, 0
4.076, 0.0424512, 0, 0, 0, 0, 0, 0, 0, 0, 0.17163, 0.199312, 0, 0, 0
4.081, 0.0424292, 0, 0, 0, 0, 0, 0, 0, 0, 0.178785, 0.201068, 0, 0, 0
4.086, 0.0424223, 0, 0, 0, 0, 0, 0, 0, 0, 0.171587, 0.199361, 0, 0, 0
4.094, 0.0424403, 0, 0, 0, 0, 0, 0, 0, 0, 0.178779, 0.201075, 0, 0, 0
4.1, 0.0424856, 0, 0, 0, 0, 0, 0, 0, 0, 0.178796, 0.201054, 0, 0, 0
4.105, 0.0425232, 0, 0, 0, 0, 0, 0, 0, 0, 0.171598, 0.19935, 0, 0, 0
4.11, 0.0425791, 0, 0, 0, 0, 0, 0, 0, 0, 0.171658, 0.199286, 0, 0, 0
4.115, 0.0426429, 0, 0, 0, 0, 0, 0, 0, 0, 0.171556, 0.199399, 0, 0, 0
4.12, 0.0427156, 0, 0, 0, 0, 0, 0, 0, 0, 0.171617, 0.199326, 0, 0, 0
4.124, 0.0427751, 0, 0, 0, 0, 0, 0, 0, 0, 0.171665, 0.199278, 0, 0, 0
4.128, 0.0428268, 0, 0, 0, 0, 0, 0, 0, 0, 0.17155, 0.199409, 0, 0, 0
4.133, 0.0429105, 0, 0, 0, 0, 0, 0, 0, 0, 0.171611, 0.199334, 0, 0, 0
4.134, 0.0429249, 0, 0, 0, 0, 0, 0, 0, 0, 0.171623, 0.199321, 0, 0, 0
4.139, 0.0429937, 0, 0, 0, 0, 0, 0, 0, 0, 0.178778, 0.201075, 0, 0, 0
4.144, 0.0430557, 0, 0, 0, 0, 0, 0, 0, 0, 0.171634, 0.199314, 0, 0, 0
4.149, 0.0430998, 0, 0, 0, 0, 0, 0, 0, 0, 0.171585, 0.19937, 0, 0, 0
4.153, 0.0431406, 0, 0, 0, 0, 0, 0, 0, 0, 0.171633, 0.199315, 0, 0, 0
4.158, 0.043169, 0, 0, 0, 0, 0, 0, 0, 0, 0.171584, 0.19937, 0, 0, 0
4.163, 0.0431867, 0, 0, 0, 0, 0, 0, 0, 0, 0.171644, 0.199303, 0, 0, 0
4.168, 0.0431894, 0, 0, 0, 0, 0, 0, 0, 0, 0.171596, 0.199355, 0, 0, 0
4.174, 0.0431761, 0, 0, 0, 0, 0, 0, 0, 0, 0.178763, 0.201092, 0, 0, 0
4.179, 0.043153, 0, 0, 0, 0, 0, 0, 0, 0, 0.171619, 0.199328, 0, 0, 0
4.184, 0.0431269, 0, 0, 0, 0, 0, 0, 0, 0, 0.178775, 0.201079, 0, 0, 0
4.189, 0.0430819, 0, 0, 0, 0, 0, 0, 0, 0, 0.171631, 0.199317, 0, 0, 0
4.194, 0.0430379, 0, 0, 0, 0, 0, 0, 0, 0, 0.171582, 0.199372, 0, 0, 0
4.199, 0.0429958, 0, 0, 0, 0, 0, 0, 0, 0, 0.171642, 0.199304, 0, 0, 0
4.204, 0.0429532, 0, 0, 0, 0, 0, 0, 0, 0, 0.171594, 0.199359, 0, 0, 0
4.209, 0.0429249, 0, 0, 0, 0, 0, 0, 0, 0, 0.178804, 0.201046, 0, 0, 0
4.213, 0.0428926, 0, 0, 0, 0, 0, 0, 0, 0, 0.171593, 0.199358, 0, 0, 0
4.214, 0.0428874, 0, 0, 0, 0, 0, 0, 0, 0, 0.171605, 0.199344, 0, 0, 0
4.218, 0.0428693, 0, 0, 0, 0, 0, 0, 0, 0, 0.171653, 0.199293, 0, 0, 0
4.223, 0.0428557, 0, 0, 0, 0, 0, 0, 0, 0, 0.171604, 0.199348, 0, 0, 0
4.228, 0.0428527, 0, 0, 0, 0, 0, 0, 0, 0, 0.17876, 0.201097, 0, 0, 0
4.233, 0.0428606, 0, 0, 0, 0, 0, 0, 0, 0, 0.171616, 0.199332, 0, 0, 0
4.238, 0.042878, 0, 0, 0, 0, 0, 0, 0, 0, 0.178772, 0.201085, 0, 0, 0
4.242, 0.0428992, 0, 0, 0, 0, 0, 0, 0, 0, 0.171615, 0.199335, 0, 0, 0
4.252, 0.042971, 0, 0, 0, 0, 0, 0, 0, 0, 0.171627, 0.19932, 0, 0, 0
4.253, 0.0429791, 0, 0, 0, 0, 0, 0, 0, 0, 0.171639, 0.199307, 0, 0, 0
4.257, 0.0430041, 0, 0, 0, 0, 0, 0, 0, 0, 0.171578, 0.199379, 0, 0, 0
4.262, 0.0430556, 0, 0, 0, 0, 0, 0, 0, 0, 0.171638, 0.19931, 0, 0, 0
4.267, 0.0430958, 0, 0, 0, 0, 0, 0, 0, 0, 0.17159, 0.199361, 0, 0, 0
4.272, 0.0431311, 0, 0, 0, 0, 0, 0, 0, 0, 0.17165, 0.199295, 0, 0, 0
4.277, 0.0431586, 0, 0, 0, 0, 0, 0, 0, 0, 0.171601, 0.19935, 0, 0, 0
4.281, 0.0431812, 0, 0, 0, 0, 0, 0, 0, 0, 0.1788, 0.20105, 0, 0, 0
