Time,Stouch_RA5C1,Stouch_RA6D1,Stouch_RA4P2,Stouch_RA5C2,Stouch_RA6D2,Stouch_RA4P3,Stouch_RA5C3,Stouch_RA6D3,Stouch_RA4P4,Stouch_RA5C4,Stouch_RA6D4,Stouch_RA4P5,Stouch_RA5C5,Stouch_RA6D5
0, 0, 0, 0, 0, 0, 0, 0, 0, 0, 0, 0, 0, 0, 0
0.001, 0, 0, 0, 0, 0, 0, 0, 0, 0, 0.0611489, 0, 0, 0.00850068, 0.0376033
0.005, 0, 0, 0, 0, 0, 0, 0, 0, 0, 0.0161011, 0, 0, 0.00861064, 0.00159923
0.01, 0, 0, 0, 0, 0, 0, 0, 0, 0, 0.0105131, 0, 0, 0.00842522, 0.00129466
0.015, 0, 0, 0, 0, 0, 0, 0, 0, 0, 0.0063925, 0, 0, 0.00940301, 0.00120513
0.02, 0, 0, 0, 0, 0, 0, 0, 0, 0, 0.00454988, 0, 0, 0.00771245, 0.00105298
0.025, 0, 0, 0, 0, 0, 0, 0, 0, 0, 0.003945, 0, 0, 0.00750621, 0.000796043
0.03, 0, 0, 0, 0, 0, 0, 0, 0, 0, 0.00318695, 0, 0, 0.00634432, 0.000562256
0.031, 0, 0, 0, 0, 0, 0, 0, 0, 0, 0.00256154, 0, 0, 0.00602469, 0.000525944
0.035, 0, 0, 0, 0, 0, 0, 0, 0, 0, 0.00310943, 0, 0, 0.00955163, 0.00142753
0.039, 0, 0, 0, 0, 0, 0, 0, 0, 0, 0.0180827, 0, 0, 0, 0
0.044, 0, 0, 0, 0, 0, 0, 0, 0, 0, 0.00300481, 0, 0, 0, 0
0.048, 0, 0, 0, 0, 0, 0, 0, 0, 0, 0.00280274, 0, 0, 0, 0
0.053, 0, 0, 0, 0, 0, 0, 0, 0, 0, 0.0024777, 0, 0, 0, 0
0.058, 0, 0, 0, 0, 0, 0, 0, 0, 0, 0, 0, 0, 0, 0
0.063, 0, 0, 0, 0, 0, 0, 0, 0, 0, 0, 0, 0, 0, 0
0.067, 0, 0, 0, 0, 0, 0, 0, 0, 0, 0, 0, 0, 0, 0
0.068, 0, 0, 0, 0, 0, 0, 0, 0, 0, 0, 0, 0, 0, 0
0.073, 0, 0, 0, 0, 0.0302003, 0, 0, 0, 0, 0, 0, 0, 0, 0
0.077, 0, 0, 0, 0.477888, 1.15042, 0, 0, 0, 0, 0, 0, 0, 0, 0
0.08, 0, 0, 0, 0.159807, 0.848214, 0, 0.278852, 0, 0, 0.15819, 0, 0, 0, 0
0.084, 0, 0, 0, 0.38429, 1.07697, 0, 0.713434, 0, 0, 0.419827, 0, 0, 0, 0.504409
0.088, 0, 0, 0, 0.0251067, 1.07693, 0, 0.644113, 0, 0, 0.424202, 0, 0, 0.00980021, 0.362942
0.091, 0, 0, 0, 0.00799602, 0.701167, 0, 0.632885, 0, 0, 0.413854, 0, 0, 0.00614565, 0.35953
0.096, 0, 0, 0, 0.00932818, 0.737763, 0, 0.755853, 0.19346, 0, 0.504908, 0.29802, 0, 0, 0.576007
0.098, 0, 0, 0, 3.39233, 2.54, 0, 1.82803, 0.200858, 0, 2.05172, 0.11241, 0, 0, 0.910697
0.101, 0, 0, 0, 0.122689, 0.476487, 0, 0.310808, 0.253101, 0, 0.191556, 0.205202, 0, 0, 0.0571139
0.103, 0, 0, 0, 0, 0.821172, 0, 0.711457, 0.524478, 0, 0.522383, 0.382619, 0, 0, 0.450211
0.106, 0, 0, 0, 0.0683519, 0.459428, 0, 0.535863, 0.503103, 0, 0.398298, 0.306536, 0, 0, 0.351268
0.107, 0, 0, 0, 0.0775134, 0.453187, 0, 0.637672, 0.608188, 0, 0.498152, 0.357707, 0, 0, 0.465219
0.11, 0, 0, 0, 0.0220004, 0.392863, 0, 0.595907, 0.659785, 0, 0.489749, 0.357566, 0, 0, 0.488175
0.113, 0, 0, 0, 0.0148316, 0.319224, 0, 0.595479, 0.717435, 0, 0.49389, 0.369526, 0, 0, 0.519197
0.116, 0, 0, 0, 0.0109694, 0.269413, 0, 0.603886, 0.765175, 0, 0.521798, 0.380771, 0, 0, 0.557889
0.119, 0, 0, 0, 0.0948963, 1.32868, 0, 0.623205, 0.78916, 0, 0.531996, 0.397664, 0, 0.0110883, 0.576263
0.122, 0, 0, 0, 0, 0.544367, 0, 0.370452, 0.506403, 0, 0.290998, 0.194649, 0, 0.000665846, 0.211808
0.125, 0, 0, 0, 0, 0.294549, 0, 0.531307, 0.694169, 0, 0.452815, 0.315753, 0, 0.00649405, 0.45804
0.126, 0, 0, 0, 0, 0.388336, 0, 0.626156, 0.761713, 0, 0.533004, 0.36315, 0, 0.0311282, 0.537922
0.129, 0, 0, 0, 0, 0.374221, 0, 0.582142, 0.743381, 0, 0.505166, 0.340666, 0, 0.0195852, 0.521775
0.132, 0, 0, 0, 0, 0.391331, 0, 0.588807, 0.735059, 0, 0.514628, 0.340744, 0, 0.0221441, 0.528824
0.135, 0, 0, 0, 0, 0.392268, 0, 0.586415, 0.723155, 0, 0.522162, 0.331638, 0, 0.0227927, 0.523699
0.138, 0, 0, 0, 0, 0.378033, 0, 0.5902, 0.710674, 0, 0.530757, 0.32568, 0, 0.0239917, 0.525634
0.141, 0, 0, 0, 0, 0.369924, 0, 0.598916, 0.70669, 0, 0.542431, 0.323598, 0, 0.026205, 0.532722
0.144, 0, 0, 0, 0, 0.366788, 0, 0.606425, 0.699345, 0, 0.555239, 0.317829, 0, 0.0285718, 0.536845
0.147, 0, 0, 0, 0, 0.359711, 0, 0.611069, 0.688724, 0, 0.592114, 0.310387, 0, 0.0308391, 0.539219
0.148, 0, 0, 0, 0, 0.360486, 0, 0.618367, 0.687983, 0, 0.596401, 0.31148, 0, 0.0322855, 0.541678
0.151, 0, 0, 0, 0, 0.354838, 0, 0.623526, 0.677265, 0, 0.615029, 0.308238, 0, 0.0437503, 0.536875
0.155, 0, 0, 0, 0, 0.349523, 0, 0.637777, 0.662189, 0, 0.623899, 0.300678, 0, 0.0492272, 0.539373
0.159, 0, 0, 0, 0, 0.343239, 0, 0.6853, 0.64405, 0, 0.631634, 0.299429, 0, 0.0549121, 0.541333
0.163, 0, 0, 0, 0, 0.341532, 0, 0.697664, 0.630732, 0, 0.641044, 0.295062, 0, 0.0557176, 0.546167
0.167, 0, 0, 0, 0, 0.339565, 0, 0.704741, 0.620611, 0, 0.669183, 0.292074, 0, 0.0563349, 0.553464
0.171, 0, 0, 0, 0, 0.335435, 0, 0.718424, 0.597965, 0, 0.681047, 0.296439, 0, 0.0544757, 0.560738
0.174, 0, 0, 0, 0.00459684, 0.329783, 0, 0.726731, 0.590375, 0, 0.688586, 0.298227, 0, 0.0543305, 0.566571
0.177, 0, 0, 0, 0.00490922, 0.32861, 0, 0.732465, 0.586288, 0, 0.696626, 0.300972, 0, 0.0555769, 0.570426
0.18, 0, 0, 0, 0.00520766, 0.32647, 0, 0.775742, 0.581239, 0, 0.703384, 0.300793, 0, 0.0568846, 0.572577
0.183, 0, 0, 0, 0.00540923, 0.324606, 0, 0.784035, 0.575061, 0, 0.706844, 0.301558, 0, 0.0575445, 0.574556
0.184, 0, 0, 0, 0.00551616, 0.3245, 0, 0.785648, 0.57426, 0, 0.708568, 0.301838, 0, 0.0573968, 0.57635
0.188, 0, 0, 0, 0.00568597, 0.323455, 0, 0.7945, 0.564039, 0, 0.713869, 0.302837, 0, 0.0589558, 0.57946
0.192, 0, 0, 0, 0.0059307, 0.322167, 0, 0.808916, 0.550988, 0, 0.726239, 0.302245, 0, 0.0591657, 0.583443
0.196, 0, 0, 0, 0.00684208, 0.3222, 0, 0.60037, 0.486277, 0, 0.737318, 0.300984, 0, 0.0618021, 0.585369
0.199, 0, 0, 0, 0.00654572, 0.320734, 0, 0.644426, 0.461638, 0, 0.73886, 0.303745, 0, 0.0606434, 0.589437
0.2, 0, 0, 0, 0.00640059, 0.321161, 0, 0.655753, 0.46477, 0, 0.740236, 0.303837, 0, 0.0607913, 0.590814
0.204, 0, 0, 0, 0.0074534, 0.318149, 0, 0.706106, 0.474191, 0, 0.749548, 0.30485, 0, 0.0597843, 0.594859
0.208, 0, 0, 0, 0.00732017, 0.319148, 0, 0.732667, 0.480725, 0, 0.765338, 0.306904, 0, 0.0624048, 0.595513
0.212, 0, 0, 0, 0.00743871, 0.317854, 0, 0.737735, 0.473719, 0, 0.777882, 0.310112, 0, 0.0635348, 0.596265
0.215, 0, 0, 0, 0.00767157, 0.317579, 0, 0.736159, 0.466654, 0, 0.787724, 0.313349, 0, 0.0636837, 0.598659
0.216, 0, 0, 0, 0.00773355, 0.317605, 0, 0.735641, 0.464578, 0, 0.791341, 0.314356, 0, 0.063589, 0.599249
0.219, 0, 0, 0, 0.00791453, 0.317034, 0, 0.73172, 0.459719, 0, 0.805234, 0.317237, 0, 0.0635769, 0.601949
0.223, 0, 0, 0, 0.00825478, 0.317259, 0, 0.728809, 0.451214, 0, 0.811289, 0.320164, 0, 0.0640164, 0.605392
0.226, 0, 0, 0, 0.00846329, 0.317395, 0, 0.728881, 0.442987, 0, 0.812699, 0.320977, 0, 0.0644655, 0.606614
0.229, 0, 0, 0, 0.00857057, 0.317131, 0, 0.729138, 0.433784, 0, 0.81424, 0.322057, 0, 0.0647819, 0.608471
0.233, 0, 0, 0, 0.00853747, 0.316505, 0, 0.729149, 0.427185, 0, 0.819829, 0.32208, 0, 0.0652985, 0.61051
0.236, 0, 0, 0, 0.00872172, 0.316079, 0, 0.729907, 0.422193, 0, 0.822988, 0.322382, 0, 0.0669206, 0.60934
0.237, 0, 0, 0, 0.00875785, 0.316063, 0, 0.729748, 0.421793, 0, 0.823995, 0.322082, 0, 0.0671153, 0.609979
0.241, 0, 0, 0, 0.00885388, 0.315963, 0, 0.731674, 0.413778, 0, 0.828022, 0.3292, 0, 0.0664375, 0.615105
0.245, 0, 0, 0, 0.008972, 0.315562, 0, 0.730527, 0.409597, 0, 0.833494, 0.331762, 0, 0.0674944, 0.614903
0.249, 0, 0, 0, 0.00906708, 0.315329, 0, 0.730433, 0.40541, 0, 0.839159, 0.336417, 0, 0.0690177, 0.61681
0.253, 0, 0, 0, 0.00915839, 0.315252, 0, 0.730517, 0.40099, 0, 0.84386, 0.337354, 0, 0.0694395, 0.619228
0.254, 0, 0, 0, 0.00918293, 0.315224, 0, 0.730592, 0.399554, 0, 0.844713, 0.337299, 0, 0.0694145, 0.619796
0.257, 0, 0, 0, 0.00961974, 0.314889, 0, 0.730815, 0.395307, 0, 0.852797, 0.336753, 0, 0.0697776, 0.622262
0.261, 0, 0, 0, 0.00969116, 0.314708, 0, 0.730484, 0.391322, 0, 0.866293, 0.337873, 0, 0.0704264, 0.625255
0.264, 0, 0, 0, 0.00972817, 0.314414, 0, 0.730444, 0.389334, 0, 0.875736, 0.335612, 0, 0.0711975, 0.625994
0.268, 0, 0, 0, 0.00978222, 0.314173, 0, 0.730891, 0.386488, 0, 0.885992, 0.338989, 0, 0.0717135, 0.627388
0.272, 0, 0, 0, 0.00982693, 0.313932, 0, 0.730127, 0.384203, 0, 0.895928, 0.342016, 0, 0.0724158, 0.629257
0.273, 0, 0, 0, 0.00984428, 0.313926, 0, 0.730226, 0.383726, 0, 0.898374, 0.343026, 0, 0.0741121, 0.628813
0.277, 0, 0, 0, 0.00987519, 0.31354, 0, 0.730576, 0.381142, 0, 0.903, 0.346628, 0, 0.0747026, 0.630882
0.28, 0, 0, 0, 0.00988994, 0.313453, 0, 0.730426, 0.379476, 0, 0.903798, 0.351463, 0, 0.0757628, 0.632956
0.284, 0, 0, 0, 0.00990418, 0.313202, 0, 0.72994, 0.377696, 0, 0.911285, 0.355956, 0, 0.0763448, 0.636143
0.288, 0, 0, 0, 0.00991927, 0.313043, 0, 0.73208, 0.37332, 0, 0.907442, 0.380229, 0, 0.0770609, 0.638706
0.289, 0, 0, 0, 0.00992579, 0.313033, 0, 0.731197, 0.373014, 0, 0.909254, 0.380154, 0, 0.0772253, 0.639677
0.293, 0, 0, 0, 0.00994118, 0.312825, 0, 0.730399, 0.371052, 0, 0.914177, 0.382924, 0, 0.0785595, 0.642555
0.297, 0, 0, 0, 0.00995646, 0.312677, 0, 0.730264, 0.369362, 0, 0.926048, 0.386643, 0, 0.0794471, 0.645892
0.301, 0, 0, 0, 0.00997505, 0.312529, 0, 0.730379, 0.36823, 0, 0.933357, 0.388074, 0, 0.080344, 0.647759
0.305, 0, 0, 0, 0.0102038, 0.312447, 0, 0.731069, 0.366065, 0, 0.938255, 0.390562, 0, 0.0812429, 0.64946
0.31, 0, 0, 0, 0.0103, 0.312294, 0, 0.731508, 0.364244, 0, 0.947571, 0.389419, 0, 0.0805585, 0.654625
0.313, 0, 0, 0, 0.0102882, 0.312164, 0, 0.731532, 0.363352, 0, 0.95247, 0.391161, 0, 0.0805469, 0.656124
0.316, 0, 0, 0, 0.0102777, 0.312028, 0, 0.731434, 0.362585, 0, 0.96046, 0.392378, 0, 0.081213, 0.657801
0.319, 0, 0, 0, 0.01027, 0.311935, 0, 0.731191, 0.362191, 0, 0.969705, 0.395906, 0, 0.0820018, 0.65987
0.322, 0, 0, 0, 0.0102617, 0.311826, 0, 0.73124, 0.36163, 0, 0.986289, 0.399041, 0, 0.0827028, 0.664134
0.325, 0, 0, 0, 0.0102593, 0.312225, 0, 0.731097, 0.360727, 0, 0.99998, 0.400688, 0, 0.0833296, 0.665672
0.326, 0, 0, 0, 0.0102453, 0.312101, 0, 0.730778, 0.360019, 0, 1.02621, 0.398334, 0, 0.0834289, 0.665961
0.329, 0, 0, 0, 0.0102496, 0.31203, 0, 0.730795, 0.359474, 0, 1.03175, 0.397372, 0, 0.0837412, 0.667013
0.332, 0, 0, 0, 0.0102443, 0.311901, 0, 0.730814, 0.358708, 0, 1.03617, 0.400007, 0, 0.0840942, 0.668226
0.335, 0, 0, 0, 0.0102486, 0.311706, 0, 0.730945, 0.358237, 0, 1.04748, 0.40103, 0, 0.084583, 0.668958
0.338, 0, 0, 0, 0.0102297, 0.311581, 0, 0.730572, 0.357548, 0, 1.05312, 0.404116, 0, 0.0849739, 0.669724
0.341, 0, 0, 0, 0.0102351, 0.311473, 0, 0.730803, 0.356913, 0, 1.05649, 0.406302, 0, 0.0854318, 0.670998
0.344, 0, 0, 0, 0.0102372, 0.311383, 0, 0.730858, 0.356044, 0, 1.06541, 0.409137, 0, 0.0856149, 0.672446
0.345, 0, 0, 0, 0.0102373, 0.311367, 0, 0.730827, 0.355817, 0, 1.06901, 0.410192, 0, 0.0857153, 0.672725
0.348, 0, 0, 0, 0.010229, 0.311235, 0, 0.730611, 0.35515, 0, 1.07981, 0.413473, 0, 0.0861095, 0.672404
0.351, 0, 0, 0, 0.0102337, 0.311144, 0, 0.730517, 0.354496, 0, 1.08402, 0.414926, 0, 0.086586, 0.673083
0.354, 0, 0, 0, 0.0102381, 0.311079, 0, 0.730502, 0.353908, 0, 1.08579, 0.417483, 0, 0.0869632, 0.67393
0.357, 0, 0, 0, 0.0102403, 0.311001, 0, 0.730584, 0.35328, 0, 1.09659, 0.422696, 0, 0.0876859, 0.674282
0.36, 0, 0, 0, 0.0102471, 0.310921, 0, 0.730513, 0.352736, 0, 1.10696, 0.428306, 0, 0.0880425, 0.674979
0.363, 0, 0, 0, 0.0102213, 0.310824, 0, 0.730121, 0.351615, 0, 1.14788, 0.432119, 0, 0.0874503, 0.679162
0.364, 0, 0, 0, 0.0102292, 0.310831, 0, 0.730098, 0.351271, 0, 1.14821, 0.433265, 0, 0.0890521, 0.678955
0.367, 0, 0, 0, 0.0102198, 0.310769, 0, 0.729981, 0.350153, 0, 1.16361, 0.435704, 0, 0.089308, 0.679439
0.37, 0, 0, 0, 0.0102011, 0.31061, 0, 0.73044, 0.347566, 0, 1.17799, 0.442495, 0, 0.0899181, 0.674798
0.373, 0, 0, 0, 0.0102637, 0.310717, 0, 0.730648, 0.346607, 0, 1.18019, 0.44582, 0, 0.0914853, 0.673296
0.376, 0, 0, 0, 0.0102574, 0.310658, 0, 0.730639, 0.345565, 0, 1.18125, 0.44916, 0, 0.0917894, 0.674473
0.379, 0, 0, 0, 0.0102347, 0.310578, 0, 0.730563, 0.344333, 0, 1.19216, 0.454659, 0, 0.0918242, 0.674356
0.386, 0, 0, 0, 0.0103275, 0.3105, 0, 0.730973, 0.340317, 0, 1.22794, 0.474713, 0, 0.0924059, 0.676987
0.387, 0, 0, 0, 0.01031, 0.31062, 0, 0.731037, 0.339691, 0, 1.22839, 0.475879, 0, 0.092401, 0.677064
0.39, 0, 0, 0, 0.0103104, 0.310521, 0, 0.731067, 0.337596, 0, 1.2422, 0.491787, 0, 0.0927649, 0.674374
0.394, 0, 0, 0, 0.0103569, 0.310414, 0, 0.731085, 0.334325, 0, 1.28342, 0.514152, 0, 0.0936357, 0.673698
0.397, 0, 0, 0, 0.0110003, 0.311002, 0, 0.734291, 0.331974, 0, 1.07208, 0.51325, 0, 0.100113, 0.683788
0.4, 0, 0, 0, 0.0101928, 0.310185, 0, 0.73153, 0.329369, 0, 1.17031, 0.49415, 0, 0.093076, 0.676408
0.403, 0, 0, 0, 0.0102519, 0.31016, 0, 0.731327, 0.326361, 0, 1.17037, 0.500448, 0, 0.0940067, 0.675384
0.404, 0, 0, 0, 0.0102625, 0.310155, 0, 0.731246, 0.325419, 0, 1.17023, 0.50206, 0, 0.0941569, 0.675246
0.408, 0, 0, 0, 0.0103001, 0.310181, 0, 0.731451, 0.320729, 0, 1.16983, 0.511672, 0, 0.0946519, 0.67515
0.412, 0, 0, 0, 0.0103263, 0.310184, 0, 0.731845, 0.316634, 0, 1.16722, 0.521572, 0, 0.094051, 0.679482
0.416, 0, 0, 0, 0.0103465, 0.310132, 0, 0.731943, 0.3122, 0, 1.16606, 0.528944, 0, 0.0947096, 0.678898
0.42, 0, 0, 0, 0.0103698, 0.310093, 0, 0.732034, 0.308479, 0, 1.16765, 0.535798, 0, 0.0951741, 0.677406
0.421, 0, 0, 0, 0.0103769, 0.310096, 0, 0.732075, 0.307572, 0, 1.16707, 0.537423, 0, 0.0952893, 0.677042
0.424, 0, 0, 0, 0.010398, 0.310065, 0, 0.732127, 0.305131, 0, 1.16498, 0.54293, 0, 0.0955647, 0.676124
0.427, 0, 0, 0, 0.0104091, 0.310051, 0, 0.732222, 0.302653, 0, 1.15176, 0.547939, 0, 0.0957861, 0.675901
0.43, 0, 0, 0, 0.0104383, 0.310005, 0, 0.732636, 0.298362, 0, 1.1518, 0.554545, 0, 0.096106, 0.675497
0.433, 0, 0, 0, 0.0104554, 0.309988, 0, 0.732451, 0.296261, 0, 1.15247, 0.561862, 0, 0.0962259, 0.675171
0.436, 0, 0, 0, 0.0104696, 0.309923, 0, 0.73235, 0.29388, 0, 1.15159, 0.564555, 0, 0.0964784, 0.674791
0.439, 0, 0, 0, 0.010491, 0.309913, 0, 0.732598, 0.291637, 0, 1.15075, 0.566289, 0, 0.0967696, 0.674309
0.44, 0, 0, 0, 0.010515, 0.309918, 0, 0.732685, 0.291114, 0, 1.1472, 0.569247, 0, 0.09697, 0.674006
0.443, 0, 0, 0, 0.0105743, 0.309938, 0, 0.733042, 0.289853, 0, 1.13547, 0.580877, 0, 0.0972892, 0.673678
0.446, 0, 0, 0, 0.0105977, 0.31004, 0, 0.733077, 0.288676, 0, 1.11908, 0.591722, 0, 0.0977332, 0.672839
0.449, 0, 0, 0, 0.0106026, 0.30999, 0, 0.732865, 0.28757, 0, 1.10629, 0.594204, 0, 0.0978531, 0.673412
0.452, 0, 0, 0, 0.010626, 0.310012, 0, 0.732818, 0.287179, 0, 1.08912, 0.631665, 0, 0.0976818, 0.672549
0.455, 0, 0, 0, 0.0107513, 0.310006, 0, 0.733455, 0.286317, 0, 1.05655, 0.608791, 0, 0.0987137, 0.669888
0.458, 0, 0, 0, 0.0106873, 0.309986, 0, 0.73339, 0.285693, 0, 1.0329, 0.605711, 0, 0.0985371, 0.669847
0.459, 0, 0, 0, 0.010685, 0.30996, 0, 0.733457, 0.285269, 0, 1.03241, 0.604488, 0, 0.0985077, 0.669715
0.462, 0, 0, 0, 0.0107098, 0.309928, 0, 0.733541, 0.284262, 0, 1.01287, 0.602948, 0, 0.0994201, 0.665531
0.465, 0, 0, 0, 0.0107059, 0.309923, 0, 0.733383, 0.283735, 0, 1.00655, 0.654258, 0, 0.0996374, 0.664882
0.469, 0, 0, 0, 0.0107166, 0.309924, 0, 0.733498, 0.283315, 0, 0.995944, 0.673105, 0, 0.10026, 0.664473
0.472, 0, 0, 0, 0.010722, 0.30991, 0, 0.733686, 0.283005, 0, 0.990529, 0.68947, 0, 0.100736, 0.663533
0.475, 0, 0, 0, 0.0107548, 0.309932, 0, 0.733915, 0.282584, 0, 0.971395, 0.698887, 0, 0.101244, 0.66363
0.476, 0, 0, 0, 0.0107501, 0.309946, 0, 0.733981, 0.282705, 0, 0.968145, 0.701271, 0, 0.101231, 0.663712
0.48, 0, 0, 0, 0.0107322, 0.309913, 0, 0.734118, 0.282497, 0, 0.947228, 0.706533, 0, 0.0997024, 0.671853
0.483, 0, 0, 0, 0.0107286, 0.309878, 0, 0.733707, 0.282518, 0, 0.940504, 0.709536, 0, 0.0988019, 0.674248
0.489, 0, 0, 0, 0.0107521, 0.309911, 0, 0.734117, 0.281801, 0, 0.937082, 0.717647, 0, 0.099079, 0.673892
0.492, 0, 0, 0, 0.010775, 0.309931, 0, 0.734483, 0.281896, 0, 0.928349, 0.722139, 0, 0.0992403, 0.673605
0.495, 0, 0, 0, 0.0107542, 0.309902, 0, 0.734143, 0.282116, 0, 0.905903, 0.725002, 0, 0.099146, 0.673554
0.496, 0, 0, 0, 0.0107653, 0.309909, 0, 0.734256, 0.282061, 0, 0.889413, 0.723926, 0, 0.0992691, 0.673493
0.499, 0, 0, 0, 0.0107458, 0.309867, 0, 0.73425, 0.281923, 0, 0.889254, 0.725268, 0, 0.0991427, 0.673424
0.502, 0, 0, 0, 0.0107509, 0.309867, 0, 0.734223, 0.281861, 0, 0.889514, 0.725966, 0, 0.0992007, 0.673291
0.505, 0, 0, 0, 0.0107727, 0.309898, 0, 0.734644, 0.281604, 0, 0.8844, 0.726739, 0, 0.099402, 0.672712
0.509, 0, 0, 0, 0.0107589, 0.309882, 0, 0.734794, 0.281063, 0, 0.829569, 0.717436, 0, 0.0992731, 0.672982
0.512, 0, 0, 0, 0.0107779, 0.309899, 0, 0.73414, 0.280754, 0, 0.813508, 0.718762, 0, 0.0993695, 0.672872
0.516, 0, 0, 0, 0.010761, 0.309883, 0, 0.733802, 0.280119, 0, 0.809304, 0.720429, 0, 0.09926, 0.67303
0.517, 0, 0, 0, 0.0107594, 0.309886, 0, 0.733776, 0.279966, 0, 0.807675, 0.720655, 0, 0.0992386, 0.673063
0.52, 0, 0, 0, 0.0108194, 0.30988, 0, 0.733834, 0.279476, 0, 0.792278, 0.719476, 0, 0.0993117, 0.672761
0.524, 0, 0, 0, 0.0107935, 0.309948, 0, 0.734068, 0.279013, 0, 0.791326, 0.717174, 0, 0.0992631, 0.672949
0.527, 0, 0, 0, 0.0107739, 0.30987, 0, 0.733945, 0.278559, 0, 0.782216, 0.71545, 0, 0.098546, 0.673036
0.53, 0, 0, 0, 0.0107631, 0.309874, 0, 0.73386, 0.27812, 0, 0.782486, 0.727888, 0, 0.0984733, 0.673141
0.534, 0, 0, 0, 0.0107734, 0.309345, 0, 0.733739, 0.277882, 0, 0.781385, 0.728628, 0, 0.0985723, 0.673105
0.535, 0, 0, 0, 0.0107835, 0.309476, 0, 0.733866, 0.277953, 0, 0.77661, 0.72743, 0, 0.0986499, 0.673238
0.538, 0, 0, 0, 0.0107727, 0.309413, 0, 0.734037, 0.277614, 0, 0.773777, 0.726663, 0, 0.0986526, 0.673233
0.541, 0, 0, 0, 0.0107625, 0.309484, 0, 0.734018, 0.277412, 0, 0.743524, 0.723005, 0, 0.098563, 0.673351
0.544, 0, 0, 0, 0.010763, 0.3095, 0, 0.733961, 0.277153, 0, 0.741303, 0.723257, 0, 0.098597, 0.673339
0.548, 0, 0, 0, 0.0107656, 0.309572, 0, 0.734054, 0.276778, 0, 0.739657, 0.722435, 0, 0.0986552, 0.673376
0.552, 0, 0, 0, 0.0107592, 0.309625, 0, 0.734164, 0.276302, 0, 0.737339, 0.721551, 0, 0.0986339, 0.673443
0.553, 0, 0, 0, 0.0107601, 0.309625, 0, 0.73411, 0.276233, 0, 0.737118, 0.722018, 0, 0.0986603, 0.673436
0.557, 0, 0, 0, 0.0107611, 0.30969, 0, 0.734109, 0.275902, 0, 0.735113, 0.722417, 0, 0.0985705, 0.673835
0.561, 0, 0, 0, 0.0107663, 0.309746, 0, 0.733473, 0.275952, 0, 0.731165, 0.725131, 0, 0.0986103, 0.673834
0.565, 0, 0, 0, 0.0107627, 0.309779, 0, 0.733221, 0.275753, 0, 0.725223, 0.725675, 0, 0.0986166, 0.673881
0.569, 0, 0, 0, 0.0107715, 0.309829, 0, 0.732295, 0.275867, 0, 0.719097, 0.726199, 0, 0.0986692, 0.67388
0.57, 0, 0, 0, 0.010766, 0.309825, 0, 0.732159, 0.275797, 0, 0.717875, 0.725517, 0, 0.0986146, 0.673903
0.574, 0, 0, 0, 0.0107656, 0.309865, 0, 0.731827, 0.275596, 0, 0.710886, 0.725316, 0, 0.0985994, 0.673985
0.577, 0, 0, 0, 0.0107645, 0.309885, 0, 0.731705, 0.275665, 0, 0.707216, 0.725551, 0, 0.0986206, 0.674077
0.581, 0, 0, 0, 0.0107739, 0.309925, 0, 0.732424, 0.275408, 0, 0.68866, 0.722926, 0, 0.0986744, 0.673896
0.585, 0, 0, 0, 0.0107663, 0.309949, 0, 0.732322, 0.275285, 0, 0.686624, 0.726821, 0, 0.0986214, 0.673941
0.586, 0, 0, 0, 0.0107676, 0.309949, 0, 0.732316, 0.275258, 0, 0.686463, 0.725518, 0, 0.0986461, 0.673933
0.59, 0, 0, 0, 0.0107701, 0.309983, 0, 0.73231, 0.275177, 0, 0.684858, 0.72594, 0, 0.0986749, 0.673947
0.594, 0, 0, 0, 0.0107661, 0.310009, 0, 0.73222, 0.275107, 0, 0.672159, 0.723506, 0, 0.0986587, 0.673988
0.6, 0.329191, 0, 0, 0.0107538, 0.309078, 0, 0.729942, 0.273978, 0, 0.665774, 0.720449, 0, 0.0991813, 0.673747
0.603, 0.313907, 0, 0, 0.0109596, 0.310324, 0, 0.731921, 0.274689, 0, 0.664198, 0.719241, 0, 0.0988386, 0.674369
0.606, 0.291697, 0, 0, 0.0108157, 0.310277, 0, 0.732592, 0.274983, 0, 0.663805, 0.720186, 0, 0.0985523, 0.674071
0.607, 0.268302, 0, 0, 0.010819, 0.310269, 0, 0.732789, 0.27502, 0, 0.664747, 0.725566, 0, 0.0986743, 0.674032
0.611, 0.188729, 0, 0, 0.0107756, 0.310138, 0, 0.732573, 0.27493, 0, 0.667298, 0.727917, 0, 0.0987822, 0.673969
0.614, 0.122054, 0, 0, 0.0107768, 0.310181, 0, 0.732443, 0.274848, 0, 0.663955, 0.729454, 0, 0.098717, 0.674015
0.618, 0.0852988, 0, 0, 0.0107781, 0.310137, 0, 0.732094, 0.274676, 0, 0.658301, 0.727936, 0, 0.0986598, 0.674014
0.622, 0.0642563, 0, 0, 0.0107677, 0.310147, 0, 0.731912, 0.274582, 0, 0.655529, 0.727311, 0, 0.0987068, 0.673993
0.627, 0.0475057, 0, 0, 0.0107438, 0.3102, 0, 0.731949, 0.274614, 0, 0.649349, 0.738036, 0, 0.0987089, 0.673964
0.631, 0.0229946, 0, 0, 0.0107752, 0.31019, 0, 0.732119, 0.274573, 0, 0.638846, 0.74775, 0, 0.0987231, 0.673858
0.634, 0, 0, 0, 0.011034, 0.309904, 0, 0.732577, 0.274118, 0, 0.623931, 0.755585, 0, 0.0971062, 0.674524
0.637, 0, 0, 0, 0.0108211, 0.310351, 0, 0.730953, 0.275172, 0, 0.614157, 0.755542, 0, 0.0986717, 0.673567
0.64, 0, 0, 0, 0.010812, 0.310162, 0, 0.730399, 0.274862, 0, 0.613806, 0.774504, 0, 0.0987849, 0.673363
0.641, 0, 0, 0, 0.0108199, 0.310219, 0, 0.730366, 0.274849, 0, 0.614259, 0.775532, 0, 0.0988426, 0.673406
0.644, 0, 0, 0, 0.0108262, 0.310173, 0, 0.730066, 0.274801, 0, 0.600282, 0.784625, 0, 0.0986527, 0.67332
0.647, 0, 0, 0, 0.0108229, 0.310176, 0, 0.729959, 0.274711, 0, 0.538865, 0.78291, 0, 0.0986285, 0.673272
0.65, 0.0714874, 0, 0, 0.0107315, 0.310067, 0, 0.746825, 0.272272, 0, 0.536631, 0.792335, 0, 0.0985451, 0.673324
0.654, 0.000285696, 0, 0, 0.0108247, 0.31021, 0, 0.752969, 0.274251, 0, 0.528217, 0.762385, 0, 0.0986635, 0.673388
0.657, 0.139312, 0, 0, 0.0107549, 0.309899, 0, 0.753806, 0.274629, 0, 0.526927, 0.765654, 0, 0.0986772, 0.67334
0.661, 0, 0, 0, 0.0109901, 0.310266, 0, 0.755844, 0.274749, 0, 0.52553, 0.77273, 0, 0.0990535, 0.673384
0.665, 0, 0, 0, 0.0108005, 0.310183, 0, 0.754794, 0.274408, 0, 0.523469, 0.753, 0, 0.0987291, 0.673442
0.669, 0, 0, 0, 0.0108034, 0.310197, 0, 0.754262, 0.273967, 0, 0.522405, 0.749504, 0, 0.0988616, 0.673501
0.672, 0, 0, 0, 0.0107978, 0.31021, 0, 0.754316, 0.273666, 0, 0.522112, 0.75138, 0, 0.0988056, 0.673573
0.676, 0, 0, 0, 0.0102963, 0.30996, 0, 0.751991, 0.273536, 0, 0.515741, 0.746461, 0, 0.0967753, 0.674645
0.677, 0, 0, 0, 0.0106992, 0.309756, 0, 0.752805, 0.272768, 0, 0.516038, 0.74568, 0, 0.0988049, 0.673721
0.68, 0, 0.213772, 0, 0.0108524, 0.310304, 0, 0.754222, 0.272801, 0, 0.516295, 0.741083, 0, 0.0991434, 0.673713
0.683, 0, 0.172277, 0, 0.0108164, 0.310741, 0, 0.754981, 0.272711, 0, 0.516593, 0.733561, 0, 0.0989471, 0.673676
0.686, 0, 0.112795, 0, 0.0107929, 0.310753, 0, 0.755328, 0.272584, 0, 0.516852, 0.737331, 0, 0.0987704, 0.673658
0.689, 0, 0.0927924, 0, 0.0107708, 0.310157, 0, 0.755189, 0.272238, 0, 0.517623, 0.737762, 0, 0.098828, 0.673696
0.692, 0, 0.0810351, 0, 0.0107369, 0.310197, 0, 0.756195, 0.271721, 0, 0.517295, 0.735614, 0, 0.098762, 0.674057
0.696, 0, 0.0665273, 0, 0.0107342, 0.310188, 0, 0.75661, 0.271458, 0, 0.515521, 0.7219, 0, 0.0987927, 0.674094
0.701, 0, 0.052007, 0, 0.0107239, 0.310682, 0, 0.756908, 0.271034, 0, 0.514129, 0.722623, 0, 0.0987821, 0.674186
0.704, 0.0718223, 0.0365334, 0, 0.0107032, 0.310504, 0, 0.756653, 0.27043, 0, 0.513734, 0.72085, 0, 0.0987726, 0.674065
0.707, 0.0713746, 0.0321741, 0, 0.0107409, 0.310631, 0, 0.738516, 0.272788, 0, 0.512215, 0.718626, 0, 0.0987966, 0.674163
0.71, 0.0685311, 0.0294358, 0, 0.0107184, 0.310136, 0, 0.734191, 0.271283, 0, 0.510803, 0.718091, 0, 0.0987841, 0.674201
0.713, 0.130212, 0.0225293, 0, 0.0108621, 0.309913, 0, 0.731674, 0.270076, 0, 0.510567, 0.715262, 0, 0.0990243, 0.674362
0.716, 0.0610105, 0, 0, 0.0107136, 0.310387, 0, 0.731464, 0.270357, 0, 0.510272, 0.712402, 0, 0.0987818, 0.674604
0.717, 0.0602255, 0, 0, 0.0106774, 0.310644, 0, 0.731239, 0.270245, 0, 0.509327, 0.711411, 0, 0.0987253, 0.674507
0.72, 0.0588159, 0, 0, 0.0106756, 0.310564, 0, 0.731344, 0.270204, 0, 0.510446, 0.708476, 0, 0.0987138, 0.674441
0.723, 0.0575248, 0, 0, 0.0106744, 0.310564, 0, 0.731734, 0.270238, 0, 0.509653, 0.709399, 0, 0.0987248, 0.674523
0.727, 0.0557439, 0.00170512, 0, 0.0106631, 0.31006, 0, 0.732006, 0.270268, 0, 0.509444, 0.71039, 0, 0.0987211, 0.674636
0.731, 0.0544156, 0, 0, 0.0106403, 0.310108, 0, 0.731898, 0.270411, 0, 0.506615, 0.70499, 0, 0.0986738, 0.674903
0.735, 0.0526176, 0.000546261, 0, 0.0106386, 0.310593, 0, 0.731612, 0.270189, 0, 0.505512, 0.703124, 0, 0.0987115, 0.674939
0.736, 0.052108, 0.00224615, 0, 0.0106279, 0.310477, 0, 0.731421, 0.270056, 0, 0.505119, 0.702671, 0, 0.098642, 0.674846
0.739, 0.0512682, 0.0105665, 0, 0.0106392, 0.310567, 0, 0.731419, 0.270001, 0, 0.50482, 0.700917, 0, 0.09875, 0.67487
0.745, 0.0508132, 0, 0, 0.0106166, 0.310492, 0, 0.73295, 0.269853, 0, 0.504073, 0.697683, 0, 0.0986222, 0.674995
0.748, 0.0506778, 0, 0, 0.0106154, 0.310008, 0, 0.73323, 0.269958, 0, 0.503155, 0.695823, 0, 0.0986699, 0.675032
0.751, 0.0505509, 0, 0, 0.0106082, 0.31008, 0, 0.733362, 0.270083, 0, 0.502861, 0.693869, 0, 0.0984204, 0.676031
0.754, 0, 0, 0, 0.0106186, 0.310639, 0, 0.733486, 0.270156, 0, 0.501742, 0.691827, 0, 0.0982791, 0.676098
0.758, 0.0584615, 0, 0, 0.0106008, 0.31042, 0, 0.73284, 0.269877, 0, 0.500775, 0.689781, 0, 0.0985517, 0.675006
0.759, 0.0576913, 0, 0, 0.0106072, 0.310508, 0, 0.732915, 0.269923, 0, 0.500509, 0.68935, 0, 0.0985953, 0.675055
0.763, 0.0552906, 0, 0, 0.0105925, 0.310462, 0, 0.732743, 0.270062, 0, 0.498973, 0.687548, 0, 0.0985541, 0.675116
0.767, 0, 0, 0, 0.010597, 0.310524, 0, 0.733039, 0.270147, 0, 0.497241, 0.685832, 0, 0.0985102, 0.675229
0.77, 0.0624048, 0, 0, 0.0105663, 0.309863, 0, 0.732535, 0.269927, 0, 0.496587, 0.684834, 0, 0.0983306, 0.675997
0.774, 0.0588211, 0, 0, 0.0105701, 0.310523, 0, 0.73257, 0.270006, 0, 0.480495, 0.684657, 0, 0.0984987, 0.675474
0.775, 0.0581168, 0, 0, 0.0105519, 0.310347, 0, 0.732355, 0.269861, 0, 0.480444, 0.686865, 0, 0.0984283, 0.675327
0.778, 0.0564334, 0, 0, 0.0105583, 0.310445, 0, 0.733211, 0.269784, 0, 0.480766, 0.68496, 0, 0.0983759, 0.675436
0.781, 0.0552232, 0, 0, 0.0105485, 0.310411, 0, 0.733312, 0.269773, 0, 0.480268, 0.685296, 0, 0.0984408, 0.675359
0.784, 0.0622924, 0, 0, 0.01042, 0.310427, 0, 0.732921, 0.269912, 0, 0.479546, 0.68405, 0, 0.0984177, 0.676031
0.787, 0.0625428, 0, 0, 0.010543, 0.310326, 0, 0.732886, 0.269328, 0, 0.478633, 0.682715, 0, 0.0984208, 0.675404
0.791, 0.0591771, 0, 0, 0.0105366, 0.310462, 0, 0.733041, 0.26905, 0, 0.477671, 0.681215, 0, 0.0982154, 0.676218
0.794, 0.0575435, 0, 0, 0.0105294, 0.310417, 0, 0.732964, 0.268892, 0, 0.477048, 0.680088, 0, 0.0981726, 0.676209
0.795, 0.0571071, 0, 0, 0.0105292, 0.31042, 0, 0.732956, 0.268838, 0, 0.47681, 0.679704, 0, 0.0983154, 0.675531
0.799, 0.0647644, 0, 0, 0.0104904, 0.310278, 0, 0.732362, 0.270813, 0, 0.475879, 0.678505, 0, 0.0982227, 0.675528
0.803, 0.0622829, 0, 0, 0.0105227, 0.310373, 0, 0.732947, 0.270524, 0, 0.474956, 0.677059, 0, 0.0982227, 0.67558
0.807, 0.0593399, 0, 0, 0.0105131, 0.310345, 0, 0.732984, 0.270191, 0, 0.473944, 0.675718, 0, 0.0979985, 0.676372
0.81, 0.0577672, 0, 0, 0.0105116, 0.310333, 0, 0.732899, 0.269929, 0, 0.474055, 0.674716, 0, 0.098281, 0.675551
0.811, 0.0573191, 0, 0, 0.0105094, 0.31033, 0, 0.732865, 0.269845, 0, 0.473858, 0.674358, 0, 0.0980818, 0.676297
0.814, 0.0561569, 0, 0, 0.0105072, 0.31032, 0, 0.733014, 0.269449, 0, 0.47359, 0.672471, 0, 0.0980732, 0.676316
0.817, 0.0652338, 0, 0, 0.0103849, 0.310329, 0, 0.732298, 0.269589, 0, 0.473247, 0.671865, 0, 0.0982856, 0.676181
0.821, 0.062922, 0, 0, 0.0105049, 0.310259, 0, 0.73222, 0.270227, 0, 0.472539, 0.670373, 0, 0.0982291, 0.675616
0.824, 0.0594274, 0, 0, 0.0104695, 0.310296, 0, 0.732279, 0.270351, 0, 0.472025, 0.669187, 0, 0.0977972, 0.676536
0.828, 0.0527567, 0, 0, 0.0104941, 0.310257, 0, 0.73239, 0.270313, 0, 0.47123, 0.668269, 0, 0.0980239, 0.67639
0.829, 0.0523696, 0, 0, 0.0104937, 0.310264, 0, 0.732397, 0.270319, 0, 0.471063, 0.668066, 0, 0.0981652, 0.675714
0.833, 0, 0, 0, 0.0105859, 0.310272, 0, 0.732777, 0.270154, 0, 0.470336, 0.667302, 0, 0.0979898, 0.675821
0.837, 0.0539503, 0, 0, 0.0104864, 0.310202, 0, 0.732151, 0.270507, 0, 0.469844, 0.666679, 0, 0.0981577, 0.675704
0.84, 0.0520905, 0, 0, 0.0104854, 0.310236, 0, 0.732179, 0.27053, 0, 0.46943, 0.666102, 0, 0.098209, 0.675705
0.844, 0, 0, 0, 0.0105727, 0.310246, 0, 0.732574, 0.27038, 0, 0.46872, 0.665198, 0, 0.0978937, 0.675941
0.845, 0.0547963, 0, 0, 0.0103946, 0.31028, 0, 0.731933, 0.270736, 0, 0.468504, 0.665406, 0, 0.0982796, 0.675676
0.848, 0.0921217, 0, 0, 0.0104957, 0.310185, 0, 0.732126, 0.270452, 0, 0.46939, 0.664856, 0, 0.0982384, 0.675697
0.851, 0.0479414, 0, 0, 0.0104673, 0.310201, 0, 0.731986, 0.270476, 0, 0.468853, 0.664946, 0, 0.0980039, 0.675873
0.855, 0.0458601, 0, 0, 0.0104674, 0.3102, 0, 0.731975, 0.270469, 0, 0.468702, 0.666929, 0, 0.0979456, 0.676528
0.858, 0, 0, 0, 0.0105501, 0.310221, 0, 0.732349, 0.270338, 0, 0.468251, 0.66565, 0, 0.0979534, 0.675907
0.862, 0.0448473, 0, 0, 0.0104597, 0.310159, 0, 0.731848, 0.270421, 0, 0.46761, 0.664392, 0, 0.0979467, 0.676517
0.863, 0.0442583, 0, 0, 0.0104611, 0.310188, 0, 0.731866, 0.270435, 0, 0.467465, 0.664327, 0, 0.0978695, 0.676602
0.867, 0.0423205, 0, 0, 0.0104532, 0.310186, 0, 0.731849, 0.270448, 0, 0.467179, 0.662604, 0, 0.097913, 0.676557
0.87, 0.0411955, 0, 0, 0.0104417, 0.310172, 0, 0.731774, 0.270437, 0, 0.466472, 0.661939, 0, 0.0979917, 0.675878
0.874, 0.0447706, 0, 0, 0.0104277, 0.310139, 0, 0.731667, 0.270444, 0, 0.465911, 0.660988, 0, 0.098093, 0.67584
0.878, 0.042578, 0, 0, 0.0104411, 0.31018, 0, 0.731717, 0.270412, 0, 0.465631, 0.660087, 0, 0.0979214, 0.676577
0.879, 0.0421611, 0, 0, 0.0104386, 0.310171, 0, 0.731706, 0.270407, 0, 0.465562, 0.659866, 0, 0.0978366, 0.676633
0.882, 0.0410909, 0, 0, 0.0104274, 0.310161, 0, 0.731665, 0.270403, 0, 0.465189, 0.659982, 0, 0.0978517, 0.676606
0.886, 0.0400602, 0, 0, 0.0104247, 0.310171, 0, 0.731622, 0.270388, 0, 0.464396, 0.659672, 0, 0.0978179, 0.676647
0.889, 0.0394665, 0, 0, 0.0104192, 0.310163, 0, 0.731578, 0.270376, 0, 0.463831, 0.659473, 0, 0.0978438, 0.676598
0.892, 0.0391693, 0, 0, 0.0104171, 0.310163, 0, 0.731558, 0.27037, 0, 0.463283, 0.65884, 0, 0.0980157, 0.675861
0.896, 0.0388778, 0, 0, 0.0104174, 0.310167, 0, 0.731563, 0.27037, 0, 0.462799, 0.658085, 0, 0.0979891, 0.675888
0.897, 0.038847, 0, 0, 0.0104143, 0.310167, 0, 0.731557, 0.270373, 0, 0.46277, 0.658025, 0, 0.0980279, 0.675848
0.901, 0.0388542, 0, 0, 0.01041, 0.310164, 0, 0.731536, 0.270369, 0, 0.46252, 0.657192, 0, 0.0979531, 0.675908
0.905, 0.0431394, 0, 0, 0.0103398, 0.310214, 0, 0.731348, 0.270537, 0, 0.462282, 0.656577, 0, 0.0978498, 0.676582
0.909, 0.0425149, 0, 0, 0.0104028, 0.310147, 0, 0.731437, 0.270323, 0, 0.463025, 0.645231, 0, 0.0980225, 0.675836
0.912, 0.0420382, 0, 0, 0.0103988, 0.31017, 0, 0.731454, 0.27035, 0, 0.462935, 0.644939, 0, 0.0978376, 0.67661
0.913, 0.0419164, 0, 0, 0.0103971, 0.310162, 0, 0.731446, 0.270346, 0, 0.462899, 0.644866, 0, 0.0977541, 0.676671
0.916, 0.0417987, 0, 0, 0.0103941, 0.310162, 0, 0.731435, 0.270347, 0, 0.462598, 0.64431, 0, 0.0979344, 0.67595
0.92, 0.0418163, 0, 0, 0.0103892, 0.310162, 0, 0.73141, 0.27034, 0, 0.462516, 0.645167, 0, 0.0977834, 0.676651
0.924, 0.0419562, 0, 0, 0.0103857, 0.310162, 0, 0.731428, 0.270285, 0, 0.462128, 0.644805, 0, 0.098769, 0.675783
0.928, 0.0421724, 0, 0, 0.0103813, 0.310162, 0, 0.731373, 0.270261, 0, 0.46201, 0.644819, 0, 0.0988149, 0.675728
0.929, 0.0422361, 0, 0, 0.0103807, 0.310162, 0, 0.731364, 0.270257, 0, 0.461988, 0.644784, 0, 0.0988271, 0.675722
0.933, 0.042511, 0, 0, 0.0103761, 0.310163, 0, 0.731336, 0.270243, 0, 0.461841, 0.644809, 0, 0.0985793, 0.676496
0.937, 0.0428348, 0, 0, 0.0103728, 0.310164, 0, 0.731325, 0.270234, 0, 0.461753, 0.644705, 0, 0.0985689, 0.676495
0.941, 0.043414, 0, 0, 0.0103703, 0.310164, 0, 0.731315, 0.270225, 0, 0.461682, 0.644614, 0, 0.0986778, 0.675811
0.944, 0.0437939, 0, 0, 0.0103668, 0.310165, 0, 0.731302, 0.27022, 0, 0.461617, 0.64456, 0, 0.0986358, 0.676482
0.945, 0.0439113, 0, 0, 0.010366, 0.310195, 0, 0.731299, 0.270217, 0, 0.461605, 0.644548, 0, 0.0987663, 0.675789
0.948, 0.044226, 0, 0, 0.0103678, 0.310201, 0, 0.7313, 0.270206, 0, 0.4615, 0.64386, 0, 0.0987634, 0.675765
0.951, 0.0444758, 0, 0, 0.0103632, 0.3102, 0, 0.731287, 0.270205, 0, 0.461467, 0.643686, 0, 0.0987938, 0.675718
0.954, 0.0446791, 0, 0, 0.010361, 0.310198, 0, 0.731274, 0.270197, 0, 0.461398, 0.643787, 0, 0.0987398, 0.675746
0.958, 0.0448658, 0, 0, 0.0103582, 0.310196, 0, 0.73126, 0.270189, 0, 0.461331, 0.643781, 0, 0.098733, 0.675727
0.962, 0.0449601, 0, 0, 0.0103553, 0.310194, 0, 0.731249, 0.27018, 0, 0.461657, 0.643249, 0, 0.0986824, 0.675756
0.963, 0.044969, 0, 0, 0.0103546, 0.310194, 0, 0.731245, 0.270179, 0, 0.461626, 0.643264, 0, 0.0986971, 0.675742
0.967, 0.0449515, 0, 0, 0.010352, 0.310193, 0, 0.731233, 0.270173, 0, 0.461546, 0.643305, 0, 0.0986668, 0.675742
0.971, 0.0448516, 0, 0, 0.0103495, 0.310192, 0, 0.731222, 0.270167, 0, 0.461437, 0.643281, 0, 0.0986366, 0.675741
0.974, 0.0447295, 0, 0, 0.0103477, 0.310191, 0, 0.731215, 0.270161, 0, 0.461366, 0.643133, 0, 0.0985533, 0.675797
0.977, 0.0445691, 0, 0, 0.0103461, 0.31019, 0, 0.731209, 0.270159, 0, 0.461299, 0.643084, 0, 0.0985223, 0.675797
0.978, 0.0445071, 0, 0, 0.0103453, 0.310189, 0, 0.731207, 0.270159, 0, 0.461278, 0.643069, 0, 0.0985585, 0.675758
0.982, 0.0442296, 0, 0, 0.0103422, 0.310187, 0, 0.731196, 0.270158, 0, 0.461183, 0.643018, 0, 0.0982924, 0.6765
0.986, 0.0439127, 0, 0, 0.0103418, 0.310187, 0, 0.731193, 0.270162, 0, 0.460115, 0.653537, 0, 0.0982541, 0.676481
0.989, 0.0436611, 0, 0, 0.0103411, 0.310186, 0, 0.731188, 0.270159, 0, 0.460031, 0.653506, 0, 0.098568, 0.675702
0.993, 0.0433087, 0, 0, 0.0103394, 0.310185, 0, 0.73118, 0.270158, 0, 0.459899, 0.653453, 0, 0.0985165, 0.675715
0.997, 0.0429521, 0, 0, 0.0103377, 0.310184, 0, 0.731173, 0.270156, 0, 0.459743, 0.653392, 0, 0.0984456, 0.675748
0.998, 0.0428623, 0, 0, 0.0103372, 0.310184, 0, 0.731172, 0.270157, 0, 0.459711, 0.653376, 0, 0.098477, 0.675712
1.001, 0.0425984, 0, 0, 0.0103336, 0.310182, 0, 0.731158, 0.270155, 0, 0.460577, 0.64261, 0, 0.0982824, 0.676459
1.004, 0.0423491, 0, 0, 0.0103331, 0.310183, 0, 0.731157, 0.270154, 0, 0.460535, 0.642566, 0, 0.098451, 0.675714
1.007, 0.0421056, 0, 0, 0.010332, 0.310183, 0, 0.731156, 0.270152, 0, 0.459463, 0.65342, 0, 0.0982243, 0.676501
1.011, 0.0418124, 0, 0, 0.0103315, 0.310182, 0, 0.731152, 0.27015, 0, 0.459351, 0.653374, 0, 0.0984165, 0.675731
1.014, 0.0416269, 0, 0, 0.0103312, 0.310181, 0, 0.731151, 0.270148, 0, 0.459313, 0.653393, 0, 0.0983543, 0.675756
1.017, 0.0414445, 0, 0, 0.0103292, 0.31018, 0, 0.731141, 0.270148, 0, 0.45922, 0.653347, 0, 0.098164, 0.676477
1.018, 0.0413852, 0, 0, 0.0103293, 0.31018, 0, 0.73114, 0.270149, 0, 0.458598, 0.647571, 0, 0.0982805, 0.675772
1.022, 0.0411904, 0, 0, 0.0103268, 0.310179, 0, 0.731126, 0.270146, 0, 0.459243, 0.636471, 0, 0.0983333, 0.67572
1.026, 0.0410402, 0, 0, 0.0103251, 0.310179, 0, 0.73112, 0.27014, 0, 0.459113, 0.636653, 0, 0.0982839, 0.675725
1.03, 0.0409328, 0, 0, 0.0103232, 0.310179, 0, 0.731114, 0.270139, 0, 0.459002, 0.636952, 0, 0.0982423, 0.675732
1.034, 0.0408699, 0, 0, 0.0103216, 0.310179, 0, 0.731111, 0.270139, 0, 0.458851, 0.636891, 0, 0.0979411, 0.676488
1.035, 0.0408651, 0, 0, 0.0103223, 0.310179, 0, 0.731113, 0.270137, 0, 0.458832, 0.636888, 0, 0.0980671, 0.675796
1.039, 0.0408569, 0, 0, 0.0103207, 0.310179, 0, 0.731119, 0.27007, 0, 0.458728, 0.636872, 0, 0.0981162, 0.675735
1.043, 0.0408972, 0, 0, 0.0103195, 0.310178, 0, 0.731104, 0.270068, 0, 0.458595, 0.636883, 0, 0.0980703, 0.675742
1.046, 0.0409576, 0, 0, 0.0103188, 0.310178, 0, 0.731099, 0.270069, 0, 0.458515, 0.636876, 0, 0.0979886, 0.675791
1.049, 0.0410402, 0, 0, 0.0103175, 0.310178, 0, 0.731109, 0.270068, 0, 0.458424, 0.636804, 0, 0.0980397, 0.67573
1.052, 0.0411511, 0, 0, 0.0103168, 0.310178, 0, 0.731096, 0.270066, 0, 0.458343, 0.636796, 0, 0.0979475, 0.675789
1.053, 0.041192, 0, 0, 0.0103164, 0.310178, 0, 0.731093, 0.270067, 0, 0.45832, 0.636794, 0, 0.0979788, 0.675753
1.056, 0.0413333, 0, 0, 0.0103154, 0.310178, 0, 0.731087, 0.270069, 0, 0.458235, 0.636713, 0, 0.0979959, 0.675726
1.06, 0.0415413, 0, 0, 0.0103042, 0.310172, 0, 0.731037, 0.270072, 0, 0.458161, 0.637817, 0, 0.0978586, 0.675788
1.064, 0.0418252, 0, 0, 0.0103116, 0.310179, 0, 0.731063, 0.270074, 0, 0.458054, 0.637901, 0, 0.0979098, 0.67575
1.068, 0.0421212, 0, 0, 0.0103089, 0.310179, 0, 0.731069, 0.270083, 0, 0.45794, 0.637676, 0, 0.0977034, 0.676478
1.071, 0.0423667, 0, 0, 0.0103083, 0.310179, 0, 0.731067, 0.27008, 0, 0.45787, 0.637332, 0, 0.0978752, 0.675732
1.072, 0.0424518, 0, 0, 0.0103079, 0.310179, 0, 0.731066, 0.270081, 0, 0.457839, 0.63727, 0, 0.0978783, 0.675725
1.075, 0.0427113, 0, 0, 0.0103061, 0.310179, 0, 0.731058, 0.270084, 0, 0.45774, 0.637093, 0, 0.0976533, 0.67648
1.078, 0.042985, 0, 0, 0.0103066, 0.310182, 0, 0.731067, 0.27009, 0, 0.457676, 0.636869, 0, 0.0978299, 0.67573
1.081, 0.0432564, 0, 0, 0.0103038, 0.310179, 0, 0.731053, 0.270091, 0, 0.457589, 0.636787, 0, 0.0976079, 0.676477
1.084, 0.0435347, 0, 0, 0.0103038, 0.310179, 0, 0.731048, 0.270091, 0, 0.457512, 0.636637, 0, 0.0977815, 0.675729
1.088, 0.0438921, 0, 0, 0.0103019, 0.31018, 0, 0.73104, 0.270094, 0, 0.457383, 0.636388, 0, 0.097563, 0.676474
1.091, 0.044151, 0, 0, 0.0103014, 0.310181, 0, 0.731041, 0.270097, 0, 0.45729, 0.636199, 0, 0.0974494, 0.676487
1.092, 0.0442337, 0, 0, 0.010301, 0.31018, 0, 0.73104, 0.270098, 0, 0.457258, 0.636134, 0, 0.0974056, 0.676501
1.096, 0.0445402, 0, 0, 0.0103, 0.31018, 0, 0.731036, 0.2701, 0, 0.457122, 0.635768, 0, 0.0973417, 0.676444
1.1, 0.0448024, 0, 0, 0.0102989, 0.310181, 0, 0.731034, 0.270103, 0, 0.456998, 0.635506, 0, 0.097299, 0.676366
1.104, 0.0450109, 0, 0, 0.0102974, 0.310181, 0, 0.731029, 0.270105, 0, 0.456917, 0.635474, 0, 0.0972487, 0.676298
1.108, 0.0451641, 0, 0, 0.010301, 0.310185, 0, 0.731049, 0.270108, 0, 0.456823, 0.635221, 0, 0.0974441, 0.675496
1.112, 0.045232, 0, 0, 0.0102956, 0.310182, 0, 0.731032, 0.270112, 0, 0.4567, 0.634881, 0, 0.0974926, 0.675405
1.118, 0.0452165, 0, 0, 0.0102945, 0.310183, 0, 0.731021, 0.270112, 0, 0.456489, 0.634474, 0, 0.0974459, 0.675432
1.121, 0.04515, 0, 0, 0.0102936, 0.310183, 0, 0.731017, 0.270112, 0, 0.456387, 0.634265, 0, 0.0977009, 0.675125
1.124, 0.0450469, 0, 0, 0.0102931, 0.310184, 0, 0.731019, 0.270113, 0, 0.456284, 0.633873, 0, 0.0976801, 0.675143
1.127, 0.0449114, 0, 0, 0.010292, 0.310184, 0, 0.731017, 0.270114, 0, 0.456211, 0.633804, 0, 0.0976578, 0.675158
1.13, 0.0447453, 0, 0, 0.0102914, 0.310184, 0, 0.731016, 0.270115, 0, 0.456113, 0.633571, 0, 0.0976393, 0.675168
1.131, 0.044684, 0, 0, 0.0102911, 0.310184, 0, 0.731015, 0.270115, 0, 0.456081, 0.633492, 0, 0.0976332, 0.675171
1.134, 0.0444852, 0, 0, 0.0102902, 0.310185, 0, 0.731013, 0.270116, 0, 0.456001, 0.633405, 0, 0.0976147, 0.675182
1.137, 0.0442676, 0, 0, 0.01029, 0.310185, 0, 0.731013, 0.270126, 0, 0.455955, 0.632794, 0, 0.0977119, 0.675168
1.14, 0.0440363, 0, 0, 0.0102894, 0.310185, 0, 0.731011, 0.270127, 0, 0.455856, 0.632547, 0, 0.0976972, 0.675167
1.144, 0.0437158, 0, 0, 0.0102885, 0.310185, 0, 0.731007, 0.270127, 0, 0.455529, 0.632275, 0, 0.0976761, 0.67517
1.147, 0.0434728, 0, 0, 0.010288, 0.310186, 0, 0.731008, 0.270129, 0, 0.455453, 0.632122, 0, 0.0976609, 0.675171
1.151, 0.0431545, 0, 0, 0.0102874, 0.310186, 0, 0.731007, 0.270131, 0, 0.455362, 0.631928, 0, 0.0976399, 0.675172
1.152, 0.0430731, 0, 0, 0.0102858, 0.310186, 0, 0.731002, 0.270132, 0, 0.455381, 0.631876, 0, 0.0974285, 0.675888
1.155, 0.0428555, 0, 0, 0.0102871, 0.310186, 0, 0.731005, 0.270131, 0, 0.455318, 0.631735, 0, 0.0974803, 0.675238
1.158, 0.0426433, 0, 0, 0.0102863, 0.310187, 0, 0.731005, 0.270133, 0, 0.455257, 0.631595, 0, 0.0975825, 0.675117
1.161, 0.0424516, 0, 0, 0.0102859, 0.310187, 0, 0.731005, 0.270133, 0, 0.455196, 0.631459, 0, 0.0975763, 0.675108
1.164, 0.0422791, 0, 0, 0.0102847, 0.310187, 0, 0.731002, 0.270134, 0, 0.455018, 0.631549, 0, 0.0973559, 0.675823
1.167, 0.0421346, 0, 0, 0.0102851, 0.310187, 0, 0.731003, 0.270134, 0, 0.454971, 0.631418, 0, 0.097518, 0.675107
1.17, 0.0420134, 0, 0, 0.0102847, 0.310187, 0, 0.731002, 0.270134, 0, 0.454915, 0.63129, 0, 0.0975195, 0.67509
1.171, 0.041979, 0, 0, 0.0102846, 0.310187, 0, 0.731002, 0.270134, 0, 0.454896, 0.631248, 0, 0.097515, 0.675089
1.175, 0.0418732, 0, 0, 0.0102841, 0.310188, 0, 0.731001, 0.270135, 0, 0.454821, 0.631083, 0, 0.097473, 0.675086
1.178, 0.0418271, 0, 0, 0.0102837, 0.310188, 0, 0.731, 0.270135, 0, 0.454744, 0.631018, 0, 0.0974753, 0.675068
1.182, 0.0418124, 0, 0, 0.0102832, 0.310188, 0, 0.730999, 0.270136, 0, 0.454666, 0.630853, 0, 0.0974571, 0.675067
1.186, 0.0418506, 0, 0, 0.0102828, 0.310188, 0, 0.730998, 0.270136, 0, 0.454599, 0.630705, 0, 0.0974174, 0.675063
1.187, 0.041868, 0, 0, 0.0102827, 0.310188, 0, 0.730998, 0.270136, 0, 0.454583, 0.630669, 0, 0.0974235, 0.675052
1.19, 0.0419399, 0, 0, 0.0102823, 0.310188, 0, 0.730998, 0.270137, 0, 0.454535, 0.630564, 0, 0.0974185, 0.675043
1.193, 0.0420397, 0, 0, 0.010282, 0.310188, 0, 0.730997, 0.270137, 0, 0.454486, 0.630464, 0, 0.0974054, 0.675042
1.196, 0.0421658, 0, 0, 0.0102817, 0.310188, 0, 0.730996, 0.270138, 0, 0.454439, 0.630366, 0, 0.0973929, 0.675041
1.199, 0.0423179, 0, 0, 0.0102816, 0.310188, 0, 0.730996, 0.270137, 0, 0.45439, 0.630272, 0, 0.0973046, 0.675093
1.202, 0.0424892, 0, 0, 0.0102811, 0.310189, 0, 0.730995, 0.270138, 0, 0.454347, 0.630182, 0, 0.0973595, 0.675023
1.205, 0.0426813, 0, 0, 0.0102809, 0.310189, 0, 0.730995, 0.270138, 0, 0.454317, 0.630205, 0, 0.0973568, 0.675014
1.206, 0.0427489, 0, 0, 0.0102807, 0.310189, 0, 0.730995, 0.270139, 0, 0.454314, 0.63019, 0, 0.0973528, 0.675014
1.209, 0.0429617, 0, 0, 0.0102804, 0.310189, 0, 0.730994, 0.270139, 0, 0.454279, 0.630109, 0, 0.0973411, 0.675013
1.213, 0.0432618, 0, 0, 0.01028, 0.310189, 0, 0.730994, 0.270139, 0, 0.454222, 0.629994, 0, 0.097326, 0.675011
1.217, 0.0435714, 0, 0, 0.0102797, 0.310189, 0, 0.730993, 0.27014, 0, 0.454178, 0.629896, 0, 0.0973142, 0.675007
1.221, 0.0438792, 0, 0, 0.0102794, 0.310189, 0, 0.730993, 0.27014, 0, 0.454131, 0.629797, 0, 0.097302, 0.675003
1.222, 0.0439545, 0, 0, 0.0102793, 0.310189, 0, 0.730993, 0.27014, 0, 0.45412, 0.629773, 0, 0.097299, 0.675002
1.226, 0.0442433, 0, 0, 0.0102789, 0.310189, 0, 0.730992, 0.27014, 0, 0.453852, 0.629671, 0, 0.0972874, 0.674999
1.229, 0.0444415, 0, 0, 0.0102787, 0.31019, 0, 0.730993, 0.270141, 0, 0.453816, 0.629605, 0, 0.0972789, 0.674995
1.232, 0.0446202, 0, 0, 0.0102786, 0.310189, 0, 0.730993, 0.27014, 0, 0.453778, 0.62954, 0, 0.0971937, 0.675046
1.235, 0.0447703, 0, 0, 0.0102782, 0.31019, 0, 0.730993, 0.270141, 0, 0.453746, 0.629477, 0, 0.0972513, 0.674975
1.238, 0.0448922, 0, 0, 0.010278, 0.31019, 0, 0.730993, 0.270141, 0, 0.453714, 0.629416, 0, 0.0972506, 0.674964
1.241, 0.0449812, 0, 0, 0.0102779, 0.31019, 0, 0.730993, 0.270142, 0, 0.453682, 0.629357, 0, 0.0972414, 0.674962
1.242, 0.0450029, 0, 0, 0.0102777, 0.31019, 0, 0.730993, 0.270142, 0, 0.453677, 0.629376, 0, 0.0972375, 0.674962
1.245, 0.0450441, 0, 0, 0.0102776, 0.31019, 0, 0.730994, 0.270142, 0, 0.453649, 0.629324, 0, 0.0972297, 0.674959
1.248, 0.0450474, 0, 0, 0.0102775, 0.310191, 0, 0.730994, 0.270142, 0, 0.453619, 0.62927, 0, 0.0972217, 0.674956
1.252, 0.0449925, 0, 0, 0.0102773, 0.310191, 0, 0.730994, 0.270143, 0, 0.453582, 0.6292, 0, 0.0972117, 0.674952
1.256, 0.0448716, 0, 0, 0.0102769, 0.310191, 0, 0.730994, 0.27014, 0, 0.453563, 0.628901, 0, 0.0972024, 0.674948
1.26, 0.0446893, 0, 0, 0.0102766, 0.310191, 0, 0.730994, 0.270139, 0, 0.453527, 0.628847, 0, 0.0971927, 0.674943
1.261, 0.0446349, 0, 0, 0.0102766, 0.310191, 0, 0.730994, 0.270139, 0, 0.453518, 0.628834, 0, 0.0971905, 0.674942
1.264, 0.0444528, 0, 0, 0.0102764, 0.310191, 0, 0.730995, 0.270139, 0, 0.453492, 0.628798, 0, 0.0971838, 0.674939
1.267, 0.0442456, 0, 0, 0.0102762, 0.310191, 0, 0.730995, 0.270139, 0, 0.453466, 0.628764, 0, 0.0971773, 0.674935
1.271, 0.0439379, 0, 0, 0.010276, 0.310192, 0, 0.730995, 0.270138, 0, 0.453433, 0.628723, 0, 0.0971688, 0.67493
1.274, 0.0436898, 0, 0, 0.0102759, 0.310191, 0, 0.730995, 0.270138, 0, 0.453408, 0.628694, 0, 0.0971625, 0.674926
1.277, 0.0434324, 0, 0, 0.0102757, 0.310191, 0, 0.730995, 0.270138, 0, 0.453384, 0.628666, 0, 0.0971565, 0.674922
1.281, 0.0430829, 0, 0, 0.0102755, 0.310192, 0, 0.730995, 0.270137, 0, 0.453352, 0.628632, 0, 0.0971485, 0.674917
1.282, 0.0429955, 0, 0, 0.0102754, 0.310192, 0, 0.730995, 0.270137, 0, 0.453344, 0.628624, 0, 0.0971466, 0.674916
1.285, 0.0427359, 0, 0, 0.0102753, 0.310192, 0, 0.730995, 0.270137, 0, 0.453321, 0.6286, 0, 0.0971408, 0.674912
1.288, 0.0424831, 0, 0, 0.0102751, 0.310192, 0, 0.730995, 0.270136, 0, 0.453298, 0.628577, 0, 0.0971352, 0.674908
1.292, 0.0421629, 0, 0, 0.0102749, 0.310192, 0, 0.730995, 0.270136, 0, 0.453269, 0.628549, 0, 0.0971278, 0.674903
1.296, 0.041868, 0, 0, 0.0102747, 0.310192, 0, 0.730995, 0.270136, 0, 0.45324, 0.628522, 0, 0.0971207, 0.674897
1.3, 0.0416041, 0, 0, 0.0102745, 0.310192, 0, 0.730995, 0.270135, 0, 0.453211, 0.628497, 0, 0.0971137, 0.674892
1.301, 0.0415434, 0, 0, 0.0102744, 0.310192, 0, 0.730995, 0.270135, 0, 0.453204, 0.628492, 0, 0.097112, 0.67489
1.305, 0.0413239, 0, 0, 0.0102742, 0.310192, 0, 0.730995, 0.270135, 0, 0.453176, 0.628468, 0, 0.0971053, 0.674885
1.308, 0.041185, 0, 0, 0.0102744, 0.310192, 0, 0.730996, 0.270135, 0, 0.453159, 0.628456, 0, 0.097104, 0.674879
1.312, 0.0410342, 0, 0, 0.0102743, 0.310193, 0, 0.731, 0.270136, 0, 0.45314, 0.628427, 0, 0.097098, 0.674874
1.316, 0.0409244, 0, 0, 0.010274, 0.310192, 0, 0.731, 0.270136, 0, 0.453122, 0.6284, 0, 0.0970908, 0.674869
1.317, 0.0409035, 0, 0, 0.0102739, 0.310192, 0, 0.731, 0.270136, 0, 0.453117, 0.628394, 0, 0.0970893, 0.674867
1.32, 0.0408568, 0, 0, 0.0102737, 0.310192, 0, 0.730999, 0.270135, 0, 0.453104, 0.628376, 0, 0.0970846, 0.674863
1.327, 0.0408414, 0, 0, 0.0102733, 0.310192, 0, 0.730998, 0.270134, 0, 0.453072, 0.628339, 0, 0.0970746, 0.674854
1.33, 0.040875, 0, 0, 0.0102732, 0.310192, 0, 0.730998, 0.270134, 0, 0.453059, 0.628325, 0, 0.0970704, 0.67485
1.334, 0.0409574, 0, 0, 0.010273, 0.310192, 0, 0.730998, 0.270134, 0, 0.453042, 0.628307, 0, 0.097065, 0.674845
1.335, 0.0409847, 0, 0, 0.0102729, 0.310192, 0, 0.730998, 0.270134, 0, 0.453037, 0.628303, 0, 0.0970637, 0.674843
1.339, 0.0411203, 0, 0, 0.0102727, 0.310192, 0, 0.730998, 0.270133, 0, 0.45302, 0.628287, 0, 0.0970585, 0.674838
1.342, 0.0412493, 0, 0, 0.0102726, 0.310192, 0, 0.730998, 0.270133, 0, 0.453008, 0.628276, 0, 0.0970546, 0.674834
1.346, 0.0414571, 0, 0, 0.0102722, 0.310192, 0, 0.730994, 0.270131, 0, 0.453083, 0.628356, 0, 0.0970502, 0.674831
1.349, 0.0416371, 0, 0, 0.010272, 0.310193, 0, 0.730995, 0.270132, 0, 0.453073, 0.628346, 0, 0.0970459, 0.674827
1.353, 0.0419078, 0, 0, 0.0102717, 0.310192, 0, 0.730996, 0.270132, 0, 0.45306, 0.628337, 0, 0.0970405, 0.674822
1.358, 0.0422886, 0, 0, 0.0102714, 0.310192, 0, 0.730995, 0.270131, 0, 0.453045, 0.628328, 0, 0.0970343, 0.674816
1.361, 0.0425348, 0, 0, 0.0102712, 0.310192, 0, 0.730995, 0.270131, 0, 0.453037, 0.628324, 0, 0.0970307, 0.674812
1.365, 0.0428767, 0, 0, 0.0102711, 0.310192, 0, 0.730994, 0.27013, 0, 0.453026, 0.62832, 0, 0.0970261, 0.674807
1.369, 0.0432257, 0, 0, 0.0102709, 0.310193, 0, 0.730994, 0.27013, 0, 0.453015, 0.628316, 0, 0.0970214, 0.674802
1.37, 0.0433128, 0, 0, 0.0102708, 0.310193, 0, 0.730994, 0.27013, 0, 0.453012, 0.628315, 0, 0.0970203, 0.674801
1.373, 0.043571, 0, 0, 0.0102707, 0.310193, 0, 0.730994, 0.27013, 0, 0.453004, 0.628313, 0, 0.0970169, 0.674797
1.377, 0.0439013, 0, 0, 0.0102705, 0.310193, 0, 0.730994, 0.27013, 0, 0.452993, 0.62831, 0, 0.0970124, 0.674792
1.38, 0.0441321, 0, 0, 0.0102704, 0.310193, 0, 0.730994, 0.270129, 0, 0.452985, 0.628308, 0, 0.0970091, 0.674788
1.384, 0.0444085, 0, 0, 0.0102714, 0.310196, 0, 0.731, 0.27013, 0, 0.452975, 0.628315, 0, 0.0969667, 0.674873
1.388, 0.0446382, 0, 0, 0.0102712, 0.310196, 0, 0.731004, 0.270131, 0, 0.452965, 0.628311, 0, 0.0969752, 0.674899
1.389, 0.0446873, 0, 0, 0.0102704, 0.310195, 0, 0.731003, 0.270131, 0, 0.452961, 0.628302, 0, 0.0969978, 0.674869
1.392, 0.044812, 0, 0, 0.01027, 0.310193, 0, 0.730999, 0.27013, 0, 0.452954, 0.6283, 0, 0.0970239, 0.674836
1.396, 0.0449241, 0, 0, 0.01027, 0.310193, 0, 0.730996, 0.270129, 0, 0.452943, 0.628298, 0, 0.0970208, 0.674831
1.399, 0.0449606, 0, 0, 0.0102657, 0.310189, 0, 0.730969, 0.270125, 0, 0.452954, 0.628264, 0, 0.0977153, 0.671024
1.403, 0.0449601, 0, 0, 0.01027, 0.310196, 0, 0.731001, 0.270131, 0, 0.452924, 0.628293, 0, 0.0970123, 0.674868
1.407, 0.044888, 0, 0, 0.0102698, 0.310193, 0, 0.730998, 0.270129, 0, 0.452914, 0.628292, 0, 0.0970234, 0.674845
1.408, 0.04486, 0, 0, 0.0102698, 0.310194, 0, 0.730998, 0.270129, 0, 0.452911, 0.628292, 0, 0.0970226, 0.674844
1.412, 0.0447115, 0, 0, 0.0102708, 0.310185, 0, 0.731004, 0.270129, 0, 0.452902, 0.628299, 0, 0.0969791, 0.674927
1.416, 0.0445087, 0, 0, 0.0102695, 0.310183, 0, 0.731002, 0.270131, 0, 0.45289, 0.628288, 0, 0.0970261, 0.674866
1.42, 0.0442619, 0, 0, 0.0102695, 0.310184, 0, 0.730999, 0.27013, 0, 0.452879, 0.628286, 0, 0.0970238, 0.674858
1.423, 0.0440548, 0, 0, 0.0102706, 0.310187, 0, 0.731004, 0.27013, 0, 0.452873, 0.628294, 0, 0.0969818, 0.674942
1.424, 0.0439826, 0, 0, 0.0102697, 0.310186, 0, 0.731002, 0.270131, 0, 0.452868, 0.628286, 0, 0.097002, 0.674913
1.428, 0.0436807, 0, 0, 0.0102694, 0.310185, 0, 0.731001, 0.27013, 0, 0.452856, 0.628285, 0, 0.0970287, 0.674874
1.432, 0.0433658, 0, 0, 0.0102652, 0.310181, 0, 0.730974, 0.270126, 0, 0.452864, 0.628252, 0, 0.0977229, 0.671062
1.436, 0.0430607, 0, 0, 0.0102692, 0.310198, 0, 0.731004, 0.270132, 0, 0.452834, 0.628282, 0, 0.097019, 0.674906
1.44, 0.0427636, 0, 0, 0.0102693, 0.310197, 0, 0.731, 0.270128, 0, 0.452824, 0.628281, 0, 0.0970288, 0.674877
1.441, 0.0426926, 0, 0, 0.0102693, 0.310197, 0, 0.731, 0.270128, 0, 0.452822, 0.62828, 0, 0.0970278, 0.674875
1.445, 0.0424241, 0, 0, 0.0102697, 0.310199, 0, 0.731002, 0.270129, 0, 0.452805, 0.62841, 0, 0.0969763, 0.674961
1.449, 0.0421903, 0, 0, 0.0102698, 0.310188, 0, 0.731003, 0.270129, 0, 0.452745, 0.628351, 0, 0.0970309, 0.674889
1.453, 0.0419924, 0, 0, 0.0102691, 0.310185, 0, 0.731002, 0.27013, 0, 0.452734, 0.628356, 0, 0.0970282, 0.674883
1.457, 0.0418399, 0, 0, 0.0102693, 0.310187, 0, 0.731006, 0.270132, 0, 0.45272, 0.628357, 0, 0.0970065, 0.674938
1.458, 0.0418089, 0, 0, 0.010269, 0.310186, 0, 0.731004, 0.270131, 0, 0.452717, 0.628356, 0, 0.0970206, 0.674918
1.461, 0.0417339, 0, 0, 0.0102689, 0.310186, 0, 0.731002, 0.27013, 0, 0.452706, 0.628356, 0, 0.0970325, 0.674897
1.465, 0.0416746, 0, 0, 0.0102646, 0.310182, 0, 0.730974, 0.270126, 0, 0.452711, 0.628325, 0, 0.0977264, 0.671083
1.468, 0.0416707, 0, 0, 0.0102691, 0.310189, 0, 0.731006, 0.270132, 0, 0.452679, 0.628357, 0, 0.0970078, 0.674945
1.471, 0.0416911, 0, 0, 0.0102687, 0.310186, 0, 0.731002, 0.27013, 0, 0.452669, 0.628356, 0, 0.0970324, 0.674906
1.475, 0.0417636, 0, 0, 0.010266, 0.310183, 0, 0.730982, 0.270127, 0, 0.452599, 0.628245, 0, 0.0977394, 0.671083
1.48, 0.0419215, 0, 0, 0.0102688, 0.310188, 0, 0.731006, 0.270133, 0, 0.452536, 0.628246, 0, 0.0970316, 0.674919
1.483, 0.042051, 0, 0, 0.0102688, 0.310187, 0, 0.731002, 0.270131, 0, 0.452521, 0.628248, 0, 0.0970349, 0.674904
1.486, 0.0422041, 0, 0, 0.0102688, 0.310187, 0, 0.731002, 0.270131, 0, 0.452505, 0.628249, 0, 0.0970312, 0.674897
1.49, 0.042441, 0, 0, 0.0102691, 0.31019, 0, 0.731007, 0.270132, 0, 0.452482, 0.62825, 0, 0.0970097, 0.674949
1.493, 0.0426385, 0, 0, 0.0102687, 0.310187, 0, 0.731005, 0.270131, 0, 0.452465, 0.628248, 0, 0.0970349, 0.674911
1.494, 0.0427077, 0, 0, 0.0102688, 0.310188, 0, 0.731005, 0.270132, 0, 0.452459, 0.628248, 0, 0.0970359, 0.674907
1.498, 0.0430001, 0, 0, 0.0102729, 0.310186, 0, 0.73101, 0.270126, 0, 0.452442, 0.628276, 0, 0.097004, 0.67499
1.501, 0.043224, 0, 0, 0.0102688, 0.310189, 0, 0.731008, 0.270132, 0, 0.452418, 0.628247, 0, 0.0970264, 0.674935
1.504, 0.0426804, 0, 0, 0.0098823, 0.269883, 0, 0.701494, 0.224991, 0, 0.457389, 0.62362, 0, 0.0773145, 0.589686
1.507, 0.044599, 0, 0, 0.0115312, 0.326564, 0, 0.76119, 0.286427, 0, 0.451945, 0.628373, 0, 0.103459, 0.677985
1.511, 0.0439193, 0, 0, 0.00998993, 0.303528, 0, 0.73257, 0.26773, 0, 0.453071, 0.628171, 0, 0.0944772, 0.664244
1.515, 0.044231, 0, 0, 0.0101867, 0.308638, 0, 0.729423, 0.269483, 0, 0.452701, 0.628543, 0, 0.0982066, 0.667966
1.519, 0.044429, 0, 0, 0.0102231, 0.308614, 0, 0.727741, 0.268158, 0, 0.45274, 0.628422, 0, 0.0980671, 0.666782
1.522, 0.0446009, 0, 0, 0.0102694, 0.309105, 0, 0.729206, 0.2688, 0, 0.452737, 0.628429, 0, 0.0982752, 0.667104
1.525, 0.0447306, 0, 0, 0.0102812, 0.309187, 0, 0.730427, 0.269293, 0, 0.452742, 0.628429, 0, 0.0983746, 0.667337
1.529, 0.0448431, 0, 0, 0.0102849, 0.309285, 0, 0.731249, 0.269705, 0, 0.452689, 0.628427, 0, 0.0974045, 0.67066
1.53, 0.044861, 0, 0, 0.0102831, 0.309277, 0, 0.73129, 0.269734, 0, 0.452688, 0.628426, 0, 0.0973806, 0.670743
1.534, 0.0448813, 0, 0, 0.0102847, 0.309358, 0, 0.731276, 0.2698, 0, 0.452673, 0.628422, 0, 0.0974492, 0.671244
1.537, 0.0448541, 0, 0, 0.0102855, 0.309397, 0, 0.731142, 0.26978, 0, 0.452665, 0.628424, 0, 0.097475, 0.671354
1.54, 0.0447905, 0, 0, 0.0102862, 0.309446, 0, 0.731045, 0.269775, 0, 0.452656, 0.628422, 0, 0.0975387, 0.671432
1.544, 0.0446519, 0, 0, 0.0102871, 0.309507, 0, 0.730991, 0.269793, 0, 0.452643, 0.628419, 0, 0.0976362, 0.671529
1.548, 0.044457, 0, 0, 0.0102876, 0.309308, 0, 0.73099, 0.269823, 0, 0.45263, 0.628415, 0, 0.0977022, 0.671626
1.549, 0.0444031, 0, 0, 0.0102931, 0.309375, 0, 0.731054, 0.269874, 0, 0.452545, 0.628336, 0, 0.0977577, 0.671692
1.552, 0.0442113, 0, 0, 0.0102877, 0.309383, 0, 0.731017, 0.269888, 0, 0.452516, 0.628304, 0, 0.0977706, 0.671816
1.555, 0.0440012, 0, 0, 0.0102882, 0.309427, 0, 0.731013, 0.269909, 0, 0.452501, 0.628304, 0, 0.0978154, 0.671891
1.558, 0.0437776, 0, 0, 0.0102923, 0.30947, 0, 0.731034, 0.269928, 0, 0.452454, 0.628332, 0, 0.0968764, 0.676533
1.562, 0.0434497, 0, 0, 0.0102874, 0.309516, 0, 0.731016, 0.26995, 0, 0.452422, 0.628293, 0, 0.0969391, 0.676333
1.566, 0.0431136, 0, 0, 0.0102877, 0.309559, 0, 0.731009, 0.269964, 0, 0.452393, 0.628307, 0, 0.0969247, 0.676226
1.567, 0.0430293, 0, 0, 0.0102868, 0.30956, 0, 0.730998, 0.269962, 0, 0.452387, 0.628306, 0, 0.0969121, 0.676195
1.571, 0.0426932, 0, 0, 0.0102877, 0.30961, 0, 0.731011, 0.269985, 0, 0.452357, 0.628305, 0, 0.0968857, 0.676106
1.575, 0.0423679, 0, 0, 0.0102875, 0.309644, 0, 0.731011, 0.269996, 0, 0.452329, 0.628304, 0, 0.0968493, 0.676005
1.579, 0.0420611, 0, 0, 0.0102868, 0.309715, 0, 0.731013, 0.270009, 0, 0.452299, 0.628304, 0, 0.0968114, 0.67591
1.583, 0.0417798, 0, 0, 0.0102867, 0.309745, 0, 0.731011, 0.270013, 0, 0.452269, 0.628305, 0, 0.096769, 0.675806
1.584, 0.0417087, 0, 0, 0.0102819, 0.309742, 0, 0.730979, 0.270008, 0, 0.452282, 0.628275, 0, 0.0974551, 0.671973
1.587, 0.0415289, 0, 0, 0.0102877, 0.309774, 0, 0.731005, 0.270018, 0, 0.452266, 0.628314, 0, 0.0973501, 0.67216
1.59, 0.0413637, 0, 0, 0.0102873, 0.309794, 0, 0.731015, 0.270026, 0, 0.452172, 0.627723, 0, 0.0973398, 0.672206
1.594, 0.0411747, 0, 0, 0.0102869, 0.309821, 0, 0.731022, 0.270037, 0, 0.452134, 0.627724, 0, 0.0973609, 0.672245
1.598, 0.0410229, 0, 0, 0.0102861, 0.309843, 0, 0.731018, 0.270043, 0, 0.451684, 0.62347, 0, 0.0973658, 0.67228
1.602, 0.0409145, 0, 0, 0.0102865, 0.309871, 0, 0.731042, 0.269988, 0, 0.451463, 0.623369, 0, 0.0967177, 0.676027
1.603, 0.0408926, 0, 0, 0.0102847, 0.309867, 0, 0.731027, 0.269984, 0, 0.451453, 0.623361, 0, 0.0967563, 0.675944
1.607, 0.040826, 0, 0, 0.0102803, 0.309884, 0, 0.730985, 0.269985, 0, 0.451424, 0.623328, 0, 0.0974729, 0.672012
1.61, 0.0408151, 0, 0, 0.0102855, 0.309901, 0, 0.730996, 0.269987, 0, 0.451388, 0.623283, 0, 0.0973603, 0.672196
1.616, 0.0408461, 0, 0, 0.0102793, 0.309926, 0, 0.730998, 0.270012, 0, 0.451296, 0.62313, 0, 0.0974511, 0.672034
1.62, 0.0409341, 0, 0, 0.0102884, 0.309946, 0, 0.731033, 0.270016, 0, 0.451208, 0.623242, 0, 0.096655, 0.676021
1.621, 0.0409554, 0, 0, 0.0102837, 0.309947, 0, 0.731023, 0.27002, 0, 0.451204, 0.623162, 0, 0.0966774, 0.675943
1.624, 0.0410459, 0, 0, 0.0102832, 0.309952, 0, 0.731003, 0.270018, 0, 0.451182, 0.62321, 0, 0.0973803, 0.672157
1.627, 0.0411562, 0, 0, 0.0102762, 0.309959, 0, 0.730978, 0.270023, 0, 0.451608, 0.62838, 0, 0.0974087, 0.672069
1.63, 0.041306, 0, 0, 0.0102861, 0.309977, 0, 0.731019, 0.270028, 0, 0.451553, 0.628578, 0, 0.0966612, 0.676003
1.633, 0.0414563, 0, 0, 0.0102769, 0.30998, 0, 0.730991, 0.270034, 0, 0.451503, 0.628552, 0, 0.097394, 0.672093
1.636, 0.0416372, 0, 0, 0.0102766, 0.30999, 0, 0.730994, 0.27004, 0, 0.45145, 0.628603, 0, 0.0973799, 0.67211
1.64, 0.0419116, 0, 0, 0.01028, 0.309997, 0, 0.730997, 0.270039, 0, 0.451393, 0.628714, 0, 0.0973647, 0.672163
1.641, 0.0419894, 0, 0, 0.0102839, 0.310003, 0, 0.731023, 0.270043, 0, 0.45137, 0.628947, 0, 0.0966472, 0.676001
1.645, 0.0422896, 0, 0, 0.0102789, 0.310007, 0, 0.730992, 0.27004, 0, 0.451342, 0.62887, 0, 0.0973682, 0.672147
1.649, 0.0426159, 0, 0, 0.0102773, 0.310014, 0, 0.730988, 0.270044, 0, 0.451276, 0.628959, 0, 0.0973969, 0.672087
1.653, 0.0429607, 0, 0, 0.0102812, 0.310028, 0, 0.731016, 0.27005, 0, 0.451191, 0.629103, 0, 0.096675, 0.675934
1.657, 0.0432942, 0, 0, 0.0102729, 0.310031, 0, 0.730982, 0.270048, 0, 0.451139, 0.629282, 0, 0.0973668, 0.672091
1.658, 0.0433827, 0, 0, 0.010276, 0.310029, 0, 0.730984, 0.270043, 0, 0.451129, 0.629338, 0, 0.0973736, 0.672115
1.661, 0.0436287, 0, 0, 0.0102715, 0.310037, 0, 0.73098, 0.270049, 0, 0.451068, 0.62942, 0, 0.0974014, 0.672027
1.664, 0.0438708, 0, 0, 0.0102761, 0.310041, 0, 0.730987, 0.270043, 0, 0.451031, 0.629702, 0, 0.0973368, 0.672164
1.667, 0.0440913, 0, 0, 0.0102705, 0.310047, 0, 0.730983, 0.270048, 0, 0.451742, 0.637882, 0, 0.0974108, 0.672048
1.671, 0.0443589, 0, 0, 0.0102733, 0.310057, 0, 0.731004, 0.27005, 0, 0.45197, 0.638362, 0, 0.0966568, 0.675934
1.674, 0.0445251, 0, 0, 0.0102725, 0.310051, 0, 0.730977, 0.270038, 0, 0.451973, 0.638462, 0, 0.0973537, 0.672152
1.678, 0.0446971, 0, 0, 0.0102677, 0.310059, 0, 0.730972, 0.270045, 0, 0.451191, 0.630405, 0, 0.0973557, 0.672081
1.679, 0.0447352, 0, 0, 0.0102716, 0.310055, 0, 0.730973, 0.270037, 0, 0.450991, 0.630261, 0, 0.0973654, 0.672101
1.683, 0.0448331, 0, 0, 0.0102688, 0.310066, 0, 0.730975, 0.270042, 0, 0.45087, 0.630363, 0, 0.0973719, 0.672058
1.687, 0.0448725, 0, 0, 0.0102727, 0.310077, 0, 0.731007, 0.270043, 0, 0.45157, 0.638745, 0, 0.0966669, 0.675914
1.69, 0.0448511, 0, 0, 0.0102699, 0.310068, 0, 0.730977, 0.270031, 0, 0.451849, 0.639178, 0, 0.0973452, 0.672149
1.694, 0.0447673, 0, 0, 0.010265, 0.310075, 0, 0.730969, 0.27003, 0, 0.451848, 0.638776, 0, 0.0973667, 0.672089
1.695, 0.044739, 0, 0, 0.0102679, 0.310069, 0, 0.730967, 0.270024, 0, 0.451076, 0.630678, 0, 0.0973487, 0.672109
1.698, 0.0446283, 0, 0, 0.0102695, 0.310076, 0, 0.730971, 0.270024, 0, 0.450768, 0.630473, 0, 0.0973601, 0.672105
1.701, 0.044484, 0, 0, 0.0102635, 0.31008, 0, 0.730967, 0.270029, 0, 0.451793, 0.638959, 0, 0.0973871, 0.672043
1.704, 0.0443166, 0, 0, 0.0102678, 0.310079, 0, 0.73097, 0.270023, 0, 0.451036, 0.630951, 0, 0.0973046, 0.672172
1.707, 0.0441246, 0, 0, 0.0102632, 0.310084, 0, 0.730965, 0.270028, 0, 0.450916, 0.630909, 0, 0.0973716, 0.672039
1.71, 0.0439238, 0, 0, 0.0102717, 0.31009, 0, 0.731, 0.270025, 0, 0.451734, 0.639287, 0, 0.0966271, 0.675994
1.714, 0.0436243, 0, 0, 0.010268, 0.310085, 0, 0.73097, 0.270017, 0, 0.451476, 0.63911, 0, 0.0973558, 0.672131
1.715, 0.0435525, 0, 0, 0.0102717, 0.310094, 0, 0.731, 0.270023, 0, 0.451633, 0.639357, 0, 0.0966293, 0.675985
1.719, 0.0432425, 0, 0, 0.0102667, 0.310096, 0, 0.730993, 0.270027, 0, 0.451628, 0.639462, 0, 0.096653, 0.675913
1.723, 0.0429376, 0, 0, 0.0102659, 0.310091, 0, 0.73097, 0.270017, 0, 0.451681, 0.639615, 0, 0.0973202, 0.672181
1.727, 0.042648, 0, 0, 0.0102634, 0.310091, 0, 0.730961, 0.270003, 0, 0.451588, 0.640146, 0, 0.0973739, 0.672098
1.731, 0.0423857, 0, 0, 0.0102682, 0.310099, 0, 0.73099, 0.270006, 0, 0.451547, 0.640288, 0, 0.0966322, 0.675976
1.732, 0.0423172, 0, 0, 0.0102596, 0.310095, 0, 0.730957, 0.270005, 0, 0.451572, 0.640274, 0, 0.0973421, 0.672107
1.735, 0.0421467, 0, 0, 0.0102634, 0.310094, 0, 0.730959, 0.269999, 0, 0.451361, 0.640169, 0, 0.0973662, 0.672104
1.738, 0.0419962, 0, 0, 0.0102633, 0.310105, 0, 0.730985, 0.270009, 0, 0.45152, 0.640465, 0, 0.0966387, 0.675931
1.741, 0.0418664, 0, 0, 0.0102634, 0.310095, 0, 0.730958, 0.269995, 0, 0.451332, 0.64034, 0, 0.0973458, 0.672137
1.745, 0.0417323, 0, 0, 0.0102579, 0.310101, 0, 0.730955, 0.270003, 0, 0.451508, 0.640624, 0, 0.0973544, 0.672088
1.749, 0.0416521, 0, 0, 0.0102613, 0.3101, 0, 0.730956, 0.269996, 0, 0.45142, 0.640677, 0, 0.0973523, 0.672125
1.75, 0.0416426, 0, 0, 0.0102659, 0.310106, 0, 0.730985, 0.270001, 0, 0.451447, 0.640788, 0, 0.0966298, 0.675978
1.754, 0.0416177, 0, 0, 0.0102601, 0.310099, 0, 0.730953, 0.269995, 0, 0.451467, 0.640866, 0, 0.0973533, 0.672116
1.758, 0.0416504, 0, 0, 0.0102646, 0.310106, 0, 0.730979, 0.27, 0, 0.45066, 0.6328, 0, 0.0966101, 0.675969
1.762, 0.0417281, 0, 0, 0.0102593, 0.310102, 0, 0.730951, 0.269995, 0, 0.451427, 0.641046, 0, 0.0973524, 0.672116
1.766, 0.0418538, 0, 0, 0.0102547, 0.310105, 0, 0.730946, 0.270001, 0, 0.451406, 0.641102, 0, 0.0973725, 0.672054
1.767, 0.0418955, 0, 0, 0.0102584, 0.310101, 0, 0.730948, 0.269994, 0, 0.451408, 0.641147, 0, 0.0973652, 0.672096
1.771, 0.042077, 0, 0, 0.0102542, 0.310107, 0, 0.730944, 0.27, 0, 0.451386, 0.641198, 0, 0.0973711, 0.67205
1.775, 0.0423054, 0, 0, 0.0102631, 0.310111, 0, 0.730975, 0.269999, 0, 0.450589, 0.633139, 0, 0.0965884, 0.676004
1.778, 0.0424921, 0, 0, 0.0102576, 0.310105, 0, 0.730947, 0.269994, 0, 0.451344, 0.641334, 0, 0.0973665, 0.672097
1.781, 0.0426966, 0, 0, 0.0102574, 0.310107, 0, 0.730947, 0.269995, 0, 0.45135, 0.641404, 0, 0.0973446, 0.672128
1.785, 0.0429912, 0, 0, 0.010262, 0.310113, 0, 0.730974, 0.269998, 0, 0.451311, 0.641495, 0, 0.0966244, 0.675982
1.786, 0.0430634, 0, 0, 0.0102578, 0.310114, 0, 0.730968, 0.270002, 0, 0.451301, 0.641483, 0, 0.0966386, 0.675918
1.79, 0.0433654, 0, 0, 0.0102576, 0.310109, 0, 0.730947, 0.269993, 0, 0.451312, 0.641535, 0, 0.0973089, 0.672183
1.796, 0.0438167, 0, 0, 0.0102614, 0.310115, 0, 0.730974, 0.27, 0, 0.451278, 0.641591, 0, 0.0966142, 0.675997
1.799, 0.0440224, 0, 0, 0.0102556, 0.310107, 0, 0.730941, 0.269995, 0, 0.451285, 0.64159, 0, 0.0973614, 0.672093
1.802, 0.044214, 0, 0, 0.0102527, 0.310114, 0, 0.730942, 0.270002, 0, 0.451269, 0.641611, 0, 0.0973292, 0.67212
1.805, 0.0443911, 0, 0, 0.0102565, 0.310117, 0, 0.730967, 0.270005, 0, 0.451238, 0.641676, 0, 0.0966381, 0.675921
1.806, 0.0444394, 0, 0, 0.0102512, 0.31011, 0, 0.730937, 0.27, 0, 0.451252, 0.641648, 0, 0.0973711, 0.672045
1.809, 0.0445854, 0, 0, 0.0102605, 0.310117, 0, 0.730972, 0.27, 0, 0.451229, 0.641748, 0, 0.0966106, 0.675993
1.812, 0.0446949, 0, 0, 0.01026, 0.310116, 0, 0.730971, 0.27, 0, 0.451217, 0.641776, 0, 0.0966209, 0.675984
1.815, 0.0447668, 0, 0, 0.0102546, 0.310109, 0, 0.73094, 0.269996, 0, 0.451224, 0.641765, 0, 0.0973612, 0.672091
1.818, 0.044813, 0, 0, 0.01026, 0.31012, 0, 0.730974, 0.270002, 0, 0.451192, 0.641834, 0, 0.0966018, 0.676018
1.822, 0.0448104, 0, 0, 0.0102593, 0.310116, 0, 0.730968, 0.269998, 0, 0.451183, 0.641775, 0, 0.096631, 0.675961
1.826, 0.0447369, 0, 0, 0.010251, 0.310116, 0, 0.730939, 0.269998, 0, 0.45117, 0.641812, 0, 0.0973321, 0.672111
1.827, 0.0447131, 0, 0, 0.010254, 0.310113, 0, 0.730942, 0.269993, 0, 0.451168, 0.641854, 0, 0.0973391, 0.672135
1.83, 0.0446069, 0, 0, 0.0102496, 0.310115, 0, 0.730936, 0.269996, 0, 0.45114, 0.6419, 0, 0.0973681, 0.672048
1.837, 0.044249, 0, 0, 0.0102529, 0.310112, 0, 0.730938, 0.269987, 0, 0.451092, 0.642115, 0, 0.0973585, 0.672103
1.841, 0.0439778, 0, 0, 0.0102487, 0.310116, 0, 0.730934, 0.269989, 0, 0.45105, 0.642209, 0, 0.0973643, 0.672056
1.844, 0.0437631, 0, 0, 0.0102577, 0.31012, 0, 0.730966, 0.269984, 0, 0.450999, 0.642381, 0, 0.0966056, 0.675997
1.845, 0.0436774, 0, 0, 0.0102493, 0.310117, 0, 0.730934, 0.269983, 0, 0.451005, 0.642309, 0, 0.0973228, 0.672122
1.848, 0.0434421, 0, 0, 0.0102532, 0.310123, 0, 0.730961, 0.269985, 0, 0.450954, 0.642448, 0, 0.0966326, 0.675926
1.851, 0.0431927, 0, 0, 0.0102525, 0.310114, 0, 0.730935, 0.269971, 0, 0.450946, 0.642559, 0, 0.097322, 0.672152
1.854, 0.0429447, 0, 0, 0.0102526, 0.310125, 0, 0.730962, 0.269979, 0, 0.450882, 0.642686, 0, 0.0966228, 0.675948
1.857, 0.0426989, 0, 0, 0.0102558, 0.310118, 0, 0.730959, 0.269965, 0, 0.450868, 0.642616, 0, 0.0966253, 0.675967
1.861, 0.0423683, 0, 0, 0.0102474, 0.310119, 0, 0.73093, 0.269962, 0, 0.450816, 0.642689, 0, 0.0973279, 0.672116
1.864, 0.042142, 0, 0, 0.0102509, 0.310123, 0, 0.730954, 0.269961, 0, 0.450768, 0.642892, 0, 0.0966293, 0.675927
1.865, 0.0420619, 0, 0, 0.0102455, 0.310115, 0, 0.730922, 0.269954, 0, 0.45077, 0.642904, 0, 0.0973615, 0.672052
1.869, 0.0417916, 0, 0, 0.0102544, 0.310123, 0, 0.730957, 0.269947, 0, 0.450687, 0.643197, 0, 0.0965928, 0.676025
1.872, 0.0415938, 0, 0, 0.0102483, 0.310114, 0, 0.730923, 0.269935, 0, 0.45065, 0.643336, 0, 0.0973521, 0.672107
1.875, 0.0414235, 0, 0, 0.0102491, 0.310125, 0, 0.730948, 0.26994, 0, 0.450565, 0.643545, 0, 0.0966225, 0.67594
1.879, 0.0412224, 0, 0, 0.0102481, 0.310116, 0, 0.730919, 0.269918, 0, 0.45056, 0.644418, 0, 0.0972974, 0.672197
1.883, 0.04106, 0, 0, 0.0102459, 0.310115, 0, 0.730916, 0.269912, 0, 0.450517, 0.644218, 0, 0.0973515, 0.672117
1.884, 0.041026, 0, 0, 0.0102468, 0.310117, 0, 0.730918, 0.26991, 0, 0.450503, 0.644261, 0, 0.0973192, 0.672172
1.888, 0.0409127, 0, 0, 0.0102452, 0.310115, 0, 0.730912, 0.269906, 0, 0.450437, 0.64439, 0, 0.097349, 0.672112
1.892, 0.0408431, 0, 0, 0.010246, 0.310127, 0, 0.730938, 0.269912, 0, 0.450345, 0.644549, 0, 0.096617, 0.675961
1.896, 0.0408051, 0, 0, 0.0102411, 0.310119, 0, 0.730906, 0.269901, 0, 0.450297, 0.644662, 0, 0.0973255, 0.672116
1.9, 0.0408192, 0, 0, 0.0102437, 0.310118, 0, 0.730909, 0.269895, 0, 0.450231, 0.644824, 0, 0.0973277, 0.672152
1.904, 0.0408665, 0, 0, 0.0102397, 0.310121, 0, 0.730902, 0.269896, 0, 0.450153, 0.644941, 0, 0.0973352, 0.672106
1.907, 0.0409428, 0, 0, 0.0102477, 0.310125, 0, 0.730933, 0.26989, 0, 0.45011, 0.644785, 0, 0.0965955, 0.676025
1.91, 0.0410253, 0, 0, 0.0102417, 0.310116, 0, 0.730899, 0.269883, 0, 0.450074, 0.644822, 0, 0.0973461, 0.672117
1.914, 0.0411861, 0, 0, 0.0102457, 0.310124, 0, 0.730927, 0.269886, 0, 0.449974, 0.644999, 0, 0.096626, 0.67597
1.917, 0.0413223, 0, 0, 0.0102418, 0.310119, 0, 0.730899, 0.269878, 0, 0.44994, 0.64505, 0, 0.0973063, 0.672188
1.918, 0.0413802, 0, 0, 0.0102461, 0.310127, 0, 0.730928, 0.269883, 0, 0.4499, 0.645109, 0, 0.0965934, 0.676028
1.921, 0.0415427, 0, 0, 0.0102392, 0.310115, 0, 0.730884, 0.269873, 0, 0.449863, 0.645121, 0, 0.0973355, 0.672123
1.924, 0.0417302, 0, 0, 0.0102362, 0.310123, 0, 0.730881, 0.269877, 0, 0.449803, 0.645172, 0, 0.0973051, 0.67215
1.927, 0.0419418, 0, 0, 0.0102388, 0.310117, 0, 0.730878, 0.269868, 0, 0.449748, 0.645259, 0, 0.0973235, 0.672147
1.931, 0.0422405, 0, 0, 0.0102344, 0.310121, 0, 0.730875, 0.269873, 0, 0.449748, 0.646131, 0, 0.097348, 0.672084
1.935, 0.0425642, 0, 0, 0.0102345, 0.310124, 0, 0.730879, 0.269866, 0, 0.449704, 0.645763, 0, 0.0973066, 0.672152
1.94, 0.0429937, 0, 0, 0.0102419, 0.310127, 0, 0.730907, 0.26986, 0, 0.449564, 0.645987, 0, 0.0965855, 0.676037
1.943, 0.0432428, 0, 0, 0.0102358, 0.310118, 0, 0.730872, 0.269851, 0, 0.449501, 0.646034, 0, 0.0973358, 0.672129
1.947, 0.0435764, 0, 0, 0.0102352, 0.310122, 0, 0.730869, 0.269843, 0, 0.449435, 0.646851, 0, 0.097314, 0.672177
1.951, 0.0438904, 0, 0, 0.0102341, 0.31012, 0, 0.730863, 0.269837, 0, 0.449342, 0.646958, 0, 0.0973343, 0.67213
1.952, 0.043965, 0, 0, 0.010235, 0.310122, 0, 0.730866, 0.269836, 0, 0.449318, 0.646999, 0, 0.0973002, 0.672187
1.956, 0.0442375, 0, 0, 0.0102296, 0.310124, 0, 0.730862, 0.269841, 0, 0.449185, 0.64701, 0, 0.0973373, 0.672096
1.96, 0.0444699, 0, 0, 0.0102297, 0.310125, 0, 0.730857, 0.269834, 0, 0.449025, 0.6472, 0, 0.0972966, 0.67216
1.964, 0.0446526, 0, 0, 0.0102329, 0.310122, 0, 0.730854, 0.269823, 0, 0.448884, 0.647454, 0, 0.097288, 0.672205
1.967, 0.0447438, 0, 0, 0.0102268, 0.310124, 0, 0.730839, 0.269817, 0, 0.448822, 0.646796, 0, 0.097336, 0.672094
1.968, 0.0447727, 0, 0, 0.0102306, 0.31012, 0, 0.730841, 0.26981, 0, 0.448783, 0.64687, 0, 0.0973262, 0.672138
1.972, 0.0448287, 0, 0, 0.0102301, 0.310123, 0, 0.730842, 0.269806, 0, 0.448595, 0.647087, 0, 0.0972999, 0.672181
1.976, 0.0448178, 0, 0, 0.0102294, 0.310122, 0, 0.730837, 0.269799, 0, 0.44798, 0.647266, 0, 0.0973233, 0.672123
1.98, 0.0447397, 0, 0, 0.010226, 0.310128, 0, 0.730837, 0.269804, 0, 0.447722, 0.647316, 0, 0.097283, 0.672163
1.983, 0.0446451, 0, 0, 0.0102284, 0.310122, 0, 0.730832, 0.269792, 0, 0.447498, 0.647456, 0, 0.0973039, 0.672152
1.984, 0.0446095, 0, 0, 0.0102334, 0.31013, 0, 0.73086, 0.269795, 0, 0.447396, 0.647535, 0, 0.0965815, 0.676005
1.987, 0.044475, 0, 0, 0.0102352, 0.31013, 0, 0.730867, 0.26979, 0, 0.447248, 0.648221, 0, 0.0966029, 0.675995
1.991, 0.0442456, 0, 0, 0.0102305, 0.31013, 0, 0.73086, 0.26979, 0, 0.447074, 0.648244, 0, 0.0973038, 0.672158
1.994, 0.0440488, 0, 0, 0.0102258, 0.310133, 0, 0.730861, 0.269795, 0, 0.446934, 0.648236, 0, 0.097297, 0.672144
1.998, 0.0437715, 0, 0, 0.010233, 0.310133, 0, 0.730882, 0.269785, 0, 0.446739, 0.648363, 0, 0.0965963, 0.675989
2.002, 0.0434656, 0, 0, 0.0102242, 0.310131, 0, 0.730844, 0.269775, 0, 0.446567, 0.648468, 0, 0.097305, 0.672124
2.003, 0.0496992, 0, 0, 0.00256071, 0.107792, 0, 0.33109, 0.0795968, 0, 0.49585, 0.634892, 0, 0.0632748, 0.374238
2.006, 0.0423826, 0, 0, 0.00660301, 0.0833945, 0, 0.294502, 0.0764439, 0, 0.485139, 0.637234, 0, 0.0588777, 0.284577
2.013, 0.0425617, 0, 0, 0.00305656, 0.0544995, 0, 0.201988, 0.0470593, 0, 0.489936, 0.637436, 0, 0.0414131, 0.19754
2.016, 0.0423446, 0, 0, 0.00163957, 0.043803, 0, 0.139077, 0.0334799, 0, 0.49036, 0.642425, 0, 0.0342805, 0.159332
2.019, 0.0421754, 0, 0, 0.000589953, 0.0340731, 0, 0.122426, 0.0233495, 0, 0.493474, 0.641625, 0, 0.025601, 0.124833
2.022, 0.0419964, 0, 0, 0, 0.0294364, 0, 0.0994645, 0.0136177, 0, 0.496602, 0.639134, 0, 0.0164235, 0.0923444
2.023, 0.0420102, 0, 0, 0, 0.026445, 0, 0.0929376, 0.0122098, 0, 0.496488, 0.649305, 0, 0.00978886, 0.0839173
2.027, 0.0418803, 0, 0, 0, 0.0200186, 0, 0.0719865, 0.00766032, 0, 0.501539, 0.650422, 0, 0.00313982, 0.0455267
2.031, 0.0417016, 0, 0, 0, 0.0151552, 0, 0.0495609, 0.00338132, 0, 0.504475, 0.653416, 0, 0, 0.0149185
2.035, 0.0416275, 0, 0, 0, 0.011431, 0, 0.0417276, 0.00110628, 0, 0.506425, 0.657478, 0, 0, 0.00805118
2.039, 0.0416085, 0, 0, 0, 0.00747177, 0, 0.0330948, 0, 0, 0.506746, 0.659848, 0, 0, 0.00319655
2.043, 0.0416208, 0, 0, 0, 0.00315097, 0, 0.028315, 0, 0, 0.508778, 0.660294, 0, 0, 0
2.047, 0.041667, 0, 0, 0, 0.000128118, 0, 0.0203759, 0, 0, 0.509445, 0.657953, 0, 0, 0
2.051, 0.0417895, 0, 0, 0, 0, 0, 0.0129962, 0, 0, 0.50887, 0.656905, 0, 0, 0
2.055, 0.0419444, 0, 0, 0, 0, 0, 0.00667205, 0, 0, 0.508681, 0.656972, 0, 0, 0
2.06, 0.0421961, 0, 0, 0, 0, 0, 0.00259077, 0, 0, 0.507263, 0.65639, 0, 0, 0
2.064, 0.0424528, 0, 0, 0, 0, 0, 0.000526783, 0, 0, 0.506826, 0.661279, 0, 0, 0
2.068, 0.0427129, 0, 0, 0, 0, 0, 0, 0, 0, 0.506147, 0.661565, 0, 0, 0
2.072, 0.0430162, 0, 0, 0, 0, 0, 0, 0, 0, 0.505951, 0.66167, 0, 0, 0
2.076, 0.0433122, 0, 0, 0, 0, 0, 0, 0, 0, 0.506847, 0.666608, 0, 0, 0
2.08, 0.0435749, 0, 0, 0, 0, 0, 0, 0, 0, 0.50696, 0.666419, 0, 0, 0
2.085, 0.0439406, 0, 0, 0, 0, 0, 0, 0, 0, 0.52493, 0.667265, 0, 0, 0
2.09, 0.0442892, 0, 0, 0, 0, 0, 0, 0, 0, 0.526426, 0.667625, 0, 0, 0
2.091, 0.0441984, 0, 0, 0, 0, 0, 0, 0, 0, 0.571437, 0.66681, 0, 0, 0
2.096, 0.0445963, 0, 0, 0, 0, 0, 0, 0, 0, 0.579848, 0.667598, 0, 0, 0
2.101, 0.0447346, 0, 0, 0, 0, 0, 0, 0, 0, 0.582973, 0.665037, 0, 0, 0
2.106, 0.0447899, 0, 0, 0, 0, 0, 0, 0, 0, 0.586498, 0.661345, 0, 0, 0
2.111, 0.0447528, 0, 0, 0, 0, 0, 0, 0, 0, 0.588561, 0.658361, 0, 0, 0
2.115, 0.0446405, 0, 0, 0, 0, 0, 0, 0, 0, 0.589879, 0.65692, 0, 0, 0
2.12, 0.0444252, 0, 0, 0, 0, 0, 0, 0, 0, 0.590882, 0.653989, 0, 0, 0
2.13, 0.0437607, 0, 0, 0, 0, 0, 0, 0, 0, 0.590809, 0.657536, 0, 0, 0
2.136, 0.0432906, 0, 0, 0, 0, 0, 0, 0, 0, 0.592672, 0.654037, 0, 0, 0
2.141, 0.042834, 0, 0, 0, 0, 0, 0, 0, 0, 0.600194, 0.644301, 0, 0, 0
2.146, 0.0424764, 0, 0, 0, 0, 0, 0, 0, 0, 0.598314, 0.641736, 0, 0, 0
2.15, 0.0421619, 0, 0, 0, 0, 0, 0, 0, 0, 0.595155, 0.639167, 0, 0, 0
2.155, 0.0418032, 0, 0, 0, 0, 0, 0, 0, 0, 0.591671, 0.631742, 0, 0, 0
2.159, 0.0415466, 0, 0, 0, 0, 0, 0, 0, 0, 0.588615, 0.625782, 0, 0, 0
2.164, 0.0412976, 0, 0, 0, 0, 0, 0, 0, 0, 0.610823, 0.613179, 0, 0, 0
2.169, 0.0410423, 0, 0, 0, 0, 0, 0, 0, 0, 0.620158, 0.606341, 0, 0, 0
2.17, 0.0410472, 0, 0, 0, 0, 0, 0, 0, 0, 0.618903, 0.603271, 0, 0, 0
2.175, 0.040908, 0, 0, 0, 0, 0, 0, 0, 0, 0.615379, 0.583008, 0, 0, 0
2.18, 0.0408337, 0, 0, 0, 0, 0, 0, 0, 0, 0.616279, 0.572171, 0, 0, 0
2.185, 0.0408112, 0, 0, 0, 0, 0, 0, 0, 0, 0.612112, 0.562681, 0, 0, 0
2.189, 0.0408699, 0, 0, 0, 0, 0, 0, 0, 0, 0.631999, 0.537941, 0, 0, 0
2.194, 0.0409745, 0, 0, 0, 0, 0, 0, 0, 0, 0.628704, 0.505977, 0, 0, 0
2.204, 0.0413007, 0, 0, 0, 0, 0, 0, 0, 0, 0.618831, 0.451444, 0, 0, 0
2.209, 0.0416585, 0, 0, 0, 0, 0, 0, 0, 0, 0.600505, 0.4123, 0, 0, 0
2.214, 0.0420175, 0, 0, 0, 0, 0, 0, 0, 0, 0.61547, 0.360804, 0, 0, 0
2.218, 0.0423039, 0, 0, 0, 0, 0, 0, 0, 0, 0.57784, 0.317023, 0, 0, 0
2.223, 0.0427144, 0, 0, 0, 0, 0, 0, 0, 0, 0.540578, 0.248398, 0, 0, 0
2.228, 0.043114, 0, 0, 0, 0, 0, 0, 0, 0, 0.480843, 0.179556, 0, 0, 0
2.232, 0.0434531, 0, 0, 0, 0, 0, 0, 0, 0, 0.436185, 0.12565, 0, 0, 0
2.237, 0.0438723, 0, 0, 0, 0, 0, 0, 0, 0, 0.398833, 0.0514806, 0, 0, 0
2.242, 0.0442142, 0, 0, 0, 0, 0, 0, 0, 0, 0.35516, 0.0259144, 0, 0, 0
2.243, 0.0442714, 0, 0, 0, 0, 0, 0, 0, 0, 0.350643, 0.0229515, 0, 0, 0
2.248, 0.0445561, 0, 0, 0, 0, 0, 0, 0, 0, 0.310449, 0, 0, 0, 0
2.253, 0.0447227, 0, 0, 0, 0, 0, 0, 0, 0, 0.287323, 0, 0, 0, 0
2.258, 0.0448107, 0, 0, 0, 0, 0, 0, 0, 0, 0.215207, 0, 0, 0, 0
2.263, 0.0447747, 0, 0, 0, 0, 0, 0, 0, 0, 0.198821, 0.0282346, 0, 0, 0
2.268, 0.0437119, 0, 0, 0, 0, 0, 0, 0, 0, 0.17132, 0.0827473, 0, 0, 0
2.272, 0.044171, 0, 0, 0, 0, 0, 0, 0, 0, 0.179067, 0.0911826, 0, 0, 0
2.282, 0.0438815, 0, 0, 0, 0, 0, 0, 0, 0, 0.167457, 0.132032, 0, 0, 0
2.287, 0, 0, 0, 0, 0, 0, 0, 0, 0, 0.167075, 0.169954, 0, 0, 0
2.291, 0.0184119, 0, 0, 0, 0, 0, 0, 0, 0, 0.180272, 0.154291, 0, 0, 0
2.295, 0, 0, 0, 0, 0, 0, 0, 0, 0, 0.175602, 0.154618, 0, 0, 0
2.299, 0.0518303, 0, 0, 0, 0, 0, 0, 0, 0, 0.173063, 0.19315, 0, 0, 0
2.304, 0.0476913, 0, 0, 0, 0, 0, 0, 0, 0, 0.171948, 0.187782, 0, 0, 0
2.309, 0.00980389, 0, 0, 0, 0, 0, 0, 0, 0, 0.166787, 0.186348, 0, 0, 0
2.313, 0.0426511, 0, 0, 0, 0, 0, 0, 0, 0, 0.163526, 0.180033, 0, 0, 0
2.314, 0.0346757, 0, 0, 0, 0, 0, 0, 0, 0, 0.162704, 0.178665, 0, 0, 0
2.319, 0.0420363, 0, 0, 0, 0, 0, 0, 0, 0, 0.166745, 0.175875, 0, 0, 0
2.324, 0, 0, 0, 0, 0, 0, 0, 0, 0, 0.167775, 0.172935, 0, 0, 0
2.329, 0.0193252, 0, 0, 0, 0, 0, 0, 0, 0, 0.166823, 0.168457, 0, 0, 0
2.333, 0.0600766, 0, 0, 0, 0, 0, 0, 0, 0, 0.166415, 0.165027, 0, 0, 0
2.338, 0, 0, 0, 0, 0, 0, 0, 0, 0, 0.166044, 0.165037, 0, 0, 0
2.347, 0, 0, 0, 0, 0, 0, 0, 0, 0, 0.165778, 0.164203, 0, 0, 0
2.353, 0, 0, 0, 0, 0, 0, 0, 0, 0, 0.161383, 0.169069, 0, 0, 0
2.357, 0.0547872, 0, 0, 0, 0, 0, 0, 0, 0, 0.165014, 0.162912, 0, 0, 0
2.362, 0.0467208, 0, 0, 0, 0, 0, 0, 0, 0, 0.165074, 0.163441, 0, 0, 0
2.367, 0.0466946, 0, 0, 0, 0, 0, 0, 0, 0, 0.164815, 0.166303, 0, 0, 0
2.371, 0.0451314, 0, 0, 0, 0, 0, 0, 0, 0, 0.164191, 0.16611, 0, 0, 0
2.376, 0.0428976, 0, 0, 0, 0, 0, 0, 0, 0, 0.164248, 0.166126, 0, 0, 0
2.377, 0.0425245, 0, 0, 0, 0, 0, 0, 0, 0, 0.164256, 0.166138, 0, 0, 0
2.382, 0.0388896, 0, 0, 0, 0, 0, 0, 0, 0, 0.164327, 0.16638, 0, 0, 0
2.387, 0.0281712, 0, 0, 0, 0, 0, 0, 0, 0, 0.170463, 0.168628, 0, 0, 0
2.392, 0.0409397, 0, 0, 0, 0, 0, 0, 0, 0, 0.170066, 0.168291, 0, 0, 0
2.397, 0.0392651, 0, 0, 0, 0, 0, 0, 0, 0, 0.169801, 0.16876, 0, 0, 0
2.402, 0.0402178, 0, 0, 0, 0, 0, 0, 0, 0, 0.169396, 0.169083, 0, 0, 0
2.407, 0.0412997, 0, 0, 0, 0, 0, 0, 0, 0, 0.169105, 0.169468, 0, 0, 0
2.417, 0.0436618, 0, 0, 0, 0, 0, 0, 0, 0, 0.168538, 0.170267, 0, 0, 0
2.423, 0.0430981, 0, 0, 0, 0, 0, 0, 0, 0, 0.168211, 0.170771, 0, 0, 0
2.427, 0.0398579, 0, 0, 0, 0, 0, 0, 0, 0, 0.167953, 0.171147, 0, 0, 0
2.432, 0.042207, 0, 0, 0, 0, 0, 0, 0, 0, 0.167717, 0.171557, 0, 0, 0
2.437, 0.0427116, 0, 0, 0, 0, 0, 0, 0, 0, 0.167462, 0.171961, 0, 0, 0
2.441, 0.0415682, 0, 0, 0, 0, 0, 0, 0, 0, 0.167268, 0.172326, 0, 0, 0
2.446, 0.0413342, 0, 0, 0, 0, 0, 0, 0, 0, 0.167738, 0.172932, 0, 0, 0
2.451, 0.0411008, 0, 0, 0, 0, 0, 0, 0, 0, 0.161046, 0.17172, 0, 0, 0
2.456, 0.0409001, 0, 0, 0, 0, 0, 0, 0, 0, 0.161063, 0.171853, 0, 0, 0
2.457, 0.0408662, 0, 0, 0, 0, 0, 0, 0, 0, 0.161068, 0.17188, 0, 0, 0
2.462, 0.0407294, 0, 0, 0, 0, 0, 0, 0, 0, 0.161098, 0.172018, 0, 0, 0
2.467, 0.0406477, 0, 0, 0, 0, 0, 0, 0, 0, 0.161134, 0.172158, 0, 0, 0
2.472, 0.0406213, 0, 0, 0, 0, 0, 0, 0, 0, 0.161171, 0.172299, 0, 0, 0
2.477, 0.0406506, 0, 0, 0, 0, 0, 0, 0, 0, 0.161209, 0.172439, 0, 0, 0
2.487, 0.0412926, 0, 0, 0, 0, 0, 0, 0, 0, 0.161009, 0.172515, 0, 0, 0
2.492, 0.0409818, 0, 0, 0, 0, 0, 0, 0, 0, 0.161048, 0.172638, 0, 0, 0
2.497, 0.0412915, 0, 0, 0, 0, 0, 0, 0, 0, 0.161089, 0.172749, 0, 0, 0
2.502, 0.0416059, 0, 0, 0, 0, 0, 0, 0, 0, 0.161127, 0.172856, 0, 0, 0
2.503, 0.0416692, 0, 0, 0, 0, 0, 0, 0, 0, 0.161135, 0.172877, 0, 0, 0
2.508, 0.0419984, 0, 0, 0, 0, 0, 0, 0, 0, 0.161173, 0.172978, 0, 0, 0
2.512, 0.0422768, 0, 0, 0, 0, 0, 0, 0, 0, 0.161203, 0.173055, 0, 0, 0
2.517, 0.043328, 0, 0, 0, 0, 0, 0, 0, 0, 0.161244, 0.173138, 0, 0, 0
2.522, 0.0428919, 0, 0, 0, 0, 0, 0, 0, 0, 0.161277, 0.173237, 0, 0, 0
2.527, 0.0432292, 0, 0, 0, 0, 0, 0, 0, 0, 0.161315, 0.17332, 0, 0, 0
2.532, 0.0435536, 0, 0, 0, 0, 0, 0, 0, 0, 0.161353, 0.173397, 0, 0, 0
2.537, 0.0437576, 0, 0, 0, 0, 0, 0, 0, 0, 0.161391, 0.17347, 0, 0, 0
2.542, 0.0438746, 0, 0, 0, 0, 0, 0, 0, 0, 0.16143, 0.17354, 0, 0, 0
2.543, 0.043888, 0, 0, 0, 0, 0, 0, 0, 0, 0.161438, 0.173554, 0, 0, 0
2.548, 0.0439027, 0, 0, 0, 0, 0, 0, 0, 0, 0.161421, 0.173605, 0, 0, 0
2.553, 0.0438299, 0, 0, 0, 0, 0, 0, 0, 0, 0.161462, 0.173664, 0, 0, 0
2.563, 0.0434503, 0, 0, 0, 0, 0, 0, 0, 0, 0.161545, 0.173773, 0, 0, 0
2.568, 0.0431776, 0, 0, 0, 0, 0, 0, 0, 0, 0.168358, 0.175335, 0, 0, 0
2.573, 0.0428568, 0, 0, 0, 0, 0, 0, 0, 0, 0.161461, 0.174039, 0, 0, 0
2.578, 0.0425263, 0, 0, 0, 0, 0, 0, 0, 0, 0.161505, 0.174066, 0, 0, 0
2.583, 0.0421993, 0, 0, 0, 0, 0, 0, 0, 0, 0.161551, 0.174093, 0, 0, 0
2.588, 0.0418863, 0, 0, 0, 0, 0, 0, 0, 0, 0.161489, 0.174236, 0, 0, 0
2.589, 0.0418356, 0, 0, 0, 0, 0, 0, 0, 0, 0.161498, 0.174239, 0, 0, 0
2.594, 0.0415767, 0, 0, 0, 0, 0, 0, 0, 0, 0.161546, 0.174254, 0, 0, 0
2.599, 0.0413671, 0, 0, 0, 0, 0, 0, 0, 0, 0.161541, 0.174326, 0, 0, 0
2.604, 0.0412199, 0, 0, 0, 0, 0, 0, 0, 0, 0.161537, 0.174391, 0, 0, 0
2.609, 0.0411321, 0, 0, 0, 0, 0, 0, 0, 0, 0.161535, 0.174455, 0, 0, 0
2.614, 0.0411214, 0, 0, 0, 0, 0, 0, 0, 0, 0.161533, 0.174513, 0, 0, 0
2.618, 0.041171, 0, 0, 0, 0, 0, 0, 0, 0, 0.161576, 0.174509, 0, 0, 0
2.623, 0.0412873, 0, 0, 0, 0, 0, 0, 0, 0, 0.161521, 0.174622, 0, 0, 0
2.629, 0.0415172, 0, 0, 0, 0, 0, 0, 0, 0, 0.161588, 0.174607, 0, 0, 0
2.634, 0.0417732, 0, 0, 0, 0, 0, 0, 0, 0, 0.168403, 0.176183, 0, 0, 0
2.639, 0.0420786, 0, 0, 0, 0, 0, 0, 0, 0, 0.161593, 0.174699, 0, 0, 0
2.644, 0.0424181, 0, 0, 0, 0, 0, 0, 0, 0, 0.161597, 0.174742, 0, 0, 0
2.649, 0.0427776, 0, 0, 0, 0, 0, 0, 0, 0, 0.1616, 0.174782, 0, 0, 0
2.654, 0.0431372, 0, 0, 0, 0, 0, 0, 0, 0, 0.161604, 0.17482, 0, 0, 0
2.658, 0.0434055, 0, 0, 0, 0, 0, 0, 0, 0, 0.161596, 0.174861, 0, 0, 0
2.663, 0.0437262, 0, 0, 0, 0, 0, 0, 0, 0, 0.168481, 0.176367, 0, 0, 0
2.668, 0.0439639, 0, 0, 0, 0, 0, 0, 0, 0, 0.161606, 0.174928, 0, 0, 0
2.673, 0.0441474, 0, 0, 0, 0, 0, 0, 0, 0, 0.161666, 0.174899, 0, 0, 0
2.674, 0.0441793, 0, 0, 0, 0, 0, 0, 0, 0, 0.168508, 0.176426, 0, 0, 0
2.679, 0.0442457, 0, 0, 0, 0, 0, 0, 0, 0, 0.161629, 0.17498, 0, 0, 0
2.684, 0.0442253, 0, 0, 0, 0, 0, 0, 0, 0, 0.161691, 0.174948, 0, 0, 0
2.694, 0.0439182, 0, 0, 0, 0, 0, 0, 0, 0, 0.161704, 0.174999, 0, 0, 0
2.698, 0.0437094, 0, 0, 0, 0, 0, 0, 0, 0, 0.161643, 0.17509, 0, 0, 0
2.703, 0.0434009, 0, 0, 0, 0, 0, 0, 0, 0, 0.161706, 0.175052, 0, 0, 0
2.708, 0.0430466, 0, 0, 0, 0, 0, 0, 0, 0, 0.161658, 0.175134, 0, 0, 0
2.712, 0.0427613, 0, 0, 0, 0, 0, 0, 0, 0, 0.161708, 0.175102, 0, 0, 0
2.713, 0.0426876, 0, 0, 0, 0, 0, 0, 0, 0, 0.16172, 0.175094, 0, 0, 0
2.718, 0.0423218, 0, 0, 0, 0, 0, 0, 0, 0, 0.161672, 0.175172, 0, 0, 0
2.723, 0.0419726, 0, 0, 0, 0, 0, 0, 0, 0, 0.161736, 0.175129, 0, 0, 0
2.728, 0.0416529, 0, 0, 0, 0, 0, 0, 0, 0, 0.161688, 0.175206, 0, 0, 0
2.733, 0.0413731, 0, 0, 0, 0, 0, 0, 0, 0, 0.161733, 0.175156, 0, 0, 0
2.738, 0.0411401, 0, 0, 0, 0, 0, 0, 0, 0, 0.161687, 0.17523, 0, 0, 0
2.743, 0.0409523, 0, 0, 0, 0, 0, 0, 0, 0, 0.161696, 0.175244, 0, 0, 0
2.748, 0.0408322, 0, 0, 0, 0, 0, 0, 0, 0, 0.161705, 0.175256, 0, 0, 0
2.753, 0.0407634, 0, 0, 0, 0, 0, 0, 0, 0, 0.161714, 0.175268, 0, 0, 0
2.754, 0.0407575, 0, 0, 0, 0, 0, 0, 0, 0, 0.161726, 0.175258, 0, 0, 0
2.759, 0.0407592, 0, 0, 0, 0, 0, 0, 0, 0, 0.161735, 0.175269, 0, 0, 0
2.764, 0.0408208, 0, 0, 0, 0, 0, 0, 0, 0, 0.161744, 0.175278, 0, 0, 0
2.768, 0.040913, 0, 0, 0, 0, 0, 0, 0, 0, 0.161741, 0.175298, 0, 0, 0
2.778, 0.04131, 0, 0, 0, 0, 0, 0, 0, 0, 0.161759, 0.175313, 0, 0, 0
2.788, 0.0419212, 0, 0, 0, 0, 0, 0, 0, 0, 0.161778, 0.175325, 0, 0, 0
2.793, 0.0422805, 0, 0, 0, 0, 0, 0, 0, 0, 0.161677, 0.175452, 0, 0, 0
2.794, 0.0423642, 0, 0, 0, 0, 0, 0, 0, 0, 0.16169, 0.175439, 0, 0, 0
2.799, 0.0427596, 0, 0, 0, 0, 0, 0, 0, 0, 0.161755, 0.17538, 0, 0, 0
2.804, 0.0431635, 0, 0, 0, 0, 0, 0, 0, 0, 0.168683, 0.176867, 0, 0, 0
2.809, 0.0435377, 0, 0, 0, 0, 0, 0, 0, 0, 0.161776, 0.175389, 0, 0, 0
2.814, 0.0438791, 0, 0, 0, 0, 0, 0, 0, 0, 0.161731, 0.175452, 0, 0, 0
2.819, 0.044164, 0, 0, 0, 0, 0, 0, 0, 0, 0.161796, 0.175392, 0, 0, 0
2.823, 0.044329, 0, 0, 0, 0, 0, 0, 0, 0, 0.161738, 0.175467, 0, 0, 0
2.828, 0.0444732, 0, 0, 0, 0, 0, 0, 0, 0, 0.161803, 0.175407, 0, 0, 0
2.832, 0.0445123, 0, 0, 0, 0, 0, 0, 0, 0, 0.161745, 0.17548, 0, 0, 0
2.833, 0.0445135, 0, 0, 0, 0, 0, 0, 0, 0, 0.161758, 0.175467, 0, 0, 0
2.838, 0.0444631, 0, 0, 0, 0, 0, 0, 0, 0, 0.168689, 0.17695, 0, 0, 0
2.843, 0.0443075, 0, 0, 0, 0, 0, 0, 0, 0, 0.161779, 0.175466, 0, 0, 0
2.848, 0.0440773, 0, 0, 0, 0, 0, 0, 0, 0, 0.168656, 0.17701, 0, 0, 0
2.858, 0.0434448, 0, 0, 0, 0, 0, 0, 0, 0, 0.161755, 0.175521, 0, 0, 0
2.863, 0.0430858, 0, 0, 0, 0, 0, 0, 0, 0, 0.161822, 0.175458, 0, 0, 0
2.868, 0.0427244, 0, 0, 0, 0, 0, 0, 0, 0, 0.161777, 0.175515, 0, 0, 0
2.873, 0.0423882, 0, 0, 0, 0, 0, 0, 0, 0, 0.168712, 0.176996, 0, 0, 0
2.874, 0.0423168, 0, 0, 0, 0, 0, 0, 0, 0, 0.16867, 0.177044, 0, 0, 0
2.879, 0.0420192, 0, 0, 0, 0, 0, 0, 0, 0, 0.161813, 0.175495, 0, 0, 0
2.884, 0.0417803, 0, 0, 0, 0, 0, 0, 0, 0, 0.168693, 0.177036, 0, 0, 0
2.889, 0.0415849, 0, 0, 0, 0, 0, 0, 0, 0, 0.16178, 0.175547, 0, 0, 0
2.894, 0.0414793, 0, 0, 0, 0, 0, 0, 0, 0, 0.16866, 0.177087, 0, 0, 0
2.899, 0.041442, 0, 0, 0, 0, 0, 0, 0, 0, 0.161801, 0.175534, 0, 0, 0
2.904, 0.0414805, 0, 0, 0, 0, 0, 0, 0, 0, 0.168684, 0.177075, 0, 0, 0
2.909, 0.0415947, 0, 0, 0, 0, 0, 0, 0, 0, 0.161825, 0.175523, 0, 0, 0
2.914, 0.0417795, 0, 0, 0, 0, 0, 0, 0, 0, 0.161781, 0.175576, 0, 0, 0
2.915, 0.0418247, 0, 0, 0, 0, 0, 0, 0, 0, 0.161794, 0.175562, 0, 0, 0
2.919, 0.0420286, 0, 0, 0, 0, 0, 0, 0, 0, 0.161848, 0.175509, 0, 0, 0
2.929, 0.0426752, 0, 0, 0, 0, 0, 0, 0, 0, 0.161816, 0.175552, 0, 0, 0
2.934, 0.0430418, 0, 0, 0, 0, 0, 0, 0, 0, 0.168701, 0.177093, 0, 0, 0
2.939, 0.0434134, 0, 0, 0, 0, 0, 0, 0, 0, 0.161785, 0.175597, 0, 0, 0
2.944, 0.0437668, 0, 0, 0, 0, 0, 0, 0, 0, 0.161853, 0.175528, 0, 0, 0
2.949, 0.0440811, 0, 0, 0, 0, 0, 0, 0, 0, 0.161809, 0.175582, 0, 0, 0
2.954, 0.0443279, 0, 0, 0, 0, 0, 0, 0, 0, 0.161766, 0.175634, 0, 0, 0
2.955, 0.0443764, 0, 0, 0, 0, 0, 0, 0, 0, 0.161779, 0.17562, 0, 0, 0
2.96, 0.0445366, 0, 0, 0, 0, 0, 0, 0, 0, 0.161847, 0.17555, 0, 0, 0
2.964, 0.0445964, 0, 0, 0, 0, 0, 0, 0, 0, 0.16179, 0.175616, 0, 0, 0
2.969, 0.0445921, 0, 0, 0, 0, 0, 0, 0, 0, 0.168731, 0.177093, 0, 0, 0
2.974, 0.0444762, 0, 0, 0, 0, 0, 0, 0, 0, 0.161813, 0.175597, 0, 0, 0
2.979, 0.0442762, 0, 0, 0, 0, 0, 0, 0, 0, 0.1687, 0.177135, 0, 0, 0
2.984, 0.0439993, 0, 0, 0, 0, 0, 0, 0, 0, 0.161838, 0.175579, 0, 0, 0
2.989, 0.0436556, 0, 0, 0, 0, 0, 0, 0, 0, 0.161794, 0.17563, 0, 0, 0
2.994, 0.0432791, 0, 0, 0, 0, 0, 0, 0, 0, 0.161806, 0.175621, 0, 0, 0
2.995, 0.0432066, 0, 0, 0, 0, 0, 0, 0, 0, 0.16182, 0.175606, 0, 0, 0
3, 0.0428098, 0, 0, 0, 0, 0, 0, 0, 0, 0.161776, 0.175656, 0, 0, 0
3.005, 0.0424187, 0, 0, 0, 0, 0, 0, 0, 0, 0.161844, 0.175584, 0, 0, 0
3.015, 0.0417042, 0, 0, 0, 0, 0, 0, 0, 0, 0.161814, 0.175625, 0, 0, 0
3.025, 0.0411778, 0, 0, 0, 0, 0, 0, 0, 0, 0.161783, 0.175663, 0, 0, 0
3.03, 0.0409951, 0, 0, 0, 0, 0, 0, 0, 0, 0.161851, 0.17559, 0, 0, 0
3.035, 0.0408623, 0, 0, 0, 0, 0, 0, 0, 0, 0.161753, 0.175701, 0, 0, 0
3.036, 0.0408517, 0, 0, 0, 0, 0, 0, 0, 0, 0.161766, 0.175686, 0, 0, 0
3.04, 0.040807, 0, 0, 0, 0, 0, 0, 0, 0, 0.16182, 0.175626, 0, 0, 0
3.045, 0.0408122, 0, 0, 0, 0, 0, 0, 0, 0, 0.168765, 0.177103, 0, 0, 0
3.05, 0.0408669, 0, 0, 0, 0, 0, 0, 0, 0, 0.16179, 0.175665, 0, 0, 0
3.055, 0.0409913, 0, 0, 0, 0, 0, 0, 0, 0, 0.161859, 0.175592, 0, 0, 0
3.06, 0.0411778, 0, 0, 0, 0, 0, 0, 0, 0, 0.161816, 0.175641, 0, 0, 0
3.065, 0.0414245, 0, 0, 0, 0, 0, 0, 0, 0, 0.168705, 0.177178, 0, 0, 0
3.07, 0.0417267, 0, 0, 0, 0, 0, 0, 0, 0, 0.161841, 0.175618, 0, 0, 0
3.075, 0.0420754, 0, 0, 0, 0, 0, 0, 0, 0, 0.161798, 0.175667, 0, 0, 0
3.076, 0.0421513, 0, 0, 0, 0, 0, 0, 0, 0, 0.161812, 0.175652, 0, 0, 0
3.086, 0.0429557, 0, 0, 0, 0, 0, 0, 0, 0, 0.161837, 0.175627, 0, 0, 0
3.091, 0.0433594, 0, 0, 0, 0, 0, 0, 0, 0, 0.161795, 0.175678, 0, 0, 0
3.096, 0.0437645, 0, 0, 0, 0, 0, 0, 0, 0, 0.168739, 0.177151, 0, 0, 0
3.101, 0.0441055, 0, 0, 0, 0, 0, 0, 0, 0, 0.161819, 0.175651, 0, 0, 0
3.106, 0.0443891, 0, 0, 0, 0, 0, 0, 0, 0, 0.168709, 0.177187, 0, 0, 0
3.11, 0.0445584, 0, 0, 0, 0, 0, 0, 0, 0, 0.161831, 0.175641, 0, 0, 0
3.115, 0.0446784, 0, 0, 0, 0, 0, 0, 0, 0, 0.161789, 0.17569, 0, 0, 0
3.12, 0.0447139, 0, 0, 0, 0, 0, 0, 0, 0, 0.161857, 0.175616, 0, 0, 0
3.121, 0.0447139, 0, 0, 0, 0, 0, 0, 0, 0, 0.168747, 0.177149, 0, 0, 0
3.126, 0.0446155, 0, 0, 0, 0, 0, 0, 0, 0, 0.161828, 0.175649, 0, 0, 0
3.131, 0.0444241, 0, 0, 0, 0, 0, 0, 0, 0, 0.161785, 0.175698, 0, 0, 0
3.136, 0.0441703, 0, 0, 0, 0, 0, 0, 0, 0, 0.161853, 0.175623, 0, 0, 0
3.141, 0.0438421, 0, 0, 0, 0, 0, 0, 0, 0, 0.161756, 0.175732, 0, 0, 0
3.146, 0.0434918, 0, 0, 0, 0, 0, 0, 0, 0, 0.161823, 0.175655, 0, 0, 0
3.156, 0.0427503, 0, 0, 0, 0, 0, 0, 0, 0, 0.161795, 0.17569, 0, 0, 0
3.161, 0.0424081, 0, 0, 0, 0, 0, 0, 0, 0, 0.161863, 0.175616, 0, 0, 0
3.166, 0.0421003, 0, 0, 0, 0, 0, 0, 0, 0, 0.161766, 0.175726, 0, 0, 0
3.167, 0.0420533, 0, 0, 0, 0, 0, 0, 0, 0, 0.161779, 0.17571, 0, 0, 0
3.171, 0.0418637, 0, 0, 0, 0, 0, 0, 0, 0, 0.161833, 0.175649, 0, 0, 0
3.176, 0.0416845, 0, 0, 0, 0, 0, 0, 0, 0, 0.168724, 0.177185, 0, 0, 0
3.181, 0.0415789, 0, 0, 0, 0, 0, 0, 0, 0, 0.161804, 0.175683, 0, 0, 0
3.186, 0.0415492, 0, 0, 0, 0, 0, 0, 0, 0, 0.161873, 0.175609, 0, 0, 0
3.191, 0.0415976, 0, 0, 0, 0, 0, 0, 0, 0, 0.161831, 0.175657, 0, 0, 0
3.195, 0.0416906, 0, 0, 0, 0, 0, 0, 0, 0, 0.16183, 0.175659, 0, 0, 0
3.2, 0.0418737, 0, 0, 0, 0, 0, 0, 0, 0, 0.161843, 0.175647, 0, 0, 0
3.205, 0.0421285, 0, 0, 0, 0, 0, 0, 0, 0, 0.168733, 0.177181, 0, 0, 0
3.206, 0.042172, 0, 0, 0, 0, 0, 0, 0, 0, 0.161814, 0.17568, 0, 0, 0
3.211, 0.0424907, 0, 0, 0, 0, 0, 0, 0, 0, 0.161827, 0.175666, 0, 0, 0
3.216, 0.042843, 0, 0, 0, 0, 0, 0, 0, 0, 0.161839, 0.175653, 0, 0, 0
3.221, 0.0432147, 0, 0, 0, 0, 0, 0, 0, 0, 0.161797, 0.1757, 0, 0, 0
3.225, 0.0435154, 0, 0, 0, 0, 0, 0, 0, 0, 0.161851, 0.17564, 0, 0, 0
3.23, 0.0438724, 0, 0, 0, 0, 0, 0, 0, 0, 0.161809, 0.175687, 0, 0, 0
3.235, 0.0441858, 0, 0, 0, 0, 0, 0, 0, 0, 0.161822, 0.175674, 0, 0, 0
3.245, 0.0446375, 0, 0, 0, 0, 0, 0, 0, 0, 0.168725, 0.177194, 0, 0, 0
3.246, 0.0446497, 0, 0, 0, 0, 0, 0, 0, 0, 0.161806, 0.175693, 0, 0, 0
3.251, 0.0447183, 0, 0, 0, 0, 0, 0, 0, 0, 0.161819, 0.175679, 0, 0, 0
3.256, 0.0446935, 0, 0, 0, 0, 0, 0, 0, 0, 0.161832, 0.175664, 0, 0, 0
3.261, 0.0445561, 0, 0, 0, 0, 0, 0, 0, 0, 0.16179, 0.175712, 0, 0, 0
3.266, 0.0443436, 0, 0, 0, 0, 0, 0, 0, 0, 0.161858, 0.175637, 0, 0, 0
3.271, 0.0440471, 0, 0, 0, 0, 0, 0, 0, 0, 0.161816, 0.175683, 0, 0, 0
3.276, 0.0436864, 0, 0, 0, 0, 0, 0, 0, 0, 0.161829, 0.17567, 0, 0, 0
3.281, 0.0433022, 0, 0, 0, 0, 0, 0, 0, 0, 0.161842, 0.175655, 0, 0, 0
3.286, 0.0428943, 0, 0, 0, 0, 0, 0, 0, 0, 0.1618, 0.175702, 0, 0, 0
3.287, 0.0428138, 0, 0, 0, 0, 0, 0, 0, 0, 0.161813, 0.175686, 0, 0, 0
3.291, 0.0424926, 0, 0, 0, 0, 0, 0, 0, 0, 0.161868, 0.175627, 0, 0, 0
3.295, 0.0421837, 0, 0, 0, 0, 0, 0, 0, 0, 0.161812, 0.175689, 0, 0, 0
3.3, 0.0418303, 0, 0, 0, 0, 0, 0, 0, 0, 0.168703, 0.177223, 0, 0, 0
3.305, 0.0415194, 0, 0, 0, 0, 0, 0, 0, 0, 0.161838, 0.17566, 0, 0, 0
3.31, 0.0412517, 0, 0, 0, 0, 0, 0, 0, 0, 0.161797, 0.175708, 0, 0, 0
3.32, 0.0409129, 0, 0, 0, 0, 0, 0, 0, 0, 0.161823, 0.175679, 0, 0, 0
3.325, 0.040825, 0, 0, 0, 0, 0, 0, 0, 0, 0.16178, 0.175726, 0, 0, 0
3.326, 0.0408231, 0, 0, 0, 0, 0, 0, 0, 0, 0.161794, 0.17571, 0, 0, 0
3.331, 0.0408191, 0, 0, 0, 0, 0, 0, 0, 0, 0.161863, 0.175635, 0, 0, 0
3.336, 0.0408768, 0, 0, 0, 0, 0, 0, 0, 0, 0.161821, 0.175682, 0, 0, 0
3.341, 0.0409996, 0, 0, 0, 0, 0, 0, 0, 0, 0.161834, 0.175668, 0, 0, 0
3.346, 0.0411867, 0, 0, 0, 0, 0, 0, 0, 0, 0.161847, 0.175654, 0, 0, 0
3.351, 0.0414324, 0, 0, 0, 0, 0, 0, 0, 0, 0.161804, 0.175701, 0, 0, 0
3.356, 0.0417438, 0, 0, 0, 0, 0, 0, 0, 0, 0.16875, 0.177174, 0, 0, 0
3.361, 0.0420894, 0, 0, 0, 0, 0, 0, 0, 0, 0.16183, 0.175672, 0, 0, 0
3.366, 0.0424855, 0, 0, 0, 0, 0, 0, 0, 0, 0.168722, 0.177206, 0, 0, 0
3.367, 0.0425542, 0, 0, 0, 0, 0, 0, 0, 0, 0.161802, 0.175704, 0, 0, 0
3.372, 0.0429843, 0, 0, 0, 0, 0, 0, 0, 0, 0.168748, 0.177177, 0, 0, 0
3.377, 0.0433952, 0, 0, 0, 0, 0, 0, 0, 0, 0.161828, 0.175674, 0, 0, 0
3.382, 0.0437924, 0, 0, 0, 0, 0, 0, 0, 0, 0.168719, 0.177209, 0, 0, 0
3.387, 0.044148, 0, 0, 0, 0, 0, 0, 0, 0, 0.161799, 0.175705, 0, 0, 0
3.392, 0.0444396, 0, 0, 0, 0, 0, 0, 0, 0, 0.161868, 0.175629, 0, 0, 0
3.402, 0.0447657, 0, 0, 0, 0, 0, 0, 0, 0, 0.161839, 0.175661, 0, 0, 0
3.407, 0.0447796, 0, 0, 0, 0, 0, 0, 0, 0, 0.168731, 0.177197, 0, 0, 0
3.408, 0.0447693, 0, 0, 0, 0, 0, 0, 0, 0, 0.168689, 0.177243, 0, 0, 0
3.412, 0.0446933, 0, 0, 0, 0, 0, 0, 0, 0, 0.16181, 0.175693, 0, 0, 0
3.417, 0.044513, 0, 0, 0, 0, 0, 0, 0, 0, 0.16188, 0.175619, 0, 0, 0
3.422, 0.0442524, 0, 0, 0, 0, 0, 0, 0, 0, 0.161782, 0.175726, 0, 0, 0
3.427, 0.0439329, 0, 0, 0, 0, 0, 0, 0, 0, 0.16185, 0.17565, 0, 0, 0
3.432, 0.0435717, 0, 0, 0, 0, 0, 0, 0, 0, 0.168686, 0.177246, 0, 0, 0
3.437, 0.043196, 0, 0, 0, 0, 0, 0, 0, 0, 0.161821, 0.175681, 0, 0, 0
3.442, 0.04283, 0, 0, 0, 0, 0, 0, 0, 0, 0.168768, 0.177156, 0, 0, 0
3.446, 0.0425424, 0, 0, 0, 0, 0, 0, 0, 0, 0.161835, 0.17567, 0, 0, 0
3.451, 0.0422267, 0, 0, 0, 0, 0, 0, 0, 0, 0.161847, 0.175656, 0, 0, 0
3.456, 0.0419574, 0, 0, 0, 0, 0, 0, 0, 0, 0.161805, 0.175703, 0, 0, 0
3.46, 0.0417993, 0, 0, 0, 0, 0, 0, 0, 0, 0.16186, 0.175643, 0, 0, 0
3.465, 0.0416571, 0, 0, 0, 0, 0, 0, 0, 0, 0.161817, 0.175689, 0, 0, 0
3.47, 0.0415842, 0, 0, 0, 0, 0, 0, 0, 0, 0.161831, 0.175676, 0, 0, 0
3.475, 0.0416027, 0, 0, 0, 0, 0, 0, 0, 0, 0.161843, 0.175662, 0, 0, 0
3.48, 0.0416991, 0, 0, 0, 0, 0, 0, 0, 0, 0.168734, 0.177196, 0, 0, 0
3.485, 0.0418502, 0, 0, 0, 0, 0, 0, 0, 0, 0.161814, 0.175695, 0, 0, 0
3.49, 0.0420892, 0, 0, 0, 0, 0, 0, 0, 0, 0.168705, 0.177229, 0, 0, 0
3.491, 0.0421357, 0, 0, 0, 0, 0, 0, 0, 0, 0.161785, 0.175727, 0, 0, 0
3.496, 0.0424448, 0, 0, 0, 0, 0, 0, 0, 0, 0.161854, 0.17565, 0, 0, 0
3.501, 0.042788, 0, 0, 0, 0, 0, 0, 0, 0, 0.161812, 0.175697, 0, 0, 0
3.506, 0.0431527, 0, 0, 0, 0, 0, 0, 0, 0, 0.161825, 0.175683, 0, 0, 0
3.511, 0.0435356, 0, 0, 0, 0, 0, 0, 0, 0, 0.161838, 0.175669, 0, 0, 0
3.515, 0.0438191, 0, 0, 0, 0, 0, 0, 0, 0, 0.161782, 0.17573, 0, 0, 0
3.52, 0.0441587, 0, 0, 0, 0, 0, 0, 0, 0, 0.16185, 0.175653, 0, 0, 0
3.53, 0.0446434, 0, 0, 0, 0, 0, 0, 0, 0, 0.168755, 0.177173, 0, 0, 0
3.531, 0.0446667, 0, 0, 0, 0, 0, 0, 0, 0, 0.168713, 0.177219, 0, 0, 0
3.536, 0.0447598, 0, 0, 0, 0, 0, 0, 0, 0, 0.161849, 0.175656, 0, 0, 0
3.541, 0.0447518, 0, 0, 0, 0, 0, 0, 0, 0, 0.161806, 0.175703, 0, 0, 0
3.546, 0.0446526, 0, 0, 0, 0, 0, 0, 0, 0, 0.168753, 0.177176, 0, 0, 0
3.551, 0.0444456, 0, 0, 0, 0, 0, 0, 0, 0, 0.161833, 0.175673, 0, 0, 0
3.555, 0.044226, 0, 0, 0, 0, 0, 0, 0, 0, 0.16871, 0.177223, 0, 0, 0
3.56, 0.0438928, 0, 0, 0, 0, 0, 0, 0, 0, 0.161845, 0.175659, 0, 0, 0
3.565, 0.0435114, 0, 0, 0, 0, 0, 0, 0, 0, 0.161803, 0.175706, 0, 0, 0
3.57, 0.0431068, 0, 0, 0, 0, 0, 0, 0, 0, 0.161872, 0.175631, 0, 0, 0
3.571, 0.0430311, 0, 0, 0, 0, 0, 0, 0, 0, 0.168764, 0.177164, 0, 0, 0
3.576, 0.0426154, 0, 0, 0, 0, 0, 0, 0, 0, 0.161787, 0.175721, 0, 0, 0
3.58, 0.0422999, 0, 0, 0, 0, 0, 0, 0, 0, 0.161843, 0.175659, 0, 0, 0
3.585, 0.0419324, 0, 0, 0, 0, 0, 0, 0, 0, 0.168735, 0.177196, 0, 0, 0
3.595, 0.041338, 0, 0, 0, 0, 0, 0, 0, 0, 0.168761, 0.177166, 0, 0, 0
3.605, 0.0409445, 0, 0, 0, 0, 0, 0, 0, 0, 0.161799, 0.175711, 0, 0, 0
3.61, 0.0408537, 0, 0, 0, 0, 0, 0, 0, 0, 0.161868, 0.175636, 0, 0, 0
3.611, 0.0408485, 0, 0, 0, 0, 0, 0, 0, 0, 0.168759, 0.177169, 0, 0, 0
3.616, 0.0408198, 0, 0, 0, 0, 0, 0, 0, 0, 0.161839, 0.175668, 0, 0, 0
3.621, 0.0408688, 0, 0, 0, 0, 0, 0, 0, 0, 0.16873, 0.177202, 0, 0, 0
3.626, 0.0409757, 0, 0, 0, 0, 0, 0, 0, 0, 0.168743, 0.177188, 0, 0, 0
3.631, 0.0411394, 0, 0, 0, 0, 0, 0, 0, 0, 0.161822, 0.175684, 0, 0, 0
3.636, 0.0413786, 0, 0, 0, 0, 0, 0, 0, 0, 0.168769, 0.177158, 0, 0, 0
3.641, 0.0416625, 0, 0, 0, 0, 0, 0, 0, 0, 0.161793, 0.175716, 0, 0, 0
3.646, 0.0420047, 0, 0, 0, 0, 0, 0, 0, 0, 0.161862, 0.17564, 0, 0, 0
3.651, 0.042387, 0, 0, 0, 0, 0, 0, 0, 0, 0.161821, 0.175688, 0, 0, 0
3.656, 0.0427985, 0, 0, 0, 0, 0, 0, 0, 0, 0.161834, 0.175674, 0, 0, 0
3.657, 0.0428901, 0, 0, 0, 0, 0, 0, 0, 0, 0.168725, 0.177207, 0, 0, 0
3.667, 0.043711, 0, 0, 0, 0, 0, 0, 0, 0, 0.161818, 0.175691, 0, 0, 0
3.672, 0.044081, 0, 0, 0, 0, 0, 0, 0, 0, 0.168709, 0.177225, 0, 0, 0
3.677, 0.0443929, 0, 0, 0, 0, 0, 0, 0, 0, 0.161844, 0.175661, 0, 0, 0
3.682, 0.0446259, 0, 0, 0, 0, 0, 0, 0, 0, 0.16868, 0.177257, 0, 0, 0
3.687, 0.0447692, 0, 0, 0, 0, 0, 0, 0, 0, 0.161815, 0.175691, 0, 0, 0
3.692, 0.0448102, 0, 0, 0, 0, 0, 0, 0, 0, 0.161885, 0.175617, 0, 0, 0
3.697, 0.0447485, 0, 0, 0, 0, 0, 0, 0, 0, 0.161787, 0.175724, 0, 0, 0
3.698, 0.0447255, 0, 0, 0, 0, 0, 0, 0, 0, 0.1618, 0.175708, 0, 0, 0
3.703, 0.0445503, 0, 0, 0, 0, 0, 0, 0, 0, 0.16187, 0.175633, 0, 0, 0
3.708, 0.0442942, 0, 0, 0, 0, 0, 0, 0, 0, 0.161827, 0.17568, 0, 0, 0
3.713, 0.043975, 0, 0, 0, 0, 0, 0, 0, 0, 0.161841, 0.175666, 0, 0, 0
3.718, 0.0436167, 0, 0, 0, 0, 0, 0, 0, 0, 0.161854, 0.175652, 0, 0, 0
3.723, 0.0432388, 0, 0, 0, 0, 0, 0, 0, 0, 0.161811, 0.175697, 0, 0, 0
3.728, 0.0428709, 0, 0, 0, 0, 0, 0, 0, 0, 0.168758, 0.177171, 0, 0, 0
3.733, 0.0425136, 0, 0, 0, 0, 0, 0, 0, 0, 0.161837, 0.175669, 0, 0, 0
3.738, 0.0421956, 0, 0, 0, 0, 0, 0, 0, 0, 0.161796, 0.175717, 0, 0, 0
3.743, 0.0419478, 0, 0, 0, 0, 0, 0, 0, 0, 0.161864, 0.175641, 0, 0, 0
3.749, 0.0417281, 0, 0, 0, 0, 0, 0, 0, 0, 0.161835, 0.175672, 0, 0, 0
3.759, 0.0416011, 0, 0, 0, 0, 0, 0, 0, 0, 0.161862, 0.175644, 0, 0, 0
3.763, 0.0416369, 0, 0, 0, 0, 0, 0, 0, 0, 0.161806, 0.175705, 0, 0, 0
3.767, 0.0417243, 0, 0, 0, 0, 0, 0, 0, 0, 0.161861, 0.175645, 0, 0, 0
3.772, 0.0418984, 0, 0, 0, 0, 0, 0, 0, 0, 0.161818, 0.17569, 0, 0, 0
3.777, 0.0421397, 0, 0, 0, 0, 0, 0, 0, 0, 0.16871, 0.177225, 0, 0, 0
3.782, 0.0424387, 0, 0, 0, 0, 0, 0, 0, 0, 0.161845, 0.175661, 0, 0, 0
3.783, 0.0425041, 0, 0, 0, 0, 0, 0, 0, 0, 0.161859, 0.175646, 0, 0, 0
3.788, 0.0428457, 0, 0, 0, 0, 0, 0, 0, 0, 0.161761, 0.175754, 0, 0, 0
3.793, 0.0432262, 0, 0, 0, 0, 0, 0, 0, 0, 0.161829, 0.175675, 0, 0, 0
3.798, 0.0436084, 0, 0, 0, 0, 0, 0, 0, 0, 0.168777, 0.17715, 0, 0, 0
3.802, 0.0438892, 0, 0, 0, 0, 0, 0, 0, 0, 0.161788, 0.175724, 0, 0, 0
3.807, 0.044216, 0, 0, 0, 0, 0, 0, 0, 0, 0.161856, 0.175648, 0, 0, 0
3.811, 0.0444277, 0, 0, 0, 0, 0, 0, 0, 0, 0.161801, 0.175711, 0, 0, 0
3.816, 0.0446487, 0, 0, 0, 0, 0, 0, 0, 0, 0.168747, 0.177183, 0, 0, 0
3.821, 0.0447599, 0, 0, 0, 0, 0, 0, 0, 0, 0.161826, 0.17568, 0, 0, 0
3.827, 0.0447629, 0, 0, 0, 0, 0, 0, 0, 0, 0.161799, 0.175713, 0, 0, 0
3.832, 0.0446757, 0, 0, 0, 0, 0, 0, 0, 0, 0.168745, 0.177185, 0, 0, 0
3.837, 0.0444721, 0, 0, 0, 0, 0, 0, 0, 0, 0.161825, 0.175684, 0, 0, 0
3.842, 0.0441875, 0, 0, 0, 0, 0, 0, 0, 0, 0.161782, 0.175731, 0, 0, 0
3.847, 0.043853, 0, 0, 0, 0, 0, 0, 0, 0, 0.161851, 0.175654, 0, 0, 0
3.852, 0.0434656, 0, 0, 0, 0, 0, 0, 0, 0, 0.161809, 0.175701, 0, 0, 0
3.856, 0.0431406, 0, 0, 0, 0, 0, 0, 0, 0, 0.161864, 0.175641, 0, 0, 0
3.861, 0.0427286, 0, 0, 0, 0, 0, 0, 0, 0, 0.161821, 0.175687, 0, 0, 0
3.862, 0.0426474, 0, 0, 0, 0, 0, 0, 0, 0, 0.161835, 0.175672, 0, 0, 0
3.867, 0.042245, 0, 0, 0, 0, 0, 0, 0, 0, 0.161793, 0.175719, 0, 0, 0
3.872, 0.0418899, 0, 0, 0, 0, 0, 0, 0, 0, 0.161861, 0.175643, 0, 0, 0
3.877, 0.0415696, 0, 0, 0, 0, 0, 0, 0, 0, 0.161819, 0.175689, 0, 0, 0
3.882, 0.0413007, 0, 0, 0, 0, 0, 0, 0, 0, 0.168711, 0.177224, 0, 0, 0
3.887, 0.0410888, 0, 0, 0, 0, 0, 0, 0, 0, 0.161845, 0.17566, 0, 0, 0
3.897, 0.0408543, 0, 0, 0, 0, 0, 0, 0, 0, 0.16875, 0.17718, 0, 0, 0
3.902, 0.0408216, 0, 0, 0, 0, 0, 0, 0, 0, 0.16183, 0.175677, 0, 0, 0
3.907, 0.0408598, 0, 0, 0, 0, 0, 0, 0, 0, 0.168721, 0.177213, 0, 0, 0
3.908, 0.0408742, 0, 0, 0, 0, 0, 0, 0, 0, 0.16868, 0.177258, 0, 0, 0
3.913, 0.0409913, 0, 0, 0, 0, 0, 0, 0, 0, 0.161814, 0.175692, 0, 0, 0
3.918, 0.0411705, 0, 0, 0, 0, 0, 0, 0, 0, 0.161884, 0.175618, 0, 0, 0
3.923, 0.0414108, 0, 0, 0, 0, 0, 0, 0, 0, 0.161786, 0.175725, 0, 0, 0
3.928, 0.0417107, 0, 0, 0, 0, 0, 0, 0, 0, 0.161855, 0.175649, 0, 0, 0
3.933, 0.0420585, 0, 0, 0, 0, 0, 0, 0, 0, 0.161813, 0.175696, 0, 0, 0
3.937, 0.0423683, 0, 0, 0, 0, 0, 0, 0, 0, 0.161868, 0.175636, 0, 0, 0
3.941, 0.042694, 0, 0, 0, 0, 0, 0, 0, 0, 0.161812, 0.175698, 0, 0, 0
3.946, 0.0431095, 0, 0, 0, 0, 0, 0, 0, 0, 0.161825, 0.175685, 0, 0, 0
3.947, 0.0431996, 0, 0, 0, 0, 0, 0, 0, 0, 0.161839, 0.17567, 0, 0, 0
3.952, 0.0436137, 0, 0, 0, 0, 0, 0, 0, 0, 0.161852, 0.175655, 0, 0, 0
3.957, 0.0439959, 0, 0, 0, 0, 0, 0, 0, 0, 0.161809, 0.1757, 0, 0, 0
3.962, 0.0443253, 0, 0, 0, 0, 0, 0, 0, 0, 0.161878, 0.175626, 0, 0, 0
3.972, 0.0447494, 0, 0, 0, 0, 0, 0, 0, 0, 0.161849, 0.175655, 0, 0, 0
3.982, 0.0447767, 0, 0, 0, 0, 0, 0, 0, 0, 0.16182, 0.17569, 0, 0, 0
3.987, 0.0446504, 0, 0, 0, 0, 0, 0, 0, 0, 0.161833, 0.175675, 0, 0, 0
3.988, 0.0446129, 0, 0, 0, 0, 0, 0, 0, 0, 0.161847, 0.17566, 0, 0, 0
3.993, 0.0443752, 0, 0, 0, 0, 0, 0, 0, 0, 0.161804, 0.175706, 0, 0, 0
3.998, 0.0440786, 0, 0, 0, 0, 0, 0, 0, 0, 0.168751, 0.177179, 0, 0, 0
4.002, 0.0437937, 0, 0, 0, 0, 0, 0, 0, 0, 0.161817, 0.175691, 0, 0, 0
4.007, 0.0434279, 0, 0, 0, 0, 0, 0, 0, 0, 0.168764, 0.177165, 0, 0, 0
4.012, 0.0430425, 0, 0, 0, 0, 0, 0, 0, 0, 0.161787, 0.175722, 0, 0, 0
4.017, 0.042678, 0, 0, 0, 0, 0, 0, 0, 0, 0.161857, 0.175646, 0, 0, 0
4.022, 0.0423455, 0, 0, 0, 0, 0, 0, 0, 0, 0.168694, 0.177242, 0, 0, 0
4.027, 0.0420642, 0, 0, 0, 0, 0, 0, 0, 0, 0.161828, 0.175678, 0, 0, 0
4.028, 0.0420146, 0, 0, 0, 0, 0, 0, 0, 0, 0.161842, 0.175663, 0, 0, 0
4.033, 0.0417984, 0, 0, 0, 0, 0, 0, 0, 0, 0.161801, 0.175711, 0, 0, 0
4.038, 0.0416754, 0, 0, 0, 0, 0, 0, 0, 0, 0.168747, 0.177183, 0, 0, 0
4.043, 0.0416078, 0, 0, 0, 0, 0, 0, 0, 0, 0.161826, 0.175681, 0, 0, 0
4.053, 0.0417209, 0, 0, 0, 0, 0, 0, 0, 0, 0.161853, 0.175654, 0, 0, 0
4.063, 0.042128, 0, 0, 0, 0, 0, 0, 0, 0, 0.168701, 0.177234, 0, 0, 0
4.068, 0.0424238, 0, 0, 0, 0, 0, 0, 0, 0, 0.161836, 0.17567, 0, 0, 0
4.073, 0.0427637, 0, 0, 0, 0, 0, 0, 0, 0, 0.168728, 0.177205, 0, 0, 0
4.074, 0.0428348, 0, 0, 0, 0, 0, 0, 0, 0, 0.168686, 0.177251, 0, 0, 0
4.079, 0.043208, 0, 0, 0, 0, 0, 0, 0, 0, 0.161821, 0.175686, 0, 0, 0
4.084, 0.0435906, 0, 0, 0, 0, 0, 0, 0, 0, 0.168768, 0.17716, 0, 0, 0
4.088, 0.0438736, 0, 0, 0, 0, 0, 0, 0, 0, 0.161835, 0.175674, 0, 0, 0
4.093, 0.0442089, 0, 0, 0, 0, 0, 0, 0, 0, 0.168726, 0.177207, 0, 0, 0
4.098, 0.0444739, 0, 0, 0, 0, 0, 0, 0, 0, 0.161861, 0.175645, 0, 0, 0
4.103, 0.0446688, 0, 0, 0, 0, 0, 0, 0, 0, 0.161818, 0.175691, 0, 0, 0
4.107, 0.0447668, 0, 0, 0, 0, 0, 0, 0, 0, 0.168751, 0.177179, 0, 0, 0
4.112, 0.0447855, 0, 0, 0, 0, 0, 0, 0, 0, 0.161831, 0.175676, 0, 0, 0
4.113, 0.0447784, 0, 0, 0, 0, 0, 0, 0, 0, 0.161845, 0.175661, 0, 0, 0
4.118, 0.0446815, 0, 0, 0, 0, 0, 0, 0, 0, 0.168681, 0.177257, 0, 0, 0
4.123, 0.0444921, 0, 0, 0, 0, 0, 0, 0, 0, 0.161815, 0.175691, 0, 0, 0
4.133, 0.0438781, 0, 0, 0, 0, 0, 0, 0, 0, 0.161787, 0.175724, 0, 0, 0
4.138, 0.0434948, 0, 0, 0, 0, 0, 0, 0, 0, 0.161856, 0.175648, 0, 0, 0
4.143, 0.0430853, 0, 0, 0, 0, 0, 0, 0, 0, 0.161814, 0.175695, 0, 0, 0
4.148, 0.0426682, 0, 0, 0, 0, 0, 0, 0, 0, 0.161827, 0.175682, 0, 0, 0
4.153, 0.0422789, 0, 0, 0, 0, 0, 0, 0, 0, 0.16184, 0.175666, 0, 0, 0
4.158, 0.0419052, 0, 0, 0, 0, 0, 0, 0, 0, 0.161798, 0.175714, 0, 0, 0
4.159, 0.0418436, 0, 0, 0, 0, 0, 0, 0, 0, 0.161812, 0.175699, 0, 0, 0
4.164, 0.0415242, 0, 0, 0, 0, 0, 0, 0, 0, 0.161825, 0.175685, 0, 0, 0
4.169, 0.0412694, 0, 0, 0, 0, 0, 0, 0, 0, 0.161838, 0.17567, 0, 0, 0
4.174, 0.0410643, 0, 0, 0, 0, 0, 0, 0, 0, 0.161795, 0.175716, 0, 0, 0
4.179, 0.040922, 0, 0, 0, 0, 0, 0, 0, 0, 0.161864, 0.17564, 0, 0, 0
4.184, 0.0408401, 0, 0, 0, 0, 0, 0, 0, 0, 0.161822, 0.175687, 0, 0, 0
4.189, 0.0408231, 0, 0, 0, 0, 0, 0, 0, 0, 0.161835, 0.175673, 0, 0, 0
4.194, 0.0408714, 0, 0, 0, 0, 0, 0, 0, 0, 0.161848, 0.175659, 0, 0, 0
4.199, 0.0409901, 0, 0, 0, 0, 0, 0, 0, 0, 0.168739, 0.177192, 0, 0, 0
4.2, 0.0410133, 0, 0, 0, 0, 0, 0, 0, 0, 0.168698, 0.177238, 0, 0, 0
4.21, 0.0414511, 0, 0, 0, 0, 0, 0, 0, 0, 0.168724, 0.177209, 0, 0, 0
4.215, 0.0417578, 0, 0, 0, 0, 0, 0, 0, 0, 0.161804, 0.175704, 0, 0, 0
4.22, 0.0421129, 0, 0, 0, 0, 0, 0, 0, 0, 0.161873, 0.175629, 0, 0, 0
4.225, 0.0424983, 0, 0, 0, 0, 0, 0, 0, 0, 0.161776, 0.175738, 0, 0, 0
4.229, 0.0428388, 0, 0, 0, 0, 0, 0, 0, 0, 0.16183, 0.175676, 0, 0, 0
4.234, 0.0432605, 0, 0, 0, 0, 0, 0, 0, 0, 0.168722, 0.177211, 0, 0, 0
4.239, 0.043671, 0, 0, 0, 0, 0, 0, 0, 0, 0.161857, 0.175649, 0, 0, 0
4.244, 0.0440471, 0, 0, 0, 0, 0, 0, 0, 0, 0.161814, 0.175694, 0, 0, 0
4.245, 0.0441166, 0, 0, 0, 0, 0, 0, 0, 0, 0.161828, 0.175679, 0, 0, 0
4.25, 0.0444233, 0, 0, 0, 0, 0, 0, 0, 0, 0.16872, 0.177214, 0, 0, 0
4.255, 0.0446515, 0, 0, 0, 0, 0, 0, 0, 0, 0.161855, 0.175651, 0, 0, 0
4.259, 0.0447662, 0, 0, 0, 0, 0, 0, 0, 0, 0.161799, 0.175712, 0, 0, 0
4.264, 0.0448215, 0, 0, 0, 0, 0, 0, 0, 0, 0.161867, 0.175637, 0, 0, 0
4.269, 0.0447731, 0, 0, 0, 0, 0, 0, 0, 0, 0.161825, 0.175683, 0, 0, 0
4.274, 0.0446265, 0, 0, 0, 0, 0, 0, 0, 0, 0.161838, 0.17567, 0, 0, 0
4.279, 0.0443957, 0, 0, 0, 0, 0, 0, 0, 0, 0.161851, 0.175655, 0, 0, 0
4.285, 0.0440285, 0, 0, 0, 0, 0, 0, 0, 0, 0.161822, 0.175685, 0, 0, 0
4.29, 0.0436659, 0, 0, 0, 0, 0, 0, 0, 0, 0.161837, 0.175672, 0, 0, 0
4.295, 0.0432955, 0, 0, 0, 0, 0, 0, 0, 0, 0.16185, 0.175657, 0, 0, 0
4.3, 0.0429125, 0, 0, 0, 0, 0, 0, 0, 0, 0.161807, 0.175704, 0, 0, 0
4.305, 0.0425573, 0, 0, 0, 0, 0, 0, 0, 0, 0.161821, 0.175689, 0, 0, 0
4.309, 0.0423068, 0, 0, 0, 0, 0, 0, 0, 0, 0.168698, 0.177238, 0, 0, 0
4.314, 0.042032, 0, 0, 0, 0, 0, 0, 0, 0, 0.161833, 0.175673, 0, 0, 0
4.318, 0.0418628, 0, 0, 0, 0, 0, 0, 0, 0, 0.168766, 0.177162, 0, 0, 0
4.321, 0.0417459, 0, 0, 0, 0, 0, 0, 0, 0, 0.161763, 0.175752, 0, 0, 0
4.322, 0.0417242, 0, 0, 0, 0, 0, 0, 0, 0, 0.161776, 0.175735, 0, 0, 0
4.327, 0.0416286, 0, 0, 0, 0, 0, 0, 0, 0, 0.161845, 0.175658, 0, 0, 0
4.332, 0.0416094, 0, 0, 0, 0, 0, 0, 0, 0, 0.168737, 0.177194, 0, 0, 0
4.337, 0.0416695, 0, 0, 0, 0, 0, 0, 0, 0, 0.161817, 0.175691, 0, 0, 0
4.342, 0.0418118, 0, 0, 0, 0, 0, 0, 0, 0, 0.168764, 0.177165, 0, 0, 0
4.347, 0.0420126, 0, 0, 0, 0, 0, 0, 0, 0, 0.161844, 0.175663, 0, 0, 0
4.357, 0.042604, 0, 0, 0, 0, 0, 0, 0, 0, 0.16187, 0.175635, 0, 0, 0
4.362, 0.0429616, 0, 0, 0, 0, 0, 0, 0, 0, 0.161827, 0.175681, 0, 0, 0
4.363, 0.0430361, 0, 0, 0, 0, 0, 0, 0, 0, 0.161841, 0.175666, 0, 0, 0
4.368, 0.0434118, 0, 0, 0, 0, 0, 0, 0, 0, 0.161799, 0.175712, 0, 0, 0
4.372, 0.0437103, 0, 0, 0, 0, 0, 0, 0, 0, 0.161854, 0.175652, 0, 0, 0
4.377, 0.044057, 0, 0, 0, 0, 0, 0, 0, 0, 0.161812, 0.175699, 0, 0, 0
4.382, 0.0443518, 0, 0, 0, 0, 0, 0, 0, 0, 0.161825, 0.175685, 0, 0, 0
4.387, 0.0445907, 0, 0, 0, 0, 0, 0, 0, 0, 0.161838, 0.17567, 0, 0, 0
4.391, 0.0447087, 0, 0, 0, 0, 0, 0, 0, 0, 0.161782, 0.175732, 0, 0, 0
4.395, 0.0447814, 0, 0, 0, 0, 0, 0, 0, 0, 0.161836, 0.17567, 0, 0, 0
4.4, 0.0447646, 0, 0, 0, 0, 0, 0, 0, 0, 0.161795, 0.175717, 0, 0, 0
4.401, 0.0447572, 0, 0, 0, 0, 0, 0, 0, 0, 0.161809, 0.175701, 0, 0, 0
4.406, 0.0446361, 0, 0, 0, 0, 0, 0, 0, 0, 0.168755, 0.177174, 0, 0, 0
4.411, 0.0444091, 0, 0, 0, 0, 0, 0, 0, 0, 0.161835, 0.175672, 0, 0, 0
4.416, 0.0441035, 0, 0, 0, 0, 0, 0, 0, 0, 0.161793, 0.17572, 0, 0, 0
4.421, 0.0437543, 0, 0, 0, 0, 0, 0, 0, 0, 0.161861, 0.175644, 0, 0, 0
4.431, 0.0429476, 0, 0, 0, 0, 0, 0, 0, 0, 0.16871, 0.177224, 0, 0, 0
4.436, 0.0425395, 0, 0, 0, 0, 0, 0, 0, 0, 0.161845, 0.17566, 0, 0, 0
4.44, 0.0422328, 0, 0, 0, 0, 0, 0, 0, 0, 0.168723, 0.17721, 0, 0, 0
4.441, 0.0421449, 0, 0, 0, 0, 0, 0, 0, 0, 0.161804, 0.175708, 0, 0, 0
4.446, 0.0418063, 0, 0, 0, 0, 0, 0, 0, 0, 0.16875, 0.17718, 0, 0, 0
4.451, 0.0414926, 0, 0, 0, 0, 0, 0, 0, 0, 0.161829, 0.175678, 0, 0, 0
4.455, 0.0412917, 0, 0, 0, 0, 0, 0, 0, 0, 0.168763, 0.177166, 0, 0, 0
4.46, 0.0410771, 0, 0, 0, 0, 0, 0, 0, 0, 0.161786, 0.175723, 0, 0, 0
4.465, 0.0409298, 0, 0, 0, 0, 0, 0, 0, 0, 0.161856, 0.175647, 0, 0, 0
4.469, 0.0408568, 0, 0, 0, 0, 0, 0, 0, 0, 0.168734, 0.177198, 0, 0, 0
4.474, 0.0408233, 0, 0, 0, 0, 0, 0, 0, 0, 0.161813, 0.175694, 0, 0, 0
4.479, 0.0408603, 0, 0, 0, 0, 0, 0, 0, 0, 0.168761, 0.177167, 0, 0, 0
4.48, 0.0408672, 0, 0, 0, 0, 0, 0, 0, 0, 0.168719, 0.177214, 0, 0, 0
4.485, 0.0409752, 0, 0, 0, 0, 0, 0, 0, 0, 0.161854, 0.175651, 0, 0, 0
4.49, 0.0411401, 0, 0, 0, 0, 0, 0, 0, 0, 0.161812, 0.175698, 0, 0, 0
4.5, 0.0416731, 0, 0, 0, 0, 0, 0, 0, 0, 0.161838, 0.175668, 0, 0, 0
4.505, 0.0420085, 0, 0, 0, 0, 0, 0, 0, 0, 0.161796, 0.175716, 0, 0, 0
4.51, 0.0424012, 0, 0, 0, 0, 0, 0, 0, 0, 0.161865, 0.17564, 0, 0, 0
4.515, 0.0428131, 0, 0, 0, 0, 0, 0, 0, 0, 0.161822, 0.175686, 0, 0, 0
4.516, 0.0428976, 0, 0, 0, 0, 0, 0, 0, 0, 0.161836, 0.175671, 0, 0, 0
4.521, 0.0433114, 0, 0, 0, 0, 0, 0, 0, 0, 0.161794, 0.175719, 0, 0, 0
4.526, 0.043726, 0, 0, 0, 0, 0, 0, 0, 0, 0.161862, 0.175643, 0, 0, 0
4.531, 0.0440957, 0, 0, 0, 0, 0, 0, 0, 0, 0.16182, 0.175689, 0, 0, 0
4.536, 0.0444069, 0, 0, 0, 0, 0, 0, 0, 0, 0.168711, 0.177223, 0, 0, 0
4.541, 0.0446405, 0, 0, 0, 0, 0, 0, 0, 0, 0.161846, 0.17566, 0, 0, 0
4.546, 0.0447802, 0, 0, 0, 0, 0, 0, 0, 0, 0.161804, 0.175706, 0, 0, 0
4.551, 0.0448213, 0, 0, 0, 0, 0, 0, 0, 0, 0.161873, 0.175631, 0, 0, 0
4.556, 0.0447582, 0, 0, 0, 0, 0, 0, 0, 0, 0.161775, 0.175738, 0, 0, 0
4.562, 0.0445585, 0, 0, 0, 0, 0, 0, 0, 0, 0.161857, 0.175645, 0, 0, 0
4.572, 0.0439822, 0, 0, 0, 0, 0, 0, 0, 0, 0.161829, 0.175677, 0, 0, 0
4.576, 0.0437027, 0, 0, 0, 0, 0, 0, 0, 0, 0.168762, 0.177166, 0, 0, 0
4.581, 0.0433199, 0, 0, 0, 0, 0, 0, 0, 0, 0.161842, 0.175665, 0, 0, 0
4.586, 0.0429418, 0, 0, 0, 0, 0, 0, 0, 0, 0.161799, 0.175711, 0, 0, 0
4.591, 0.0425858, 0, 0, 0, 0, 0, 0, 0, 0, 0.161868, 0.175636, 0, 0, 0
4.596, 0.0422665, 0, 0, 0, 0, 0, 0, 0, 0, 0.161826, 0.175682, 0, 0, 0
4.597, 0.0422087, 0, 0, 0, 0, 0, 0, 0, 0, 0.16184, 0.175667, 0, 0, 0
4.602, 0.04196, 0, 0, 0, 0, 0, 0, 0, 0, 0.168731, 0.177201, 0, 0, 0
4.607, 0.0417707, 0, 0, 0, 0, 0, 0, 0, 0, 0.168744, 0.177187, 0, 0, 0
4.611, 0.0416647, 0, 0, 0, 0, 0, 0, 0, 0, 0.161809, 0.175699, 0, 0, 0
4.616, 0.0416162, 0, 0, 0, 0, 0, 0, 0, 0, 0.168757, 0.177172, 0, 0, 0
4.621, 0.0416332, 0, 0, 0, 0, 0, 0, 0, 0, 0.161836, 0.17567, 0, 0, 0
4.626, 0.0417267, 0, 0, 0, 0, 0, 0, 0, 0, 0.161795, 0.175718, 0, 0, 0
4.631, 0.0419095, 0, 0, 0, 0, 0, 0, 0, 0, 0.161863, 0.175642, 0, 0, 0
4.636, 0.0421516, 0, 0, 0, 0, 0, 0, 0, 0, 0.16182, 0.175688, 0, 0, 0
4.641, 0.0424509, 0, 0, 0, 0, 0, 0, 0, 0, 0.168712, 0.177223, 0, 0, 0
4.646, 0.042794, 0, 0, 0, 0, 0, 0, 0, 0, 0.161847, 0.175659, 0, 0, 0
4.651, 0.0431625, 0, 0, 0, 0, 0, 0, 0, 0, 0.161805, 0.175706, 0, 0, 0
4.656, 0.0435469, 0, 0, 0, 0, 0, 0, 0, 0, 0.168751, 0.177179, 0, 0, 0
4.661, 0.0439024, 0, 0, 0, 0, 0, 0, 0, 0, 0.161831, 0.175677, 0, 0, 0
4.666, 0.0442197, 0, 0, 0, 0, 0, 0, 0, 0, 0.161789, 0.175724, 0, 0, 0
4.671, 0.0444934, 0, 0, 0, 0, 0, 0, 0, 0, 0.161858, 0.175648, 0, 0, 0
4.672, 0.0445377, 0, 0, 0, 0, 0, 0, 0, 0, 0.161871, 0.175633, 0, 0, 0
4.677, 0.0447078, 0, 0, 0, 0, 0, 0, 0, 0, 0.161773, 0.175739, 0, 0, 0
4.682, 0.0447862, 0, 0, 0, 0, 0, 0, 0, 0, 0.161842, 0.175662, 0, 0, 0
4.687, 0.0447628, 0, 0, 0, 0, 0, 0, 0, 0, 0.168734, 0.177198, 0, 0, 0
4.692, 0.0446404, 0, 0, 0, 0, 0, 0, 0, 0, 0.161813, 0.175694, 0, 0, 0
4.696, 0.0444749, 0, 0, 0, 0, 0, 0, 0, 0, 0.161869, 0.175634, 0, 0, 0
4.701, 0.0441956, 0, 0, 0, 0, 0, 0, 0, 0, 0.161827, 0.175681, 0, 0, 0
4.706, 0.0438514, 0, 0, 0, 0, 0, 0, 0, 0, 0.16184, 0.175667, 0, 0, 0
4.711, 0.0434654, 0, 0, 0, 0, 0, 0, 0, 0, 0.161853, 0.175653, 0, 0, 0
4.717, 0.0429736, 0, 0, 0, 0, 0, 0, 0, 0, 0.161824, 0.175683, 0, 0, 0
4.722, 0.0425644, 0, 0, 0, 0, 0, 0, 0, 0, 0.168716, 0.177218, 0, 0, 0
4.727, 0.0421755, 0, 0, 0, 0, 0, 0, 0, 0, 0.161851, 0.175655, 0, 0, 0
4.732, 0.0418192, 0, 0, 0, 0, 0, 0, 0, 0, 0.161809, 0.175702, 0, 0, 0
4.737, 0.0415173, 0, 0, 0, 0, 0, 0, 0, 0, 0.168755, 0.177175, 0, 0, 0
4.741, 0.0413, 0, 0, 0, 0, 0, 0, 0, 0, 0.161821, 0.175688, 0, 0, 0
4.746, 0.0410887, 0, 0, 0, 0, 0, 0, 0, 0, 0.168712, 0.177222, 0, 0, 0
4.751, 0.0409378, 0, 0, 0, 0, 0, 0, 0, 0, 0.161847, 0.175659, 0, 0, 0
4.752, 0.040915, 0, 0, 0, 0, 0, 0, 0, 0, 0.161861, 0.175644, 0, 0, 0
4.757, 0.0408388, 0, 0, 0, 0, 0, 0, 0, 0, 0.161819, 0.17569, 0, 0, 0
4.762, 0.0408267, 0, 0, 0, 0, 0, 0, 0, 0, 0.16871, 0.177224, 0, 0, 0
4.766, 0.0408634, 0, 0, 0, 0, 0, 0, 0, 0, 0.161831, 0.175676, 0, 0, 0
4.771, 0.0409731, 0, 0, 0, 0, 0, 0, 0, 0, 0.168723, 0.17721, 0, 0, 0
4.776, 0.0411352, 0, 0, 0, 0, 0, 0, 0, 0, 0.161858, 0.175648, 0, 0, 0
4.781, 0.0413652, 0, 0, 0, 0, 0, 0, 0, 0, 0.161816, 0.175693, 0, 0, 0
4.786, 0.0416607, 0, 0, 0, 0, 0, 0, 0, 0, 0.168762, 0.177167, 0, 0, 0
4.79, 0.0419215, 0, 0, 0, 0, 0, 0, 0, 0, 0.161773, 0.17574, 0, 0, 0
4.796, 0.0423769, 0, 0, 0, 0, 0, 0, 0, 0, 0.161856, 0.175647, 0, 0, 0
4.801, 0.0427865, 0, 0, 0, 0, 0, 0, 0, 0, 0.168693, 0.177244, 0, 0, 0
4.805, 0.0431254, 0, 0, 0, 0, 0, 0, 0, 0, 0.161813, 0.175694, 0, 0, 0
4.81, 0.0435482, 0, 0, 0, 0, 0, 0, 0, 0, 0.168761, 0.177168, 0, 0, 0
4.815, 0.0439312, 0, 0, 0, 0, 0, 0, 0, 0, 0.16184, 0.175666, 0, 0, 0
4.82, 0.0442642, 0, 0, 0, 0, 0, 0, 0, 0, 0.161798, 0.175714, 0, 0, 0
4.825, 0.0445499, 0, 0, 0, 0, 0, 0, 0, 0, 0.168744, 0.177186, 0, 0, 0
4.829, 0.0446921, 0, 0, 0, 0, 0, 0, 0, 0, 0.161811, 0.1757, 0, 0, 0
4.83, 0.0447273, 0, 0, 0, 0, 0, 0, 0, 0, 0.161824, 0.175685, 0, 0, 0
4.835, 0.0448078, 0, 0, 0, 0, 0, 0, 0, 0, 0.161782, 0.175732, 0, 0, 0
4.84, 0.0448002, 0, 0, 0, 0, 0, 0, 0, 0, 0.16185, 0.175655, 0, 0, 0
4.845, 0.0446839, 0, 0, 0, 0, 0, 0, 0, 0, 0.168686, 0.177251, 0, 0, 0
4.85, 0.0444797, 0, 0, 0, 0, 0, 0, 0, 0, 0.161821, 0.175685, 0, 0, 0
4.855, 0.0442056, 0, 0, 0, 0, 0, 0, 0, 0, 0.168768, 0.177159, 0, 0, 0
4.86, 0.0438637, 0, 0, 0, 0, 0, 0, 0, 0, 0.161848, 0.175658, 0, 0, 0
4.865, 0.0434885, 0, 0, 0, 0, 0, 0, 0, 0, 0.161806, 0.175705, 0, 0, 0
4.87, 0.0431224, 0, 0, 0, 0, 0, 0, 0, 0, 0.168752, 0.177178, 0, 0, 0
4.871, 0.0430405, 0, 0, 0, 0, 0, 0, 0, 0, 0.16871, 0.177224, 0, 0, 0
4.881, 0.042345, 0, 0, 0, 0, 0, 0, 0, 0, 0.161803, 0.175707, 0, 0, 0
4.891, 0.0418425, 0, 0, 0, 0, 0, 0, 0, 0, 0.161774, 0.175738, 0, 0, 0
4.896, 0.0416927, 0, 0, 0, 0, 0, 0, 0, 0, 0.161843, 0.175661, 0, 0, 0
4.901, 0.041617, 0, 0, 0, 0, 0, 0, 0, 0, 0.168735, 0.177197, 0, 0, 0
4.906, 0.0416203, 0, 0, 0, 0, 0, 0, 0, 0, 0.161814, 0.175693, 0, 0, 0
4.911, 0.0417077, 0, 0, 0, 0, 0, 0, 0, 0, 0.168762, 0.177167, 0, 0, 0
4.912, 0.0417264, 0, 0, 0, 0, 0, 0, 0, 0, 0.16872, 0.177213, 0, 0, 0
4.917, 0.0418974, 0, 0, 0, 0, 0, 0, 0, 0, 0.161855, 0.17565, 0, 0, 0
4.922, 0.042129, 0, 0, 0, 0, 0, 0, 0, 0, 0.161813, 0.175698, 0, 0, 0
4.927, 0.0424316, 0, 0, 0, 0, 0, 0, 0, 0, 0.168704, 0.177232, 0, 0, 0
4.932, 0.0427724, 0, 0, 0, 0, 0, 0, 0, 0, 0.161839, 0.175668, 0, 0, 0
4.936, 0.0430655, 0, 0, 0, 0, 0, 0, 0, 0, 0.168717, 0.177217, 0, 0, 0
4.941, 0.0434426, 0, 0, 0, 0, 0, 0, 0, 0, 0.161852, 0.175654, 0, 0, 0
4.946, 0.0438095, 0, 0, 0, 0, 0, 0, 0, 0, 0.161809, 0.175701, 0, 0, 0
4.951, 0.0441537, 0, 0, 0, 0, 0, 0, 0, 0, 0.168756, 0.177174, 0, 0, 0
4.952, 0.0442086, 0, 0, 0, 0, 0, 0, 0, 0, 0.168714, 0.177221, 0, 0, 0
4.956, 0.0444305, 0, 0, 0, 0, 0, 0, 0, 0, 0.161835, 0.175672, 0, 0, 0
4.966, 0.0447624, 0, 0, 0, 0, 0, 0, 0, 0, 0.161862, 0.175644, 0, 0, 0
4.971, 0.0447858, 0, 0, 0, 0, 0, 0, 0, 0, 0.161819, 0.17569, 0, 0, 0
4.976, 0.0447085, 0, 0, 0, 0, 0, 0, 0, 0, 0.168711, 0.177224, 0, 0, 0
4.98, 0.0445768, 0, 0, 0, 0, 0, 0, 0, 0, 0.161832, 0.175675, 0, 0, 0
4.984, 0.0443883, 0, 0, 0, 0, 0, 0, 0, 0, 0.16871, 0.177225, 0, 0, 0
4.989, 0.0440855, 0, 0, 0, 0, 0, 0, 0, 0, 0.161845, 0.175661, 0, 0, 0
4.99, 0.0440173, 0, 0, 0, 0, 0, 0, 0, 0, 0.161859, 0.175646, 0, 0, 0
4.995, 0.0436399, 0, 0, 0, 0, 0, 0, 0, 0, 0.161761, 0.175754, 0, 0, 0
5, 0.0432464, 0, 0, 0, 0, 0, 0, 0, 0, 0.161829, 0.175675, 0, 0, 0
