Time,Stouch_RA5C1,Stouch_RA6D1,Stouch_RA4P2,Stouch_RA5C2,Stouch_RA6D2,Stouch_RA4P3,Stouch_RA5C3,Stouch_RA6D3,Stouch_RA4P4,Stouch_RA5C4,Stouch_RA6D4,Stouch_RA4P5,Stouch_RA5C5,Stouch_RA6D5
0, 0, 0, 0, 0, 0, 0, 0, 0, 0, 0, 0, 0, 0, 0
0.001, 0, 0, 0, 0, 0, 0, 0, 0, 0, 0, 0, 0, 0, 0
0.002, 0, 0, 0, 0, 0, 0, 0, 0, 0, 0, 0, 0, 0, 0
0.003, 0, 0, 0, 0, 0, 0, 0, 0, 0, 0, 0, 0, 0, 0
0.004, 0, 0, 0, 0, 0, 0, 0, 0, 0, 0, 0, 0, 0, 0
0.005, 0, 0, 0, 0, 0, 0, 0, 0, 0, 0, 0, 0, 0, 0
0.006, 0, 0, 0, 0, 0, 0, 0, 0, 0, 0, 0, 0, 0, 0
0.007, 0, 0, 0, 0, 0, 0, 0, 0, 0, 0, 0, 0, 0, 0
0.008, 0, 0, 0, 0, 0, 0, 0, 0, 0, 0, 0, 0, 0, 0
0.009, 0, 0, 0, 0, 0, 0, 0, 0, 0, 0, 0, 0, 0, 0
0.01, 0, 0, 0, 0, 0, 0, 0, 0, 0, 0, 0, 0, 0, 0
0.011, 0, 0, 0, 0, 0, 0, 0, 0, 0, 0, 0, 0, 0, 0
0.012, 0, 0, 0, 0, 0, 0, 0, 0, 0, 0, 0, 0, 0, 0
0.013, 0, 0, 0, 0, 0, 0, 0, 0, 0, 0, 0, 0, 0, 0
0.014, 0, 0, 0, 0, 0, 0, 0, 0, 0, 0, 0, 0, 0, 0
0.015, 0, 0, 0, 0, 0, 0, 0, 0, 0, 0, 0, 0, 0, 0
0.016, 0, 0, 0, 0, 0, 0, 0, 0, 0, 0, 0, 0, 0, 0
0.017, 0, 0, 0, 0, 0, 0, 0, 0, 0, 0, 0, 0, 0, 0
0.018, 0, 0, 0, 0, 0, 0, 0, 0, 0, 0, 0, 0, 0, 0
0.019, 0, 0, 0, 0, 0, 0, 0, 0, 0, 0, 0, 0, 0, 0
0.02, 0, 0, 0, 0, 0, 0, 0, 0, 0, 0, 0, 0, 0, 0
0.021, 0, 0, 0, 0, 0, 0, 0, 0, 0, 0, 0, 0, 0, 0
0.022, 0, 0, 0, 0, 0, 0, 0, 0, 0, 0, 0, 0, 0, 0
0.023, 0, 0, 0, 0, 0, 0, 0, 0, 0, 0, 0, 0, 0, 0
0.024, 0, 0, 0, 0, 0, 0, 0, 0, 0, 0, 0, 0, 0, 0
0.025, 0, 0, 0, 0, 0, 0, 0, 0, 0, 0, 0, 0, 0, 0
0.026, 0, 0, 0, 0, 0, 0, 0, 0, 0, 0, 0, 0, 0, 0
0.027, 0, 0, 0, 0, 0, 0, 0, 0, 0, 0, 0, 0, 0, 0
0.028, 0, 0, 0, 0, 0, 0, 0, 0, 0, 0, 0, 0, 0, 0
0.029, 0, 0, 0, 0, 0, 0, 0, 0, 0, 0, 0, 0, 0, 0
0.03, 0, 0, 0, 0, 0, 0, 0, 0, 0, 0, 0, 0, 0, 0
0.031, 0, 0, 0, 0, 0, 0, 0, 0, 0, 0, 0, 0, 0, 0
0.032, 0, 0, 0, 0, 0, 0, 0, 0, 0, 0, 0, 0, 0, 0
0.033, 0, 0, 0, 0, 0, 0, 0, 0, 0, 0, 0, 0, 0, 0
0.034, 0, 0, 0, 0, 0, 0, 0, 0, 0, 0, 0, 0, 0, 0
0.035, 0, 0, 0, 0, 0, 0, 0, 0, 0, 0, 0, 0, 0, 0
0.036, 0, 0, 0, 0, 0, 0, 0, 0, 0, 0, 0, 0, 0, 0
0.037, 0, 0, 0, 0, 0, 0, 0, 0, 0, 0, 0, 0, 0, 0
0.038, 0, 0, 0, 0, 0, 0, 0, 0, 0, 0, 0, 0, 0, 0
0.039, 0, 0, 0, 0, 0, 0, 0, 0, 0, 0, 0, 0, 0, 0
0.04, 0, 0, 0, 0, 0, 0, 0, 0, 0, 0, 0, 0, 0, 0
0.041, 0, 0, 0, 0, 0, 0, 0, 0, 0, 0, 0, 0, 0, 0
0.042, 0, 0, 0, 0, 0, 0, 0, 0, 0, 0, 0, 0, 0, 0
0.043, 0, 0.334196, 0, 0, 0, 0, 0, 0, 0, 0, 0, 0, 0, 0
0.044, 0, 0.488797, 0, 0, 0, 0, 0, 0, 0, 0, 0, 0, 0, 0
0.045, 0, 0.646675, 0, 0, 0, 0, 0, 0, 0, 0, 0, 0, 0, 0
0.046, 0, 0.899113, 0, 0, 0, 0, 0, 0, 0, 0, 0, 0, 0, 0
0.047, 0, 0.988648, 0, 0, 0, 0, 0, 0, 0, 0, 0, 0, 0, 0
0.048, 0, 1.10618, 0, 0, 0, 0, 0, 0, 0, 0, 0, 0, 0, 0
0.049, 0, 1.18084, 0, 0, 0, 0, 0, 0, 0, 0, 0, 0, 0, 0
0.05, 0, 1.09961, 0, 0, 0, 0, 0, 0, 0, 0, 0, 0, 0, 0
0.051, 0, 1.21513, 0, 0, 0, 0, 0, 0, 0, 0, 0, 0, 0, 0
0.052, 0, 1.31017, 0, 0, 0, 0, 0, 0, 0, 0, 0, 0, 0, 0
0.053, 0, 1.34733, 0, 0, 0, 0, 0, 0, 0, 0, 0, 0, 0, 0
0.054, 0, 1.44002, 0, 0, 0, 0, 0, 0, 0, 0, 0, 0, 0, 0
0.055, 0, 1.34351, 0, 0, 0, 0, 0, 0, 0, 0, 0, 0, 0, 0
0.056, 0, 1.40288, 0, 0, 0, 0, 0, 0, 0, 0, 0, 0, 0, 0
0.057, 0, 1.46743, 0, 0, 0, 0, 0, 0, 0, 0, 0, 0, 0, 0
0.058, 0, 1.52551, 0, 0, 0, 0, 0, 0, 0, 0, 0, 0, 0, 0
0.059, 0, 1.02674, 0, 0, 0, 0, 0, 0, 0, 0, 0, 0, 0, 0
0.06, 0, 1.33132, 0, 0, 0, 0, 0, 0, 0, 0, 0, 0, 0, 0
0.061, 0, 1.30768, 0, 0, 0, 0, 0, 0, 0, 0, 0, 0, 0, 0
0.062, 0, 1.30857, 0, 0, 0, 0, 0, 0, 0, 0, 0, 0, 0, 0
0.063, 0, 1.29484, 0, 0, 0, 0, 0, 0, 0, 0, 0, 0, 0, 0
0.064, 0, 1.29267, 0, 0, 0, 0, 0, 0, 0, 0, 0, 0, 0, 0
0.065, 0, 1.28367, 0, 0, 0, 0, 0, 0, 0, 0, 0, 0, 0, 0
0.066, 0, 1.27156, 0, 0, 0, 0, 0, 0, 0, 0, 0, 0, 0, 0
0.067, 0, 1.25583, 0, 0, 0, 0, 0, 0, 0, 0, 0, 0, 0, 0
0.068, 0, 1.23531, 0, 0, 0, 0, 0, 0, 0, 0, 0, 0, 0, 0
0.069, 0, 1.21884, 0, 0, 0, 0, 0, 0, 0, 0, 0, 0, 0, 0
0.07, 0, 1.17252, 0, 0, 0, 0, 0, 0, 0, 0, 0, 0, 0, 0
0.071, 0, 1.14808, 0, 0, 0, 0, 0, 0, 0, 0, 0, 0, 0, 0
0.072, 0, 1.12111, 0, 0, 0, 0, 0, 0, 0, 0, 0, 0, 0, 0
0.073, 0, 1.09675, 0, 0, 0, 0, 0, 0, 0, 0, 0, 0, 0, 0
0.074, 0, 1.07719, 0, 0, 0, 0, 0, 0, 0, 0, 0, 0, 0, 0
0.075, 0, 1.05609, 0, 0, 0, 0, 0, 0, 0, 0, 0, 0, 0, 0
0.076, 0, 0.837973, 0, 0, 0, 0, 0, 0, 0, 0, 0, 0, 0, 0
0.077, 0, 0.816838, 0, 0, 0, 0, 0, 0, 0, 0, 0, 0, 0, 0
0.078, 0, 0.736804, 0, 0, 0, 0, 0, 0, 0, 0, 0, 0, 0, 0
0.079, 0, 0.716844, 0, 0, 0, 0, 0, 0, 0, 0, 0, 0, 0, 0
0.08, 0, 0.699711, 0, 0, 0, 0, 0, 0, 0, 0, 0, 0, 0, 0
0.081, 0, 0.684151, 0, 0, 0, 0, 0, 0, 0, 0, 0, 0, 0, 0
0.082, 0, 0.667611, 0, 0, 0, 0, 0, 0, 0, 0, 0, 0, 0, 0
0.083, 0, 0.651664, 0, 0, 0, 0, 0, 0, 0, 0, 0, 0, 0, 0
0.084, 0, 0.636279, 0, 0, 0, 0, 0, 0, 0, 0, 0, 0, 0, 0
0.085, 0, 0.617254, 0, 0, 0, 0, 0, 0, 0, 0, 0, 0, 0, 0
0.086, 0, 0.605779, 0, 0, 0, 0, 0, 0, 0, 0, 0, 0, 0, 0
0.087, 0, 0.593436, 0, 0, 0, 0, 0, 0, 0, 0, 0, 0, 0, 0
0.088, 0, 0.58054, 0, 0, 0, 0, 0, 0, 0, 0, 0, 0, 0, 0
0.089, 0, 0.565416, 0, 0, 0, 0, 0, 0, 0, 0, 0, 0, 0, 0
0.09, 0, 0.555227, 0, 0, 0, 0, 0, 0, 0, 0, 0, 0, 0, 0
0.091, 0, 0.545123, 0, 0, 0, 0, 0, 0, 0, 0, 0, 0, 0, 0
0.092, 0, 0.535096, 0, 0, 0, 0, 0, 0, 0, 0, 0, 0, 0, 0
0.093, 0, 0.530034, 0, 0, 0, 0, 0, 0, 0, 0, 0, 0, 0, 0
0.094, 0, 0.765701, 0, 0, 0, 0, 0, 0, 0, 0, 0, 0, 0, 0
0.095, 0, 0.534497, 0, 0, 0, 0, 0, 0, 0, 0, 0, 0, 0, 0
0.096, 0, 0.464342, 0, 0, 0, 0, 0, 0, 0, 0, 0, 0, 0, 0
0.097, 0, 0.427837, 0, 0, 0, 0, 0, 0, 0, 0, 0, 0, 0, 0
0.098, 0, 0.426333, 0, 0, 0, 0, 0, 0, 0, 0, 0, 0, 0, 0
0.099, 0, 0.431195, 0, 0, 0, 0, 0, 0, 0, 0, 0, 0, 0, 0
0.1, 0, 0.428041, 0, 0, 0, 0, 0, 0, 0, 0, 0, 0, 0, 0
0.101, 0, 0.442383, 0, 0, 0, 0, 0, 0, 0, 0, 0, 0, 0, 0
0.102, 0, 0.451271, 0, 0, 0, 0, 0, 0, 0, 0, 0, 0, 0, 0
0.103, 0, 0.443652, 0, 0, 0, 0, 0, 0, 0, 0, 0, 0, 0, 0
0.104, 0, 0.435692, 0, 0, 0, 0, 0, 0, 0, 0, 0, 0, 0, 0
0.105, 0, 0.430978, 0, 0, 0, 0, 0, 0, 0, 0, 0, 0, 0, 0
0.106, 0, 0.429571, 0, 0, 0, 0, 0, 0, 0, 0, 0, 0, 0, 0
0.107, 0, 0.427481, 0, 0, 0, 0, 0, 0, 0, 0, 0, 0, 0, 0
0.108, 0, 0.427037, 0, 0, 0, 0, 0, 0, 0, 0, 0, 0, 0, 0
0.109, 0, 0.427694, 0, 0, 0, 0, 0, 0, 0, 0, 0, 0, 0, 0
0.11, 0, 0.428616, 0, 0, 0, 0, 0, 0, 0, 0, 0, 0, 0, 0
0.111, 0, 0.42818, 0, 0, 0, 0, 0, 0, 0, 0, 0, 0, 0, 0
0.112, 0, 0.425772, 0, 0, 0, 0, 0, 0, 0, 0, 0, 0, 0, 0
0.113, 0, 0.429289, 0, 0, 0, 0, 0, 0, 0, 0, 0, 0, 0, 0
0.114, 0, 0.429398, 0, 0, 0, 0, 0, 0, 0, 0, 0, 0, 0, 0
0.115, 0, 0.429355, 0, 0, 0, 0, 0, 0, 0, 0, 0, 0, 0, 0
0.116, 0, 0.430122, 0, 0, 0, 0, 0, 0, 0, 0, 0, 0, 0, 0
0.117, 0, 0.430912, 0, 0, 0, 0, 0, 0, 0, 0, 0, 0, 0, 0
0.118, 0, 0.365872, 0, 0, 0, 0, 0, 0, 0, 0, 0, 0, 0, 0
0.119, 0, 0.366534, 0, 0, 0, 0, 0, 0, 0, 0, 0, 0, 0, 0
0.12, 0, 0.367316, 0, 0, 0, 0, 0, 0, 0, 0, 0, 0, 0, 0
0.121, 0, 0.367525, 0, 0, 0, 0, 0, 0, 0, 0, 0, 0, 0, 0
0.122, 0, 0.369094, 0, 0, 0, 0, 0, 0, 0, 0, 0, 0, 0, 0
0.123, 0, 0.37145, 0, 0, 0, 0, 0, 0, 0, 0, 0, 0, 0, 0
0.124, 0, 0.371806, 0, 0, 0, 0, 0, 0, 0, 0, 0, 0, 0, 0
0.125, 0, 0.372181, 0, 0, 0, 0, 0, 0, 0, 0, 0, 0, 0, 0
0.126, 0, 0.358594, 0, 0, 0, 0, 0, 0, 0, 0, 0, 0, 0, 0
0.127, 0, 0.356716, 0, 0, 0, 0, 0, 0, 0, 0, 0, 0, 0, 0
0.128, 0, 0.369478, 0, 0, 0, 0, 0, 0, 0, 0, 0, 0, 0, 0
0.129, 0, 0.371883, 0, 0, 0, 0, 0, 0, 0, 0, 0, 0, 0, 0
0.13, 0, 0.370846, 0, 0, 0, 0, 0, 0, 0, 0, 0, 0, 0, 0
0.131, 0, 0.370558, 0, 0, 0, 0, 0, 0, 0, 0, 0, 0, 0, 0
0.132, 0, 0.370882, 0, 0, 0, 0, 0, 0, 0, 0, 0, 0, 0, 0
0.133, 0, 0.370086, 0, 0, 0, 0, 0, 0, 0, 0, 0, 0, 0, 0
0.134, 0, 0.369675, 0, 0, 0, 0, 0, 0, 0, 0, 0, 0, 0, 0
0.135, 0, 0.369716, 0, 0, 0, 0, 0, 0, 0, 0, 0, 0, 0, 0
0.136, 0, 0.369257, 0, 0, 0, 0, 0, 0, 0, 0, 0, 0, 0, 0
0.137, 0, 0.379196, 0, 0, 0, 0, 0, 0, 0, 0, 0, 0, 0, 0
0.138, 0, 0.378193, 0, 0, 0, 0, 0, 0, 0, 0, 0, 0, 0, 0
0.139, 0, 0.377715, 0, 0, 0, 0, 0, 0, 0, 0, 0, 0, 0, 0
0.14, 0, 0.37792, 0, 0, 0, 0, 0, 0, 0, 0, 0, 0, 0, 0
0.141, 0, 0.378286, 0, 0, 0, 0, 0, 0, 0, 0, 0, 0, 0, 0
0.142, 0, 0.378613, 0, 0, 0, 0, 0, 0, 0, 0, 0, 0, 0, 0
0.143, 0, 0.379542, 0, 0, 0, 0, 0, 0, 0, 0, 0, 0, 0, 0
0.144, 0, 0.380589, 0, 0, 0, 0, 0, 0, 0, 0, 0, 0, 0, 0
0.145, 0, 0.381221, 0, 0, 0, 0, 0, 0, 0, 0, 0, 0, 0, 0
0.146, 0, 0.381511, 0, 0, 0, 0, 0, 0, 0, 0, 0, 0, 0, 0
0.147, 0, 0.382381, 0, 0, 0, 0, 0, 0, 0, 0, 0, 0, 0, 0
0.148, 0, 0.383426, 0, 0, 0, 0, 0, 0, 0, 0, 0, 0, 0, 0
0.149, 0, 0.378141, 0, 0, 0, 0, 0, 0, 0, 0, 0, 0, 0, 0
0.15, 0, 0.383995, 0, 0, 0, 0, 0, 0, 0, 0, 0, 0, 0, 0
0.151, 0, 0.385902, 0, 0, 0, 0, 0, 0, 0, 0, 0, 0, 0, 0
0.152, 0, 0.388005, 0, 0, 0, 0, 0, 0, 0, 0, 0, 0, 0, 0
0.153, 0, 0.38995, 0, 0, 0, 0, 0, 0, 0, 0, 0, 0, 0, 0
0.154, 0, 0.391461, 0, 0, 0, 0, 0, 0, 0, 0, 0, 0, 0, 0
0.155, 0, 0.392138, 0, 0, 0, 0, 0, 0, 0, 0, 0, 0, 0, 0
0.156, 0, 0.393874, 0, 0, 0, 0, 0, 0, 0, 0, 0, 0, 0, 0
0.157, 0, 0.39559, 0, 0, 0, 0, 0, 0, 0, 0, 0, 0, 0, 0
0.158, 0, 0.397902, 0, 0, 0, 0, 0, 0, 0, 0, 0, 0, 0, 0
0.159, 0, 0.399024, 0, 0, 0, 0, 0, 0, 0, 0, 0, 0, 0, 0
0.16, 0, 0.400373, 0, 0, 0, 0, 0, 0, 0, 0, 0, 0, 0, 0
0.161, 0, 0.407608, 0, 0, 0, 0, 0, 0, 0, 0, 0, 0, 0, 0
0.162, 0, 0.406978, 0, 0, 0, 0, 0, 0, 0, 0, 0, 0, 0, 0
0.163, 0, 0.402575, 0, 0, 0, 0, 0, 0, 0, 0, 0, 0, 0, 0
0.164, 0, 0.402825, 0, 0, 0, 0, 0, 0, 0, 0, 0, 0, 0, 0
0.165, 0, 0.404514, 0, 0, 0, 0, 0, 0, 0, 0, 0, 0, 0, 0
0.166, 0, 0.403844, 0, 0, 0, 0, 0, 0, 0, 0, 0, 0, 0, 0
0.167, 0, 0.404932, 0, 0, 0, 0, 0, 0, 0, 0, 0, 0, 0, 0
0.168, 0, 0.406451, 0, 0, 0, 0, 0, 0, 0, 0, 0, 0, 0, 0
0.169, 0, 0.407387, 0, 0, 0, 0, 0, 0, 0, 0, 0, 0, 0, 0
0.17, 0, 0.4088, 0, 0, 0, 0, 0, 0, 0, 0, 0, 0, 0, 0
0.171, 0, 0.410327, 0, 0, 0, 0, 0, 0, 0, 0, 0, 0, 0, 0
0.172, 0, 0.411859, 0, 0, 0, 0, 0, 0, 0, 0, 0, 0, 0, 0
0.173, 0, 0.41378, 0, 0, 0, 0, 0, 0, 0, 0, 0, 0, 0, 0
0.174, 0, 0.423646, 0, 0, 0, 0, 0, 0, 0, 0, 0, 0, 0, 0
0.175, 0, 0.420217, 0, 0, 0, 0, 0, 0, 0, 0, 0, 0, 0, 0
0.176, 0, 0.421955, 0, 0, 0, 0, 0, 0, 0, 0, 0, 0, 0, 0
0.177, 0, 0.423517, 0, 0, 0, 0, 0, 0, 0, 0, 0, 0, 0, 0
0.178, 0, 0.425424, 0, 0, 0, 0, 0, 0, 0, 0, 0, 0, 0, 0
0.179, 0, 0.431063, 0, 0, 0, 0, 0, 0, 0, 0, 0, 0, 0, 0
0.18, 0, 0.434877, 0, 0, 0, 0, 0, 0, 0, 0, 0, 0, 0, 0
0.181, 0, 0.437168, 0, 0, 0, 0, 0, 0, 0, 0, 0, 0, 0, 0
0.182, 0, 0.4389, 0, 0, 0, 0, 0, 0, 0, 0, 0, 0, 0, 0
0.183, 0, 0.441387, 0, 0, 0, 0, 0, 0, 0, 0, 0, 0, 0, 0
0.184, 0, 0.442597, 0, 0, 0, 0, 0, 0, 0, 0, 0, 0, 0, 0
0.185, 0, 0.47659, 0, 0, 0, 0, 0, 0, 0, 0, 0, 0, 0, 0
0.186, 0, 0.475776, 0, 0, 0, 0, 0, 0, 0, 0, 0, 0, 0, 0
0.187, 0, 0.478472, 0, 0, 0, 0, 0, 0, 0, 0, 0, 0, 0, 0
0.188, 0, 0.480518, 0, 0, 0, 0, 0, 0, 0, 0, 0, 0, 0, 0
0.189, 0, 0.48361, 0, 0, 0, 0, 0, 0, 0, 0, 0, 0, 0, 0
0.19, 0, 0.484661, 0, 0, 1.0404, 0, 0, 0, 0, 0, 0, 0, 0, 0
0.191, 0, 0.482098, 0, 0, 1.47532, 0, 0, 0, 0, 0, 0, 0, 0, 0
0.192, 0, 0.484172, 0, 0.13713, 1.4865, 0, 0, 0, 0, 0, 0, 0, 0, 0
0.193, 0, 0.486878, 0, 0.217629, 1.7263, 0, 0, 0, 0, 0, 0, 0, 0, 0
0.194, 0, 0.490018, 0, 0.334039, 2.1504, 0, 0, 0, 0, 0, 0, 0, 0, 0
0.195, 0, 0.492803, 0, 0.529756, 2.68768, 0, 0, 0, 0, 0, 0, 0, 0, 0
0.196, 0, 0.495781, 0, 0.757017, 3.20242, 0, 0, 0, 0, 0, 0, 0, 0, 0
0.197, 0, 0.505179, 0, 1.31838, 5.23999, 0, 0, 0, 0, 0, 0, 0, 0, 0
0.198, 0, 0.500223, 0, 1.60462, 4.88273, 0, 0, 0, 0, 0, 0, 0, 0, 0
0.199, 0, 0.505719, 0, 1.59428, 5.72922, 0, 0, 0, 0, 0, 0, 0, 0, 0
0.2, 0, 0.509342, 0, 1.76623, 6.13828, 0, 0, 0, 0, 0, 0, 0, 0, 0
0.201, 0, 0.511559, 0, 1.83076, 6.42453, 0, 0, 0, 0, 0, 0, 0, 0, 0.934169
0.202, 0, 0.515087, 0, 2.00102, 6.45721, 0, 0, 0, 0, 0, 0, 0, 0, 0.898741
0.203, 0, 0.518607, 0, 2.14036, 6.69367, 0, 0, 0, 0, 0, 0, 0, 0.0102859, 0.951262
0.204, 0, 0.519379, 0, 2.22514, 6.80685, 0, 0, 0, 0, 0, 0, 0, 0.0198009, 0.921726
0.205, 0, 0.520195, 0, 2.27875, 6.89657, 0, 0, 0, 0, 0, 0, 0, 0.0323374, 0.911629
0.206, 0, 0.520956, 0, 2.34342, 7.06292, 0, 0, 0, 0, 0, 0, 0, 0.0877131, 0.906777
0.207, 0, 0.521887, 0, 2.37773, 7.28702, 0, 0, 0, 0, 0, 0, 0, 0.146834, 0.934936
0.208, 0, 0.528182, 0, 2.4391, 7.33038, 0, 0, 0, 0, 0, 0, 0, 0.213519, 0.970331
0.209, 0, 0.52295, 0, 2.51849, 7.36715, 0, 0, 0, 0, 0, 0, 0, 0.301288, 1.02914
0.21, 0, 0.522179, 0, 2.53771, 7.42481, 0, 0, 0, 0, 0, 0, 0, 0.3967, 1.09196
0.211, 0, 0.521732, 0, 2.54494, 7.42186, 0, 0, 0, 0, 0, 0, 0, 0.482022, 1.23302
0.212, 0, 0.520881, 0, 2.56239, 7.38709, 0, 0, 0, 0, 0, 0, 0, 0.544445, 1.45287
0.213, 0, 0.521707, 0, 2.57947, 7.42962, 0, 0, 0, 0, 0, 0, 0, 0.583294, 1.62572
0.214, 0, 0.520283, 0, 2.58951, 7.43073, 0, 0, 0, 0, 0, 0, 0, 0.624613, 1.77871
0.215, 0, 0.525704, 0, 2.60535, 7.42993, 0, 0, 0, 0, 0, 0, 0, 0.655931, 1.99548
0.216, 0, 0.524502, 0, 2.64063, 7.36197, 0, 0, 0, 0, 0, 0, 0, 0.700305, 2.24447
0.217, 0, 0.522975, 0, 2.6634, 7.36384, 0, 0.591129, 0, 0, 0, 0, 0, 0.73306, 2.30826
0.218, 0, 0.520765, 0, 2.66818, 7.34865, 0, 1.38783, 0, 0, 0, 0, 0, 0.810861, 2.36492
0.219, 0, 0.519132, 0, 2.65571, 7.33864, 0, 1.58708, 0, 0, 0, 0, 0, 0.837224, 2.53542
0.22, 0, 0.518448, 0, 2.6363, 7.33688, 0, 1.62349, 0, 0, 0, 0, 0, 0.840648, 2.5466
0.221, 0, 0.518874, 0, 2.61776, 7.33042, 0, 1.68513, 0, 0, 0, 0, 0, 0.836133, 2.53644
0.222, 0, 0.515305, 0, 2.67672, 7.28266, 0, 1.7932, 0.5504, 0, 0, 0, 0, 0.883346, 2.46615
0.223, 0, 0.514332, 0, 2.69473, 7.25266, 0, 2.1093, 0.754284, 0, 0, 0, 0, 0.886503, 2.40275
0.224, 0, 0.513985, 0, 2.66872, 7.231, 0, 2.55436, 0.804057, 0, 0, 0, 0, 0.855279, 2.33756
0.225, 0, 0.513416, 0, 2.59847, 7.23554, 0, 2.96019, 0.767566, 0, 0, 0, 0, 0.79463, 2.26726
0.226, 0, 0.513319, 0, 2.53898, 7.24231, 0, 3.42089, 0.822471, 0, 0, 0, 0, 0.716756, 2.13163
0.227, 0, 0.513006, 0, 2.48161, 7.22845, 0, 3.8894, 0.888883, 0, 0, 0, 0, 0.67331, 1.99107
0.228, 0, 0.512624, 0, 2.43981, 7.1988, 0, 4.3844, 1.00142, 0, 0, 0, 0, 0.65028, 1.89335
0.229, 0, 0.511294, 0, 2.41522, 7.18595, 0, 4.82083, 1.13986, 0, 1.10633, 0, 0, 0.635243, 1.78686
0.23, 0, 0.508518, 0, 2.37159, 7.1785, 0, 5.23482, 1.27806, 0, 1.19848, 0, 0, 0.605204, 1.65177
0.231, 0, 0.508321, 0, 2.34895, 7.1667, 0, 5.44669, 1.40001, 0, 1.2182, 0, 0, 0.580497, 1.4904
0.232, 0, 0.50791, 0, 2.32302, 7.14489, 0, 5.66883, 1.62841, 0, 1.1923, 0, 0, 0.558206, 1.41652
0.233, 0, 0.507076, 0, 2.3345, 7.08977, 0, 5.77197, 1.88355, 0, 1.04669, 0.181628, 0, 0.569853, 1.30547
0.234, 0, 0.506402, 0, 2.3017, 7.07272, 0, 5.93217, 2.1411, 0, 1.04189, 0.690514, 0, 0.550881, 1.2117
0.235, 0, 0.506072, 0, 2.26624, 7.06168, 0, 6.00196, 2.33145, 0, 1.0841, 0.708188, 0, 0.512398, 1.13982
0.236, 0, 0.505506, 0, 2.20416, 7.11155, 0, 6.05105, 2.5037, 0, 1.17707, 0.706471, 0, 0.471439, 1.05399
0.237, 0, 0.505041, 0, 2.14555, 7.10111, 0, 6.15479, 2.68606, 0, 1.31791, 0.750381, 0, 0.433275, 0.970549
0.238, 0, 0.504454, 0, 2.09018, 7.10328, 0, 6.44518, 2.82763, 0, 1.54271, 0.699816, 0, 0.375096, 0.918697
0.239, 0, 0.503694, 0, 2.03799, 7.11115, 0, 6.45338, 2.93201, 0, 1.79271, 0.702098, 0, 0.322432, 0.867467
0.24, 0, 0.502984, 0, 1.98139, 7.12233, 0, 6.47378, 3.05075, 0, 1.99234, 0.7468, 0, 0.270185, 0.819021
0.241, 0, 0.502181, 0, 1.94625, 7.12073, 0, 6.46821, 3.13276, 0, 2.1916, 0.7783, 0, 0.231535, 0.788801
0.242, 0, 0.502181, 0, 1.91654, 7.11141, 0, 6.46993, 3.19118, 0, 2.34346, 0.805683, 0, 0.191731, 0.758393
0.243, 0, 0.497642, 0, 1.89642, 7.09352, 0, 6.4554, 3.24899, 0, 2.48394, 0.819555, 0, 0.17266, 0.722088
0.244, 0, 0.497038, 0, 1.86923, 7.1063, 0, 6.41259, 3.30133, 0, 2.59453, 0.828705, 0, 0.159832, 0.686252
0.245, 0, 0.496446, 0, 1.84568, 7.07985, 0, 6.39507, 3.34891, 0, 2.71637, 0.847003, 0, 0.142331, 0.665061
0.246, 0, 0.496075, 0, 1.78355, 7.07987, 0, 6.36407, 3.38146, 0, 2.80581, 0.850066, 0, 0.122966, 0.62688
0.247, 0, 0.495617, 0, 1.75666, 7.05537, 0, 6.33543, 3.41834, 0, 2.84214, 0.856033, 0, 0.113215, 0.587685
0.248, 0, 0.49577, 0, 1.74088, 7.06673, 0, 6.29852, 3.43083, 0, 2.84656, 0.881711, 0, 0.102985, 0.554707
0.249, 0, 0.494288, 0, 1.73288, 7.09553, 0, 6.25547, 3.42939, 0, 2.83578, 0.881445, 0, 0.097222, 0.525637
0.25, 0, 0.493513, 0, 1.7222, 7.07735, 0, 6.23356, 3.43335, 0, 2.81485, 0.873977, 0, 0.0898065, 0.502588
0.251, 0, 0.492177, 0, 1.71205, 7.04889, 0, 6.18552, 3.40982, 0, 2.77077, 0.869401, 0, 0.0779527, 0.477563
0.252, 0, 0.491718, 0, 1.70931, 7.01316, 0, 6.13712, 3.4042, 0, 2.71269, 0.864748, 0, 0.0657587, 0.447215
0.253, 0, 0.491067, 0, 1.70305, 6.96662, 0, 6.09642, 3.38691, 0, 2.63254, 0.840369, 0, 0.0534127, 0.426453
0.254, 0, 0.490386, 0, 1.69144, 6.94941, 0, 6.05411, 3.36792, 0, 2.54597, 0.818225, 0, 0.0380486, 0.398909
0.255, 0, 0.488816, 0, 1.68143, 6.91852, 0, 6.01459, 3.35521, 0, 2.46932, 0.796494, 0, 0.0289022, 0.373998
0.256, 0, 0.488414, 0, 1.68997, 6.90432, 0, 5.94096, 3.35431, 0, 2.37505, 0.774807, 0, 0.0252074, 0.346354
0.257, 0, 0.487628, 0, 1.69031, 6.84299, 0, 5.91017, 3.30496, 0, 2.26804, 0.75273, 0, 0.0241119, 0.319265
0.258, 0, 0.487063, 0, 1.68724, 6.80195, 0, 5.85564, 3.27366, 0, 2.13095, 0.724588, 0, 0.0231195, 0.300256
0.259, 0, 0.486446, 0, 1.59858, 6.78438, 0, 5.69404, 3.25305, 0, 2.02062, 0.710889, 0, 0.0188907, 0.278531
0.26, 0, 0.485653, 0, 1.58453, 6.75771, 0, 5.66694, 3.23222, 0, 1.87977, 0.700681, 0, 0.014449, 0.2624
0.261, 0, 0.485133, 0, 1.59081, 6.73717, 0, 5.6325, 3.20182, 0, 1.77466, 0.657039, 0, 0.00957408, 0.247134
0.262, 0, 0.484605, 0, 1.58338, 6.71001, 0, 5.59161, 3.15768, 0, 1.67332, 0.623423, 0, 0.00814647, 0.234108
0.263, 0, 0.483962, 0, 1.58086, 6.6813, 0, 5.55479, 3.10226, 0, 1.56414, 0.601265, 0, 0.00689638, 0.21985
0.264, 0, 0.483191, 0, 1.57613, 6.65104, 0, 5.5064, 3.04225, 0, 1.45184, 0.579067, 0, 0.00576536, 0.207218
0.265, 0, 0.48162, 0, 1.58179, 6.61972, 0, 5.46673, 3.00498, 0, 1.33695, 0.549092, 0, 0.0049851, 0.197869
0.266, 0, 0.480814, 0, 1.58045, 6.58192, 0, 5.44121, 2.98368, 0, 1.23285, 0.511341, 0, 0.00430565, 0.190707
0.267, 0, 0.484966, 0, 1.58675, 6.50609, 0, 5.3976, 2.92705, 0, 1.14448, 0.478446, 0, 0.00381809, 0.18183
0.268, 0, 0.484845, 0, 1.59229, 6.45395, 0, 5.39836, 2.87874, 0, 1.06876, 0.437284, 0, 0.00329859, 0.169845
0.269, 0, 0.483657, 0, 1.58758, 6.40502, 0, 5.33607, 2.86461, 0, 0.991548, 0.406715, 0, 0.00285923, 0.165418
0.27, 0, 0.482172, 0, 1.59453, 6.3789, 0, 5.28713, 2.85723, 0, 0.883227, 0.361537, 0, 0, 0.158084
0.271, 0, 0.480229, 0, 1.59776, 6.28858, 0, 5.25138, 2.82542, 0, 0.824262, 0.337055, 0, 0, 0.1532
0.272, 0, 0.479245, 0, 1.60207, 6.26152, 0, 5.36699, 2.78835, 0, 0.775896, 0.307642, 0, 0, 0.141348
0.273, 0, 0.478045, 0, 1.59834, 6.21829, 0, 5.32003, 2.74003, 0, 0.731833, 0.281714, 0, 0, 0.136949
0.274, 0, 0.47697, 0, 1.59823, 6.17182, 0, 5.25197, 2.70901, 0, 0.660306, 0.25296, 0, 0, 0.13224
0.275, 0, 0.476112, 0, 1.58378, 6.13058, 0, 5.21985, 2.66945, 0, 0.624166, 0.226627, 0, 0, 0.130248
0.276, 0, 0.476212, 0, 1.57947, 6.07707, 0, 5.22723, 2.62037, 0, 0.583937, 0.198704, 0, 0, 0.128266
0.277, 0, 0.474917, 0, 1.56112, 6.0572, 0, 5.20065, 2.56875, 0, 0.551318, 0.176697, 0, 0, 0.126074
0.278, 0, 0.473268, 0, 1.55611, 6.04285, 0, 5.17161, 2.52542, 0, 0.511856, 0.153026, 0, 0, 0.118063
0.279, 0, 0.472175, 0, 1.54636, 5.9555, 0, 5.15494, 2.4738, 0, 0.461667, 0.122154, 0, 0, 0.112926
0.28, 0, 0.471016, 0, 1.54132, 5.90184, 0, 5.14004, 2.42857, 0, 0.424427, 0.113227, 0, 0, 0.111564
0.281, 0, 0.469798, 0, 1.53352, 5.87682, 0, 5.07697, 2.39186, 0, 0.370815, 0.0998461, 0, 0, 0.111353
0.282, 0, 0.468648, 0, 1.52163, 5.80032, 0, 5.04202, 2.34088, 0, 0.339043, 0.0896367, 0, 0, 0.111024
0.283, 0, 0.467365, 0, 1.50784, 5.75057, 0, 4.9903, 2.28192, 0, 0.308254, 0.0768917, 0, 0, 0.110749
0.284, 0, 0.467479, 0, 1.49588, 5.71876, 0, 4.93074, 2.22374, 0, 0.282086, 0.0663009, 0, 0, 0.110416
0.285, 0, 0.466815, 0, 1.47526, 5.65356, 0, 4.81704, 2.15334, 0, 0.263714, 0.0562541, 0, 0, 0.110443
0.286, 0, 0.466337, 0, 1.44362, 5.6057, 0, 4.64282, 2.04212, 0, 0.22477, 0.0417407, 0, 0, 0.111073
0.287, 0, 0.465441, 0, 1.54597, 5.75407, 0, 4.56733, 1.99727, 0, 0.210887, 0.0352953, 0, 0, 0.106228
0.288, 0, 0.470986, 0, 1.43363, 5.60971, 0, 4.47269, 1.94933, 0, 0.203099, 0.022821, 0, 0, 0.105649
0.289, 0, 0.468927, 0, 1.36987, 5.5392, 0, 4.34414, 1.88234, 0, 0.319428, 0.298002, 0, 0, 0.105944
0.29, 0, 0.467376, 0, 1.34295, 5.47193, 0, 4.21743, 1.81501, 0, 0.177795, 0.0140487, 0, 0, 0.105342
0.291, 0, 0.464697, 0, 1.32879, 5.3782, 0, 4.14149, 1.76284, 0, 0.167236, 0.00453247, 0, 0, 0.105247
0.292, 0, 0.46605, 0, 1.31405, 5.31891, 0, 4.06042, 1.72497, 0, 0.145022, 0.000633069, 0, 0, 0.104942
0.293, 0, 0.467016, 0, 0.985091, 5.43734, 0, 4.36249, 2.96375, 0, 0.105405, 0.000188572, 0, 0, 0.115656
0.294, 0, 0.46445, 0, 1.06316, 5.21481, 0, 3.89437, 1.76418, 0, 0.109733, 0, 0, 0, 0.106941
0.295, 0, 0.464065, 0, 1.11904, 5.15423, 0, 3.83531, 1.5474, 0, 0.116278, 0, 0, 0, 0.106105
0.296, 0, 0.463529, 0, 1.13043, 5.08218, 0, 3.77588, 1.3778, 0, 0.115816, 0, 0, 0, 0.105972
0.297, 0, 0.462807, 0, 1.12692, 5.00703, 0, 3.65425, 1.34844, 0, 0.114407, 0, 0, 0, 0.105998
0.298, 0, 0.462025, 0, 1.04666, 5.25936, 0, 3.54274, 1.31648, 0, 0.110613, 0, 0, 0, 0.106917
0.299, 0, 0.460021, 0, 1.08199, 5.10648, 0, 3.45911, 1.26359, 0, 0.110132, 0, 0, 0, 0.1072
0.3, 0, 0.457544, 0, 1.0681, 4.98421, 0, 3.3679, 1.22542, 0, 0.0946679, 0, 0, 0, 0.107473
0.301, 0, 0.456945, 0, 1.05822, 4.9181, 0, 3.27928, 1.17244, 0, 0.09354, 0, 0, 0, 0.107598
0.302, 0, 0.456048, 0, 1.04339, 4.8686, 0, 3.19642, 1.12048, 0, 0.0954927, 0, 0, 0, 0.108211
0.303, 0, 0.455092, 0, 1.03019, 4.8267, 0, 3.12006, 1.05287, 0, 0.0974526, 0, 0, 0, 0.108357
0.304, 0, 0.45438, 0, 1.01296, 4.78724, 0, 2.89032, 0.989934, 0, 0.0991331, 0, 0, 0, 0.108739
0.305, 0, 0.452875, 0, 0.99094, 4.69443, 0, 2.78033, 0.913602, 0, 0.0934947, 0, 0, 0, 0.10899
0.306, 0, 0.451586, 0, 0.979472, 4.62141, 0, 2.67215, 0.852716, 0, 0.0913933, 0, 0, 0, 0.109081
0.307, 0, 0.663358, 0, 0.959646, 4.59961, 0, 2.6922, 0.774822, 0, 0.133694, 0, 0, 0, 0.157779
0.308, 0, 0.640874, 0, 0.936858, 4.56506, 0, 2.57186, 0.721836, 0, 0.125877, 0, 0, 0, 0.164848
0.309, 0, 0.642333, 0, 0.905581, 4.51647, 0, 2.50362, 0.677391, 0, 0.124069, 0, 0, 0, 0.165776
0.31, 0, 0.645452, 0, 0.8882, 4.4844, 0, 2.41716, 0.63464, 0, 0.122574, 0, 0, 0, 0.166758
0.311, 0, 0.648778, 0, 0.875193, 4.42738, 0, 2.34328, 0.606144, 0, 0.109895, 0, 0, 0, 0.167887
0.312, 0, 0.651763, 0, 0.863199, 4.35317, 0, 2.18636, 0.57728, 0, 0.103714, 0, 0, 0, 0.169127
0.313, 0, 0.652362, 0, 0.935091, 4.23692, 0, 2.08235, 0.518871, 0, 0.993773, 0, 0, 0, 0.166394
0.314, 0, 0.662621, 0, 0.830867, 4.24838, 0, 1.98454, 0.499826, 0, 0.0826239, 0, 0, 0, 0.169794
0.315, 0, 0.663106, 0, 0.798925, 4.19584, 0, 1.92029, 0.468719, 0, 0.0838975, 0, 0, 0, 0.170351
0.316, 0, 0.663377, 0, 0.771278, 4.13452, 0, 1.85992, 0.442536, 0, 0.0936746, 0, 0, 0, 0.171525
0.317, 0, 0.66501, 0, 0.746017, 4.06123, 0, 1.80838, 0.417014, 0, 0.103029, 0, 0, 0, 0.172639
0.318, 0, 0.665962, 0, 0.724384, 3.99929, 0, 1.76977, 0.401502, 0, 0.111651, 0, 0, 0, 0.173751
0.319, 0, 0.668217, 0, 0.699087, 3.94152, 0, 1.7142, 0.376087, 0, 0.119601, 0, 0, 0, 0.175039
0.32, 0, 0.668915, 0, 0.678723, 3.87813, 0, 1.66099, 0.345184, 0, 0.0938278, 0, 0, 0, 0.17602
0.321, 0, 0.670116, 0, 0.652387, 3.81106, 0, 1.60595, 0.320284, 0, 0.100843, 0, 0, 0, 0.176908
0.322, 0, 0.671573, 0, 0.625753, 3.7594, 0, 1.54568, 0.294024, 0, 0.107695, 0, 0, 0, 0.1779
0.323, 0, 0.672683, 0, 0.602484, 3.70295, 0, 1.47617, 0.266105, 0, 0.114414, 0, 0, 0, 0.178832
0.324, 0, 0.674759, 0, 0.588374, 3.66158, 0, 1.39136, 0.235678, 0, 0.16159, 0, 0, 0, 0.183743
0.325, 0, 0.674953, 0, 0.578272, 3.7096, 0, 1.35959, 0.21226, 0, 0.16746, 0, 0, 0, 0.1846
0.326, 0, 0.676629, 0, 0.566232, 3.67238, 0, 1.3446, 0.200438, 0, 0.173004, 0, 0, 0, 0.185276
0.327, 0, 0.678238, 0, 0.546815, 3.64352, 0, 1.33526, 0.190745, 0, 0.178657, 0, 0, 0, 0.185901
0.328, 0, 0.679766, 0, 0.524555, 3.6008, 0, 1.31236, 0.180115, 0, 0.184594, 0, 0, 0, 0.186433
0.329, 0, 0.68033, 0, 0.50522, 3.58176, 0, 1.27488, 0.170139, 0, 0.19075, 0, 0, 0, 0.187073
0.33, 0, 0.685796, 0, 0.486744, 3.52212, 0, 1.24972, 0.158286, 0, 0.197339, 0, 0, 0, 0.187635
0.331, 0, 0.686158, 0, 0.472828, 3.49273, 0, 1.22013, 0.15036, 0, 0.20483, 0, 0, 0, 0.188165
0.332, 0, 0.686239, 0, 0.466927, 3.45122, 0, 1.13453, 0.142589, 0, 0.212356, 0, 0, 0, 0.188443
0.333, 0, 0.686868, 0, 0.46658, 3.42809, 0, 1.02229, 0.133312, 0, 0.220531, 0, 0, 0, 0.188526
0.334, 0, 0.685369, 0, 0.453672, 3.39068, 0, 0.965496, 0.130178, 0, 0.229047, 0, 0, 0, 0.188873
0.335, 0, 0.685884, 0, 0.443172, 3.36083, 0, 0.911499, 0.124627, 0, 0.237705, 0, 0, 0, 0.190178
0.336, 0, 0.687342, 0, 0.428346, 3.32072, 0, 0.891145, 0.117094, 0, 0.245614, 0, 0, 0, 0.190546
0.337, 0, 0.687754, 0, 0.418091, 3.29145, 0, 0.871684, 0.114123, 0, 0.253703, 0, 0, 0, 0.190884
0.338, 0, 0.688135, 0, 0.410836, 3.25699, 0, 0.837397, 0.111182, 0, 0.265425, 0, 0, 0, 0.191183
0.339, 0, 0.688919, 0, 0.396576, 3.23308, 0, 0.790053, 0.102037, 0, 0.270621, 0, 0, 0, 0.191363
0.34, 0, 0.690084, 0, 0.390694, 3.20131, 0, 0.765567, 0.0991317, 0, 0.275662, 0, 0, 0, 0.19165
0.341, 0, 0.693836, 0, 0.391049, 3.17742, 0, 0.71341, 0.106458, 0, 0.281236, 0.130979, 0, 0, 0.191485
0.342, 0, 0.694053, 0, 0.394742, 3.13732, 0, 0.668352, 0.10756, 0, 0.279642, 0.137351, 0, 0, 0.191702
0.343, 0, 0.694111, 0, 0.396996, 3.11325, 0, 0.640513, 0.102459, 0, 0.267286, 0.159501, 0, 0, 0.191778
0.344, 0, 0.696079, 0, 0.396993, 3.08413, 0, 0.624259, 0.0974956, 0, 0.262522, 0.156116, 0, 0, 0.192095
0.345, 0, 0.696076, 0, 0.396141, 3.05837, 0, 0.599869, 0.0773801, 0, 0.256581, 0.154213, 0, 0, 0.192457
0.346, 0, 0.770936, 0, 0.518235, 2.97007, 0, 1.27824, 1.12595, 0, 0.254379, 0.149177, 0, 0, 0.189067
0.347, 0, 0.774232, 0, 0.426611, 2.97402, 0, 0.358092, 0.0257314, 0, 0.240687, 0.153381, 0, 0, 0.192001
0.348, 0, 0.77697, 0, 0.415774, 2.9237, 0, 0.306336, 0.0213746, 0, 0.231139, 0.153596, 0, 0, 0.192744
0.349, 0, 0.772176, 0, 0.414856, 2.90096, 0, 0.281184, 0.0162072, 0, 0.234762, 0.147564, 0, 0, 0.193316
0.35, 0, 0.773517, 0, 0.412729, 2.85786, 0, 0.27396, 0.00651709, 0, 0.230786, 0.143986, 0, 0, 0.193842
0.351, 0, 0.774893, 0, 0.410818, 2.83249, 0, 0.271023, 0.00676799, 0, 0.218718, 0.147911, 0, 0, 0.194194
0.352, 0, 0.771525, 0, 0.405857, 2.79676, 0, 0.268876, 0.00368824, 0, 0.214971, 0.146074, 0, 0, 0.194604
0.353, 0, 0.837653, 0, 0.403611, 2.75282, 0, 0.265924, 0.00376949, 0, 0.211008, 0.145432, 0, 0, 0.194994
0.354, 0, 0.839529, 0, 0.400747, 2.71177, 0, 0.265532, 0, 0, 0.207886, 0.144056, 0, 0, 0.19547
0.355, 0, 0.84063, 0, 0.397734, 2.67178, 0, 0.263548, 0, 0, 0.204489, 0.143212, 0, 0, 0.195995
0.356, 0, 0.842029, 0, 0.393853, 2.62225, 0, 0.264299, 0, 0, 0.203592, 0.141969, 0, 0, 0.196435
0.357, 0, 0.841198, 0, 0.392654, 2.568, 0, 0.257464, 0, 0, 0.20169, 0.140715, 0, 0, 0.19684
0.358, 0, 0.842373, 0, 0.388111, 2.52966, 0, 0.260192, 0, 0, 0.199104, 0.140657, 0, 0, 0.197271
0.359, 0, 0.843995, 0, 0.386436, 2.49751, 0, 0.265675, 0, 0, 0.198056, 0.138871, 0, 0, 0.197727
0.36, 0, 0.845527, 0, 0.385874, 2.46561, 0, 0.270468, 0, 0, 0.197236, 0.136868, 0, 0, 0.198195
0.361, 0, 0.846955, 0, 0.385746, 2.43419, 0, 0.275038, 0, 0, 0.196515, 0.135062, 0, 0, 0.19866
0.362, 0, 0.849572, 0, 0.38234, 2.3986, 0, 0.277672, 0, 0, 0.196166, 0.132996, 0, 0, 0.199121
0.363, 0, 0.850914, 0, 0.378032, 2.36011, 0, 0.282004, 0, 0, 0.195741, 0.131009, 0, 0, 0.199576
0.364, 0, 0.852028, 0, 0.370718, 2.30751, 0, 0.283465, 0, 0, 0.196016, 0.129049, 0, 0, 0.20006
0.365, 0, 0.854058, 0, 0.36702, 2.27413, 0, 0.286303, 0, 0, 0.195861, 0.127212, 0, 0, 0.200548
0.366, 0, 0.855622, 0, 0.362242, 2.24162, 0, 0.289247, 0, 0, 0.195851, 0.125542, 0, 0, 0.201046
0.367, 0, 0.856733, 0, 0.356978, 2.19199, 0, 0.293021, 0, 0, 0.196216, 0.123666, 0, 0, 0.20154
0.368, 0, 0.858686, 0, 0.349133, 2.14572, 0, 0.298026, 0, 0, 0.197269, 0.120962, 0, 0, 0.202039
0.369, 0, 0.859039, 0, 0.341289, 2.09554, 0, 0.302734, 0, 0, 0.198832, 0.117969, 0, 0, 0.20255
0.37, 0, 0.860569, 0, 0.334156, 2.05857, 0, 0.307717, 0, 0, 0.20014, 0.11518, 0, 0, 0.203065
0.371, 0, 0.862074, 0, 0.326408, 2.01625, 0, 0.312314, 0, 0, 0.201992, 0.112046, 0, 0, 0.203556
0.372, 0, 0.862892, 0, 0.318345, 1.9728, 0, 0.315779, 0, 0, 0.204043, 0.10932, 0, 0, 0.204157
0.373, 0, 1.03415, 0, 0.306261, 1.93466, 0, 0.319327, 0, 0, 0.205595, 0.107152, 0, 0, 0.204643
0.374, 0, 1.0348, 0, 0.301994, 1.88565, 0, 0.322689, 0, 0, 0.207173, 0.105047, 0, 0, 0.205158
0.375, 0, 1.02972, 0, 0.298499, 1.83202, 0, 0.367637, 0, 0, 0.208262, 0.103728, 0, 0, 0.205695
0.376, 0, 1.0305, 0, 0.295495, 1.77459, 0, 0.373599, 0, 0, 0.210448, 0.101468, 0, 0, 0.206288
0.377, 0, 1.02976, 0, 0.294334, 1.7251, 0, 0.344257, 0.172684, 0, 0.212756, 0.09924, 0, 0, 0.206618
0.378, 0, 1.03021, 0, 0.288669, 1.68048, 0, 0.372488, 0.172556, 0, 0.215739, 0.096839, 0, 0, 0.207142
0.379, 0, 1.03115, 0, 0.285902, 1.64408, 0, 0.361344, 0.184277, 0, 0.217959, 0.0950139, 0, 0, 0.207691
0.38, 0, 1.03245, 0, 0.281995, 1.60563, 0, 0.34404, 0.20661, 0, 0.2205, 0.0934354, 0, 0, 0.208225
0.381, 0, 1.0331, 0, 0.277392, 1.55298, 0, 0.341312, 0.206824, 0, 0.22303, 0.0912066, 0, 0, 0.208877
0.382, 0, 1.03414, 0, 0.269096, 1.50313, 0, 0.320182, 0.210596, 0, 0.225253, 0.0896459, 0, 0, 0.209581
0.383, 0, 1.03455, 0, 0.263717, 1.4519, 0, 0.317157, 0.208616, 0, 0.226901, 0.0888285, 0, 0, 0.210191
0.384, 0, 1.0353, 0, 0.257672, 1.40925, 0, 0.295445, 0.223356, 0, 0.22931, 0.0872348, 0, 0, 0.210784
0.385, 0, 1.036, 0, 0.251805, 1.35873, 0, 0.291323, 0.224301, 0, 0.231128, 0.0854415, 0, 0, 0.211377
0.386, 0, 1.03646, 0, 0.247889, 1.31553, 0, 0.286831, 0.228933, 0, 0.232944, 0.0841666, 0, 0, 0.211977
0.387, 0, 1.03751, 0, 0.243778, 1.27386, 0, 0.302739, 0.229775, 0, 0.234174, 0.0830579, 0, 0, 0.214885
0.388, 0, 1.04017, 0, 0.236129, 1.22181, 0, 0.300764, 0.23045, 0, 0.235562, 0.0823948, 0, 0, 0.215501
0.389, 0, 1.04747, 0, 0.227935, 1.17601, 0, 0.30021, 0.229719, 0, 0.237028, 0.0816214, 0, 0, 0.215727
0.39, 0, 1.05125, 0, 0.219909, 1.12197, 0, 0.30066, 0.227799, 0, 0.235332, 0.0810817, 0, 0, 0.21623
0.391, 0, 1.05172, 0, 0.211895, 1.08381, 0, 0.301945, 0.225358, 0, 0.236529, 0.0804649, 0, 0, 0.216771
0.392, 0, 1.05235, 0, 0.201549, 1.04991, 0, 0.303728, 0.222094, 0, 0.238626, 0.0795879, 0, 0, 0.217316
0.393, 0, 1.05295, 0, 0.19002, 1.01413, 0, 0.305377, 0.218939, 0, 0.240484, 0.0778706, 0, 0, 0.218013
0.394, 0, 1.05213, 0, 0.176849, 0.980278, 0, 0.314643, 0.213661, 0, 0.24228, 0.0772982, 0, 0, 0.218645
0.395, 0, 1.0525, 0, 0.166317, 0.945734, 0, 0.315988, 0.210684, 0, 0.244275, 0.0767872, 0, 0, 0.219172
0.396, 0, 1.0537, 0, 0.156998, 0.911432, 0, 0.317099, 0.207743, 0, 0.246075, 0.0764036, 0, 0, 0.219737
0.397, 0, 1.05444, 0, 0.148705, 0.875851, 0, 0.31767, 0.205259, 0, 0.249084, 0.0753823, 0, 0, 0.220293
0.398, 0, 1.05509, 0, 0.139884, 0.843619, 0, 0.319593, 0.202625, 0, 0.250686, 0.0752483, 0, 0, 0.220874
0.399, 0, 1.05558, 0, 0.1346, 0.80796, 0, 0.320594, 0.199895, 0, 0.252392, 0.0751271, 0, 0, 0.221514
0.4, 0, 1.05616, 0, 0.129419, 0.772401, 0, 0.321564, 0.197223, 0, 0.253851, 0.0751061, 0, 0, 0.22215
0.401, 0, 1.05734, 0, 0.123243, 0.739969, 0, 0.32294, 0.194393, 0, 0.255404, 0.0751075, 0, 0, 0.222786
0.402, 0, 1.05756, 0, 0.116296, 0.707218, 0, 0.324911, 0.191144, 0, 0.256945, 0.0751252, 0, 0, 0.223433
0.403, 0, 1.05731, 0, 0.110422, 0.680471, 0, 0.327444, 0.187495, 0, 0.258533, 0.0751085, 0, 0, 0.224067
0.404, 0, 1.05775, 0, 0.105485, 0.656667, 0, 0.329096, 0.184572, 0, 0.260005, 0.0751686, 0, 0, 0.224699
0.405, 0, 1.0582, 0, 0.100368, 0.638816, 0, 0.330605, 0.182334, 0, 0.261469, 0.0752015, 0, 0, 0.225324
0.406, 0, 1.05958, 0, 0.0934109, 0.624293, 0, 0.332207, 0.179531, 0, 0.263051, 0.0752325, 0, 0, 0.225944
0.407, 0, 1.06042, 0, 0.0879233, 0.607952, 0, 0.333401, 0.177563, 0, 0.264787, 0.0753124, 0, 0, 0.226583
0.408, 0, 1.06119, 0, 0.0774414, 0.594716, 0, 0.334201, 0.17628, 0, 0.266674, 0.0746446, 0, 0, 0.227167
0.409, 0, 1.06212, 0, 0.0718014, 0.579973, 0, 0.335947, 0.174533, 0, 0.272991, 0.0706322, 0, 0, 0.227748
0.41, 0, 1.0628, 0, 0.0674497, 0.567437, 0, 0.337356, 0.172678, 0, 0.274903, 0.0706341, 0, 0, 0.228374
0.411, 0, 1.06293, 0, 0.0636728, 0.556207, 0, 0.339987, 0.168796, 0, 0.276292, 0.0708213, 0, 0, 0.229008
0.412, 0, 1.06368, 0, 0.0603303, 0.545126, 0, 0.341593, 0.167084, 0, 0.277889, 0.0709612, 0, 0, 0.229673
0.413, 0, 1.06434, 0, 0.0566591, 0.536278, 0, 0.34273, 0.165752, 0, 0.283217, 0.070352, 0, 0, 0.230338
0.414, 0, 1.0657, 0, 0.053718, 0.525783, 0, 0.344385, 0.163931, 0, 0.286583, 0.0689314, 0, 0, 0.230992
0.415, 0, 1.06795, 0, 0.051733, 0.517061, 0, 0.348136, 0.159921, 0, 0.287952, 0.069047, 0, 0, 0.231625
0.416, 0, 1.06934, 0, 0.0502654, 0.507839, 0, 0.352067, 0.156554, 0, 0.289457, 0.0690328, 0, 0, 0.232286
0.417, 0, 1.07012, 0, 0.0495423, 0.499796, 0, 0.355138, 0.153666, 0, 0.2907, 0.0691845, 0, 0, 0.232946
0.418, 0, 1.07106, 0, 0.048026, 0.492411, 0, 0.35707, 0.151719, 0, 0.291848, 0.069347, 0, 0, 0.233607
0.419, 0, 1.07258, 0, 0.0454699, 0.487305, 0, 0.359155, 0.150236, 0, 0.292166, 0.06963, 0, 0, 0.234265
0.42, 0, 1.07411, 0, 0.0446129, 0.480914, 0, 0.360729, 0.149085, 0, 0.293974, 0.0696666, 0, 0, 0.235262
0.421, 0, 1.07518, 0, 0.0428553, 0.476752, 0, 0.361472, 0.148929, 0, 0.294285, 0.0699672, 0, 0, 0.23574
0.422, 0, 1.0772, 0, 0.0422968, 0.472078, 0, 0.363031, 0.148176, 0, 0.295433, 0.0701446, 0, 0, 0.236226
0.423, 0, 1.07905, 0, 0.0392511, 0.469438, 0, 0.364695, 0.147274, 0, 0.296662, 0.070315, 0, 0, 0.236706
0.424, 0, 1.08088, 0, 0.0373236, 0.467643, 0, 0.366279, 0.146388, 0, 0.297946, 0.0704573, 0, 0, 0.23731
0.425, 0, 1.08276, 0, 0.0372869, 0.463697, 0, 0.367908, 0.145628, 0, 0.299158, 0.070603, 0, 0, 0.237692
0.426, 0, 1.08382, 0, 0.0370306, 0.462114, 0, 0.370184, 0.14394, 0, 0.300636, 0.0707375, 0, 0, 0.23831
0.427, 0, 1.0847, 0, 0.0369738, 0.460666, 0, 0.372926, 0.14174, 0, 0.301839, 0.0708963, 0, 0, 0.238805
0.428, 0, 1.08623, 0, 0.0367098, 0.459105, 0, 0.375036, 0.140387, 0, 0.303055, 0.0710369, 0, 0, 0.239288
0.429, 0, 1.0878, 0, 0.0364295, 0.457292, 0, 0.37756, 0.138666, 0, 0.304277, 0.0711793, 0, 0, 0.239774
0.43, 0, 1.0895, 0, 0.0359465, 0.454839, 0, 0.380378, 0.136953, 0, 0.305498, 0.0713186, 0, 0, 0.240386
0.431, 0, 1.09062, 0, 0.0355467, 0.453899, 0, 0.383157, 0.135579, 0, 0.307266, 0.0706086, 0, 0, 0.240892
0.432, 0, 1.09175, 0, 0.0349874, 0.453376, 0, 0.385071, 0.134954, 0, 0.308462, 0.0707795, 0, 0, 0.241346
0.433, 0, 1.0933, 0, 0.0344439, 0.453844, 0, 0.386664, 0.134559, 0, 0.309589, 0.0709546, 0, 0, 0.24186
0.434, 0, 1.09463, 0, 0.0342302, 0.45372, 0, 0.38834, 0.134145, 0, 0.310747, 0.0711448, 0, 0, 0.242483
0.435, 0, 1.09632, 0, 0.0432749, 0.446573, 0, 0.390456, 0.133246, 0, 0.311895, 0.0713289, 0, 0, 0.243002
0.436, 0, 1.09805, 0, 0.043492, 0.446112, 0, 0.393521, 0.131373, 0, 0.307359, 0.0750032, 0, 0, 0.243566
0.437, 0, 1.0994, 0, 0.0434819, 0.446831, 0, 0.395731, 0.130833, 0, 0.308076, 0.0752652, 0, 0, 0.244083
0.438, 0, 1.10093, 0, 0.0341363, 0.450733, 0, 0.398441, 0.129816, 0, 0.309079, 0.0753857, 0, 0.0125081, 0.238308
0.439, 0, 1.10212, 0, 0.0345318, 0.451325, 0, 0.400642, 0.128865, 0, 0.310798, 0.0750538, 0, 0.0131799, 0.2381
0.44, 0, 1.10377, 0, 0.0362955, 0.448654, 0, 0.403505, 0.127579, 0, 0.311784, 0.0751747, 0, 0.0135409, 0.238315
0.441, 0, 1.11782, 0, 0.0374309, 0.449055, 0, 0.406339, 0.126486, 0, 0.312738, 0.0753332, 0, 0.0138298, 0.23859
0.442, 0, 1.1193, 0, 0.0377822, 0.450054, 0, 0.41007, 0.124469, 0, 0.31369, 0.0754884, 0, 0.0140931, 0.238887
0.443, 0, 1.11993, 0, 0.0381785, 0.451039, 0, 0.412419, 0.123759, 0, 0.31467, 0.0756055, 0, 0.0143445, 0.239199
0.444, 0, 1.11971, 0, 0.0385203, 0.452341, 0, 0.41415, 0.122892, 0, 0.315374, 0.0757397, 0, 0.0148897, 0.239835
0.445, 0, 1.1211, 0, 0.0385801, 0.455002, 0, 0.415764, 0.122384, 0, 0.316213, 0.0758984, 0, 0.0150814, 0.240145
0.446, 0, 1.12326, 0, 0.0390804, 0.455523, 0, 0.417413, 0.122088, 0, 0.317042, 0.0760413, 0, 0.0153063, 0.240548
0.447, 0, 1.12508, 0, 0.0395475, 0.456421, 0, 0.419183, 0.121818, 0, 0.317968, 0.0761803, 0, 0.0155895, 0.240881
0.448, 0, 1.12658, 0, 0.0399653, 0.457449, 0, 0.422269, 0.121239, 0, 0.318578, 0.0763313, 0, 0.0158598, 0.241218
0.449, 0, 1.12673, 0, 0.0402611, 0.458738, 0, 0.425092, 0.120534, 0, 0.319476, 0.0764834, 0, 0.016161, 0.241516
0.45, 0, 1.13027, 0, 0.0414252, 0.459365, 0, 0.427301, 0.120126, 0, 0.320383, 0.0766232, 0, 0.0164557, 0.241823
0.451, 0, 1.22743, 0, 0.041809, 0.460544, 0, 0.429642, 0.119671, 0, 0.321198, 0.0767621, 0, 0.0167534, 0.24216
0.452, 0, 1.22624, 0, 0.0421588, 0.46196, 0, 0.431623, 0.119326, 0, 0.322006, 0.0769128, 0, 0.0170328, 0.242568
0.453, 0, 1.22937, 0, 0.0431518, 0.463108, 0, 0.43358, 0.118999, 0, 0.322889, 0.0770616, 0, 0.0173395, 0.242866
0.454, 0, 0.603943, 0, 0.00583665, 0.278798, 0, 0.233635, 0.0610207, 0, 0.170951, 0.037477, 0, 0.000550666, 0.132133
0.455, 0, 0.697894, 0, 0.0133591, 0.249214, 0, 0.259535, 0.0473991, 0, 0.175196, 0.0340843, 0, 0.00289063, 0.119105
0.456, 0, 0.709851, 0, 0.0158955, 0.242757, 0, 0.261825, 0.0449598, 0, 0.172856, 0.0335245, 0, 0.00269726, 0.117925
0.457, 0, 0.715128, 0, 0.0166407, 0.239406, 0, 0.259781, 0.0441855, 0, 0.170209, 0.0331376, 0, 0.00234939, 0.117073
0.458, 0, 0.718148, 0, 0.0166039, 0.237421, 0, 0.257323, 0.0434658, 0, 0.167852, 0.0327383, 0, 0.0020831, 0.116116
0.459, 0, 0.718, 0, 0.0162659, 0.235756, 0, 0.255026, 0.0427644, 0, 0.16561, 0.0323141, 0, 0.00184516, 0.115174
0.46, 0, 0.701583, 0, 0.0158036, 0.234236, 0, 0.253146, 0.0418051, 0, 0.163554, 0.0318817, 0, 0.00164477, 0.114612
0.461, 0, 0.697764, 0, 0.0153133, 0.232774, 0, 0.251459, 0.0408596, 0, 0.161646, 0.0314537, 0, 0.00149307, 0.113552
0.462, 0, 0.695223, 0, 0.014864, 0.2313, 0, 0.249938, 0.039901, 0, 0.159854, 0.0310403, 0, 0.00134734, 0.112566
0.463, 0, 0.689645, 0, 0.0144353, 0.230248, 0, 0.248563, 0.0389559, 0, 0.158153, 0.0306485, 0, 0.00120823, 0.111624
0.464, 0, 0.685131, 0, 0.0141469, 0.22858, 0, 0.247259, 0.0380478, 0, 0.156549, 0.0302801, 0, 0.00108176, 0.110732
0.465, 0, 0.680178, 0, 0.0139138, 0.226929, 0, 0.245882, 0.0372592, 0, 0.155015, 0.0299327, 0, 0.000967552, 0.109866
0.466, 0, 0.67606, 0, 0.0137408, 0.225303, 0, 0.244458, 0.0365723, 0, 0.153524, 0.0296044, 0, 0.000864122, 0.109027
0.467, 0, 0.671046, 0, 0.0135914, 0.223696, 0, 0.243101, 0.0358916, 0, 0.152087, 0.0293006, 0, 0.000765331, 0.108224
0.468, 0, 0.664894, 0, 0.0134723, 0.222081, 0, 0.244841, 0.0349428, 0, 0.150707, 0.0290183, 0, 0.000671749, 0.107457
0.469, 0, 0.660272, 0, 0.0132673, 0.220839, 0, 0.243583, 0.0343355, 0, 0.149371, 0.028756, 0, 0.000580328, 0.106729
0.47, 0, 0.656717, 0, 0.0133338, 0.219206, 0, 0.242298, 0.033788, 0, 0.148085, 0.028513, 0, 0.000494774, 0.106029
0.471, 0, 0.652949, 0, 0.0131932, 0.217771, 0, 0.240982, 0.0332999, 0, 0.146842, 0.0282869, 0, 0.00041084, 0.105354
0.472, 0, 0.649367, 0, 0.0130997, 0.21634, 0, 0.239744, 0.0328199, 0, 0.145646, 0.0280751, 0, 0.000328206, 0.104748
0.473, 0, 0.645808, 0, 0.0130148, 0.214954, 0, 0.238559, 0.0323716, 0, 0.144517, 0.0278772, 0, 0.000244875, 0.104191
0.474, 0, 0.642705, 0, 0.012938, 0.213614, 0, 0.2374, 0.0319523, 0, 0.143424, 0.0276927, 0, 0.000163674, 0.103661
0.475, 0, 0.638828, 0, 0.0127642, 0.212776, 0, 0.236268, 0.0315555, 0, 0.142348, 0.027521, 0, 8.31745e-05, 0.103159
0.476, 0, 0.636776, 0, 0.0123036, 0.211667, 0, 0.235131, 0.0312114, 0, 0.141326, 0.0273616, 0, 9.80364e-06, 0.10266
0.477, 0, 0.634582, 0, 0.0122358, 0.210479, 0, 0.234018, 0.0308916, 0, 0.140346, 0.0272109, 0, 0, 0.102181
0.478, 0, 0.63182, 0, 0.0121953, 0.209212, 0, 0.232917, 0.030591, 0, 0.139385, 0.0270712, 0, 0, 0.101682
0.479, 0, 0.628254, 0, 0.0121661, 0.207999, 0, 0.231822, 0.0303178, 0, 0.138459, 0.0269404, 0, 0, 0.101232
0.48, 0, 0.623204, 0, 0.0121486, 0.20679, 0, 0.230733, 0.0300676, 0, 0.137566, 0.0268189, 0, 0, 0.100805
0.481, 0, 0.621587, 0, 0.0121293, 0.205618, 0, 0.226506, 0.0301438, 0, 0.136688, 0.0267065, 0, 0, 0.100395
0.482, 0, 0.616502, 0, 0.0121042, 0.204498, 0, 0.227636, 0.0296944, 0, 0.135851, 0.0265993, 0, 0, 0.1
0.483, 0, 0.61308, 0, 0.0120796, 0.203448, 0, 0.226594, 0.029502, 0, 0.135036, 0.0265014, 0, 0, 0.0996258
0.484, 0, 0.611752, 0, 0.0119804, 0.202771, 0, 0.225563, 0.0293118, 0, 0.134244, 0.0264078, 0, 0, 0.0992597
0.485, 0, 0.610808, 0, 0.0114524, 0.202109, 0, 0.224527, 0.0291384, 0, 0.133471, 0.0263249, 0, 0, 0.0988937
0.486, 0, 0.60837, 0, 0.0114189, 0.201098, 0, 0.223539, 0.02898, 0, 0.132727, 0.0262449, 0, 0, 0.0985569
0.487, 0, 0.60512, 0, 0.0113814, 0.200166, 0, 0.222623, 0.0288418, 0, 0.132, 0.0261698, 0, 0, 0.0982022
0.488, 0, 0.602682, 0, 0.0113537, 0.199231, 0, 0.221665, 0.0286955, 0, 0.131295, 0.0261, 0, 0, 0.097877
0.489, 0, 0.596625, 0, 0.0113356, 0.198312, 0, 0.220607, 0.0285721, 0, 0.130601, 0.0260384, 0, 0, 0.0975629
0.49, 0, 0.595323, 0, 0.0115707, 0.197226, 0, 0.219646, 0.0284436, 0, 0.129941, 0.0259775, 0, 0, 0.097252
0.491, 0, 0.591495, 0, 0.0115624, 0.196342, 0, 0.218706, 0.0283289, 0, 0.129299, 0.0259205, 0, 0, 0.0969481
0.492, 0, 0.588298, 0, 0.0115548, 0.182453, 0, 0.215046, 0.0284684, 0, 0.128675, 0.0258666, 0, 0, 0.0966463
0.493, 0, 0.584647, 0, 0.0115382, 0.181629, 0, 0.214168, 0.0283746, 0, 0.128055, 0.0258152, 0, 0, 0.0963514
0.494, 0, 0.582731, 0, 0.0114633, 0.181133, 0, 0.213276, 0.0282883, 0, 0.127467, 0.0257674, 0, 0, 0.096062
0.495, 0, 0.474146, 0, 0.0114612, 0.180298, 0, 0.21239, 0.0282096, 0, 0.126889, 0.0257214, 0, 0, 0.0957542
0.496, 0, 0.470891, 0, 0.0109952, 0.179837, 0, 0.211521, 0.0280908, 0, 0.126324, 0.025679, 0, 0, 0.0954747
0.497, 0, 0.467842, 0, 0.0108559, 0.179649, 0, 0.210599, 0.0280405, 0, 0.12577, 0.0256395, 0, 0, 0.0952027
0.498, 0, 0.46522, 0, 0.0108287, 0.178835, 0, 0.209747, 0.027979, 0, 0.125227, 0.0256023, 0, 0, 0.0949345
0.499, 0, 0.462678, 0, 0.0108122, 0.178009, 0, 0.208909, 0.0279211, 0, 0.124697, 0.0255654, 0, 0, 0.0946705
0.5, 0, 0.460329, 0, 0.0109396, 0.177732, 0, 0.20809, 0.0278663, 0, 0.124175, 0.0255305, 0, 0, 0.0944127
0.501, 0, 0.458172, 0, 0.0107943, 0.176505, 0, 0.207271, 0.0278081, 0, 0.123665, 0.0254977, 0, 0, 0.0941551
0.502, 0, 0.455051, 0, 0.0107846, 0.175738, 0, 0.206464, 0.0277618, 0, 0.123163, 0.0254664, 0, 0, 0.0939032
0.503, 0, 0.453021, 0, 0.0107712, 0.17499, 0, 0.205668, 0.0277179, 0, 0.12267, 0.0254365, 0, 0, 0.0936533
0.504, 0, 0.450566, 0, 0.0108263, 0.17453, 0, 0.204883, 0.0276747, 0, 0.122264, 0.025403, 0, 0, 0.0934073
0.505, 0, 0.448909, 0, 0.0106985, 0.173977, 0, 0.204092, 0.0276351, 0, 0.121649, 0.0253969, 0, 0, 0.0931608
0.506, 0, 0.446982, 0, 0.0106726, 0.17327, 0, 0.203323, 0.0275973, 0, 0.12118, 0.0253712, 0, 0, 0.0929234
0.507, 0, 0.444201, 0, 0.0106514, 0.172568, 0, 0.202557, 0.0275605, 0, 0.120722, 0.0253462, 0, 0, 0.0926821
0.508, 0, 0.442408, 0, 0.010577, 0.172138, 0, 0.201803, 0.027525, 0, 0.12027, 0.0253216, 0, 0, 0.0924425
0.509, 0, 0.440461, 0, 0.0105968, 0.171525, 0, 0.201065, 0.0274883, 0, 0.119826, 0.0252975, 0, 0, 0.0922137
0.51, 0, 0.438502, 0, 0.0105813, 0.170817, 0, 0.200322, 0.0274562, 0, 0.119388, 0.0252737, 0, 0, 0.0919784
0.511, 0, 0.436815, 0, 0.0105598, 0.170139, 0, 0.199591, 0.0274237, 0, 0.118957, 0.02525, 0, 0, 0.0917444
0.512, 0, 0.43525, 0, 0.0105323, 0.169473, 0, 0.198863, 0.0273911, 0, 0.118497, 0.0252322, 0, 0, 0.0915082
0.513, 0, 0.43353, 0, 0.0104718, 0.16901, 0, 0.198146, 0.02736, 0, 0.118077, 0.0252079, 0, 0, 0.0912777
0.514, 0, 0.431666, 0, 0.0103627, 0.168827, 0, 0.197436, 0.0273289, 0, 0.117651, 0.0251867, 0, 0, 0.0910488
0.515, 0, 0.430042, 0, 0.0103389, 0.168154, 0, 0.196732, 0.0273008, 0, 0.117239, 0.0251633, 0, 0, 0.0908202
0.516, 0, 0.427697, 0, 0.0103163, 0.16748, 0, 0.196032, 0.0272761, 0, 0.116834, 0.02514, 0, 0, 0.0905936
0.517, 0, 0.425937, 0, 0.0102928, 0.166808, 0, 0.195378, 0.0272384, 0, 0.116434, 0.025116, 0, 0, 0.0903669
0.518, 0, 0.423256, 0, 0.0102682, 0.166371, 0, 0.19469, 0.0272138, 0, 0.116039, 0.0250917, 0, 0, 0.0901408
0.519, 0, 0.420733, 0, 0.0101844, 0.166023, 0, 0.194002, 0.0271881, 0, 0.115649, 0.0250664, 0, 0, 0.0899149
0.52, 0, 0.418638, 0, 0.0101549, 0.165359, 0, 0.193323, 0.0271629, 0, 0.115263, 0.0250407, 0, 0, 0.0896893
0.521, 0, 0.415229, 0, 0.010101, 0.164622, 0, 0.192647, 0.0271381, 0, 0.114877, 0.02502, 0, 0, 0.0894632
0.522, 0, 0.413623, 0, 0.0101169, 0.16415, 0, 0.191886, 0.0271349, 0, 0.114498, 0.0249946, 0, 0, 0.0892379
0.523, 0, 0.411648, 0, 0.0100808, 0.163531, 0, 0.191221, 0.027111, 0, 0.114084, 0.0249753, 0, 0, 0.0890115
0.524, 0, 0.409186, 0, 0.0100417, 0.162921, 0, 0.190541, 0.027093, 0, 0.113713, 0.0249485, 0, 0, 0.0887835
0.525, 0, 0.403789, 0, 0.0100017, 0.16232, 0, 0.189877, 0.0270694, 0, 0.113344, 0.0249216, 0, 0, 0.0885561
0.526, 0, 0.402036, 0, 0.00995183, 0.161751, 0, 0.189191, 0.0270508, 0, 0.112977, 0.0248938, 0, 0, 0.088329
0.527, 0, 0.401433, 0, 0.00990528, 0.16116, 0, 0.188542, 0.0270267, 0, 0.112613, 0.0248653, 0, 0, 0.0880999
0.528, 0, 0.397029, 0, 0.00998868, 0.161048, 0, 0.187912, 0.0269997, 0, 0.112251, 0.0248364, 0, 0, 0.0878759
0.529, 0, 0.394933, 0, 0.00993558, 0.160506, 0, 0.187275, 0.0269724, 0, 0.11189, 0.024806, 0, 0, 0.0876483
0.53, 0, 0.392824, 0, 0.00981371, 0.159741, 0, 0.186644, 0.0269449, 0, 0.111531, 0.024775, 0, 0, 0.0874213
0.531, 0, 0.392211, 0, 0.00976512, 0.159191, 0, 0.186002, 0.0269327, 0, 0.111176, 0.0247446, 0, 0, 0.0871981
0.532, 0, 0.390498, 0, 0.00968593, 0.15859, 0, 0.185709, 0.0267981, 0, 0.11082, 0.0247111, 0, 0, 0.0869714
0.533, 0, 0.388797, 0, 0.00961784, 0.158087, 0, 0.185039, 0.0267719, 0, 0.110464, 0.0246771, 0, 0, 0.0867361
0.534, 0, 0.386863, 0, 0.00954908, 0.157573, 0, 0.184385, 0.0267409, 0, 0.110109, 0.0246425, 0, 0, 0.0865104
0.535, 0, 0.386761, 0, 0.00947671, 0.157068, 0, 0.18378, 0.0267377, 0, 0.109754, 0.0246069, 0, 0, 0.0862849
0.536, 0, 0.385165, 0, 0.00928941, 0.157141, 0, 0.183133, 0.0267049, 0, 0.109401, 0.0245701, 0, 0, 0.0860599
0.537, 0, 0.38385, 0, 0.00921518, 0.156594, 0, 0.182486, 0.0266742, 0, 0.109087, 0.0245266, 0, 0, 0.0858357
0.538, 0, 0.382277, 0, 0.00914138, 0.156041, 0, 0.181805, 0.0266766, 0, 0.108728, 0.0244886, 0, 0, 0.0856133
0.539, 0, 0.380164, 0, 0.0090722, 0.155487, 0, 0.181173, 0.0266434, 0, 0.108372, 0.0244506, 0, 0, 0.085391
0.54, 0, 0.378617, 0, 0.00910742, 0.167528, 0, 0.180355, 0.02672, 0, 0.108016, 0.0244108, 0, 0, 0.0851674
0.541, 0, 0.377155, 0, 0.00903112, 0.155189, 0, 0.17971, 0.0267001, 0, 0.107662, 0.0243698, 0, 0, 0.0849435
0.542, 0, 0.375959, 0, 0.00895748, 0.154666, 0, 0.179167, 0.026672, 0, 0.107309, 0.0243283, 0, 0, 0.0847198
0.543, 0, 0.374507, 0, 0.00888571, 0.154143, 0, 0.178539, 0.0266448, 0, 0.106958, 0.0242855, 0, 0, 0.0844956
0.544, 0, 0.373333, 0, 0.00881241, 0.165528, 0, 0.177938, 0.0266078, 0, 0.106798, 0.0242217, 0, 0, 0.0842716
0.545, 0, 0.372012, 0, 0.00874004, 0.165014, 0, 0.178438, 0.0264728, 0, 0.10645, 0.024176, 0, 0, 0.0840473
0.546, 0, 0.370711, 0, 0.00867298, 0.164504, 0, 0.177737, 0.0264452, 0, 0.106103, 0.0241301, 0, 0, 0.0838219
0.547, 0, 0.369432, 0, 0.00860729, 0.163999, 0, 0.177044, 0.0264154, 0, 0.105756, 0.0240833, 0, 0, 0.0835984
0.548, 0, 0.368208, 0, 0.00853978, 0.163501, 0, 0.176355, 0.026385, 0, 0.105411, 0.0240355, 0, 0, 0.0833728
0.549, 0, 0.366942, 0, 0.00847027, 0.163007, 0, 0.17567, 0.0263541, 0, 0.105129, 0.023985, 0, 0, 0.0831504
0.55, 0, 0.365666, 0, 0.00834215, 0.162754, 0, 0.174989, 0.0263228, 0, 0.104789, 0.0239341, 0, 0, 0.0829271
0.551, 0, 0.364282, 0, 0.00826796, 0.162226, 0, 0.174311, 0.0262909, 0, 0.104448, 0.0238834, 0, 0, 0.0827025
0.552, 0, 0.36277, 0, 0.00820481, 0.161694, 0, 0.173643, 0.026258, 0, 0.104107, 0.0238321, 0, 0, 0.0824775
0.553, 0, 0.361193, 0, 0.00808752, 0.161354, 0, 0.172979, 0.0262245, 0, 0.103768, 0.0237802, 0, 0, 0.0822521
0.554, 0, 0.359929, 0, 0.00796703, 0.161072, 0, 0.172319, 0.0261901, 0, 0.103429, 0.0237272, 0, 0, 0.0820252
0.555, 0, 0.358635, 0, 0.00789499, 0.160556, 0, 0.17166, 0.0261553, 0, 0.103092, 0.0236735, 0, 0, 0.0817988
0.556, 0, 0.357489, 0, 0.00782242, 0.160041, 0, 0.171006, 0.0261198, 0, 0.102755, 0.0236193, 0, 0, 0.0815726
0.557, 0, 0.35623, 0, 0.00773076, 0.159617, 0, 0.170418, 0.0260743, 0, 0.10242, 0.0235642, 0, 0, 0.0813475
0.558, 0, 0.354674, 0, 0.00765892, 0.159108, 0, 0.169773, 0.0260357, 0, 0.102084, 0.0235088, 0, 0, 0.0811211
0.559, 0, 0.353331, 0, 0.00758511, 0.158605, 0, 0.169127, 0.0259984, 0, 0.10175, 0.0234526, 0, 0, 0.0808941
0.56, 0, 0.35196, 0, 0.00753635, 0.157913, 0, 0.168481, 0.0259606, 0, 0.10139, 0.0233992, 0, 0, 0.0806669
0.561, 0, 0.35037, 0, 0.00738565, 0.157802, 0, 0.167843, 0.025922, 0, 0.101056, 0.0233422, 0, 0, 0.0804397
0.562, 0, 0.349102, 0, 0.00732707, 0.15712, 0, 0.167205, 0.0258829, 0, 0.100723, 0.0232847, 0, 0, 0.0802114
0.563, 0, 0.347822, 0, 0.0072505, 0.156614, 0, 0.166593, 0.0258433, 0, 0.100493, 0.023229, 0, 0, 0.0799831
0.564, 0, 0.346014, 0, 0.00717411, 0.156112, 0, 0.165527, 0.0258438, 0, 0.100166, 0.0231653, 0, 0, 0.0797566
0.565, 0, 0.344158, 0, 0.00709499, 0.155621, 0, 0.165783, 0.0257197, 0, 0.0998414, 0.023102, 0, 0, 0.0795276
0.566, 0, 0.342552, 0, 0.00695847, 0.15541, 0, 0.16513, 0.0256787, 0, 0.0995166, 0.0230386, 0, 0, 0.0792991
0.567, 0, 0.340943, 0, 0.00687695, 0.154919, 0, 0.16448, 0.0256365, 0, 0.0991926, 0.0229748, 0, 0, 0.0790698
0.568, 0, 0.338947, 0, 0.00676407, 0.154575, 0, 0.163836, 0.0255934, 0, 0.0988691, 0.0229106, 0, 0, 0.07884
0.569, 0, 0.337428, 0, 0.00668615, 0.154065, 0, 0.163194, 0.0255499, 0, 0.0985468, 0.0228459, 0, 0, 0.0786098
0.57, 0, 0.336471, 0, 0.00660821, 0.153565, 0, 0.162552, 0.0255067, 0, 0.0982259, 0.0227811, 0, 0, 0.0783794
0.571, 0, 0.333794, 0, 0.00652831, 0.153068, 0, 0.161921, 0.0254621, 0, 0.0979047, 0.0227162, 0, 0, 0.0781499
0.572, 0, 0.33209, 0, 0.00644817, 0.152578, 0, 0.16129, 0.0254166, 0, 0.0975842, 0.0226507, 0, 0, 0.0779186
0.573, 0, 0.330539, 0, 0.00636682, 0.152093, 0, 0.160663, 0.0253705, 0, 0.0972645, 0.0225848, 0, 0, 0.0776876
0.574, 0, 0.328971, 0, 0.00628454, 0.151612, 0, 0.160039, 0.0253239, 0, 0.0969455, 0.0225188, 0, 0, 0.0774567
0.575, 0, 0.327412, 0, 0.00619828, 0.151121, 0, 0.159326, 0.0252523, 0, 0.0966272, 0.0224525, 0, 0, 0.0772256
0.576, 0, 0.325954, 0, 0.00612426, 0.150633, 0, 0.158712, 0.0252057, 0, 0.0963097, 0.0223859, 0, 0, 0.0769942
0.577, 0, 0.324515, 0, 0.00612083, 0.149934, 0, 0.157894, 0.025218, 0, 0.0959944, 0.0223184, 0, 0, 0.0767688
0.578, 0, 0.323118, 0, 0.00603381, 0.149467, 0, 0.157352, 0.0251524, 0, 0.0956769, 0.0222516, 0, 0, 0.0765376
0.579, 0, 0.321881, 0, 0.00594803, 0.149011, 0, 0.156758, 0.025102, 0, 0.09536, 0.0221843, 0, 0, 0.0763048
0.58, 0, 0.320633, 0, 0.00586246, 0.148544, 0, 0.156163, 0.0250528, 0, 0.0951658, 0.0218415, 0, 0, 0.0760714
0.581, 0, 0.319417, 0, 0.00569432, 0.148479, 0, 0.155572, 0.0250026, 0, 0.0948587, 0.0217865, 0, 0, 0.0758388
0.582, 0, 0.318218, 0, 0.00566613, 0.147719, 0, 0.154983, 0.0249517, 0, 0.0945489, 0.0217325, 0, 0, 0.0756049
0.583, 0, 0.317226, 0, 0.00558568, 0.147239, 0, 0.1544, 0.0248993, 0, 0.0942381, 0.021678, 0, 0, 0.0753712
0.584, 0, 0.316047, 0, 0.00550484, 0.146766, 0, 0.153819, 0.0248462, 0, 0.093927, 0.0216232, 0, 0, 0.0751373
0.585, 0, 0.314875, 0, 0.00542275, 0.146297, 0, 0.153243, 0.0247921, 0, 0.0936155, 0.0215677, 0, 0, 0.0749035
0.586, 0, 0.313528, 0, 0.00534326, 0.145839, 0, 0.152669, 0.0247372, 0, 0.0933035, 0.0215119, 0, 0, 0.07467
0.587, 0, 0.312281, 0, 0.00525939, 0.14538, 0, 0.152098, 0.0246813, 0, 0.0929914, 0.0214553, 0, 0, 0.074436
0.588, 0, 0.311008, 0, 0.00518762, 0.144913, 0, 0.151518, 0.024629, 0, 0.0926788, 0.0213984, 0, 0, 0.0742049
0.589, 0, 0.309655, 0, 0.00511968, 0.144478, 0, 0.150954, 0.0245721, 0, 0.092366, 0.0213409, 0, 0, 0.0739747
0.59, 0, 0.308417, 0, 0.00504878, 0.144014, 0, 0.150395, 0.0245135, 0, 0.0920524, 0.0212827, 0, 0, 0.0737436
0.591, 0, 0.307269, 0, 0.00497433, 0.143554, 0, 0.149839, 0.0244538, 0, 0.0917397, 0.0212237, 0, 0, 0.073512
0.592, 0, 0.306135, 0, 0.00503779, 0.142992, 0, 0.149286, 0.0243934, 0, 0.0914281, 0.0211639, 0, 0, 0.0732801
0.593, 0, 0.305024, 0, 0.00488386, 0.142964, 0, 0.148737, 0.024332, 0, 0.0911159, 0.0211033, 0, 0, 0.0730484
0.594, 0, 0.303942, 0, 0.00479954, 0.142473, 0, 0.148186, 0.0242703, 0, 0.090803, 0.0210424, 0, 0, 0.0728154
0.595, 0, 0.302816, 0, 0.00472083, 0.141994, 0, 0.147659, 0.0242074, 0, 0.0904898, 0.020981, 0, 0, 0.0725825
0.596, 0, 0.301207, 0, 0.00465078, 0.141511, 0, 0.147096, 0.0241471, 0, 0.0901762, 0.020919, 0, 0, 0.0723495
0.597, 0, 0.30014, 0, 0.00458127, 0.141032, 0, 0.146545, 0.0240846, 0, 0.0898623, 0.0208565, 0, 0, 0.072083
0.598, 0, 0.298939, 0, 0.00451585, 0.140561, 0, 0.145995, 0.0240214, 0, 0.0895482, 0.0207936, 0, 0, 0.0718546
0.599, 0, 0.297953, 0, 0.00445007, 0.140081, 0, 0.145446, 0.0239576, 0, 0.0892365, 0.0207299, 0, 0, 0.0716277
0.6, 0, 0.296897, 0, 0.00438361, 0.139611, 0, 0.144898, 0.0238932, 0, 0.0889334, 0.0206647, 0, 0, 0.0714014
0.601, 0, 0.295807, 0, 0.00431482, 0.139139, 0, 0.144351, 0.0238285, 0, 0.0886293, 0.0205991, 0, 0, 0.0711762
0.602, 0, 0.294871, 0, 0.00424418, 0.138671, 0, 0.143823, 0.0237631, 0, 0.0883244, 0.0205329, 0, 0, 0.0709504
0.603, 0, 0.293797, 0, 0.0041725, 0.138206, 0, 0.143295, 0.0236972, 0, 0.0880213, 0.0204657, 0, 0, 0.0707267
0.604, 0, 0.29276, 0, 0.00410021, 0.137744, 0, 0.142768, 0.023631, 0, 0.0877146, 0.0203987, 0, 0, 0.0704995
0.605, 0, 0.291636, 0, 0.00402785, 0.137283, 0, 0.14224, 0.0235647, 0, 0.0874355, 0.0203263, 0, 0, 0.0701832
0.606, 0, 0.290653, 0, 0.00395518, 0.136824, 0, 0.141713, 0.0234978, 0, 0.0871184, 0.0202597, 0, 0, 0.0699499
0.607, 0, 0.289544, 0, 0.0038824, 0.136367, 0, 0.141185, 0.0234307, 0, 0.0868024, 0.0201924, 0, 0, 0.0697202
0.608, 0, 0.288437, 0, 0.00380888, 0.13591, 0, 0.140636, 0.0233653, 0, 0.0864869, 0.0201247, 0, 0, 0.0694935
0.609, 0, 0.287178, 0, 0.00373579, 0.135456, 0, 0.142099, 0.0231274, 0, 0.0861755, 0.0200553, 0, 0, 0.0691193
0.61, 0, 0.286121, 0, 0.00366151, 0.135005, 0, 0.141555, 0.023047, 0, 0.0858617, 0.0199866, 0, 0, 0.0688891
0.611, 0, 0.284944, 0, 0.00357182, 0.134573, 0, 0.141025, 0.0229655, 0, 0.0855483, 0.0199173, 0, 0, 0.0686645
0.612, 0, 0.283904, 0, 0.00349542, 0.134134, 0, 0.140466, 0.0228916, 0, 0.085235, 0.0198476, 0, 0, 0.0684505
0.613, 0, 0.28288, 0, 0.00343212, 0.133691, 0, 0.139905, 0.0228189, 0, 0.0849057, 0.019778, 0, 0, 0.0682415
0.614, 0, 0.281695, 0, 0.0034428, 0.133183, 0, 0.139901, 0.0226991, 0, 0.0845937, 0.0197078, 0, 0, 0.0680313
0.615, 0, 0.28062, 0, 0.00338611, 0.132735, 0, 0.139319, 0.0226245, 0, 0.0842847, 0.0196367, 0, 0, 0.0678187
0.616, 0, 0.279613, 0, 0.00333335, 0.132286, 0, 0.13623, 0.0227679, 0, 0.0839782, 0.0195654, 0, 0, 0.0676065
0.617, 0, 0.278603, 0, 0.00327769, 0.131844, 0, 0.13569, 0.0227112, 0, 0.0836711, 0.0194937, 0, 0, 0.0673896
0.618, 0, 0.277514, 0, 0.00322138, 0.1314, 0, 0.135163, 0.0226468, 0, 0.0833635, 0.0194217, 0, 0, 0.0671716
0.619, 0, 0.276528, 0, 0.00316472, 0.130963, 0, 0.134634, 0.0225798, 0, 0.0830555, 0.0193496, 0, 0, 0.0669524
0.62, 0, 0.275609, 0, 0.00310818, 0.13052, 0, 0.134107, 0.0225122, 0, 0.082747, 0.0192773, 0, 0, 0.0667322
0.621, 0, 0.274609, 0, 0.00303146, 0.130173, 0, 0.137161, 0.0221334, 0, 0.0825375, 0.0191907, 0, 0, 0.0665077
0.622, 0, 0.273614, 0, 0.00297497, 0.129724, 0, 0.136484, 0.022051, 0, 0.0822155, 0.019119, 0, 0, 0.0662874
0.623, 0, 0.272635, 0, 0.00291897, 0.129272, 0, 0.135791, 0.0219802, 0, 0.0818952, 0.019047, 0, 0, 0.0660067
0.624, 0, 0.271669, 0, 0.00286781, 0.128819, 0, 0.133725, 0.0220447, 0, 0.0815792, 0.0189741, 0, 0, 0.0657879
0.625, 0, 0.270285, 0, 0.00281059, 0.12837, 0, 0.133268, 0.0219611, 0, 0.0812596, 0.0189017, 0, 0, 0.0655654
0.626, 0, 0.269607, 0, 0.00275494, 0.12792, 0, 0.132708, 0.0218875, 0, 0.080941, 0.0188289, 0, 0, 0.0653425
0.627, 0, 0.268496, 0, 0.00265487, 0.127808, 0, 0.133699, 0.0216998, 0, 0.0806063, 0.0187581, 0, 0, 0.0651184
0.628, 0, 0.267627, 0, 0.00261371, 0.127271, 0, 0.132984, 0.0216385, 0, 0.0802911, 0.018685, 0, 0, 0.0648942
0.629, 0, 0.266676, 0, 0.00257236, 0.126784, 0, 0.13256, 0.0215007, 0, 0.0799774, 0.018612, 0, 0, 0.0645644
0.63, 0, 0.265517, 0, 0.00253193, 0.126299, 0, 0.131806, 0.0214491, 0, 0.0796655, 0.0185387, 0, 0, 0.0643412
0.631, 0, 0.263846, 0, 0.00149576, 0.126826, 0, 0.131123, 0.0213869, 0, 0.0793576, 0.0184642, 0, 0, 0.064126
0.632, 0, 0.262881, 0, 0.00144947, 0.126373, 0, 0.130417, 0.0213325, 0, 0.0790449, 0.0183909, 0, 0, 0.063908
0.633, 0, 0.261341, 0, 0.00141275, 0.125925, 0, 0.129718, 0.0212774, 0, 0.0787335, 0.0183169, 0, 0, 0.0636897
0.634, 0, 0.260501, 0, 0.00137578, 0.125528, 0, 0.129029, 0.0212233, 0, 0.0784228, 0.0182431, 0, 0, 0.0634306
0.635, 0, 0.259195, 0, 0.00134339, 0.12506, 0, 0.128348, 0.0211693, 0, 0.0781127, 0.018169, 0, 0, 0.0632089
0.636, 0, 0.257979, 0, 0.00132802, 0.124407, 0, 0.12769, 0.021113, 0, 0.0778081, 0.0180937, 0, 0, 0.0629935
0.637, 0, 0.257145, 0, 0.00134073, 0.123876, 0, 0.127028, 0.0210601, 0, 0.0774958, 0.0180192, 0, 0, 0.0627766
0.638, 0, 0.256224, 0, 0.0013372, 0.123384, 0, 0.126371, 0.0210085, 0, 0.0771144, 0.0180078, 0, 0, 0.0625636
0.639, 0, 0.255158, 0, 0.00132263, 0.122924, 0, 0.125723, 0.0209544, 0, 0.0768547, 0.0179244, 0, 0, 0.0623436
0.64, 0, 0.253932, 0, 0.00131132, 0.122473, 0, 0.125101, 0.0209002, 0, 0.0765697, 0.0178495, 0, 0, 0.0617756
0.641, 0, 0.252965, 0, 0.00129386, 0.122029, 0, 0.124468, 0.0208453, 0, 0.0762727, 0.0177766, 0, 0, 0.0615571
0.642, 0, 0.251807, 0, 0.0012748, 0.121585, 0, 0.123843, 0.0207895, 0, 0.0760336, 0.0176951, 0, 0, 0.0613481
0.643, 0, 0.250833, 0, 0.00125769, 0.121153, 0, 0.123231, 0.0207328, 0, 0.075734, 0.0176228, 0, 0, 0.0611483
0.644, 0, 0.249863, 0, 0.00124032, 0.120706, 0, 0.12263, 0.0206757, 0, 0.0754373, 0.0175484, 0, 0, 0.0609505
0.645, 0, 0.248729, 0, 0.00122322, 0.12026, 0, 0.122038, 0.0206179, 0, 0.0751405, 0.0174735, 0, 0, 0.0605733
0.646, 0, 0.247521, 0, 0.00120423, 0.119829, 0, 0.121458, 0.0205598, 0, 0.0749061, 0.017388, 0, 0, 0.0603636
0.647, 0, 0.246556, 0, 0.00118557, 0.119397, 0, 0.120888, 0.0205003, 0, 0.0745954, 0.0173139, 0, 0, 0.0601593
0.648, 0, 0.243465, 0, 0.00116906, 0.118977, 0, 0.12034, 0.0204391, 0, 0.0742859, 0.0172393, 0, 0, 0.0599562
0.649, 0, 0.241787, 0, 0, 0.119701, 0, 0.119808, 0.0203772, 0, 0.0739804, 0.0171638, 0, 0, 0.0597569
0.65, 0, 0.240532, 0, 0, 0.119283, 0, 0.119257, 0.0203161, 0, 0.0736704, 0.0170891, 0, 0, 0.0595516
0.651, 0, 0.239589, 0, 0, 0.118864, 0, 0.118715, 0.0202533, 0, 0.0733621, 0.0170138, 0, 0, 0.0593449
0.652, 0, 0.238648, 0, 0, 0.118429, 0, 0.118189, 0.020189, 0, 0.0730547, 0.0169384, 0, 0, 0.0591368
0.653, 0, 0.237732, 0, 0, 0.117989, 0, 0.117641, 0.0201288, 0, 0.0727484, 0.0168627, 0, 0, 0.0589279
0.654, 0, 0.236836, 0, 0, 0.117545, 0, 0.116985, 0.0201749, 0, 0.072442, 0.0167867, 0, 0, 0.058717
0.655, 0, 0.235967, 0, 0, 0.117101, 0, 0.116465, 0.020113, 0, 0.0721369, 0.0167106, 0, 0, 0.0585056
0.656, 0, 0.235077, 0, 0, 0.116656, 0, 0.115928, 0.0200489, 0, 0.0718325, 0.0166343, 0, 0, 0.0582932
0.657, 0, 0.234218, 0, 0, 0.116209, 0, 0.115416, 0.0199815, 0, 0.071549, 0.0165552, 0, 0, 0.0580789
0.658, 0, 0.233052, 0, 0, 0.115762, 0, 0.114908, 0.0199123, 0, 0.0712435, 0.0164794, 0, 0, 0.0578644
0.659, 0, 0.232192, 0, 0, 0.11531, 0, 0.114429, 0.019838, 0, 0.070938, 0.0164027, 0, 0, 0.0576485
0.66, 0, 0.231322, 0, 0, 0.114869, 0, 0.114158, 0.0197106, 0, 0.0700673, 0.0164155, 0, 0, 0.0573864
0.661, 0, 0.23045, 0, 0, 0.114417, 0, 0.113611, 0.0196428, 0, 0.0698031, 0.0163335, 0, 0, 0.05717
0.662, 0, 0.229576, 0, 0, 0.113961, 0, 0.11307, 0.0195707, 0, 0.0695276, 0.0162586, 0, 0, 0.0569548
0.663, 0, 0.228704, 0, 0, 0.113501, 0, 0.112644, 0.0194779, 0, 0.0692493, 0.0161845, 0, 0, 0.0565731
0.664, 0, 0.227832, 0, 0, 0.113041, 0, 0.1121, 0.0194038, 0, 0.0689606, 0.0161123, 0, 0, 0.0563528
0.665, 0, 0.226962, 0, 0, 0.11258, 0, 0.111543, 0.0193286, 0, 0.0686806, 0.0160372, 0, 0, 0.0561391
0.666, 0, 0.225295, 0, 0, 0.112115, 0, 0.11097, 0.0192552, 0, 0.068399, 0.0159621, 0, 0, 0.0559205
0.667, 0, 0.224331, 0, 0, 0.11165, 0, 0.110434, 0.0191768, 0, 0.068116, 0.0158864, 0, 0, 0.0557087
0.668, 0, 0.223382, 0, 0, 0.111184, 0, 0.109901, 0.0190979, 0, 0.067832, 0.0158104, 0, 0, 0.0554967
0.669, 0, 0.222655, 0, 0, 0.110686, 0, 0.109376, 0.0190181, 0, 0.0675457, 0.0157455, 0, 0, 0.0552835
0.67, 0, 0.221673, 0, 0, 0.110215, 0, 0.108851, 0.018938, 0, 0.0671894, 0.0156745, 0, 0, 0.0550712
0.671, 0, 0.22075, 0, 0, 0.109744, 0, 0.108325, 0.0188567, 0, 0.0668981, 0.015596, 0, 0, 0.0548571
0.672, 0, 0.219831, 0, 0, 0.109277, 0, 0.107802, 0.0187744, 0, 0.0666136, 0.0155177, 0, 0, 0.0546518
0.673, 0, 0.219118, 0, 0, 0.108814, 0, 0.107285, 0.0186912, 0, 0.0663476, 0.0154373, 0, 0, 0.0542671
0.674, 0, 0.21819, 0, 0, 0.108466, 0, 0.106769, 0.0186068, 0, 0.066038, 0.0153599, 0, 0, 0.0540588
0.675, 0, 0.217267, 0, 0, 0.107992, 0, 0.106258, 0.0185212, 0, 0.065752, 0.0152803, 0, 0, 0.0538595
0.676, 0, 0.216351, 0, 0, 0.107528, 0, 0.105732, 0.0184376, 0, 0.0654654, 0.0152005, 0, 0, 0.0536645
0.677, 0, 0.215408, 0, 0, 0.107041, 0, 0.105228, 0.0183487, 0, 0.0658649, 0.0150513, 0, 0, 0.053465
0.678, 0, 0.213767, 0, 0, 0.106557, 0, 0.104725, 0.0182597, 0, 0.0654103, 0.0149781, 0, 0, 0.0532393
0.679, 0, 0.212804, 0, 0, 0.106115, 0, 0.104233, 0.0181701, 0, 0.0649591, 0.0149093, 0, 0, 0.0530391
0.68, 0, 0.212078, 0, 0, 0.105575, 0, 0.103749, 0.0180798, 0, 0.0645029, 0.0148412, 0, 0, 0.0528376
0.681, 0, 0.211197, 0, 0, 0.105087, 0, 0.103263, 0.0179888, 0, 0.0641324, 0.0147663, 0, 0, 0.0526391
0.682, 0, 0.209976, 0, 0, 0.104602, 0, 0.10278, 0.0178969, 0, 0.0637571, 0.014692, 0, 0, 0.0523856
0.683, 0, 0.20901, 0, 0, 0.104121, 0, 0.102296, 0.0178041, 0, 0.0633916, 0.014617, 0, 0, 0.0521836
0.684, 0, 0.208016, 0, 0, 0.103643, 0, 0.101816, 0.0177107, 0, 0.0630376, 0.0145414, 0, 0, 0.051674
0.685, 0, 0.206971, 0, 0, 0.103249, 0, 0.101335, 0.0176165, 0, 0.0626917, 0.014465, 0, 0, 0.0514468
0.686, 0, 0.205922, 0, 0, 0.102767, 0, 0.100858, 0.0175134, 0, 0.0623547, 0.0143878, 0, 0, 0.0514807
0.687, 0, 0.204813, 0, 0, 0.102292, 0, 0.100336, 0.0174206, 0, 0.0620326, 0.0143097, 0, 0, 0.051299
0.688, 0, 0.203594, 0, 0, 0.101803, 0, 0.0998526, 0.0173245, 0, 0.0623389, 0.01417, 0, 0, 0.0507988
0.689, 0, 0.20255, 0, 0, 0.101316, 0, 0.0993835, 0.017227, 0, 0.0619863, 0.0140903, 0, 0, 0.0505694
0.69, 0, 0.201111, 0, 0, 0.10083, 0, 0.0989367, 0.0171269, 0, 0.0616452, 0.0140119, 0, 0, 0.0503573
0.691, 0, 0.200184, 0, 0, 0.100344, 0, 0.098526, 0.0170235, 0, 0.0613142, 0.013933, 0, 0, 0.0501518
0.692, 0, 0.19925, 0, 0, 0.0998646, 0, 0.0982865, 0.0169112, 0, 0.0609931, 0.0138533, 0, 0, 0.0499451
0.693, 0, 0.197712, 0, 0, 0.0993869, 0, 0.0977505, 0.0168261, 0, 0.0606873, 0.0137722, 0, 0, 0.0497393
0.694, 0, 0.19664, 0, 0, 0.0989351, 0, 0.0954047, 0.0168559, 0, 0.0604201, 0.0136879, 0, 0, 0.0495486
0.695, 0, 0.195654, 0, 0, 0.0984931, 0, 0.0949722, 0.0167432, 0, 0.0601368, 0.0136038, 0, 0, 0.049339
0.696, 0, 0.194751, 0, 0, 0.0980418, 0, 0.0948208, 0.0166027, 0, 0.0598603, 0.0135194, 0, 0, 0.0491238
0.697, 0, 0.193754, 0, 0, 0.0975931, 0, 0.0942904, 0.0165208, 0, 0.0595977, 0.0134331, 0, 0, 0.0489096
0.698, 0, 0.192538, 0, 0, 0.0971414, 0, 0.0938038, 0.0164375, 0, 0.0593291, 0.0133479, 0, 0, 0.0486954
0.699, 0, 0.191572, 0, 0, 0.0966807, 0, 0.0938313, 0.0163368, 0, 0.0590708, 0.0132602, 0, 0, 0.0484972
0.7, 0, 0.190647, 0, 0, 0.0962205, 0, 0.093439, 0.0162327, 0, 0.0588169, 0.0131724, 0, 0, 0.0482824
0.701, 0, 0.189884, 0, 0, 0.0957609, 0, 0.0928819, 0.0161514, 0, 0.0585637, 0.0130841, 0, 0, 0.0480598
0.702, 0, 0.188942, 0, 0, 0.0953007, 0, 0.0923335, 0.0160684, 0, 0.0583099, 0.0129957, 0, 0, 0.0478391
0.703, 0, 0.187871, 0, 0, 0.0948389, 0, 0.0919101, 0.015974, 0, 0.0580819, 0.0129053, 0, 0, 0.0476183
0.704, 0, 0.186998, 0, 0, 0.0943789, 0, 0.0914314, 0.0158839, 0, 0.0578247, 0.0128165, 0, 0, 0.0474014
0.705, 0, 0.186084, 0, 0, 0.0938603, 0, 0.0909899, 0.0157946, 0, 0.0575685, 0.0127271, 0, 0, 0.0471886
0.706, 0, 0.184797, 0, 0, 0.0933955, 0, 0.090495, 0.015704, 0, 0.0573109, 0.0126377, 0, 0, 0.0469792
0.707, 0, 0.18384, 0, 0, 0.0929369, 0, 0.0899882, 0.0156165, 0, 0.0570352, 0.0125491, 0, 0, 0.046773
0.708, 0, 0.182899, 0, 0, 0.09248, 0, 0.0894433, 0.0155299, 0, 0.0567792, 0.0124587, 0, 0, 0.0465511
0.709, 0, 0.183241, 0, 0, 0.0920257, 0, 0.0889082, 0.0154425, 0, 0.0565066, 0.012378, 0, 0, 0.0463469
0.71, 0, 0.182342, 0, 0, 0.0915333, 0, 0.088381, 0.0153552, 0, 0.0562163, 0.012309, 0, 0, 0.0461489
0.711, 0, 0.181453, 0, 0, 0.0910672, 0, 0.087864, 0.0152673, 0, 0.0559244, 0.0122397, 0, 0, 0.0459555
0.712, 0, 0.180581, 0, 0, 0.0905727, 0, 0.0875093, 0.0151641, 0, 0.0556295, 0.01217, 0, 0, 0.0457638
0.713, 0, 0.179697, 0, 0, 0.0901352, 0, 0.086997, 0.015076, 0, 0.0553373, 0.0121001, 0, 0, 0.0452839
0.714, 0, 0.178794, 0, 0, 0.0896756, 0, 0.0864407, 0.0149924, 0, 0.0550411, 0.0120296, 0, 0, 0.0450568
0.715, 0, 0.177891, 0, 0, 0.0892351, 0, 0.0859878, 0.0149046, 0, 0.0541566, 0.0120082, 0, 0, 0.0448561
0.716, 0, 0.176677, 0, 0, 0.0887858, 0, 0.0853436, 0.0148178, 0, 0.0539376, 0.0119238, 0, 0, 0.0446365
0.717, 0, 0.175763, 0, 0, 0.0884971, 0, 0.0858703, 0.0146906, 0, 0.0537011, 0.0118562, 0, 0, 0.044401
0.718, 0, 0.174863, 0, 0, 0.0880674, 0, 0.0843831, 0.0146229, 0, 0.0534842, 0.0117905, 0, 0, 0.0441794
0.719, 0, 0.173969, 0, 0, 0.0876322, 0, 0.0840816, 0.0145226, 0, 0.0531891, 0.0117249, 0, 0, 0.043951
0.72, 0, 0.173049, 0, 0, 0.0871648, 0, 0.0842649, 0.0144065, 0, 0.0529568, 0.0116572, 0, 0, 0.04372
0.721, 0, 0.172131, 0, 0, 0.0866873, 0, 0.0836033, 0.0143168, 0, 0.0527269, 0.0115896, 0, 0, 0.043492
0.722, 0, 0.171238, 0, 0, 0.0861938, 0, 0.083005, 0.0142241, 0, 0.0524934, 0.0115215, 0, 0, 0.0432637
0.723, 0, 0.170332, 0, 0, 0.0857201, 0, 0.0824392, 0.0141303, 0, 0.0522563, 0.0114528, 0, 0, 0.043035
0.724, 0, 0.169421, 0, 0, 0.085314, 0, 0.0813674, 0.0140538, 0, 0.0520183, 0.0113839, 0, 0, 0.0428081
0.725, 0, 0.168501, 0, 0, 0.0848378, 0, 0.0808892, 0.0139579, 0, 0.0517745, 0.0113141, 0, 0, 0.0425786
0.726, 0, 0.255964, 0, 0, 0.0842779, 0, 0.0804457, 0.0138608, 0, 0.0515276, 0.0112439, 0, 0, 0.0423724
0.727, 0, 0.254925, 0, 0, 0.0837656, 0, 0.0806906, 0.0137402, 0, 0.0512742, 0.0111728, 0, 0, 0.0421407
0.728, 0, 0.253859, 0, 0, 0.0832625, 0, 0.0801874, 0.0136409, 0, 0.0524852, 0.0110676, 0, 0, 0.0419041
0.729, 0, 0.252791, 0, 0, 0.0827777, 0, 0.0797778, 0.0135405, 0, 0.0518338, 0.0109971, 0, 0, 0.041671
0.73, 0, 0.251818, 0, 0, 0.0809225, 0, 0.0793468, 0.0134468, 0, 0.0512208, 0.0109282, 0, 0, 0.0414672
0.731, 0, 0.250867, 0, 0, 0.0804116, 0, 0.0788555, 0.013347, 0, 0.0511407, 0.0108453, 0, 0, 0.0412463
0.732, 0, 0.249814, 0, 0, 0.0799697, 0, 0.0783938, 0.0132457, 0, 0.0504755, 0.010774, 0, 0, 0.0410237
0.733, 0, 0.248776, 0, 0, 0.0796272, 0, 0.0780564, 0.0131388, 0, 0.0500227, 0.0106985, 0, 0, 0.0407967
0.734, 0, 0.247764, 0, 0, 0.0792351, 0, 0.0775662, 0.0130362, 0, 0.049818, 0.010618, 0, 0, 0.0405685
0.735, 0, 0.246624, 0, 0, 0.0788373, 0, 0.0768973, 0.0129393, 0, 0.0492731, 0.0105448, 0, 0, 0.0403412
0.736, 0, 0.245635, 0, 0, 0.0784244, 0, 0.076503, 0.0128239, 0, 0.0487516, 0.0104718, 0, 0, 0.0401151
0.737, 0, 0.244654, 0, 0, 0.0769455, 0, 0.0760638, 0.0127298, 0, 0.0482829, 0.0104004, 0, 0, 0.0399273
0.738, 0, 0.243466, 0, 0, 0.0764809, 0, 0.0758996, 0.0126164, 0, 0.0478167, 0.0103281, 0, 0, 0.0396215
0.739, 0, 0.242506, 0, 0, 0.0761119, 0, 0.075408, 0.0125126, 0, 0.0473692, 0.0102563, 0, 0, 0.0393068
0.74, 0, 0.241483, 0, 0, 0.075781, 0, 0.0749241, 0.012407, 0, 0.0469575, 0.0101845, 0, 0, 0.0389334
0.741, 0, 0.240489, 0, 0, 0.0755173, 0, 0.0744476, 0.0122999, 0, 0.0465713, 0.0101126, 0, 0, 0.0385996
0.742, 0, 0.239412, 0, 0, 0.075195, 0, 0.0739771, 0.0121938, 0, 0.0462114, 0.0100405, 0, 0, 0.0382869
0.743, 0, 0.257292, 0, 0, 0.139003, 0, 0.198016, 0.000483237, 0, 0.109411, 0.0035415, 0, 0, 0.0652737
0.744, 0, 0.242594, 0, 0, 0.0677258, 0, 0.0638503, 0.00961079, 0, 0.0395238, 0.0103821, 0, 0, 0.0295749
0.745, 0, 0.23896, 0, 0, 0.0595271, 0, 0.0575948, 0.0117163, 0, 0.0376983, 0.0105994, 0, 0, 0.027984
0.746, 0, 0.237363, 0, 0, 0.0604403, 0, 0.057928, 0.0120125, 0, 0.0377199, 0.0106391, 0, 0, 0.0281442
0.747, 0, 0.236235, 0, 0, 0.0624469, 0, 0.0576455, 0.0121768, 0, 0.0376363, 0.0106762, 0, 0, 0.0284702
0.748, 0, 0.235261, 0, 0, 0.0638166, 0, 0.0574016, 0.0122811, 0, 0.0375705, 0.0107004, 0, 0, 0.030282
0.749, 0, 0.234412, 0, 0, 0.0644337, 0, 0.0572791, 0.0123802, 0, 0.0375224, 0.010722, 0, 0, 0.031961
0.75, 0, 0.232902, 0, 0, 0.0644808, 0, 0.0571458, 0.0124675, 0, 0.0374765, 0.010737, 0, 0, 0.0312269
0.751, 0, 0.232108, 0, 0, 0.0642115, 0, 0.0570279, 0.012546, 0, 0.0374372, 0.0107492, 0, 0, 0.030697
0.752, 0, 0.23035, 0, 0, 0.0639293, 0, 0.0569155, 0.0126188, 0, 0.0374024, 0.0107569, 0, 0, 0.0304614
0.753, 0, 0.229394, 0, 0, 0.0637195, 0, 0.0568111, 0.0126859, 0, 0.0373696, 0.0107607, 0, 0, 0.030407
0.754, 0, 0.228453, 0, 0, 0.0635529, 0, 0.0566424, 0.0127504, 0, 0.0373373, 0.0107603, 0, 0, 0.0304367
0.755, 0, 0.227542, 0, 0, 0.0634633, 0, 0.0568164, 0.0127823, 0, 0.0373039, 0.0107556, 0, 0, 0.0304945
0.756, 0, 0.226684, 0, 0, 0.0633996, 0, 0.0566393, 0.012831, 0, 0.0372683, 0.0107468, 0, 0, 0.0305533
0.757, 0, 0.225868, 0, 0, 0.0633346, 0, 0.0565221, 0.0128683, 0, 0.0372296, 0.0107339, 0, 0, 0.030602
0.758, 0, 0.2249, 0, 0, 0.0632565, 0, 0.0564007, 0.0128982, 0, 0.0371867, 0.0107171, 0, 0, 0.0306374
0.759, 0, 0.224089, 0, 0, 0.0631616, 0, 0.0562739, 0.0129208, 0, 0.0371393, 0.0106966, 0, 0, 0.0306588
0.76, 0, 0.223104, 0, 0, 0.0630498, 0, 0.0561412, 0.0129366, 0, 0.0370856, 0.0106725, 0, 0, 0.030667
0.761, 0, 0.222148, 0, 0, 0.0629199, 0, 0.0560332, 0.0129425, 0, 0.0370261, 0.010645, 0, 0, 0.0306631
0.762, 0, 0.22105, 0, 0, 0.0627737, 0, 0.0558852, 0.0129447, 0, 0.0369609, 0.0106141, 0, 0, 0.0306479
0.763, 0, 0.221427, 0, 0, 0.0626116, 0, 0.055727, 0.012941, 0, 0.0368896, 0.0105801, 0, 0, 0.030622
0.764, 0, 0.220445, 0, 0, 0.0624371, 0, 0.0555616, 0.0129313, 0, 0.0368128, 0.0105431, 0, 0, 0.030585
0.765, 0, 0.219505, 0, 0, 0.062249, 0, 0.0553899, 0.0129162, 0, 0.0367298, 0.0105033, 0, 0, 0.0305381
0.766, 0, 0.218576, 0, 0, 0.0620481, 0, 0.0552114, 0.0128957, 0, 0.0366406, 0.0104609, 0, 0, 0.0304815
0.767, 0, 0.217664, 0, 0, 0.0618349, 0, 0.0550259, 0.01287, 0, 0.0365451, 0.0104159, 0, 0, 0.0304153
0.768, 0, 0.216738, 0, 0, 0.0616099, 0, 0.0548332, 0.0128393, 0, 0.0364433, 0.0103685, 0, 0, 0.0303399
0.769, 0, 0.215809, 0, 0, 0.0618806, 0, 0.054632, 0.012803, 0, 0.0363359, 0.0103191, 0, 0, 0.0302552
0.77, 0, 0.214887, 0, 0, 0.0616341, 0, 0.0547768, 0.0127339, 0, 0.0362213, 0.0102673, 0, 0, 0.030162
0.771, 0, 0.214006, 0, 0, 0.0613667, 0, 0.0545463, 0.0126892, 0, 0.0361005, 0.0102134, 0, 0, 0.0300603
0.772, 0, 0.252729, 0, 0, 0.0610895, 0, 0.0543089, 0.012641, 0, 0.0359734, 0.0101575, 0, 0, 0.0299504
0.773, 0, 0.251631, 0, 0, 0.0608039, 0, 0.0540651, 0.0125891, 0, 0.03584, 0.0100998, 0, 0, 0.0298325
0.774, 0, 0.25054, 0, 0, 0.0605111, 0, 0.053815, 0.0125337, 0, 0.0354164, 0.0100686, 0, 0, 0.0297069
0.775, 0, 0.249452, 0, 0, 0.0602113, 0, 0.0535588, 0.0124752, 0, 0.0352714, 0.0100097, 0, 0, 0.0295726
0.776, 0, 0.248369, 0, 0, 0.0599048, 0, 0.0532965, 0.0124135, 0, 0.0351206, 0.00994955, 0, 0, 0.0294315
0.777, 0, 0.247178, 0, 0, 0.0595918, 0, 0.0530284, 0.012349, 0, 0.0349643, 0.00988803, 0, 0, 0.0292847
0.778, 0, 0.245959, 0, 0, 0.0592725, 0, 0.0527542, 0.0122817, 0, 0.0348047, 0.009822, 0, 0, 0.0291317
0.779, 0, 0.244769, 0, 0, 0.0589436, 0, 0.0524747, 0.0122119, 0, 0.0346369, 0.00975851, 0, 0, 0.0289729
0.78, 0, 0.243668, 0, 0, 0.0586273, 0, 0.0521897, 0.0121397, 0, 0.0344643, 0.00969316, 0, 0, 0.0288082
0.781, 0, 0.242384, 0, 0, 0.0583157, 0, 0.0518994, 0.0120652, 0, 0.0342866, 0.00962662, 0, 0, 0.0286379
0.782, 0, 0.240582, 0, 0, 0.0579981, 0, 0.0516038, 0.0119884, 0, 0.034104, 0.009559, 0, 0, 0.0284622
0.783, 0, 0.239684, 0, 0, 0.0576753, 0, 0.0513033, 0.0119098, 0, 0.033887, 0.00949323, 0, 0, 0.0282813
0.784, 0, 0.238737, 0, 0, 0.0573475, 0, 0.0509981, 0.0118294, 0, 0.0336952, 0.00942434, 0, 0, 0.0280957
0.785, 0, 0.236974, 0, 0, 0.0570136, 0, 0.0506882, 0.0117473, 0, 0.0334987, 0.00935459, 0, 0, 0.0279055
0.786, 0, 0.23607, 0, 0, 0.056673, 0, 0.0503741, 0.0116638, 0, 0.0332978, 0.00928421, 0, 0, 0.0277112
0.787, 0, 0.234942, 0, 0, 0.0563281, 0, 0.0500558, 0.0115788, 0, 0.0330846, 0.00921576, 0, 0, 0.0275129
0.788, 0, 0.233624, 0, 0, 0.0559738, 0, 0.0497337, 0.0114929, 0, 0.032876, 0.00914397, 0, 0, 0.0273109
0.789, 0, 0.232381, 0, 0, 0.0556117, 0, 0.0494069, 0.0114052, 0, 0.0326625, 0.00907188, 0, 0, 0.0271052
0.79, 0, 0.231349, 0, 0, 0.0552451, 0, 0.0492477, 0.011302, 0, 0.0324451, 0.00899943, 0, 0, 0.0268962
0.791, 0, 0.230322, 0, 0, 0.054874, 0, 0.0489047, 0.0112114, 0, 0.0322237, 0.00892666, 0, 0, 0.0266841
0.792, 0, 0.228893, 0, 0, 0.0544986, 0, 0.0485612, 0.01112, 0, 0.0319988, 0.00885355, 0, 0, 0.0264691
0.793, 0, 0.227851, 0, 0, 0.0541191, 0, 0.0482157, 0.0110272, 0, 0.0317704, 0.00878015, 0, 0, 0.0262514
0.794, 0, 0.22686, 0, 0, 0.0537304, 0, 0.0478632, 0.0109306, 0, 0.0315386, 0.00870654, 0, 0, 0.0260312
0.795, 0, 0.225452, 0, 0, 0.0533429, 0, 0.0475101, 0.0108368, 0, 0.0313035, 0.00863266, 0, 0, 0.025809
0.796, 0, 0.224109, 0, 0, 0.052955, 0, 0.0471548, 0.0107416, 0, 0.0310654, 0.00855861, 0, 0, 0.0255844
0.797, 0, 0.223093, 0, 0, 0.0525071, 0, 0.0467996, 0.0106454, 0, 0.0308246, 0.00848447, 0, 0, 0.0253577
0.798, 0, 0.22208, 0, 0, 0.0521112, 0, 0.0464473, 0.010548, 0, 0.0305799, 0.00841022, 0, 0, 0.0251293
0.799, 0, 0.221108, 0, 0, 0.051716, 0, 0.0460922, 0.0104502, 0, 0.0303338, 0.00833605, 0, 0, 0.0248993
0.8, 0, 0.219872, 0, 0, 0.0513193, 0, 0.04574, 0.0103513, 0, 0.0300856, 0.00826185, 0, 0, 0.0246679
0.801, 0, 0.218596, 0, 0, 0.0509209, 0, 0.0453884, 0.0102516, 0, 0.0298357, 0.0081877, 0, 0, 0.024435
0.802, 0, 0.217483, 0, 0, 0.0505204, 0, 0.0450403, 0.0101511, 0, 0.0295843, 0.00811366, 0, 0, 0.024201
0.803, 0, 0.215021, 0, 0, 0.0501181, 0, 0.0446737, 0.0100532, 0, 0.0293309, 0.00803963, 0, 0, 0.0239659
0.804, 0, 0.213847, 0, 0, 0.0497138, 0, 0.0443237, 0.00995215, 0, 0.0290756, 0.00796571, 0, 0, 0.0237297
0.805, 0, 0.212302, 0, 0, 0.049308, 0, 0.043973, 0.00985075, 0, 0.0288184, 0.00789192, 0, 0, 0.0234929
0.806, 0, 0.211125, 0, 0, 0.0489012, 0, 0.0436292, 0.00974842, 0, 0.0285596, 0.00781817, 0, 0, 0.0232552
0.807, 0, 0.209989, 0, 0, 0.0484932, 0, 0.0432834, 0.00964582, 0, 0.0282992, 0.00774458, 0, 0, 0.0230168
0.808, 0, 0.208869, 0, 0, 0.048084, 0, 0.0429356, 0.00954308, 0, 0.0280373, 0.00767113, 0, 0, 0.0227778
0.809, 0, 0.207715, 0, 0, 0.0476753, 0, 0.0425857, 0.00944029, 0, 0.0277741, 0.00759785, 0, 0, 0.0225384
0.81, 0, 0.206593, 0, 0, 0.0472691, 0, 0.0422348, 0.00933561, 0, 0.0275067, 0.00752464, 0, 0, 0.0222986
0.811, 0, 0.205508, 0, 0, 0.046863, 0, 0.04187, 0.00923857, 0, 0.0272381, 0.00745168, 0, 0, 0.0220586
0.812, 0, 0.204367, 0, 0, 0.0464552, 0, 0.0415012, 0.00914253, 0, 0.0269683, 0.00737887, 0, 0, 0.0218182
0.813, 0, 0.203227, 0, 0, 0.0460445, 0, 0.0411305, 0.0090465, 0, 0.0266975, 0.00730623, 0, 0, 0.0215777
0.814, 0, 0.202035, 0, 0, 0.045634, 0, 0.0408651, 0.00894263, 0, 0.0264256, 0.00723372, 0, 0, 0.021337
0.815, 0, 0.200868, 0, 0, 0.0452231, 0, 0.0404854, 0.00884637, 0, 0.0261529, 0.00716143, 0, 0, 0.0210962
0.816, 0, 0.199708, 0, 0, 0.0448114, 0, 0.0401083, 0.00875017, 0, 0.0258396, 0.00709292, 0, 0, 0.0208554
0.817, 0, 0.198184, 0, 0, 0.0443987, 0, 0.0397376, 0.0086539, 0, 0.0255639, 0.00702167, 0, 0, 0.0206147
0.818, 0, 0.197076, 0, 0, 0.0439855, 0, 0.0393654, 0.00855763, 0, 0.0252875, 0.00695051, 0, 0, 0.020374
0.819, 0, 0.196072, 0, 0, 0.0435718, 0, 0.0389923, 0.00846159, 0, 0.0250105, 0.00687963, 0, 0, 0.0201333
0.82, 0, 0.125808, 0, 0, 0.0431605, 0, 0.0386181, 0.00836566, 0, 0.0247329, 0.00680895, 0, 0, 0.0198928
0.821, 0, 0.124898, 0, 0, 0.0427458, 0, 0.0382431, 0.0082699, 0, 0.0244538, 0.00673865, 0, 0, 0.0196525
0.822, 0, 0.123747, 0, 0, 0.0423138, 0, 0.0378669, 0.00817429, 0, 0.0241752, 0.00666843, 0, 0, 0.0194122
0.823, 0, 0.122819, 0, 0, 0.0418946, 0, 0.0374904, 0.008079, 0, 0.0238961, 0.00659853, 0, 0, 0.0191723
0.824, 0, 0.121866, 0, 0, 0.0414762, 0, 0.0371131, 0.00798387, 0, 0.0236167, 0.00652884, 0, 0, 0.0189327
0.825, 0, 0.120937, 0, 0, 0.0410582, 0, 0.0367351, 0.00788895, 0, 0.023337, 0.00645937, 0, 0, 0.0186933
0.826, 0, 0.120185, 0, 0, 0.0406402, 0, 0.0363568, 0.0077943, 0, 0.0230028, 0.00639641, 0, 0, 0.0184542
0.827, 0, 0.119253, 0, 0, 0.0402231, 0, 0.0359779, 0.00769979, 0, 0.0227242, 0.00632765, 0, 0, 0.0182153
0.828, 0, 0.11832, 0, 0, 0.0398047, 0, 0.0355945, 0.0076061, 0, 0.0224454, 0.00625924, 0, 0, 0.0179766
0.829, 0, 0.117384, 0, 0, 0.0393858, 0, 0.0352144, 0.00751216, 0, 0.0218451, 0.0062207, 0, 0, 0.0177383
0.83, 0, 0.116366, 0, 0, 0.0389678, 0, 0.034834, 0.00741855, 0, 0.0215735, 0.00615409, 0, 0, 0.0175004
0.831, 0, 0.115446, 0, 0, 0.0385475, 0, 0.0344445, 0.0073319, 0, 0.0213016, 0.00608781, 0, 0, 0.0172625
0.832, 0, 0.114636, 0, 0, 0.0381224, 0, 0.0340471, 0.00725166, 0, 0.0210295, 0.00602169, 0, 0, 0.017025
0.833, 0, 0.113706, 0, 0, 0.0376354, 0, 0.0336489, 0.00717152, 0, 0.0207573, 0.00595558, 0, 0, 0.0167878
0.834, 0, 0.112792, 0, 0, 0.0372108, 0, 0.0332504, 0.00709157, 0, 0.0204849, 0.00588955, 0, 0, 0.016551
0.835, 0, 0.111877, 0, 0, 0.0367891, 0, 0.0328535, 0.0070115, 0, 0.0202022, 0.0058251, 0, 0, 0.0163145
0.836, 0, 0.110961, 0, 0, 0.0363672, 0, 0.0324597, 0.00693106, 0, 0.0199299, 0.00575921, 0, 0, 0.0160783
0.837, 0, 0.110098, 0, 0, 0.0359127, 0, 0.0320649, 0.00685072, 0, 0.0196574, 0.00569346, 0, 0, 0.0158425
0.838, 0, 0.109486, 0, 0, 0.035501, 0, 0.0316694, 0.0067705, 0, 0.0193848, 0.00562782, 0, 0, 0.0156071
0.839, 0, 0.10858, 0, 0, 0.0350895, 0, 0.0312724, 0.00669024, 0, 0.0191122, 0.00556211, 0, 0, 0.0153717
0.84, 0, 0.107673, 0, 0, 0.0346781, 0, 0.0308628, 0.00661056, 0, 0.0188394, 0.00549648, 0, 0, 0.0151367
0.841, 0, 0.10676, 0, 0, 0.0342666, 0, 0.0304672, 0.00653049, 0, 0.0185666, 0.00543091, 0, 0, 0.014902
0.842, 0, 0.105844, 0, 0, 0.033855, 0, 0.0300706, 0.00645056, 0, 0.0182936, 0.00536538, 0, 0, 0.0146675
0.843, 0, 0.104927, 0, 0, 0.0334332, 0, 0.0296773, 0.00637787, 0, 0.0180266, 0.00528041, 0, 0, 0.0144333
0.844, 0, 0.104008, 0, 0, 0.0330205, 0, 0.0292913, 0.00629712, 0, 0.0177287, 0.00521677, 0, 0, 0.0141995
0.845, 0, 0.103077, 0, 0, 0.0326085, 0, 0.0289038, 0.00621651, 0, 0.0174546, 0.00515139, 0, 0, 0.0139658
0.846, 0, 0.10238, 0, 0, 0.0321968, 0, 0.0285149, 0.00613595, 0, 0.0171804, 0.00508596, 0, 0, 0.0137325
0.847, 0, 0.101525, 0, 0, 0.0317852, 0, 0.0281246, 0.00605548, 0, 0.0168935, 0.00502184, 0, 0, 0.0134993
0.848, 0, 0.100551, 0, 0, 0.0313737, 0, 0.0276102, 0.00598439, 0, 0.0166939, 0.00494958, 0, 0, 0.0132664
0.849, 0, 0.0996144, 0, 0, 0.0309638, 0, 0.0272192, 0.00590492, 0, 0.0164179, 0.00488405, 0, 0, 0.0130338
0.85, 0, 0.0986763, 0, 0, 0.0305603, 0, 0.0268283, 0.00582566, 0, 0.016142, 0.00481848, 0, 0, 0.0128014
0.851, 0, 0.0977364, 0, 0, 0.0301543, 0, 0.02645, 0.00574599, 0, 0.0158592, 0.00475769, 0, 0, 0.0125691
0.852, 0, 0.0967949, 0, 0, 0.029748, 0, 0.0261522, 0.00566512, 0, 0.0155685, 0.00470218, 0, 0, 0.0123371
0.853, 0, 0.0958523, 0, 0, 0.0293407, 0, 0.0257631, 0.00558548, 0, 0.015301, 0.00464631, 0, 0, 0.0121053
0.854, 0, 0.0950146, 0, 0, 0.0289333, 0, 0.0253724, 0.00550656, 0, 0.014983, 0.00459086, 0, 0, 0.0118736
0.855, 0, 0.0940689, 0, 0, 0.0285262, 0, 0.0249867, 0.00542718, 0, 0.0146912, 0.00453518, 0, 0, 0.0116421
0.856, 0, 0.0931743, 0, 0, 0.0281182, 0, 0.0246131, 0.00534739, 0, 0.0143991, 0.00447935, 0, 0, 0.0114109
0.857, 0, 0.0930281, 0, 0, 0.0277094, 0, 0.0242214, 0.00526766, 0, 0.0137932, 0.00442742, 0, 0, 0.0111797
0.858, 0, 0.0924964, 0, 0, 0.027307, 0, 0.023845, 0.00518833, 0, 0.0135081, 0.00437272, 0, 0, 0.0109488
0.859, 0, 0.0917407, 0, 0, 0.0269059, 0, 0.023467, 0.00510881, 0, 0.0132232, 0.00431795, 0, 0, 0.010718
0.86, 0, 0.0908959, 0, 0, 0.0265047, 0, 0.0230877, 0.00502936, 0, 0.0129379, 0.00426312, 0, 0, 0.0104873
0.861, 0, 0.0899624, 0, 0, 0.0261046, 0, 0.0227074, 0.00495002, 0, 0.0126521, 0.00420824, 0, 0, 0.0102568
0.862, 0, 0.0890877, 0, 0, 0.0257046, 0, 0.0223356, 0.00487062, 0, 0.0123659, 0.00415329, 0, 0, 0.0100264
0.863, 0, 0.0882127, 0, 0, 0.0253028, 0, 0.0219746, 0.00479136, 0, 0.0120792, 0.00409828, 0, 0, 0.00979617
0.864, 0, 0.0873399, 0, 0, 0.0249008, 0, 0.0216122, 0.00471181, 0, 0.0117921, 0.00404321, 0, 0, 0.00956602
0.865, 0, 0.086461, 0, 0, 0.024503, 0, 0.021168, 0.0046369, 0, 0.0115046, 0.00398805, 0, 0, 0.00933598
0.866, 0, 0.0855824, 0, 0, 0.0241054, 0, 0.0208017, 0.00455811, 0, 0.0112167, 0.00393287, 0, 0, 0.00910604
0.867, 0, 0.08464, 0, 0, 0.0237049, 0, 0.0204344, 0.00447942, 0, 0.0109284, 0.00387761, 0, 0, 0.00887622
0.868, 0, 0.0837509, 0, 0, 0.023305, 0, 0.0200838, 0.00440061, 0, 0.0106397, 0.00382231, 0, 0, 0.00864645
0.869, 0, 0.0827818, 0, 0, 0.022904, 0, 0.019714, 0.00431925, 0, 0.0103507, 0.00376695, 0, 0, 0.00841671
0.87, 0, 0.0820418, 0, 0, 0.0225011, 0, 0.019347, 0.00424447, 0, 0.0100615, 0.00371156, 0, 0, 0.0081846
0.871, 0, 0.0811834, 0, 0, 0.0220972, 0, 0.0189785, 0.0041744, 0, 0.00983826, 0.00365541, 0, 0, 0.00795557
0.872, 0, 0.0803022, 0, 0, 0.0216994, 0, 0.0186065, 0.00410275, 0, 0.00951603, 0.00360002, 0, 0, 0.00772657
0.873, 0, 0.0793546, 0, 0, 0.0213118, 0, 0.0182332, 0.00403105, 0, 0.00922174, 0.00354438, 0, 0, 0.00749722
0.874, 0, 0.0784707, 0, 0, 0.0209217, 0, 0.0178588, 0.00395941, 0, 0.00892834, 0.00349008, 0, 0, 0.00726781
0.875, 0, 0.0775872, 0, 0, 0.0205295, 0, 0.017481, 0.00389069, 0, 0.00863355, 0.00343414, 0, 0, 0.00703841
0.876, 0, 0.0766182, 0, 0, 0.0201387, 0, 0.0171019, 0.00382223, 0, 0.00833854, 0.00337818, 0, 0, 0.00680906
0.877, 0, 0.0757404, 0, 0, 0.0197539, 0, 0.0167246, 0.00375378, 0, 0.00804338, 0.00332223, 0, 0, 0.00657996
0.878, 0, 0.0749246, 0, 0, 0.0193681, 0, 0.0163405, 0.00368777, 0, 0.00774805, 0.0032663, 0, 0, 0.00635383
0.879, 0, 0.0740779, 0, 0, 0.0189797, 0, 0.0159642, 0.00362137, 0, 0.0073129, 0.00321195, 0, 0, 0.00612816
0.88, 0, 0.0732131, 0, 0, 0.0185896, 0, 0.0156071, 0.00355456, 0, 0.00701908, 0.00315649, 0, 0, 0.00591696
0.881, 0, 0.0721643, 0, 0, 0.0181971, 0, 0.0152543, 0.00348741, 0, 0.00672529, 0.00310104, 0, 0, 0.00571837
0.882, 0, 0.0712929, 0, 0, 0.0178028, 0, 0.0149002, 0.00341984, 0, 0.00643124, 0.00304559, 0, 0, 0.00552411
0.883, 0, 0.070427, 0, 0, 0.0174067, 0, 0.0145396, 0.00335522, 0, 0.00613329, 0.00299031, 0, 0, 0.00533511
0.884, 0, 0.0695662, 0, 0, 0.0170088, 0, 0.0141766, 0.00329036, 0, 0.00583982, 0.0029349, 0, 0, 0.0051437
0.885, 0, 0.0686515, 0, 0, 0.0166092, 0, 0.0138115, 0.00322503, 0, 0.00555147, 0.00287946, 0, 0, 0.0049497
0.886, 0, 0.0677982, 0, 0, 0.0162081, 0, 0.0134476, 0.00315919, 0, 0.00527383, 0.00282391, 0, 0, 0.00475319
0.887, 0, 0.0668703, 0, 0, 0.0158114, 0, 0.0130822, 0.00310321, 0, 0.00499555, 0.0027683, 0, 0, 0.00455437
0.888, 0, 0.0659803, 0, 0, 0.0154278, 0, 0.0127256, 0.00304808, 0, 0.00437029, 0.00271642, 0, 0, 0.00435333
0.889, 0, 0.0651471, 0, 0, 0.015043, 0, 0.0123757, 0.00299248, 0, 0.00410268, 0.00266197, 0, 0, 0.00415021
0.89, 0, 0.063816, 0, 0, 0.0146564, 0, 0.0120221, 0.00293613, 0, 0.00384933, 0.00260732, 0, 0, 0.00394502
0.891, 0, 0.063147, 0, 0, 0.0142688, 0, 0.0116612, 0.00288566, 0, 0.00359481, 0.00255262, 0, 0, 0.00373794
0.892, 0, 0.0622609, 0, 0, 0.01388, 0, 0.0112937, 0.00284101, 0, 0.00333891, 0.00249783, 0, 0, 0.00352908
0.893, 0, 0.061243, 0, 0, 0.0134901, 0, 0.0109222, 0.0027949, 0, 0.00309022, 0.00244278, 0, 0, 0.00331848
0.894, 0, 0.0601027, 0, 0, 0.0131004, 0, 0.0105648, 0.00274876, 0, 0.00284202, 0.00238757, 0, 0, 0.00310624
0.895, 0, 0.0592459, 0, 0, 0.0127192, 0, 0.0101889, 0.00270089, 0, 0.00257778, 0.00233232, 0, 0, 0.00289235
0.896, 0, 0.0580497, 0, 0, 0.0123374, 0, 0.00982358, 0.0026529, 0, 0.00233071, 0.0022767, 0, 0, 0.00267698
0.897, 0, 0.0572955, 0, 0, 0.0119546, 0, 0.00945473, 0.002604, 0, 0.00208607, 0.00222081, 0, 0, 0.00246941
0.898, 0, 0.0562889, 0, 0, 0.0115793, 0, 0.00910765, 0.0025577, 0, 0.00183956, 0.00216479, 0, 0, 0.00227774
0.899, 0, 0.0554425, 0, 0, 0.0112181, 0, 0.00877498, 0.00252738, 0, 0.00160472, 0.00210845, 0, 0, 0.00208431
0.9, 0, 0.0547504, 0, 0, 0.0108552, 0, 0.00844675, 0.00249696, 0, 0.00138482, 0.00205168, 0, 0, 0.00188864
0.901, 0, 0.0537426, 0, 0, 0.0104996, 0, 0.00811382, 0.00246577, 0, 0.00116733, 0.00199455, 0, 0, 0.00169068
0.902, 0, 0.0529174, 0, 0, 0.0101487, 0, 0.0077764, 0.00243388, 0, 0.000961728, 0.00193698, 0, 0, 0.0014906
0.903, 0, 0.0524188, 0, 0, 0.00979354, 0, 0.00743366, 0.00240102, 0, 0.000777079, 0.00187867, 0, 0, 0.00128825
0.904, 0, 0.0516194, 0, 0, 0.00943672, 0, 0.00708758, 0.00236783, 0, 0.000599473, 0.00181994, 0, 0, 0.00108398
0.905, 0, 0.0508388, 0, 0, 0.00907699, 0, 0.00651421, 0.00192507, 0, 0.000428639, 0.00176024, 0, 0, 0.000878293
0.906, 0, 0.0500416, 0, 0, 0.00873028, 0, 0.00618168, 0.00190727, 0, 0.000276187, 0.00170044, 0, 0, 0.000691026
0.907, 0, 0.0492314, 0, 0, 0.00839579, 0, 0.00584629, 0.00188872, 0, 0.000149753, 0.00163971, 0, 0, 0.000537265
0.908, 0, 0.0477115, 0, 0, 0.00805839, 0, 0.00550675, 0.00186898, 0, 6.56064e-05, 0.00157778, 0, 0, 0.000426643
0.909, 0, 0.0474433, 0, 0, 0.00771913, 0, 0.00523236, 0.00186701, 0, 0, 0.001515, 0, 0, 0.00034961
0.91, 0, 0.0459687, 0, 0, 0.00737607, 0, 0.0049576, 0.00186558, 0, 0, 0.00146816, 0, 0, 0.000269643
0.911, 0, 0.0451176, 0, 0, 0.00703065, 0, 0.00467795, 0.00186247, 0, 0, 0.00145746, 0, 0, 0.000187299
0.912, 0, 0.0442883, 0, 0, 0.0066823, 0, 0.00439497, 0.00185832, 0, 0, 0.00145955, 0, 0, 0.000102279
0.913, 0, 0.0434714, 0, 0, 0.00633902, 0, 0.00410718, 0.0018511, 0, 0, 0.00146125, 0, 0, 1.45812e-05
0.914, 0, 0.0426589, 0, 0, 0.00602071, 0, 0.00379906, 0.00184163, 0, 0, 0.00146263, 0, 0, 0
0.915, 0, 0.0418507, 0, 0, 0.00569939, 0, 0.00350416, 0.00183169, 0, 0, 0.00146366, 0, 0, 0
0.916, 0, 0.0410373, 0, 0, 0.00537446, 0, 0.00313741, 0.00181696, 0, 0, 0.0014643, 0, 0, 0
0.917, 0, 0.0402195, 0, 0, 0.00504623, 0, 0.0029062, 0.00180943, 0, 0, 0.00146458, 0, 0, 0
0.918, 0, 0.0393881, 0, 0, 0.00471453, 0, 0.00255329, 0.0017935, 0, 0, 0.00146445, 0, 0, 0
0.919, 0, 0.0306995, 0, 0, 0.00437981, 0, 0.0022604, 0.00177989, 0, 0, 0.00146395, 0, 0, 0
0.92, 0, 0.0303795, 0, 0, 0.00404179, 0, 0.00196328, 0.00176518, 0, 0, 0.00146302, 0, 0, 0
0.921, 0, 0.0295518, 0, 0, 0.00370049, 0, 0.00166194, 0.00174919, 0, 0, 0.00146165, 0, 0, 0
0.922, 0, 0.0292119, 0, 0, 0.00335532, 0, 0.00112418, 0, 0, 0, 0.00146016, 0, 0, 0
0.923, 0, 0.0287894, 0, 0, 0.00300743, 0, 0.000884876, 0, 0, 0, 0.00145794, 0, 0, 0
0.924, 0, 0.0156992, 0, 0, 0.00265818, 0, 0.000640728, 0, 0, 0, 0.00145537, 0, 0, 0
0.925, 0, 0.0154901, 0, 0, 0.00231986, 0, 0.000413046, 0, 0, 0, 0.00145242, 0, 0, 0
0.926, 0, 0.0152816, 0, 0, 0.00199329, 0, 0.000246201, 0, 0, 0, 0.00144908, 0, 0, 0
0.927, 0, 0.0150813, 0, 0, 0.00170487, 0, 2.65e-05, 0, 0, 0, 0.00144532, 0, 0, 0
0.928, 0, 0.0148973, 0, 0, 0.0014636, 0, 0, 0, 0, 0, 0.00143232, 0, 0, 0
0.929, 0, 0.0146901, 0, 0, 0.00129398, 0, 0, 0, 0, 0, 0.00142786, 0, 0, 0
0.93, 0, 0.014543, 0, 0, 0.00113098, 0, 0, 0, 0, 0, 0.00142326, 0, 0, 0
0.931, 0, 0.0144202, 0, 0, 0.000965635, 0, 0, 0, 0, 0, 0.00141828, 0, 0, 0
0.932, 0, 0.0143227, 0, 0, 0.000796829, 0, 0, 0, 0, 0, 0.00140716, 0, 0, 0
0.933, 0, 0.014259, 0, 0, 0.0006247, 0, 0, 0, 0, 0, 0.00138636, 0, 0, 0
0.934, 0, 0.0143054, 0, 0, 0.000448477, 0, 0, 0, 0, 0, 0, 0, 0, 0
0.935, 0, 0.0142296, 0, 0, 0.000269502, 0, 0, 0, 0, 0, 0, 0, 0, 0
0.936, 0, 0.0141411, 0, 0, 8.72884e-05, 0, 0, 0, 0, 0, 0, 0, 0, 0
0.937, 0, 0.0139907, 0, 0, 0, 0, 0, 0, 0, 0, 0, 0, 0, 0
0.938, 0, 0.0140677, 0, 0, 0, 0, 0, 0, 0, 0, 0, 0, 0, 0
0.939, 0, 0.0141594, 0, 0, 0, 0, 0, 0, 0, 0, 0, 0, 0, 0
0.94, 0, 0.0143316, 0, 0, 0, 0, 0, 0, 0, 0, 0, 0, 0, 0
0.941, 0, 0.0144086, 0, 0, 0, 0, 0, 0, 0, 0, 0, 0, 0, 0
0.942, 0, 0.0145746, 0, 0, 0, 0, 0, 0, 0, 0, 0, 0, 0, 0
0.943, 0, 0.0147936, 0, 0, 0, 0, 0, 0, 0, 0, 0, 0, 0, 0
0.944, 0, 0.0149289, 0, 0, 0, 0, 0, 0, 0, 0, 0, 0, 0, 0
0.945, 0, 0.0151642, 0, 0, 0, 0, 0, 0, 0, 0, 0, 0, 0, 0
0.946, 0, 0.0152194, 0, 0, 0, 0, 0, 0, 0, 0, 0, 0, 0, 0
0.947, 0, 0.0152465, 0, 0, 0, 0, 0, 0, 0, 0, 0, 0, 0, 0
0.948, 0, 0.0152362, 0, 0, 0, 0, 0, 0, 0, 0, 0, 0, 0, 0
0.949, 0, 0.0154674, 0, 0, 0, 0, 0, 0, 0, 0, 0, 0, 0, 0
0.95, 0, 0.0158065, 0, 0, 0, 0, 0, 0, 0, 0, 0, 0, 0, 0
0.951, 0, 0.0165845, 0, 0, 0, 0, 0, 0.00445119, 0, 0, 0, 0, 0, 0
0.952, 0, 0.0170703, 0, 0, 0, 0, 0, 0.00426176, 0, 0, 0, 0, 0, 0
0.953, 0, 0.017598, 0, 0, 0, 0, 0, 0.00408976, 0, 0, 0, 0, 0, 0
0.954, 0, 0.0181476, 0, 0, 0, 0, 0, 0.00391083, 0, 0, 0, 0, 0, 0
0.955, 0, 0.019867, 0, 0, 0, 0, 0, 0, 0, 0, 0, 0, 0, 0
0.956, 0, 0.0289057, 0, 0, 0, 0, 0, 0, 0, 0, 0, 0, 0, 0
0.957, 0, 0.0349035, 0, 0, 0, 0, 0, 0, 0, 0, 0, 0, 0, 0
0.958, 0, 0.0412124, 0, 0, 0, 0, 0, 0, 0, 0, 0, 0, 0, 0
0.959, 0, 0.075441, 0, 0, 0, 0, 0, 0, 0, 0, 0, 0, 0, 0
0.96, 0, 0, 0, 0, 0, 0, 0, 0, 0, 0, 0, 0, 0, 0
0.961, 0, 0, 0, 0, 0, 0, 0, 0, 0, 0, 0, 0, 0, 0
0.962, 0, 0, 0, 0, 0, 0, 0, 0, 0, 0, 0, 0, 0, 0
0.963, 0, 0, 0, 0, 0, 0, 0, 0, 0, 0, 0, 0, 0, 0
0.964, 0, 0, 0, 0, 0, 0, 0, 0, 0, 0, 0, 0, 0, 0
0.965, 0, 0, 0, 0, 0, 0, 0, 0, 0, 0, 0, 0, 0, 0
0.966, 0, 0, 0, 0, 0, 0, 0, 0, 0, 0, 0, 0, 0, 0
0.967, 0, 0, 0, 0, 0, 0, 0, 0, 0, 0, 0, 0, 0, 0
0.968, 0, 0, 0, 0, 0, 0, 0, 0, 0, 0, 0, 0, 0, 0
0.969, 0, 0, 0, 0, 0, 0, 0, 0, 0, 0, 0, 0, 0, 0
0.97, 0, 0, 0, 0, 0, 0, 0, 0, 0, 0, 0, 0, 0, 0
0.971, 0, 0, 0, 0, 0, 0, 0, 0, 0, 0, 0, 0, 0, 0
0.972, 0, 0, 0, 0, 0, 0, 0, 0, 0, 0, 0, 0, 0, 0
0.973, 0, 0, 0, 0, 0, 0, 0, 0, 0, 0, 0, 0, 0, 0
0.974, 0, 0, 0, 0, 0, 0, 0, 0, 0, 0, 0, 0, 0, 0
0.975, 0, 0, 0, 0, 0, 0, 0, 0, 0, 0, 0, 0, 0, 0
0.976, 0, 0, 0, 0, 0, 0, 0, 0, 0, 0, 0, 0, 0, 0
0.977, 0, 0, 0, 0, 0, 0, 0, 0, 0, 0, 0, 0, 0, 0
0.978, 0, 0, 0, 0, 0, 0, 0, 0, 0, 0, 0, 0, 0, 0
0.979, 0, 0, 0, 0, 0, 0, 0, 0, 0, 0, 0, 0, 0, 0
0.98, 0, 0, 0, 0, 0, 0, 0, 0, 0, 0, 0, 0, 0, 0
0.981, 0, 0, 0, 0, 0, 0, 0, 0, 0, 0, 0, 0, 0, 0
0.982, 0, 0, 0, 0, 0, 0, 0, 0, 0, 0, 0, 0, 0, 0
0.983, 0, 0, 0, 0, 0, 0, 0, 0, 0, 0, 0, 0, 0, 0
0.984, 0, 0, 0, 0, 0, 0, 0, 0, 0, 0, 0, 0, 0, 0
0.985, 0, 0, 0, 0, 0, 0, 0, 0, 0, 0, 0, 0, 0, 0
0.986, 0, 0, 0, 0, 0, 0, 0, 0, 0, 0, 0, 0, 0, 0
0.987, 0, 0, 0, 0, 0, 0, 0, 0, 0, 0, 0, 0, 0, 0
0.988, 0, 0, 0, 0, 0, 0, 0, 0, 0, 0, 0, 0, 0, 0
0.989, 0, 0, 0, 0, 0, 0, 0, 0, 0, 0, 0, 0, 0, 0
0.99, 0, 0, 0, 0, 0, 0, 0, 0, 0, 0, 0, 0, 0, 0
0.991, 0, 0, 0, 0, 0, 0, 0, 0, 0, 0, 0, 0, 0, 0
0.992, 0, 0, 0, 0, 0, 0, 0, 0, 0, 0, 0, 0, 0, 0
0.993, 0, 0, 0, 0, 0, 0, 0, 0, 0, 0, 0, 0, 0, 0
0.994, 0, 0, 0, 0, 0, 0, 0, 0, 0, 0, 0, 0, 0, 0
0.995, 0, 0, 0, 0, 0, 0, 0, 0, 0, 0, 0, 0, 0, 0
0.996, 0, 0, 0, 0, 0, 0, 0, 0, 0, 0, 0, 0, 0, 0
0.997, 0, 0, 0, 0, 0, 0, 0, 0, 0, 0, 0, 0, 0, 0
0.998, 0, 0, 0, 0, 0, 0, 0, 0, 0, 0, 0, 0, 0, 0
0.999, 0, 0, 0, 0, 0, 0, 0, 0, 0, 0, 0, 0, 0, 0
1, 0, 0, 0, 0, 0, 0, 0, 0, 0, 0, 0, 0, 0, 0
1.001, 0, 0, 0, 0, 0, 0, 0, 0, 0, 0, 0, 0, 0, 0
1.002, 0, 0, 0, 0, 0, 0, 0, 0, 0, 0, 0, 0, 0, 0
1.003, 0, 0, 0, 0, 0, 0, 0, 0, 0, 0, 0, 0, 0, 0
1.004, 0, 0, 0, 0, 0, 0, 0, 0, 0, 0, 0, 0, 0, 0
1.005, 0, 0, 0, 0, 0, 0, 0, 0, 0, 0, 0, 0, 0, 0
1.006, 0, 0, 0, 0, 0, 0, 0, 0, 0, 0, 0, 0, 0, 0
1.007, 0, 0, 0, 0, 0, 0, 0, 0, 0, 0, 0, 0, 0, 0
1.008, 0, 0, 0, 0, 0, 0, 0, 0, 0, 0, 0, 0, 0, 0
1.009, 0, 0, 0, 0, 0, 0, 0, 0, 0, 0, 0, 0, 0, 0
1.01, 0, 0, 0, 0, 0, 0, 0, 0, 0, 0, 0, 0, 0, 0
1.011, 0, 0, 0, 0, 0, 0, 0, 0, 0, 0, 0, 0, 0, 0
1.012, 0, 0, 0, 0, 0, 0, 0, 0, 0, 0, 0, 0, 0, 0
1.013, 0, 0, 0, 0, 0, 0, 0, 0, 0, 0, 0, 0, 0, 0
1.014, 0, 0, 0, 0, 0, 0, 0, 0, 0, 0, 0, 0, 0, 0
1.015, 0, 0, 0, 0, 0, 0, 0, 0, 0, 0, 0, 0, 0, 0
1.016, 0, 0, 0, 0, 0, 0, 0, 0, 0, 0, 0, 0, 0, 0
1.017, 0, 0, 0, 0, 0, 0, 0, 0, 0, 0, 0, 0, 0, 0
1.018, 0, 0, 0, 0, 0, 0, 0, 0, 0, 0, 0, 0, 0, 0
1.019, 0, 0, 0, 0, 0, 0, 0, 0, 0, 0, 0, 0, 0, 0
1.02, 0, 0, 0, 0, 0, 0, 0, 0, 0, 0, 0, 0, 0, 0
1.021, 0, 0, 0, 0, 0, 0, 0, 0, 0, 0, 0, 0, 0, 0
1.022, 0, 0, 0, 0, 0, 0, 0, 0, 0, 0, 0, 0, 0, 0
1.023, 0, 0, 0, 0, 0, 0, 0, 0, 0, 0, 0, 0, 0, 0
1.024, 0, 0, 0, 0, 0, 0, 0, 0, 0, 0, 0, 0, 0, 0
1.025, 0, 0, 0, 0, 0, 0, 0, 0, 0, 0, 0, 0, 0, 0
1.026, 0, 0, 0, 0, 0, 0, 0, 0, 0, 0, 0, 0, 0, 0
1.027, 0, 0, 0, 0, 0, 0, 0, 0, 0, 0, 0, 0, 0, 0
1.028, 0, 0, 0, 0, 0, 0, 0, 0, 0, 0, 0, 0, 0, 0
1.029, 0, 0, 0, 0, 0, 0, 0, 0, 0, 0, 0, 0, 0, 0
1.03, 0, 0, 0, 0, 0, 0, 0, 0, 0, 0, 0, 0, 0, 0
1.031, 0, 0, 0, 0, 0, 0, 0, 0, 0, 0, 0, 0, 0, 0
1.032, 0, 0, 0, 0, 0, 0, 0, 0, 0, 0, 0, 0, 0, 0
1.033, 0, 0, 0, 0, 0, 0, 0, 0, 0, 0, 0, 0, 0, 0
1.034, 0, 0, 0, 0, 0, 0, 0, 0, 0, 0, 0, 0, 0, 0
1.035, 0, 0, 0, 0, 0, 0, 0, 0, 0, 0, 0, 0, 0, 0
1.036, 0, 0, 0, 0, 0, 0, 0, 0, 0, 0, 0, 0, 0, 0
1.037, 0, 0, 0, 0, 0, 0, 0, 0, 0, 0, 0, 0, 0, 0
1.038, 0, 0, 0, 0, 0, 0, 0, 0, 0, 0, 0, 0, 0, 0
1.039, 0, 0, 0, 0, 0, 0, 0, 0, 0, 0, 0, 0, 0, 0
1.04, 0, 0, 0, 0, 0, 0, 0, 0, 0, 0, 0, 0, 0, 0
1.041, 0, 0, 0, 0, 0, 0, 0, 0, 0, 0, 0, 0, 0, 0
1.042, 0, 0, 0, 0, 0, 0, 0, 0, 0, 0, 0, 0, 0, 0
1.043, 0, 0, 0, 0, 0, 0, 0, 0, 0, 0, 0, 0, 0, 0
1.044, 0, 0, 0, 0, 0, 0, 0, 0, 0, 0, 0, 0, 0, 0
1.045, 0, 0, 0, 0, 0, 0, 0, 0, 0, 0, 0, 0, 0, 0
1.046, 0, 0, 0, 0, 0, 0, 0, 0, 0, 0, 0, 0, 0, 0
1.047, 0, 0, 0, 0, 0, 0, 0, 0, 0, 0, 0, 0, 0, 0
1.048, 0, 0, 0, 0, 0, 0, 0, 0, 0, 0, 0, 0, 0, 0
1.049, 0, 0, 0, 0, 0, 0, 0, 0, 0, 0, 0, 0, 0, 0
1.05, 0, 0, 0, 0, 0, 0, 0, 0, 0, 0, 0, 0, 0, 0
1.051, 0, 0, 0, 0, 0, 0, 0, 0, 0, 0, 0, 0, 0, 0
1.052, 0, 0, 0, 0, 0, 0, 0, 0, 0, 0, 0, 0, 0, 0
1.053, 0, 0, 0, 0, 0, 0, 0, 0, 0, 0, 0, 0, 0, 0
1.054, 0, 0, 0, 0, 0, 0, 0, 0, 0, 0, 0, 0, 0, 0
1.055, 0, 0, 0, 0, 0, 0, 0, 0, 0, 0, 0, 0, 0, 0
1.056, 0, 0, 0, 0, 0, 0, 0, 0, 0, 0, 0, 0, 0, 0
1.057, 0, 0, 0, 0, 0, 0, 0, 0, 0, 0, 0, 0, 0, 0
1.058, 0, 0, 0, 0, 0, 0, 0, 0, 0, 0, 0, 0, 0, 0
1.059, 0, 0, 0, 0, 0, 0, 0, 0, 0, 0, 0, 0, 0, 0
1.06, 0, 0, 0, 0, 0, 0, 0, 0, 0, 0, 0, 0, 0, 0
1.061, 0, 0, 0, 0, 0, 0, 0, 0, 0, 0, 0, 0, 0, 0
1.062, 0, 0, 0, 0, 0, 0, 0, 0, 0, 0, 0, 0, 0, 0
1.063, 0, 0, 0, 0, 0, 0, 0, 0, 0, 0, 0, 0, 0, 0
1.064, 0, 0, 0, 0, 0, 0, 0, 0, 0, 0, 0, 0, 0, 0
1.065, 0, 0, 0, 0, 0, 0, 0, 0, 0, 0, 0, 0, 0, 0
1.066, 0, 0, 0, 0, 0, 0, 0, 0, 0, 0, 0, 0, 0, 0
1.067, 0, 0, 0, 0, 0, 0, 0, 0, 0, 0, 0, 0, 0, 0
1.068, 0, 0, 0, 0, 0, 0, 0, 0, 0, 0, 0, 0, 0, 0
1.069, 0, 0, 0, 0, 0, 0, 0, 0, 0, 0, 0, 0, 0, 0
1.07, 0, 0, 0, 0, 0, 0, 0, 0, 0, 0, 0, 0, 0, 0
1.071, 0, 0, 0, 0, 0, 0, 0, 0, 0, 0, 0, 0, 0, 0
1.072, 0, 0, 0, 0, 0, 0, 0, 0, 0, 0, 0, 0, 0, 0
1.073, 0, 0, 0, 0, 0, 0, 0, 0, 0, 0, 0, 0, 0, 0
1.074, 0, 0, 0, 0, 0, 0, 0, 0, 0, 0, 0, 0, 0, 0
1.075, 0, 0, 0, 0, 0, 0, 0, 0, 0, 0, 0, 0, 0, 0
1.076, 0, 0, 0, 0, 0, 0, 0, 0, 0, 0, 0, 0, 0, 0
1.077, 0, 0, 0, 0, 0, 0, 0, 0, 0, 0, 0, 0, 0, 0
1.078, 0, 0, 0, 0, 0, 0, 0, 0, 0, 0, 0, 0, 0, 0
1.079, 0, 0, 0, 0, 0, 0, 0, 0, 0, 0, 0, 0, 0, 0
1.08, 0, 0, 0, 0, 0, 0, 0, 0, 0, 0, 0, 0, 0, 0
1.081, 0, 0, 0, 0, 0, 0, 0, 0, 0, 0, 0, 0, 0, 0
1.082, 0, 0, 0, 0, 0, 0, 0, 0, 0, 0, 0, 0, 0, 0
1.083, 0, 0, 0, 0, 0, 0, 0, 0, 0, 0, 0, 0, 0, 0
1.084, 0, 0, 0, 0, 0, 0, 0, 0, 0, 0, 0, 0, 0, 0
1.085, 0, 0, 0, 0, 0, 0, 0, 0, 0, 0, 0, 0, 0, 0
1.086, 0, 0, 0, 0, 0, 0, 0, 0, 0, 0, 0, 0, 0, 0
1.087, 0, 0, 0, 0, 0, 0, 0, 0, 0, 0, 0, 0, 0, 0
1.088, 0, 0, 0, 0, 0, 0, 0, 0, 0, 0, 0, 0, 0, 0
1.089, 0, 0, 0, 0, 0, 0, 0, 0, 0, 0, 0, 0, 0, 0
1.09, 0, 0, 0, 0, 0, 0, 0, 0, 0, 0, 0, 0, 0, 0
1.091, 0, 0, 0, 0, 0, 0, 0, 0, 0, 0, 0, 0, 0, 0
1.092, 0, 0, 0, 0, 0, 0, 0, 0, 0, 0, 0, 0, 0, 0
1.093, 0, 0, 0, 0, 0, 0, 0, 0, 0, 0, 0, 0, 0, 0
1.094, 0, 0, 0, 0, 0, 0, 0, 0, 0, 0, 0, 0, 0, 0
1.095, 0, 0, 0, 0, 0, 0, 0, 0, 0, 0, 0, 0, 0, 0
1.096, 0, 0, 0, 0, 0, 0, 0, 0, 0, 0, 0, 0, 0, 0
1.097, 0, 0, 0, 0, 0, 0, 0, 0, 0, 0, 0, 0, 0, 0
1.098, 0, 0, 0, 0, 0, 0, 0, 0, 0, 0, 0, 0, 0, 0
1.099, 0, 0, 0, 0, 0, 0, 0, 0, 0, 0, 0, 0, 0, 0
1.1, 0, 0, 0, 0, 0, 0, 0, 0, 0, 0, 0, 0, 0, 0
1.101, 0, 0, 0, 0, 0, 0, 0, 0, 0, 0, 0, 0, 0, 0
1.102, 0, 0, 0, 0, 0, 0, 0, 0, 0, 0, 0, 0, 0, 0
1.103, 0, 0, 0, 0, 0, 0, 0, 0, 0, 0, 0, 0, 0, 0
1.104, 0, 0, 0, 0, 0, 0, 0, 0, 0, 0, 0, 0, 0, 0
1.105, 0, 0, 0, 0, 0, 0, 0, 0, 0, 0, 0, 0, 0, 0
1.106, 0, 0, 0, 0, 0, 0, 0, 0, 0, 0, 0, 0, 0, 0
1.107, 0, 0, 0, 0, 0, 0, 0, 0, 0, 0, 0, 0, 0, 0
1.108, 0, 0, 0, 0, 0, 0, 0, 0, 0, 0, 0, 0, 0, 0
1.109, 0, 0, 0, 0, 0, 0, 0, 0, 0, 0, 0, 0, 0, 0
1.11, 0, 0, 0, 0, 0, 0, 0, 0, 0, 0, 0, 0, 0, 0
1.111, 0, 0, 0, 0, 0, 0, 0, 0, 0, 0, 0, 0, 0, 0
1.112, 0, 0, 0, 0, 0, 0, 0, 0, 0, 0, 0, 0, 0, 0
1.113, 0, 0, 0, 0, 0, 0, 0, 0, 0, 0, 0, 0, 0, 0
1.114, 0, 0, 0, 0, 0, 0, 0, 0, 0, 0, 0, 0, 0, 0
1.115, 0, 0, 0, 0, 0, 0, 0, 0, 0, 0, 0, 0, 0, 0
1.116, 0, 0, 0, 0, 0, 0, 0, 0, 0, 0, 0, 0, 0, 0
1.117, 0, 0, 0, 0, 0, 0, 0, 0, 0, 0, 0, 0, 0, 0
1.118, 0, 0, 0, 0, 0, 0, 0, 0, 0, 0, 0, 0, 0, 0
1.119, 0, 0, 0, 0, 0, 0, 0, 0, 0, 0, 0, 0, 0, 0
1.12, 0, 0, 0, 0, 0, 0, 0, 0, 0, 0, 0, 0, 0, 0
1.121, 0, 0, 0, 0, 0, 0, 0, 0, 0, 0, 0, 0, 0, 0
1.122, 0, 0, 0, 0, 0, 0, 0, 0, 0, 0, 0, 0, 0, 0
1.123, 0, 0, 0, 0, 0, 0, 0, 0, 0, 0, 0, 0, 0, 0
1.124, 0, 0, 0, 0, 0, 0, 0, 0, 0, 0, 0, 0, 0, 0
1.125, 0, 0, 0, 0, 0, 0, 0, 0, 0, 0, 0, 0, 0, 0
1.126, 0, 0, 0, 0, 0, 0, 0, 0, 0, 0, 0, 0, 0, 0
1.127, 0, 0, 0, 0, 0, 0, 0, 0, 0, 0, 0, 0, 0, 0
1.128, 0, 0, 0, 0, 0, 0, 0, 0, 0, 0, 0, 0, 0, 0
1.129, 0, 0, 0, 0, 0, 0, 0, 0, 0, 0, 0, 0, 0, 0
1.13, 0, 0, 0, 0, 0, 0, 0, 0, 0, 0, 0, 0, 0, 0
1.131, 0, 0, 0, 0, 0, 0, 0, 0, 0, 0, 0, 0, 0, 0
1.132, 0, 0, 0, 0, 0, 0, 0, 0, 0, 0, 0, 0, 0, 0
1.133, 0, 0, 0, 0, 0, 0, 0, 0, 0, 0, 0, 0, 0, 0
1.134, 0, 0, 0, 0, 0, 0, 0, 0, 0, 0, 0, 0, 0, 0
1.135, 0, 0, 0, 0, 0, 0, 0, 0, 0, 0, 0, 0, 0, 0
1.136, 0, 0, 0, 0, 0, 0, 0, 0, 0, 0, 0, 0, 0, 0
1.137, 0, 0, 0, 0, 0, 0, 0, 0, 0, 0, 0, 0, 0, 0
1.138, 0, 0, 0, 0, 0, 0, 0, 0, 0, 0, 0, 0, 0, 0
1.139, 0, 0, 0, 0, 0, 0, 0, 0, 0, 0, 0, 0, 0, 0
1.14, 0, 0, 0, 0, 0, 0, 0, 0, 0, 0, 0, 0, 0, 0
1.141, 0, 0, 0, 0, 0, 0, 0, 0, 0, 0, 0, 0, 0, 0
1.142, 0, 0, 0, 0, 0, 0, 0, 0, 0, 0, 0, 0, 0, 0
1.143, 0, 0, 0, 0, 0, 0, 0, 0, 0, 0, 0, 0, 0, 0
1.144, 0, 0, 0, 0, 0, 0, 0, 0, 0, 0, 0, 0, 0, 0
1.145, 0, 0, 0, 0, 0, 0, 0, 0, 0, 0, 0, 0, 0, 0
1.146, 0, 0, 0, 0, 0, 0, 0, 0, 0, 0, 0, 0, 0, 0
1.147, 0, 0, 0, 0, 0, 0, 0, 0, 0, 0, 0, 0, 0, 0
1.148, 0, 0, 0, 0, 0, 0, 0, 0, 0, 0, 0, 0, 0, 0
1.149, 0, 0, 0, 0, 0, 0, 0, 0, 0, 0, 0, 0, 0, 0
1.15, 0, 0, 0, 0, 0, 0, 0, 0, 0, 0, 0, 0, 0, 0
1.151, 0, 0, 0, 0, 0, 0, 0, 0, 0, 0, 0, 0, 0, 0
1.152, 0, 0, 0, 0, 0, 0, 0, 0, 0, 0, 0, 0, 0, 0
1.153, 0, 0, 0, 0, 0, 0, 0, 0, 0, 0, 0, 0, 0, 0
1.154, 0, 0, 0, 0, 0, 0, 0, 0, 0, 0, 0, 0, 0, 0
1.155, 0, 0, 0, 0, 0, 0, 0, 0, 0, 0, 0, 0, 0, 0
1.156, 0, 0, 0, 0, 0, 0, 0, 0, 0, 0, 0, 0, 0, 0
1.157, 0, 0, 0, 0, 0, 0, 0, 0, 0, 0, 0, 0, 0, 0
1.158, 0, 0, 0, 0, 0, 0, 0, 0, 0, 0, 0, 0, 0, 0
1.159, 0, 0, 0, 0, 0, 0, 0, 0, 0, 0, 0, 0, 0, 0
1.16, 0, 0, 0, 0, 0, 0, 0, 0, 0, 0, 0, 0, 0, 0
1.161, 0, 0, 0, 0, 0, 0, 0, 0, 0, 0, 0, 0, 0, 0
1.162, 0, 0, 0, 0, 0, 0, 0, 0, 0, 0, 0, 0, 0, 0
1.163, 0, 0, 0, 0, 0, 0, 0, 0, 0, 0, 0, 0, 0, 0
1.164, 0, 0, 0, 0, 0, 0, 0, 0, 0, 0, 0, 0, 0, 0
1.165, 0, 0, 0, 0, 0, 0, 0, 0, 0, 0, 0, 0, 0, 0
1.166, 0, 0, 0, 0, 0, 0, 0, 0, 0, 0, 0, 0, 0, 0
1.167, 0, 0, 0, 0, 0, 0, 0, 0, 0, 0, 0, 0, 0, 0
1.168, 0, 0, 0, 0, 0, 0, 0, 0, 0, 0, 0, 0, 0, 0
1.169, 0, 0, 0, 0, 0, 0, 0, 0, 0, 0, 0, 0, 0, 0
1.17, 0, 0, 0, 0, 0, 0, 0, 0, 0, 0, 0, 0, 0, 0
1.171, 0, 0, 0, 0, 0, 0, 0, 0, 0, 0, 0, 0, 0, 0
1.172, 0, 0, 0, 0, 0, 0, 0, 0, 0, 0, 0, 0, 0, 0
1.173, 0, 0, 0, 0, 0, 0, 0, 0, 0, 0, 0, 0, 0, 0
1.174, 0, 0, 0, 0, 0, 0, 0, 0, 0, 0, 0, 0, 0, 0
1.175, 0, 0, 0, 0, 0, 0, 0, 0, 0, 0, 0, 0, 0, 0
1.176, 0, 0, 0, 0, 0, 0, 0, 0, 0, 0, 0, 0, 0, 0
1.177, 0, 0, 0, 0, 0, 0, 0, 0, 0, 0, 0, 0, 0, 0
1.178, 0, 0, 0, 0, 0, 0, 0, 0, 0, 0, 0, 0, 0, 0
1.179, 0, 0, 0, 0, 0, 0, 0, 0, 0, 0, 0, 0, 0, 0
1.18, 0, 0, 0, 0, 0, 0, 0, 0, 0, 0, 0, 0, 0, 0
1.181, 0, 0, 0, 0, 0, 0, 0, 0, 0, 0, 0, 0, 0, 0
1.182, 0, 0, 0, 0, 0, 0, 0, 0, 0, 0, 0, 0, 0, 0
1.183, 0, 0, 0, 0, 0, 0, 0, 0, 0, 0, 0, 0, 0, 0
1.184, 0, 0, 0, 0, 0, 0, 0, 0, 0, 0, 0, 0, 0, 0
1.185, 0, 0, 0, 0, 0, 0, 0, 0, 0, 0, 0, 0, 0, 0
1.186, 0, 0, 0, 0, 0, 0, 0, 0, 0, 0, 0, 0, 0, 0
1.187, 0, 0, 0, 0, 0, 0, 0, 0, 0, 0, 0, 0, 0, 0
1.188, 0, 0, 0, 0, 0, 0, 0, 0, 0, 0, 0, 0, 0, 0
1.189, 0, 0, 0, 0, 0, 0, 0, 0, 0, 0, 0, 0, 0, 0
1.19, 0, 0, 0, 0, 0, 0, 0, 0, 0, 0, 0, 0, 0, 0
1.191, 0, 0, 0, 0, 0, 0, 0, 0, 0, 0, 0, 0, 0, 0
1.192, 0, 0, 0, 0, 0, 0, 0, 0, 0, 0, 0, 0, 0, 0
1.193, 0, 0, 0, 0, 0, 0, 0, 0, 0, 0, 0, 0, 0, 0
1.194, 0, 0, 0, 0, 0, 0, 0, 0, 0, 0, 0, 0, 0, 0
1.195, 0, 0, 0, 0, 0, 0, 0, 0, 0, 0, 0, 0, 0, 0
1.196, 0, 0, 0, 0, 0, 0, 0, 0, 0, 0, 0, 0, 0, 0
1.197, 0, 0, 0, 0, 0, 0, 0, 0, 0, 0, 0, 0, 0, 0
1.198, 0, 0, 0, 0, 0, 0, 0, 0, 0, 0, 0, 0, 0, 0
1.199, 0, 0, 0, 0, 0, 0, 0, 0, 0, 0, 0, 0, 0, 0
1.2, 0, 0, 0, 0, 0, 0, 0, 0, 0, 0, 0, 0, 0, 0
1.201, 0, 0, 0, 0, 0, 0, 0, 0, 0, 0, 0, 0, 0, 0
1.202, 0, 0, 0, 0, 0, 0, 0, 0, 0, 0, 0, 0, 0, 0
1.203, 0, 0, 0, 0, 0, 0, 0, 0, 0, 0, 0, 0, 0, 0
1.204, 0, 0, 0, 0, 0, 0, 0, 0, 0, 0, 0, 0, 0, 0
1.205, 0, 0, 0, 0, 0, 0, 0, 0, 0, 0, 0, 0, 0, 0
1.206, 0, 0, 0, 0, 0, 0, 0, 0, 0, 0, 0, 0, 0, 0
1.207, 0, 0, 0, 0, 0, 0, 0, 0, 0, 0, 0, 0, 0, 0
1.208, 0, 0, 0, 0, 0, 0, 0, 0, 0, 0, 0, 0, 0, 0
1.209, 0, 0, 0, 0, 0, 0, 0, 0, 0, 0, 0, 0, 0, 0
1.21, 0, 0, 0, 0, 0, 0, 0, 0, 0, 0, 0, 0, 0, 0
1.211, 0, 0, 0, 0, 0, 0, 0, 0, 0, 0, 0, 0, 0, 0
1.212, 0, 0, 0, 0, 0, 0, 0, 0, 0, 0, 0, 0, 0, 0
1.213, 0, 0, 0, 0, 0, 0, 0, 0, 0, 0, 0, 0, 0, 0
1.214, 0, 0, 0, 0, 0, 0, 0, 0, 0, 0, 0, 0, 0, 0
1.215, 0, 0, 0, 0, 0, 0, 0, 0, 0, 0, 0, 0, 0, 0
1.216, 0, 0, 0, 0, 0, 0, 0, 0, 0, 0, 0, 0, 0, 0
1.217, 0, 0, 0, 0, 0, 0, 0, 0, 0, 0, 0, 0, 0, 0
1.218, 0, 0, 0, 0, 0, 0, 0, 0, 0, 0, 0, 0, 0, 0
1.219, 0, 0, 0, 0, 0, 0, 0, 0, 0, 0, 0, 0, 0, 0
1.22, 0, 0, 0, 0, 0, 0, 0, 0, 0, 0, 0, 0, 0, 0
1.221, 0, 0, 0, 0, 0, 0, 0, 0, 0, 0, 0, 0, 0, 0
1.222, 0, 0, 0, 0, 0, 0, 0, 0, 0, 0, 0, 0, 0, 0
1.223, 0, 0, 0, 0, 0, 0, 0, 0, 0, 0, 0, 0, 0, 0
1.224, 0, 0, 0, 0, 0, 0, 0, 0, 0, 0, 0, 0, 0, 0
1.225, 0, 0, 0, 0, 0, 0, 0, 0, 0, 0, 0, 0, 0, 0
1.226, 0, 0, 0, 0, 0, 0, 0, 0, 0, 0, 0, 0, 0, 0
1.227, 0, 0, 0, 0, 0, 0, 0, 0, 0, 0, 0, 0, 0, 0
1.228, 0, 0, 0, 0, 0, 0, 0, 0, 0, 0, 0, 0, 0, 0
1.229, 0, 0, 0, 0, 0, 0, 0, 0, 0, 0, 0, 0, 0, 0
1.23, 0, 0, 0, 0, 0, 0, 0, 0, 0, 0, 0, 0, 0, 0
1.231, 0, 0, 0, 0, 0, 0, 0, 0, 0, 0, 0, 0, 0, 0
1.232, 0, 0, 0, 0, 0, 0, 0, 0, 0, 0, 0, 0, 0, 0
1.233, 0, 0, 0, 0, 0, 0, 0, 0, 0, 0, 0, 0, 0, 0
1.234, 0, 0, 0, 0, 0, 0, 0, 0, 0, 0, 0, 0, 0, 0
1.235, 0, 0, 0, 0, 0, 0, 0, 0, 0, 0, 0, 0, 0, 0
1.236, 0, 0, 0, 0, 0, 0, 0, 0, 0, 0, 0, 0, 0, 0
1.237, 0, 0, 0, 0, 0, 0, 0, 0, 0, 0, 0, 0, 0, 0
1.238, 0, 0, 0, 0, 0, 0, 0, 0, 0, 0, 0, 0, 0, 0
1.239, 0, 0, 0, 0, 0, 0, 0, 0, 0, 0, 0, 0, 0, 0
1.24, 0, 0, 0, 0, 0, 0, 0, 0, 0, 0, 0, 0, 0, 0
1.241, 0, 0, 0, 0, 0, 0, 0, 0, 0, 0, 0, 0, 0, 0
1.242, 0, 0, 0, 0, 0, 0, 0, 0, 0, 0, 0, 0, 0, 0
1.243, 0, 0, 0, 0, 0, 0, 0, 0, 0, 0, 0, 0, 0, 0
1.244, 0, 0, 0, 0, 0, 0, 0, 0, 0, 0, 0, 0, 0, 0
1.245, 0, 0, 0, 0, 0, 0, 0, 0, 0, 0, 0, 0, 0, 0
1.246, 0, 0, 0, 0, 0, 0, 0, 0, 0, 0, 0, 0, 0, 0
1.247, 0, 0, 0, 0, 0, 0, 0, 0, 0, 0, 0, 0, 0, 0
1.248, 0, 0, 0, 0, 0, 0, 0, 0, 0, 0, 0, 0, 0, 0
1.249, 0, 0, 0, 0, 0, 0, 0, 0, 0, 0, 0, 0, 0, 0
1.25, 0, 0, 0, 0, 0, 0, 0, 0, 0, 0, 0, 0, 0, 0
1.251, 0, 0, 0, 0, 0, 0, 0, 0, 0, 0, 0, 0, 0, 0
1.252, 0, 0, 0, 0, 0, 0, 0, 0, 0, 0, 0, 0, 0, 0
1.253, 0, 0, 0, 0, 0, 0, 0, 0, 0, 0, 0, 0, 0, 0
1.254, 0, 0, 0, 0, 0, 0, 0, 0, 0, 0, 0, 0, 0, 0
1.255, 0, 0, 0, 0, 0, 0, 0, 0, 0, 0, 0, 0, 0, 0
1.256, 0, 0, 0, 0, 0, 0, 0, 0, 0, 0, 0, 0, 0, 0
1.257, 0, 0, 0, 0, 0, 0, 0, 0, 0, 0, 0, 0, 0, 0
1.258, 0, 0, 0, 0, 0, 0, 0, 0, 0, 0, 0, 0, 0, 0
1.259, 0, 0, 0, 0, 0, 0, 0, 0, 0, 0, 0, 0, 0, 0
1.26, 0, 0, 0, 0, 0, 0, 0, 0, 0, 0, 0, 0, 0, 0
1.261, 0, 0, 0, 0, 0, 0, 0, 0, 0, 0, 0, 0, 0, 0
1.262, 0, 0, 0, 0, 0, 0, 0, 0, 0, 0, 0, 0, 0, 0
1.263, 0, 0, 0, 0, 0, 0, 0, 0, 0, 0, 0, 0, 0, 0
1.264, 0, 0, 0, 0, 0, 0, 0, 0, 0, 0, 0, 0, 0, 0
1.265, 0, 0, 0, 0, 0, 0, 0, 0, 0, 0, 0, 0, 0, 0
1.266, 0, 0, 0, 0, 0, 0, 0, 0, 0, 0, 0, 0, 0, 0
1.267, 0, 0, 0, 0, 0, 0, 0, 0, 0, 0, 0, 0, 0, 0
1.268, 0, 0, 0, 0, 0, 0, 0, 0, 0, 0, 0, 0, 0, 0
1.269, 0, 0, 0, 0, 0, 0, 0, 0, 0, 0, 0, 0, 0, 0
1.27, 0, 0, 0, 0, 0, 0, 0, 0, 0, 0, 0, 0, 0, 0
1.271, 0, 0, 0, 0, 0, 0, 0, 0, 0, 0, 0, 0, 0, 0
1.272, 0, 0, 0, 0, 0, 0, 0, 0, 0, 0, 0, 0, 0, 0
1.273, 0, 0, 0, 0, 0, 0, 0, 0, 0, 0, 0, 0, 0, 0
1.274, 0, 0, 0, 0, 0, 0, 0, 0, 0, 0, 0, 0, 0, 0
1.275, 0, 0, 0, 0, 0, 0, 0, 0, 0, 0, 0, 0, 0, 0
1.276, 0, 0, 0, 0, 0, 0, 0, 0, 0, 0, 0, 0, 0, 0
1.277, 0, 0, 0, 0, 0, 0, 0, 0, 0, 0, 0, 0, 0, 0
1.278, 0, 0, 0, 0, 0, 0, 0, 0, 0, 0, 0, 0, 0, 0
1.279, 0, 0, 0, 0, 0, 0, 0, 0, 0, 0, 0, 0, 0, 0
1.28, 0, 0, 0, 0, 0, 0, 0, 0, 0, 0, 0, 0, 0, 0
1.281, 0, 0, 0, 0, 0, 0, 0, 0, 0, 0, 0, 0, 0, 0
1.282, 0, 0, 0, 0, 0, 0, 0, 0, 0, 0, 0, 0, 0, 0
1.283, 0, 0, 0, 0, 0, 0, 0, 0, 0, 0, 0, 0, 0, 0
1.284, 0, 0, 0, 0, 0, 0, 0, 0, 0, 0, 0, 0, 0, 0
1.285, 0, 0, 0, 0, 0, 0, 0, 0, 0, 0, 0, 0, 0, 0
1.286, 0, 0, 0, 0, 0, 0, 0, 0, 0, 0, 0, 0, 0, 0
1.287, 0, 0, 0, 0, 0, 0, 0, 0, 0, 0, 0, 0, 0, 0
1.288, 0, 0, 0, 0, 0, 0, 0, 0, 0, 0, 0, 0, 0, 0
1.289, 0, 0, 0, 0, 0, 0, 0, 0, 0, 0, 0, 0, 0, 0
1.29, 0, 0, 0, 0, 0, 0, 0, 0, 0, 0, 0, 0, 0, 0
1.291, 0, 0, 0, 0, 0, 0, 0, 0, 0, 0, 0, 0, 0, 0
1.292, 0, 0, 0, 0, 0, 0, 0, 0, 0, 0, 0, 0, 0, 0
1.293, 0, 0, 0, 0, 0, 0, 0, 0, 0, 0, 0, 0, 0, 0
1.294, 0, 0, 0, 0, 0, 0, 0, 0, 0, 0, 0, 0, 0, 0
1.295, 0, 0, 0, 0, 0, 0, 0, 0, 0, 0, 0, 0, 0, 0
1.296, 0, 0, 0, 0, 0, 0, 0, 0, 0, 0, 0, 0, 0, 0
1.297, 0, 0, 0, 0, 0, 0, 0, 0, 0, 0, 0, 0, 0, 0
1.298, 0, 0, 0, 0, 0, 0, 0, 0, 0, 0, 0, 0, 0, 0
1.299, 0, 0, 0, 0, 0, 0, 0, 0, 0, 0, 0, 0, 0, 0
1.3, 0, 0, 0, 0, 0, 0, 0, 0, 0, 0, 0, 0, 0, 0
1.301, 0, 0, 0, 0, 0, 0, 0, 0, 0, 0, 0, 0, 0, 0
1.302, 0, 0, 0, 0, 0, 0, 0, 0, 0, 0, 0, 0, 0, 0
1.303, 0, 0, 0, 0, 0, 0, 0, 0, 0, 0, 0, 0, 0, 0
1.304, 0, 0, 0, 0, 0, 0, 0, 0, 0, 0, 0, 0, 0, 0
1.305, 0, 0, 0, 0, 0, 0, 0, 0, 0, 0, 0, 0, 0, 0
1.306, 0, 0, 0, 0, 0, 0, 0, 0, 0, 0, 0, 0, 0, 0
1.307, 0, 0, 0, 0, 0, 0, 0, 0, 0, 0, 0, 0, 0, 0
1.308, 0, 0, 0, 0, 0, 0, 0, 0, 0, 0, 0, 0, 0, 0
1.309, 0, 0, 0, 0, 0, 0, 0, 0, 0, 0, 0, 0, 0, 0
1.31, 0, 0, 0, 0, 0, 0, 0, 0, 0, 0, 0, 0, 0, 0
1.311, 0, 0, 0, 0, 0, 0, 0, 0, 0, 0, 0, 0, 0, 0
1.312, 0, 0, 0, 0, 0, 0, 0, 0, 0, 0, 0, 0, 0, 0
1.313, 0, 0, 0, 0, 0, 0, 0, 0, 0, 0, 0, 0, 0, 0
1.314, 0, 0, 0, 0, 0, 0, 0, 0, 0, 0, 0, 0, 0, 0
1.315, 0, 0, 0, 0, 0, 0, 0, 0, 0, 0, 0, 0, 0, 0
1.316, 0, 0, 0, 0, 0, 0, 0, 0, 0, 0, 0, 0, 0, 0
1.317, 0, 0, 0, 0, 0, 0, 0, 0, 0, 0, 0, 0, 0, 0
1.318, 0, 0, 0, 0, 0, 0, 0, 0, 0, 0, 0, 0, 0, 0
1.319, 0, 0, 0, 0, 0, 0, 0, 0, 0, 0, 0, 0, 0, 0
1.32, 0, 0, 0, 0, 0, 0, 0, 0, 0, 0, 0, 0, 0, 0
1.321, 0, 0, 0, 0, 0, 0, 0, 0, 0, 0, 0, 0, 0, 0
1.322, 0, 0, 0, 0, 0, 0, 0, 0, 0, 0, 0, 0, 0, 0
1.323, 0, 0, 0, 0, 0, 0, 0, 0, 0, 0, 0, 0, 0, 0
1.324, 0, 0, 0, 0, 0, 0, 0, 0, 0, 0, 0, 0, 0, 0
1.325, 0, 0, 0, 0, 0, 0, 0, 0, 0, 0, 0, 0, 0, 0
1.326, 0, 0, 0, 0, 0, 0, 0, 0, 0, 0, 0, 0, 0, 0
1.327, 0, 0, 0, 0, 0, 0, 0, 0, 0, 0, 0, 0, 0, 0
1.328, 0, 0, 0, 0, 0, 0, 0, 0, 0, 0, 0, 0, 0, 0
1.329, 0, 0, 0, 0, 0, 0, 0, 0, 0, 0, 0, 0, 0, 0
1.33, 0, 0, 0, 0, 0, 0, 0, 0, 0, 0, 0, 0, 0, 0
1.331, 0, 0, 0, 0, 0, 0, 0, 0, 0, 0, 0, 0, 0, 0
1.332, 0, 0, 0, 0, 0, 0, 0, 0, 0, 0, 0, 0, 0, 0
1.333, 0, 0, 0, 0, 0, 0, 0, 0, 0, 0, 0, 0, 0, 0
1.334, 0, 0, 0, 0, 0, 0, 0, 0, 0, 0, 0, 0, 0, 0
1.335, 0, 0, 0, 0, 0, 0, 0, 0, 0, 0, 0, 0, 0, 0
1.336, 0, 0, 0, 0, 0, 0, 0, 0, 0, 0, 0, 0, 0, 0
1.337, 0, 0, 0, 0, 0, 0, 0, 0, 0, 0, 0, 0, 0, 0
1.338, 0, 0, 0, 0, 0, 0, 0, 0, 0, 0, 0, 0, 0, 0
1.339, 0, 0, 0, 0, 0, 0, 0, 0, 0, 0, 0, 0, 0, 0
1.34, 0, 0, 0, 0, 0, 0, 0, 0, 0, 0, 0, 0, 0, 0
1.341, 0, 0, 0, 0, 0, 0, 0, 0, 0, 0, 0, 0, 0, 0
1.342, 0, 0, 0, 0, 0, 0, 0, 0, 0, 0, 0, 0, 0, 0
1.343, 0, 0, 0, 0, 0, 0, 0, 0, 0, 0, 0, 0, 0, 0
1.344, 0, 0, 0, 0, 0, 0, 0, 0, 0, 0, 0, 0, 0, 0
1.345, 0, 0, 0, 0, 0, 0, 0, 0, 0, 0, 0, 0, 0, 0
1.346, 0, 0, 0, 0, 0, 0, 0, 0, 0, 0, 0, 0, 0, 0
1.347, 0, 0, 0, 0, 0, 0, 0, 0, 0, 0, 0, 0, 0, 0
1.348, 0, 0, 0, 0, 0, 0, 0, 0, 0, 0, 0, 0, 0, 0
1.349, 0, 0, 0, 0, 0, 0, 0, 0, 0, 0, 0, 0, 0, 0
1.35, 0, 0, 0, 0, 0, 0, 0, 0, 0, 0, 0, 0, 0, 0
1.351, 0, 0, 0, 0, 0, 0, 0, 0, 0, 0, 0, 0, 0, 0
1.352, 0, 0, 0, 0, 0, 0, 0, 0, 0, 0, 0, 0, 0, 0
1.353, 0, 0, 0, 0, 0, 0, 0, 0, 0, 0, 0, 0, 0, 0
1.354, 0, 0, 0, 0, 0, 0, 0, 0, 0, 0, 0, 0, 0, 0
1.355, 0, 0, 0, 0, 0, 0, 0, 0, 0, 0, 0, 0, 0, 0
1.356, 0, 0, 0, 0, 0, 0, 0, 0, 0, 0, 0, 0, 0, 0
1.357, 0, 0, 0, 0, 0, 0, 0, 0, 0, 0, 0, 0, 0, 0
1.358, 0, 0, 0, 0, 0, 0, 0, 0, 0, 0, 0, 0, 0, 0
1.359, 0, 0, 0, 0, 0, 0, 0, 0, 0, 0, 0, 0, 0, 0
1.36, 0, 0, 0, 0, 0, 0, 0, 0, 0, 0, 0, 0, 0, 0
1.361, 0, 0, 0, 0, 0, 0, 0, 0, 0, 0, 0, 0, 0, 0
1.362, 0, 0, 0, 0, 0, 0, 0, 0, 0, 0, 0, 0, 0, 0
1.363, 0, 0, 0, 0, 0, 0, 0, 0, 0, 0, 0, 0, 0, 0
1.364, 0, 0, 0, 0, 0, 0, 0, 0, 0, 0, 0, 0, 0, 0
1.365, 0, 0, 0, 0, 0, 0, 0, 0, 0, 0, 0, 0, 0, 0
1.366, 0, 0, 0, 0, 0, 0, 0, 0, 0, 0, 0, 0, 0, 0
1.367, 0, 0, 0, 0, 0, 0, 0, 0, 0, 0, 0, 0, 0, 0
1.368, 0, 0, 0, 0, 0, 0, 0, 0, 0, 0, 0, 0, 0, 0
1.369, 0, 0, 0, 0, 0, 0, 0, 0, 0, 0, 0, 0, 0, 0
1.37, 0, 0, 0, 0, 0, 0, 0, 0, 0, 0, 0, 0, 0, 0
1.371, 0, 0, 0, 0, 0, 0, 0, 0, 0, 0, 0, 0, 0, 0
1.372, 0, 0, 0, 0, 0, 0, 0, 0, 0, 0, 0, 0, 0, 0
1.373, 0, 0, 0, 0, 0, 0, 0, 0, 0, 0, 0, 0, 0, 0
1.374, 0, 0, 0, 0, 0, 0, 0, 0, 0, 0, 0, 0, 0, 0
1.375, 0, 0, 0, 0, 0, 0, 0, 0, 0, 0, 0, 0, 0, 0
1.376, 0, 0, 0, 0, 0, 0, 0, 0, 0, 0, 0, 0, 0, 0
1.377, 0, 0, 0, 0, 0, 0, 0, 0, 0, 0, 0, 0, 0, 0
1.378, 0, 0, 0, 0, 0, 0, 0, 0, 0, 0, 0, 0, 0, 0
1.379, 0, 0, 0, 0, 0, 0, 0, 0, 0, 0, 0, 0, 0, 0
1.38, 0, 0, 0, 0, 0, 0, 0, 0, 0, 0, 0, 0, 0, 0
1.381, 0, 0, 0, 0, 0, 0, 0, 0, 0, 0, 0, 0, 0, 0
1.382, 0, 0, 0, 0, 0, 0, 0, 0, 0, 0, 0, 0, 0, 0
1.383, 0, 0, 0, 0, 0, 0, 0, 0, 0, 0, 0, 0, 0, 0
1.384, 0, 0, 0, 0, 0, 0, 0, 0, 0, 0, 0, 0, 0, 0
1.385, 0, 0, 0, 0, 0, 0, 0, 0, 0, 0, 0, 0, 0, 0
1.386, 0, 0, 0, 0, 0, 0, 0, 0, 0, 0, 0, 0, 0, 0
1.387, 0, 0, 0, 0, 0, 0, 0, 0, 0, 0, 0, 0, 0, 0
1.388, 0, 0, 0, 0, 0, 0, 0, 0, 0, 0, 0, 0, 0, 0
1.389, 0, 0, 0, 0, 0, 0, 0, 0, 0, 0, 0, 0, 0, 0
1.39, 0, 0, 0, 0, 0, 0, 0, 0, 0, 0, 0, 0, 0, 0
1.391, 0, 0, 0, 0, 0, 0, 0, 0, 0, 0, 0, 0, 0, 0
1.392, 0, 0, 0, 0, 0, 0, 0, 0, 0, 0, 0, 0, 0, 0
1.393, 0, 0, 0, 0, 0, 0, 0, 0, 0, 0, 0, 0, 0, 0
1.394, 0, 0, 0, 0, 0, 0, 0, 0, 0, 0, 0, 0, 0, 0
1.395, 0, 0, 0, 0, 0, 0, 0, 0, 0, 0, 0, 0, 0, 0
1.396, 0, 0, 0, 0, 0, 0, 0, 0, 0, 0, 0, 0, 0, 0
1.397, 0, 0, 0, 0, 0, 0, 0, 0, 0, 0, 0, 0, 0, 0
1.398, 0, 0, 0, 0, 0, 0, 0, 0, 0, 0, 0, 0, 0, 0
1.399, 0, 0, 0, 0, 0, 0, 0, 0, 0, 0, 0, 0, 0, 0
1.4, 0, 0, 0, 0, 0, 0, 0, 0, 0, 0, 0, 0, 0, 0
1.401, 0, 0, 0, 0, 0, 0, 0, 0, 0, 0, 0, 0, 0, 0
1.402, 0, 0, 0, 0, 0, 0, 0, 0, 0, 0, 0, 0, 0, 0
1.403, 0, 0, 0, 0, 0, 0, 0, 0, 0, 0, 0, 0, 0, 0
1.404, 0, 0, 0, 0, 0, 0, 0, 0, 0, 0, 0, 0, 0, 0
1.405, 0, 0, 0, 0, 0, 0, 0, 0, 0, 0, 0, 0, 0, 0
1.406, 0, 0, 0, 0, 0, 0, 0, 0, 0, 0, 0, 0, 0, 0
1.407, 0, 0, 0, 0, 0, 0, 0, 0, 0, 0, 0, 0, 0, 0
1.408, 0, 0, 0, 0, 0, 0, 0, 0, 0, 0, 0, 0, 0, 0
1.409, 0, 0, 0, 0, 0, 0, 0, 0, 0, 0, 0, 0, 0, 0
1.41, 0, 0, 0, 0, 0, 0, 0, 0, 0, 0, 0, 0, 0, 0
1.411, 0, 0, 0, 0, 0, 0, 0, 0, 0, 0, 0, 0, 0, 0
1.412, 0, 0, 0, 0, 0, 0, 0, 0, 0, 0, 0, 0, 0, 0
1.413, 0, 0, 0, 0, 0, 0, 0, 0, 0, 0, 0, 0, 0, 0
1.414, 0, 0, 0, 0, 0, 0, 0, 0, 0, 0, 0, 0, 0, 0
1.415, 0, 0, 0, 0, 0, 0, 0, 0, 0, 0, 0, 0, 0, 0
1.416, 0, 0, 0, 0, 0, 0, 0, 0, 0, 0, 0, 0, 0, 0
1.417, 0, 0, 0, 0, 0, 0, 0, 0, 0, 0, 0, 0, 0, 0
1.418, 0, 0, 0, 0, 0, 0, 0, 0, 0, 0, 0, 0, 0, 0
1.419, 0, 0, 0, 0, 0, 0, 0, 0, 0, 0, 0, 0, 0, 0
1.42, 0, 0, 0, 0, 0, 0, 0, 0, 0, 0, 0, 0, 0, 0
1.421, 0, 0, 0, 0, 0, 0, 0, 0, 0, 0, 0, 0, 0, 0
1.422, 0, 0, 0, 0, 0, 0, 0, 0, 0, 0, 0, 0, 0, 0
1.423, 0, 0, 0, 0, 0, 0, 0, 0, 0, 0, 0, 0, 0, 0
1.424, 0, 0, 0, 0, 0, 0, 0, 0, 0, 0, 0, 0, 0, 0
1.425, 0, 0, 0, 0, 0, 0, 0, 0, 0, 0, 0, 0, 0, 0
1.426, 0, 0, 0, 0, 0, 0, 0, 0, 0, 0, 0, 0, 0, 0
1.427, 0, 0, 0, 0, 0, 0, 0, 0, 0, 0, 0, 0, 0, 0
1.428, 0, 0, 0, 0, 0, 0, 0, 0, 0, 0, 0, 0, 0, 0
1.429, 0, 0, 0, 0, 0, 0, 0, 0, 0, 0, 0, 0, 0, 0
1.43, 0, 0, 0, 0, 0, 0, 0, 0, 0, 0, 0, 0, 0, 0
1.431, 0, 0, 0, 0, 0, 0, 0, 0, 0, 0, 0, 0, 0, 0
1.432, 0, 0, 0, 0, 0, 0, 0, 0, 0, 0, 0, 0, 0, 0
1.433, 0, 0, 0, 0, 0, 0, 0, 0, 0, 0, 0, 0, 0, 0
1.434, 0, 0, 0, 0, 0, 0, 0, 0, 0, 0, 0, 0, 0, 0
1.435, 0, 0, 0, 0, 0, 0, 0, 0, 0, 0, 0, 0, 0, 0
1.436, 0, 0, 0, 0, 0, 0, 0, 0, 0, 0, 0, 0, 0, 0
1.437, 0, 0, 0, 0, 0, 0, 0, 0, 0, 0, 0, 0, 0, 0
1.438, 0, 0, 0, 0, 0, 0, 0, 0, 0, 0, 0, 0, 0, 0
1.439, 0, 0, 0, 0, 0, 0, 0, 0, 0, 0, 0, 0, 0, 0
1.44, 0, 0, 0, 0, 0, 0, 0, 0, 0, 0, 0, 0, 0, 0
1.441, 0, 0, 0, 0, 0, 0, 0, 0, 0, 0, 0, 0, 0, 0
1.442, 0, 0, 0, 0, 0, 0, 0, 0, 0, 0, 0, 0, 0, 0
1.443, 0, 0, 0, 0, 0, 0, 0, 0, 0, 0, 0, 0, 0, 0
1.444, 0, 0, 0, 0, 0, 0, 0, 0, 0, 0, 0, 0, 0, 0
1.445, 0, 0, 0, 0, 0, 0, 0, 0, 0, 0, 0, 0, 0, 0
1.446, 0, 0, 0, 0, 0, 0, 0, 0, 0, 0, 0, 0, 0, 0
1.447, 0, 0, 0, 0, 0, 0, 0, 0, 0, 0, 0, 0, 0, 0
1.448, 0, 0, 0, 0, 0, 0, 0, 0, 0, 0, 0, 0, 0, 0
1.449, 0, 0, 0, 0, 0, 0, 0, 0, 0, 0, 0, 0, 0, 0
1.45, 0, 0, 0, 0, 0, 0, 0, 0, 0, 0, 0, 0, 0, 0
1.451, 0, 0, 0, 0, 0, 0, 0, 0, 0, 0, 0, 0, 0, 0
1.452, 0, 0, 0, 0, 0, 0, 0, 0, 0, 0, 0, 0, 0, 0
1.453, 0, 0, 0, 0, 0, 0, 0, 0, 0, 0, 0, 0, 0, 0
1.454, 0, 0, 0, 0, 0, 0, 0, 0, 0, 0, 0, 0, 0, 0
1.455, 0, 0, 0, 0, 0, 0, 0, 0, 0, 0, 0, 0, 0, 0
1.456, 0, 0, 0, 0, 0, 0, 0, 0, 0, 0, 0, 0, 0, 0
1.457, 0, 0, 0, 0, 0, 0, 0, 0, 0, 0, 0, 0, 0, 0
1.458, 0, 0, 0, 0, 0, 0, 0, 0, 0, 0, 0, 0, 0, 0
1.459, 0, 0, 0, 0, 0, 0, 0, 0, 0, 0, 0, 0, 0, 0
1.46, 0, 0, 0, 0, 0, 0, 0, 0, 0, 0, 0, 0, 0, 0
1.461, 0, 0, 0, 0, 0, 0, 0, 0, 0, 0, 0, 0, 0, 0
1.462, 0, 0, 0, 0, 0, 0, 0, 0, 0, 0, 0, 0, 0, 0
1.463, 0, 0, 0, 0, 0, 0, 0, 0, 0, 0, 0, 0, 0, 0
1.464, 0, 0, 0, 0, 0, 0, 0, 0, 0, 0, 0, 0, 0, 0
1.465, 0, 0, 0, 0, 0, 0, 0, 0, 0, 0, 0, 0, 0, 0
1.466, 0, 0, 0, 0, 0, 0, 0, 0, 0, 0, 0, 0, 0, 0
1.467, 0, 0, 0, 0, 0, 0, 0, 0, 0, 0, 0, 0, 0, 0
1.468, 0, 0, 0, 0, 0, 0, 0, 0, 0, 0, 0, 0, 0, 0
1.469, 0, 0, 0, 0, 0, 0, 0, 0, 0, 0, 0, 0, 0, 0
1.47, 0, 0, 0, 0, 0, 0, 0, 0, 0, 0, 0, 0, 0, 0
1.471, 0, 0, 0, 0, 0, 0, 0, 0, 0, 0, 0, 0, 0, 0
1.472, 0, 0, 0, 0, 0, 0, 0, 0, 0, 0, 0, 0, 0, 0
1.473, 0, 0, 0, 0, 0, 0, 0, 0, 0, 0, 0, 0, 0, 0
1.474, 0, 0, 0, 0, 0, 0, 0, 0, 0, 0, 0, 0, 0, 0
1.475, 0, 0, 0, 0, 0, 0, 0, 0, 0, 0, 0, 0, 0, 0
1.476, 0, 0, 0, 0, 0, 0, 0, 0, 0, 0, 0, 0, 0, 0
1.477, 0, 0, 0, 0, 0, 0, 0, 0, 0, 0, 0, 0, 0, 0
1.478, 0, 0, 0, 0, 0, 0, 0, 0, 0, 0, 0, 0, 0, 0
1.479, 0, 0, 0, 0, 0, 0, 0, 0, 0, 0, 0, 0, 0, 0
1.48, 0, 0, 0, 0, 0, 0, 0, 0, 0, 0, 0, 0, 0, 0
1.481, 0, 0, 0, 0, 0, 0, 0, 0, 0, 0, 0, 0, 0, 0
1.482, 0, 0, 0, 0, 0, 0, 0, 0, 0, 0, 0, 0, 0, 0
1.483, 0, 0, 0, 0, 0, 0, 0, 0, 0, 0, 0, 0, 0, 0
1.484, 0, 0, 0, 0, 0, 0, 0, 0, 0, 0, 0, 0, 0, 0
1.485, 0, 0, 0, 0, 0, 0, 0, 0, 0, 0, 0, 0, 0, 0
1.486, 0, 0, 0, 0, 0, 0, 0, 0, 0, 0, 0, 0, 0, 0
1.487, 0, 0, 0, 0, 0, 0, 0, 0, 0, 0, 0, 0, 0, 0
1.488, 0, 0, 0, 0, 0, 0, 0, 0, 0, 0, 0, 0, 0, 0
1.489, 0, 0, 0, 0, 0, 0, 0, 0, 0, 0, 0, 0, 0, 0
1.49, 0, 0, 0, 0, 0, 0, 0, 0, 0, 0, 0, 0, 0, 0
1.491, 0, 0, 0, 0, 0, 0, 0, 0, 0, 0, 0, 0, 0, 0
1.492, 0, 0, 0, 0, 0, 0, 0, 0, 0, 0, 0, 0, 0, 0
1.493, 0, 0, 0, 0, 0, 0, 0, 0, 0, 0, 0, 0, 0, 0
1.494, 0, 0, 0, 0, 0, 0, 0, 0, 0, 0, 0, 0, 0, 0
1.495, 0, 0, 0, 0, 0, 0, 0, 0, 0, 0, 0, 0, 0, 0
1.496, 0, 0, 0, 0, 0, 0, 0, 0, 0, 0, 0, 0, 0, 0
1.497, 0, 0, 0, 0, 0, 0, 0, 0, 0, 0, 0, 0, 0, 0
1.498, 0, 0, 0, 0, 0, 0, 0, 0, 0, 0, 0, 0, 0, 0
1.499, 0, 0, 0, 0, 0, 0, 0, 0, 0, 0, 0, 0, 0, 0
1.5, 0, 0, 0, 0, 0, 0, 0, 0, 0, 0, 0, 0, 0, 0
1.501, 0, 0, 0, 0, 0, 0, 0, 0, 0, 0, 0, 0, 0, 0
1.502, 0, 0, 0, 0, 0, 0, 0, 0, 0, 0, 0, 0, 0, 0
1.503, 0, 0, 0, 0, 0, 0, 0, 0, 0, 0, 0, 0, 0, 0
1.504, 0, 0, 0, 0, 0, 0, 0, 0, 0, 0, 0, 0, 0, 0
1.505, 0, 0, 0, 0, 0, 0, 0, 0, 0, 0, 0, 0, 0, 0
1.506, 0, 0, 0, 0, 0, 0, 0, 0, 0, 0, 0, 0, 0, 0
1.507, 0, 0, 0, 0, 0, 0, 0, 0, 0, 0, 0, 0, 0, 0
1.508, 0, 0, 0, 0, 0, 0, 0, 0, 0, 0, 0, 0, 0, 0
1.509, 0, 0, 0, 0, 0, 0, 0, 0, 0, 0, 0, 0, 0, 0
1.51, 0, 0, 0, 0, 0, 0, 0, 0, 0, 0, 0, 0, 0, 0
1.511, 0, 0, 0, 0, 0, 0, 0, 0, 0, 0, 0, 0, 0, 0
1.512, 0, 0, 0, 0, 0, 0, 0, 0, 0, 0, 0, 0, 0, 0
1.513, 0, 0, 0, 0, 0, 0, 0, 0, 0, 0, 0, 0, 0, 0
1.514, 0, 0, 0, 0, 0, 0, 0, 0, 0, 0, 0, 0, 0, 0
1.515, 0, 0, 0, 0, 0, 0, 0, 0, 0, 0, 0, 0, 0, 0
1.516, 0, 0, 0, 0, 0, 0, 0, 0, 0, 0, 0, 0, 0, 0
1.517, 0, 0, 0, 0, 0, 0, 0, 0, 0, 0, 0, 0, 0, 0
1.518, 0, 0, 0, 0, 0, 0, 0, 0, 0, 0, 0, 0, 0, 0
1.519, 0, 0, 0, 0, 0, 0, 0, 0, 0, 0, 0, 0, 0, 0
1.52, 0, 0, 0, 0, 0, 0, 0, 0, 0, 0, 0, 0, 0, 0
1.521, 0, 0, 0, 0, 0, 0, 0, 0, 0, 0, 0, 0, 0, 0
1.522, 0, 0, 0, 0, 0, 0, 0, 0, 0, 0, 0, 0, 0, 0
1.523, 0, 0, 0, 0, 0, 0, 0, 0, 0, 0, 0, 0, 0, 0
1.524, 0, 0, 0, 0, 0, 0, 0, 0, 0, 0, 0, 0, 0, 0
1.525, 0, 0, 0, 0, 0, 0, 0, 0, 0, 0, 0, 0, 0, 0
1.526, 0, 0, 0, 0, 0, 0, 0, 0, 0, 0, 0, 0, 0, 0
1.527, 0, 0, 0, 0, 0, 0, 0, 0, 0, 0, 0, 0, 0, 0
1.528, 0, 0, 0, 0, 0, 0, 0, 0, 0, 0, 0, 0, 0, 0
1.529, 0, 0, 0, 0, 0, 0, 0, 0, 0, 0, 0, 0, 0, 0
1.53, 0, 0, 0, 0, 0, 0, 0, 0, 0, 0, 0, 0, 0, 0
1.531, 0, 0, 0, 0, 0, 0, 0, 0, 0, 0, 0, 0, 0, 0
1.532, 0, 0, 0, 0, 0, 0, 0, 0, 0, 0, 0, 0, 0, 0
1.533, 0, 0, 0, 0, 0, 0, 0, 0, 0, 0, 0, 0, 0, 0
1.534, 0, 0, 0, 0, 0, 0, 0, 0, 0, 0, 0, 0, 0, 0
1.535, 0, 0, 0, 0, 0, 0, 0, 0, 0, 0, 0, 0, 0, 0
1.536, 0, 0, 0, 0, 0, 0, 0, 0, 0, 0, 0, 0, 0, 0
1.537, 0, 0, 0, 0, 0, 0, 0, 0, 0, 0, 0, 0, 0, 0
1.538, 0, 0, 0, 0, 0, 0, 0, 0, 0, 0, 0, 0, 0, 0
1.539, 0, 0, 0, 0, 0, 0, 0, 0, 0, 0, 0, 0, 0, 0
1.54, 0, 0, 0, 0, 0, 0, 0, 0, 0, 0, 0, 0, 0, 0
1.541, 0, 0, 0, 0, 0, 0, 0, 0, 0, 0, 0, 0, 0, 0
1.542, 0, 0, 0, 0, 0, 0, 0, 0, 0, 0, 0, 0, 0, 0
1.543, 0, 0, 0, 0, 0, 0, 0, 0, 0, 0, 0, 0, 0, 0
1.544, 0, 0, 0, 0, 0, 0, 0, 0, 0, 0, 0, 0, 0, 0
1.545, 0, 0, 0, 0, 0, 0, 0, 0, 0, 0, 0, 0, 0, 0
1.546, 0, 0, 0, 0, 0, 0, 0, 0, 0, 0, 0, 0, 0, 0
1.547, 0, 0, 0, 0, 0, 0, 0, 0, 0, 0, 0, 0, 0, 0
1.548, 0, 0, 0, 0, 0, 0, 0, 0, 0, 0, 0, 0, 0, 0
1.549, 0, 0, 0, 0, 0, 0, 0, 0, 0, 0, 0, 0, 0, 0
1.55, 0, 0, 0, 0, 0, 0, 0, 0, 0, 0, 0, 0, 0, 0
1.551, 0, 0, 0, 0, 0, 0, 0, 0, 0, 0, 0, 0, 0, 0
1.552, 0, 0, 0, 0, 0, 0, 0, 0, 0, 0, 0, 0, 0, 0
1.553, 0, 0, 0, 0, 0, 0, 0, 0, 0, 0, 0, 0, 0, 0
1.554, 0, 0, 0, 0, 0, 0, 0, 0, 0, 0, 0, 0, 0, 0
1.555, 0, 0, 0, 0, 0, 0, 0, 0, 0, 0, 0, 0, 0, 0
1.556, 0, 0, 0, 0, 0, 0, 0, 0, 0, 0, 0, 0, 0, 0
1.557, 0, 0, 0, 0, 0, 0, 0, 0, 0, 0, 0, 0, 0, 0
1.558, 0, 0, 0, 0, 0, 0, 0, 0, 0, 0, 0, 0, 0, 0
1.559, 0, 0, 0, 0, 0, 0, 0, 0, 0, 0, 0, 0, 0, 0
1.56, 0, 0, 0, 0, 0, 0, 0, 0, 0, 0, 0, 0, 0, 0
1.561, 0, 0, 0, 0, 0, 0, 0, 0, 0, 0, 0, 0, 0, 0
1.562, 0, 0, 0, 0, 0, 0, 0, 0, 0, 0, 0, 0, 0, 0
1.563, 0, 0, 0, 0, 0, 0, 0, 0, 0, 0, 0, 0, 0, 0
1.564, 0, 0, 0, 0, 0, 0, 0, 0, 0, 0, 0, 0, 0, 0
1.565, 0, 0, 0, 0, 0, 0, 0, 0, 0, 0, 0, 0, 0, 0
1.566, 0, 0, 0, 0, 0, 0, 0, 0, 0, 0, 0, 0, 0, 0
1.567, 0, 0, 0, 0, 0, 0, 0, 0, 0, 0, 0, 0, 0, 0
1.568, 0, 0, 0, 0, 0, 0, 0, 0, 0, 0, 0, 0, 0, 0
1.569, 0, 0, 0, 0, 0, 0, 0, 0, 0, 0, 0, 0, 0, 0
1.57, 0, 0, 0, 0, 0, 0, 0, 0, 0, 0, 0, 0, 0, 0
1.571, 0, 0, 0, 0, 0, 0, 0, 0, 0, 0, 0, 0, 0, 0
1.572, 0, 0, 0, 0, 0, 0, 0, 0, 0, 0, 0, 0, 0, 0
1.573, 0, 0, 0, 0, 0, 0, 0, 0, 0, 0, 0, 0, 0, 0
1.574, 0, 0, 0, 0, 0, 0, 0, 0, 0, 0, 0, 0, 0, 0
1.575, 0, 0, 0, 0, 0, 0, 0, 0, 0, 0, 0, 0, 0, 0
1.576, 0, 0, 0, 0, 0, 0, 0, 0, 0, 0, 0, 0, 0, 0
1.577, 0, 0, 0, 0, 0, 0, 0, 0, 0, 0, 0, 0, 0, 0
1.578, 0, 0, 0, 0, 0, 0, 0, 0, 0, 0, 0, 0, 0, 0
1.579, 0, 0, 0, 0, 0, 0, 0, 0, 0, 0, 0, 0, 0, 0
1.58, 0, 0, 0, 0, 0, 0, 0, 0, 0, 0, 0, 0, 0, 0
1.581, 0, 0, 0, 0, 0, 0, 0, 0, 0, 0, 0, 0, 0, 0
1.582, 0, 0, 0, 0, 0, 0, 0, 0, 0, 0, 0, 0, 0, 0
1.583, 0, 0, 0, 0, 0, 0, 0, 0, 0, 0, 0, 0, 0, 0
1.584, 0, 0, 0, 0, 0, 0, 0, 0, 0, 0, 0, 0, 0, 0
1.585, 0, 0, 0, 0, 0, 0, 0, 0, 0, 0, 0, 0, 0, 0
1.586, 0, 0, 0, 0, 0, 0, 0, 0, 0, 0, 0, 0, 0, 0
1.587, 0, 0, 0, 0, 0, 0, 0, 0, 0, 0, 0, 0, 0, 0
1.588, 0, 0, 0, 0, 0, 0, 0, 0, 0, 0, 0, 0, 0, 0
1.589, 0, 0, 0, 0, 0, 0, 0, 0, 0, 0, 0, 0, 0, 0
1.59, 0, 0, 0, 0, 0, 0, 0, 0, 0, 0, 0, 0, 0, 0
1.591, 0, 0, 0, 0, 0, 0, 0, 0, 0, 0, 0, 0, 0, 0
1.592, 0, 0, 0, 0, 0, 0, 0, 0, 0, 0, 0, 0, 0, 0
1.593, 0, 0, 0, 0, 0, 0, 0, 0, 0, 0, 0, 0, 0, 0
1.594, 0, 0, 0, 0, 0, 0, 0, 0, 0, 0, 0, 0, 0, 0
1.595, 0, 0, 0, 0, 0, 0, 0, 0, 0, 0, 0, 0, 0, 0
1.596, 0, 0, 0, 0, 0, 0, 0, 0, 0, 0, 0, 0, 0, 0
1.597, 0, 0, 0, 0, 0, 0, 0, 0, 0, 0, 0, 0, 0, 0
1.598, 0, 0, 0, 0, 0, 0, 0, 0, 0, 0, 0, 0, 0, 0
1.599, 0, 0, 0, 0, 0, 0, 0, 0, 0, 0, 0, 0, 0, 0
1.6, 0, 0, 0, 0, 0, 0, 0, 0, 0, 0, 0, 0, 0, 0
1.601, 0, 0, 0, 0, 0, 0, 0, 0, 0, 0, 0, 0, 0, 0
1.602, 0, 0, 0, 0, 0, 0, 0, 0, 0, 0, 0, 0, 0, 0
1.603, 0, 0, 0, 0, 0, 0, 0, 0, 0, 0, 0, 0, 0, 0
1.604, 0, 0, 0, 0, 0, 0, 0, 0, 0, 0, 0, 0, 0, 0
1.605, 0, 0, 0, 0, 0, 0, 0, 0, 0, 0, 0, 0, 0, 0
1.606, 0, 0, 0, 0, 0, 0, 0, 0, 0, 0, 0, 0, 0, 0
1.607, 0, 0, 0, 0, 0, 0, 0, 0, 0, 0, 0, 0, 0, 0
1.608, 0, 0, 0, 0, 0, 0, 0, 0, 0, 0, 0, 0, 0, 0
1.609, 0, 0, 0, 0, 0, 0, 0, 0, 0, 0, 0, 0, 0, 0
1.61, 0, 0, 0, 0, 0, 0, 0, 0, 0, 0, 0, 0, 0, 0
1.611, 0, 0, 0, 0, 0, 0, 0, 0, 0, 0, 0, 0, 0, 0
1.612, 0, 0, 0, 0, 0, 0, 0, 0, 0, 0, 0, 0, 0, 0
1.613, 0, 0, 0, 0, 0, 0, 0, 0, 0, 0, 0, 0, 0, 0
1.614, 0, 0, 0, 0, 0, 0, 0, 0, 0, 0, 0, 0, 0, 0
1.615, 0, 0, 0, 0, 0, 0, 0, 0, 0, 0, 0, 0, 0, 0
1.616, 0, 0, 0, 0, 0, 0, 0, 0, 0, 0, 0, 0, 0, 0
1.617, 0, 0, 0, 0, 0, 0, 0, 0, 0, 0, 0, 0, 0, 0
1.618, 0, 0, 0, 0, 0, 0, 0, 0, 0, 0, 0, 0, 0, 0
1.619, 0, 0, 0, 0, 0, 0, 0, 0, 0, 0, 0, 0, 0, 0
1.62, 0, 0, 0, 0, 0, 0, 0, 0, 0, 0, 0, 0, 0, 0
1.621, 0, 0, 0, 0, 0, 0, 0, 0, 0, 0, 0, 0, 0, 0
1.622, 0, 0, 0, 0, 0, 0, 0, 0, 0, 0, 0, 0, 0, 0
1.623, 0, 0, 0, 0, 0, 0, 0, 0, 0, 0, 0, 0, 0, 0
1.624, 0, 0, 0, 0, 0, 0, 0, 0, 0, 0, 0, 0, 0, 0
1.625, 0, 0, 0, 0, 0, 0, 0, 0, 0, 0, 0, 0, 0, 0
1.626, 0, 0, 0, 0, 0, 0, 0, 0, 0, 0, 0, 0, 0, 0
1.627, 0, 0, 0, 0, 0, 0, 0, 0, 0, 0, 0, 0, 0, 0
1.628, 0, 0, 0, 0, 0, 0, 0, 0, 0, 0, 0, 0, 0, 0
1.629, 0, 0, 0, 0, 0, 0, 0, 0, 0, 0, 0, 0, 0, 0
1.63, 0, 0, 0, 0, 0, 0, 0, 0, 0, 0, 0, 0, 0, 0
1.631, 0, 0, 0, 0, 0, 0, 0, 0, 0, 0, 0, 0, 0, 0
1.632, 0, 0, 0, 0, 0, 0, 0, 0, 0, 0, 0, 0, 0, 0
1.633, 0, 0, 0, 0, 0, 0, 0, 0, 0, 0, 0, 0, 0, 0
1.634, 0, 0, 0, 0, 0, 0, 0, 0, 0, 0, 0, 0, 0, 0
1.635, 0, 0, 0, 0, 0, 0, 0, 0, 0, 0, 0, 0, 0, 0
1.636, 0, 0, 0, 0, 0, 0, 0, 0, 0, 0, 0, 0, 0, 0
1.637, 0, 0, 0, 0, 0, 0, 0, 0, 0, 0, 0, 0, 0, 0
1.638, 0, 0, 0, 0, 0, 0, 0, 0, 0, 0, 0, 0, 0, 0
1.639, 0, 0, 0, 0, 0, 0, 0, 0, 0, 0, 0, 0, 0, 0
1.64, 0, 0, 0, 0, 0, 0, 0, 0, 0, 0, 0, 0, 0, 0
1.641, 0, 0, 0, 0, 0, 0, 0, 0, 0, 0, 0, 0, 0, 0
1.642, 0, 0, 0, 0, 0, 0, 0, 0, 0, 0, 0, 0, 0, 0
1.643, 0, 0, 0, 0, 0, 0, 0, 0, 0, 0, 0, 0, 0, 0
1.644, 0, 0, 0, 0, 0, 0, 0, 0, 0, 0, 0, 0, 0, 0
1.645, 0, 0, 0, 0, 0, 0, 0, 0, 0, 0, 0, 0, 0, 0
1.646, 0, 0, 0, 0, 0, 0, 0, 0, 0, 0, 0, 0, 0, 0
1.647, 0, 0, 0, 0, 0, 0, 0, 0, 0, 0, 0, 0, 0, 0
1.648, 0, 0, 0, 0, 0, 0, 0, 0, 0, 0, 0, 0, 0, 0
1.649, 0, 0, 0, 0, 0, 0, 0, 0, 0, 0, 0, 0, 0, 0
1.65, 0, 0, 0, 0, 0, 0, 0, 0, 0, 0, 0, 0, 0, 0
1.651, 0, 0, 0, 0, 0, 0, 0, 0, 0, 0, 0, 0, 0, 0
1.652, 0, 0, 0, 0, 0, 0, 0, 0, 0, 0, 0, 0, 0, 0
1.653, 0, 0, 0, 0, 0, 0, 0, 0, 0, 0, 0, 0, 0, 0
1.654, 0, 0, 0, 0, 0, 0, 0, 0, 0, 0, 0, 0, 0, 0
1.655, 0, 0, 0, 0, 0, 0, 0, 0, 0, 0, 0, 0, 0, 0
1.656, 0, 0, 0, 0, 0, 0, 0, 0, 0, 0, 0, 0, 0, 0
1.657, 0, 0, 0, 0, 0, 0, 0, 0, 0, 0, 0, 0, 0, 0
1.658, 0, 0, 0, 0, 0, 0, 0, 0, 0, 0, 0, 0, 0, 0
1.659, 0, 0, 0, 0, 0, 0, 0, 0, 0, 0, 0, 0, 0, 0
1.66, 0, 0, 0, 0, 0, 0, 0, 0, 0, 0, 0, 0, 0, 0
1.661, 0, 0, 0, 0, 0, 0, 0, 0, 0, 0, 0, 0, 0, 0
1.662, 0, 0, 0, 0, 0, 0, 0, 0, 0, 0, 0, 0, 0, 0
1.663, 0, 0, 0, 0, 0, 0, 0, 0, 0, 0, 0, 0, 0, 0
1.664, 0, 0, 0, 0, 0, 0, 0, 0, 0, 0, 0, 0, 0, 0
1.665, 0, 0, 0, 0, 0, 0, 0, 0, 0, 0, 0, 0, 0, 0
1.666, 0, 0, 0, 0, 0, 0, 0, 0, 0, 0, 0, 0, 0, 0
1.667, 0, 0, 0, 0, 0, 0, 0, 0, 0, 0, 0, 0, 0, 0
1.668, 0, 0, 0, 0, 0, 0, 0, 0, 0, 0, 0, 0, 0, 0
1.669, 0, 0, 0, 0, 0, 0, 0, 0, 0, 0, 0, 0, 0, 0
1.67, 0, 0, 0, 0, 0, 0, 0, 0, 0, 0, 0, 0, 0, 0
1.671, 0, 0, 0, 0, 0, 0, 0, 0, 0, 0, 0, 0, 0, 0
1.672, 0, 0, 0, 0, 0, 0, 0, 0, 0, 0, 0, 0, 0, 0
1.673, 0, 0, 0, 0, 0, 0, 0, 0, 0, 0, 0, 0, 0, 0
1.674, 0, 0, 0, 0, 0, 0, 0, 0, 0, 0, 0, 0, 0, 0
1.675, 0, 0, 0, 0, 0, 0, 0, 0, 0, 0, 0, 0, 0, 0
1.676, 0, 0, 0, 0, 0, 0, 0, 0, 0, 0, 0, 0, 0, 0
1.677, 0, 0, 0, 0, 0, 0, 0, 0, 0, 0, 0, 0, 0, 0
1.678, 0, 0, 0, 0, 0, 0, 0, 0, 0, 0, 0, 0, 0, 0
1.679, 0, 0, 0, 0, 0, 0, 0, 0, 0, 0, 0, 0, 0, 0
1.68, 0, 0, 0, 0, 0, 0, 0, 0, 0, 0, 0, 0, 0, 0
1.681, 0, 0, 0, 0, 0, 0, 0, 0, 0, 0, 0, 0, 0, 0
1.682, 0, 0, 0, 0, 0, 0, 0, 0, 0, 0, 0, 0, 0, 0
1.683, 0, 0, 0, 0, 0, 0, 0, 0, 0, 0, 0, 0, 0, 0
1.684, 0, 0, 0, 0, 0, 0, 0, 0, 0, 0, 0, 0, 0, 0
1.685, 0, 0, 0, 0, 0, 0, 0, 0, 0, 0, 0, 0, 0, 0
1.686, 0, 0, 0, 0, 0, 0, 0, 0, 0, 0, 0, 0, 0, 0
1.687, 0, 0, 0, 0, 0, 0, 0, 0, 0, 0, 0, 0, 0, 0
1.688, 0, 0, 0, 0, 0, 0, 0, 0, 0, 0, 0, 0, 0, 0
1.689, 0, 0, 0, 0, 0, 0, 0, 0, 0, 0, 0, 0, 0, 0
1.69, 0, 0, 0, 0, 0, 0, 0, 0, 0, 0, 0, 0, 0, 0
1.691, 0, 0, 0, 0, 0, 0, 0, 0, 0, 0, 0, 0, 0, 0
1.692, 0, 0, 0, 0, 0, 0, 0, 0, 0, 0, 0, 0, 0, 0
1.693, 0, 0, 0, 0, 0, 0, 0, 0, 0, 0, 0, 0, 0, 0
1.694, 0, 0, 0, 0, 0, 0, 0, 0, 0, 0, 0, 0, 0, 0
1.695, 0, 0, 0, 0, 0, 0, 0, 0, 0, 0, 0, 0, 0, 0
1.696, 0, 0, 0, 0, 0, 0, 0, 0, 0, 0, 0, 0, 0, 0
1.697, 0, 0, 0, 0, 0, 0, 0, 0, 0, 0, 0, 0, 0, 0
1.698, 0, 0, 0, 0, 0, 0, 0, 0, 0, 0, 0, 0, 0, 0
1.699, 0, 0, 0, 0, 0, 0, 0, 0, 0, 0, 0, 0, 0, 0
1.7, 0, 0, 0, 0, 0, 0, 0, 0, 0, 0, 0, 0, 0, 0
1.701, 0, 0, 0, 0, 0, 0, 0, 0, 0, 0, 0, 0, 0, 0
1.702, 0, 0, 0, 0, 0, 0, 0, 0, 0, 0, 0, 0, 0, 0
1.703, 0, 0, 0, 0, 0, 0, 0, 0, 0, 0, 0, 0, 0, 0
1.704, 0, 0, 0, 0, 0, 0, 0, 0, 0, 0, 0, 0, 0, 0
1.705, 0, 0, 0, 0, 0, 0, 0, 0, 0, 0, 0, 0, 0, 0
1.706, 0, 0, 0, 0, 0, 0, 0, 0, 0, 0, 0, 0, 0, 0
1.707, 0, 0, 0, 0, 0, 0, 0, 0, 0, 0, 0, 0, 0, 0
1.708, 0, 0, 0, 0, 0, 0, 0, 0, 0, 0, 0, 0, 0, 0
1.709, 0, 0, 0, 0, 0, 0, 0, 0, 0, 0, 0, 0, 0, 0
1.71, 0, 0, 0, 0, 0, 0, 0, 0, 0, 0, 0, 0, 0, 0
1.711, 0, 0, 0, 0, 0, 0, 0, 0, 0, 0, 0, 0, 0, 0
1.712, 0, 0, 0, 0, 0, 0, 0, 0, 0, 0, 0, 0, 0, 0
1.713, 0, 0, 0, 0, 0, 0, 0, 0, 0, 0, 0, 0, 0, 0
1.714, 0, 0, 0, 0, 0, 0, 0, 0, 0, 0, 0, 0, 0, 0
1.715, 0, 0, 0, 0, 0, 0, 0, 0, 0, 0, 0, 0, 0, 0
1.716, 0, 0, 0, 0, 0, 0, 0, 0, 0, 0, 0, 0, 0, 0
1.717, 0, 0, 0, 0, 0, 0, 0, 0, 0, 0, 0, 0, 0, 0
1.718, 0, 0, 0, 0, 0, 0, 0, 0, 0, 0, 0, 0, 0, 0
1.719, 0, 0, 0, 0, 0, 0, 0, 0, 0, 0, 0, 0, 0, 0
1.72, 0, 0, 0, 0, 0, 0, 0, 0, 0, 0, 0, 0, 0, 0
1.721, 0, 0, 0, 0, 0, 0, 0, 0, 0, 0, 0, 0, 0, 0
1.722, 0, 0, 0, 0, 0, 0, 0, 0, 0, 0, 0, 0, 0, 0
1.723, 0, 0, 0, 0, 0, 0, 0, 0, 0, 0, 0, 0, 0, 0
1.724, 0, 0, 0, 0, 0, 0, 0, 0, 0, 0, 0, 0, 0, 0
1.725, 0, 0, 0, 0, 0, 0, 0, 0, 0, 0, 0, 0, 0, 0
1.726, 0, 0, 0, 0, 0, 0, 0, 0, 0, 0, 0, 0, 0, 0
1.727, 0, 0, 0, 0, 0, 0, 0, 0, 0, 0, 0, 0, 0, 0
1.728, 0, 0, 0, 0, 0, 0, 0, 0, 0, 0, 0, 0, 0, 0
1.729, 0, 0, 0, 0, 0, 0, 0, 0, 0, 0, 0, 0, 0, 0
1.73, 0, 0, 0, 0, 0, 0, 0, 0, 0, 0, 0, 0, 0, 0
1.731, 0, 0, 0, 0, 0, 0, 0, 0, 0, 0, 0, 0, 0, 0
1.732, 0, 0, 0, 0, 0, 0, 0, 0, 0, 0, 0, 0, 0, 0
1.733, 0, 0, 0, 0, 0, 0, 0, 0, 0, 0, 0, 0, 0, 0
1.734, 0, 0, 0, 0, 0, 0, 0, 0, 0, 0, 0, 0, 0, 0
1.735, 0, 0, 0, 0, 0, 0, 0, 0, 0, 0, 0, 0, 0, 0
1.736, 0, 0, 0, 0, 0, 0, 0, 0, 0, 0, 0, 0, 0, 0
1.737, 0, 0, 0, 0, 0, 0, 0, 0, 0, 0, 0, 0, 0, 0
1.738, 0, 0, 0, 0, 0, 0, 0, 0, 0, 0, 0, 0, 0, 0
1.739, 0, 0, 0, 0, 0, 0, 0, 0, 0, 0, 0, 0, 0, 0
1.74, 0, 0, 0, 0, 0, 0, 0, 0, 0, 0, 0, 0, 0, 0
1.741, 0, 0, 0, 0, 0, 0, 0, 0, 0, 0, 0, 0, 0, 0
1.742, 0, 0, 0, 0, 0, 0, 0, 0, 0, 0, 0, 0, 0, 0
1.743, 0, 0, 0, 0, 0, 0, 0, 0, 0, 0, 0, 0, 0, 0
1.744, 0, 0, 0, 0, 0, 0, 0, 0, 0, 0, 0, 0, 0, 0
1.745, 0, 0, 0, 0, 0, 0, 0, 0, 0, 0, 0, 0, 0, 0
1.746, 0, 0, 0, 0, 0, 0, 0, 0, 0, 0, 0, 0, 0, 0
1.747, 0, 0, 0, 0, 0, 0, 0, 0, 0, 0, 0, 0, 0, 0
1.748, 0, 0, 0, 0, 0, 0, 0, 0, 0, 0, 0, 0, 0, 0
1.749, 0, 0, 0, 0, 0, 0, 0, 0, 0, 0, 0, 0, 0, 0
1.75, 0, 0, 0, 0, 0, 0, 0, 0, 0, 0, 0, 0, 0, 0
1.751, 0, 0, 0, 0, 0, 0, 0, 0, 0, 0, 0, 0, 0, 0
