Time,Stouch_RA5C1,Stouch_RA6D1,Stouch_RA4P2,Stouch_RA5C2,Stouch_RA6D2,Stouch_RA4P3,Stouch_RA5C3,Stouch_RA6D3,Stouch_RA4P4,Stouch_RA5C4,Stouch_RA6D4,Stouch_RA4P5,Stouch_RA5C5,Stouch_RA6D5
0, 0, 0, 0, 0, 0, 0, 0, 0, 0, 0, 0, 0, 0, 0
0.001, 0, 0, 0, 0, 0, 0, 0, 0, 0, 0, 0, 0, 0, 0
0.002, 0, 0, 0, 0, 0, 0, 0, 0, 0, 0, 0, 0, 0, 0
0.003, 0, 0, 0, 0, 0, 0, 0, 0, 0, 0, 0, 0, 0, 0
0.004, 0, 0, 0, 0, 0, 0, 0, 0, 0, 0, 0, 0, 0, 0
0.005, 0, 0, 0, 0, 0, 0, 0, 0, 0, 0, 0, 0, 0, 0
0.006, 0, 0, 0, 0, 0, 0, 0, 0, 0, 0, 0, 0, 0, 0
0.007, 0, 0, 0, 0, 0, 0, 0, 0, 0, 0, 0, 0, 0, 0
0.008, 0, 0, 0, 0, 0, 0, 0, 0, 0, 0, 0, 0, 0, 0
0.009, 0, 0, 0, 0, 0, 0, 0, 0, 0, 0, 0, 0, 0, 0
0.01, 0, 0, 0, 0, 0, 0, 0, 0, 0, 0, 0, 0, 0, 0
0.011, 0, 0, 0, 0, 0, 0, 0, 0, 0, 0, 0, 0, 0, 0
0.012, 0, 0, 0, 0, 0, 0, 0, 0, 0, 0, 0, 0, 0, 0
0.013, 0, 0, 0, 0, 0, 0, 0, 0, 0, 0, 0, 0, 0, 0
0.014, 0, 0, 0, 0, 0, 0, 0, 0, 0, 0, 0, 0, 0, 0
0.015, 0, 0, 0, 0, 0, 0, 0, 0, 0, 0, 0, 0, 0, 0
0.016, 0, 0, 0, 0, 0, 0, 0, 0, 0, 0, 0, 0, 0, 0
0.017, 0, 0, 0, 0, 0, 0, 0, 0, 0, 0, 0, 0, 0, 0
0.018, 0, 0, 0, 0, 0, 0, 0, 0, 0, 0, 0, 0, 0, 0
0.019, 0, 0, 0, 0, 0, 0, 0, 0, 0, 0, 0, 0, 0, 0
0.02, 0, 0, 0, 0, 0, 0, 0, 0, 0, 0, 0, 0, 0, 0
0.021, 0, 0, 0, 0, 0, 0, 0, 0, 0, 0, 0, 0, 0, 0
0.022, 0, 0, 0, 0, 0, 0, 0, 0, 0, 0, 0, 0, 0, 0
0.023, 0, 0, 0, 0, 0, 0, 0, 0, 0, 0, 0, 0, 0, 0
0.024, 0, 0, 0, 0, 0, 0, 0, 0, 0, 0, 0, 0, 0, 0
0.025, 0, 0, 0, 0, 0, 0, 0, 0, 0, 0, 0, 0, 0, 0
0.026, 0, 0, 0, 0, 0, 0, 0, 0, 0, 0, 0, 0, 0, 0
0.027, 0, 0, 0, 0, 0, 0, 0, 0, 0, 0, 0, 0, 0, 0
0.028, 0, 0, 0, 0, 0, 0, 0, 0, 0, 0, 0, 0, 0, 0
0.029, 0, 0, 0, 0, 0, 0, 0, 0, 0, 0, 0, 0, 0, 0
0.03, 0, 0, 0, 0, 0, 0, 0, 0, 0, 0, 0, 0, 0, 0
0.031, 0, 0, 0, 0, 0, 0, 0, 0, 0, 0, 0, 0, 0, 0
0.032, 0, 0, 0, 0, 0, 0, 0, 0, 0, 0, 0, 0, 0, 0
0.033, 0, 0, 0, 0, 0, 0, 0, 0, 0, 0, 0, 0, 0, 0
0.034, 0, 0, 0, 0, 0, 0, 0, 0, 0, 0, 0, 0, 0, 0
0.035, 0, 0, 0, 0, 0, 0, 0, 0, 0, 0, 0, 0, 0, 0
0.036, 0, 0, 0, 0, 0, 0, 0, 0, 0, 0, 0, 0, 0, 0
0.037, 0, 0, 0, 0, 0, 0, 0, 0, 0, 0, 0, 0, 0, 0
0.038, 0, 0, 0, 0, 0, 0, 0, 0, 0, 0, 0, 0, 0, 0
0.039, 0, 0, 0, 0, 0, 0, 0, 0, 0, 0, 0, 0, 0, 0
0.04, 0, 0, 0, 0, 0, 0, 0, 0, 0, 0, 0, 0, 0, 0
0.041, 0, 0, 0, 0, 0, 0, 0, 0, 0, 0, 0, 0, 0, 0
0.042, 0, 0, 0, 0, 0, 0, 0, 0, 0, 0, 0, 0, 0, 0
0.043, 0, 0.36611, 0, 0, 0, 0, 0, 0, 0, 0, 0, 0, 0, 0
0.044, 0, 0.787157, 0, 0, 0, 0, 0, 0, 0, 0, 0, 0, 0, 0
0.045, 0, 0.91916, 0, 0, 0, 0, 0, 0, 0, 0, 0, 0, 0, 0
0.046, 0, 0.94291, 0, 0, 0, 0, 0, 0, 0, 0, 0, 0, 0, 0
0.047, 0, 1.13948, 0, 0, 0, 0, 0, 0, 0, 0, 0, 0, 0, 0
0.048, 0, 1.19948, 0, 0, 0, 0, 0, 0, 0, 0, 0, 0, 0, 0
0.049, 0, 1.38259, 0, 0, 0, 0, 0, 0, 0, 0, 0, 0, 0, 0
0.05, 0, 1.56729, 0, 0, 0, 0, 0, 0, 0, 0, 0, 0, 0, 0
0.051, 0, 1.65691, 0, 0, 0, 0, 0, 0, 0, 0, 0, 0, 0, 0
0.052, 0, 1.31685, 0, 0, 0, 0, 0, 0, 0, 0, 0, 0, 0, 0
0.053, 0, 1.25821, 0, 0, 0, 0, 0, 0, 0, 0, 0, 0, 0, 0
0.054, 0, 1.38792, 0, 0, 0, 0, 0, 0, 0, 0, 0, 0, 0, 0
0.055, 0, 1.47472, 0, 0, 0, 0, 0, 0, 0, 0, 0, 0, 0, 0
0.056, 0, 1.63337, 0, 0, 0, 0, 0, 0, 0, 0, 0, 0, 0, 0
0.057, 0, 1.72274, 0, 0, 0, 0, 0, 0, 0, 0, 0, 0, 0, 0
0.058, 0, 1.80461, 0, 0, 0, 0, 0, 0, 0, 0, 0, 0, 0, 0
0.059, 0, 1.84714, 0, 0, 0, 0, 0, 0, 0, 0, 0, 0, 0, 0
0.06, 0, 1.90008, 0, 0, 0, 0, 0, 0, 0, 0, 0, 0, 0, 0
0.061, 0, 1.95842, 0, 0, 0, 0, 0, 0, 0, 0, 0, 0, 0, 0
0.062, 0, 1.99093, 0, 0, 0, 0, 0, 0, 0, 0, 0, 0, 0, 0
0.063, 0, 1.99589, 0, 0, 0, 0, 0, 0, 0, 0, 0, 0, 0, 0
0.064, 0, 1.98082, 0, 0, 0, 0, 0, 0, 0, 0, 0, 0, 0, 0
0.065, 0, 1.97034, 0, 0, 0, 0, 0, 0, 0, 0, 0, 0, 0, 0
0.066, 0, 1.93241, 0, 0, 0, 0, 0, 0, 0, 0, 0, 0, 0, 0
0.067, 0, 1.90829, 0, 0, 0, 0, 0, 0, 0, 0, 0, 0, 0, 0
0.068, 0, 1.86298, 0, 0, 0, 0, 0, 0, 0, 0, 0, 0, 0, 0
0.069, 0, 1.30437, 0, 0, 0, 0, 0, 0, 0, 0, 0, 0, 0, 0
0.07, 0, 1.45807, 0, 0, 0, 0, 0, 0, 0, 0, 0, 0, 0, 0
0.071, 0, 1.42583, 0, 0, 0, 0, 0, 0, 0, 0, 0, 0, 0, 0
0.072, 0, 1.39852, 0, 0, 0, 0, 0, 0, 0, 0, 0, 0, 0, 0
0.073, 0, 1.1889, 0, 0, 0, 0, 0, 0, 0, 0, 0, 0, 0, 0
0.074, 0, 1.13801, 0, 0, 0, 0, 0, 0, 0, 0, 0, 0, 0, 0
0.075, 0, 1.09403, 0, 0, 0, 0, 0, 0, 0, 0, 0, 0, 0, 0
0.076, 0, 1.06107, 0, 0, 0, 0, 0, 0, 0, 0, 0, 0, 0, 0
0.077, 0, 1.02592, 0, 0, 0, 0, 0, 0, 0, 0, 0, 0, 0, 0
0.078, 0, 0.991071, 0, 0, 0, 0, 0, 0, 0, 0, 0, 0, 0, 0
0.079, 0, 0.959971, 0, 0, 0, 0, 0, 0, 0, 0, 0, 0, 0, 0
0.08, 0, 0.836502, 0, 0, 0, 0, 0, 0, 0, 0, 0, 0, 0, 0
0.081, 0, 0.810703, 0, 0, 0, 0, 0, 0, 0, 0, 0, 0, 0, 0
0.082, 0, 0.787783, 0, 0, 0, 0, 0, 0, 0, 0, 0, 0, 0, 0
0.083, 0, 0.77636, 0, 0, 0, 0, 0, 0, 0, 0, 0, 0, 0, 0
0.084, 0, 0.751496, 0, 0, 0, 0, 0, 0, 0, 0, 0, 0, 0, 0
0.085, 0, 0.730346, 0, 0, 0, 0, 0, 0, 0, 0, 0, 0, 0, 0
0.086, 0, 0.713946, 0, 0, 0, 0, 0, 0, 0, 0, 0, 0, 0, 0
0.087, 0, 0.69405, 0, 0, 0, 0, 0, 0, 0, 0, 0, 0, 0, 0
0.088, 0, 0.674056, 0, 0, 0, 0, 0, 0, 0, 0, 0, 0, 0, 0
0.089, 0, 0.658306, 0, 0, 0, 0, 0, 0, 0, 0, 0, 0, 0, 0
0.09, 0, 0.64631, 0, 0, 0, 0, 0, 0, 0, 0, 0, 0, 0, 0
0.091, 0, 0.639169, 0, 0, 0, 0, 0, 0, 0, 0, 0, 0, 0, 0
0.092, 0, 0.799152, 0, 0, 0, 0, 0, 0, 0, 0, 0, 0, 0, 0
0.093, 0, 0.637056, 0, 0, 0, 0, 0, 0, 0, 0, 0, 0, 0, 0
0.094, 0, 0.893182, 0, 0, 0, 0, 0, 0, 0, 0, 0, 0, 0, 0
0.095, 0, 0.807865, 0, 0, 0, 0, 0, 0, 0, 0, 0, 0, 0, 0
0.096, 0, 0.736824, 0, 0, 0, 0, 0, 0, 0, 0, 0, 0, 0, 0
0.097, 0, 0.678437, 0, 0, 0, 0, 0, 0, 0, 0, 0, 0, 0, 0
0.098, 0, 0.640287, 0, 0, 0, 0, 0, 0, 0, 0, 0, 0, 0, 0
0.099, 0, 0.618233, 0, 0, 0, 0, 0, 0, 0, 0, 0, 0, 0, 0
0.1, 0, 0.602992, 0, 0, 0, 0, 0, 0, 0, 0, 0, 0, 0, 0
0.101, 0, 0.588559, 0, 0, 0, 0, 0, 0, 0, 0, 0, 0, 0, 0
0.102, 0, 0.574672, 0, 0, 0, 0, 0, 0, 0, 0, 0, 0, 0, 0
0.103, 0, 0.565653, 0, 0, 0, 0, 0, 0, 0, 0, 0, 0, 0, 0
0.104, 0, 0.560673, 0, 0, 0, 0, 0, 0, 0, 0, 0, 0, 0, 0
0.105, 0, 0.554932, 0, 0, 0, 0, 0, 0, 0, 0, 0, 0, 0, 0
0.106, 0, 0.552936, 0, 0, 0, 0, 0, 0, 0, 0, 0, 0, 0, 0
0.107, 0, 0.54504, 0, 0, 0, 0, 0, 0, 0, 0, 0, 0, 0, 0
0.108, 0, 0.492957, 0, 0, 0, 0, 0, 0, 0, 0, 0, 0, 0, 0
0.109, 0, 0.429299, 0, 0, 0, 0, 0, 0, 0, 0, 0, 0, 0, 0
0.11, 0, 0.423846, 0, 0, 0, 0, 0, 0, 0, 0, 0, 0, 0, 0
0.111, 0, 0.420973, 0, 0, 0, 0, 0, 0, 0, 0, 0, 0, 0, 0
0.112, 0, 0.419014, 0, 0, 0, 0, 0, 0, 0, 0, 0, 0, 0, 0
0.113, 0, 0.417308, 0, 0, 0, 0, 0, 0, 0, 0, 0, 0, 0, 0
0.114, 0, 0.414935, 0, 0, 0, 0, 0, 0, 0, 0, 0, 0, 0, 0
0.115, 0, 0.418915, 0, 0, 0, 0, 0, 0, 0, 0, 0, 0, 0, 0
0.116, 0, 0.415924, 0, 0, 0, 0, 0, 0, 0, 0, 0, 0, 0, 0
0.117, 0, 0.406935, 0, 0, 0, 0, 0, 0, 0, 0, 0, 0, 0, 0
0.118, 0, 0.405763, 0, 0, 0, 0, 0, 0, 0, 0, 0, 0, 0, 0
0.119, 0, 0.403408, 0, 0, 0, 0, 0, 0, 0, 0, 0, 0, 0, 0
0.12, 0, 0.402087, 0, 0, 0, 0, 0, 0, 0, 0, 0, 0, 0, 0
0.121, 0, 0.401279, 0, 0, 0, 0, 0, 0, 0, 0, 0, 0, 0, 0
0.122, 0, 0.400577, 0, 0, 0, 0, 0, 0, 0, 0, 0, 0, 0, 0
0.123, 0, 0.372777, 0, 0, 0, 0, 0, 0, 0, 0, 0, 0, 0, 0
0.124, 0, 0.243536, 0, 0, 0, 0, 0, 0, 0, 0, 0, 0, 0, 0
0.125, 0, 0.24189, 0, 0, 0, 0, 0, 0, 0, 0, 0, 0, 0, 0
0.126, 0, 0.242801, 0, 0, 0, 0, 0, 0, 0, 0, 0, 0, 0, 0
0.127, 0, 0.233006, 0, 0, 0, 0, 0, 0, 0, 0, 0, 0, 0, 0
0.128, 0, 0.234628, 0, 0, 0, 0, 0, 0, 0, 0, 0, 0, 0, 0
0.129, 0, 0.234231, 0, 0, 0, 0, 0, 0, 0, 0, 0, 0, 0, 0
0.13, 0, 0.234895, 0, 0, 0, 0, 0, 0, 0, 0, 0, 0, 0, 0
0.131, 0, 0.235988, 0, 0, 0, 0, 0, 0, 0, 0, 0, 0, 0, 0
0.132, 0, 0.237382, 0, 0, 0, 0, 0, 0, 0, 0, 0, 0, 0, 0
0.133, 0, 0.238236, 0, 0, 0, 0, 0, 0, 0, 0, 0, 0, 0, 0
0.134, 0, 0.239517, 0, 0, 0, 0, 0, 0, 0, 0, 0, 0, 0, 0
0.135, 0, 0.239999, 0, 0, 0, 0, 0, 0, 0, 0, 0, 0, 0, 0
0.136, 0, 0.24249, 0, 0, 0, 0, 0, 0, 0, 0, 0, 0, 0, 0
0.137, 0, 0.243683, 0, 0, 0, 0, 0, 0, 0, 0, 0, 0, 0, 0
0.138, 0, 0.244552, 0, 0, 0, 0, 0, 0, 0, 0, 0, 0, 0, 0
0.139, 0, 0.245581, 0, 0, 0, 0, 0, 0, 0, 0, 0, 0, 0, 0
0.14, 0, 0.246661, 0, 0, 0, 0, 0, 0, 0, 0, 0, 0, 0, 0
0.141, 0, 0.246802, 0, 0, 0, 0, 0, 0, 0, 0, 0, 0, 0, 0
0.142, 0, 0.247788, 0, 0, 0, 0, 0, 0, 0, 0, 0, 0, 0, 0
0.143, 0, 0.24898, 0, 0, 0, 0, 0, 0, 0, 0, 0, 0, 0, 0
0.144, 0, 0.250093, 0, 0, 0, 0, 0, 0, 0, 0, 0, 0, 0, 0
0.145, 0, 0.250987, 0, 0, 0, 0, 0, 0, 0, 0, 0, 0, 0, 0
0.146, 0, 0.253017, 0, 0, 0, 0, 0, 0, 0, 0, 0, 0, 0, 0
0.147, 0, 0.253577, 0, 0, 0, 0, 0, 0, 0, 0, 0, 0, 0, 0
0.148, 0, 0.254077, 0, 0, 0, 0, 0, 0, 0, 0, 0, 0, 0, 0
0.149, 0, 0.254667, 0, 0, 0, 0, 0, 0, 0, 0, 0, 0, 0, 0
0.15, 0, 0.255374, 0, 0, 0, 0, 0, 0, 0, 0, 0, 0, 0, 0
0.151, 0, 0.25589, 0, 0, 0, 0, 0, 0, 0, 0, 0, 0, 0, 0
0.152, 0, 0.257221, 0, 0, 0, 0, 0, 0, 0, 0, 0, 0, 0, 0
0.153, 0, 0.25715, 0, 0, 0, 0, 0, 0, 0, 0, 0, 0, 0, 0
0.154, 0, 0.257472, 0, 0, 0, 0, 0, 0, 0, 0, 0, 0, 0, 0
0.155, 0, 0.257837, 0, 0, 0, 0, 0, 0, 0, 0, 0, 0, 0, 0
0.156, 0, 0.258806, 0, 0, 0, 0, 0, 0, 0, 0, 0, 0, 0, 0
0.157, 0, 0.259371, 0, 0, 0, 0, 0, 0, 0, 0, 0, 0, 0, 0
0.158, 0, 0.260269, 0, 0, 0, 0, 0, 0, 0, 0, 0, 0, 0, 0
0.159, 0, 0.264282, 0, 0, 0, 0, 0, 0, 0, 0, 0, 0, 0, 0
0.16, 0, 0.265701, 0, 0, 0, 0, 0, 0, 0, 0, 0, 0, 0, 0
0.161, 0, 0.26748, 0, 0, 0, 0, 0, 0, 0, 0, 0, 0, 0, 0
0.162, 0, 0.268694, 0, 0, 0, 0, 0, 0, 0, 0, 0, 0, 0, 0
0.163, 0, 0.269662, 0, 0, 0, 0, 0, 0, 0, 0, 0, 0, 0, 0
0.164, 0, 0.27055, 0, 0, 0, 0, 0, 0, 0, 0, 0, 0, 0, 0
0.165, 0, 0.271238, 0, 0, 0, 0, 0, 0, 0, 0, 0, 0, 0, 0
0.166, 0, 0.271876, 0, 0, 0, 0, 0, 0, 0, 0, 0, 0, 0, 0
0.167, 0, 0.272685, 0, 0, 0, 0, 0, 0, 0, 0, 0, 0, 0, 0
0.168, 0, 0.274117, 0, 0, 0, 0, 0, 0, 0, 0, 0, 0, 0, 0
0.169, 0, 0.274605, 0, 0, 0, 0, 0, 0, 0, 0, 0, 0, 0, 0
0.17, 0, 0.27529, 0, 0, 0, 0, 0, 0, 0, 0, 0, 0, 0, 0
0.171, 0, 0.276049, 0, 0, 0, 0, 0, 0, 0, 0, 0, 0, 0, 0
0.172, 0, 0.276611, 0, 0, 0, 0, 0, 0, 0, 0, 0, 0, 0, 0
0.173, 0, 0.277657, 0, 0, 0, 0, 0, 0, 0, 0, 0, 0, 0, 0
0.174, 0, 0.277471, 0, 0, 0, 0, 0, 0, 0, 0, 0, 0, 0, 0
0.175, 0, 0.278291, 0, 0, 0, 0, 0, 0, 0, 0, 0, 0, 0, 0
0.176, 0, 0.278249, 0, 0, 0, 0, 0, 0, 0, 0, 0, 0, 0, 0
0.177, 0, 0.279449, 0, 0, 0, 0, 0, 0, 0, 0, 0, 0, 0, 0
0.178, 0, 0.280886, 0, 0, 0, 0, 0, 0, 0, 0, 0, 0, 0, 0
0.179, 0, 0.280993, 0, 0, 0, 0, 0, 0, 0, 0, 0, 0, 0, 0
0.18, 0, 0.281661, 0, 0, 0, 0, 0, 0, 0, 0, 0, 0, 0, 0
0.181, 0, 0.282422, 0, 0, 0, 0, 0, 0, 0, 0, 0, 0, 0, 0
0.182, 0, 0.283901, 0, 0, 0, 0, 0, 0, 0, 0, 0, 0, 0, 0
0.183, 0, 0.285041, 0, 0, 0, 0, 0, 0, 0, 0, 0, 0, 0, 0
0.184, 0, 0.284275, 0, 0, 0, 0, 0, 0, 0, 0, 0, 0, 0, 0
0.185, 0, 0.371276, 0, 0, 0, 0, 0, 0, 0, 0, 0, 0, 0, 0
0.186, 0, 0.373647, 0, 0, 0, 0, 0, 0, 0, 0, 0, 0, 0, 0
0.187, 0, 0.375916, 0, 0, 0, 0, 0, 0, 0, 0, 0, 0, 0, 0
0.188, 0, 0.545535, 0, 0, 0, 0, 0, 0, 0, 0, 0, 0, 0, 0
0.189, 0, 0.54955, 0, 0, 0, 0, 0, 0, 0, 0, 0, 0, 0, 0
0.19, 0, 0.550197, 0, 0, 1.30272, 0, 0, 0, 0, 0, 0, 0, 0, 0
0.191, 0, 0.55171, 0, 0.022694, 1.5681, 0, 0, 0, 0, 0, 0, 0, 0, 0
0.192, 0, 0.552962, 0, 0.184703, 1.51064, 0, 0, 0, 0, 0, 0, 0, 0, 0
0.193, 0, 0.555088, 0, 0.317593, 1.82149, 0, 0, 0, 0, 0, 0, 0, 0, 0
0.194, 0, 0.558334, 0, 0.488189, 2.39077, 0, 0, 0, 0, 0, 0, 0, 0, 0
0.195, 0, 0.560293, 0, 0.857569, 3.4761, 0, 0, 0, 0, 0, 0, 0, 0, 0
0.196, 0, 0.562836, 0, 1.20774, 4.54648, 0, 0, 0, 0, 0, 0, 0, 0, 0
0.197, 0, 0.569137, 0, 2.32172, 6.95659, 0, 0, 0, 0, 0, 0, 0, 0, 0
0.198, 0, 0.564215, 0, 2.35457, 6.80193, 0, 0, 0, 0, 0, 0, 0, 0, 0
0.199, 0, 0.56888, 0, 2.34711, 6.89134, 0, 0, 0, 0, 0, 0, 0, 0, 0
0.2, 0, 0.569863, 0, 2.59479, 7.17861, 0, 0, 0, 0, 0, 0, 0, 0, 0.775694
0.201, 0, 0.570646, 0, 2.88101, 7.63762, 0, 0, 0, 0, 0, 0, 0, 0, 0.975551
0.202, 0, 0.570673, 0, 3.08573, 8.18531, 0, 0, 0, 0, 0, 0, 0, 0.0130604, 0.942024
0.203, 0, 0.57078, 0, 3.27389, 8.50634, 0, 0, 0, 0, 0, 0, 0, 0.0186342, 0.911082
0.204, 0, 0.571965, 0, 3.39815, 8.61874, 0, 0, 0, 0, 0, 0, 0, 0.0507342, 0.88993
0.205, 0, 0.571054, 0, 3.47307, 8.79834, 0, 0, 0, 0, 0, 0, 0, 0.0651567, 0.890453
0.206, 0, 0.570886, 0, 3.57931, 8.86159, 0, 0, 0, 0, 0, 0, 0, 0.0868398, 0.915794
0.207, 0, 0.570391, 0, 3.62453, 8.96891, 0, 0, 0, 0, 0, 0, 0, 0.149672, 0.960587
0.208, 0, 0.570146, 0, 3.65907, 9.1071, 0, 0, 0, 0, 0, 0, 0, 0.250083, 1.03888
0.209, 0, 0.569675, 0, 3.71665, 9.18097, 0, 0, 0, 0, 0, 0, 0, 0.303408, 1.1276
0.21, 0, 0.569187, 0, 3.75968, 9.2419, 0, 0, 0, 0, 0, 0, 0, 0.355093, 1.237
0.211, 0, 0.569007, 0, 3.78339, 9.26613, 0, 0, 0, 0, 0, 0, 0, 0.396622, 1.33557
0.212, 0, 0.565691, 0, 3.77744, 9.32874, 0, 0, 0, 0, 0, 0, 0, 0.498976, 1.45104
0.213, 0, 0.565226, 0, 3.77431, 9.33787, 0, 0, 0, 0, 0, 0, 0, 0.590143, 1.59816
0.214, 0, 0.565449, 0, 3.78615, 9.35568, 0, 0, 0, 0, 0, 0, 0, 0.633349, 1.67669
0.215, 0, 0.564935, 0, 3.79957, 9.36211, 0, 0, 0, 0, 0, 0, 0, 0.679122, 1.78936
0.216, 0, 0.564813, 0, 3.81002, 9.38409, 0, 0, 0, 0, 0, 0, 0, 0.732842, 1.8807
0.217, 0, 0.562499, 0, 3.8339, 9.372, 0, 1.10396, 0, 0, 0, 0, 0, 0.787209, 1.91596
0.218, 0, 0.574596, 0, 3.82079, 9.36101, 0, 1.44995, 0, 0, 0, 0, 0, 0.814509, 1.92216
0.219, 0, 0.574065, 0, 3.78449, 9.37176, 0, 1.60792, 0, 0, 0, 0, 0, 0.808479, 1.93326
0.22, 0, 0.572983, 0, 3.75701, 9.36947, 0, 1.65037, 0, 0, 0, 0, 0, 0.80043, 1.92234
0.221, 0, 0.571834, 0, 3.76022, 9.34751, 0, 1.63425, 0.204173, 0, 0, 0, 0, 0.803845, 1.86467
0.222, 0, 0.570494, 0, 3.76511, 9.32183, 0, 1.76711, 0.435036, 0, 0, 0, 0, 0.804243, 1.82642
0.223, 0, 0.569275, 0, 3.73578, 9.31079, 0, 2.26586, 0.700032, 0, 0, 0, 0, 0.775795, 1.78671
0.224, 0, 0.570492, 0, 3.69569, 9.30118, 0, 2.8986, 0.799793, 0, 0, 0, 0, 0.736166, 1.74864
0.225, 0, 0.570696, 0, 3.66389, 9.2997, 0, 3.39836, 0.852323, 0, 0, 0, 0, 0.688622, 1.67113
0.226, 0, 0.570551, 0, 3.60752, 9.29079, 0, 4.20389, 0.968108, 0, 0, 0, 0, 0.641267, 1.61208
0.227, 0, 0.57049, 0, 3.5476, 9.27577, 0, 5.21935, 1.10084, 0, 0, 0, 0, 0.590218, 1.55599
0.228, 0, 0.570148, 0, 3.48813, 9.26328, 0, 5.96532, 1.34772, 0, 0, 0, 0, 0.550866, 1.482
0.229, 0, 0.568827, 0, 3.44811, 9.20389, 0, 6.46019, 1.52165, 0, 1.13083, 0, 0, 0.507646, 1.37184
0.23, 0, 0.568672, 0, 3.40973, 9.18612, 0, 6.93143, 1.7293, 0, 1.25694, 0, 0, 0.466896, 1.30844
0.231, 0, 0.569442, 0, 3.33156, 9.18465, 0, 7.21093, 1.96682, 0, 1.24692, 0, 0, 0.399223, 1.24106
0.232, 0, 0.568699, 0, 3.28768, 9.19362, 0, 7.45414, 2.18862, 0, 1.22638, 0, 0, 0.338748, 1.17695
0.233, 0, 0.567308, 0, 3.26763, 9.14789, 0, 7.84996, 2.35216, 0, 1.11593, 0.598172, 0, 0.325275, 1.10902
0.234, 0, 0.569627, 0, 3.23003, 9.15131, 0, 8.11733, 2.57508, 0, 1.22197, 0.824486, 0, 0.295197, 1.05837
0.235, 0, 0.569423, 0, 3.16045, 9.16839, 0, 8.43464, 2.78675, 0, 1.25305, 0.840912, 0, 0.27319, 0.975126
0.236, 0, 0.568378, 0, 3.07503, 9.20802, 0, 8.51954, 2.97347, 0, 1.47929, 0.730718, 0, 0.247594, 0.896881
0.237, 0, 0.568821, 0, 2.9932, 9.23507, 0, 8.59662, 3.19404, 0, 1.70283, 0.747757, 0, 0.228426, 0.832949
0.238, 0, 0.56829, 0, 2.92786, 9.23756, 0, 8.64068, 3.3296, 0, 1.92618, 0.762232, 0, 0.207997, 0.763645
0.239, 0, 0.567819, 0, 2.8707, 9.24119, 0, 8.65328, 3.43825, 0, 2.18054, 0.7851, 0, 0.188093, 0.69275
0.24, 0, 0.567336, 0, 2.81655, 9.26129, 0, 8.69123, 3.54642, 0, 2.45417, 0.830518, 0, 0.161155, 0.64413
0.241, 0, 0.566822, 0, 2.76014, 9.25042, 0, 8.69423, 3.63138, 0, 2.70158, 0.965213, 0, 0.135427, 0.596658
0.242, 0, 0.565995, 0, 2.71553, 9.25986, 0, 8.69569, 3.66583, 0, 2.88768, 1.03987, 0, 0.110357, 0.544289
0.243, 0, 0.565828, 0, 2.66843, 9.26657, 0, 8.68794, 3.71339, 0, 3.12049, 1.09669, 0, 0.0838476, 0.496446
0.244, 0, 0.565111, 0, 2.59051, 9.22418, 0, 8.71556, 3.76271, 0, 3.33661, 1.16165, 0, 0.06087, 0.438929
0.245, 0, 0.56254, 0, 2.52894, 9.19492, 0, 8.69244, 3.79525, 0, 3.49078, 1.18945, 0, 0.0527725, 0.403037
0.246, 0, 0.561904, 0, 2.49418, 9.17141, 0, 8.66248, 3.81374, 0, 3.5874, 1.23088, 0, 0.0442266, 0.370092
0.247, 0, 0.561255, 0, 2.46794, 9.13936, 0, 8.60849, 3.82432, 0, 3.62652, 1.25045, 0, 0.027614, 0.343265
0.248, 0, 0.560501, 0, 2.43694, 9.11415, 0, 8.53787, 3.83233, 0, 3.6203, 1.25983, 0, 0.0205491, 0.298762
0.249, 0, 0.560021, 0, 2.42393, 9.05609, 0, 8.5378, 3.82093, 0, 3.59891, 1.27349, 0, 0.017243, 0.282099
0.25, 0, 0.558953, 0, 2.41518, 9.02719, 0, 8.48538, 3.79109, 0, 3.55524, 1.27188, 0, 0.0144483, 0.265585
0.251, 0, 0.557551, 0, 2.39639, 9.12133, 0, 8.3845, 3.78759, 0, 3.52033, 1.26074, 0, 0.0105917, 0.245669
0.252, 0, 0.557164, 0, 2.30537, 9.13595, 0, 8.31441, 3.76465, 0, 3.44132, 1.25091, 0, 0.00690564, 0.233648
0.253, 0, 0.556092, 0, 2.32974, 9.13143, 0, 8.22813, 3.7398, 0, 3.3236, 1.22951, 0, 0.00311822, 0.217661
0.254, 0, 0.554988, 0, 2.32172, 9.12715, 0, 8.1096, 3.70617, 0, 3.22325, 1.19974, 0, 0, 0.210014
0.255, 0, 0.553719, 0, 2.28663, 9.14148, 0, 8.02082, 3.6511, 0, 3.08665, 1.17071, 0, 0, 0.198168
0.256, 0, 0.552639, 0, 2.22788, 9.1545, 0, 7.93608, 3.63905, 0, 2.94241, 1.14109, 0, 0, 0.184649
0.257, 0, 0.551509, 0, 2.20658, 9.09164, 0, 7.84205, 3.55465, 0, 2.77916, 1.09092, 0, 0, 0.173417
0.258, 0, 0.552149, 0, 2.18707, 9.08764, 0, 7.75774, 3.50756, 0, 2.61717, 1.02629, 0, 0, 0.164445
0.259, 0, 0.551757, 0, 2.16614, 9.03011, 0, 7.67244, 3.45699, 0, 2.47582, 0.997045, 0, 0, 0.155412
0.26, 0, 0.551414, 0, 2.15453, 8.95723, 0, 7.57356, 3.37231, 0, 2.32937, 0.951425, 0, 0, 0.146814
0.261, 0, 0.550196, 0, 2.14025, 8.90497, 0, 7.48921, 3.32358, 0, 2.15928, 0.890935, 0, 0, 0.141742
0.262, 0, 0.549985, 0, 2.13085, 8.84659, 0, 7.41026, 3.28683, 0, 1.97174, 0.875394, 0, 0, 0.135427
0.263, 0, 0.549696, 0, 2.11946, 8.79363, 0, 7.33354, 3.22679, 0, 1.83342, 0.841117, 0, 0, 0.128794
0.264, 0, 0.549486, 0, 2.09564, 8.69517, 0, 7.18845, 3.17621, 0, 1.682, 0.786223, 0, 0, 0.124397
0.265, 0, 0.549141, 0, 2.0815, 8.59699, 0, 7.16352, 3.13673, 0, 1.56085, 0.723274, 0, 0, 0.117972
0.266, 0, 0.547137, 0, 2.04704, 8.49011, 0, 7.10189, 3.08728, 0, 1.40135, 0.665919, 0, 0, 0.114221
0.267, 0, 0.546639, 0, 2.03694, 8.44268, 0, 6.9486, 3.02733, 0, 1.28982, 0.618338, 0, 0, 0.112464
0.268, 0, 0.545887, 0, 2.02709, 8.41215, 0, 6.87396, 2.97462, 0, 1.19573, 0.478955, 0, 0, 0.11007
0.269, 0, 0.545669, 0, 2.00555, 8.32009, 0, 6.80859, 2.93637, 0, 1.0956, 0.433693, 0, 0, 0.108869
0.27, 0, 0.546837, 0, 1.99325, 8.29889, 0, 6.69123, 2.89577, 0, 1.0173, 0.394081, 0, 0, 0.102118
0.271, 0, 0.546552, 0, 1.98175, 8.23076, 0, 6.60919, 2.85031, 0, 0.959316, 0.355408, 0, 0, 0.102045
0.272, 0, 0.546249, 0, 1.97826, 8.13486, 0, 6.5427, 2.80428, 0, 0.894174, 0.317164, 0, 0, 0.102021
0.273, 0, 0.544129, 0, 1.85867, 8.08773, 0, 6.51912, 2.74232, 0, 0.810548, 0.270568, 0, 0, 0.102371
0.274, 0, 0.544386, 0, 1.80047, 8.09708, 0, 6.55132, 2.71348, 0, 2.06259, 1.84608, 0, 0, 0.101782
0.275, 0, 0.540127, 0, 1.82124, 8.01041, 0, 6.37158, 2.65351, 0, 0.770883, 0.415583, 0, 0, 0.102318
0.276, 0, 0.537933, 0, 1.81068, 7.96724, 0, 6.24235, 2.60257, 0, 0.63962, 0.230948, 0, 0, 0.102062
0.277, 0, 0.537442, 0, 1.80084, 7.92086, 0, 6.18098, 2.54629, 0, 0.556427, 0.190632, 0, 0, 0.101758
0.278, 0, 0.53715, 0, 1.79297, 7.86468, 0, 6.10465, 2.50317, 0, 0.505876, 0.167034, 0, 0, 0.10221
0.279, 0, 0.536807, 0, 1.78487, 7.80922, 0, 6.04564, 2.45879, 0, 0.45316, 0.121476, 0, 0, 0.102343
0.28, 0, 0.536586, 0, 1.78676, 7.73612, 0, 6.00576, 2.40975, 0, 0.406255, 0.107284, 0, 0, 0.102359
0.281, 0, 0.536066, 0, 1.77193, 7.66534, 0, 5.93521, 2.36612, 0, 0.387997, 0.0959595, 0, 0, 0.102679
0.282, 0, 0.535868, 0, 1.75102, 7.5722, 0, 5.87848, 2.3292, 0, 0.363102, 0.0866408, 0, 0, 0.10262
0.283, 0, 0.535076, 0, 1.74774, 7.48929, 0, 5.81537, 2.27635, 0, 0.329485, 0.0756334, 0, 0, 0.102737
0.284, 0, 0.534766, 0, 1.73855, 7.3775, 0, 5.75664, 2.23861, 0, 0.301598, 0.06447, 0, 0, 0.102393
0.285, 0, 0.534018, 0, 1.72418, 7.4055, 0, 5.69519, 2.20911, 0, 0.2631, 0.0588976, 0, 0, 0.103814
0.286, 0, 0.534296, 0, 1.70029, 7.34768, 0, 5.64022, 2.17512, 0, 0.230921, 0.0511511, 0, 0, 0.103924
0.287, 0, 0.534072, 0, 1.62798, 7.27772, 0, 5.58117, 2.13373, 0, 0.201035, 0.0382547, 0, 0, 0.104108
0.288, 0, 0.54444, 0, 1.61064, 7.21818, 0, 5.62943, 2.09409, 0, 0.189939, 0.0272383, 0, 0, 0.104863
0.289, 0, 0.543717, 0, 1.60276, 7.12353, 0, 5.57798, 2.0422, 0, 0.177705, 0.0224703, 0, 0, 0.104851
0.29, 0, 0.542808, 0, 1.59608, 7.06744, 0, 5.52867, 1.99911, 0, 0.17225, 0.0194674, 0, 0, 0.105117
0.291, 0, 0.542134, 0, 1.58805, 6.97248, 0, 5.4714, 1.95812, 0, 0.168652, 0.0180908, 0, 0, 0.105346
0.292, 0, 0.541488, 0, 1.57634, 6.85878, 0, 5.42217, 1.91951, 0, 0.152953, 0.0141837, 0, 0, 0.105865
0.293, 0, 0.541381, 0, 1.27009, 6.99052, 0, 6.10921, 3.88186, 0, 0.109881, 0.0174984, 0, 0, 0.114629
0.294, 0, 0.538716, 0, 1.43523, 6.80207, 0, 5.41367, 2.31999, 0, 0.111439, 0.00444737, 0, 0, 0.108133
0.295, 0, 0.538801, 0, 1.51017, 6.66957, 0, 5.24711, 1.94474, 0, 0.106942, 0, 0, 0, 0.106786
0.296, 0, 0.538441, 0, 1.52234, 6.54682, 0, 5.13616, 1.79294, 0, 0.100558, 0, 0, 0, 0.106303
0.297, 0, 0.538721, 0, 1.45371, 6.77571, 0, 4.92854, 1.73405, 0, 0.0940333, 0, 0, 0, 0.107122
0.298, 0, 0.536361, 0, 1.4716, 6.63953, 0, 4.85955, 1.67798, 0, 0.0919833, 0, 0, 0, 0.107283
0.299, 0, 0.537381, 0, 1.45872, 6.58073, 0, 4.62882, 1.61901, 0, 0.0858855, 0, 0, 0, 0.107503
0.3, 0, 0.536923, 0, 1.44273, 6.47679, 0, 4.55139, 1.57319, 0, 0.081278, 0, 0, 0, 0.107803
0.301, 0, 0.536246, 0, 1.42195, 6.4082, 0, 4.46362, 1.51287, 0, 0.0804759, 0, 0, 0, 0.108781
0.302, 0, 0.543344, 0, 1.39619, 6.3395, 0, 4.37373, 1.44768, 0, 0.0782858, 0, 0, 0, 0.109083
0.303, 0, 0.542659, 0, 1.3841, 6.28086, 0, 4.29449, 1.37985, 0, 0.0733526, 0, 0, 0, 0.109349
0.304, 0, 0.541948, 0, 1.36063, 6.23203, 0, 4.20509, 1.32423, 0, 0.0683676, 0, 0, 0, 0.109314
0.305, 0, 0.541189, 0, 1.33026, 6.15746, 0, 4.11041, 1.26066, 0, 0.0639867, 0, 0, 0, 0.110159
0.306, 0, 0.540523, 0, 1.31888, 6.10343, 0, 3.9574, 1.19833, 0, 0.0617272, 0, 0, 0, 0.110448
0.307, 0, 0.539859, 0, 1.30401, 6.07545, 0, 3.77308, 1.1322, 0, 0.0626015, 0, 0, 0, 0.110766
0.308, 0, 0.539148, 0, 1.2834, 5.99896, 0, 3.60509, 1.07363, 0, 0.0575616, 0, 0, 0, 0.111267
0.309, 0, 0.536139, 0, 1.37571, 5.86476, 0, 3.40915, 1.01413, 0, 0.822993, 0, 0, 0, 0.109012
0.31, 0, 0.540048, 0, 1.2725, 5.8839, 0, 3.15549, 0.96226, 0, 0.0216608, 0, 0, 0, 0.11268
0.311, 0, 0.537757, 0, 1.24758, 5.8182, 0, 2.93122, 0.913947, 0, 0.0172159, 0, 0, 0, 0.112475
0.312, 0, 0.536696, 0, 1.2343, 5.76208, 0, 2.72439, 0.861288, 0, 0.0218703, 0, 0, 0, 0.112566
0.313, 0, 0.535894, 0, 1.21929, 5.70106, 0, 2.54754, 0.780308, 0, 0.0274723, 0, 0, 0, 0.112854
0.314, 0, 0.535263, 0, 1.20285, 5.65602, 0, 2.44067, 0.741962, 0, 0.0327376, 0, 0, 0, 0.113114
0.315, 0, 0.534376, 0, 1.18768, 5.61123, 0, 2.33941, 0.702859, 0, 0.0377897, 0, 0, 0, 0.113258
0.316, 0, 0.533692, 0, 1.16321, 5.55391, 0, 2.24449, 0.655146, 0, 0.0308147, 0, 0, 0, 0.113533
0.317, 0, 0.53287, 0, 1.15683, 5.51035, 0, 2.15812, 0.622833, 0, 0.0346545, 0, 0, 0, 0.113646
0.318, 0, 0.533606, 0, 1.13818, 5.46282, 0, 2.07625, 0.59265, 0, 0, 0, 0, 0, 0.113801
0.319, 0, 0.811367, 0, 1.12165, 5.4666, 0, 2.14788, 0.516085, 0, 0, 0, 0, 0, 0.1705
0.32, 0, 0.783827, 0, 1.08815, 5.33804, 0, 2.06858, 0.482822, 0, 0, 0, 0, 0, 0.177603
0.321, 0, 0.787411, 0, 1.06707, 5.27701, 0, 1.984, 0.447167, 0, 0, 0, 0, 0, 0.178551
0.322, 0, 0.788826, 0, 1.04598, 5.22079, 0, 1.8864, 0.412243, 0, 0, 0, 0, 0, 0.179496
0.323, 0, 0.785795, 0, 1.03348, 5.16883, 0, 1.75721, 0.382325, 0, 0.125322, 0, 0, 0, 0.180311
0.324, 0, 0.788461, 0, 1.01811, 5.12961, 0, 1.66776, 0.342287, 0, 0.132497, 0, 0, 0, 0.181459
0.325, 0, 0.791519, 0, 1.00682, 5.08361, 0, 1.58504, 0.306988, 0, 0.187133, 0, 0, 0, 0.182301
0.326, 0, 0.795428, 0, 0.989863, 5.0467, 0, 1.53724, 0.282742, 0, 0.192331, 0, 0, 0, 0.182974
0.327, 0, 0.797058, 0, 0.976439, 5.01797, 0, 1.49279, 0.271755, 0, 0.197844, 0, 0, 0, 0.183894
0.328, 0, 0.798739, 0, 0.962567, 4.98107, 0, 1.44209, 0.261204, 0, 0.203992, 0, 0, 0, 0.184957
0.329, 0, 0.800128, 0, 0.945977, 4.95153, 0, 1.38773, 0.246834, 0, 0.211149, 0, 0, 0, 0.185837
0.33, 0, 0.801083, 0, 0.926785, 4.92205, 0, 1.35893, 0.234907, 0, 0.221248, 0, 0, 0, 0.186823
0.331, 0, 0.803932, 0, 0.916591, 4.87783, 0, 1.31431, 0.217794, 0, 0.228542, 0, 0, 0, 0.187947
0.332, 0, 0.804903, 0, 0.90174, 4.85156, 0, 1.2826, 0.190879, 0, 0.237881, 0, 0, 0, 0.188814
0.333, 0, 0.804777, 0, 0.883865, 4.80986, 0, 1.21712, 0.180339, 0, 0.243525, 0, 0, 0, 0.189683
0.334, 0, 0.805145, 0, 0.872108, 4.76904, 0, 1.14658, 0.170857, 0, 0.2482, 0, 0, 0, 0.190497
0.335, 0, 0.80345, 0, 0.865975, 4.74148, 0, 1.07451, 0.159246, 0, 0.253719, 0, 0, 0, 0.191207
0.336, 0, 0.802986, 0, 0.864866, 4.69483, 0, 1.00224, 0.155322, 0, 0.255966, 0, 0, 0, 0.191832
0.337, 0, 0.803789, 0, 0.858878, 4.64899, 0, 0.923538, 0.116318, 0, 0.26365, 0, 0, 0, 0.19256
0.338, 0, 0.797975, 0, 0.84807, 4.60478, 0, 0.873424, 0.112969, 0, 0.264163, 0, 0, 0, 0.193229
0.339, 0, 0.799352, 0, 0.835823, 4.56721, 0, 0.853125, 0.114404, 0, 0.264808, 0, 0, 0, 0.193943
0.34, 0, 0.801379, 0, 0.827063, 4.52899, 0, 0.831598, 0.109445, 0, 0.265751, 0, 0, 0, 0.194561
0.341, 0, 0.802227, 0, 0.809295, 4.48841, 0, 0.788787, 0.10562, 0, 0.267132, 0, 0, 0, 0.195108
0.342, 0, 0.804002, 0, 0.786786, 4.43821, 0, 0.752238, 0.100498, 0, 0.268286, 0, 0, 0, 0.19571
0.343, 0, 0.804854, 0, 0.775672, 4.39241, 0, 0.694959, 0.105695, 0, 0.276646, 0, 0, 0, 0.196057
0.344, 0, 0.806368, 0, 0.765905, 4.35443, 0, 0.64149, 0.10336, 0, 0.27796, 0, 0, 0, 0.196608
0.345, 0, 0.807486, 0, 0.740471, 4.31625, 0, 0.631918, 0.0958071, 0, 0.286174, 0, 0, 0, 0.19725
0.346, 0, 0.809247, 0, 0.731896, 4.27252, 0, 0.608585, 0.0188075, 0, 0.287723, 0.145507, 0, 0, 0.19763
0.347, 0, 0.811587, 0, 0.717305, 4.23195, 0, 0.574391, 0.00828817, 0, 0.278079, 0.18814, 0, 0, 0.198193
0.348, 0, 0.813699, 0, 0.692065, 4.19531, 0, 0.557023, 0.00403889, 0, 0.267448, 0.183316, 0, 0, 0.198948
0.349, 0, 0.815914, 0, 0.666248, 4.15374, 0, 0.530063, 0, 0, 0.251042, 0.186447, 0, 0, 0.199582
0.35, 0, 0.818077, 0, 0.652995, 4.09648, 0, 0.492925, 0, 0, 0.237906, 0.189309, 0, 0, 0.200053
0.351, 0, 0.81889, 0, 0.818642, 3.99574, 0, 1.85435, 0, 0, 0.229066, 0.186258, 0, 0, 0.196727
0.352, 0, 0.821196, 0, 0.773801, 3.96471, 0, 0.482559, 0, 0, 0.219874, 0.185326, 0, 0, 0.200219
0.353, 0, 0.833266, 0, 0.610472, 3.90988, 0, 0.317725, 0, 0, 0.211434, 0.183752, 0, 0, 0.201458
0.354, 0, 0.834989, 0, 0.584209, 3.84678, 0, 0.302582, 0, 0, 0.204452, 0.181435, 0, 0, 0.202107
0.355, 0, 0.836347, 0, 0.561932, 3.80567, 0, 0.291164, 0, 0, 0.200272, 0.176785, 0, 0, 0.202731
0.356, 0, 0.838243, 0, 0.5385, 3.75219, 0, 0.288708, 0, 0, 0.193516, 0.176115, 0, 0, 0.203389
0.357, 0, 0.836559, 0, 0.512024, 3.69353, 0, 0.288617, 0, 0, 0.18902, 0.173126, 0, 0, 0.203967
0.358, 0, 0.837457, 0, 0.49962, 3.64764, 0, 0.287085, 0, 0, 0.182407, 0.173192, 0, 0, 0.204492
0.359, 0, 0.839244, 0, 0.477196, 3.57323, 0, 0.288905, 0, 0, 0.177963, 0.172277, 0, 0, 0.205116
0.36, 0, 0.837592, 0, 0.460439, 3.52868, 0, 0.291054, 0, 0, 0.176597, 0.169137, 0, 0, 0.205645
0.361, 0, 0.839049, 0, 0.444157, 3.48828, 0, 0.283692, 0, 0, 0.176573, 0.165862, 0, 0, 0.20618
0.362, 0, 0.841301, 0, 0.428952, 3.45596, 0, 0.288092, 0, 0, 0.178102, 0.161725, 0, 0, 0.20667
0.363, 0, 0.842245, 0, 0.41608, 3.42034, 0, 0.290815, 0, 0, 0.176186, 0.159101, 0, 0, 0.207213
0.364, 0, 0.84371, 0, 0.391209, 3.37835, 0, 0.292726, 0, 0, 0.175197, 0.155983, 0, 0, 0.207717
0.365, 0, 0.842867, 0, 0.379468, 3.32599, 0, 0.294463, 0, 0, 0.172415, 0.1553, 0, 0, 0.208243
0.366, 0, 0.842478, 0, 0.368656, 3.27478, 0, 0.295089, 0, 0, 0.171335, 0.153322, 0, 0, 0.208725
0.367, 0, 0.844088, 0, 0.357352, 3.21476, 0, 0.298423, 0, 0, 0.170638, 0.15104, 0, 0, 0.20924
0.368, 0, 0.844795, 0, 0.345369, 3.15648, 0, 0.3018, 0, 0, 0.169781, 0.149273, 0, 0, 0.209896
0.369, 0, 0.84774, 0, 0.338453, 3.10471, 0, 0.304648, 0, 0, 0.169822, 0.146912, 0, 0, 0.210361
0.37, 0, 0.8479, 0, 0.330604, 3.05388, 0, 0.308388, 0, 0, 0.170317, 0.144571, 0, 0, 0.210822
0.371, 0, 0.844502, 0, 0.321434, 2.99454, 0, 0.312451, 0, 0, 0.172099, 0.140897, 0, 0, 0.21129
0.372, 0, 0.844282, 0, 0.305328, 2.93269, 0, 0.315696, 0, 0, 0.173185, 0.138401, 0, 0, 0.211761
0.373, 0, 0.845443, 0, 0.300432, 2.88244, 0, 0.319883, 0, 0, 0.174726, 0.13554, 0, 0, 0.212219
0.374, 0, 0.844833, 0, 0.29398, 2.81011, 0, 0.321962, 0, 0, 0.176059, 0.133204, 0, 0, 0.212681
0.375, 0, 0.845879, 0, 0.285306, 2.74438, 0, 0.324236, 0, 0, 0.178254, 0.130461, 0, 0, 0.213155
0.376, 0, 0.846697, 0, 0.282529, 2.69015, 0, 0.327199, 0, 0, 0.178081, 0.128779, 0, 0, 0.213678
0.377, 0, 0.847809, 0, 0.275211, 2.62775, 0, 0.332961, 0, 0, 0.178023, 0.127656, 0, 0, 0.214153
0.378, 0, 0.84817, 0, 0.273493, 2.55463, 0, 0.330356, 0.122851, 0, 0.178358, 0.126666, 0, 0, 0.214392
0.379, 0, 0.849266, 0, 0.26405, 2.4924, 0, 0.284397, 0.201778, 0, 0.178773, 0.125507, 0, 0, 0.214898
0.38, 0, 0.851095, 0, 0.25405, 2.44044, 0, 0.266727, 0.213726, 0, 0.177396, 0.125392, 0, 0, 0.215404
0.381, 0, 0.852805, 0, 0.243454, 2.381, 0, 0.260011, 0.218314, 0, 0.178557, 0.12377, 0, 0, 0.216279
0.382, 0, 0.85445, 0, 0.229043, 2.31943, 0, 0.240181, 0.240887, 0, 0.180538, 0.121279, 0, 0, 0.21679
0.383, 0, 0.867849, 0, 0.217791, 2.26056, 0, 0.240436, 0.248069, 0, 0.183439, 0.118049, 0, 0, 0.217235
0.384, 0, 0.868933, 0, 0.20539, 2.20521, 0, 0.22398, 0.262263, 0, 0.187044, 0.114359, 0, 0, 0.217737
0.385, 0, 0.867161, 0, 0.194291, 2.08541, 0, 0.214911, 0.26852, 0, 0.188872, 0.113098, 0, 0, 0.218243
0.386, 0, 0.867939, 0, 0.180972, 1.93133, 0, 0.22601, 0.263599, 0, 0.191101, 0.112075, 0, 0, 0.218562
0.387, 0, 0.869138, 0, 0.178873, 1.77729, 0, 0.22101, 0.264121, 0, 0.192632, 0.111805, 0, 0, 0.21874
0.388, 0, 0.87021, 0, 0.179501, 1.64565, 0, 0.207834, 0.273553, 0, 0.193678, 0.111815, 0, 0, 0.218897
0.389, 0, 0.870781, 0, 0.178221, 1.54896, 0, 0.219262, 0.271394, 0, 0.195724, 0.111331, 0, 0, 0.219066
0.39, 0, 0.871585, 0, 0.176308, 1.48795, 0, 0.225883, 0.272748, 0, 0.197751, 0.110655, 0, 0, 0.219281
0.391, 0, 0.870946, 0, 0.175547, 1.43681, 0, 0.221212, 0.275731, 0, 0.199445, 0.110138, 0, 0, 0.219704
0.392, 0, 0.872551, 0, 0.173715, 1.40122, 0, 0.217916, 0.278021, 0, 0.200544, 0.109953, 0, 0, 0.220075
0.393, 0, 0.872899, 0, 0.169488, 1.3621, 0, 0.213284, 0.27888, 0, 0.201538, 0.109862, 0, 0, 0.22048
0.394, 0, 0.873947, 0, 0.165615, 1.32879, 0, 0.209307, 0.280122, 0, 0.200689, 0.110546, 0, 0, 0.220976
0.395, 0, 0.875443, 0, 0.160697, 1.30148, 0, 0.206578, 0.279877, 0, 0.202473, 0.109655, 0, 0, 0.221382
0.396, 0, 0.876411, 0, 0.1566, 1.27646, 0, 0.205508, 0.279035, 0, 0.204291, 0.108966, 0, 0, 0.221786
0.397, 0, 0.877453, 0, 0.145623, 1.24782, 0, 0.205012, 0.276974, 0, 0.206309, 0.108083, 0, 0, 0.222143
0.398, 0, 0.878141, 0, 0.140554, 1.22033, 0, 0.207079, 0.273838, 0, 0.207784, 0.107725, 0, 0, 0.222549
0.399, 0, 0.878986, 0, 0.137354, 1.19403, 0, 0.207432, 0.271194, 0, 0.209162, 0.107521, 0, 0, 0.222978
0.4, 0, 0.890765, 0, 0.131108, 1.16681, 0, 0.207439, 0.269681, 0, 0.211748, 0.106348, 0, 0, 0.223408
0.401, 0, 0.890546, 0, 0.123901, 1.13981, 0, 0.204374, 0.271524, 0, 0.21362, 0.105753, 0, 0, 0.223889
0.402, 0, 0.89082, 0, 0.114767, 1.11043, 0, 0.204306, 0.270447, 0, 0.214948, 0.105185, 0, 0, 0.224617
0.403, 0, 0.957742, 0, 0.110482, 1.07609, 0, 0.204653, 0.268524, 0, 0.216968, 0.104361, 0, 0, 0.225074
0.404, 0, 0.95673, 0, 0.107421, 1.04566, 0, 0.205171, 0.266418, 0, 0.218354, 0.104244, 0, 0, 0.225486
0.405, 0, 0.95551, 0, 0.105372, 1.00998, 0, 0.205264, 0.264879, 0, 0.220342, 0.103438, 0, 0, 0.225913
0.406, 0, 0.960334, 0, 0.103263, 0.978609, 0, 0.205703, 0.262554, 0, 0.221945, 0.103151, 0, 0, 0.226343
0.407, 0, 0.961299, 0, 0.10138, 0.946348, 0, 0.208264, 0.260019, 0, 0.22365, 0.102893, 0, 0, 0.226758
0.408, 0, 0.962041, 0, 0.0975949, 0.916595, 0, 0.209581, 0.257008, 0, 0.224777, 0.102902, 0, 0, 0.227401
0.409, 0, 0.962812, 0, 0.0952966, 0.887225, 0, 0.211447, 0.253877, 0, 0.225994, 0.102922, 0, 0, 0.227943
0.41, 0, 0.96369, 0, 0.092508, 0.857702, 0, 0.215676, 0.24744, 0, 0.227349, 0.102803, 0, 0, 0.228406
0.411, 0, 0.964527, 0, 0.0895855, 0.835024, 0, 0.220015, 0.241947, 0, 0.228815, 0.102754, 0, 0, 0.228843
0.412, 0, 1.04344, 0, 0.0870799, 0.802356, 0, 0.225561, 0.232648, 0, 0.229999, 0.10278, 0, 0, 0.229268
0.413, 0, 1.04416, 0, 0.0792061, 0.774652, 0, 0.236078, 0.225613, 0, 0.231143, 0.102832, 0, 0, 0.229697
0.414, 0, 1.04504, 0, 0.0742762, 0.745441, 0, 0.240091, 0.220206, 0, 0.232526, 0.102698, 0, 0, 0.230215
0.415, 0, 1.046, 0, 0.0690518, 0.716102, 0, 0.246718, 0.213005, 0, 0.234085, 0.102435, 0, 0, 0.230645
0.416, 0, 1.04675, 0, 0.0635597, 0.687355, 0, 0.249677, 0.20923, 0, 0.235661, 0.102365, 0, 0, 0.23108
0.417, 0, 1.24296, 0, 0.0577041, 0.662391, 0, 0.253, 0.206002, 0, 0.237154, 0.102284, 0, 0, 0.231515
0.418, 0, 1.24378, 0, 0.0525858, 0.639311, 0, 0.255232, 0.203349, 0, 0.238758, 0.102114, 0, 0, 0.231946
0.419, 0, 1.24447, 0, 0.0476175, 0.618837, 0, 0.257932, 0.200589, 0, 0.239945, 0.102206, 0, 0, 0.232381
0.42, 0, 1.24516, 0, 0.0431784, 0.59617, 0, 0.260552, 0.19809, 0, 0.241375, 0.102156, 0, 0, 0.232871
0.421, 0, 1.24577, 0, 0.0406467, 0.576588, 0, 0.263316, 0.19598, 0, 0.242728, 0.102114, 0, 0, 0.233356
0.422, 0, 1.24597, 0, 0.0374091, 0.559426, 0, 0.265567, 0.194423, 0, 0.244188, 0.101847, 0, 0, 0.234128
0.423, 0, 1.24557, 0, 0.0348389, 0.544873, 0, 0.2674, 0.192792, 0, 0.245807, 0.101665, 0, 0, 0.234854
0.424, 0, 1.25397, 0, 0.0322941, 0.529861, 0, 0.26955, 0.190617, 0, 0.247123, 0.101546, 0, 0, 0.235204
0.425, 0, 1.25286, 0, 0.0293009, 0.513951, 0, 0.271962, 0.188117, 0, 0.248575, 0.101395, 0, 0, 0.235835
0.426, 0, 1.25189, 0, 0.0280253, 0.498511, 0, 0.275187, 0.184686, 0, 0.24996, 0.10126, 0, 0, 0.236186
0.427, 0, 1.25182, 0, 0.0265733, 0.485336, 0, 0.279825, 0.180145, 0, 0.251167, 0.10149, 0, 0, 0.236629
0.428, 0, 1.25179, 0, 0.0259916, 0.476359, 0, 0.281274, 0.177348, 0, 0.252554, 0.101429, 0, 0, 0.237642
0.429, 0, 1.25042, 0, 0.0210748, 0.474459, 0, 0.285403, 0.173665, 0, 0.253827, 0.101287, 0, 0, 0.238237
0.43, 0, 1.24974, 0, 0.019339, 0.468553, 0, 0.288417, 0.170959, 0, 0.255192, 0.101522, 0, 0, 0.238898
0.431, 0, 1.24955, 0, 0.0184184, 0.4626, 0, 0.290535, 0.169751, 0, 0.256719, 0.101019, 0, 0, 0.239522
0.432, 0, 1.24896, 0, 0.0179001, 0.457239, 0, 0.292993, 0.168537, 0, 0.258134, 0.100885, 0, 0, 0.240041
0.433, 0, 1.24843, 0, 0.0173435, 0.452648, 0, 0.295515, 0.167052, 0, 0.259902, 0.100625, 0, 0, 0.240555
0.434, 0, 1.24817, 0, 0.0169356, 0.449861, 0, 0.299863, 0.165143, 0, 0.262237, 0.100065, 0, 0, 0.24107
0.435, 0, 1.2493, 0, 0.0165564, 0.448444, 0, 0.302726, 0.163779, 0, 0.262911, 0.0999196, 0, 0, 0.241643
0.436, 0, 1.24928, 0, 0.00857831, 0.446706, 0, 0.305917, 0.162211, 0, 0.264273, 0.100128, 0, 0, 0.24176
0.437, 0, 1.24965, 0, 0.0088501, 0.445457, 0, 0.310208, 0.159457, 0, 0.26432, 0.100038, 0, 0, 0.242274
0.438, 0, 1.25031, 0, 0, 0.44998, 0, 0.31426, 0.157414, 0, 0.265468, 0.0997563, 0, 0, 0.242908
0.439, 0, 1.25026, 0, 0, 0.449401, 0, 0.318745, 0.154249, 0, 0.267171, 0.0993832, 0, 0, 0.243623
0.44, 0, 1.25078, 0, 0, 0.446689, 0, 0.321481, 0.153006, 0, 0.268623, 0.099207, 0, 0, 0.244426
0.441, 0, 1.2515, 0, 0, 0.444177, 0, 0.326643, 0.150779, 0, 0.269517, 0.0993253, 0, 0, 0.244759
0.442, 0, 1.2515, 0, 0, 0.441349, 0, 0.331023, 0.148689, 0, 0.270893, 0.0991216, 0, 0, 0.245227
0.443, 0, 1.25252, 0, 0, 0.439001, 0, 0.335026, 0.146743, 0, 0.273173, 0.0986933, 0, 0, 0.245675
0.444, 0, 1.25312, 0, 0, 0.437636, 0, 0.337966, 0.145523, 0, 0.274525, 0.0984255, 0, 0, 0.246062
0.445, 0, 1.25425, 0, 0, 0.435831, 0, 0.342001, 0.143776, 0, 0.276169, 0.0981438, 0, 0, 0.246473
0.446, 0, 1.29359, 0, 0, 0.436164, 0, 0.345329, 0.142667, 0, 0.276816, 0.0981864, 0, 0, 0.2469
0.447, 0, 1.29602, 0, 0, 0.436926, 0, 0.348541, 0.141703, 0, 0.27831, 0.0979796, 0, 0, 0.247107
0.448, 0, 1.29598, 0, 0, 0.438318, 0, 0.351396, 0.140974, 0, 0.279793, 0.0977557, 0, 0, 0.247911
0.449, 0, 1.29684, 0, 0, 0.437106, 0, 0.354676, 0.140089, 0, 0.281452, 0.0975545, 0, 0, 0.248479
0.45, 0, 1.29673, 0, 0, 0.436757, 0, 0.357823, 0.139325, 0, 0.283015, 0.0973709, 0, 0, 0.248848
0.451, 0, 0.674832, 0, 0, 0.240859, 0, 0.177147, 0.0722218, 0, 0.140604, 0.0486501, 0, 0, 0.130153
0.452, 0, 0.759421, 0, 0, 0.217383, 0, 0.200791, 0.0565054, 0, 0.154821, 0.0397858, 0, 0, 0.116769
0.453, 0, 0.766278, 0, 0, 0.212645, 0, 0.203603, 0.053501, 0, 0.154338, 0.0387389, 0, 0, 0.11525
0.454, 0, 0.772803, 0, 0, 0.210056, 0, 0.202847, 0.0520699, 0, 0.15219, 0.0384987, 0, 0, 0.114382
0.455, 0, 0.77416, 0, 0, 0.208053, 0, 0.201248, 0.0508971, 0, 0.150007, 0.0382888, 0, 0, 0.113665
0.456, 0, 0.772549, 0, 0, 0.206296, 0, 0.199693, 0.0498837, 0, 0.148045, 0.0380034, 0, 0, 0.112922
0.457, 0, 0.770569, 0, 0, 0.20441, 0, 0.198358, 0.0489418, 0, 0.146435, 0.0375841, 0, 0, 0.11206
0.458, 0, 0.767064, 0, 0, 0.2026, 0, 0.197286, 0.0479264, 0, 0.145026, 0.0370962, 0, 0, 0.111242
0.459, 0, 0.763828, 0, 0, 0.200874, 0, 0.196318, 0.0470049, 0, 0.143837, 0.0364714, 0, 0, 0.110522
0.46, 0, 0.758831, 0, 0, 0.199169, 0, 0.195497, 0.0459716, 0, 0.142676, 0.0359603, 0, 0, 0.109834
0.461, 0, 0.753454, 0, 0, 0.197588, 0, 0.19478, 0.0449866, 0, 0.141624, 0.0354653, 0, 0, 0.109155
0.462, 0, 0.748176, 0, 0, 0.196039, 0, 0.193916, 0.044098, 0, 0.140754, 0.0349991, 0, 0, 0.108474
0.463, 0, 0.743598, 0, 0, 0.194559, 0, 0.192951, 0.0432888, 0, 0.139759, 0.0345679, 0, 0, 0.107805
0.464, 0, 0.737532, 0, 0, 0.19318, 0, 0.192082, 0.0425027, 0, 0.138789, 0.0341676, 0, 0, 0.107165
0.465, 0, 0.732147, 0, 0, 0.192001, 0, 0.191228, 0.0417535, 0, 0.137837, 0.0337857, 0, 0, 0.106711
0.466, 0, 0.72888, 0, 0, 0.190894, 0, 0.190403, 0.0410269, 0, 0.136851, 0.0334727, 0, 0, 0.106123
0.467, 0, 0.723268, 0, 0, 0.189839, 0, 0.189632, 0.0403522, 0, 0.135969, 0.0331415, 0, 0, 0.105572
0.468, 0, 0.717417, 0, 0, 0.191823, 0, 0.188875, 0.0397149, 0, 0.135114, 0.032825, 0, 0, 0.105057
0.469, 0, 0.713142, 0, 0, 0.190863, 0, 0.188119, 0.0391102, 0, 0.134289, 0.0325222, 0, 0, 0.104552
0.47, 0, 0.709337, 0, 0, 0.189755, 0, 0.187378, 0.0385398, 0, 0.133522, 0.0321754, 0, 0, 0.104167
0.471, 0, 0.705463, 0, 0, 0.188784, 0, 0.186652, 0.038007, 0, 0.132745, 0.0319269, 0, 0, 0.103625
0.472, 0, 0.701515, 0, 0, 0.187872, 0, 0.185924, 0.0374831, 0, 0.131991, 0.0316925, 0, 0, 0.103271
0.473, 0, 0.698784, 0, 0, 0.186986, 0, 0.185215, 0.0370054, 0, 0.131268, 0.0314673, 0, 0, 0.10284
0.474, 0, 0.6863, 0, 0, 0.186118, 0, 0.184525, 0.0365585, 0, 0.130578, 0.0312442, 0, 0, 0.102426
0.475, 0, 0.572258, 0, 0, 0.185311, 0, 0.183842, 0.0361246, 0, 0.129893, 0.0310441, 0, 0, 0.102023
0.476, 0, 0.568251, 0, 0, 0.184557, 0, 0.183179, 0.0357224, 0, 0.128613, 0.0310374, 0, 0, 0.101632
0.477, 0, 0.564819, 0, 0, 0.183802, 0, 0.182529, 0.0353366, 0, 0.128033, 0.030716, 0, 0, 0.101252
0.478, 0, 0.568965, 0, 0, 0.183059, 0, 0.181887, 0.0349709, 0, 0.127394, 0.0305346, 0, 0, 0.100884
0.479, 0, 0.565591, 0, 0, 0.182353, 0, 0.181255, 0.0346261, 0, 0.126748, 0.0303834, 0, 0, 0.100528
0.48, 0, 0.562834, 0, 0, 0.181666, 0, 0.180629, 0.0342978, 0, 0.126129, 0.0302386, 0, 0, 0.100097
0.481, 0, 0.559037, 0, 0, 0.18119, 0, 0.18001, 0.0339881, 0, 0.125463, 0.0301047, 0, 0, 0.099759
0.482, 0, 0.556065, 0, 0, 0.181099, 0, 0.179399, 0.033697, 0, 0.123795, 0.0302731, 0, 0, 0.0994166
0.483, 0, 0.553125, 0, 0, 0.180363, 0, 0.178924, 0.0334163, 0, 0.123184, 0.0301774, 0, 0, 0.0990876
0.484, 0, 0.545114, 0, 0, 0.17979, 0, 0.178354, 0.0331487, 0, 0.122542, 0.0300886, 0, 0, 0.0987683
0.485, 0, 0.54207, 0, 0.000781533, 0.17846, 0, 0.177637, 0.0330166, 0, 0.121892, 0.0301671, 0, 0, 0.0984538
0.486, 0, 0.5402, 0, 0.000797377, 0.177885, 0, 0.177053, 0.0327797, 0, 0.121336, 0.0300539, 0, 0, 0.0981451
0.487, 0, 0.537472, 0, 0.000802592, 0.17739, 0, 0.17668, 0.0322939, 0, 0.12084, 0.0299003, 0, 0, 0.0978444
0.488, 0, 0.534623, 0, 0.000812394, 0.176858, 0, 0.176054, 0.0322229, 0, 0.120155, 0.0298215, 0, 0, 0.0975465
0.489, 0, 0.530925, 0, 0.000818133, 0.176342, 0, 0.175513, 0.0320181, 0, 0.119628, 0.0297299, 0, 0, 0.0972527
0.49, 0, 0.529783, 0, 0.000814467, 0.175861, 0, 0.174983, 0.0318229, 0, 0.119115, 0.0296412, 0, 0, 0.0969628
0.491, 0, 0.526553, 0, 0.000816836, 0.175377, 0, 0.174461, 0.0316259, 0, 0.118614, 0.0295552, 0, 0, 0.0966746
0.492, 0, 0.524388, 0, 0.000815802, 0.174906, 0, 0.17394, 0.0314461, 0, 0.118129, 0.0294727, 0, 0, 0.0963932
0.493, 0, 0.522119, 0, 0.000816224, 0.174441, 0, 0.17342, 0.0312711, 0, 0.117643, 0.0293964, 0, 0, 0.0961153
0.494, 0, 0.519882, 0, 0.000813406, 0.173994, 0, 0.173007, 0.0309553, 0, 0.117171, 0.029323, 0, 0, 0.0958425
0.495, 0, 0.517805, 0, 0.000810339, 0.173552, 0, 0.172499, 0.030797, 0, 0.116707, 0.0292483, 0, 0, 0.0955727
0.496, 0, 0.519031, 0, 0.000806005, 0.17312, 0, 0.171964, 0.0306804, 0, 0.116309, 0.0290643, 0, 0, 0.0953039
0.497, 0, 0.517153, 0, 0.000794086, 0.172693, 0, 0.171461, 0.0305377, 0, 0.115873, 0.0289949, 0, 0, 0.0950228
0.498, 0, 0.514566, 0, 0.000787162, 0.172269, 0, 0.170959, 0.0304014, 0, 0.11544, 0.0289294, 0, 0, 0.0947623
0.499, 0, 0.503298, 0, 0.000779921, 0.171859, 0, 0.17046, 0.0302635, 0, 0.115012, 0.0288643, 0, 0, 0.0945035
0.5, 0, 0.501707, 0, 0.000770601, 0.17145, 0, 0.169971, 0.0301335, 0, 0.114588, 0.0288029, 0, 0, 0.0942498
0.501, 0, 0.500089, 0, 0.00076038, 0.171043, 0, 0.169502, 0.0299937, 0, 0.113994, 0.0287623, 0, 0, 0.0940003
0.502, 0, 0.497508, 0, 0.000749588, 0.17064, 0, 0.169051, 0.0298687, 0, 0.113581, 0.0287068, 0, 0, 0.0937525
0.503, 0, 0.496573, 0, 0.000738189, 0.170242, 0, 0.168585, 0.0297459, 0, 0.113176, 0.0286519, 0, 0, 0.0935075
0.504, 0, 0.495005, 0, 0.000720343, 0.169861, 0, 0.168118, 0.0296289, 0, 0.112782, 0.0285959, 0, 0, 0.0932653
0.505, 0, 0.493584, 0, 0.000707257, 0.169467, 0, 0.167652, 0.0295233, 0, 0.11239, 0.0285412, 0, 0, 0.0930256
0.506, 0, 0.491464, 0, 0.000693075, 0.169077, 0, 0.167189, 0.029411, 0, 0.111995, 0.0284888, 0, 0, 0.0927875
0.507, 0, 0.489807, 0, 0.000677402, 0.168691, 0, 0.166815, 0.0291741, 0, 0.11161, 0.0284353, 0, 0, 0.0925569
0.508, 0, 0.488117, 0, 0.000660773, 0.16831, 0, 0.166363, 0.0290686, 0, 0.111235, 0.0283756, 0, 0, 0.0923063
0.509, 0, 0.486677, 0, 0.000650573, 0.167912, 0, 0.165908, 0.0289679, 0, 0.110852, 0.0283239, 0, 0, 0.0920798
0.51, 0, 0.485241, 0, 0.000634034, 0.167532, 0, 0.165453, 0.0288684, 0, 0.110483, 0.0282698, 0, 0, 0.0918544
0.511, 0, 0.48307, 0, 0.000616418, 0.167155, 0, 0.164999, 0.0287715, 0, 0.110236, 0.0280087, 0, 0, 0.0916316
0.512, 0, 0.482118, 0, 0.000597854, 0.16678, 0, 0.164546, 0.0286762, 0, 0.109848, 0.0280303, 0, 0, 0.0913638
0.513, 0, 0.480617, 0, 0.000578836, 0.166408, 0, 0.164118, 0.0285778, 0, 0.1095, 0.0279644, 0, 0, 0.0911392
0.514, 0, 0.479384, 0, 0, 0.166677, 0, 0.163664, 0.0284889, 0, 0.109147, 0.0278972, 0, 0, 0.0909198
0.515, 0, 0.47776, 0, 0, 0.1663, 0, 0.163206, 0.0284035, 0, 0.108804, 0.0278323, 0, 0, 0.090699
0.516, 0, 0.476161, 0, 0, 0.16592, 0, 0.162749, 0.0283187, 0, 0.108461, 0.0277677, 0, 0, 0.0904797
0.517, 0, 0.474686, 0, 0, 0.165541, 0, 0.162293, 0.0282344, 0, 0.108102, 0.0277372, 0, 0, 0.0902614
0.518, 0, 0.473251, 0, 0, 0.165162, 0, 0.161837, 0.0281506, 0, 0.107763, 0.0276735, 0, 0, 0.0900442
0.519, 0, 0.472315, 0, 0, 0.164793, 0, 0.161384, 0.028068, 0, 0.107426, 0.0276101, 0, 0, 0.0898281
0.52, 0, 0.472942, 0, 0, 0.164414, 0, 0.16093, 0.0279846, 0, 0.10709, 0.0275467, 0, 0, 0.0896123
0.521, 0, 0.4717, 0, 0, 0.16404, 0, 0.160475, 0.0279005, 0, 0.106757, 0.0274828, 0, 0, 0.0893964
0.522, 0, 0.470556, 0, 0, 0.163663, 0, 0.160021, 0.0278179, 0, 0.106428, 0.0274195, 0, 0, 0.0891345
0.523, 0, 0.469348, 0, 0, 0.163328, 0, 0.159569, 0.0277359, 0, 0.106027, 0.0273557, 0, 0, 0.0889143
0.524, 0, 0.467921, 0, 0, 0.162945, 0, 0.159117, 0.0276547, 0, 0.1057, 0.0272909, 0, 0, 0.0886938
0.525, 0, 0.409202, 0, 0, 0.162562, 0, 0.158664, 0.0275721, 0, 0.105378, 0.0272237, 0, 0, 0.0884727
0.526, 0, 0.408135, 0, 0, 0.162181, 0, 0.158213, 0.0274899, 0, 0.105059, 0.0271569, 0, 0, 0.0882517
0.527, 0, 0.406326, 0, 0, 0.161802, 0, 0.157765, 0.0274087, 0, 0.104739, 0.0270912, 0, 0, 0.0880314
0.528, 0, 0.405387, 0, 0, 0.161421, 0, 0.157315, 0.0273263, 0, 0.10442, 0.0270257, 0, 0, 0.0878101
0.529, 0, 0.404502, 0, 0, 0.16104, 0, 0.156868, 0.0272446, 0, 0.104102, 0.0269611, 0, 0, 0.087589
0.53, 0, 0.403427, 0, 0, 0.16066, 0, 0.15642, 0.0271624, 0, 0.103842, 0.0268847, 0, 0, 0.0873674
0.531, 0, 0.402046, 0, 0, 0.16028, 0, 0.155972, 0.0270805, 0, 0.103529, 0.0268194, 0, 0, 0.0871303
0.532, 0, 0.400528, 0, 0, 0.159899, 0, 0.155568, 0.0269951, 0, 0.103213, 0.0267563, 0, 0, 0.0869104
0.533, 0, 0.399089, 0, 0, 0.159519, 0, 0.155136, 0.0269164, 0, 0.102954, 0.0266829, 0, 0, 0.0866804
0.534, 0, 0.397541, 0, 0, 0.159138, 0, 0.154708, 0.0268384, 0, 0.102633, 0.026621, 0, 0, 0.0864634
0.535, 0, 0.396362, 0, 0, 0.158757, 0, 0.154278, 0.0267609, 0, 0.102312, 0.0265604, 0, 0, 0.0862406
0.536, 0, 0.451439, 0, 0, 0.158327, 0, 0.153853, 0.0266693, 0, 0.101991, 0.0264993, 0, 0, 0.0860248
0.537, 0, 0.449826, 0, 0, 0.15794, 0, 0.153423, 0.0265911, 0, 0.101672, 0.0264383, 0, 0, 0.0858092
0.538, 0, 0.448383, 0, 0, 0.157552, 0, 0.152992, 0.0265131, 0, 0.101354, 0.0263772, 0, 0, 0.0855942
0.539, 0, 0.44718, 0, 0, 0.157167, 0, 0.15256, 0.0264327, 0, 0.101069, 0.0263088, 0, 0, 0.0853779
0.54, 0, 0.445689, 0, 0, 0.156784, 0, 0.15213, 0.0263543, 0, 0.10073, 0.0262494, 0, 0, 0.0851639
0.541, 0, 0.444238, 0, 0, 0.156485, 0, 0.1517, 0.0262757, 0, 0.100411, 0.0261847, 0, 0, 0.084948
0.542, 0, 0.442087, 0, 0, 0.156058, 0, 0.151264, 0.0262043, 0, 0.100095, 0.0261221, 0, 0, 0.0846895
0.543, 0, 0.440106, 0, 0, 0.155666, 0, 0.150823, 0.0261307, 0, 0.099779, 0.0260585, 0, 0, 0.0844658
0.544, 0, 0.438289, 0, 0, 0.155269, 0, 0.15039, 0.026048, 0, 0.0994646, 0.0259953, 0, 0, 0.0842438
0.545, 0, 0.436761, 0, 0, 0.154873, 0, 0.14995, 0.0259743, 0, 0.0991511, 0.0259318, 0, 0, 0.0840213
0.546, 0, 0.430595, 0, 0, 0.154463, 0, 0.149502, 0.0259344, 0, 0.098839, 0.0258682, 0, 0, 0.0837988
0.547, 0, 0.433888, 0, 0, 0.154064, 0, 0.149066, 0.0258551, 0, 0.0985278, 0.0258041, 0, 0, 0.0835749
0.548, 0, 0.427689, 0, 0, 0.153663, 0, 0.148632, 0.0257773, 0, 0.0982175, 0.0257408, 0, 0, 0.0833523
0.549, 0, 0.426411, 0, 0, 0.15323, 0, 0.148198, 0.0256981, 0, 0.0979085, 0.0256766, 0, 0, 0.0831286
0.55, 0, 0.42455, 0, 0, 0.152828, 0, 0.147762, 0.0256192, 0, 0.0976, 0.0256124, 0, 0, 0.082904
0.551, 0, 0.423355, 0, 0, 0.152427, 0, 0.147325, 0.0255402, 0, 0.097298, 0.0255465, 0, 0, 0.0826787
0.552, 0, 0.422179, 0, 0, 0.152025, 0, 0.146888, 0.0254614, 0, 0.0969916, 0.0254827, 0, 0, 0.0824533
0.553, 0, 0.420395, 0, 0, 0.151623, 0, 0.146451, 0.0253829, 0, 0.0966845, 0.0254193, 0, 0, 0.0822276
0.554, 0, 0.418914, 0, 0, 0.151222, 0, 0.146013, 0.0253041, 0, 0.0963773, 0.0253557, 0, 0, 0.0820012
0.555, 0, 0.41728, 0, 0, 0.150765, 0, 0.145574, 0.0252249, 0, 0.096071, 0.0252914, 0, 0, 0.081775
0.556, 0, 0.41603, 0, 0, 0.150358, 0, 0.145135, 0.025147, 0, 0.0957636, 0.0252279, 0, 0, 0.0815485
0.557, 0, 0.41481, 0, 0, 0.149951, 0, 0.144696, 0.0250686, 0, 0.0954568, 0.0251639, 0, 0, 0.0812514
0.558, 0, 0.413593, 0, 0, 0.149544, 0, 0.144256, 0.0249904, 0, 0.0951505, 0.0250997, 0, 0, 0.0810243
0.559, 0, 0.412758, 0, 0, 0.149136, 0, 0.143815, 0.0249117, 0, 0.0948323, 0.025036, 0, 0, 0.0807988
0.56, 0, 0.410745, 0, 0, 0.148728, 0, 0.143384, 0.0248315, 0, 0.0945281, 0.0249723, 0, 0, 0.0805726
0.561, 0, 0.409632, 0, 0, 0.14832, 0, 0.142939, 0.0247536, 0, 0.0942275, 0.0249068, 0, 0, 0.0803456
0.562, 0, 0.408478, 0, 0, 0.147912, 0, 0.142493, 0.0246755, 0, 0.0938685, 0.0248578, 0, 0, 0.0801171
0.563, 0, 0.408522, 0, 0, 0.147503, 0, 0.142048, 0.0245983, 0, 0.0935678, 0.0247925, 0, 0, 0.0798998
0.564, 0, 0.406975, 0, 0, 0.147095, 0, 0.141597, 0.0245218, 0, 0.0932012, 0.024732, 0, 0, 0.0796712
0.565, 0, 0.405658, 0, 0, 0.146691, 0, 0.141151, 0.0244438, 0, 0.0929604, 0.0246583, 0, 0, 0.0794388
0.566, 0, 0.404295, 0, 0, 0.146215, 0, 0.140712, 0.0243663, 0, 0.0926629, 0.0245907, 0, 0, 0.0792086
0.567, 0, 0.4031, 0, 0, 0.145805, 0, 0.14027, 0.0242911, 0, 0.092365, 0.0245242, 0, 0, 0.0789763
0.568, 0, 0.400224, 0, 0, 0.145363, 0, 0.139824, 0.0242145, 0, 0.0920694, 0.0244568, 0, 0, 0.0787394
0.569, 0, 0.398917, 0, 0, 0.144951, 0, 0.139387, 0.0241382, 0, 0.0917736, 0.0243897, 0, 0, 0.0785082
0.57, 0, 0.39776, 0, 0, 0.144541, 0, 0.138951, 0.0240612, 0, 0.0914163, 0.0243269, 0, 0, 0.0782771
0.571, 0, 0.396256, 0, 0, 0.144129, 0, 0.138507, 0.0240043, 0, 0.0911199, 0.024255, 0, 0, 0.078045
0.572, 0, 0.395566, 0, 0, 0.143713, 0, 0.138071, 0.0239249, 0, 0.0908271, 0.0241824, 0, 0, 0.0778043
0.573, 0, 0.393911, 0, 0, 0.143304, 0, 0.137633, 0.0238417, 0, 0.0905434, 0.0241072, 0, 0, 0.07757
0.574, 0, 0.392733, 0, 0, 0.142894, 0, 0.137195, 0.0237604, 0, 0.0902636, 0.0240322, 0, 0, 0.0773368
0.575, 0, 0.391598, 0, 0, 0.142486, 0, 0.136758, 0.0236798, 0, 0.0899814, 0.023958, 0, 0, 0.0771044
0.576, 0, 0.390286, 0, 0, 0.142085, 0, 0.136321, 0.0235991, 0, 0.089522, 0.023988, 0, 0, 0.0768821
0.577, 0, 0.389153, 0, 0, 0.14168, 0, 0.135883, 0.0235191, 0, 0.0892661, 0.0239048, 0, 0, 0.0766495
0.578, 0, 0.38809, 0, 0, 0.141276, 0, 0.135447, 0.0234389, 0, 0.0890043, 0.0238227, 0, 0, 0.0764166
0.579, 0, 0.386962, 0, 0, 0.140828, 0, 0.134985, 0.023427, 0, 0.0887384, 0.0237497, 0, 0, 0.0761867
0.58, 0, 0.385847, 0, 0, 0.14042, 0, 0.134569, 0.0233406, 0, 0.0884591, 0.0236782, 0, 0, 0.0759542
0.581, 0, 0.384724, 0, 0, 0.140012, 0, 0.134136, 0.0232596, 0, 0.0881925, 0.0236046, 0, 0, 0.0757212
0.582, 0, 0.383404, 0, 0, 0.139602, 0, 0.133701, 0.0231806, 0, 0.0879269, 0.0235309, 0, 0, 0.0754885
0.583, 0, 0.382097, 0, 0, 0.139193, 0, 0.133261, 0.0230982, 0, 0.0876608, 0.0234565, 0, 0, 0.0752547
0.584, 0, 0.380996, 0, 0, 0.138715, 0, 0.132822, 0.0230202, 0, 0.0873966, 0.0233815, 0, 0, 0.0749654
0.585, 0, 0.379875, 0, 0, 0.138303, 0, 0.132881, 0.0229023, 0, 0.0871293, 0.023307, 0, 0, 0.0747319
0.586, 0, 0.378699, 0, 0, 0.137893, 0, 0.132436, 0.0228188, 0, 0.0868623, 0.0232324, 0, 0, 0.0745263
0.587, 0, 0.377457, 0, 0, 0.137485, 0, 0.131985, 0.0227385, 0, 0.0865951, 0.0231576, 0, 0, 0.0742958
0.588, 0, 0.376385, 0, 0, 0.137075, 0, 0.131532, 0.0226589, 0, 0.0863275, 0.023083, 0, 0, 0.0740641
0.589, 0, 0.375327, 0, 0, 0.136666, 0, 0.131079, 0.0225791, 0, 0.0860594, 0.0230082, 0, 0, 0.0738554
0.59, 0, 0.373657, 0, 0, 0.136251, 0, 0.130637, 0.0225053, 0, 0.0857901, 0.022934, 0, 0, 0.0735098
0.591, 0, 0.37256, 0, 0, 0.135844, 0, 0.130186, 0.0224247, 0, 0.0855226, 0.0228589, 0, 0, 0.0732702
0.592, 0, 0.371495, 0, 0, 0.13544, 0, 0.129737, 0.0223449, 0, 0.0865067, 0.0225079, 0, 0, 0.0730436
0.593, 0, 0.370354, 0, 0, 0.135036, 0, 0.129284, 0.0222647, 0, 0.0861819, 0.0224343, 0, 0, 0.0728176
0.594, 0, 0.369254, 0, 0, 0.13463, 0, 0.128829, 0.0221836, 0, 0.0845862, 0.0226483, 0, 0, 0.0725891
0.595, 0, 0.368126, 0, 0, 0.134228, 0, 0.128377, 0.0221029, 0, 0.0842869, 0.0225923, 0, 0, 0.0723235
0.596, 0, 0.367073, 0, 0, 0.133755, 0, 0.127924, 0.0220223, 0, 0.0840028, 0.022529, 0, 0, 0.0721013
0.597, 0, 0.366014, 0, 0, 0.133345, 0, 0.12745, 0.0219523, 0, 0.0837137, 0.0224665, 0, 0, 0.0718813
0.598, 0, 0.364948, 0, 0, 0.132942, 0, 0.127001, 0.021873, 0, 0.0847829, 0.02212, 0, 0, 0.0716667
0.599, 0, 0.363614, 0, 0, 0.132521, 0, 0.126546, 0.0217928, 0, 0.0844384, 0.0220488, 0, 0, 0.0714507
0.6, 0, 0.362518, 0, 0, 0.132051, 0, 0.126093, 0.021712, 0, 0.084091, 0.021984, 0, 0, 0.0712018
0.601, 0, 0.361426, 0, 0, 0.131625, 0, 0.125639, 0.0216312, 0, 0.0837424, 0.0219208, 0, 0, 0.0709812
0.602, 0, 0.360331, 0, 0, 0.131206, 0, 0.125204, 0.0215445, 0, 0.0831389, 0.0219315, 0, 0, 0.0707094
0.603, 0, 0.35915, 0, 0, 0.130781, 0, 0.124749, 0.0214638, 0, 0.0828087, 0.0218663, 0, 0, 0.0704738
0.604, 0, 0.358167, 0, 0, 0.130355, 0, 0.124295, 0.0213824, 0, 0.0825334, 0.0217963, 0, 0, 0.0702384
0.605, 0, 0.357089, 0, 0, 0.129931, 0, 0.123842, 0.0213024, 0, 0.0821848, 0.0217396, 0, 0, 0.0700474
0.606, 0, 0.357857, 0, 0, 0.129504, 0, 0.12339, 0.0212212, 0, 0.0818383, 0.0216838, 0, 0, 0.0697202
0.607, 0, 0.356702, 0, 0, 0.129096, 0, 0.122171, 0.0212043, 0, 0.0814962, 0.0216289, 0, 0, 0.0694866
0.608, 0, 0.355526, 0, 0, 0.128681, 0, 0.121771, 0.0211187, 0, 0.0811535, 0.0215735, 0, 0, 0.0692509
0.609, 0, 0.354384, 0, 0, 0.128251, 0, 0.121336, 0.0210352, 0, 0.0808125, 0.021518, 0, 0, 0.0690139
0.61, 0, 0.353071, 0, 0, 0.127829, 0, 0.120894, 0.0209551, 0, 0.0804741, 0.0214626, 0, 0, 0.0687821
0.611, 0, 0.351809, 0, 0, 0.127388, 0, 0.120461, 0.0208756, 0, 0.0801382, 0.0214075, 0, 0, 0.0685451
0.612, 0, 0.350672, 0, 0, 0.126966, 0, 0.120037, 0.0207941, 0, 0.0798276, 0.0213478, 0, 0, 0.0682302
0.613, 0, 0.349503, 0, 0, 0.126546, 0, 0.119614, 0.0207155, 0, 0.0794954, 0.0212927, 0, 0, 0.067994
0.614, 0, 0.348148, 0, 0, 0.126079, 0, 0.119205, 0.0206403, 0, 0.0787114, 0.0213341, 0, 0, 0.067773
0.615, 0, 0.346954, 0, 0, 0.125664, 0, 0.118777, 0.0205624, 0, 0.0783965, 0.0212813, 0, 0, 0.0675393
0.616, 0, 0.345942, 0, 0, 0.125271, 0, 0.118351, 0.020484, 0, 0.0780675, 0.0212348, 0, 0, 0.067268
0.617, 0, 0.344711, 0, 0, 0.1248, 0, 0.117926, 0.0204053, 0, 0.0777587, 0.0211801, 0, 0, 0.0670356
0.618, 0, 0.343521, 0, 0, 0.124386, 0, 0.11749, 0.0203281, 0, 0.0774492, 0.0211275, 0, 0, 0.0668034
0.619, 0, 0.342374, 0, 0, 0.123975, 0, 0.117016, 0.0202527, 0, 0.0771395, 0.0210752, 0, 0, 0.066574
0.62, 0, 0.341191, 0, 0, 0.123565, 0, 0.116588, 0.0201739, 0, 0.0768305, 0.0210225, 0, 0, 0.0663459
0.621, 0, 0.33984, 0, 0, 0.123178, 0, 0.116158, 0.0201014, 0, 0.0765225, 0.0209696, 0, 0, 0.0661076
0.622, 0, 0.337562, 0, 0, 0.122711, 0, 0.115727, 0.0200287, 0, 0.0762158, 0.0209163, 0, 0, 0.0658805
0.623, 0, 0.336161, 0, 0, 0.122289, 0, 0.115296, 0.0199562, 0, 0.0759101, 0.020863, 0, 0, 0.0655245
0.624, 0, 0.334858, 0, 0, 0.121868, 0, 0.114865, 0.0198831, 0, 0.0756053, 0.0208091, 0, 0, 0.0652971
0.625, 0, 0.333195, 0, 0, 0.121388, 0, 0.114455, 0.0198042, 0, 0.0752837, 0.0207596, 0, 0, 0.0650183
0.626, 0, 0.331146, 0, 0, 0.12096, 0, 0.114018, 0.0197324, 0, 0.0749749, 0.0207039, 0, 0, 0.0647879
0.627, 0, 0.329693, 0, 0, 0.120523, 0, 0.113582, 0.01966, 0, 0.0746711, 0.0206477, 0, 0, 0.0645588
0.628, 0, 0.328346, 0, 0, 0.120094, 0, 0.113147, 0.0195873, 0, 0.0743683, 0.0205909, 0, 0, 0.0643286
0.629, 0, 0.327273, 0, 0, 0.119671, 0, 0.112712, 0.019514, 0, 0.0740665, 0.0205336, 0, 0, 0.0640974
0.63, 0, 0.326099, 0, 0, 0.119233, 0, 0.112279, 0.0194405, 0, 0.0737658, 0.0204758, 0, 0, 0.0638209
0.631, 0, 0.324624, 0, 0, 0.118797, 0, 0.111847, 0.0193666, 0, 0.0734662, 0.0204174, 0, 0, 0.0636034
0.632, 0, 0.322972, 0, 0, 0.118379, 0, 0.111414, 0.0192927, 0, 0.0731673, 0.0203577, 0, 0, 0.063373
0.633, 0, 0.32151, 0, 0, 0.117974, 0, 0.110807, 0.0192333, 0, 0.0728696, 0.0202983, 0, 0, 0.0631425
0.634, 0, 0.320281, 0, 0, 0.117571, 0, 0.110162, 0.0192145, 0, 0.0725728, 0.0202385, 0, 0, 0.0629116
0.635, 0, 0.318981, 0, 0, 0.11717, 0, 0.109753, 0.0191513, 0, 0.0722768, 0.0201778, 0, 0, 0.0626791
0.636, 0, 0.317582, 0, 0, 0.11675, 0, 0.109333, 0.0190859, 0, 0.0719882, 0.0201156, 0, 0, 0.0624725
0.637, 0, 0.316464, 0, 0, 0.116364, 0, 0.108909, 0.0190211, 0, 0.0717017, 0.0200524, 0, 0, 0.0622394
0.638, 0, 0.314783, 0, 0, 0.1159, 0, 0.108486, 0.018956, 0, 0.0714177, 0.0199956, 0, 0, 0.0620158
0.639, 0, 0.312225, 0, 0, 0.115462, 0, 0.108062, 0.0188904, 0, 0.0711304, 0.0199315, 0, 0, 0.0617903
0.64, 0, 0.31151, 0, 0, 0.115065, 0, 0.107655, 0.018828, 0, 0.0700916, 0.0200163, 0, 0, 0.0615806
0.641, 0, 0.310087, 0, 0, 0.114659, 0, 0.107228, 0.0187611, 0, 0.0697949, 0.0199576, 0, 0, 0.0613551
0.642, 0, 0.307889, 0, 0, 0.114212, 0, 0.106804, 0.0186924, 0, 0.0695308, 0.0198954, 0, 0, 0.0611303
0.643, 0, 0.306646, 0, 0, 0.113805, 0, 0.106375, 0.0186235, 0, 0.0692659, 0.0198338, 0, 0, 0.060908
0.644, 0, 0.305416, 0, 0, 0.113401, 0, 0.106215, 0.0184986, 0, 0.0690014, 0.0197713, 0, 0, 0.0606895
0.645, 0, 0.303853, 0, 0, 0.112981, 0, 0.105791, 0.0184299, 0, 0.0687368, 0.0197078, 0, 0, 0.0604741
0.646, 0, 0.302221, 0, 0, 0.112554, 0, 0.105357, 0.0183627, 0, 0.068472, 0.0196436, 0, 0, 0.0602635
0.647, 0, 0.301655, 0, 0, 0.11208, 0, 0.104191, 0.0184316, 0, 0.068203, 0.0195827, 0, 0, 0.0600385
0.648, 0, 0.300469, 0, 0, 0.111667, 0, 0.103817, 0.0183633, 0, 0.0679336, 0.0195184, 0, 0, 0.0597308
0.649, 0, 0.299284, 0, 0, 0.111259, 0, 0.103439, 0.0182947, 0, 0.0676776, 0.0194494, 0, 0, 0.059491
0.65, 0, 0.298101, 0, 0, 0.110858, 0, 0.103262, 0.0181839, 0, 0.0674227, 0.0193791, 0, 0, 0.0592536
0.651, 0, 0.296922, 0, 0, 0.110465, 0, 0.102843, 0.0181161, 0, 0.0671676, 0.0193078, 0, 0, 0.0589996
0.652, 0, 0.295567, 0, 0, 0.110035, 0, 0.102726, 0.0179988, 0, 0.0669148, 0.0192343, 0, 0, 0.0587671
0.653, 0, 0.294245, 0, 0, 0.109623, 0, 0.102256, 0.0179452, 0, 0.0666065, 0.0191753, 0, 0, 0.0585402
0.654, 0, 0.292999, 0, 0, 0.109159, 0, 0.101906, 0.0178824, 0, 0.0663475, 0.0190998, 0, 0, 0.0582221
0.655, 0, 0.291815, 0, 0, 0.10876, 0, 0.101531, 0.0178192, 0, 0.0660197, 0.0190345, 0, 0, 0.0580307
0.656, 0, 0.290382, 0, 0, 0.108311, 0, 0.10127, 0.0177506, 0, 0.0671972, 0.0186861, 0, 0, 0.0577732
0.657, 0, 0.289074, 0, 0, 0.107919, 0, 0.100735, 0.0176965, 0, 0.065333, 0.0189108, 0, 0, 0.0575598
0.658, 0, 0.287607, 0, 0, 0.107525, 0, 0.100214, 0.017641, 0, 0.0650464, 0.0188475, 0, 0, 0.0573347
0.659, 0, 0.286838, 0, 0, 0.10713, 0, 0.0997168, 0.0175846, 0, 0.0648817, 0.0187654, 0, 0, 0.057092
0.66, 0, 0.285577, 0, 0, 0.106735, 0, 0.0992436, 0.0175318, 0, 0.0661424, 0.0183993, 0, 0, 0.0568697
0.661, 0, 0.284112, 0, 0, 0.106338, 0, 0.0988478, 0.0174689, 0, 0.0657001, 0.0183396, 0, 0, 0.056639
0.662, 0, 0.280062, 0, 0, 0.105947, 0, 0.0986346, 0.0173612, 0, 0.0652647, 0.0182799, 0, 0, 0.0564119
0.663, 0, 0.278769, 0, 0, 0.10555, 0, 0.0981695, 0.0173039, 0, 0.0648343, 0.0182218, 0, 0, 0.0561779
0.664, 0, 0.277484, 0, 0, 0.105151, 0, 0.0977069, 0.0172443, 0, 0.06441, 0.0181641, 0, 0, 0.0559594
0.665, 0, 0.276217, 0, 0, 0.10475, 0, 0.0972555, 0.0171842, 0, 0.0639909, 0.0181073, 0, 0, 0.0557461
0.666, 0, 0.274934, 0, 0, 0.104348, 0, 0.0967996, 0.0171242, 0, 0.0635784, 0.0180507, 0, 0, 0.055537
0.667, 0, 0.273869, 0, 0, 0.103946, 0, 0.0963751, 0.0170631, 0, 0.0631722, 0.0179946, 0, 0, 0.0552504
0.668, 0, 0.272635, 0, 0, 0.103546, 0, 0.095902, 0.0170041, 0, 0.0627725, 0.0179384, 0, 0, 0.0550175
0.669, 0, 0.271491, 0, 0, 0.102665, 0, 0.0955498, 0.0169305, 0, 0.0623797, 0.0178837, 0, 0, 0.054793
0.67, 0, 0.270057, 0, 0, 0.102241, 0, 0.0951197, 0.016868, 0, 0.0619923, 0.0178286, 0, 0, 0.0545484
0.671, 0, 0.268872, 0, 0, 0.101852, 0, 0.0946591, 0.0168081, 0, 0.0616116, 0.0177721, 0, 0, 0.0543439
0.672, 0, 0.267696, 0, 0, 0.101485, 0, 0.0943288, 0.016723, 0, 0.0612418, 0.0177147, 0, 0, 0.0540621
0.673, 0, 0.266527, 0, 0, 0.101084, 0, 0.0939083, 0.0166592, 0, 0.0609094, 0.0176545, 0, 0, 0.0538199
0.674, 0, 0.2653, 0, 0, 0.100721, 0, 0.0934501, 0.0166002, 0, 0.0605845, 0.0175934, 0, 0, 0.0535875
0.675, 0, 0.264159, 0, 0, 0.100284, 0, 0.0929926, 0.0165404, 0, 0.0602662, 0.0175316, 0, 0, 0.053356
0.676, 0, 0.263374, 0, 0, 0.0998908, 0, 0.0924559, 0.0165934, 0, 0.0599361, 0.0174952, 0, 0, 0.0531471
0.677, 0, 0.262071, 0, 0, 0.0994716, 0, 0.0920577, 0.016525, 0, 0.0596453, 0.0174184, 0, 0, 0.0528262
0.678, 0, 0.260758, 0, 0, 0.0990678, 0, 0.0916414, 0.0164651, 0, 0.0593618, 0.0173383, 0, 0, 0.0525616
0.679, 0, 0.259504, 0, 0, 0.0986988, 0, 0.0906647, 0.0165053, 0, 0.0591006, 0.0172577, 0, 0, 0.052322
0.68, 0, 0.258076, 0, 0, 0.0982998, 0, 0.090311, 0.0164429, 0, 0.0588224, 0.0171751, 0, 0, 0.0520643
0.681, 0, 0.256787, 0, 0, 0.0978429, 0, 0.089911, 0.0163914, 0, 0.0585645, 0.0170877, 0, 0, 0.0518009
0.682, 0, 0.255502, 0, 0, 0.0974781, 0, 0.0899007, 0.0162827, 0, 0.0583053, 0.0169979, 0, 0, 0.0515323
0.683, 0, 0.254107, 0, 0, 0.0970885, 0, 0.0895383, 0.0162337, 0, 0.0576545, 0.0171154, 0, 0, 0.0512312
0.684, 0, 0.252834, 0, 0, 0.0966842, 0, 0.089135, 0.016176, 0, 0.0574507, 0.0170098, 0, 0, 0.05098
0.685, 0, 0.251227, 0, 0, 0.0962732, 0, 0.0887361, 0.016119, 0, 0.0572371, 0.0169204, 0, 0, 0.0507275
0.686, 0, 0.249834, 0, 0, 0.0958669, 0, 0.0883582, 0.0160587, 0, 0.0570211, 0.0168316, 0, 0, 0.0504532
0.687, 0, 0.248035, 0, 0, 0.0954509, 0, 0.0879565, 0.0160014, 0, 0.0567978, 0.0167424, 0, 0, 0.0502369
0.688, 0, 0.246489, 0, 0, 0.0950163, 0, 0.0875627, 0.0159439, 0, 0.056598, 0.0166494, 0, 0, 0.0499493
0.689, 0, 0.24571, 0, 0, 0.0946067, 0, 0.0871726, 0.0158852, 0, 0.0564068, 0.0165537, 0, 0, 0.0495711
0.69, 0, 0.244176, 0, 0, 0.0941805, 0, 0.0867843, 0.0158255, 0, 0.0562133, 0.0164562, 0, 0, 0.049333
0.691, 0, 0.242524, 0, 0, 0.09377, 0, 0.0867684, 0.015718, 0, 0.0560137, 0.0163569, 0, 0, 0.049093
0.692, 0, 0.250589, 0, 0, 0.127641, 0, 0.174311, 0.00736228, 0, 0.0905108, 0.00356255, 0, 0, 0.0694225
0.693, 0, 0.243836, 0, 0, 0.0868287, 0, 0.0837503, 0.0122316, 0, 0.0545671, 0.0151166, 0, 0, 0.0441916
0.694, 0, 0.241571, 0, 0, 0.0824518, 0, 0.0795975, 0.0140457, 0, 0.0540192, 0.0163555, 0, 0, 0.0434939
0.695, 0, 0.239886, 0, 0, 0.0833345, 0, 0.0785948, 0.0145719, 0, 0.0536923, 0.0165491, 0, 0, 0.043641
0.696, 0, 0.238346, 0, 0, 0.0848076, 0, 0.0778474, 0.0147138, 0, 0.0534464, 0.0165103, 0, 0, 0.043821
0.697, 0, 0.23684, 0, 0, 0.085658, 0, 0.0775851, 0.0146936, 0, 0.0532185, 0.0164501, 0, 0, 0.0439516
0.698, 0, 0.235038, 0, 0, 0.0859638, 0, 0.0773736, 0.0146635, 0, 0.0530083, 0.0163905, 0, 0, 0.0440326
0.699, 0, 0.233268, 0, 0, 0.0857037, 0, 0.0771309, 0.014615, 0, 0.0528004, 0.0163146, 0, 0, 0.0421536
0.7, 0, 0.232125, 0, 0, 0.0851893, 0, 0.0769838, 0.0146351, 0, 0.0525895, 0.0163006, 0, 0, 0.0443322
0.701, 0, 0.231022, 0, 0, 0.0847232, 0, 0.0767888, 0.0146384, 0, 0.0523965, 0.0162667, 0, 0, 0.0434928
0.702, 0, 0.229278, 0, 0, 0.0843581, 0, 0.0765983, 0.0146342, 0, 0.0522073, 0.0162267, 0, 0, 0.0429113
0.703, 0, 0.227971, 0, 0, 0.0840736, 0, 0.0764066, 0.0146276, 0, 0.0520213, 0.0161845, 0, 0, 0.042656
0.704, 0, 0.226737, 0, 0, 0.083836, 0, 0.076214, 0.0146203, 0, 0.0518375, 0.0161419, 0, 0, 0.0425658
0.705, 0, 0.225931, 0, 0, 0.0836187, 0, 0.0760174, 0.0146181, 0, 0.0516503, 0.0160978, 0, 0, 0.0425396
0.706, 0, 0.224833, 0, 0, 0.0834046, 0, 0.0758197, 0.0146062, 0, 0.051468, 0.0160528, 0, 0, 0.042533
0.707, 0, 0.22361, 0, 0, 0.0831849, 0, 0.0756182, 0.0145908, 0, 0.0512859, 0.0160055, 0, 0, 0.042459
0.708, 0, 0.222009, 0, 0, 0.0829553, 0, 0.0754105, 0.0145723, 0, 0.0511034, 0.015956, 0, 0, 0.0424392
0.709, 0, 0.221086, 0, 0, 0.082716, 0, 0.0751994, 0.0145486, 0, 0.0509205, 0.0159031, 0, 0, 0.0424068
0.71, 0, 0.21993, 0, 0, 0.0824825, 0, 0.0749853, 0.0145206, 0, 0.0507369, 0.0158476, 0, 0, 0.0423594
0.711, 0, 0.218761, 0, 0, 0.0822277, 0, 0.0747638, 0.014489, 0, 0.0505522, 0.0157894, 0, 0, 0.0422981
0.712, 0, 0.217649, 0, 0, 0.0819649, 0, 0.0745384, 0.014453, 0, 0.0503664, 0.0157287, 0, 0, 0.0422246
0.713, 0, 0.21613, 0, 0, 0.0816946, 0, 0.0743078, 0.014413, 0, 0.0501792, 0.0156655, 0, 0, 0.0421403
0.714, 0, 0.215069, 0, 0, 0.0814176, 0, 0.0740719, 0.0143691, 0, 0.0499906, 0.0155997, 0, 0, 0.042046
0.715, 0, 0.214141, 0, 0, 0.0811337, 0, 0.073831, 0.0143217, 0, 0.0498004, 0.0155319, 0, 0, 0.0419428
0.716, 0, 0.213053, 0, 0, 0.080845, 0, 0.0735848, 0.014271, 0, 0.0496091, 0.015462, 0, 0, 0.041831
0.717, 0, 0.212062, 0, 0, 0.0805487, 0, 0.0733332, 0.0142167, 0, 0.0494153, 0.0153903, 0, 0, 0.0417114
0.718, 0, 0.210932, 0, 0, 0.0802466, 0, 0.0730767, 0.0141594, 0, 0.0492198, 0.015317, 0, 0, 0.0415843
0.719, 0, 0.209932, 0, 0, 0.0799385, 0, 0.0728149, 0.014099, 0, 0.0490223, 0.015242, 0, 0, 0.04145
0.72, 0, 0.21039, 0, 0, 0.0796247, 0, 0.0725481, 0.0140358, 0, 0.0488227, 0.0151656, 0, 0, 0.041309
0.721, 0, 0.209274, 0, 0, 0.079306, 0, 0.0722675, 0.0139738, 0, 0.0486213, 0.0150874, 0, 0, 0.0411611
0.722, 0, 0.208242, 0, 0, 0.0789822, 0, 0.0719548, 0.0139125, 0, 0.0484178, 0.0150083, 0, 0, 0.0410075
0.723, 0, 0.207264, 0, 0, 0.0786535, 0, 0.0716697, 0.0138428, 0, 0.0482154, 0.0149209, 0, 0, 0.040848
0.724, 0, 0.206378, 0, 0, 0.0783203, 0, 0.0713797, 0.0137708, 0, 0.0480087, 0.0148381, 0, 0, 0.0406829
0.725, 0, 0.205428, 0, 0, 0.0779826, 0, 0.0710854, 0.013697, 0, 0.047799, 0.0147529, 0, 0, 0.0405129
0.726, 0, 0.202049, 0, 0, 0.0776412, 0, 0.070786, 0.0136211, 0, 0.0475886, 0.0146678, 0, 0, 0.0403374
0.727, 0, 0.200957, 0, 0, 0.0772959, 0, 0.0704826, 0.0135436, 0, 0.0473763, 0.014582, 0, 0, 0.0401576
0.728, 0, 0.199686, 0, 0, 0.0769464, 0, 0.0701766, 0.0134642, 0, 0.0471621, 0.0144926, 0, 0, 0.0399737
0.729, 0, 0.197808, 0, 0, 0.0765972, 0, 0.0698635, 0.013384, 0, 0.0469347, 0.0144143, 0, 0, 0.0397858
0.73, 0, 0.196908, 0, 0, 0.0762451, 0, 0.0695719, 0.0132949, 0, 0.0467073, 0.0143348, 0, 0, 0.0395936
0.731, 0, 0.195873, 0, 0, 0.0758897, 0, 0.0692533, 0.013211, 0, 0.046478, 0.0142548, 0, 0, 0.039398
0.732, 0, 0.194715, 0, 0, 0.075531, 0, 0.0689319, 0.0131253, 0, 0.0462465, 0.0141742, 0, 0, 0.0391992
0.733, 0, 0.193703, 0, 0, 0.0751695, 0, 0.0686068, 0.0130384, 0, 0.0460131, 0.0140931, 0, 0, 0.0389973
0.734, 0, 0.192684, 0, 0, 0.0748049, 0, 0.068278, 0.0129504, 0, 0.0457706, 0.0140075, 0, 0, 0.0388594
0.735, 0, 0.191663, 0, 0, 0.0744379, 0, 0.0679458, 0.0128616, 0, 0.0455322, 0.0139262, 0, 0, 0.0386493
0.736, 0, 0.190658, 0, 0, 0.0740685, 0, 0.0676087, 0.0127749, 0, 0.0452926, 0.0138439, 0, 0, 0.038435
0.737, 0, 0.189653, 0, 0, 0.0736962, 0, 0.0672675, 0.012689, 0, 0.0450515, 0.0137611, 0, 0, 0.0382182
0.738, 0, 0.188592, 0, 0, 0.0733191, 0, 0.066919, 0.0126045, 0, 0.0448088, 0.013678, 0, 0, 0.0379992
0.739, 0, 0.187612, 0, 0, 0.0729405, 0, 0.0665653, 0.0125204, 0, 0.0445646, 0.0135947, 0, 0, 0.0377804
0.74, 0, 0.186607, 0, 0, 0.0725609, 0, 0.0662084, 0.0124357, 0, 0.0443189, 0.0135112, 0, 0, 0.037558
0.741, 0, 0.185619, 0, 0, 0.0721789, 0, 0.0658485, 0.0123504, 0, 0.0440718, 0.0134275, 0, 0, 0.0373354
0.742, 0, 0.184526, 0, 0, 0.0717944, 0, 0.0654857, 0.0122645, 0, 0.0438233, 0.0133437, 0, 0, 0.0371119
0.743, 0, 0.183328, 0, 0, 0.071408, 0, 0.0651272, 0.0121769, 0, 0.0435735, 0.0132597, 0, 0, 0.0368869
0.744, 0, 0.182398, 0, 0, 0.0710203, 0, 0.0647663, 0.0120891, 0, 0.0433225, 0.0131757, 0, 0, 0.0366608
0.745, 0, 0.182523, 0, 0, 0.0706341, 0, 0.0644014, 0.0120034, 0, 0.0430705, 0.0130918, 0, 0, 0.0364337
0.746, 0, 0.181525, 0, 0, 0.0702479, 0, 0.0640322, 0.0119194, 0, 0.0428172, 0.0130075, 0, 0, 0.0362051
0.747, 0, 0.18058, 0, 0, 0.06986, 0, 0.0636684, 0.0118344, 0, 0.0425629, 0.0129234, 0, 0, 0.0359758
0.748, 0, 0.179656, 0, 0, 0.0694709, 0, 0.063164, 0.0117573, 0, 0.0423076, 0.0128394, 0, 0, 0.0357457
0.749, 0, 0.17853, 0, 0, 0.0690797, 0, 0.062796, 0.0116744, 0, 0.0420512, 0.0127556, 0, 0, 0.0355151
0.75, 0, 0.177452, 0, 0, 0.0686875, 0, 0.0624359, 0.0115907, 0, 0.0417939, 0.0126715, 0, 0, 0.0352833
0.751, 0, 0.176505, 0, 0, 0.0682945, 0, 0.0620765, 0.0115084, 0, 0.0415358, 0.0125875, 0, 0, 0.0350509
0.752, 0, 0.175524, 0, 0, 0.0679004, 0, 0.0617268, 0.0114232, 0, 0.0412768, 0.0125037, 0, 0, 0.0348186
0.753, 0, 0.174599, 0, 0, 0.0675054, 0, 0.061536, 0.0113308, 0, 0.0410172, 0.0124198, 0, 0, 0.0345866
0.754, 0, 0.173694, 0, 0, 0.0671093, 0, 0.0611642, 0.0112453, 0, 0.0407568, 0.0123362, 0, 0, 0.0343571
0.755, 0, 0.17293, 0, 0, 0.0667121, 0, 0.0607802, 0.0111631, 0, 0.0404958, 0.0122525, 0, 0, 0.0341286
0.756, 0, 0.17202, 0, 0, 0.0663142, 0, 0.0604158, 0.0110816, 0, 0.0402651, 0.0121569, 0, 0, 0.0338995
0.757, 0, 0.170877, 0, 0, 0.0659155, 0, 0.0600556, 0.0109937, 0, 0.040004, 0.0120734, 0, 0, 0.0336696
0.758, 0, 0.170023, 0, 0, 0.0655167, 0, 0.0596953, 0.0109069, 0, 0.039742, 0.0119902, 0, 0, 0.0334387
0.759, 0, 0.169142, 0, 0, 0.0651177, 0, 0.0593356, 0.0108176, 0, 0.0394795, 0.0119074, 0, 0, 0.0332074
0.76, 0, 0.168256, 0, 0, 0.0647182, 0, 0.0589686, 0.0107294, 0, 0.0392164, 0.0118247, 0, 0, 0.0329755
0.761, 0, 0.167017, 0, 0, 0.0643181, 0, 0.0585938, 0.0106447, 0, 0.0389528, 0.0117421, 0, 0, 0.0327432
0.762, 0, 0.166104, 0, 0, 0.0639178, 0, 0.0582208, 0.0105632, 0, 0.0386888, 0.0116596, 0, 0, 0.0325104
0.763, 0, 0.165193, 0, 0, 0.0635173, 0, 0.0578352, 0.0104818, 0, 0.0384245, 0.0115773, 0, 0, 0.0322773
0.764, 0, 0.164282, 0, 0, 0.0631165, 0, 0.0574478, 0.0104007, 0, 0.0381597, 0.0114952, 0, 0, 0.0319666
0.765, 0, 0.163383, 0, 0, 0.0627165, 0, 0.0567129, 0.0103582, 0, 0.0378947, 0.0114132, 0, 0, 0.0317345
0.766, 0, 0.16249, 0, 0, 0.0623174, 0, 0.0563306, 0.0102801, 0, 0.0375724, 0.0114017, 0, 0, 0.0315059
0.767, 0, 0.161601, 0, 0, 0.0619181, 0, 0.0558567, 0.010204, 0, 0.0373014, 0.0113161, 0, 0, 0.0312768
0.768, 0, 0.160664, 0, 0, 0.0615185, 0, 0.0554928, 0.0101248, 0, 0.0370309, 0.01123, 0, 0, 0.0310474
0.769, 0, 0.159766, 0, 0, 0.0611187, 0, 0.0550224, 0.00995406, 0, 0.0367601, 0.0111442, 0, 0, 0.0308187
0.77, 0, 0.158867, 0, 0, 0.0607188, 0, 0.0546526, 0.00988256, 0, 0.0364893, 0.0110587, 0, 0, 0.0305894
0.771, 0, 0.157887, 0, 0, 0.0603194, 0, 0.054284, 0.00980929, 0, 0.0362182, 0.0109736, 0, 0, 0.0303601
0.772, 0, 0.156967, 0, 0, 0.0599201, 0, 0.0539229, 0.00973503, 0, 0.0359471, 0.0108888, 0, 0, 0.0301312
0.773, 0, 0.156098, 0, 0, 0.0595208, 0, 0.0535599, 0.00966031, 0, 0.0356759, 0.0108044, 0, 0, 0.029903
0.774, 0, 0.155192, 0, 0, 0.0591215, 0, 0.0531951, 0.00958523, 0, 0.0354048, 0.0107203, 0, 0, 0.0296752
0.775, 0, 0.154285, 0, 0, 0.0587298, 0, 0.0528286, 0.00950984, 0, 0.0351336, 0.0106365, 0, 0, 0.0294476
0.776, 0, 0.153378, 0, 0, 0.0583315, 0, 0.0524602, 0.00943414, 0, 0.0348624, 0.010553, 0, 0, 0.0292195
0.777, 0, 0.152476, 0, 0, 0.0579331, 0, 0.0521421, 0.0093574, 0, 0.0345518, 0.0104719, 0, 0, 0.0289909
0.778, 0, 0.151568, 0, 0, 0.0575345, 0, 0.0517658, 0.00928728, 0, 0.0342813, 0.0103901, 0, 0, 0.028762
0.779, 0, 0.150661, 0, 0, 0.0571351, 0, 0.0514006, 0.009209, 0, 0.0340112, 0.0103077, 0, 0, 0.0285735
0.78, 0, 0.149732, 0, 0, 0.0567359, 0, 0.051034, 0.00913058, 0, 0.0337397, 0.0102283, 0, 0, 0.0283429
0.781, 0, 0.148847, 0, 0, 0.0563368, 0, 0.0506661, 0.00905215, 0, 0.0334674, 0.0101508, 0, 0, 0.0281099
0.782, 0, 0.147965, 0, 0, 0.0559376, 0, 0.0502971, 0.0089737, 0, 0.0331949, 0.0100733, 0, 0, 0.0278767
0.783, 0, 0.147084, 0, 0, 0.0555381, 0, 0.0499192, 0.00889986, 0, 0.0329224, 0.00999603, 0, 0, 0.0276433
0.784, 0, 0.146212, 0, 0, 0.0551384, 0, 0.0495355, 0.00882876, 0, 0.0326498, 0.00991887, 0, 0, 0.02741
0.785, 0, 0.145331, 0, 0, 0.0547384, 0, 0.0491505, 0.00875763, 0, 0.0323771, 0.00984174, 0, 0, 0.0271765
0.786, 0, 0.144454, 0, 0, 0.0543384, 0, 0.048766, 0.00868631, 0, 0.0321202, 0.00976726, 0, 0, 0.026943
0.787, 0, 0.143666, 0, 0, 0.0539379, 0, 0.0484075, 0.00861449, 0, 0.0318484, 0.00968984, 0, 0, 0.0267094
0.788, 0, 0.14279, 0, 0, 0.0535375, 0, 0.0480208, 0.00854248, 0, 0.0315763, 0.00961303, 0, 0, 0.0264757
0.789, 0, 0.141916, 0, 0, 0.053137, 0, 0.0476321, 0.00847052, 0, 0.031304, 0.00953641, 0, 0, 0.0262425
0.79, 0, 0.141031, 0, 0, 0.0527364, 0, 0.0472425, 0.00839848, 0, 0.0310317, 0.0094599, 0, 0, 0.0260102
0.791, 0, 0.140118, 0, 0, 0.0523358, 0, 0.0468522, 0.00832636, 0, 0.0307579, 0.00938614, 0, 0, 0.0257778
0.792, 0, 0.139243, 0, 0, 0.0519351, 0, 0.0464614, 0.00825422, 0, 0.0304838, 0.00931264, 0, 0, 0.0255452
0.793, 0, 0.138371, 0, 0, 0.0515343, 0, 0.0460705, 0.00817557, 0, 0.0302242, 0.00923738, 0, 0, 0.0253126
0.794, 0, 0.137502, 0, 0, 0.0511336, 0, 0.0456802, 0.00810319, 0, 0.0299491, 0.00916361, 0, 0, 0.0250799
0.795, 0, 0.136627, 0, 0, 0.0507329, 0, 0.045291, 0.00803071, 0, 0.029674, 0.00908983, 0, 0, 0.0248471
0.796, 0, 0.135751, 0, 0, 0.0503321, 0, 0.0449164, 0.00795783, 0, 0.0293991, 0.00901599, 0, 0, 0.0246144
0.797, 0, 0.134877, 0, 0, 0.0499313, 0, 0.0445421, 0.00788484, 0, 0.0291243, 0.00894205, 0, 0, 0.0243816
0.798, 0, 0.133983, 0, 0, 0.0495312, 0, 0.0441669, 0.0078121, 0, 0.0288499, 0.00886796, 0, 0, 0.0241486
0.799, 0, 0.132909, 0, 0, 0.0491302, 0, 0.0438027, 0.00773882, 0, 0.0285753, 0.00879399, 0, 0, 0.0239164
0.8, 0, 0.132016, 0, 0, 0.0487292, 0, 0.043443, 0.00766556, 0, 0.0283009, 0.0087199, 0, 0, 0.0236014
0.801, 0, 0.130997, 0, 0, 0.0483282, 0, 0.0430821, 0.00759218, 0, 0.0280266, 0.00864571, 0, 0, 0.0233708
0.802, 0, 0.130083, 0, 0, 0.0479272, 0, 0.0427265, 0.00751861, 0, 0.0277525, 0.00857145, 0, 0, 0.0231445
0.803, 0, 0.129061, 0, 0, 0.0475261, 0, 0.0423742, 0.0074448, 0, 0.0274785, 0.00849731, 0, 0, 0.0229179
0.804, 0, 0.128273, 0, 0, 0.0471249, 0, 0.0420205, 0.00737094, 0, 0.0272045, 0.00842286, 0, 0, 0.0226904
0.805, 0, 0.127371, 0, 0, 0.046724, 0, 0.0416661, 0.00729717, 0, 0.0269308, 0.00834835, 0, 0, 0.0224624
0.806, 0, 0.126559, 0, 0, 0.0463248, 0, 0.041311, 0.00722345, 0, 0.0266444, 0.00828949, 0, 0, 0.022234
0.807, 0, 0.125687, 0, 0, 0.0459323, 0, 0.0409551, 0.00714971, 0, 0.0263705, 0.00821425, 0, 0, 0.0220053
0.808, 0, 0.124821, 0, 0, 0.0455398, 0, 0.0405985, 0.00707598, 0, 0.0260976, 0.00814109, 0, 0, 0.0217763
0.809, 0, 0.123858, 0, 0, 0.0451472, 0, 0.0402411, 0.00700225, 0, 0.025824, 0.00806562, 0, 0, 0.0215471
0.81, 0, 0.1229, 0, 0, 0.0447546, 0, 0.0398831, 0.00692857, 0, 0.0255506, 0.00799012, 0, 0, 0.0213177
0.811, 0, 0.121819, 0, 0, 0.0443619, 0, 0.0395243, 0.00685488, 0, 0.0252772, 0.00791466, 0, 0, 0.021088
0.812, 0, 0.120933, 0, 0, 0.0439693, 0, 0.0391652, 0.00678136, 0, 0.0250041, 0.00783915, 0, 0, 0.0208581
0.813, 0, 0.11991, 0, 0, 0.0435766, 0, 0.0388055, 0.00670784, 0, 0.0247311, 0.00776371, 0, 0, 0.020628
0.814, 0, 0.119014, 0, 0, 0.0431842, 0, 0.0384453, 0.00663446, 0, 0.0244583, 0.00768819, 0, 0, 0.0203977
0.815, 0, 0.118126, 0, 0, 0.0427919, 0, 0.038085, 0.00657183, 0, 0.0241857, 0.00761269, 0, 0, 0.0201672
0.816, 0, 0.117268, 0, 0, 0.0423996, 0, 0.0377247, 0.00649615, 0, 0.0239132, 0.00753723, 0, 0, 0.0199366
0.817, 0, 0.116336, 0, 0, 0.0420073, 0, 0.0373641, 0.00642074, 0, 0.0236406, 0.00746561, 0, 0, 0.0197059
0.818, 0, 0.115407, 0, 0, 0.0416151, 0, 0.0370047, 0.00633915, 0, 0.0233679, 0.00739584, 0, 0, 0.0194751
0.819, 0, 0.114486, 0, 0, 0.0412212, 0, 0.0366438, 0.00626391, 0, 0.0230954, 0.007326, 0, 0, 0.0192442
0.82, 0, 0.113532, 0, 0, 0.0408286, 0, 0.0362827, 0.00618893, 0, 0.022823, 0.0072561, 0, 0, 0.0190132
0.821, 0, 0.112189, 0, 0, 0.0404358, 0, 0.0359211, 0.00611403, 0, 0.0225505, 0.00718608, 0, 0, 0.0187822
0.822, 0, 0.111269, 0, 0, 0.0400434, 0, 0.0354988, 0.00604255, 0, 0.0222782, 0.00711603, 0, 0, 0.0185511
0.823, 0, 0.110267, 0, 0, 0.0396511, 0, 0.0351634, 0.00596571, 0, 0.0220062, 0.00704599, 0, 0, 0.01832
0.824, 0, 0.109371, 0, 0, 0.039259, 0, 0.0348028, 0.00589193, 0, 0.0217343, 0.00697587, 0, 0, 0.0180923
0.825, 0, 0.108487, 0, 0, 0.0388669, 0, 0.0344512, 0.00581777, 0, 0.0212916, 0.00683783, 0, 0, 0.0178663
0.826, 0, 0.10761, 0, 0, 0.0384748, 0, 0.0340902, 0.00574414, 0, 0.0210176, 0.00678197, 0, 0, 0.0176397
0.827, 0, 0.106737, 0, 0, 0.0380832, 0, 0.0337291, 0.00567079, 0, 0.0207543, 0.00672254, 0, 0, 0.0174126
0.828, 0, 0.105751, 0, 0, 0.0376919, 0, 0.0333657, 0.00559981, 0, 0.0204818, 0.00666229, 0, 0, 0.0171851
0.829, 0, 0.104885, 0, 0, 0.0373008, 0, 0.0330012, 0.00553007, 0, 0.0202096, 0.00660145, 0, 0, 0.0169569
0.83, 0, 0.104017, 0, 0, 0.0369092, 0, 0.0325077, 0.00546726, 0, 0.0199375, 0.00654, 0, 0, 0.016728
0.831, 0, 0.103051, 0, 0, 0.0365173, 0, 0.0321278, 0.00539917, 0, 0.0196658, 0.00647796, 0, 0, 0.0164989
0.832, 0, 0.102178, 0, 0, 0.0361255, 0, 0.0317587, 0.0053388, 0, 0.0193943, 0.00641534, 0, 0, 0.0162692
0.833, 0, 0.101301, 0, 0, 0.0357336, 0, 0.0313876, 0.00528082, 0, 0.0191232, 0.00635218, 0, 0, 0.016039
0.834, 0, 0.100399, 0, 0, 0.0353417, 0, 0.031016, 0.00522286, 0, 0.0188508, 0.00628956, 0, 0, 0.0158084
0.835, 0, 0.0995584, 0, 0, 0.0349498, 0, 0.0306436, 0.00516612, 0, 0.0185695, 0.00623312, 0, 0, 0.0155775
0.836, 0, 0.0987322, 0, 0, 0.0345579, 0, 0.0302748, 0.00511468, 0, 0.0182882, 0.00617619, 0, 0, 0.0152537
0.837, 0, 0.0978201, 0, 0, 0.0341661, 0, 0.0298988, 0.00506311, 0, 0.0180068, 0.00611871, 0, 0, 0.0150237
0.838, 0, 0.0969738, 0, 0, 0.0337743, 0, 0.0295223, 0.00501151, 0, 0.0177253, 0.00606079, 0, 0, 0.0147979
0.839, 0, 0.0961136, 0, 0, 0.0333826, 0, 0.0291445, 0.00495897, 0, 0.0174436, 0.00600242, 0, 0, 0.0145718
0.84, 0, 0.0952695, 0, 0, 0.032991, 0, 0.0287665, 0.00490696, 0, 0.0171618, 0.00594363, 0, 0, 0.014345
0.841, 0, 0.0944342, 0, 0, 0.0325966, 0, 0.028389, 0.00485479, 0, 0.0168799, 0.00588443, 0, 0, 0.0141178
0.842, 0, 0.09388, 0, 0, 0.0322035, 0, 0.0280115, 0.00480242, 0, 0.0165979, 0.00582488, 0, 0, 0.0138941
0.843, 0, 0.0929574, 0, 0, 0.031813, 0, 0.0276334, 0.00474987, 0, 0.0163157, 0.0057649, 0, 0, 0.0136696
0.844, 0, 0.0921089, 0, 0, 0.0314236, 0, 0.0272552, 0.00469721, 0, 0.0160334, 0.00570462, 0, 0, 0.0134444
0.845, 0, 0.0912618, 0, 0, 0.0310338, 0, 0.0267756, 0.00464404, 0, 0.015751, 0.00564402, 0, 0, 0.013234
0.846, 0, 0.0904835, 0, 0, 0.0306437, 0, 0.0263805, 0.00459143, 0, 0.0154686, 0.00558312, 0, 0, 0.0130084
0.847, 0, 0.0896366, 0, 0, 0.0302543, 0, 0.0259914, 0.0045385, 0, 0.0151861, 0.00552198, 0, 0, 0.0127815
0.848, 0, 0.0887974, 0, 0, 0.0298679, 0, 0.0256155, 0.00448579, 0, 0.0149035, 0.00546058, 0, 0, 0.0125541
0.849, 0, 0.0879997, 0, 0, 0.0294815, 0, 0.0252305, 0.00446332, 0, 0.0146209, 0.00539895, 0, 0, 0.0123251
0.85, 0, 0.0871735, 0, 0, 0.0290944, 0, 0.0248546, 0.00440152, 0, 0.0143371, 0.00533874, 0, 0, 0.0120947
0.851, 0, 0.0866497, 0, 0, 0.0287069, 0, 0.0244765, 0.00434033, 0, 0.0140544, 0.00527654, 0, 0, 0.0118671
0.852, 0, 0.0456425, 0, 0, 0.0283174, 0, 0.0241008, 0.00428162, 0, 0.0137715, 0.00521407, 0, 0, 0.011639
0.853, 0, 0.0450421, 0, 0, 0.0279262, 0, 0.0237231, 0.0042231, 0, 0.0134885, 0.00515144, 0, 0, 0.0114139
0.854, 0, 0.0445807, 0, 0, 0.0275348, 0, 0.0233458, 0.00416621, 0, 0.0132056, 0.00508864, 0, 0, 0.0111915
0.855, 0, 0.0442412, 0, 0, 0.0271429, 0, 0.0228782, 0.00411014, 0, 0.0129227, 0.00502576, 0, 0, 0.0109732
0.856, 0, 0.0439262, 0, 0, 0.0267507, 0, 0.0225019, 0.00405595, 0, 0.0126397, 0.0049627, 0, 0, 0.0107537
0.857, 0, 0.0436225, 0, 0, 0.0263582, 0, 0.0221255, 0.0040028, 0, 0.0123567, 0.0048995, 0, 0, 0.0105414
0.858, 0, 0.0432544, 0, 0, 0.0259654, 0, 0.0217491, 0.0039499, 0, 0.0120737, 0.00483621, 0, 0, 0.0103274
0.859, 0, 0.0429004, 0, 0, 0.0255722, 0, 0.0213726, 0.00389697, 0, 0.0117907, 0.0047728, 0, 0, 0.0101113
0.86, 0, 0.0426104, 0, 0, 0.0251787, 0, 0.020996, 0.00384403, 0, 0.011508, 0.00470929, 0, 0, 0.00989306
0.861, 0, 0.0422578, 0, 0, 0.0247848, 0, 0.0206194, 0.00379107, 0, 0.0112257, 0.00464567, 0, 0, 0.00967289
0.862, 0, 0.041904, 0, 0, 0.0243907, 0, 0.0202426, 0.00373809, 0, 0.0109437, 0.00458195, 0, 0, 0.00945091
0.863, 0, 0.0415573, 0, 0, 0.0239963, 0, 0.0198576, 0.00368499, 0, 0.0106455, 0.00451848, 0, 0, 0.00922722
0.864, 0, 0.0412005, 0, 0, 0.0236016, 0, 0.0194779, 0.00363197, 0, 0.0103648, 0.00445465, 0, 0, 0.00900189
0.865, 0, 0.0408832, 0, 0, 0.0232067, 0, 0.0190982, 0.0035789, 0, 0.0100843, 0.00439073, 0, 0, 0.00877514
0.866, 0, 0.0405235, 0, 0, 0.0228115, 0, 0.0183948, 0.00324312, 0, 0.00979124, 0.00432713, 0, 0, 0.0085552
0.867, 0, 0.0402526, 0, 0, 0.0224161, 0, 0.0178957, 0.00321285, 0, 0.0095079, 0.00426299, 0, 0, 0.008338
0.868, 0, 0.0400374, 0, 0, 0.0220206, 0, 0.0175185, 0.00317976, 0, 0.00921934, 0.00419912, 0, 0, 0.00811977
0.869, 0, 0.0397533, 0, 0, 0.0216247, 0, 0.0171303, 0.00314555, 0, 0.00894644, 0.00413477, 0, 0, 0.00790033
0.87, 0, 0.0393994, 0, 0, 0.0212289, 0, 0.01675, 0.00311046, 0, 0.00867314, 0.00407041, 0, 0, 0.00767959
0.871, 0, 0.03897, 0, 0, 0.0208333, 0, 0.0163696, 0.0030745, 0, 0.00839945, 0.00400601, 0, 0, 0.00745768
0.872, 0, 0.038676, 0, 0, 0.0204371, 0, 0.0159886, 0.0030375, 0, 0.00812502, 0.00394143, 0, 0, 0.00723483
0.873, 0, 0.0383111, 0, 0, 0.020041, 0, 0.0156076, 0.00299975, 0, 0.00785811, 0.00387662, 0, 0, 0.00701086
0.874, 0, 0.0379535, 0, 0, 0.0196454, 0, 0.0152277, 0.00296118, 0, 0.00760102, 0.00381145, 0, 0, 0.00678598
0.875, 0, 0.038046, 0, 0, 0.0192547, 0, 0.0148553, 0.0029218, 0, 0.00734294, 0.00374614, 0, 0, 0.00656013
0.876, 0, 0.0377246, 0, 0, 0.0188641, 0, 0.0144841, 0.00288173, 0, 0.00708403, 0.00368077, 0, 0, 0.00633357
0.877, 0, 0.0377731, 0, 0, 0.0184743, 0, 0.0141122, 0.0028409, 0, 0.00682406, 0.00361526, 0, 0, 0.00610636
0.878, 0, 0.0374886, 0, 0, 0.0180865, 0, 0.01374, 0.00279942, 0, 0.00637795, 0.0035546, 0, 0, 0.00579795
0.879, 0, 0.0371711, 0, 0, 0.0176977, 0, 0.0133679, 0.00275741, 0, 0.00611555, 0.00348975, 0, 0, 0.00557008
0.88, 0, 0.0368527, 0, 0, 0.017309, 0, 0.0129952, 0.00271506, 0, 0.00585277, 0.00342486, 0, 0, 0.00534466
0.881, 0, 0.0365408, 0, 0, 0.0169273, 0, 0.0126207, 0.00267338, 0, 0.0055895, 0.0033599, 0, 0, 0.00511882
0.882, 0, 0.0362282, 0, 0, 0.0165513, 0, 0.0122468, 0.00263186, 0, 0.00532802, 0.00329469, 0, 0, 0.00489237
0.883, 0, 0.0360059, 0, 0, 0.0161756, 0, 0.0118721, 0.00258977, 0, 0.00507418, 0.0032291, 0, 0, 0.00466532
0.884, 0, 0.0357015, 0, 0, 0.0157982, 0, 0.0115025, 0.00254717, 0, 0.00481577, 0.0031634, 0, 0, 0.00443775
0.885, 0, 0.0353988, 0, 0, 0.0154242, 0, 0.0111168, 0.00250402, 0, 0.00455647, 0.00309758, 0, 0, 0.00420969
0.886, 0, 0.0350932, 0, 0, 0.0150543, 0, 0.010747, 0.00246045, 0, 0.00429635, 0.00303164, 0, 0, 0.00398117
0.887, 0, 0.0347942, 0, 0, 0.0146804, 0, 0.0103853, 0.00241642, 0, 0.00403547, 0.00296557, 0, 0, 0.00375221
0.888, 0, 0.0344813, 0, 0, 0.0143044, 0, 0.0100328, 0.00237191, 0, 0.00377389, 0.00289938, 0, 0, 0.00352285
0.889, 0, 0.0341719, 0, 0, 0.0139237, 0, 0.00968052, 0.00232691, 0, 0.00351168, 0.00283308, 0, 0, 0.00329313
0.89, 0, 0.0338564, 0, 0, 0.0135407, 0, 0.00932655, 0.00228145, 0, 0.00325465, 0.00276644, 0, 0, 0.00306307
0.891, 0, 0.0334277, 0, 0, 0.013157, 0, 0.00895886, 0.00223549, 0, 0.00300393, 0.00269937, 0, 0, 0.0028327
0.892, 0, 0.0331011, 0, 0, 0.0127714, 0, 0.00859925, 0.00218917, 0, 0.0027427, 0.00263228, 0, 0, 0.00260202
0.893, 0, 0.03284, 0, 0, 0.0123824, 0, 0.00824913, 0.00214671, 0, 0.00252002, 0.00256411, 0, 0, 0.00237117
0.894, 0, 0.0325623, 0, 0, 0.0119933, 0, 0.00789998, 0.00210902, 0, 0.00229537, 0.00249563, 0, 0, 0.00214002
0.895, 0, 0.0322603, 0, 0, 0.0116028, 0, 0.00754717, 0.00207438, 0, 0.0020103, 0.0024281, 0, 0, 0.00190864
0.896, 0, 0.0319569, 0, 0, 0.0112153, 0, 0.00717614, 0.00202572, 0, 0.00177533, 0.00235947, 0, 0, 0.00167713
0.897, 0, 0.0318123, 0, 0, 0.0108249, 0, 0.00683195, 0.00200256, 0, 0.00155714, 0.00229003, 0, 0, 0.00144549
0.898, 0, 0.0315218, 0, 0, 0.0104411, 0, 0.00648698, 0.00195815, 0, 0.00136517, 0.0022196, 0, 0, 0.00115386
0.899, 0, 0.0312241, 0, 0, 0.0100576, 0, 0.0061461, 0.0019169, 0, 0.00119846, 0.00214835, 0, 0, 0.000947563
0.9, 0, 0.0309248, 0, 0, 0.00967259, 0, 0.00582531, 0.00187678, 0, 0.00103567, 0.00207647, 0, 0, 0.000742695
0.901, 0, 0.0306053, 0, 0, 0.00928579, 0, 0.00551012, 0.00185003, 0, 0.000870315, 0.00200407, 0, 0, 0.000536762
0.902, 0, 0.0303135, 0, 0, 0.00890599, 0, 0.00520519, 0.00182954, 0, 0.000702228, 0.00193112, 0, 0, 0.000334421
0.903, 0, 0.0302077, 0, 0, 0.00853478, 0, 0.00489504, 0.00180713, 0, 0.000554211, 0.00186316, 0, 0, 0.000187374
0.904, 0, 0.0300235, 0, 0, 0.00816607, 0, 0.00458074, 0.0017834, 0, 0.000418218, 0.00180375, 0, 0, 0.000111783
0.905, 0, 0.0297318, 0, 0, 0.00780854, 0, 0.00426028, 0.00175427, 0, 0.000299228, 0.00175677, 0, 0, 3.48837e-05
0.906, 0, 0.0294414, 0, 0, 0.00744819, 0, 0.00393856, 0.0017311, 0, 0.000213433, 0.00174551, 0, 0, 0
0.907, 0, 0.0290514, 0, 0, 0.00709569, 0, 0.00361833, 0.00170055, 0, 0.000124633, 0.00173762, 0, 0, 0
0.908, 0, 0.0287367, 0, 0, 0.00674027, 0, 0.00330619, 0.00167415, 0, 3.31909e-05, 0.00172901, 0, 0, 0
0.909, 0, 0.0284392, 0, 0, 0.00638056, 0, 0.00300547, 0.00164705, 0, 0, 0.0017244, 0, 0, 0
0.91, 0, 0.0281292, 0, 0, 0.00601866, 0, 0.00273154, 0.00162402, 0, 0, 0.00172201, 0, 0, 0
0.911, 0, 0.0279375, 0, 0, 0.00565687, 0, 0.00247824, 0.00160309, 0, 0, 0.00171938, 0, 0, 0
0.912, 0, 0.0276408, 0, 0, 0.00529477, 0, 0.00220218, 0.00157486, 0, 0, 0.00171658, 0, 0, 0
0.913, 0, 0.0273421, 0, 0, 0.00493558, 0, 0.00193798, 0.00155492, 0, 0, 0.00171356, 0, 0, 0
0.914, 0, 0.027044, 0, 0, 0.00459067, 0, 0.00166556, 0.00152409, 0, 0, 0.0017103, 0, 0, 0
0.915, 0, 0.0267685, 0, 0, 0.00424661, 0, 0.00139278, 0.00149822, 0, 0, 0.00170678, 0, 0, 0
0.916, 0, 0.0265209, 0, 0, 0.00392931, 0, 0.00116779, 0.00147565, 0, 0, 0.00170297, 0, 0, 0
0.917, 0, 0.026292, 0, 0, 0.00361031, 0, 0.000973041, 0.0014563, 0, 0, 0.00169885, 0, 0, 0
0.918, 0, 0.0260274, 0, 0, 0.00328632, 0, 0.000772162, 0.00143901, 0, 0, 0.00169445, 0, 0, 0
0.919, 0, 0.0257807, 0, 0, 0.0029573, 0, 0.000564965, 0.00140556, 0, 0, 0.00168972, 0, 0, 0
0.92, 0, 0.0255394, 0, 0, 0.00262159, 0, 0.00018659, 0, 0, 0, 0.00168454, 0, 0, 0
0.921, 0, 0.0252826, 0, 0, 0.00228295, 0, 3.73558e-05, 0, 0, 0, 0.00168017, 0, 0, 0
0.922, 0, 0.0250084, 0, 0, 0.00194125, 0, 0, 0, 0, 0, 0.00167444, 0, 0, 0
0.923, 0, 0.0247317, 0, 0, 0.00161631, 0, 0, 0, 0, 0, 0.00166839, 0, 0, 0
0.924, 0, 0.0244327, 0, 0, 0.00134026, 0, 0, 0, 0, 0, 0.00166199, 0, 0, 0
0.925, 0, 0.0241529, 0, 0, 0.00112095, 0, 0, 0, 0, 0, 0.00165524, 0, 0, 0
0.926, 0, 0.023844, 0, 0, 0.000914267, 0, 0, 0, 0, 0, 0.00164818, 0, 0, 0
0.927, 0, 0.0234572, 0, 0, 0.000764797, 0, 0, 0, 0, 0, 0.00164088, 0, 0, 0
0.928, 0, 0.0231221, 0, 0, 0.000624762, 0, 0, 0, 0, 0, 0.0016292, 0, 0, 0
0.929, 0, 0.0228778, 0, 0, 0.000480563, 0, 0, 0, 0, 0, 0, 0, 0, 0
0.93, 0, 0.0226574, 0, 0, 0.000332677, 0, 0, 0, 0, 0, 0, 0, 0, 0
0.931, 0, 0.0224874, 0, 0, 0.000181025, 0, 0, 0, 0, 0, 0, 0, 0, 0
0.932, 0, 0.022392, 0, 0, 2.54146e-05, 0, 0, 0, 0, 0, 0, 0, 0, 0
0.933, 0, 0.0223097, 0, 0, 0, 0, 0, 0, 0, 0, 0, 0, 0, 0
0.934, 0, 0.0220526, 0, 0, 0, 0, 0, 0, 0, 0, 0, 0, 0, 0
0.935, 0, 0.0218912, 0, 0, 0, 0, 0, 0, 0, 0, 0, 0, 0, 0
0.936, 0, 0.0218735, 0, 0, 0, 0, 0, 0, 0, 0, 0, 0, 0, 0
0.937, 0, 0.0217866, 0, 0, 0, 0, 0, 0, 0, 0, 0, 0, 0, 0
0.938, 0, 0.0218666, 0, 0, 0, 0, 0, 0, 0, 0, 0, 0, 0, 0
0.939, 0, 0.0220512, 0, 0, 0, 0, 0, 0.00290863, 0, 0, 0, 0, 0, 0
0.94, 0, 0.022102, 0, 0, 0, 0, 0, 0.00279202, 0, 0, 0, 0, 0, 0
0.941, 0, 0.0231134, 0, 0, 0, 0, 0, 0.00266965, 0, 0, 0, 0, 0, 0
0.942, 0, 0.0232662, 0, 0, 0, 0, 0, 0.00252737, 0, 0, 0, 0, 0, 0
0.943, 0, 0.0232515, 0, 0, 0, 0, 0, 0, 0, 0, 0, 0, 0, 0
0.944, 0, 0.0233338, 0, 0, 0, 0, 0, 0, 0, 0, 0, 0, 0, 0
0.945, 0, 0.0237239, 0, 0, 0, 0, 0, 0, 0, 0, 0, 0, 0, 0
0.946, 0, 0.0242802, 0, 0, 0, 0, 0, 0, 0, 0, 0, 0, 0, 0
0.947, 0, 0.0249272, 0, 0, 0, 0, 0, 0, 0, 0, 0, 0, 0, 0
0.948, 0, 0.0254686, 0, 0, 0, 0, 0, 0, 0, 0, 0, 0, 0, 0
0.949, 0, 0.0108493, 0, 0, 0, 0, 0, 0, 0, 0, 0, 0, 0, 0
0.95, 0, 0.011197, 0, 0, 0, 0, 0, 0, 0, 0, 0, 0, 0, 0
0.951, 0, 0.0115241, 0, 0, 0, 0, 0, 0, 0, 0, 0, 0, 0, 0
0.952, 0, 0.0152457, 0, 0, 0, 0, 0, 0, 0, 0, 0, 0, 0, 0
0.953, 0, 0, 0, 0, 0, 0, 0, 0, 0, 0, 0, 0, 0, 0
0.954, 0, 0, 0, 0, 0, 0, 0, 0, 0, 0, 0, 0, 0, 0
0.955, 0, 0, 0, 0, 0, 0, 0, 0, 0, 0, 0, 0, 0, 0
0.956, 0, 0, 0, 0, 0, 0, 0, 0, 0, 0, 0, 0, 0, 0
0.957, 0, 0, 0, 0, 0, 0, 0, 0, 0, 0, 0, 0, 0, 0
0.958, 0, 0, 0, 0, 0, 0, 0, 0, 0, 0, 0, 0, 0, 0
0.959, 0, 0, 0, 0, 0, 0, 0, 0, 0, 0, 0, 0, 0, 0
0.96, 0, 0, 0, 0, 0, 0, 0, 0, 0, 0, 0, 0, 0, 0
0.961, 0, 0, 0, 0, 0, 0, 0, 0, 0, 0, 0, 0, 0, 0
0.962, 0, 0, 0, 0, 0, 0, 0, 0, 0, 0, 0, 0, 0, 0
0.963, 0, 0, 0, 0, 0, 0, 0, 0, 0, 0, 0, 0, 0, 0
0.964, 0, 0, 0, 0, 0, 0, 0, 0, 0, 0, 0, 0, 0, 0
0.965, 0, 0, 0, 0, 0, 0, 0, 0, 0, 0, 0, 0, 0, 0
0.966, 0, 0, 0, 0, 0, 0, 0, 0, 0, 0, 0, 0, 0, 0
0.967, 0, 0, 0, 0, 0, 0, 0, 0, 0, 0, 0, 0, 0, 0
0.968, 0, 0, 0, 0, 0, 0, 0, 0, 0, 0, 0, 0, 0, 0
0.969, 0, 0, 0, 0, 0, 0, 0, 0, 0, 0, 0, 0, 0, 0
0.97, 0, 0, 0, 0, 0, 0, 0, 0, 0, 0, 0, 0, 0, 0
0.971, 0, 0, 0, 0, 0, 0, 0, 0, 0, 0, 0, 0, 0, 0
0.972, 0, 0, 0, 0, 0, 0, 0, 0, 0, 0, 0, 0, 0, 0
0.973, 0, 0, 0, 0, 0, 0, 0, 0, 0, 0, 0, 0, 0, 0
0.974, 0, 0, 0, 0, 0, 0, 0, 0, 0, 0, 0, 0, 0, 0
0.975, 0, 0, 0, 0, 0, 0, 0, 0, 0, 0, 0, 0, 0, 0
0.976, 0, 0, 0, 0, 0, 0, 0, 0, 0, 0, 0, 0, 0, 0
0.977, 0, 0, 0, 0, 0, 0, 0, 0, 0, 0, 0, 0, 0, 0
0.978, 0, 0, 0, 0, 0, 0, 0, 0, 0, 0, 0, 0, 0, 0
0.979, 0, 0, 0, 0, 0, 0, 0, 0, 0, 0, 0, 0, 0, 0
0.98, 0, 0, 0, 0, 0, 0, 0, 0, 0, 0, 0, 0, 0, 0
0.981, 0, 0, 0, 0, 0, 0, 0, 0, 0, 0, 0, 0, 0, 0
0.982, 0, 0, 0, 0, 0, 0, 0, 0, 0, 0, 0, 0, 0, 0
0.983, 0, 0, 0, 0, 0, 0, 0, 0, 0, 0, 0, 0, 0, 0
0.984, 0, 0, 0, 0, 0, 0, 0, 0, 0, 0, 0, 0, 0, 0
0.985, 0, 0, 0, 0, 0, 0, 0, 0, 0, 0, 0, 0, 0, 0
0.986, 0, 0, 0, 0, 0, 0, 0, 0, 0, 0, 0, 0, 0, 0
0.987, 0, 0, 0, 0, 0, 0, 0, 0, 0, 0, 0, 0, 0, 0
0.988, 0, 0, 0, 0, 0, 0, 0, 0, 0, 0, 0, 0, 0, 0
0.989, 0, 0, 0, 0, 0, 0, 0, 0, 0, 0, 0, 0, 0, 0
0.99, 0, 0, 0, 0, 0, 0, 0, 0, 0, 0, 0, 0, 0, 0
0.991, 0, 0, 0, 0, 0, 0, 0, 0, 0, 0, 0, 0, 0, 0
0.992, 0, 0, 0, 0, 0, 0, 0, 0, 0, 0, 0, 0, 0, 0
0.993, 0, 0, 0, 0, 0, 0, 0, 0, 0, 0, 0, 0, 0, 0
0.994, 0, 0, 0, 0, 0, 0, 0, 0, 0, 0, 0, 0, 0, 0
0.995, 0, 0, 0, 0, 0, 0, 0, 0, 0, 0, 0, 0, 0, 0
0.996, 0, 0, 0, 0, 0, 0, 0, 0, 0, 0, 0, 0, 0, 0
0.997, 0, 0, 0, 0, 0, 0, 0, 0, 0, 0, 0, 0, 0, 0
0.998, 0, 0, 0, 0, 0, 0, 0, 0, 0, 0, 0, 0, 0, 0
0.999, 0, 0, 0, 0, 0, 0, 0, 0, 0, 0, 0, 0, 0, 0
1, 0, 0, 0, 0, 0, 0, 0, 0, 0, 0, 0, 0, 0, 0
1.001, 0, 0, 0, 0, 0, 0, 0, 0, 0, 0, 0, 0, 0, 0
1.002, 0, 0, 0, 0, 0, 0, 0, 0, 0, 0, 0, 0, 0, 0
1.003, 0, 0, 0, 0, 0, 0, 0, 0, 0, 0, 0, 0, 0, 0
1.004, 0, 0, 0, 0, 0, 0, 0, 0, 0, 0, 0, 0, 0, 0
1.005, 0, 0, 0, 0, 0, 0, 0, 0, 0, 0, 0, 0, 0, 0
1.006, 0, 0, 0, 0, 0, 0, 0, 0, 0, 0, 0, 0, 0, 0
1.007, 0, 0, 0, 0, 0, 0, 0, 0, 0, 0, 0, 0, 0, 0
1.008, 0, 0, 0, 0, 0, 0, 0, 0, 0, 0, 0, 0, 0, 0
1.009, 0, 0, 0, 0, 0, 0, 0, 0, 0, 0, 0, 0, 0, 0
1.01, 0, 0, 0, 0, 0, 0, 0, 0, 0, 0, 0, 0, 0, 0
1.011, 0, 0, 0, 0, 0, 0, 0, 0, 0, 0, 0, 0, 0, 0
1.012, 0, 0, 0, 0, 0, 0, 0, 0, 0, 0, 0, 0, 0, 0
1.013, 0, 0, 0, 0, 0, 0, 0, 0, 0, 0, 0, 0, 0, 0
1.014, 0, 0, 0, 0, 0, 0, 0, 0, 0, 0, 0, 0, 0, 0
1.015, 0, 0, 0, 0, 0, 0, 0, 0, 0, 0, 0, 0, 0, 0
1.016, 0, 0, 0, 0, 0, 0, 0, 0, 0, 0, 0, 0, 0, 0
1.017, 0, 0, 0, 0, 0, 0, 0, 0, 0, 0, 0, 0, 0, 0
1.018, 0, 0, 0, 0, 0, 0, 0, 0, 0, 0, 0, 0, 0, 0
1.019, 0, 0, 0, 0, 0, 0, 0, 0, 0, 0, 0, 0, 0, 0
1.02, 0, 0, 0, 0, 0, 0, 0, 0, 0, 0, 0, 0, 0, 0
1.021, 0, 0, 0, 0, 0, 0, 0, 0, 0, 0, 0, 0, 0, 0
1.022, 0, 0, 0, 0, 0, 0, 0, 0, 0, 0, 0, 0, 0, 0
1.023, 0, 0, 0, 0, 0, 0, 0, 0, 0, 0, 0, 0, 0, 0
1.024, 0, 0, 0, 0, 0, 0, 0, 0, 0, 0, 0, 0, 0, 0
1.025, 0, 0, 0, 0, 0, 0, 0, 0, 0, 0, 0, 0, 0, 0
1.026, 0, 0, 0, 0, 0, 0, 0, 0, 0, 0, 0, 0, 0, 0
1.027, 0, 0, 0, 0, 0, 0, 0, 0, 0, 0, 0, 0, 0, 0
1.028, 0, 0, 0, 0, 0, 0, 0, 0, 0, 0, 0, 0, 0, 0
1.029, 0, 0, 0, 0, 0, 0, 0, 0, 0, 0, 0, 0, 0, 0
1.03, 0, 0, 0, 0, 0, 0, 0, 0, 0, 0, 0, 0, 0, 0
1.031, 0, 0, 0, 0, 0, 0, 0, 0, 0, 0, 0, 0, 0, 0
1.032, 0, 0, 0, 0, 0, 0, 0, 0, 0, 0, 0, 0, 0, 0
1.033, 0, 0, 0, 0, 0, 0, 0, 0, 0, 0, 0, 0, 0, 0
1.034, 0, 0, 0, 0, 0, 0, 0, 0, 0, 0, 0, 0, 0, 0
1.035, 0, 0, 0, 0, 0, 0, 0, 0, 0, 0, 0, 0, 0, 0
1.036, 0, 0, 0, 0, 0, 0, 0, 0, 0, 0, 0, 0, 0, 0
1.037, 0, 0, 0, 0, 0, 0, 0, 0, 0, 0, 0, 0, 0, 0
1.038, 0, 0, 0, 0, 0, 0, 0, 0, 0, 0, 0, 0, 0, 0
1.039, 0, 0, 0, 0, 0, 0, 0, 0, 0, 0, 0, 0, 0, 0
1.04, 0, 0, 0, 0, 0, 0, 0, 0, 0, 0, 0, 0, 0, 0
1.041, 0, 0, 0, 0, 0, 0, 0, 0, 0, 0, 0, 0, 0, 0
1.042, 0, 0, 0, 0, 0, 0, 0, 0, 0, 0, 0, 0, 0, 0
1.043, 0, 0, 0, 0, 0, 0, 0, 0, 0, 0, 0, 0, 0, 0
1.044, 0, 0, 0, 0, 0, 0, 0, 0, 0, 0, 0, 0, 0, 0
1.045, 0, 0, 0, 0, 0, 0, 0, 0, 0, 0, 0, 0, 0, 0
1.046, 0, 0, 0, 0, 0, 0, 0, 0, 0, 0, 0, 0, 0, 0
1.047, 0, 0, 0, 0, 0, 0, 0, 0, 0, 0, 0, 0, 0, 0
1.048, 0, 0, 0, 0, 0, 0, 0, 0, 0, 0, 0, 0, 0, 0
1.049, 0, 0, 0, 0, 0, 0, 0, 0, 0, 0, 0, 0, 0, 0
1.05, 0, 0, 0, 0, 0, 0, 0, 0, 0, 0, 0, 0, 0, 0
1.051, 0, 0, 0, 0, 0, 0, 0, 0, 0, 0, 0, 0, 0, 0
1.052, 0, 0, 0, 0, 0, 0, 0, 0, 0, 0, 0, 0, 0, 0
1.053, 0, 0, 0, 0, 0, 0, 0, 0, 0, 0, 0, 0, 0, 0
1.054, 0, 0, 0, 0, 0, 0, 0, 0, 0, 0, 0, 0, 0, 0
1.055, 0, 0, 0, 0, 0, 0, 0, 0, 0, 0, 0, 0, 0, 0
1.056, 0, 0, 0, 0, 0, 0, 0, 0, 0, 0, 0, 0, 0, 0
1.057, 0, 0, 0, 0, 0, 0, 0, 0, 0, 0, 0, 0, 0, 0
1.058, 0, 0, 0, 0, 0, 0, 0, 0, 0, 0, 0, 0, 0, 0
1.059, 0, 0, 0, 0, 0, 0, 0, 0, 0, 0, 0, 0, 0, 0
1.06, 0, 0, 0, 0, 0, 0, 0, 0, 0, 0, 0, 0, 0, 0
1.061, 0, 0, 0, 0, 0, 0, 0, 0, 0, 0, 0, 0, 0, 0
1.062, 0, 0, 0, 0, 0, 0, 0, 0, 0, 0, 0, 0, 0, 0
1.063, 0, 0, 0, 0, 0, 0, 0, 0, 0, 0, 0, 0, 0, 0
1.064, 0, 0, 0, 0, 0, 0, 0, 0, 0, 0, 0, 0, 0, 0
1.065, 0, 0, 0, 0, 0, 0, 0, 0, 0, 0, 0, 0, 0, 0
1.066, 0, 0, 0, 0, 0, 0, 0, 0, 0, 0, 0, 0, 0, 0
1.067, 0, 0, 0, 0, 0, 0, 0, 0, 0, 0, 0, 0, 0, 0
1.068, 0, 0, 0, 0, 0, 0, 0, 0, 0, 0, 0, 0, 0, 0
1.069, 0, 0, 0, 0, 0, 0, 0, 0, 0, 0, 0, 0, 0, 0
1.07, 0, 0, 0, 0, 0, 0, 0, 0, 0, 0, 0, 0, 0, 0
1.071, 0, 0, 0, 0, 0, 0, 0, 0, 0, 0, 0, 0, 0, 0
1.072, 0, 0, 0, 0, 0, 0, 0, 0, 0, 0, 0, 0, 0, 0
1.073, 0, 0, 0, 0, 0, 0, 0, 0, 0, 0, 0, 0, 0, 0
1.074, 0, 0, 0, 0, 0, 0, 0, 0, 0, 0, 0, 0, 0, 0
1.075, 0, 0, 0, 0, 0, 0, 0, 0, 0, 0, 0, 0, 0, 0
1.076, 0, 0, 0, 0, 0, 0, 0, 0, 0, 0, 0, 0, 0, 0
1.077, 0, 0, 0, 0, 0, 0, 0, 0, 0, 0, 0, 0, 0, 0
1.078, 0, 0, 0, 0, 0, 0, 0, 0, 0, 0, 0, 0, 0, 0
1.079, 0, 0, 0, 0, 0, 0, 0, 0, 0, 0, 0, 0, 0, 0
1.08, 0, 0, 0, 0, 0, 0, 0, 0, 0, 0, 0, 0, 0, 0
1.081, 0, 0, 0, 0, 0, 0, 0, 0, 0, 0, 0, 0, 0, 0
1.082, 0, 0, 0, 0, 0, 0, 0, 0, 0, 0, 0, 0, 0, 0
1.083, 0, 0, 0, 0, 0, 0, 0, 0, 0, 0, 0, 0, 0, 0
1.084, 0, 0, 0, 0, 0, 0, 0, 0, 0, 0, 0, 0, 0, 0
1.085, 0, 0, 0, 0, 0, 0, 0, 0, 0, 0, 0, 0, 0, 0
1.086, 0, 0, 0, 0, 0, 0, 0, 0, 0, 0, 0, 0, 0, 0
1.087, 0, 0, 0, 0, 0, 0, 0, 0, 0, 0, 0, 0, 0, 0
1.088, 0, 0, 0, 0, 0, 0, 0, 0, 0, 0, 0, 0, 0, 0
1.089, 0, 0, 0, 0, 0, 0, 0, 0, 0, 0, 0, 0, 0, 0
1.09, 0, 0, 0, 0, 0, 0, 0, 0, 0, 0, 0, 0, 0, 0
1.091, 0, 0, 0, 0, 0, 0, 0, 0, 0, 0, 0, 0, 0, 0
1.092, 0, 0, 0, 0, 0, 0, 0, 0, 0, 0, 0, 0, 0, 0
1.093, 0, 0, 0, 0, 0, 0, 0, 0, 0, 0, 0, 0, 0, 0
1.094, 0, 0, 0, 0, 0, 0, 0, 0, 0, 0, 0, 0, 0, 0
1.095, 0, 0, 0, 0, 0, 0, 0, 0, 0, 0, 0, 0, 0, 0
1.096, 0, 0, 0, 0, 0, 0, 0, 0, 0, 0, 0, 0, 0, 0
1.097, 0, 0, 0, 0, 0, 0, 0, 0, 0, 0, 0, 0, 0, 0
1.098, 0, 0, 0, 0, 0, 0, 0, 0, 0, 0, 0, 0, 0, 0
1.099, 0, 0, 0, 0, 0, 0, 0, 0, 0, 0, 0, 0, 0, 0
1.1, 0, 0, 0, 0, 0, 0, 0, 0, 0, 0, 0, 0, 0, 0
1.101, 0, 0, 0, 0, 0, 0, 0, 0, 0, 0, 0, 0, 0, 0
1.102, 0, 0, 0, 0, 0, 0, 0, 0, 0, 0, 0, 0, 0, 0
1.103, 0, 0, 0, 0, 0, 0, 0, 0, 0, 0, 0, 0, 0, 0
1.104, 0, 0, 0, 0, 0, 0, 0, 0, 0, 0, 0, 0, 0, 0
1.105, 0, 0, 0, 0, 0, 0, 0, 0, 0, 0, 0, 0, 0, 0
1.106, 0, 0, 0, 0, 0, 0, 0, 0, 0, 0, 0, 0, 0, 0
1.107, 0, 0, 0, 0, 0, 0, 0, 0, 0, 0, 0, 0, 0, 0
1.108, 0, 0, 0, 0, 0, 0, 0, 0, 0, 0, 0, 0, 0, 0
1.109, 0, 0, 0, 0, 0, 0, 0, 0, 0, 0, 0, 0, 0, 0
1.11, 0, 0, 0, 0, 0, 0, 0, 0, 0, 0, 0, 0, 0, 0
1.111, 0, 0, 0, 0, 0, 0, 0, 0, 0, 0, 0, 0, 0, 0
1.112, 0, 0, 0, 0, 0, 0, 0, 0, 0, 0, 0, 0, 0, 0
1.113, 0, 0, 0, 0, 0, 0, 0, 0, 0, 0, 0, 0, 0, 0
1.114, 0, 0, 0, 0, 0, 0, 0, 0, 0, 0, 0, 0, 0, 0
1.115, 0, 0, 0, 0, 0, 0, 0, 0, 0, 0, 0, 0, 0, 0
1.116, 0, 0, 0, 0, 0, 0, 0, 0, 0, 0, 0, 0, 0, 0
1.117, 0, 0, 0, 0, 0, 0, 0, 0, 0, 0, 0, 0, 0, 0
1.118, 0, 0, 0, 0, 0, 0, 0, 0, 0, 0, 0, 0, 0, 0
1.119, 0, 0, 0, 0, 0, 0, 0, 0, 0, 0, 0, 0, 0, 0
1.12, 0, 0, 0, 0, 0, 0, 0, 0, 0, 0, 0, 0, 0, 0
1.121, 0, 0, 0, 0, 0, 0, 0, 0, 0, 0, 0, 0, 0, 0
1.122, 0, 0, 0, 0, 0, 0, 0, 0, 0, 0, 0, 0, 0, 0
1.123, 0, 0, 0, 0, 0, 0, 0, 0, 0, 0, 0, 0, 0, 0
1.124, 0, 0, 0, 0, 0, 0, 0, 0, 0, 0, 0, 0, 0, 0
1.125, 0, 0, 0, 0, 0, 0, 0, 0, 0, 0, 0, 0, 0, 0
1.126, 0, 0, 0, 0, 0, 0, 0, 0, 0, 0, 0, 0, 0, 0
1.127, 0, 0, 0, 0, 0, 0, 0, 0, 0, 0, 0, 0, 0, 0
1.128, 0, 0, 0, 0, 0, 0, 0, 0, 0, 0, 0, 0, 0, 0
1.129, 0, 0, 0, 0, 0, 0, 0, 0, 0, 0, 0, 0, 0, 0
1.13, 0, 0, 0, 0, 0, 0, 0, 0, 0, 0, 0, 0, 0, 0
1.131, 0, 0, 0, 0, 0, 0, 0, 0, 0, 0, 0, 0, 0, 0
1.132, 0, 0, 0, 0, 0, 0, 0, 0, 0, 0, 0, 0, 0, 0
1.133, 0, 0, 0, 0, 0, 0, 0, 0, 0, 0, 0, 0, 0, 0
1.134, 0, 0, 0, 0, 0, 0, 0, 0, 0, 0, 0, 0, 0, 0
1.135, 0, 0, 0, 0, 0, 0, 0, 0, 0, 0, 0, 0, 0, 0
1.136, 0, 0, 0, 0, 0, 0, 0, 0, 0, 0, 0, 0, 0, 0
1.137, 0, 0, 0, 0, 0, 0, 0, 0, 0, 0, 0, 0, 0, 0
1.138, 0, 0, 0, 0, 0, 0, 0, 0, 0, 0, 0, 0, 0, 0
1.139, 0, 0, 0, 0, 0, 0, 0, 0, 0, 0, 0, 0, 0, 0
1.14, 0, 0, 0, 0, 0, 0, 0, 0, 0, 0, 0, 0, 0, 0
1.141, 0, 0, 0, 0, 0, 0, 0, 0, 0, 0, 0, 0, 0, 0
1.142, 0, 0, 0, 0, 0, 0, 0, 0, 0, 0, 0, 0, 0, 0
1.143, 0, 0, 0, 0, 0, 0, 0, 0, 0, 0, 0, 0, 0, 0
1.144, 0, 0, 0, 0, 0, 0, 0, 0, 0, 0, 0, 0, 0, 0
1.145, 0, 0, 0, 0, 0, 0, 0, 0, 0, 0, 0, 0, 0, 0
1.146, 0, 0, 0, 0, 0, 0, 0, 0, 0, 0, 0, 0, 0, 0
1.147, 0, 0, 0, 0, 0, 0, 0, 0, 0, 0, 0, 0, 0, 0
1.148, 0, 0, 0, 0, 0, 0, 0, 0, 0, 0, 0, 0, 0, 0
1.149, 0, 0, 0, 0, 0, 0, 0, 0, 0, 0, 0, 0, 0, 0
1.15, 0, 0, 0, 0, 0, 0, 0, 0, 0, 0, 0, 0, 0, 0
1.151, 0, 0, 0, 0, 0, 0, 0, 0, 0, 0, 0, 0, 0, 0
1.152, 0, 0, 0, 0, 0, 0, 0, 0, 0, 0, 0, 0, 0, 0
1.153, 0, 0, 0, 0, 0, 0, 0, 0, 0, 0, 0, 0, 0, 0
1.154, 0, 0, 0, 0, 0, 0, 0, 0, 0, 0, 0, 0, 0, 0
1.155, 0, 0, 0, 0, 0, 0, 0, 0, 0, 0, 0, 0, 0, 0
1.156, 0, 0, 0, 0, 0, 0, 0, 0, 0, 0, 0, 0, 0, 0
1.157, 0, 0, 0, 0, 0, 0, 0, 0, 0, 0, 0, 0, 0, 0
1.158, 0, 0, 0, 0, 0, 0, 0, 0, 0, 0, 0, 0, 0, 0
1.159, 0, 0, 0, 0, 0, 0, 0, 0, 0, 0, 0, 0, 0, 0
1.16, 0, 0, 0, 0, 0, 0, 0, 0, 0, 0, 0, 0, 0, 0
1.161, 0, 0, 0, 0, 0, 0, 0, 0, 0, 0, 0, 0, 0, 0
1.162, 0, 0, 0, 0, 0, 0, 0, 0, 0, 0, 0, 0, 0, 0
1.163, 0, 0, 0, 0, 0, 0, 0, 0, 0, 0, 0, 0, 0, 0
1.164, 0, 0, 0, 0, 0, 0, 0, 0, 0, 0, 0, 0, 0, 0
1.165, 0, 0, 0, 0, 0, 0, 0, 0, 0, 0, 0, 0, 0, 0
1.166, 0, 0, 0, 0, 0, 0, 0, 0, 0, 0, 0, 0, 0, 0
1.167, 0, 0, 0, 0, 0, 0, 0, 0, 0, 0, 0, 0, 0, 0
1.168, 0, 0, 0, 0, 0, 0, 0, 0, 0, 0, 0, 0, 0, 0
1.169, 0, 0, 0, 0, 0, 0, 0, 0, 0, 0, 0, 0, 0, 0
1.17, 0, 0, 0, 0, 0, 0, 0, 0, 0, 0, 0, 0, 0, 0
1.171, 0, 0, 0, 0, 0, 0, 0, 0, 0, 0, 0, 0, 0, 0
1.172, 0, 0, 0, 0, 0, 0, 0, 0, 0, 0, 0, 0, 0, 0
1.173, 0, 0, 0, 0, 0, 0, 0, 0, 0, 0, 0, 0, 0, 0
1.174, 0, 0, 0, 0, 0, 0, 0, 0, 0, 0, 0, 0, 0, 0
1.175, 0, 0, 0, 0, 0, 0, 0, 0, 0, 0, 0, 0, 0, 0
1.176, 0, 0, 0, 0, 0, 0, 0, 0, 0, 0, 0, 0, 0, 0
1.177, 0, 0, 0, 0, 0, 0, 0, 0, 0, 0, 0, 0, 0, 0
1.178, 0, 0, 0, 0, 0, 0, 0, 0, 0, 0, 0, 0, 0, 0
1.179, 0, 0, 0, 0, 0, 0, 0, 0, 0, 0, 0, 0, 0, 0
1.18, 0, 0, 0, 0, 0, 0, 0, 0, 0, 0, 0, 0, 0, 0
1.181, 0, 0, 0, 0, 0, 0, 0, 0, 0, 0, 0, 0, 0, 0
1.182, 0, 0, 0, 0, 0, 0, 0, 0, 0, 0, 0, 0, 0, 0
1.183, 0, 0, 0, 0, 0, 0, 0, 0, 0, 0, 0, 0, 0, 0
1.184, 0, 0, 0, 0, 0, 0, 0, 0, 0, 0, 0, 0, 0, 0
1.185, 0, 0, 0, 0, 0, 0, 0, 0, 0, 0, 0, 0, 0, 0
1.186, 0, 0, 0, 0, 0, 0, 0, 0, 0, 0, 0, 0, 0, 0
1.187, 0, 0, 0, 0, 0, 0, 0, 0, 0, 0, 0, 0, 0, 0
1.188, 0, 0, 0, 0, 0, 0, 0, 0, 0, 0, 0, 0, 0, 0
1.189, 0, 0, 0, 0, 0, 0, 0, 0, 0, 0, 0, 0, 0, 0
1.19, 0, 0, 0, 0, 0, 0, 0, 0, 0, 0, 0, 0, 0, 0
1.191, 0, 0, 0, 0, 0, 0, 0, 0, 0, 0, 0, 0, 0, 0
1.192, 0, 0, 0, 0, 0, 0, 0, 0, 0, 0, 0, 0, 0, 0
1.193, 0, 0, 0, 0, 0, 0, 0, 0, 0, 0, 0, 0, 0, 0
1.194, 0, 0, 0, 0, 0, 0, 0, 0, 0, 0, 0, 0, 0, 0
1.195, 0, 0, 0, 0, 0, 0, 0, 0, 0, 0, 0, 0, 0, 0
1.196, 0, 0, 0, 0, 0, 0, 0, 0, 0, 0, 0, 0, 0, 0
1.197, 0, 0, 0, 0, 0, 0, 0, 0, 0, 0, 0, 0, 0, 0
1.198, 0, 0, 0, 0, 0, 0, 0, 0, 0, 0, 0, 0, 0, 0
1.199, 0, 0, 0, 0, 0, 0, 0, 0, 0, 0, 0, 0, 0, 0
1.2, 0, 0, 0, 0, 0, 0, 0, 0, 0, 0, 0, 0, 0, 0
1.201, 0, 0, 0, 0, 0, 0, 0, 0, 0, 0, 0, 0, 0, 0
1.202, 0, 0, 0, 0, 0, 0, 0, 0, 0, 0, 0, 0, 0, 0
1.203, 0, 0, 0, 0, 0, 0, 0, 0, 0, 0, 0, 0, 0, 0
1.204, 0, 0, 0, 0, 0, 0, 0, 0, 0, 0, 0, 0, 0, 0
1.205, 0, 0, 0, 0, 0, 0, 0, 0, 0, 0, 0, 0, 0, 0
1.206, 0, 0, 0, 0, 0, 0, 0, 0, 0, 0, 0, 0, 0, 0
1.207, 0, 0, 0, 0, 0, 0, 0, 0, 0, 0, 0, 0, 0, 0
1.208, 0, 0, 0, 0, 0, 0, 0, 0, 0, 0, 0, 0, 0, 0
1.209, 0, 0, 0, 0, 0, 0, 0, 0, 0, 0, 0, 0, 0, 0
1.21, 0, 0, 0, 0, 0, 0, 0, 0, 0, 0, 0, 0, 0, 0
1.211, 0, 0, 0, 0, 0, 0, 0, 0, 0, 0, 0, 0, 0, 0
1.212, 0, 0, 0, 0, 0, 0, 0, 0, 0, 0, 0, 0, 0, 0
1.213, 0, 0, 0, 0, 0, 0, 0, 0, 0, 0, 0, 0, 0, 0
1.214, 0, 0, 0, 0, 0, 0, 0, 0, 0, 0, 0, 0, 0, 0
1.215, 0, 0, 0, 0, 0, 0, 0, 0, 0, 0, 0, 0, 0, 0
1.216, 0, 0, 0, 0, 0, 0, 0, 0, 0, 0, 0, 0, 0, 0
1.217, 0, 0, 0, 0, 0, 0, 0, 0, 0, 0, 0, 0, 0, 0
1.218, 0, 0, 0, 0, 0, 0, 0, 0, 0, 0, 0, 0, 0, 0
1.219, 0, 0, 0, 0, 0, 0, 0, 0, 0, 0, 0, 0, 0, 0
1.22, 0, 0, 0, 0, 0, 0, 0, 0, 0, 0, 0, 0, 0, 0
1.221, 0, 0, 0, 0, 0, 0, 0, 0, 0, 0, 0, 0, 0, 0
1.222, 0, 0, 0, 0, 0, 0, 0, 0, 0, 0, 0, 0, 0, 0
1.223, 0, 0, 0, 0, 0, 0, 0, 0, 0, 0, 0, 0, 0, 0
1.224, 0, 0, 0, 0, 0, 0, 0, 0, 0, 0, 0, 0, 0, 0
1.225, 0, 0, 0, 0, 0, 0, 0, 0, 0, 0, 0, 0, 0, 0
1.226, 0, 0, 0, 0, 0, 0, 0, 0, 0, 0, 0, 0, 0, 0
1.227, 0, 0, 0, 0, 0, 0, 0, 0, 0, 0, 0, 0, 0, 0
1.228, 0, 0, 0, 0, 0, 0, 0, 0, 0, 0, 0, 0, 0, 0
1.229, 0, 0, 0, 0, 0, 0, 0, 0, 0, 0, 0, 0, 0, 0
1.23, 0, 0, 0, 0, 0, 0, 0, 0, 0, 0, 0, 0, 0, 0
1.231, 0, 0, 0, 0, 0, 0, 0, 0, 0, 0, 0, 0, 0, 0
1.232, 0, 0, 0, 0, 0, 0, 0, 0, 0, 0, 0, 0, 0, 0
1.233, 0, 0, 0, 0, 0, 0, 0, 0, 0, 0, 0, 0, 0, 0
1.234, 0, 0, 0, 0, 0, 0, 0, 0, 0, 0, 0, 0, 0, 0
1.235, 0, 0, 0, 0, 0, 0, 0, 0, 0, 0, 0, 0, 0, 0
1.236, 0, 0, 0, 0, 0, 0, 0, 0, 0, 0, 0, 0, 0, 0
1.237, 0, 0, 0, 0, 0, 0, 0, 0, 0, 0, 0, 0, 0, 0
1.238, 0, 0, 0, 0, 0, 0, 0, 0, 0, 0, 0, 0, 0, 0
1.239, 0, 0, 0, 0, 0, 0, 0, 0, 0, 0, 0, 0, 0, 0
1.24, 0, 0, 0, 0, 0, 0, 0, 0, 0, 0, 0, 0, 0, 0
1.241, 0, 0, 0, 0, 0, 0, 0, 0, 0, 0, 0, 0, 0, 0
1.242, 0, 0, 0, 0, 0, 0, 0, 0, 0, 0, 0, 0, 0, 0
1.243, 0, 0, 0, 0, 0, 0, 0, 0, 0, 0, 0, 0, 0, 0
1.244, 0, 0, 0, 0, 0, 0, 0, 0, 0, 0, 0, 0, 0, 0
1.245, 0, 0, 0, 0, 0, 0, 0, 0, 0, 0, 0, 0, 0, 0
1.246, 0, 0, 0, 0, 0, 0, 0, 0, 0, 0, 0, 0, 0, 0
1.247, 0, 0, 0, 0, 0, 0, 0, 0, 0, 0, 0, 0, 0, 0
1.248, 0, 0, 0, 0, 0, 0, 0, 0, 0, 0, 0, 0, 0, 0
1.249, 0, 0, 0, 0, 0, 0, 0, 0, 0, 0, 0, 0, 0, 0
1.25, 0, 0, 0, 0, 0, 0, 0, 0, 0, 0, 0, 0, 0, 0
1.251, 0, 0, 0, 0, 0, 0, 0, 0, 0, 0, 0, 0, 0, 0
1.252, 0, 0, 0, 0, 0, 0, 0, 0, 0, 0, 0, 0, 0, 0
1.253, 0, 0, 0, 0, 0, 0, 0, 0, 0, 0, 0, 0, 0, 0
1.254, 0, 0, 0, 0, 0, 0, 0, 0, 0, 0, 0, 0, 0, 0
1.255, 0, 0, 0, 0, 0, 0, 0, 0, 0, 0, 0, 0, 0, 0
1.256, 0, 0, 0, 0, 0, 0, 0, 0, 0, 0, 0, 0, 0, 0
1.257, 0, 0, 0, 0, 0, 0, 0, 0, 0, 0, 0, 0, 0, 0
1.258, 0, 0, 0, 0, 0, 0, 0, 0, 0, 0, 0, 0, 0, 0
1.259, 0, 0, 0, 0, 0, 0, 0, 0, 0, 0, 0, 0, 0, 0
1.26, 0, 0, 0, 0, 0, 0, 0, 0, 0, 0, 0, 0, 0, 0
1.261, 0, 0, 0, 0, 0, 0, 0, 0, 0, 0, 0, 0, 0, 0
1.262, 0, 0, 0, 0, 0, 0, 0, 0, 0, 0, 0, 0, 0, 0
1.263, 0, 0, 0, 0, 0, 0, 0, 0, 0, 0, 0, 0, 0, 0
1.264, 0, 0, 0, 0, 0, 0, 0, 0, 0, 0, 0, 0, 0, 0
1.265, 0, 0, 0, 0, 0, 0, 0, 0, 0, 0, 0, 0, 0, 0
1.266, 0, 0, 0, 0, 0, 0, 0, 0, 0, 0, 0, 0, 0, 0
1.267, 0, 0, 0, 0, 0, 0, 0, 0, 0, 0, 0, 0, 0, 0
1.268, 0, 0, 0, 0, 0, 0, 0, 0, 0, 0, 0, 0, 0, 0
1.269, 0, 0, 0, 0, 0, 0, 0, 0, 0, 0, 0, 0, 0, 0
1.27, 0, 0, 0, 0, 0, 0, 0, 0, 0, 0, 0, 0, 0, 0
1.271, 0, 0, 0, 0, 0, 0, 0, 0, 0, 0, 0, 0, 0, 0
1.272, 0, 0, 0, 0, 0, 0, 0, 0, 0, 0, 0, 0, 0, 0
1.273, 0, 0, 0, 0, 0, 0, 0, 0, 0, 0, 0, 0, 0, 0
1.274, 0, 0, 0, 0, 0, 0, 0, 0, 0, 0, 0, 0, 0, 0
1.275, 0, 0, 0, 0, 0, 0, 0, 0, 0, 0, 0, 0, 0, 0
1.276, 0, 0, 0, 0, 0, 0, 0, 0, 0, 0, 0, 0, 0, 0
1.277, 0, 0, 0, 0, 0, 0, 0, 0, 0, 0, 0, 0, 0, 0
1.278, 0, 0, 0, 0, 0, 0, 0, 0, 0, 0, 0, 0, 0, 0
1.279, 0, 0, 0, 0, 0, 0, 0, 0, 0, 0, 0, 0, 0, 0
1.28, 0, 0, 0, 0, 0, 0, 0, 0, 0, 0, 0, 0, 0, 0
1.281, 0, 0, 0, 0, 0, 0, 0, 0, 0, 0, 0, 0, 0, 0
1.282, 0, 0, 0, 0, 0, 0, 0, 0, 0, 0, 0, 0, 0, 0
1.283, 0, 0, 0, 0, 0, 0, 0, 0, 0, 0, 0, 0, 0, 0
1.284, 0, 0, 0, 0, 0, 0, 0, 0, 0, 0, 0, 0, 0, 0
1.285, 0, 0, 0, 0, 0, 0, 0, 0, 0, 0, 0, 0, 0, 0
1.286, 0, 0, 0, 0, 0, 0, 0, 0, 0, 0, 0, 0, 0, 0
1.287, 0, 0, 0, 0, 0, 0, 0, 0, 0, 0, 0, 0, 0, 0
1.288, 0, 0, 0, 0, 0, 0, 0, 0, 0, 0, 0, 0, 0, 0
1.289, 0, 0, 0, 0, 0, 0, 0, 0, 0, 0, 0, 0, 0, 0
1.29, 0, 0, 0, 0, 0, 0, 0, 0, 0, 0, 0, 0, 0, 0
1.291, 0, 0, 0, 0, 0, 0, 0, 0, 0, 0, 0, 0, 0, 0
1.292, 0, 0, 0, 0, 0, 0, 0, 0, 0, 0, 0, 0, 0, 0
1.293, 0, 0, 0, 0, 0, 0, 0, 0, 0, 0, 0, 0, 0, 0
1.294, 0, 0, 0, 0, 0, 0, 0, 0, 0, 0, 0, 0, 0, 0
1.295, 0, 0, 0, 0, 0, 0, 0, 0, 0, 0, 0, 0, 0, 0
1.296, 0, 0, 0, 0, 0, 0, 0, 0, 0, 0, 0, 0, 0, 0
1.297, 0, 0, 0, 0, 0, 0, 0, 0, 0, 0, 0, 0, 0, 0
1.298, 0, 0, 0, 0, 0, 0, 0, 0, 0, 0, 0, 0, 0, 0
1.299, 0, 0, 0, 0, 0, 0, 0, 0, 0, 0, 0, 0, 0, 0
1.3, 0, 0, 0, 0, 0, 0, 0, 0, 0, 0, 0, 0, 0, 0
1.301, 0, 0, 0, 0, 0, 0, 0, 0, 0, 0, 0, 0, 0, 0
1.302, 0, 0, 0, 0, 0, 0, 0, 0, 0, 0, 0, 0, 0, 0
1.303, 0, 0, 0, 0, 0, 0, 0, 0, 0, 0, 0, 0, 0, 0
1.304, 0, 0, 0, 0, 0, 0, 0, 0, 0, 0, 0, 0, 0, 0
1.305, 0, 0, 0, 0, 0, 0, 0, 0, 0, 0, 0, 0, 0, 0
1.306, 0, 0, 0, 0, 0, 0, 0, 0, 0, 0, 0, 0, 0, 0
1.307, 0, 0, 0, 0, 0, 0, 0, 0, 0, 0, 0, 0, 0, 0
1.308, 0, 0, 0, 0, 0, 0, 0, 0, 0, 0, 0, 0, 0, 0
1.309, 0, 0, 0, 0, 0, 0, 0, 0, 0, 0, 0, 0, 0, 0
1.31, 0, 0, 0, 0, 0, 0, 0, 0, 0, 0, 0, 0, 0, 0
1.311, 0, 0, 0, 0, 0, 0, 0, 0, 0, 0, 0, 0, 0, 0
1.312, 0, 0, 0, 0, 0, 0, 0, 0, 0, 0, 0, 0, 0, 0
1.313, 0, 0, 0, 0, 0, 0, 0, 0, 0, 0, 0, 0, 0, 0
1.314, 0, 0, 0, 0, 0, 0, 0, 0, 0, 0, 0, 0, 0, 0
1.315, 0, 0, 0, 0, 0, 0, 0, 0, 0, 0, 0, 0, 0, 0
1.316, 0, 0, 0, 0, 0, 0, 0, 0, 0, 0, 0, 0, 0, 0
1.317, 0, 0, 0, 0, 0, 0, 0, 0, 0, 0, 0, 0, 0, 0
1.318, 0, 0, 0, 0, 0, 0, 0, 0, 0, 0, 0, 0, 0, 0
1.319, 0, 0, 0, 0, 0, 0, 0, 0, 0, 0, 0, 0, 0, 0
1.32, 0, 0, 0, 0, 0, 0, 0, 0, 0, 0, 0, 0, 0, 0
1.321, 0, 0, 0, 0, 0, 0, 0, 0, 0, 0, 0, 0, 0, 0
1.322, 0, 0, 0, 0, 0, 0, 0, 0, 0, 0, 0, 0, 0, 0
1.323, 0, 0, 0, 0, 0, 0, 0, 0, 0, 0, 0, 0, 0, 0
1.324, 0, 0, 0, 0, 0, 0, 0, 0, 0, 0, 0, 0, 0, 0
1.325, 0, 0, 0, 0, 0, 0, 0, 0, 0, 0, 0, 0, 0, 0
1.326, 0, 0, 0, 0, 0, 0, 0, 0, 0, 0, 0, 0, 0, 0
1.327, 0, 0, 0, 0, 0, 0, 0, 0, 0, 0, 0, 0, 0, 0
1.328, 0, 0, 0, 0, 0, 0, 0, 0, 0, 0, 0, 0, 0, 0
1.329, 0, 0, 0, 0, 0, 0, 0, 0, 0, 0, 0, 0, 0, 0
1.33, 0, 0, 0, 0, 0, 0, 0, 0, 0, 0, 0, 0, 0, 0
1.331, 0, 0, 0, 0, 0, 0, 0, 0, 0, 0, 0, 0, 0, 0
1.332, 0, 0, 0, 0, 0, 0, 0, 0, 0, 0, 0, 0, 0, 0
1.333, 0, 0, 0, 0, 0, 0, 0, 0, 0, 0, 0, 0, 0, 0
1.334, 0, 0, 0, 0, 0, 0, 0, 0, 0, 0, 0, 0, 0, 0
1.335, 0, 0, 0, 0, 0, 0, 0, 0, 0, 0, 0, 0, 0, 0
1.336, 0, 0, 0, 0, 0, 0, 0, 0, 0, 0, 0, 0, 0, 0
1.337, 0, 0, 0, 0, 0, 0, 0, 0, 0, 0, 0, 0, 0, 0
1.338, 0, 0, 0, 0, 0, 0, 0, 0, 0, 0, 0, 0, 0, 0
1.339, 0, 0, 0, 0, 0, 0, 0, 0, 0, 0, 0, 0, 0, 0
1.34, 0, 0, 0, 0, 0, 0, 0, 0, 0, 0, 0, 0, 0, 0
1.341, 0, 0, 0, 0, 0, 0, 0, 0, 0, 0, 0, 0, 0, 0
1.342, 0, 0, 0, 0, 0, 0, 0, 0, 0, 0, 0, 0, 0, 0
1.343, 0, 0, 0, 0, 0, 0, 0, 0, 0, 0, 0, 0, 0, 0
1.344, 0, 0, 0, 0, 0, 0, 0, 0, 0, 0, 0, 0, 0, 0
1.345, 0, 0, 0, 0, 0, 0, 0, 0, 0, 0, 0, 0, 0, 0
1.346, 0, 0, 0, 0, 0, 0, 0, 0, 0, 0, 0, 0, 0, 0
1.347, 0, 0, 0, 0, 0, 0, 0, 0, 0, 0, 0, 0, 0, 0
1.348, 0, 0, 0, 0, 0, 0, 0, 0, 0, 0, 0, 0, 0, 0
1.349, 0, 0, 0, 0, 0, 0, 0, 0, 0, 0, 0, 0, 0, 0
1.35, 0, 0, 0, 0, 0, 0, 0, 0, 0, 0, 0, 0, 0, 0
1.351, 0, 0, 0, 0, 0, 0, 0, 0, 0, 0, 0, 0, 0, 0
1.352, 0, 0, 0, 0, 0, 0, 0, 0, 0, 0, 0, 0, 0, 0
1.353, 0, 0, 0, 0, 0, 0, 0, 0, 0, 0, 0, 0, 0, 0
1.354, 0, 0, 0, 0, 0, 0, 0, 0, 0, 0, 0, 0, 0, 0
1.355, 0, 0, 0, 0, 0, 0, 0, 0, 0, 0, 0, 0, 0, 0
1.356, 0, 0, 0, 0, 0, 0, 0, 0, 0, 0, 0, 0, 0, 0
1.357, 0, 0, 0, 0, 0, 0, 0, 0, 0, 0, 0, 0, 0, 0
1.358, 0, 0, 0, 0, 0, 0, 0, 0, 0, 0, 0, 0, 0, 0
1.359, 0, 0, 0, 0, 0, 0, 0, 0, 0, 0, 0, 0, 0, 0
1.36, 0, 0, 0, 0, 0, 0, 0, 0, 0, 0, 0, 0, 0, 0
1.361, 0, 0, 0, 0, 0, 0, 0, 0, 0, 0, 0, 0, 0, 0
1.362, 0, 0, 0, 0, 0, 0, 0, 0, 0, 0, 0, 0, 0, 0
1.363, 0, 0, 0, 0, 0, 0, 0, 0, 0, 0, 0, 0, 0, 0
1.364, 0, 0, 0, 0, 0, 0, 0, 0, 0, 0, 0, 0, 0, 0
1.365, 0, 0, 0, 0, 0, 0, 0, 0, 0, 0, 0, 0, 0, 0
1.366, 0, 0, 0, 0, 0, 0, 0, 0, 0, 0, 0, 0, 0, 0
1.367, 0, 0, 0, 0, 0, 0, 0, 0, 0, 0, 0, 0, 0, 0
1.368, 0, 0, 0, 0, 0, 0, 0, 0, 0, 0, 0, 0, 0, 0
1.369, 0, 0, 0, 0, 0, 0, 0, 0, 0, 0, 0, 0, 0, 0
1.37, 0, 0, 0, 0, 0, 0, 0, 0, 0, 0, 0, 0, 0, 0
1.371, 0, 0, 0, 0, 0, 0, 0, 0, 0, 0, 0, 0, 0, 0
1.372, 0, 0, 0, 0, 0, 0, 0, 0, 0, 0, 0, 0, 0, 0
1.373, 0, 0, 0, 0, 0, 0, 0, 0, 0, 0, 0, 0, 0, 0
1.374, 0, 0, 0, 0, 0, 0, 0, 0, 0, 0, 0, 0, 0, 0
1.375, 0, 0, 0, 0, 0, 0, 0, 0, 0, 0, 0, 0, 0, 0
1.376, 0, 0, 0, 0, 0, 0, 0, 0, 0, 0, 0, 0, 0, 0
1.377, 0, 0, 0, 0, 0, 0, 0, 0, 0, 0, 0, 0, 0, 0
1.378, 0, 0, 0, 0, 0, 0, 0, 0, 0, 0, 0, 0, 0, 0
1.379, 0, 0, 0, 0, 0, 0, 0, 0, 0, 0, 0, 0, 0, 0
1.38, 0, 0, 0, 0, 0, 0, 0, 0, 0, 0, 0, 0, 0, 0
1.381, 0, 0, 0, 0, 0, 0, 0, 0, 0, 0, 0, 0, 0, 0
1.382, 0, 0, 0, 0, 0, 0, 0, 0, 0, 0, 0, 0, 0, 0
1.383, 0, 0, 0, 0, 0, 0, 0, 0, 0, 0, 0, 0, 0, 0
1.384, 0, 0, 0, 0, 0, 0, 0, 0, 0, 0, 0, 0, 0, 0
1.385, 0, 0, 0, 0, 0, 0, 0, 0, 0, 0, 0, 0, 0, 0
1.386, 0, 0, 0, 0, 0, 0, 0, 0, 0, 0, 0, 0, 0, 0
1.387, 0, 0, 0, 0, 0, 0, 0, 0, 0, 0, 0, 0, 0, 0
1.388, 0, 0, 0, 0, 0, 0, 0, 0, 0, 0, 0, 0, 0, 0
1.389, 0, 0, 0, 0, 0, 0, 0, 0, 0, 0, 0, 0, 0, 0
1.39, 0, 0, 0, 0, 0, 0, 0, 0, 0, 0, 0, 0, 0, 0
1.391, 0, 0, 0, 0, 0, 0, 0, 0, 0, 0, 0, 0, 0, 0
1.392, 0, 0, 0, 0, 0, 0, 0, 0, 0, 0, 0, 0, 0, 0
1.393, 0, 0, 0, 0, 0, 0, 0, 0, 0, 0, 0, 0, 0, 0
1.394, 0, 0, 0, 0, 0, 0, 0, 0, 0, 0, 0, 0, 0, 0
1.395, 0, 0, 0, 0, 0, 0, 0, 0, 0, 0, 0, 0, 0, 0
1.396, 0, 0, 0, 0, 0, 0, 0, 0, 0, 0, 0, 0, 0, 0
1.397, 0, 0, 0, 0, 0, 0, 0, 0, 0, 0, 0, 0, 0, 0
1.398, 0, 0, 0, 0, 0, 0, 0, 0, 0, 0, 0, 0, 0, 0
1.399, 0, 0, 0, 0, 0, 0, 0, 0, 0, 0, 0, 0, 0, 0
1.4, 0, 0, 0, 0, 0, 0, 0, 0, 0, 0, 0, 0, 0, 0
1.401, 0, 0, 0, 0, 0, 0, 0, 0, 0, 0, 0, 0, 0, 0
1.402, 0, 0, 0, 0, 0, 0, 0, 0, 0, 0, 0, 0, 0, 0
1.403, 0, 0, 0, 0, 0, 0, 0, 0, 0, 0, 0, 0, 0, 0
1.404, 0, 0, 0, 0, 0, 0, 0, 0, 0, 0, 0, 0, 0, 0
1.405, 0, 0, 0, 0, 0, 0, 0, 0, 0, 0, 0, 0, 0, 0
1.406, 0, 0, 0, 0, 0, 0, 0, 0, 0, 0, 0, 0, 0, 0
1.407, 0, 0, 0, 0, 0, 0, 0, 0, 0, 0, 0, 0, 0, 0
1.408, 0, 0, 0, 0, 0, 0, 0, 0, 0, 0, 0, 0, 0, 0
1.409, 0, 0, 0, 0, 0, 0, 0, 0, 0, 0, 0, 0, 0, 0
1.41, 0, 0, 0, 0, 0, 0, 0, 0, 0, 0, 0, 0, 0, 0
1.411, 0, 0, 0, 0, 0, 0, 0, 0, 0, 0, 0, 0, 0, 0
1.412, 0, 0, 0, 0, 0, 0, 0, 0, 0, 0, 0, 0, 0, 0
1.413, 0, 0, 0, 0, 0, 0, 0, 0, 0, 0, 0, 0, 0, 0
1.414, 0, 0, 0, 0, 0, 0, 0, 0, 0, 0, 0, 0, 0, 0
1.415, 0, 0, 0, 0, 0, 0, 0, 0, 0, 0, 0, 0, 0, 0
1.416, 0, 0, 0, 0, 0, 0, 0, 0, 0, 0, 0, 0, 0, 0
1.417, 0, 0, 0, 0, 0, 0, 0, 0, 0, 0, 0, 0, 0, 0
1.418, 0, 0, 0, 0, 0, 0, 0, 0, 0, 0, 0, 0, 0, 0
1.419, 0, 0, 0, 0, 0, 0, 0, 0, 0, 0, 0, 0, 0, 0
1.42, 0, 0, 0, 0, 0, 0, 0, 0, 0, 0, 0, 0, 0, 0
1.421, 0, 0, 0, 0, 0, 0, 0, 0, 0, 0, 0, 0, 0, 0
1.422, 0, 0, 0, 0, 0, 0, 0, 0, 0, 0, 0, 0, 0, 0
1.423, 0, 0, 0, 0, 0, 0, 0, 0, 0, 0, 0, 0, 0, 0
1.424, 0, 0, 0, 0, 0, 0, 0, 0, 0, 0, 0, 0, 0, 0
1.425, 0, 0, 0, 0, 0, 0, 0, 0, 0, 0, 0, 0, 0, 0
1.426, 0, 0, 0, 0, 0, 0, 0, 0, 0, 0, 0, 0, 0, 0
1.427, 0, 0, 0, 0, 0, 0, 0, 0, 0, 0, 0, 0, 0, 0
1.428, 0, 0, 0, 0, 0, 0, 0, 0, 0, 0, 0, 0, 0, 0
1.429, 0, 0, 0, 0, 0, 0, 0, 0, 0, 0, 0, 0, 0, 0
1.43, 0, 0, 0, 0, 0, 0, 0, 0, 0, 0, 0, 0, 0, 0
1.431, 0, 0, 0, 0, 0, 0, 0, 0, 0, 0, 0, 0, 0, 0
1.432, 0, 0, 0, 0, 0, 0, 0, 0, 0, 0, 0, 0, 0, 0
1.433, 0, 0, 0, 0, 0, 0, 0, 0, 0, 0, 0, 0, 0, 0
1.434, 0, 0, 0, 0, 0, 0, 0, 0, 0, 0, 0, 0, 0, 0
1.435, 0, 0, 0, 0, 0, 0, 0, 0, 0, 0, 0, 0, 0, 0
1.436, 0, 0, 0, 0, 0, 0, 0, 0, 0, 0, 0, 0, 0, 0
1.437, 0, 0, 0, 0, 0, 0, 0, 0, 0, 0, 0, 0, 0, 0
1.438, 0, 0, 0, 0, 0, 0, 0, 0, 0, 0, 0, 0, 0, 0
1.439, 0, 0, 0, 0, 0, 0, 0, 0, 0, 0, 0, 0, 0, 0
1.44, 0, 0, 0, 0, 0, 0, 0, 0, 0, 0, 0, 0, 0, 0
1.441, 0, 0, 0, 0, 0, 0, 0, 0, 0, 0, 0, 0, 0, 0
1.442, 0, 0, 0, 0, 0, 0, 0, 0, 0, 0, 0, 0, 0, 0
1.443, 0, 0, 0, 0, 0, 0, 0, 0, 0, 0, 0, 0, 0, 0
1.444, 0, 0, 0, 0, 0, 0, 0, 0, 0, 0, 0, 0, 0, 0
1.445, 0, 0, 0, 0, 0, 0, 0, 0, 0, 0, 0, 0, 0, 0
1.446, 0, 0, 0, 0, 0, 0, 0, 0, 0, 0, 0, 0, 0, 0
1.447, 0, 0, 0, 0, 0, 0, 0, 0, 0, 0, 0, 0, 0, 0
1.448, 0, 0, 0, 0, 0, 0, 0, 0, 0, 0, 0, 0, 0, 0
1.449, 0, 0, 0, 0, 0, 0, 0, 0, 0, 0, 0, 0, 0, 0
1.45, 0, 0, 0, 0, 0, 0, 0, 0, 0, 0, 0, 0, 0, 0
1.451, 0, 0, 0, 0, 0, 0, 0, 0, 0, 0, 0, 0, 0, 0
1.452, 0, 0, 0, 0, 0, 0, 0, 0, 0, 0, 0, 0, 0, 0
1.453, 0, 0, 0, 0, 0, 0, 0, 0, 0, 0, 0, 0, 0, 0
1.454, 0, 0, 0, 0, 0, 0, 0, 0, 0, 0, 0, 0, 0, 0
1.455, 0, 0, 0, 0, 0, 0, 0, 0, 0, 0, 0, 0, 0, 0
1.456, 0, 0, 0, 0, 0, 0, 0, 0, 0, 0, 0, 0, 0, 0
1.457, 0, 0, 0, 0, 0, 0, 0, 0, 0, 0, 0, 0, 0, 0
1.458, 0, 0, 0, 0, 0, 0, 0, 0, 0, 0, 0, 0, 0, 0
1.459, 0, 0, 0, 0, 0, 0, 0, 0, 0, 0, 0, 0, 0, 0
1.46, 0, 0, 0, 0, 0, 0, 0, 0, 0, 0, 0, 0, 0, 0
1.461, 0, 0, 0, 0, 0, 0, 0, 0, 0, 0, 0, 0, 0, 0
1.462, 0, 0, 0, 0, 0, 0, 0, 0, 0, 0, 0, 0, 0, 0
1.463, 0, 0, 0, 0, 0, 0, 0, 0, 0, 0, 0, 0, 0, 0
1.464, 0, 0, 0, 0, 0, 0, 0, 0, 0, 0, 0, 0, 0, 0
1.465, 0, 0, 0, 0, 0, 0, 0, 0, 0, 0, 0, 0, 0, 0
1.466, 0, 0, 0, 0, 0, 0, 0, 0, 0, 0, 0, 0, 0, 0
1.467, 0, 0, 0, 0, 0, 0, 0, 0, 0, 0, 0, 0, 0, 0
1.468, 0, 0, 0, 0, 0, 0, 0, 0, 0, 0, 0, 0, 0, 0
1.469, 0, 0, 0, 0, 0, 0, 0, 0, 0, 0, 0, 0, 0, 0
1.47, 0, 0, 0, 0, 0, 0, 0, 0, 0, 0, 0, 0, 0, 0
1.471, 0, 0, 0, 0, 0, 0, 0, 0, 0, 0, 0, 0, 0, 0
1.472, 0, 0, 0, 0, 0, 0, 0, 0, 0, 0, 0, 0, 0, 0
1.473, 0, 0, 0, 0, 0, 0, 0, 0, 0, 0, 0, 0, 0, 0
1.474, 0, 0, 0, 0, 0, 0, 0, 0, 0, 0, 0, 0, 0, 0
1.475, 0, 0, 0, 0, 0, 0, 0, 0, 0, 0, 0, 0, 0, 0
1.476, 0, 0, 0, 0, 0, 0, 0, 0, 0, 0, 0, 0, 0, 0
1.477, 0, 0, 0, 0, 0, 0, 0, 0, 0, 0, 0, 0, 0, 0
1.478, 0, 0, 0, 0, 0, 0, 0, 0, 0, 0, 0, 0, 0, 0
1.479, 0, 0, 0, 0, 0, 0, 0, 0, 0, 0, 0, 0, 0, 0
1.48, 0, 0, 0, 0, 0, 0, 0, 0, 0, 0, 0, 0, 0, 0
1.481, 0, 0, 0, 0, 0, 0, 0, 0, 0, 0, 0, 0, 0, 0
1.482, 0, 0, 0, 0, 0, 0, 0, 0, 0, 0, 0, 0, 0, 0
1.483, 0, 0, 0, 0, 0, 0, 0, 0, 0, 0, 0, 0, 0, 0
1.484, 0, 0, 0, 0, 0, 0, 0, 0, 0, 0, 0, 0, 0, 0
1.485, 0, 0, 0, 0, 0, 0, 0, 0, 0, 0, 0, 0, 0, 0
1.486, 0, 0, 0, 0, 0, 0, 0, 0, 0, 0, 0, 0, 0, 0
1.487, 0, 0, 0, 0, 0, 0, 0, 0, 0, 0, 0, 0, 0, 0
1.488, 0, 0, 0, 0, 0, 0, 0, 0, 0, 0, 0, 0, 0, 0
1.489, 0, 0, 0, 0, 0, 0, 0, 0, 0, 0, 0, 0, 0, 0
1.49, 0, 0, 0, 0, 0, 0, 0, 0, 0, 0, 0, 0, 0, 0
1.491, 0, 0, 0, 0, 0, 0, 0, 0, 0, 0, 0, 0, 0, 0
1.492, 0, 0, 0, 0, 0, 0, 0, 0, 0, 0, 0, 0, 0, 0
1.493, 0, 0, 0, 0, 0, 0, 0, 0, 0, 0, 0, 0, 0, 0
1.494, 0, 0, 0, 0, 0, 0, 0, 0, 0, 0, 0, 0, 0, 0
1.495, 0, 0, 0, 0, 0, 0, 0, 0, 0, 0, 0, 0, 0, 0
1.496, 0, 0, 0, 0, 0, 0, 0, 0, 0, 0, 0, 0, 0, 0
