Time,Stouch_RA5C1,Stouch_RA6D1,Stouch_RA4P2,Stouch_RA5C2,Stouch_RA6D2,Stouch_RA4P3,Stouch_RA5C3,Stouch_RA6D3,Stouch_RA4P4,Stouch_RA5C4,Stouch_RA6D4,Stouch_RA4P5,Stouch_RA5C5,Stouch_RA6D5
0, 0, 0, 0, 0, 0, 0, 0, 0, 0, 0, 0, 0, 0, 0
0.005, 0, 0, 0, 0, 0, 0, 0, 0, 0, 0.00916549, 0, 0, 0.00393154, 0.00145936
0.009, 0, 0, 0, 0, 0, 0, 0, 0, 0, 0.00891372, 0, 0, 0.00564417, 0.0011117
0.013, 0, 0, 0, 0, 0, 0, 0, 0, 0, 0.00611144, 0, 0, 0.0056491, 0.00109267
0.018, 0, 0, 0, 0, 0, 0, 0, 0, 0, 0.00442877, 0, 0, 0.00585652, 0.00100602
0.023, 0, 0, 0, 0, 0, 0, 0, 0, 0, 0.00363887, 0, 0, 0.00565909, 0.000878167
0.028, 0, 0, 0, 0, 0, 0, 0, 0, 0, 0.0032392, 0, 0, 0.00510047, 0.000720649
0.033, 0, 0, 0, 0, 0, 0, 0, 0, 0, 0.0022233, 0, 0, 0.00415213, 0.000580869
0.038, 0, 0, 0, 0, 0, 0, 0, 0, 0, 0.0956291, 0, 0, 0.0376306, 0
0.044, 0, 0, 0, 0, 0, 0, 0, 0, 0, 0.00292991, 0, 0, 0, 0
0.049, 0, 0, 0, 0, 0, 0, 0, 0, 0, 0.00261407, 0, 0, 0, 0
0.054, 0, 0, 0, 0, 0, 0, 0, 0, 0, 0.00228707, 0, 0, 0, 0
0.059, 0, 0, 0, 0, 0, 0, 0, 0, 0, 0, 0, 0, 0, 0
0.064, 0, 0, 0, 0, 0, 0, 0, 0, 0, 0, 0, 0, 0, 0
0.069, 0, 0, 0, 0, 0, 0, 0, 0, 0, 0, 0, 0, 0, 0
0.074, 0, 0, 0, 0, 0, 0, 0, 0, 0, 0, 0, 0, 0, 0
0.079, 0, 0, 0, 0, 0.0224219, 0, 0, 0, 0, 0, 0, 0, 0, 0
0.083, 0, 0, 0, 0.263066, 1.33427, 0, 0, 0, 0, 0, 0, 0, 0, 0
0.084, 0, 0, 0, 0.0705751, 1.02473, 0, 0, 0, 0, 0, 0, 0, 0, 0
0.088, 0, 0, 0, 0.0878336, 1.02221, 0, 0.306108, 0, 0, 0.208701, 0, 0, 0, 0.374705
0.092, 0, 0, 0, 0.225542, 1.28724, 0, 0.628502, 0, 0, 0.410717, 0, 0, 0, 0.375716
0.095, 0, 0, 0, 0.00486936, 0.605079, 0, 0.540252, 0, 0, 0.357338, 0, 0, 0, 0.307741
0.098, 0, 0, 0, 0, 0.665744, 0, 0.768002, 0.0970679, 0, 0.537779, 0, 0, 0, 0.522071
0.1, 0, 0, 0, 0.91377, 2.48815, 0, 1.72191, 0.0940306, 0, 1.73079, 0, 0, 0, 0.844494
0.104, 0, 0, 0, 0.0244881, 0.347142, 0, 0.300558, 0.150949, 0, 0.197309, 0.148859, 0, 0, 0.0900194
0.106, 0, 0, 0, 0, 0.702785, 0, 0.768738, 0.419371, 0, 0.518921, 0.358754, 0, 0.0243148, 0.494679
0.109, 0, 0, 0, 0.014347, 0.325735, 0, 0.618871, 0.426923, 0, 0.423074, 0.31331, 0, 0.0129417, 0.401366
0.112, 0, 0, 0, 0.00474599, 0.29281, 0, 0.749312, 0.579587, 0, 0.526134, 0.385331, 0, 0.0286035, 0.545878
0.114, 0, 0, 0, 0.019433, 0.253711, 0, 0.701703, 0.601681, 0, 0.661725, 0.305815, 0, 0.0997729, 0.463521
0.117, 0, 0, 0, 0, 2.15299, 0, 0.771071, 0.615484, 0, 0.599708, 0.382099, 0, 0.0656013, 0.539814
0.118, 0, 0, 0, 0, 0.356938, 0, 0.146404, 0.344918, 0, 0.301979, 0.148802, 0, 0.00460073, 0.183701
0.12, 0, 0, 0, 0, 1.56185, 0, 0.405224, 0.443081, 0, 0.577215, 0.343294, 0, 0.0737948, 0.488229
0.123, 0, 0, 0, 0, 0.462561, 0, 0.405118, 0.318555, 0, 0.337712, 0.168378, 0, 0.00644002, 0.19455
0.125, 0, 0, 0, 0, 0.288385, 0, 0.450196, 0.413379, 0, 0.554129, 0.307662, 0, 0.0694427, 0.444172
0.128, 0, 0, 0, 0, 0.231906, 0, 0.443155, 0.452158, 0, 0.613635, 0.342087, 0, 0.066202, 0.52876
0.131, 0, 0, 0, 0, 0.405784, 0, 0.438277, 0.456325, 0, 0.647807, 0.354962, 0, 0.0714829, 0.559567
0.134, 0, 0, 0, 0, 0.393645, 0, 0.421218, 0.427044, 0, 0.609238, 0.318372, 0, 0.0606409, 0.502693
0.138, 0, 0, 0, 0, 0.390493, 0, 0.401154, 0.424859, 0, 0.631202, 0.318646, 0, 0.0627422, 0.517707
0.141, 0, 0, 0, 0, 0.370556, 0, 0.357454, 0.414462, 0, 0.638512, 0.319995, 0, 0.0706538, 0.522759
0.144, 0, 0, 0, 0, 0.364633, 0, 0.505378, 0.697209, 0, 0.647107, 0.321927, 0, 0.0686676, 0.537642
0.147, 0, 0, 0, 0, 0.362736, 0, 0.602897, 0.55823, 0, 0.672071, 0.32079, 0, 0.0755909, 0.5478
0.15, 0, 0, 0, 0, 0.35879, 0, 0.573999, 0.56325, 0, 0.679563, 0.34218, 0, 0.077118, 0.553033
0.154, 0, 0, 0, 0, 0.355406, 0, 0.586173, 0.565657, 0, 0.714254, 0.346913, 0, 0.0795974, 0.562916
0.155, 0, 0, 0, 0, 0.355393, 0, 0.589773, 0.566985, 0, 0.718825, 0.349787, 0, 0.0806353, 0.564621
0.158, 0, 0, 0, 0, 0.348989, 0, 0.642254, 0.564518, 0, 0.736112, 0.351985, 0, 0.0811917, 0.572956
0.161, 0, 0, 0, 0, 0.348225, 0, 0.416278, 0.454312, 0, 0.757329, 0.349811, 0, 0.0832401, 0.582289
0.164, 0, 0, 0, 0, 0.344903, 0, 0.429301, 0.455185, 0, 0.779642, 0.348599, 0, 0.0853361, 0.584884
0.167, 0, 0, 0, 0, 0.342917, 0, 0.468401, 0.46909, 0, 0.816718, 0.352257, 0, 0.0863254, 0.589433
0.17, 0, 0, 0, 0, 0.342566, 0, 0.491681, 0.475877, 0, 0.814298, 0.36202, 0, 0.08906, 0.589783
0.174, 0, 0, 0, 0, 0.338609, 0, 0.496981, 0.472307, 0, 0.820065, 0.375202, 0, 0.0942127, 0.596256
0.175, 0, 0, 0, 0, 0.339308, 0, 0.495888, 0.47237, 0, 0.820355, 0.378615, 0, 0.0957023, 0.597226
0.178, 0, 0, 0, 0, 0.335568, 0, 0.492763, 0.468162, 0, 0.86269, 0.378418, 0, 0.0973548, 0.601256
0.181, 0, 0, 0, 0, 0.33405, 0, 0.490143, 0.466278, 0, 0.88425, 0.400023, 0, 0.0974757, 0.606803
0.185, 0, 0, 0, 0, 0.331098, 0, 0.489281, 0.46434, 0, 0.921315, 0.410651, 0, 0.0988622, 0.623212
0.188, 0, 0, 0, 0, 0.330497, 0, 0.48971, 0.462078, 0, 0.922345, 0.431353, 0, 0.102034, 0.62579
0.191, 0, 0, 0, 0, 0.330064, 0, 0.490454, 0.459269, 0, 0.774076, 0.404876, 0, 0.0998634, 0.630805
0.192, 0, 0, 0, 0, 0.329153, 0, 0.489757, 0.458208, 0, 0.787832, 0.405486, 0, 0.104361, 0.632961
0.195, 0, 0, 0, 0, 0.327406, 0, 0.490725, 0.455007, 0, 0.784455, 0.418382, 0, 0.108321, 0.655164
0.198, 0, 0, 0, 0, 0.326299, 0, 0.49055, 0.450049, 0, 0.780798, 0.424447, 0, 0.113758, 0.65111
0.202, 0, 0, 0, 0, 0.325177, 0, 0.489438, 0.446183, 0, 0.772757, 0.423711, 0, 0.120955, 0.66696
0.208, 0, 0, 0, 0, 0.324077, 0, 0.489638, 0.440759, 0, 0.730796, 0.445031, 0, 0.133541, 0.681668
0.211, 0, 0, 0, 0, 0.324283, 0, 0.490627, 0.436443, 0, 0.714218, 0.431186, 0, 0.141417, 0.703992
0.212, 0, 0, 0, 0, 0.324253, 0, 0.490488, 0.437434, 0, 0.713733, 0.431695, 0, 0.144354, 0.705825
0.215, 0, 0, 0, 0, 0.323103, 0, 0.490336, 0.435492, 0, 0.652345, 0.430904, 0, 0.152012, 0.733634
0.217, 0, 0, 0, 0, 0.322878, 0, 0.489915, 0.437548, 0, 0.693278, 0.606622, 0, 0.162731, 0.745517
0.22, 0, 0, 0, 0, 0.322517, 0, 0.489455, 0.432293, 0, 0.657952, 0.518925, 0, 0.175484, 0.767989
0.224, 0, 0, 0, 0, 0.322637, 0, 0.489968, 0.430136, 0, 0.65235, 0.525577, 0, 0.202639, 0.798215
0.227, 0, 0, 0, 0, 0.322762, 0, 0.490184, 0.427554, 0, 0.631975, 0.526169, 0, 0.244656, 0.8233
0.23, 0, 0, 0, 0.00181041, 0.321297, 0, 0.489681, 0.426031, 0, 0.62515, 0.529234, 0, 0.293582, 0.799003
0.231, 0, 0, 0, 0.00187597, 0.32162, 0, 0.490016, 0.42591, 0, 0.620706, 0.529915, 0, 0.305702, 0.787878
0.234, 0, 0, 0, 0.00188622, 0.321007, 0, 0.489412, 0.424406, 0, 0.609564, 0.529899, 0, 0.34209, 0.723133
0.238, 0, 0, 0, 0.00209109, 0.320071, 0, 0.490276, 0.422857, 0, 0.600691, 0.529969, 0, 0.390229, 0.588174
0.242, 0, 0, 0, 0.0022984, 0.319039, 0, 0.490793, 0.418594, 0, 0.582983, 0.533898, 0, 0.411465, 0.513455
0.245, 0, 0, 0, 0.00244919, 0.318228, 0, 0.490074, 0.416852, 0, 0.572084, 0.531895, 0, 0.41618, 0.452243
0.248, 0, 0, 0, 0.00260114, 0.317714, 0, 0.490224, 0.414967, 0, 0.548487, 0.528145, 0, 0.412826, 0.421984
0.252, 0, 0, 0, 0.00317729, 0.317328, 0, 0.4922, 0.416609, 0, 0.541358, 0.530448, 0, 0.0936102, 0.4045
0.258, 0, 0, 0, 0.00290862, 0.315535, 0, 0.490145, 0.411655, 0, 0.514137, 0.535448, 0, 0.234558, 0.272331
0.261, 0, 0, 0, 0.00296729, 0.315589, 0, 0.490777, 0.4104, 0, 0.49124, 0.532251, 0, 0.231934, 0.260939
0.264, 0, 0, 0, 0.00300983, 0.315226, 0, 0.489898, 0.409161, 0, 0.484471, 0.529233, 0, 0.237547, 0.245499
0.267, 0, 0, 0, 0.00321519, 0.314902, 0, 0.48927, 0.408946, 0, 0.481676, 0.527683, 0, 0.229015, 0.208815
0.27, 0, 0, 0, 0.00321979, 0.314731, 0, 0.489666, 0.408483, 0, 0.478946, 0.527183, 0, 0.218186, 0.164553
0.271, 0, 0, 0, 0.00325523, 0.314513, 0, 0.489673, 0.408514, 0, 0.478284, 0.526859, 0, 0.215385, 0.147372
0.274, 0, 0, 0, 0.0034126, 0.314229, 0, 0.489815, 0.406224, 0, 0.476073, 0.526615, 0, 0.217384, 0.155912
0.277, 0, 0, 0, 0.00346556, 0.314132, 0, 0.48932, 0.405142, 0, 0.4684, 0.52574, 0, 0.213407, 0.12953
0.28, 0, 0, 0, 0.00356385, 0.314004, 0, 0.489489, 0.403896, 0, 0.461333, 0.52356, 0, 0.210312, 0.125363
0.283, 0, 0, 0, 0.00362248, 0.313849, 0, 0.489563, 0.40346, 0, 0.451432, 0.522205, 0, 0.21259, 0.124683
0.286, 0, 0, 0, 0.00375028, 0.313724, 0, 0.489887, 0.402676, 0, 0.444955, 0.521, 0, 0.211427, 0.125457
0.289, 0, 0, 0, 0.00406646, 0.312707, 0, 0.490007, 0.401771, 0, 0.43863, 0.519087, 0, 0.206643, 0.0876259
0.292, 0, 0, 0, 0.00406873, 0.31254, 0, 0.489965, 0.401323, 0, 0.428993, 0.522143, 0, 0.203431, 0.0524744
0.296, 0, 0, 0, 0.00423891, 0.312284, 0, 0.489711, 0.400466, 0, 0.414123, 0.512401, 0, 0.193152, 0.0604709
0.299, 0, 0, 0, 0.00427802, 0.312159, 0, 0.489431, 0.399623, 0, 0.405149, 0.502581, 0, 0.192951, 0.0455216
0.302, 0, 0, 0, 0.00434968, 0.312064, 0, 0.489301, 0.398696, 0, 0.402939, 0.52854, 0, 0.18994, 0.0266352
0.305, 0, 0, 0, 0.00431243, 0.312001, 0, 0.488895, 0.398423, 0, 0.357834, 0.525316, 0, 0.186241, 0.0708688
0.308, 0, 0, 0, 0.00439142, 0.311943, 0, 0.488671, 0.398246, 0, 0.359104, 0.493342, 0, 0.186353, 0.0685891
0.311, 0, 0, 0, 0.00444333, 0.312126, 0, 0.488881, 0.397579, 0, 0.358001, 0.503751, 0, 0.20632, 0.0482008
0.314, 0, 0, 0, 0.00447077, 0.312103, 0, 0.489046, 0.397146, 0, 0.353585, 0.510986, 0, 0.202115, 0.0378634
0.315, 0, 0, 0, 0.00448817, 0.31209, 0, 0.48904, 0.396919, 0, 0.353814, 0.508584, 0, 0.204272, 0.0348608
0.318, 0, 0, 0, 0.00453294, 0.312024, 0, 0.488659, 0.396183, 0, 0.353409, 0.502725, 0, 0.215081, 0.033392
0.321, 0, 0, 0, 0.00467183, 0.312021, 0, 0.489204, 0.394442, 0, 0.354141, 0.502628, 0, 0.23639, 0
0.324, 0, 0, 0, 0.0044502, 0.3119, 0, 0.488366, 0.394855, 0, 0.347899, 0.499148, 0, 0.253709, 0.117368
0.327, 0, 0, 0, 0.00443789, 0.311721, 0, 0.488321, 0.392148, 0, 0.346217, 0.493987, 0, 0.257386, 0.115216
0.33, 0, 0, 0, 0.00455992, 0.311682, 0, 0.487247, 0.390688, 0, 0.346064, 0.49228, 0, 0.269332, 0.0957121
0.333, 0, 0, 0, 0.00487687, 0.311608, 0, 0.487675, 0.388784, 0, 0.34107, 0.490452, 0, 0.241159, 0.205273
0.336, 0, 0, 0, 0.00495727, 0.311681, 0, 0.488292, 0.387629, 0, 0.338263, 0.488373, 0, 0.239285, 0.212497
0.337, 0, 0, 0, 0.00496517, 0.311672, 0, 0.488429, 0.387239, 0, 0.337646, 0.487236, 0, 0.23773, 0.213759
0.34, 0, 0, 0, 0.00497777, 0.311676, 0, 0.488637, 0.385746, 0, 0.335279, 0.486016, 0, 0.228732, 0.226305
0.346, 0, 0, 0, 0.0050161, 0.31146, 0, 0.487419, 0.378589, 0, 0.32832, 0.480248, 0, 0.225305, 0.224084
0.349, 0, 0, 0, 0.00502721, 0.311431, 0, 0.487568, 0.376344, 0, 0.327164, 0.476889, 0, 0.2249, 0.220636
0.352, 0, 0, 0, 0.00499867, 0.311408, 0, 0.487305, 0.37536, 0, 0.326162, 0.472727, 0, 0.223575, 0.221863
0.355, 0, 0, 0, 0.00500301, 0.311348, 0, 0.487259, 0.374348, 0, 0.324236, 0.472197, 0, 0.21312, 0.221776
0.358, 0, 0, 0, 0.00501097, 0.311306, 0, 0.487097, 0.373304, 0, 0.323255, 0.471646, 0, 0.213639, 0.220227
0.359, 0, 0, 0, 0.00501206, 0.311312, 0, 0.487154, 0.372979, 0, 0.321903, 0.470023, 0, 0.213868, 0.219795
0.362, 0, 0, 0, 0.00503116, 0.311254, 0, 0.487409, 0.371674, 0, 0.310194, 0.45876, 0, 0.213983, 0.220353
0.365, 0, 0, 0, 0.00504507, 0.311255, 0, 0.488395, 0.370739, 0, 0.308866, 0.458801, 0, 0.214483, 0.218346
0.368, 0, 0, 0, 0.00505404, 0.311225, 0, 0.488857, 0.369007, 0, 0.307016, 0.45216, 0, 0.214936, 0.21652
0.371, 0, 0, 0, 0.00506685, 0.311209, 0, 0.488565, 0.367963, 0, 0.306228, 0.455178, 0, 0.215407, 0.213847
0.374, 0, 0, 0, 0.00506446, 0.311166, 0, 0.488658, 0.366533, 0, 0.305824, 0.455679, 0, 0.215895, 0.211484
0.377, 0, 0, 0, 0.00507158, 0.311142, 0, 0.488527, 0.365272, 0, 0.304633, 0.454665, 0, 0.216461, 0.209397
0.378, 0, 0, 0, 0.00507355, 0.311139, 0, 0.488644, 0.364897, 0, 0.304242, 0.454251, 0, 0.216704, 0.208487
0.381, 0, 0, 0, 0.00507767, 0.311108, 0, 0.488777, 0.364304, 0, 0.30319, 0.453213, 0, 0.217072, 0.207741
0.387, 0, 0, 0, 0.00506966, 0.311051, 0, 0.488435, 0.361913, 0, 0.300783, 0.449723, 0, 0.217733, 0.213339
0.39, 0, 0, 0, 0.00507164, 0.311035, 0, 0.488304, 0.360979, 0, 0.299716, 0.448335, 0, 0.21826, 0.211109
0.393, 0, 0, 0, 0.00506386, 0.31102, 0, 0.488351, 0.360147, 0, 0.298281, 0.442761, 0, 0.218497, 0.212757
0.396, 0, 0, 0, 0.00502764, 0.311001, 0, 0.488108, 0.3596, 0, 0.296972, 0.442188, 0, 0.218103, 0.212517
0.399, 0, 0, 0, 0.00502427, 0.310955, 0, 0.488152, 0.357959, 0, 0.296254, 0.441033, 0, 0.21868, 0.212746
0.4, 0, 0, 0, 0.00502533, 0.310963, 0, 0.488118, 0.357699, 0, 0.29594, 0.44076, 0, 0.218883, 0.211834
0.403, 0, 0, 0, 0.00502305, 0.310945, 0, 0.488027, 0.356949, 0, 0.295317, 0.439969, 0, 0.218978, 0.211925
0.406, 0, 0, 0, 0.0050234, 0.310937, 0, 0.488086, 0.355787, 0, 0.29446, 0.440592, 0, 0.218815, 0.211856
0.409, 0, 0, 0, 0.00502486, 0.310934, 0, 0.488031, 0.355055, 0, 0.293525, 0.439889, 0, 0.208479, 0.209036
0.412, 0, 0, 0, 0.00501575, 0.311018, 0, 0.48803, 0.35422, 0, 0.292672, 0.43877, 0, 0.208769, 0.208987
0.415, 0, 0, 0, 0.00501926, 0.31105, 0, 0.488038, 0.353498, 0, 0.2918, 0.438668, 0, 0.20939, 0.208688
0.418, 0, 0, 0, 0.00500329, 0.311023, 0, 0.48796, 0.352781, 0, 0.291083, 0.441103, 0, 0.209617, 0.208271
0.421, 0, 0, 0, 0.00499592, 0.310984, 0, 0.487638, 0.352812, 0, 0.289996, 0.440304, 0, 0.209887, 0.207457
0.422, 0, 0, 0, 0.00499488, 0.310985, 0, 0.48761, 0.352454, 0, 0.289608, 0.440488, 0, 0.209981, 0.207321
0.426, 0, 0, 0, 0.00500238, 0.310835, 0, 0.486805, 0.351273, 0, 0.287792, 0.440104, 0, 0.211146, 0.206658
0.429, 0, 0, 0, 0.00499754, 0.311063, 0, 0.486894, 0.350121, 0, 0.287737, 0.43928, 0, 0.211572, 0.204669
0.432, 0, 0, 0, 0.00499553, 0.310448, 0, 0.487063, 0.349187, 0, 0.28691, 0.438149, 0, 0.211879, 0.202771
0.435, 0, 0, 0, 0.00498969, 0.310472, 0, 0.487073, 0.348034, 0, 0.286298, 0.437265, 0, 0.212175, 0.202436
0.438, 0, 0, 0, 0.00498234, 0.310437, 0, 0.487737, 0.346645, 0, 0.285669, 0.437417, 0, 0.212538, 0.200096
0.441, 0, 0, 0, 0.00496788, 0.310432, 0, 0.487834, 0.345458, 0, 0.283909, 0.437164, 0, 0.212747, 0.200001
0.442, 0, 0, 0, 0.00496083, 0.310421, 0, 0.487746, 0.345037, 0, 0.282614, 0.437009, 0, 0.212789, 0.200033
0.446, 0, 0, 0, 0.00498042, 0.310517, 0, 0.487895, 0.343776, 0, 0.280593, 0.43585, 0, 0.213435, 0.199864
0.449, 0, 0, 0, 0.00497415, 0.310527, 0, 0.487982, 0.343254, 0, 0.279709, 0.434436, 0, 0.213743, 0.199636
0.452, 0, 0, 0, 0.00496795, 0.310531, 0, 0.487953, 0.342431, 0, 0.278481, 0.431433, 0, 0.214066, 0.197995
0.455, 0, 0, 0, 0.00496929, 0.310774, 0, 0.487828, 0.34168, 0, 0.277233, 0.428491, 0, 0.214383, 0.197743
0.458, 0, 0, 0, 0.00495198, 0.310527, 0, 0.487563, 0.340811, 0, 0.269773, 0.401588, 0, 0.214492, 0.197605
0.462, 0, 0, 0, 0.00496151, 0.310599, 0, 0.487978, 0.340047, 0, 0.27082, 0.3474, 0, 0.215078, 0.197349
0.463, 0, 0, 0, 0.0049517, 0.310216, 0, 0.487761, 0.339816, 0, 0.270677, 0.345846, 0, 0.215191, 0.197322
0.466, 0, 0, 0, 0.00494936, 0.31041, 0, 0.487991, 0.339331, 0, 0.283924, 0.341205, 0, 0.21557, 0.19731
0.472, 0, 0, 0, 0.00492688, 0.310304, 0, 0.487475, 0.337558, 0, 0.313986, 0.318334, 0, 0.216062, 0.198907
0.478, 0, 0, 0, 0.00491332, 0.310704, 0, 0.487851, 0.335653, 0, 0.319407, 0.287697, 0, 0.216847, 0.195904
0.481, 0, 0, 0, 0.00490116, 0.310496, 0, 0.48748, 0.334778, 0, 0.323927, 0.27105, 0, 0.217097, 0.19557
0.484, 0, 0, 0, 0.00489432, 0.31022, 0, 0.487627, 0.334182, 0, 0.370573, 0.247674, 0, 0.217505, 0.195154
0.485, 0, 0, 0, 0.00488456, 0.310316, 0, 0.487626, 0.334042, 0, 0.371974, 0.235863, 0, 0.21755, 0.194796
0.488, 0, 0, 0, 0.00485737, 0.310254, 0, 0.486903, 0.334065, 0, 0.386008, 0.226735, 0, 0.2183, 0.19384
0.491, 0, 0, 0, 0.00486079, 0.310355, 0, 0.487598, 0.333772, 0, 0.405699, 0.252088, 0, 0.218542, 0.19379
0.495, 0, 0, 0, 0.00485113, 0.310512, 0, 0.487387, 0.332939, 0, 0.424135, 0.290877, 0, 0.218925, 0.194887
0.498, 0, 0, 0, 0.00482361, 0.310124, 0, 0.487337, 0.332284, 0, 0.429676, 0.294778, 0, 0.21905, 0.19391
0.501, 0, 0, 0, 0.00482777, 0.31027, 0, 0.487313, 0.331592, 0, 0.444313, 0.294424, 0, 0.219341, 0.194059
0.504, 0, 0, 0, 0.00479266, 0.310234, 0, 0.487495, 0.329598, 0, 0.443776, 0.295602, 0, 0.218685, 0.194304
0.505, 0, 0, 0, 0.00478845, 0.310247, 0, 0.487317, 0.32932, 0, 0.443656, 0.295846, 0, 0.218766, 0.194436
0.511, 0, 0, 0, 0.00476823, 0.310375, 0, 0.486763, 0.329113, 0, 0.444562, 0.291703, 0, 0.219283, 0.195115
0.514, 0.403728, 0, 0, 0.00473421, 0.308942, 0, 0.484207, 0.32742, 0, 0.445201, 0.290951, 0, 0.219762, 0.196455
0.517, 0.499428, 0, 0, 0.00487357, 0.310744, 0, 0.487238, 0.327928, 0, 0.509669, 0.293753, 0, 0.219197, 0.19655
0.52, 0.428574, 0, 0, 0.00480353, 0.310628, 0, 0.488432, 0.327714, 0, 0.520795, 0.290925, 0, 0.219421, 0.197042
0.523, 0.350152, 0, 0, 0.00472496, 0.310195, 0, 0.488281, 0.327078, 0, 0.525846, 0.286924, 0, 0.21948, 0.197684
0.526, 0.278937, 0, 0, 0.00468073, 0.310157, 0, 0.487153, 0.326306, 0, 0.538044, 0.282669, 0, 0.219775, 0.197693
0.527, 0.262911, 0, 0, 0.0046688, 0.310101, 0, 0.486824, 0.325946, 0, 0.547147, 0.279947, 0, 0.219868, 0.198088
0.53, 0.218031, 0, 0, 0.00464053, 0.310058, 0, 0.486268, 0.325524, 0, 0.559236, 0.268953, 0, 0.220115, 0.198028
0.533, 0.178061, 0, 0, 0.00425155, 0.31, 0, 0.484534, 0.325674, 0, 0.77972, 0.594771, 0, 0.218995, 0.199396
0.536, 0.146442, 0, 0, 0.00456817, 0.310293, 0, 0.485885, 0.324643, 0, 0.483536, 0.264165, 0, 0.219184, 0.195674
0.539, 0.133636, 0, 0, 0.00453491, 0.310207, 0, 0.485723, 0.324283, 0, 0.467455, 0.262298, 0, 0.219531, 0.196036
0.543, 0.0732343, 0, 0, 0.00459325, 0.310208, 0, 0.486168, 0.323865, 0, 0.45094, 0.250482, 0, 0.220005, 0.196732
0.547, 0.0591963, 0, 0, 0.00457906, 0.310078, 0, 0.486045, 0.323414, 0, 0.415224, 0.255455, 0, 0.219291, 0.197204
0.548, 0.0569096, 0, 0, 0.00458671, 0.310116, 0, 0.486139, 0.323342, 0, 0.417079, 0.245251, 0, 0.219357, 0.197368
0.552, 0.0509972, 0, 0, 0.00459212, 0.309766, 0, 0.486203, 0.322988, 0, 0.343497, 0.281224, 0, 0.219626, 0.197984
0.555, 0.0488755, 0, 0, 0.00455388, 0.310283, 0, 0.486349, 0.322976, 0, 0.329493, 0.32772, 0, 0.21921, 0.198512
0.558, 0.0498943, 0, 0, 0.00454, 0.310183, 0, 0.486135, 0.322595, 0, 0.333111, 0.334687, 0, 0.219388, 0.199169
0.561, 0.0517236, 0, 0, 0.00454432, 0.310452, 0, 0.486619, 0.320705, 0, 0.257051, 0.324967, 0, 0.219518, 0.199745
0.564, 0.0513251, 0, 0, 0.00453688, 0.31031, 0, 0.486207, 0.320366, 0, 0.257986, 0.324826, 0, 0.218942, 0.200127
0.567, 0.0506822, 0, 0, 0.00452562, 0.310036, 0, 0.486041, 0.320155, 0, 0.258945, 0.32655, 0, 0.219104, 0.200095
0.568, 0.0505919, 0, 0, 0.00452797, 0.310145, 0, 0.4861, 0.320165, 0, 0.259388, 0.325041, 0, 0.219097, 0.20026
0.571, 0.0506989, 0, 0, 0.00451836, 0.310152, 0, 0.486136, 0.320108, 0, 0.274684, 0.32093, 0, 0.206145, 0.198336
0.574, 0.0370151, 0, 0, 0.00452478, 0.31026, 0, 0.485913, 0.31993, 0, 0.281431, 0.314977, 0, 0.206269, 0.198539
0.578, 0.0403877, 0, 0, 0.00450354, 0.310069, 0, 0.486314, 0.320006, 0, 0.291668, 0.291729, 0, 0.206427, 0.198531
0.581, 0.0419465, 0, 0, 0.00447243, 0.310129, 0, 0.485867, 0.321474, 0, 0.291038, 0.311669, 0, 0.206581, 0.198828
0.585, 0.0434021, 0, 0, 0.0043011, 0.31033, 0, 0.485992, 0.321364, 0, 0.29886, 0.319843, 0, 0.206633, 0.198589
0.586, 0.043692, 0, 0, 0.00428758, 0.309939, 0, 0.485954, 0.321273, 0, 0.300431, 0.321506, 0, 0.206635, 0.198648
0.589, 0.0454262, 0, 0, 0.00431283, 0.310166, 0, 0.486412, 0.319673, 0, 0.303561, 0.316648, 0, 0.206671, 0.198753
0.595, 0.0467142, 0, 0, 0.00427814, 0.310006, 0, 0.485875, 0.319437, 0, 0.307176, 0.308216, 0, 0.206845, 0.199173
0.598, 0.0472913, 0, 0, 0.00429002, 0.310365, 0, 0.485874, 0.319383, 0, 0.30628, 0.272065, 0, 0.206868, 0.199314
0.601, 0.0478098, 0, 0, 0.0042881, 0.309895, 0, 0.485913, 0.31928, 0, 0.307119, 0.268938, 0, 0.206938, 0.199437
0.604, 0, 0, 0, 0.00430092, 0.310163, 0, 0.486256, 0.319358, 0, 0.307604, 0.269996, 0, 0.206957, 0.199364
0.608, 0, 0, 0, 0.00429979, 0.309916, 0, 0.486061, 0.319189, 0, 0.307931, 0.271832, 0, 0.207043, 0.199473
0.609, 0.0802577, 0, 0, 0.00420492, 0.309974, 0, 0.485543, 0.319249, 0, 0.309094, 0.274851, 0, 0.207226, 0.19954
0.612, 0.0756806, 0, 0, 0.00432078, 0.310195, 0, 0.485909, 0.3191, 0, 0.310708, 0.276176, 0, 0.207123, 0.19975
0.615, 0.0689331, 0, 0, 0.00431091, 0.309985, 0, 0.486148, 0.319143, 0, 0.31087, 0.278862, 0, 0.207196, 0.199909
0.618, 0.0641965, 0, 0, 0.00431183, 0.310361, 0, 0.486186, 0.319192, 0, 0.311653, 0.281495, 0, 0.207255, 0.200115
0.621, 0.0605142, 0, 0, 0.00429732, 0.309853, 0, 0.486077, 0.319102, 0, 0.314939, 0.2892, 0, 0.207337, 0.200284
0.624, 0.101679, 0, 0, 0.00430994, 0.310352, 0, 0.48614, 0.319181, 0, 0.315737, 0.292102, 0, 0.207407, 0.200623
0.627, 0.0499386, 0, 0, 0.00429691, 0.309811, 0, 0.485931, 0.319009, 0, 0.316221, 0.294182, 0, 0.207435, 0.200758
0.628, 0.0488953, 0, 0, 0.00430854, 0.310341, 0, 0.486053, 0.319124, 0, 0.316396, 0.294563, 0, 0.207479, 0.200826
0.632, 0.0505038, 0, 0, 0.00427769, 0.310179, 0, 0.485926, 0.319087, 0, 0.320978, 0.303242, 0, 0.207491, 0.201076
0.636, 0.0461811, 0, 0, 0.00428916, 0.310235, 0, 0.485953, 0.319095, 0, 0.323225, 0.304195, 0, 0.207624, 0.200798
0.639, 0, 0, 0, 0.00427294, 0.309948, 0, 0.486084, 0.319165, 0, 0.322369, 0.311967, 0, 0.207697, 0.201066
0.642, 0.0621762, 0, 0, 0.00426132, 0.310118, 0, 0.48559, 0.319066, 0, 0.324593, 0.3172, 0, 0.20779, 0.198878
0.645, 0.107007, 0, 0, 0.00429331, 0.310135, 0, 0.485882, 0.319076, 0, 0.323654, 0.324929, 0, 0.207816, 0.199045
0.646, 0.0573183, 0, 0, 0.00426167, 0.310122, 0, 0.485805, 0.319106, 0, 0.323429, 0.326173, 0, 0.207676, 0.199148
0.649, 0.110218, 0, 0, 0.00427512, 0.309887, 0, 0.486027, 0.319147, 0, 0.32626, 0.326704, 0, 0.207814, 0.199296
0.652, 0.0613733, 0, 0, 0.00426485, 0.309924, 0, 0.485903, 0.319143, 0, 0.326213, 0.332356, 0, 0.207836, 0.209594
0.655, 0.0458662, 0, 0, 0.00424683, 0.310133, 0, 0.485768, 0.319143, 0, 0.326451, 0.335706, 0, 0.207811, 0.209261
0.658, 0.0414097, 0, 0, 0.0042603, 0.309733, 0, 0.485827, 0.319082, 0, 0.32847, 0.335884, 0, 0.207913, 0.209412
0.661, 0.0407147, 0, 0, 0.00425703, 0.309915, 0, 0.485892, 0.31917, 0, 0.328341, 0.338151, 0, 0.207934, 0.209643
0.664, 0.0401842, 0, 0, 0.00425842, 0.31014, 0, 0.485826, 0.319147, 0, 0.329951, 0.348405, 0, 0.207975, 0.209864
0.667, 0.0397767, 0, 0, 0.00424987, 0.309727, 0, 0.485826, 0.319105, 0, 0.328583, 0.352208, 0, 0.208009, 0.210032
0.668, 0.0396428, 0, 0, 0.00425298, 0.309904, 0, 0.485919, 0.319188, 0, 0.328533, 0.35308, 0, 0.208026, 0.210105
0.671, 0.0490387, 0, 0, 0.0041909, 0.310039, 0, 0.485607, 0.31922, 0, 0.328599, 0.354706, 0, 0.225037, 0.205988
0.674, 0.0466989, 0, 0, 0.00425536, 0.30986, 0, 0.485726, 0.31908, 0, 0.328813, 0.356995, 0, 0.224908, 0.205952
0.68, 0.0436217, 0, 0, 0.00424717, 0.309818, 0, 0.485829, 0.319164, 0, 0.328749, 0.36449, 0, 0.224852, 0.196834
0.683, 0.0424961, 0, 0, 0.00441018, 0.309708, 0, 0.485818, 0.319167, 0, 0.329258, 0.366257, 0, 0.224866, 0.196757
0.686, 0.0527396, 0, 0, 0.00416598, 0.3098, 0, 0.485865, 0.319195, 0, 0.329443, 0.368688, 0, 0.208168, 0.199818
0.689, 0.0404612, 0, 0, 0.00414988, 0.31011, 0, 0.485832, 0.319202, 0, 0.329627, 0.369248, 0, 0.207853, 0.200137
0.69, 0.0407851, 0, 0, 0.00415299, 0.309986, 0, 0.485746, 0.319121, 0, 0.329499, 0.370574, 0, 0.207874, 0.20014
0.693, 0.0406463, 0, 0, 0.00415623, 0.310004, 0, 0.485761, 0.319138, 0, 0.330181, 0.373177, 0, 0.207897, 0.200247
0.696, 0.0404705, 0, 0, 0.00415051, 0.30967, 0, 0.485374, 0.320671, 0, 0.330566, 0.373607, 0, 0.207932, 0.20035
0.699, 0.0403887, 0, 0, 0.00415021, 0.309807, 0, 0.485747, 0.320818, 0, 0.330709, 0.3749, 0, 0.224879, 0.197023
0.702, 0.0403582, 0, 0, 0.00414991, 0.30978, 0, 0.485861, 0.320791, 0, 0.33082, 0.375146, 0, 0.224835, 0.196978
0.705, 0.040297, 0, 0, 0.00415081, 0.30983, 0, 0.485874, 0.320747, 0, 0.331001, 0.376098, 0, 0.207851, 0.20032
0.708, 0.0403536, 0, 0, 0.00439531, 0.309742, 0, 0.485801, 0.32066, 0, 0.330918, 0.378601, 0, 0.207846, 0.200396
0.709, 0.0404031, 0, 0, 0.00415039, 0.309891, 0, 0.485807, 0.320652, 0, 0.330958, 0.378891, 0, 0.207868, 0.200424
0.712, 0.0405466, 0, 0, 0.00414804, 0.30987, 0, 0.485751, 0.320565, 0, 0.331216, 0.379334, 0, 0.224846, 0.197054
0.718, 0.040849, 0, 0, 0.00414418, 0.309959, 0, 0.485748, 0.318862, 0, 0.332095, 0.388889, 0, 0.207811, 0.200469
0.721, 0.041016, 0, 0, 0.0041484, 0.309959, 0, 0.485666, 0.318822, 0, 0.332822, 0.389677, 0, 0.224828, 0.197117
0.724, 0.0411654, 0, 0, 0.00440479, 0.310126, 0, 0.48574, 0.318898, 0, 0.334496, 0.390282, 0, 0.208086, 0.200211
0.727, 0.0413265, 0, 0, 0.00415004, 0.31009, 0, 0.485756, 0.318917, 0, 0.335391, 0.392886, 0, 0.207809, 0.200525
0.73, 0.0414914, 0, 0, 0.00414278, 0.309725, 0, 0.485373, 0.320408, 0, 0.337017, 0.39678, 0, 0.22482, 0.197145
0.731, 0.0415365, 0, 0, 0.00414755, 0.309879, 0, 0.485587, 0.320528, 0, 0.337537, 0.398994, 0, 0.208089, 0.200291
0.734, 0.0418716, 0, 0, 0.00413546, 0.309841, 0, 0.485736, 0.320562, 0, 0.339592, 0.403764, 0, 0.224527, 0.197494
0.737, 0.0422164, 0, 0, 0.00413937, 0.309883, 0, 0.485813, 0.320562, 0, 0.341387, 0.407725, 0, 0.20809, 0.200358
0.74, 0.0425149, 0, 0, 0.00413013, 0.309871, 0, 0.485775, 0.320515, 0, 0.342364, 0.409078, 0, 0.207811, 0.20068
0.744, 0.0428465, 0, 0, 0.00413906, 0.310225, 0, 0.485982, 0.318871, 0, 0.343019, 0.410324, 0, 0.224788, 0.197286
0.747, 0.0430788, 0, 0, 0.00413727, 0.310029, 0, 0.485683, 0.318736, 0, 0.343943, 0.413471, 0, 0.207786, 0.200683
0.75, 0.043276, 0, 0, 0.00413063, 0.30984, 0, 0.485638, 0.318773, 0, 0.345949, 0.417162, 0, 0.224797, 0.197373
0.751, 0.0433254, 0, 0, 0.0041304, 0.309881, 0, 0.485669, 0.318816, 0, 0.346311, 0.420949, 0, 0.224795, 0.197358
0.755, 0.043522, 0, 0, 0.00436429, 0.309741, 0, 0.485651, 0.318889, 0, 0.352962, 0.426599, 0, 0.207782, 0.200898
0.761, 0.043732, 0, 0, 0.00412226, 0.310136, 0, 0.485198, 0.320503, 0, 0.359083, 0.431609, 0, 0.207806, 0.200921
0.767, 0.0438723, 0, 0, 0.00411311, 0.309743, 0, 0.485745, 0.320609, 0, 0.361496, 0.437409, 0, 0.224823, 0.197611
0.77, 0.043898, 0, 0, 0.00411301, 0.309851, 0, 0.485746, 0.320621, 0, 0.362285, 0.437799, 0, 0.208025, 0.200732
0.771, 0.043914, 0, 0, 0.00411, 0.309812, 0, 0.486105, 0.319042, 0, 0.362318, 0.439204, 0, 0.207742, 0.200974
0.774, 0.0438781, 0, 0, 0.00411431, 0.310154, 0, 0.485653, 0.318896, 0, 0.362347, 0.441564, 0, 0.207768, 0.201059
0.777, 0.0439023, 0, 0, 0.00410741, 0.309679, 0, 0.485484, 0.318806, 0, 0.359163, 0.442388, 0, 0.224813, 0.197728
0.78, 0.0438426, 0, 0, 0.00410839, 0.30987, 0, 0.485583, 0.318994, 0, 0.3584, 0.439298, 0, 0.208008, 0.200851
0.783, 0.0437778, 0, 0, 0.00411364, 0.31009, 0, 0.485604, 0.31901, 0, 0.356253, 0.439263, 0, 0.207765, 0.201138
0.786, 0.0437134, 0, 0, 0.00410018, 0.309749, 0, 0.485565, 0.318996, 0, 0.356956, 0.434423, 0, 0.224746, 0.197757
0.789, 0.0436693, 0, 0, 0.00410999, 0.309774, 0, 0.485689, 0.319089, 0, 0.354444, 0.429265, 0, 0.207779, 0.20116
0.792, 0.0435322, 0, 0, 0.00409937, 0.309802, 0, 0.485611, 0.319086, 0, 0.352134, 0.424553, 0, 0.224708, 0.197784
0.793, 0.0434892, 0, 0, 0.00410257, 0.309807, 0, 0.485184, 0.320609, 0, 0.351208, 0.421601, 0, 0.207986, 0.200909
0.796, 0.0434381, 0, 0, 0.00410963, 0.309752, 0, 0.485632, 0.320714, 0, 0.350346, 0.4074, 0, 0.207715, 0.201168
0.799, 0.0432657, 0, 0, 0.00411888, 0.310102, 0, 0.485727, 0.320689, 0, 0.351191, 0.365596, 0, 0.224671, 0.197771
0.802, 0.0431662, 0, 0, 0.00412128, 0.310032, 0, 0.48568, 0.32057, 0, 0.350884, 0.362949, 0, 0.224643, 0.197691
0.805, 0.0430639, 0, 0, 0.00411882, 0.309781, 0, 0.4859, 0.318925, 0, 0.350363, 0.362963, 0, 0.207605, 0.201064
0.808, 0.0429535, 0, 0, 0.00412208, 0.309795, 0, 0.485676, 0.319083, 0, 0.349694, 0.359336, 0, 0.207649, 0.201147
0.812, 0.0427892, 0, 0, 0.00412586, 0.309791, 0, 0.48567, 0.31906, 0, 0.34955, 0.357422, 0, 0.224615, 0.197716
0.813, 0.0427246, 0, 0, 0.00413307, 0.310106, 0, 0.485684, 0.319085, 0, 0.349194, 0.357914, 0, 0.20787, 0.200866
0.816, 0.0426619, 0, 0, 0.00412781, 0.309683, 0, 0.485462, 0.32062, 0, 0.347265, 0.356448, 0, 0.207607, 0.201132
0.819, 0.0425464, 0, 0, 0.00413083, 0.309825, 0, 0.485834, 0.320698, 0, 0.347081, 0.356431, 0, 0.224602, 0.197736
0.822, 0.0424703, 0, 0, 0.00413605, 0.309758, 0, 0.485901, 0.320629, 0, 0.347343, 0.357298, 0, 0.207569, 0.201118
0.825, 0.0423666, 0, 0, 0.0041428, 0.309774, 0, 0.485874, 0.320551, 0, 0.346752, 0.361475, 0, 0.207843, 0.200843
0.828, 0.042269, 0, 0, 0.00414752, 0.31011, 0, 0.485826, 0.320487, 0, 0.345727, 0.36264, 0, 0.224282, 0.197989
0.831, 0.0422211, 0, 0, 0.00414985, 0.309752, 0, 0.485843, 0.320372, 0, 0.344614, 0.3645, 0, 0.207809, 0.200802
0.834, 0.0421963, 0, 0, 0.00415389, 0.309754, 0, 0.486198, 0.318818, 0, 0.344344, 0.364298, 0, 0.207538, 0.201099
0.835, 0.0421568, 0, 0, 0.00415032, 0.309769, 0, 0.486047, 0.31877, 0, 0.344244, 0.365165, 0, 0.224278, 0.197971
0.838, 0.0421141, 0, 0, 0.00440583, 0.309693, 0, 0.485818, 0.318675, 0, 0.341726, 0.369716, 0, 0.207787, 0.200815
0.841, 0.0420814, 0, 0, 0.00415493, 0.309855, 0, 0.4854, 0.320233, 0, 0.341267, 0.368505, 0, 0.224252, 0.197952
0.844, 0.0421034, 0, 0, 0.00416235, 0.309738, 0, 0.485849, 0.320341, 0, 0.340918, 0.367872, 0, 0.207529, 0.201049
0.847, 0.0421116, 0, 0, 0.00442007, 0.309701, 0, 0.48605, 0.320343, 0, 0.340603, 0.369691, 0, 0.224473, 0.197666
0.85, 0.0421121, 0, 0, 0.00417449, 0.309812, 0, 0.486098, 0.320338, 0, 0.338854, 0.37888, 0, 0.207512, 0.20104
0.854, 0.0421678, 0, 0, 0.00441286, 0.309665, 0, 0.486, 0.320294, 0, 0.336894, 0.385305, 0, 0.224541, 0.1978
0.855, 0.0421613, 0, 0, 0.00441161, 0.309748, 0, 0.486016, 0.320331, 0, 0.336773, 0.387793, 0, 0.22458, 0.197814
0.858, 0.042201, 0, 0, 0.00415604, 0.310162, 0, 0.485949, 0.320357, 0, 0.336819, 0.388683, 0, 0.207569, 0.201367
0.862, 0.0422959, 0, 0, 0.00413656, 0.309757, 0, 0.485876, 0.320305, 0, 0.337137, 0.386311, 0, 0.22462, 0.198067
0.865, 0.0423864, 0, 0, 0.00413238, 0.309883, 0, 0.485866, 0.320397, 0, 0.337478, 0.371768, 0, 0.207641, 0.2016
0.868, 0.042445, 0, 0, 0.0041318, 0.310143, 0, 0.485811, 0.320381, 0, 0.338474, 0.355094, 0, 0.224671, 0.198284
0.871, 0.0425702, 0, 0, 0.00412782, 0.309697, 0, 0.486146, 0.318775, 0, 0.339018, 0.349482, 0, 0.207738, 0.201981
0.874, 0.0426574, 0, 0, 0.00412905, 0.309825, 0, 0.485831, 0.318685, 0, 0.340327, 0.297328, 0, 0.224336, 0.198749
0.875, 0.0427007, 0, 0, 0.00413061, 0.309777, 0, 0.485724, 0.318626, 0, 0.338664, 0.306196, 0, 0.224575, 0.19851
0.878, 0.0427667, 0, 0, 0.00413748, 0.309841, 0, 0.485719, 0.318646, 0, 0.33912, 0.301785, 0, 0.207613, 0.201873
0.881, 0.0429185, 0, 0, 0.00414166, 0.309735, 0, 0.485765, 0.318663, 0, 0.334225, 0.300865, 0, 0.224349, 0.1988
0.884, 0.0429781, 0, 0, 0.00415011, 0.310135, 0, 0.485858, 0.318756, 0, 0.332197, 0.301644, 0, 0.207823, 0.201731
0.887, 0.0431276, 0, 0, 0.00415146, 0.309775, 0, 0.485492, 0.320264, 0, 0.333194, 0.301112, 0, 0.20761, 0.201985
0.89, 0.0432666, 0, 0, 0.00415352, 0.309819, 0, 0.485923, 0.320441, 0, 0.32786, 0.305437, 0, 0.224612, 0.198657
0.894, 0.0434145, 0, 0, 0.00415345, 0.309785, 0, 0.486043, 0.320438, 0, 0.325377, 0.310863, 0, 0.207589, 0.202208
0.897, 0.0435391, 0, 0, 0.00440968, 0.309665, 0, 0.486019, 0.320368, 0, 0.324982, 0.314518, 0, 0.224595, 0.198829
0.9, 0.0436139, 0, 0, 0.00416577, 0.309867, 0, 0.486025, 0.320348, 0, 0.323765, 0.324609, 0, 0.207845, 0.202085
0.903, 0.0436946, 0, 0, 0.00416688, 0.310083, 0, 0.485977, 0.320313, 0, 0.323357, 0.330897, 0, 0.207605, 0.202586
0.906, 0.0437784, 0, 0, 0.00415862, 0.309764, 0, 0.485969, 0.320244, 0, 0.323139, 0.334104, 0, 0.2076, 0.202785
0.91, 0.0438547, 0, 0, 0.00440945, 0.309752, 0, 0.485976, 0.320254, 0, 0.323589, 0.337095, 0, 0.224597, 0.199452
0.913, 0.0439243, 0, 0, 0.0041673, 0.310124, 0, 0.485973, 0.320285, 0, 0.325468, 0.346233, 0, 0.207616, 0.205392
0.914, 0.0439598, 0, 0, 0.00415604, 0.309668, 0, 0.485923, 0.320202, 0, 0.325556, 0.346863, 0, 0.207579, 0.205389
0.917, 0.0439606, 0, 0, 0.00415285, 0.309865, 0, 0.486003, 0.320298, 0, 0.326561, 0.355685, 0, 0.22435, 0.200068
0.92, 0.0439608, 0, 0, 0.00416243, 0.310153, 0, 0.485966, 0.320256, 0, 0.327812, 0.360296, 0, 0.207623, 0.205662
0.926, 0.0439778, 0, 0, 0.00415274, 0.309855, 0, 0.486087, 0.320333, 0, 0.34271, 0.362228, 0, 0.208135, 0.203919
0.932, 0.0439419, 0, 0, 0.00436615, 0.309645, 0, 0.486229, 0.318826, 0, 0.35728, 0.339729, 0, 0.208013, 0.206834
0.933, 0.0438914, 0, 0, 0.0041168, 0.309865, 0, 0.486109, 0.318847, 0, 0.362091, 0.327846, 0, 0.207837, 0.207215
0.936, 0.0438612, 0, 0, 0.00410862, 0.309756, 0, 0.485683, 0.318725, 0, 0.368848, 0.302044, 0, 0.208056, 0.207162
0.939, 0.0437431, 0, 0, 0.00410749, 0.310134, 0, 0.485588, 0.318779, 0, 0.374003, 0.272237, 0, 0.207744, 0.205279
0.942, 0.0436993, 0, 0, 0.00410034, 0.309714, 0, 0.485614, 0.318783, 0, 0.376558, 0.265616, 0, 0.207792, 0.20528
0.945, 0.0436327, 0, 0, 0.00410958, 0.309857, 0, 0.485741, 0.318901, 0, 0.378717, 0.265952, 0, 0.208036, 0.207284
0.949, 0.0435082, 0, 0, 0.00410986, 0.309777, 0, 0.485798, 0.318934, 0, 0.380325, 0.261434, 0, 0.207723, 0.207629
0.952, 0.0434032, 0, 0, 0.00412046, 0.310134, 0, 0.485805, 0.318972, 0, 0.383785, 0.257101, 0, 0.207711, 0.207693
0.953, 0.0434115, 0, 0, 0.00412149, 0.309974, 0, 0.485754, 0.318911, 0, 0.392277, 0.254034, 0, 0.207715, 0.20769
0.956, 0.0433161, 0, 0, 0.0041194, 0.309775, 0, 0.486024, 0.319021, 0, 0.394278, 0.251155, 0, 0.207711, 0.205389
0.962, 0.0431582, 0, 0, 0.00412864, 0.30975, 0, 0.485958, 0.320611, 0, 0.394354, 0.252693, 0, 0.207668, 0.205487
0.968, 0.0429933, 0, 0, 0.00414135, 0.310084, 0, 0.485941, 0.32053, 0, 0.400684, 0.253312, 0, 0.207652, 0.208041
0.971, 0.0429248, 0, 0, 0.00413762, 0.309744, 0, 0.485935, 0.320418, 0, 0.399964, 0.25477, 0, 0.207608, 0.208025
0.974, 0.0428655, 0, 0, 0.00414259, 0.309854, 0, 0.485985, 0.320427, 0, 0.398391, 0.258072, 0, 0.207577, 0.208047
0.975, 0.0428444, 0, 0, 0.00415117, 0.310113, 0, 0.485951, 0.320396, 0, 0.398286, 0.258522, 0, 0.207581, 0.208073
0.978, 0.0428078, 0, 0, 0.00415789, 0.310065, 0, 0.485983, 0.320314, 0, 0.39708, 0.261104, 0, 0.207555, 0.207996
0.981, 0.0427905, 0, 0, 0.00415752, 0.309783, 0, 0.486051, 0.320279, 0, 0.395986, 0.263253, 0, 0.207521, 0.207968
0.984, 0.0427551, 0, 0, 0.00416829, 0.310149, 0, 0.486054, 0.320285, 0, 0.392885, 0.26441, 0, 0.207496, 0.208015
0.987, 0.0427851, 0, 0, 0.00443626, 0.309586, 0, 0.485801, 0.319995, 0, 0.396819, 0.257775, 0, 0.207405, 0.205445
0.99, 0.042762, 0, 0, 0.00443443, 0.309773, 0, 0.486066, 0.320184, 0, 0.396493, 0.256391, 0, 0.207402, 0.207985
0.993, 0.0428804, 0, 0, 0.00418541, 0.309868, 0, 0.486198, 0.320246, 0, 0.406013, 0.287393, 0, 0.2075, 0.208083
0.994, 0.042844, 0, 0, 0.00417561, 0.309858, 0, 0.486207, 0.320246, 0, 0.406942, 0.290288, 0, 0.207429, 0.208001
0.997, 0.0428389, 0, 0, 0.0041835, 0.309855, 0, 0.486332, 0.320224, 0, 0.414453, 0.325074, 0, 0.207376, 0.207517
1, 0.0428888, 0, 0, 0.00417624, 0.309814, 0, 0.486229, 0.320215, 0, 0.423946, 0.352384, 0, 0.207386, 0.207528
1.003, 0.0429256, 0, 0, 0.00441854, 0.30975, 0, 0.486161, 0.320231, 0, 0.445186, 0.367289, 0, 0.207402, 0.217625
1.009, 0.0426204, 0, 0, 0.00430255, 0.308392, 0, 0.482073, 0.318808, 0, 0.606033, 0.325863, 0, 0.20674, 0.218136
1.012, 0.0439004, 0, 0, 0.00432707, 0.310985, 0, 0.487483, 0.320721, 0, 0.499296, 0.259733, 0, 0.208335, 0.216871
1.013, 0.0435665, 0, 0, 0.00420924, 0.30983, 0, 0.487389, 0.320572, 0, 0.491245, 0.271086, 0, 0.207732, 0.21704
1.016, 0.0430805, 0, 0, 0.00412055, 0.309867, 0, 0.486844, 0.320646, 0, 0.498438, 0.272635, 0, 0.207097, 0.217273
1.019, 0.0432466, 0, 0, 0.00413455, 0.30969, 0, 0.485895, 0.320187, 0, 0.507459, 0.263296, 0, 0.207216, 0.217132
1.022, 0.0433843, 0, 0, 0.00414368, 0.309804, 0, 0.485738, 0.320127, 0, 0.512296, 0.260509, 0, 0.207292, 0.217088
1.025, 0.0434785, 0, 0, 0.00414239, 0.309837, 0, 0.485838, 0.320164, 0, 0.519324, 0.258963, 0, 0.207295, 0.21706
1.028, 0.0435602, 0, 0, 0.00414457, 0.309869, 0, 0.485966, 0.320201, 0, 0.524892, 0.255919, 0, 0.207272, 0.217001
1.031, 0.0436139, 0, 0, 0.00415078, 0.310123, 0, 0.486006, 0.32022, 0, 0.52668, 0.254808, 0, 0.207254, 0.216958
1.034, 0.0436594, 0, 0, 0.00414988, 0.309933, 0, 0.485872, 0.320118, 0, 0.53917, 0.26738, 0, 0.207224, 0.216853
1.035, 0.0437186, 0, 0, 0.0041495, 0.309689, 0, 0.485952, 0.32015, 0, 0.540883, 0.265617, 0, 0.207244, 0.216831
1.041, 0.0438059, 0, 0, 0.00439685, 0.309731, 0, 0.48601, 0.320215, 0, 0.563548, 0.26281, 0, 0.207205, 0.216741
1.044, 0.0437965, 0, 0, 0.00414149, 0.309837, 0, 0.485939, 0.320181, 0, 0.574106, 0.263632, 0, 0.20714, 0.216679
1.047, 0.0438501, 0, 0, 0.00414805, 0.309853, 0, 0.485957, 0.320159, 0, 0.552867, 0.260918, 0, 0.207164, 0.216605
1.05, 0.0438508, 0, 0, 0.00415522, 0.310072, 0, 0.485988, 0.320175, 0, 0.579307, 0.258824, 0, 0.207142, 0.216553
1.053, 0.0438072, 0, 0, 0.0041365, 0.309744, 0, 0.485909, 0.320144, 0, 0.587494, 0.256019, 0, 0.2071, 0.21656
1.054, 0.0438014, 0, 0, 0.00438818, 0.309749, 0, 0.485959, 0.320195, 0, 0.588394, 0.255514, 0, 0.207101, 0.216551
1.057, 0.0437818, 0, 0, 0.00415031, 0.310138, 0, 0.48604, 0.318541, 0, 0.599488, 0.253308, 0, 0.20709, 0.216483
1.06, 0.0437735, 0, 0, 0.00414618, 0.309711, 0, 0.485871, 0.318454, 0, 0.599374, 0.252445, 0, 0.207071, 0.216891
1.063, 0.0436941, 0, 0, 0.00414506, 0.30986, 0, 0.485633, 0.320174, 0, 0.602401, 0.25114, 0, 0.207041, 0.21685
1.066, 0.0436302, 0, 0, 0.00415362, 0.310073, 0, 0.485942, 0.320275, 0, 0.603228, 0.24981, 0, 0.207024, 0.216748
1.07, 0.0435087, 0, 0, 0.00414416, 0.30977, 0, 0.486011, 0.320255, 0, 0.606418, 0.248619, 0, 0.206972, 0.216598
1.073, 0.0434145, 0, 0, 0.00415464, 0.310161, 0, 0.486014, 0.320288, 0, 0.607679, 0.247167, 0, 0.206967, 0.216522
1.074, 0.043398, 0, 0, 0.00439916, 0.309866, 0, 0.485918, 0.320198, 0, 0.609726, 0.246654, 0, 0.206948, 0.216475
1.08, 0.0431238, 0, 0, 0.00413551, 0.309811, 0, 0.485904, 0.320184, 0, 0.607376, 0.276927, 0, 0.206794, 0.216243
1.083, 0.0430589, 0, 0, 0.00415316, 0.310066, 0, 0.485862, 0.32017, 0, 0.619435, 0.273827, 0, 0.206901, 0.216177
1.086, 0.0429531, 0, 0, 0.00414186, 0.309629, 0, 0.485701, 0.32005, 0, 0.667715, 0.271858, 0, 0.20684, 0.216096
1.089, 0.0428869, 0, 0, 0.00415446, 0.30987, 0, 0.485988, 0.320205, 0, 0.671768, 0.271929, 0, 0.2069, 0.216035
1.092, 0.0427515, 0, 0, 0.00414997, 0.309851, 0, 0.48605, 0.320209, 0, 0.683006, 0.269321, 0, 0.206878, 0.215955
1.095, 0.0426509, 0, 0, 0.00414277, 0.309759, 0, 0.486017, 0.320228, 0, 0.696031, 0.264816, 0, 0.206875, 0.215937
1.096, 0.0425984, 0, 0, 0.00414037, 0.309814, 0, 0.486011, 0.32025, 0, 0.700585, 0.263338, 0, 0.206877, 0.215941
1.099, 0.0424973, 0, 0, 0.00413345, 0.309838, 0, 0.485929, 0.32025, 0, 0.715805, 0.25673, 0, 0.20689, 0.215941
1.102, 0.0423935, 0, 0, 0.00413435, 0.310109, 0, 0.486169, 0.318688, 0, 0.730459, 0.248345, 0, 0.206904, 0.21595
1.105, 0.042301, 0, 0, 0.00411869, 0.309767, 0, 0.485834, 0.318605, 0, 0.742488, 0.239416, 0, 0.206893, 0.215936
1.108, 0.0419277, 0, 0, 0.00405088, 0.30992, 0, 0.485088, 0.318582, 0, 0.819377, 0.235058, 0, 0.206521, 0.216122
1.111, 0.0422284, 0, 0, 0.00408723, 0.309949, 0, 0.4851, 0.318691, 0, 0.865054, 0.221699, 0, 0.20702, 0.21624
1.114, 0.042171, 0, 0, 0.00405366, 0.309768, 0, 0.48542, 0.320729, 0, 0.905112, 0.209651, 0, 0.207056, 0.21643
1.117, 0.0421354, 0, 0, 0.00405509, 0.310132, 0, 0.485634, 0.321013, 0, 0.90809, 0.193849, 0, 0.20715, 0.216539
1.121, 0.0420647, 0, 0, 0.00402965, 0.309755, 0, 0.485764, 0.319409, 0, 0.894721, 0.179957, 0, 0.207162, 0.2166
1.124, 0.0419335, 0, 0, 0.00400617, 0.31009, 0, 0.485327, 0.31942, 0, 0.901275, 0.167377, 0, 0.207024, 0.216695
1.127, 0.0418435, 0, 0, 0.00399634, 0.309893, 0, 0.485001, 0.319254, 0, 0.858139, 0.160092, 0, 0.207001, 0.216609
1.13, 0.0420457, 0, 0, 0.00402215, 0.310004, 0, 0.485161, 0.319366, 0, 0.84499, 0.144763, 0, 0.207205, 0.216629
1.133, 0.0419141, 0, 0, 0.00397173, 0.30973, 0, 0.485238, 0.31954, 0, 0.745166, 0.136579, 0, 0.207048, 0.216707
1.136, 0.0419416, 0, 0, 0.0039747, 0.309939, 0, 0.485118, 0.319551, 0, 0.734369, 0.1439, 0, 0.207027, 0.216759
1.139, 0.0419746, 0, 0, 0.00394603, 0.30968, 0, 0.484868, 0.31953, 0, 0.727758, 0.126783, 0, 0.207043, 0.216922
1.14, 0.0419778, 0, 0, 0.00394845, 0.310089, 0, 0.484863, 0.319624, 0, 0.723793, 0.123253, 0, 0.207094, 0.217053
1.143, 0.0420441, 0, 0, 0.00390448, 0.309559, 0, 0.484625, 0.319636, 0, 0.719281, 0.0994778, 0, 0.20705, 0.217359
1.146, 0.0422635, 0, 0, 0.00390996, 0.310082, 0, 0.484727, 0.319907, 0, 0.653908, 0.0706633, 0, 0.207322, 0.217649
1.149, 0.0423403, 0, 0, 0.00386356, 0.309631, 0, 0.484746, 0.320068, 0, 0.595782, 0.0565832, 0, 0.207385, 0.21782
1.152, 0.0423774, 0, 0, 0.00386309, 0.310103, 0, 0.484775, 0.320189, 0, 0.545195, 0.0281207, 0, 0.207473, 0.218465
1.158, 0.0425761, 0, 0, 0.00386999, 0.309764, 0, 0.485066, 0.320114, 0, 0.379889, 0.0163883, 0, 0.207457, 0.215776
1.159, 0.0425426, 0, 0, 0.00387248, 0.310153, 0, 0.485078, 0.320148, 0, 0.356745, 0.0143313, 0, 0.207355, 0.2157
1.162, 0.0427548, 0, 0, 0.00388043, 0.309726, 0, 0.485079, 0.320094, 0, 0.222473, 0.00483011, 0, 0.207494, 0.215793
1.165, 0.0428855, 0, 0, 0.00392982, 0.309483, 0, 0.485317, 0.319824, 0, 0.132895, 0, 0, 0.207244, 0.214597
1.168, 0.0430106, 0, 0, 0.00423622, 0.309921, 0, 0.486689, 0.31856, 0, 0.0134673, 0, 0, 0.206404, 0.210578
1.171, 0.0429491, 0, 0, 0.00421683, 0.309664, 0, 0.487128, 0.318582, 0, 0, 0, 0, 0.206248, 0.210363
1.174, 0.0430268, 0, 0, 0.00421506, 0.309655, 0, 0.487103, 0.318516, 0, 0, 0, 0, 0.20612, 0.210248
1.178, 0.0431873, 0, 0, 0.00422913, 0.309596, 0, 0.486954, 0.318353, 0, 0, 0, 0, 0.206093, 0.210058
1.179, 0.043219, 0, 0, 0.00423235, 0.309606, 0, 0.486939, 0.318336, 0, 0, 0, 0, 0.206082, 0.210024
1.182, 0.0433025, 0, 0, 0.00423761, 0.30957, 0, 0.486849, 0.318268, 0, 0, 0, 0, 0.206038, 0.209941
1.186, 0.0653049, 0, 0, 0.00930662, 0.305651, 0, 0.490002, 0.311761, 0, 0, 0, 0, 0.23903, 0.210125
1.189, 0.0694052, 0, 0, 0.00908248, 0.330717, 0, 0.552798, 0.339866, 0, 0, 5.37337, 0, 0.226419, 0.206101
1.193, 0.0245699, 0, 0, 0.00237178, 0.309936, 0, 0.505173, 0.327309, 0, 0, 0, 0, 0.192517, 0.213674
1.194, 0.0184325, 0, 0, 0.00174856, 0.307583, 0, 0.48079, 0.321909, 0, 0, 0, 0, 0.188503, 0.216493
1.197, 0.0220619, 0, 0, 0.00131006, 0.292105, 0, 0.418803, 0.300504, 0, 0, 0, 0, 0.187461, 0.218496
1.2, 0.0216798, 0, 0, 0.000924746, 0.290242, 0, 0.39376, 0.296164, 0, 0, 0, 0, 0.182876, 0.222394
1.203, 0.0464515, 0, 0, 0.0051792, 0.329686, 0, 0.530791, 0.340221, 0, 0, 0, 0, 0.208244, 0.209012
1.206, 0.0418028, 0, 0, 0.00436477, 0.308757, 0, 0.513186, 0.327995, 0, 0, 0, 0, 0.206135, 0.208198
1.21, 0.0427402, 0, 0, 0.00448505, 0.310211, 0, 0.492869, 0.322148, 0, 0, 0, 0, 0.207375, 0.209032
1.214, 0.148384, 0, 0, 0.0221707, 0.350925, 0, 0.615842, 0.351307, 0, 0, 0.180658, 0, 0.303846, 0.227132
1.215, 0.0387259, 0, 0, 0.00431588, 0.331185, 0, 0.555072, 0.344043, 0, 0, 0.185687, 0, 0.195193, 0.208515
1.218, 0.0245402, 0, 0, 0.00226232, 0.301394, 0, 0.488332, 0.319431, 0, 0, 0.221739, 0, 0.195918, 0.212339
1.222, 0.031302, 0, 0, 0.00240295, 0.300045, 0, 0.446145, 0.305638, 0, 0, 0.213075, 0, 0.197791, 0.213124
1.226, 0.03297, 0, 0, 0.00229785, 0.300137, 0, 0.440942, 0.304698, 0, 0, 0.207517, 0, 0.195909, 0.214112
1.23, 0.115731, 0, 0, 0.015316, 0.318628, 0, 0.529826, 0.317902, 0, 0, 0.244768, 0, 0.257499, 0.211643
1.233, 0.042345, 0, 0, 0.00447425, 0.316061, 0, 0.522418, 0.332807, 0, 0, 0.203331, 0, 0.205525, 0.209646
1.234, 0.0417708, 0, 0, 0.00438049, 0.313319, 0, 0.515688, 0.330548, 0, 0, 0.203479, 0, 0.205501, 0.209877
1.238, 0.0419295, 0, 0, 0.00426879, 0.308423, 0, 0.490381, 0.320648, 0, 0, 0.20332, 0, 0.205927, 0.209499
1.242, 0.0422169, 0, 0, 0.00429171, 0.308995, 0, 0.483497, 0.318163, 0, 0, 0.203644, 0, 0.206121, 0.209913
1.248, 0.0424015, 0, 0, 0.00442089, 0.30935, 0, 0.486366, 0.319227, 0, 0, 0.202839, 0, 0.223306, 0.205838
1.251, 0.0424222, 0, 0, 0.00443689, 0.309452, 0, 0.487516, 0.31969, 0, 0, 0, 0, 0.223316, 0.205775
1.254, 0.0424225, 0, 0, 0.00444813, 0.309541, 0, 0.487814, 0.319828, 0, 0, 0, 0, 0.223319, 0.205692
1.257, 0.042413, 0, 0, 0.00461856, 0.30952, 0, 0.487036, 0.319841, 0, 0, 0, 0, 0.223328, 0.205554
1.258, 0.0424086, 0, 0, 0.0046207, 0.309546, 0, 0.486939, 0.319809, 0, 0, 0, 0, 0.223333, 0.205516
1.262, 0.0423982, 0, 0, 0.00462578, 0.3096, 0, 0.486715, 0.319738, 0, 0, 0, 0, 0.206317, 0.209711
1.265, 0.0423989, 0, 0, 0.00462889, 0.309625, 0, 0.48668, 0.319734, 0, 0, 0, 0, 0.206368, 0.209782
1.269, 0.0424129, 0, 0, 0.00463257, 0.309676, 0, 0.486722, 0.319771, 0, 0, 0, 0, 0.206411, 0.20994
1.273, 0.0424415, 0, 0, 0.00463231, 0.309713, 0, 0.486736, 0.319795, 0, 0, 0, 0, 0.22319, 0.20614
1.274, 0.0425023, 0, 0, 0.00464757, 0.309726, 0, 0.486805, 0.319802, 0, 0, 0, 0, 0.223532, 0.205855
1.278, 0.0425004, 0, 0, 0.00463617, 0.309376, 0, 0.486757, 0.319816, 0, 0, 0, 0, 0.223534, 0.205768
1.282, 0.0425639, 0, 0, 0.0046367, 0.309491, 0, 0.48679, 0.319895, 0, 0, 0, 0, 0.206527, 0.209923
1.285, 0.0426235, 0, 0, 0.00463597, 0.309511, 0, 0.486755, 0.319882, 0, 0, 0, 0, 0.20655, 0.209996
1.288, 0.0426886, 0, 0, 0.00463714, 0.309567, 0, 0.486763, 0.319896, 0, 0, 0, 0, 0.206579, 0.210102
1.292, 0.042782, 0, 0, 0.00463521, 0.309554, 0, 0.486769, 0.319906, 0, 0, 0, 0, 0.223562, 0.205862
1.296, 0.0428914, 0, 0, 0.00463771, 0.309689, 0, 0.486809, 0.319942, 0, 0, 0, 0, 0.206541, 0.210082
1.297, 0.0429197, 0, 0, 0.00463617, 0.309658, 0, 0.486777, 0.319919, 0, 0, 0, 0, 0.206552, 0.210101
1.301, 0.0430288, 0, 0, 0.0046371, 0.30975, 0, 0.486815, 0.319929, 0, 0, 0, 0, 0.223562, 0.205969
1.305, 0.0431379, 0, 0, 0.00464509, 0.309815, 0, 0.486861, 0.319945, 0, 0, 0, 0, 0.206816, 0.209815
1.309, 0.0432445, 0, 0, 0.00464048, 0.309798, 0, 0.486855, 0.31995, 0, 0, 0, 0, 0.206565, 0.210164
1.313, 0.0433429, 0, 0, 0.00464147, 0.30995, 0, 0.486793, 0.319953, 0, 0, 0, 0, 0.223561, 0.205974
1.317, 0.0434311, 0, 0, 0.00464194, 0.309979, 0, 0.486815, 0.319953, 0, 0, 0, 0, 0.206541, 0.210187
1.32, 0.0434855, 0, 0, 0.00463918, 0.309988, 0, 0.4869, 0.319943, 0, 0, 0, 0, 0.223282, 0.206311
1.324, 0.0435458, 0, 0, 0.00464593, 0.31002, 0, 0.486982, 0.319956, 0, 0, 0, 0, 0.206817, 0.209912
1.328, 0.0435849, 0, 0, 0.00464279, 0.310035, 0, 0.486987, 0.319964, 0, 0, 0, 0, 0.206563, 0.210266
1.332, 0.0435991, 0, 0, 0.00464392, 0.310053, 0, 0.486931, 0.319962, 0, 0, 0, 0, 0.223526, 0.206014
1.336, 0.0435943, 0, 0, 0.00464364, 0.310075, 0, 0.486942, 0.319971, 0, 0, 0, 0, 0.206538, 0.210928
1.337, 0.0435888, 0, 0, 0.00464351, 0.310071, 0, 0.486933, 0.319966, 0, 0, 0, 0, 0.206549, 0.210952
1.341, 0.0435515, 0, 0, 0.00464763, 0.310094, 0, 0.486979, 0.319963, 0, 0, 0, 0, 0.206813, 0.210643
1.345, 0.0434913, 0, 0, 0.00464927, 0.310335, 0, 0.486927, 0.319979, 0, 0, 0, 0, 0.223248, 0.207039
1.349, 0.0434245, 0, 0, 0.00464748, 0.309883, 0, 0.486977, 0.319961, 0, 0, 0, 0, 0.20654, 0.210917
1.352, 0.0433398, 0, 0, 0.00464684, 0.310028, 0, 0.486996, 0.320014, 0, 0, 0, 0, 0.206552, 0.210358
1.356, 0.0432254, 0, 0, 0.00464743, 0.310013, 0, 0.486932, 0.319969, 0, 0, 0, 0, 0.223506, 0.206095
1.357, 0.0431976, 0, 0, 0.00465074, 0.310034, 0, 0.486961, 0.31998, 0, 0, 0, 0, 0.206802, 0.210016
1.361, 0.0430712, 0, 0, 0.00464768, 0.310056, 0, 0.486925, 0.31999, 0, 0, 0, 0, 0.20654, 0.21103
1.365, 0.0429335, 0, 0, 0.00464869, 0.310074, 0, 0.486942, 0.319975, 0, 0, 0, 0, 0.223491, 0.206755
1.368, 0.0428143, 0, 0, 0.00465505, 0.31039, 0, 0.486966, 0.319999, 0, 0, 0, 0, 0.206507, 0.210992
1.371, 0.0427422, 0, 0, 0.00464982, 0.309907, 0, 0.486928, 0.319945, 0, 0, 0, 0, 0.206547, 0.211037
1.375, 0.0425827, 0, 0, 0.00465036, 0.310062, 0, 0.486963, 0.320006, 0, 0, 0, 0, 0.223485, 0.206797
1.379, 0.0424492, 0, 0, 0.0046501, 0.310063, 0, 0.48693, 0.319994, 0, 0, 0, 0, 0.206519, 0.21104
1.38, 0.0424168, 0, 0, 0.00465032, 0.31007, 0, 0.486926, 0.319993, 0, 0, 0, 0, 0.206531, 0.211063
1.384, 0.0422916, 0, 0, 0.00465885, 0.310323, 0, 0.486933, 0.319983, 0, 0, 0, 0, 0.223505, 0.206205
1.388, 0.0421781, 0, 0, 0.00465287, 0.310025, 0, 0.486949, 0.319968, 0, 0, 0, 0, 0.206508, 0.210971
1.392, 0.0420677, 0, 0, 0.00465853, 0.310385, 0, 0.486966, 0.320008, 0, 0, 0, 0, 0.20653, 0.211085
1.396, 0.0420001, 0, 0, 0.004653, 0.310018, 0, 0.486899, 0.319938, 0, 0, 0, 0, 0.223488, 0.206856
1.397, 0.0419653, 0, 0, 0.00466407, 0.310442, 0, 0.486974, 0.320016, 0, 0, 0, 0, 0.223479, 0.206845
1.401, 0.0419273, 0, 0, 0.00465334, 0.310018, 0, 0.486938, 0.319946, 0, 0, 0, 0, 0.206513, 0.211073
1.404, 0.0418832, 0, 0, 0.00465986, 0.310398, 0, 0.48696, 0.320001, 0, 0, 0, 0, 0.223475, 0.206265
1.408, 0.0418566, 0, 0, 0.00466154, 0.310326, 0, 0.486949, 0.319945, 0, 0, 0, 0, 0.206505, 0.211021
1.412, 0.0418739, 0, 0, 0.00465466, 0.310037, 0, 0.486971, 0.31995, 0, 0, 0, 0, 0.206527, 0.211116
1.416, 0.0418773, 0, 0, 0.00466182, 0.310393, 0, 0.48694, 0.319983, 0, 0, 0, 0, 0.223458, 0.206869
1.42, 0.0419348, 0, 0, 0.00465523, 0.31, 0, 0.486927, 0.319939, 0, 0, 0, 0, 0.206504, 0.211086
1.421, 0.0419462, 0, 0, 0.00466002, 0.310137, 0, 0.487011, 0.320011, 0, 0, 0, 0, 0.206524, 0.211117
1.425, 0.0420132, 0, 0, 0.00465636, 0.310074, 0, 0.48695, 0.319957, 0, 0, 0, 0, 0.223478, 0.206254
1.429, 0.0420992, 0, 0, 0.00466383, 0.310351, 0, 0.486931, 0.319987, 0, 0, 0, 0, 0.206492, 0.211113
1.433, 0.0421991, 0, 0, 0.00465598, 0.310023, 0, 0.486937, 0.319924, 0, 0, 0, 0, 0.223455, 0.206916
1.437, 0.0423162, 0, 0, 0.00465733, 0.310118, 0, 0.486986, 0.319985, 0, 0, 0, 0, 0.206492, 0.211126
1.438, 0.042332, 0, 0, 0.00466239, 0.310381, 0, 0.486944, 0.319971, 0, 0, 0, 0, 0.206502, 0.211149
1.442, 0.0424767, 0, 0, 0.00466095, 0.310016, 0, 0.486961, 0.319922, 0, 0, 0, 0, 0.206773, 0.210799
1.446, 0.0426163, 0, 0, 0.00465809, 0.310109, 0, 0.486949, 0.319986, 0, 0, 0, 0, 0.206512, 0.211164
1.45, 0.0427568, 0, 0, 0.00466605, 0.310341, 0, 0.486934, 0.319954, 0, 0, 0, 0, 0.223447, 0.206891
1.454, 0.0429015, 0, 0, 0.00465873, 0.310044, 0, 0.486936, 0.319935, 0, 0, 0, 0, 0.206494, 0.211113
1.455, 0.042936, 0, 0, 0.00466223, 0.310145, 0, 0.487031, 0.319983, 0, 0, 0, 0, 0.206512, 0.211141
1.458, 0.0430429, 0, 0, 0.00465831, 0.310091, 0, 0.486952, 0.319945, 0, 0, 0, 0, 0.223447, 0.206973
1.461, 0.0431622, 0, 0, 0.00466369, 0.310021, 0, 0.486946, 0.319959, 0, 0, 0, 0, 0.206763, 0.210828
1.465, 0.0432674, 0, 0, 0.00465929, 0.310093, 0, 0.486969, 0.319966, 0, 0, 0, 0, 0.206504, 0.211167
1.469, 0.0433782, 0, 0, 0.00466328, 0.310116, 0, 0.486931, 0.319953, 0, 0, 0, 0, 0.206768, 0.210844
1.473, 0.0434732, 0, 0, 0.00465707, 0.310048, 0, 0.486926, 0.319955, 0, 0, 0, 0, 0.223174, 0.207233
1.474, 0.0434923, 0, 0, 0.00466003, 0.310082, 0, 0.486966, 0.319955, 0, 0, 0, 0, 0.223436, 0.206959
1.482, 0.0436053, 0, 0, 0.00465789, 0.31005, 0, 0.48693, 0.319957, 0, 0, 0, 0, 0.22316, 0.207231
1.486, 0.0436235, 0, 0, 0.00466213, 0.310108, 0, 0.486974, 0.319955, 0, 0, 0, 0, 0.206509, 0.211156
1.49, 0.0436369, 0, 0, 0.0046639, 0.310069, 0, 0.486943, 0.319948, 0, 0, 0, 0, 0.206514, 0.21049
1.494, 0.0436015, 0, 0, 0.00466404, 0.310076, 0, 0.486948, 0.319954, 0, 0, 0, 0, 0.206757, 0.210241
1.495, 0.0435854, 0, 0, 0.00466265, 0.310092, 0, 0.486946, 0.319955, 0, 0, 0, 0, 0.206514, 0.210494
1.498, 0.0435364, 0, 0, 0.00466929, 0.310402, 0, 0.486939, 0.319941, 0, 0, 0, 0, 0.223456, 0.206284
1.501, 0.0435003, 0, 0, 0.00466211, 0.310049, 0, 0.486934, 0.319905, 0, 0, 0, 0, 0.206481, 0.210486
1.504, 0.0427405, 0, 0, 0.00430414, 0.26758, 0, 0.471175, 0.280284, 0, 0, 0, 0, 0.207071, 0.195188
1.508, 0.0439856, 0, 0, 0.00449633, 0.320174, 0, 0.500034, 0.329814, 0, 0, 0, 0, 0.205956, 0.210656
1.512, 0.0430624, 0, 0, 0.00454169, 0.303792, 0, 0.48127, 0.314747, 0, 0, 0, 0, 0.206529, 0.207762
1.516, 0.0431165, 0, 0, 0.00463795, 0.309571, 0, 0.484987, 0.318345, 0, 0, 0, 0, 0.206483, 0.20881
1.524, 0.0429383, 0, 0, 0.00467429, 0.309499, 0, 0.487389, 0.318833, 0, 0, 0, 0, 0.223435, 0.203743
1.528, 0.0428362, 0, 0, 0.00467512, 0.309582, 0, 0.487212, 0.318847, 0, 0, 0, 0, 0.223398, 0.206375
1.531, 0.0427588, 0, 0, 0.00467385, 0.309743, 0, 0.486997, 0.318819, 0, 0, 0, 0, 0.206723, 0.210157
1.535, 0.0426799, 0, 0, 0.0046732, 0.309624, 0, 0.4869, 0.318833, 0, 0, 0, 0, 0.206475, 0.210438
1.539, 0.0426106, 0, 0, 0.00467183, 0.309694, 0, 0.486954, 0.318918, 0, 0, 0, 0, 0.206502, 0.21055
1.543, 0.0425599, 0, 0, 0.00467052, 0.309784, 0, 0.486958, 0.31897, 0, 0, 0, 0, 0.223436, 0.206454
1.544, 0.0425491, 0, 0, 0.00467067, 0.309783, 0, 0.486949, 0.318971, 0, 0, 0, 0, 0.223441, 0.206404
1.548, 0.0425222, 0, 0, 0.00467175, 0.309883, 0, 0.486949, 0.319041, 0, 0, 0, 0, 0.223398, 0.206277
1.552, 0.042516, 0, 0, 0.00467071, 0.309931, 0, 0.486991, 0.319076, 0, 0, 0, 0, 0.206471, 0.210465
1.555, 0.0425224, 0, 0, 0.00467056, 0.309964, 0, 0.486945, 0.319101, 0, 0, 0, 0, 0.206502, 0.21054
1.559, 0.0425484, 0, 0, 0.00466991, 0.309997, 0, 0.486898, 0.319112, 0, 0, 0, 0, 0.223457, 0.203604
1.563, 0.0425962, 0, 0, 0.00467017, 0.310072, 0, 0.48695, 0.319169, 0, 0, 0, 0, 0.223412, 0.203524
1.567, 0.0426607, 0, 0, 0.00466974, 0.310094, 0, 0.486964, 0.319199, 0, 0, 0, 0, 0.206469, 0.210495
1.568, 0.0426791, 0, 0, 0.00466937, 0.310092, 0, 0.486984, 0.319194, 0, 0, 0, 0, 0.206482, 0.210512
1.572, 0.0427586, 0, 0, 0.0046675, 0.310111, 0, 0.486945, 0.319211, 0, 0, 0, 0, 0.223428, 0.203625
1.58, 0.0429575, 0, 0, 0.00466853, 0.310159, 0, 0.48698, 0.31927, 0, 0, 0, 0, 0.206489, 0.210553
1.587, 0.0431451, 0, 0, 0.00466831, 0.310189, 0, 0.486954, 0.319309, 0, 0, 0, 0, 0.206464, 0.210533
1.591, 0.0432525, 0, 0, 0.00466867, 0.310186, 0, 0.486959, 0.319303, 0, 0, 0, 0, 0.223443, 0.20631
1.592, 0.0432605, 0, 0, 0.00467783, 0.310494, 0, 0.486972, 0.319323, 0, 0, 0, 0, 0.206753, 0.210235
1.595, 0.0433493, 0, 0, 0.00467386, 0.310305, 0, 0.486928, 0.319301, 0, 0, 0, 0, 0.206488, 0.207774
1.599, 0.043438, 0, 0, 0.00466817, 0.309996, 0, 0.486976, 0.319329, 0, 0, 0, 0, 0.223432, 0.203556
1.603, 0.0435113, 0, 0, 0.00466809, 0.310091, 0, 0.486994, 0.319389, 0, 0, 0, 0, 0.206478, 0.210574
1.607, 0.043567, 0, 0, 0.00467159, 0.310102, 0, 0.486931, 0.319377, 0, 0, 0, 0, 0.206753, 0.210237
1.611, 0.0436037, 0, 0, 0.00466915, 0.310125, 0, 0.486906, 0.31939, 0, 0, 0, 0, 0.20675, 0.207511
1.612, 0.0436063, 0, 0, 0.00466531, 0.310124, 0, 0.48689, 0.319389, 0, 0, 0, 0, 0.223185, 0.203829
1.616, 0.0436158, 0, 0, 0.00467289, 0.310389, 0, 0.486864, 0.319415, 0, 0, 0, 0, 0.223137, 0.206653
1.62, 0.0435995, 0, 0, 0.00466825, 0.310037, 0, 0.486919, 0.319381, 0, 0, 0, 0, 0.206474, 0.21054
1.624, 0.0435628, 0, 0, 0.00467191, 0.310127, 0, 0.486937, 0.319437, 0, 0, 0, 0, 0.206749, 0.210247
1.628, 0.0434958, 0, 0, 0.00466389, 0.310124, 0, 0.486846, 0.319428, 0, 0, 0, 0, 0.223154, 0.203879
1.629, 0.0434666, 0, 0, 0.00467309, 0.310421, 0, 0.486862, 0.319426, 0, 0, 0, 0, 0.223432, 0.203609
1.633, 0.0433912, 0, 0, 0.00466957, 0.310056, 0, 0.4869, 0.319412, 0, 0, 0, 0, 0.206474, 0.2105
1.637, 0.0432712, 0, 0, 0.00467179, 0.310426, 0, 0.486894, 0.319462, 0, 0, 0, 0, 0.223156, 0.20668
1.641, 0.0431658, 0, 0, 0.00466884, 0.310065, 0, 0.486897, 0.319403, 0, 0, 0, 0, 0.223401, 0.206303
1.645, 0.0430383, 0, 0, 0.00466824, 0.310115, 0, 0.4869, 0.319477, 0, 0, 0, 0, 0.20647, 0.21052
1.649, 0.0429013, 0, 0, 0.0046667, 0.310072, 0, 0.486878, 0.31945, 0, 0, 0, 0, 0.223438, 0.203615
1.653, 0.0427423, 0, 0, 0.0046766, 0.310434, 0, 0.486887, 0.319493, 0, 0, 0, 0, 0.206493, 0.210546
1.658, 0.0425809, 0, 0, 0.00467227, 0.310056, 0, 0.486887, 0.319437, 0, 0, 0, 0, 0.206747, 0.210218
1.666, 0.0423189, 0, 0, 0.00467569, 0.310378, 0, 0.486844, 0.319491, 0, 0, 0, 0, 0.223434, 0.203599
1.67, 0.0422039, 0, 0, 0.00466852, 0.310069, 0, 0.48692, 0.319456, 0, 0, 0, 0, 0.206457, 0.210523
1.674, 0.04209, 0, 0, 0.00467432, 0.310429, 0, 0.486892, 0.319499, 0, 0, 0, 0, 0.223414, 0.206395
1.678, 0.0420168, 0, 0, 0.00466756, 0.310041, 0, 0.486878, 0.319462, 0, 0, 0, 0, 0.206472, 0.207768
1.679, 0.0419983, 0, 0, 0.00466959, 0.31017, 0, 0.486942, 0.319528, 0, 0, 0, 0, 0.223167, 0.203861
1.683, 0.0419432, 0, 0, 0.00467043, 0.310123, 0, 0.486928, 0.319493, 0, 0, 0, 0, 0.206497, 0.210531
1.687, 0.0419211, 0, 0, 0.00467277, 0.310038, 0, 0.486883, 0.319497, 0, 0, 0, 0, 0.206764, 0.210266
1.691, 0.0418813, 0, 0, 0.0046717, 0.310118, 0, 0.486919, 0.319511, 0, 0, 0, 0, 0.206754, 0.210249
1.695, 0.0418663, 0, 0, 0.00467381, 0.310423, 0, 0.486835, 0.319509, 0, 0, 0, 0, 0.223426, 0.203606
1.699, 0.0419022, 0, 0, 0.00466908, 0.310054, 0, 0.486892, 0.31948, 0, 0, 0, 0, 0.206467, 0.210567
1.7, 0.0419072, 0, 0, 0.00467009, 0.310175, 0, 0.486985, 0.319539, 0, 0, 0, 0, 0.223145, 0.206659
1.707, 0.0420065, 0, 0, 0.00466982, 0.310105, 0, 0.486882, 0.319511, 0, 0, 0, 0, 0.206488, 0.210513
1.711, 0.0420895, 0, 0, 0.00466834, 0.310098, 0, 0.486894, 0.319512, 0, 0, 0, 0, 0.223438, 0.203568
1.715, 0.0421895, 0, 0, 0.00466571, 0.310091, 0, 0.486869, 0.319526, 0, 0, 0, 0, 0.223137, 0.206668
1.718, 0.0422705, 0, 0, 0.00466985, 0.31013, 0, 0.486949, 0.319539, 0, 0, 0, 0, 0.206491, 0.210542
1.719, 0.0422848, 0, 0, 0.00467197, 0.310414, 0, 0.486895, 0.319531, 0, 0, 0, 0, 0.223132, 0.206651
1.723, 0.0424248, 0, 0, 0.00466791, 0.310046, 0, 0.48691, 0.319489, 0, 0, 0, 0, 0.206474, 0.207781
1.727, 0.042569, 0, 0, 0.0046732, 0.310138, 0, 0.48689, 0.319539, 0, 0, 0, 0, 0.206765, 0.210273
1.731, 0.0427071, 0, 0, 0.00467527, 0.310362, 0, 0.486874, 0.319518, 0, 0, 0, 0, 0.223406, 0.206388
1.735, 0.042849, 0, 0, 0.00466916, 0.310073, 0, 0.486888, 0.319507, 0, 0, 0, 0, 0.206464, 0.210526
1.738, 0.0429566, 0, 0, 0.00466584, 0.310141, 0, 0.486872, 0.319545, 0, 0, 0, 0, 0.223174, 0.203901
1.742, 0.0431136, 0, 0, 0.0046697, 0.310034, 0, 0.4869, 0.319521, 0, 0, 0, 0, 0.223421, 0.203573
1.743, 0.0431358, 0, 0, 0.00467383, 0.310102, 0, 0.486951, 0.319549, 0, 0, 0, 0, 0.20675, 0.210256
1.747, 0.0432563, 0, 0, 0.00466881, 0.310121, 0, 0.486877, 0.319541, 0, 0, 0, 0, 0.206486, 0.210588
1.751, 0.0433684, 0, 0, 0.00467688, 0.310375, 0, 0.486887, 0.319533, 0, 0, 0, 0, 0.223412, 0.206336
1.755, 0.0434662, 0, 0, 0.00466915, 0.310071, 0, 0.486885, 0.319512, 0, 0, 0, 0, 0.206474, 0.210531
1.759, 0.0435275, 0, 0, 0.00467543, 0.310432, 0, 0.486884, 0.319547, 0, 0, 0, 0, 0.223442, 0.203604
1.76, 0.0435754, 0, 0, 0.00466598, 0.30997, 0, 0.486825, 0.319472, 0, 0, 0, 0, 0.223423, 0.203573
1.763, 0.0436143, 0, 0, 0.00467049, 0.310099, 0, 0.486914, 0.319575, 0, 0, 0, 0, 0.206466, 0.210595
1.767, 0.0436259, 0, 0, 0.00467004, 0.310123, 0, 0.486907, 0.319541, 0, 0, 0, 0, 0.20649, 0.210542
1.771, 0.0436568, 0, 0, 0.00467254, 0.31004, 0, 0.486889, 0.319545, 0, 0, 0, 0, 0.206741, 0.210286
1.774, 0.0436275, 0, 0, 0.00466787, 0.310106, 0, 0.486895, 0.319551, 0, 0, 0, 0, 0.223419, 0.203611
1.778, 0.0435925, 0, 0, 0.00466933, 0.310139, 0, 0.486888, 0.319557, 0, 0, 0, 0, 0.206463, 0.210573
1.783, 0.0435393, 0, 0, 0.00467138, 0.310062, 0, 0.486875, 0.319543, 0, 0, 0, 0, 0.223429, 0.206348
1.787, 0.043446, 0, 0, 0.00466903, 0.310134, 0, 0.486923, 0.319562, 0, 0, 0, 0, 0.206473, 0.210573
1.791, 0.0433551, 0, 0, 0.0046704, 0.310068, 0, 0.486888, 0.319556, 0, 0, 0, 0, 0.206494, 0.210541
1.795, 0.0432536, 0, 0, 0.00466826, 0.310124, 0, 0.486908, 0.319558, 0, 0, 0, 0, 0.223163, 0.206616
1.799, 0.043128, 0, 0, 0.00467154, 0.310431, 0, 0.486874, 0.319558, 0, 0, 0, 0, 0.223143, 0.2039
1.803, 0.0430379, 0, 0, 0.00467303, 0.310056, 0, 0.486891, 0.319519, 0, 0, 0, 0, 0.206735, 0.210234
1.804, 0.0430067, 0, 0, 0.0046751, 0.310191, 0, 0.486977, 0.319595, 0, 0, 0, 0, 0.206476, 0.210507
1.808, 0.0429018, 0, 0, 0.00466518, 0.310118, 0, 0.486892, 0.319544, 0, 0, 0, 0, 0.223154, 0.203891
1.816, 0.0427177, 0, 0, 0.00466637, 0.310117, 0, 0.486856, 0.319554, 0, 0, 0, 0, 0.223145, 0.20666
1.82, 0.0426449, 0, 0, 0.00467065, 0.310109, 0, 0.486927, 0.31956, 0, 0, 0, 0, 0.20648, 0.210536
1.824, 0.0425876, 0, 0, 0.00466805, 0.310096, 0, 0.486856, 0.319557, 0, 0, 0, 0, 0.223429, 0.203642
1.825, 0.0425731, 0, 0, 0.00466935, 0.310113, 0, 0.486858, 0.319558, 0, 0, 0, 0, 0.223441, 0.203611
1.829, 0.0425365, 0, 0, 0.00467797, 0.310385, 0, 0.486922, 0.319571, 0, 0, 0, 0, 0.206466, 0.210514
1.832, 0.0425239, 0, 0, 0.00466911, 0.310044, 0, 0.486872, 0.319527, 0, 0, 0, 0, 0.206483, 0.210553
1.836, 0.0425228, 0, 0, 0.00466995, 0.310135, 0, 0.486904, 0.319563, 0, 0, 0, 0, 0.223424, 0.206379
1.84, 0.042541, 0, 0, 0.004678, 0.310385, 0, 0.486878, 0.31957, 0, 0, 0, 0, 0.206467, 0.210476
1.844, 0.0425804, 0, 0, 0.00466887, 0.310068, 0, 0.486898, 0.319523, 0, 0, 0, 0, 0.206509, 0.207775
1.848, 0.0426527, 0, 0, 0.0046706, 0.310085, 0, 0.486912, 0.319564, 0, 0, 0, 0, 0.223431, 0.203599
1.853, 0.0427471, 0, 0, 0.00467021, 0.31008, 0, 0.486882, 0.319568, 0, 0, 0, 0, 0.206474, 0.210588
1.86, 0.0428915, 0, 0, 0.0046706, 0.310129, 0, 0.486897, 0.319579, 0, 0, 0, 0, 0.206473, 0.210515
1.864, 0.0430186, 0, 0, 0.00466916, 0.310029, 0, 0.486853, 0.319555, 0, 0, 0, 0, 0.223431, 0.203596
1.867, 0.0430795, 0, 0, 0.00467135, 0.310121, 0, 0.486933, 0.319582, 0, 0, 0, 0, 0.206496, 0.210543
1.871, 0.0431893, 0, 0, 0.00467045, 0.310125, 0, 0.486862, 0.31956, 0, 0, 0, 0, 0.223433, 0.206353
1.872, 0.0432136, 0, 0, 0.00467306, 0.31014, 0, 0.486881, 0.319566, 0, 0, 0, 0, 0.206746, 0.210268
1.876, 0.0433175, 0, 0, 0.00466638, 0.310071, 0, 0.486868, 0.319566, 0, 0, 0, 0, 0.223147, 0.206672
1.88, 0.0434083, 0, 0, 0.00467299, 0.310136, 0, 0.486893, 0.319578, 0, 0, 0, 0, 0.206734, 0.210238
1.884, 0.043505, 0, 0, 0.00466921, 0.310039, 0, 0.48691, 0.319564, 0, 0, 0, 0, 0.20649, 0.20779
1.888, 0.0435514, 0, 0, 0.00466938, 0.310119, 0, 0.48686, 0.319577, 0, 0, 0, 0, 0.223445, 0.203647
1.892, 0.0435852, 0, 0, 0.00467996, 0.31044, 0, 0.48688, 0.319581, 0, 0, 0, 0, 0.206742, 0.210265
1.897, 0.0436199, 0, 0, 0.00466692, 0.310061, 0, 0.48687, 0.319531, 0, 0, 0, 0, 0.223151, 0.206656
1.905, 0.0435903, 0, 0, 0.00466835, 0.310067, 0, 0.486885, 0.319561, 0, 0, 0, 0, 0.22341, 0.206398
1.913, 0.043458, 0, 0, 0.00467334, 0.310382, 0, 0.486877, 0.319577, 0, 0, 0, 0, 0.223174, 0.203905
1.917, 0.0433629, 0, 0, 0.00466979, 0.310071, 0, 0.486863, 0.319535, 0, 0, 0, 0, 0.223415, 0.203561
1.918, 0.0433407, 0, 0, 0.00467746, 0.310185, 0, 0.486992, 0.319592, 0, 0, 0, 0, 0.206752, 0.210249
1.922, 0.0432248, 0, 0, 0.00467708, 0.310367, 0, 0.486878, 0.319574, 0, 0, 0, 0, 0.206486, 0.210586
1.925, 0.0431274, 0, 0, 0.00466969, 0.310039, 0, 0.486886, 0.319523, 0, 0, 0, 0, 0.223422, 0.206346
1.929, 0.0429914, 0, 0, 0.00466559, 0.310135, 0, 0.486898, 0.319579, 0, 0, 0, 0, 0.223138, 0.203883
1.932, 0.0428785, 0, 0, 0.00467986, 0.310429, 0, 0.486896, 0.319564, 0, 0, 0, 0, 0.206761, 0.21026
1.935, 0.0427838, 0, 0, 0.00466818, 0.310026, 0, 0.486866, 0.31953, 0, 0, 0, 0, 0.206479, 0.207797
1.939, 0.0426448, 0, 0, 0.00467094, 0.31014, 0, 0.486914, 0.319576, 0, 0, 0, 0, 0.223422, 0.206368
1.942, 0.0425542, 0, 0, 0.00467044, 0.310076, 0, 0.486921, 0.319564, 0, 0, 0, 0, 0.206463, 0.210564
1.943, 0.0425077, 0, 0, 0.00467002, 0.310117, 0, 0.486933, 0.319578, 0, 0, 0, 0, 0.206476, 0.210581
1.947, 0.0423749, 0, 0, 0.00467303, 0.310106, 0, 0.48688, 0.319568, 0, 0, 0, 0, 0.206747, 0.210249
1.954, 0.0421556, 0, 0, 0.0046761, 0.310416, 0, 0.486856, 0.31958, 0, 0, 0, 0, 0.223425, 0.203583
1.962, 0.0420036, 0, 0, 0.00467363, 0.310065, 0, 0.486932, 0.31953, 0, 0, 0, 0, 0.206748, 0.210247
1.97, 0.0418883, 0, 0, 0.00467983, 0.310427, 0, 0.486901, 0.319574, 0, 0, 0, 0, 0.206753, 0.210281
1.974, 0.0418628, 0, 0, 0.00467323, 0.310368, 0, 0.48684, 0.319531, 0, 0, 0, 0, 0.223144, 0.20667
1.975, 0.0418962, 0, 0, 0.00467102, 0.310041, 0, 0.486871, 0.31953, 0, 0, 0, 0, 0.223413, 0.206387
1.979, 0.0418883, 0, 0, 0.00466986, 0.310141, 0, 0.486938, 0.319585, 0, 0, 0, 0, 0.206465, 0.210566
1.983, 0.0419342, 0, 0, 0.00467128, 0.310038, 0, 0.486875, 0.319564, 0, 0, 0, 0, 0.206514, 0.20776
1.987, 0.0419644, 0, 0, 0.00467099, 0.310129, 0, 0.486894, 0.319587, 0, 0, 0, 0, 0.206487, 0.210569
1.991, 0.0420337, 0, 0, 0.00467078, 0.310142, 0, 0.486916, 0.319566, 0, 0, 0, 0, 0.206485, 0.210534
1.992, 0.0420398, 0, 0, 0.00467604, 0.310438, 0, 0.486903, 0.319573, 0, 0, 0, 0, 0.206468, 0.210576
1.996, 0.0421485, 0, 0, 0.00467056, 0.310012, 0, 0.486882, 0.319534, 0, 0, 0, 0, 0.206512, 0.207759
2, 0.0422574, 0, 0, 0.00467345, 0.310126, 0, 0.486941, 0.319587, 0, 0, 0, 0, 0.206741, 0.21028
2.004, 0.0423752, 0, 0, 0.00466657, 0.31012, 0, 0.486853, 0.319564, 0, 0, 0, 0, 0.223146, 0.206675
2.007, 0.041978, 0, 0, 0.00479882, 0.0798478, 0, 0.241607, 0.137389, 0, 0, 0, 0, 0.204279, 0.163419
2.01, 0.0424803, 0, 0, 0.00189284, 0.104213, 0, 0.208138, 0.125019, 0, 0, 0, 0, 0.199479, 0.163307
2.014, 0.0426993, 0, 0, 0.00247867, 0.0623742, 0, 0.176789, 0.108487, 0, 0, 0, 0, 0.198429, 0.162705
2.015, 0.0427964, 0, 0, 0.00208254, 0.0577502, 0, 0.166493, 0.100975, 0, 0, 0, 0, 0.197752, 0.161093
2.018, 0.0427998, 0, 0, 0.00106696, 0.0469322, 0, 0.114339, 0.0871626, 0, 0, 0, 0, 0.20938, 0.161306
2.022, 0.0429581, 0, 0, 0.000512096, 0.0340664, 0, 0.0957796, 0.0642415, 0, 0, 0, 0, 0.206823, 0.154718
2.025, 0.0430751, 0, 0, 0, 0.0275318, 0, 0.0882837, 0.0495003, 0, 0, 0, 0, 0.203994, 0.149965
2.029, 0.0432369, 0, 0, 0, 0.0213212, 0, 0.063971, 0.0368387, 0, 0, 0, 0, 0.200488, 0.143004
2.033, 0.0433641, 0, 0, 0, 0.0164733, 0, 0.0519658, 0.0193934, 0, 0, 0, 0, 0.195212, 0.135654
2.034, 0.0433961, 0, 0, 0, 0.015107, 0, 0.04678, 0.0166228, 0, 0, 0, 0, 0.194039, 0.133733
2.038, 0.0434537, 0, 0, 0, 0.0111248, 0, 0.0360767, 0.00850455, 0, 0, 0, 0, 0.189791, 0.127273
2.041, 0.0435066, 0, 0, 0, 0.00839747, 0, 0.028554, 0.00192959, 0, 0, 0, 0, 0.186523, 0.122398
2.045, 0.0435817, 0, 0, 0, 0.00513931, 0, 0.0241895, 0.000516417, 0, 0, 0, 0, 0.181778, 0.115927
2.048, 0.0436472, 0, 0, 0, 0.00231007, 0, 0.0215018, 0, 0, 0, 0, 0, 0.178117, 0.112166
2.052, 0.0436307, 0, 0, 0, 0.00028004, 0, 0.0155644, 0, 0, 0, 0, 0, 0.173207, 0.103843
2.056, 0.04362, 0, 0, 0, 0, 0, 0.0120922, 0, 0, 0, 0, 0, 0.17788, 0.100602
2.061, 0.043587, 0, 0, 0, 0, 0, 0.00638801, 0, 0, 0, 0, 0, 0.169932, 0.0967645
2.065, 0.043533, 0, 0, 0, 0, 0, 0.00289209, 0, 0, 0, 0, 0, 0.161055, 0.0912337
2.066, 0.0435154, 0, 0, 0, 0, 0, 0.00226919, 0, 0, 0, 0, 0, 0.159182, 0.0889861
2.071, 0.0434162, 0, 0, 0, 0, 0, 0.00060164, 0, 0, 0, 0, 0, 0.150358, 0.0844331
2.076, 0.0432992, 0, 0, 0, 0, 0, 0, 0, 0, 0, 0, 0, 0.141411, 0.0974967
2.08, 0.0423752, 0, 0, 0, 0, 0, 0, 0, 0, 0, 0, 0, 0.132945, 0.100788
2.084, 0.043073, 0, 0, 0, 0, 0, 0, 0, 0, 0, 0, 0, 0.12972, 0.103391
2.088, 0.0429578, 0, 0, 0, 0, 0, 0, 0, 0, 0, 0, 0, 0.127012, 0.107728
2.093, 0.0428418, 0, 0, 0, 0, 0, 0, 0, 0, 0, 0, 0, 0.122384, 0.114272
2.094, 0.0428177, 0, 0, 0, 0, 0, 0, 0, 0, 0, 0, 0, 0.121452, 0.114919
2.099, 0.0427085, 0, 0, 0, 0, 0, 0, 0, 0, 0, 0, 0, 0.117593, 0.117206
2.104, 0.0426216, 0, 0, 0, 0, 0, 0, 0, 0, 0, 0, 0, 0.114777, 0.117212
2.108, 0.0425695, 0, 0, 0, 0, 0, 0, 0, 0, 0, 0, 0, 0.111907, 0.118273
2.113, 0.0425295, 0, 0, 0, 0, 0, 0, 0, 0, 0, 0, 0, 0.109795, 0.121136
2.118, 0.0425223, 0, 0, 0, 0, 0, 0, 0, 0, 0, 0, 0, 0.107832, 0.120339
2.123, 0.0425439, 0, 0, 0, 0, 0, 0, 0, 0, 0, 0, 0, 0.106199, 0.119694
2.127, 0.0425856, 0, 0, 0, 0, 0, 0, 0, 0, 0, 0, 0, 0.105612, 0.12054
2.132, 0.0426592, 0, 0, 0, 0, 0, 0, 0, 0, 0, 0, 0, 0.102755, 0.119189
2.138, 0.042782, 0, 0, 0, 0, 0, 0, 0, 0, 0, 0, 0, 0.102198, 0.120347
2.148, 0.0430332, 0, 0, 0, 0, 0, 0, 0, 0, 0, 0, 0, 0.101322, 0.118555
2.152, 0.0431426, 0, 0, 0, 0, 0, 0, 0, 0, 0, 0, 0, 0.100517, 0.117757
2.157, 0.0432735, 0, 0, 0, 0, 0, 0, 0, 0, 0, 0, 0, 0.0999705, 0.116715
2.162, 0.0433933, 0, 0, 0, 0, 0, 0, 0, 0, 0, 0, 0, 0.0997739, 0.116921
2.167, 0.0435755, 0, 0, 0, 0, 0, 0, 0, 0, 0, 0, 0, 0.0986211, 0.116153
2.172, 0.0435613, 0, 0, 0, 0, 0, 0, 0, 0, 0, 0, 0, 0.0994263, 0.115074
2.173, 0.0435737, 0, 0, 0, 0, 0, 0, 0, 0, 0, 0, 0, 0.099265, 0.115114
2.177, 0.0436102, 0, 0, 0, 0, 0, 0, 0, 0, 0, 0, 0, 0.0987342, 0.114835
2.182, 0.0436215, 0, 0, 0, 0, 0, 0, 0, 0, 0, 0, 0, 0.0978201, 0.113546
2.187, 0.0435915, 0, 0, 0, 0, 0, 0, 0, 0, 0, 0, 0, 0.0966153, 0.11219
2.192, 0.0435283, 0, 0, 0, 0, 0, 0, 0, 0, 0, 0, 0, 0.0962652, 0.110325
2.197, 0.0434298, 0, 0, 0, 0, 0, 0, 0, 0, 0, 0, 0, 0.0961332, 0.110271
2.202, 0.0433026, 0, 0, 0, 0, 0, 0, 0, 0, 0, 0, 0, 0.0972589, 0.116095
2.207, 0.0431517, 0, 0, 0, 0, 0, 0, 0, 0, 0, 0, 0, 0.0977305, 0.11697
2.212, 0.0429835, 0, 0, 0, 0, 0, 0, 0, 0, 0, 0, 0, 0.0970821, 0.115732
2.217, 0.0428081, 0, 0, 0, 0, 0, 0, 0, 0, 0, 0, 0, 0.0968708, 0.115394
2.222, 0.0423514, 0, 0, 0, 0, 0, 0, 0, 0, 0, 0, 0, 0.169473, 0.157826
2.231, 0.0423312, 0, 0, 0, 0, 0, 0, 0, 0, 0, 0, 0, 0.102285, 0.112189
2.236, 0.04219, 0, 0, 0, 0, 0, 0, 0, 0, 0, 0, 0, 0.102491, 0.112194
2.241, 0.042071, 0, 0, 0, 0, 0, 0, 0, 0, 0, 0, 0, 0.102488, 0.112149
2.245, 0.0419948, 0, 0, 0, 0, 0, 0, 0, 0, 0, 0, 0, 0.102491, 0.112222
2.249, 0.041937, 0, 0, 0, 0, 0, 0, 0, 0, 0, 0, 0, 0.102678, 0.112236
2.25, 0.0419257, 0, 0, 0, 0, 0, 0, 0, 0, 0, 0, 0, 0.102689, 0.112235
2.255, 0.0418876, 0, 0, 0, 0, 0, 0, 0, 0, 0, 0, 0, 0.10277, 0.113198
2.26, 0.0418839, 0, 0, 0, 0, 0, 0, 0, 0, 0, 0, 0, 0.10291, 0.113331
2.264, 0.0419043, 0, 0, 0, 0, 0, 0, 0, 0, 0, 0, 0, 0.10282, 0.113423
2.269, 0.0419591, 0, 0, 0, 0, 0, 0, 0, 0, 0, 0, 0, 0.102769, 0.113478
2.274, 0.0420451, 0, 0, 0, 0, 0, 0, 0, 0, 0, 0, 0, 0.102888, 0.113519
2.279, 0.0421588, 0, 0, 0, 0, 0, 0, 0, 0, 0, 0, 0, 0.100705, 0.11316
2.284, 0.0422983, 0, 0, 0, 0, 0, 0, 0, 0, 0, 0, 0, 0.101092, 0.113191
2.285, 0.0423286, 0, 0, 0, 0, 0, 0, 0, 0, 0, 0, 0, 0.101138, 0.113195
2.29, 0.0424908, 0, 0, 0, 0, 0, 0, 0, 0, 0, 0, 0, 0.101361, 0.113225
2.295, 0.0426656, 0, 0, 0, 0, 0, 0, 0, 0, 0, 0, 0, 0.101599, 0.113247
2.299, 0.0428097, 0, 0, 0, 0, 0, 0, 0, 0, 0, 0, 0, 0.101794, 0.113288
2.304, 0.0429886, 0, 0, 0, 0, 0, 0, 0, 0, 0, 0, 0, 0.0997186, 0.113144
2.309, 0.0431606, 0, 0, 0, 0, 0, 0, 0, 0, 0, 0, 0, 0.100959, 0.113364
2.314, 0.0433146, 0, 0, 0, 0, 0, 0, 0, 0, 0, 0, 0, 0.101225, 0.113485
2.319, 0.00317432, 0, 0, 0, 0, 0, 0, 0, 0, 0, 0, 0, 0.0856813, 0.11766
2.323, 0.0404694, 0, 0, 0, 0, 0, 0, 0, 0, 0, 0, 0, 0.101671, 0.113801
2.324, 0.0405517, 0, 0, 0, 0, 0, 0, 0, 0, 0, 0, 0, 0.101647, 0.113883
2.329, 0.0421045, 0, 0, 0, 0, 0, 0, 0, 0, 0, 0, 0, 0.102262, 0.114009
2.333, 0.105908, 0, 0, 0, 0, 0, 0, 0, 0, 0, 0, 0, 0.11394, 0.11202
2.342, 0.0231079, 0, 0, 0, 0, 0, 0, 0, 0, 0, 0, 0, 0.0968957, 0.116448
2.346, 0.266002, 0, 0, 0, 0, 0, 0, 0, 0, 0, 0, 0, 0.163927, 0.111767
2.349, 0, 0, 0, 0, 0, 0, 0, 0, 0, 0, 0, 0, 0.113762, 0.114995
2.353, 0, 0, 0, 0, 0, 0, 0, 0, 0, 0, 0, 0, 0.102967, 0.115335
2.357, 0.0196009, 0, 0, 0, 0, 0, 0, 0, 0, 0, 0, 0, 0.0990513, 0.116531
2.358, 0.0325974, 0, 0, 0, 0, 0, 0, 0, 0, 0, 0, 0, 0.0976294, 0.11705
2.362, 0.340723, 0, 0, 0, 0, 0, 0, 0, 0, 0, 0, 0, 0.184577, 0.116428
2.366, 0.0346479, 0, 0, 0, 0, 0, 0, 0, 0, 0, 0, 0, 0.111454, 0.115825
2.37, 0, 0, 0, 0, 0, 0, 0, 0, 0, 0, 0, 0, 0.282833, 0.143472
2.374, 0, 0, 0, 0, 0, 0, 0, 0, 0, 0, 0, 0, 0.106229, 0.116954
2.378, 0.0477897, 0, 0, 0, 0, 0, 0, 0, 0, 0, 0, 0, 0.101259, 0.117639
2.383, 0.04594, 0, 0, 0, 0, 0, 0, 0, 0, 0, 0, 0, 0.102254, 0.117419
2.384, 0.0460167, 0, 0, 0, 0, 0, 0, 0, 0, 0, 0, 0, 0.10203, 0.117522
2.393, 0.0440765, 0, 0, 0, 0, 0, 0, 0, 0, 0, 0, 0, 0.102848, 0.117659
2.398, 0.0429394, 0, 0, 0, 0, 0, 0, 0, 0, 0, 0, 0, 0.10573, 0.118393
2.403, 0.0459317, 0, 0, 0, 0, 0, 0, 0, 0, 0, 0, 0, 0.10635, 0.118645
2.408, 0.0425836, 0, 0, 0, 0, 0, 0, 0, 0, 0, 0, 0, 0.102449, 0.118025
2.413, 0.0413354, 0, 0, 0, 0, 0, 0, 0, 0, 0, 0, 0, 0.102233, 0.118292
2.414, 0.0414025, 0, 0, 0, 0, 0, 0, 0, 0, 0, 0, 0, 0.102253, 0.118357
2.419, 0.0415755, 0, 0, 0, 0, 0, 0, 0, 0, 0, 0, 0, 0.102471, 0.118739
2.423, 0.0416233, 0, 0, 0, 0, 0, 0, 0, 0, 0, 0, 0, 0.102598, 0.1188
2.428, 0.0416918, 0, 0, 0, 0, 0, 0, 0, 0, 0, 0, 0, 0.103286, 0.119118
2.433, 0.0417904, 0, 0, 0, 0, 0, 0, 0, 0, 0, 0, 0, 0.1034, 0.119271
2.438, 0.0419738, 0, 0, 0, 0, 0, 0, 0, 0, 0, 0, 0, 0.103498, 0.119456
2.447, 0.0421307, 0, 0, 0, 0, 0, 0, 0, 0, 0, 0, 0, 0.103712, 0.119676
2.453, 0.0424721, 0, 0, 0, 0, 0, 0, 0, 0, 0, 0, 0, 0.103933, 0.119809
2.458, 0.0422686, 0, 0, 0, 0, 0, 0, 0, 0, 0, 0, 0, 0.103878, 0.119977
2.463, 0.0423993, 0, 0, 0, 0, 0, 0, 0, 0, 0, 0, 0, 0.103981, 0.1201
2.467, 0.0424517, 0, 0, 0, 0, 0, 0, 0, 0, 0, 0, 0, 0.104046, 0.120235
2.472, 0.042507, 0, 0, 0, 0, 0, 0, 0, 0, 0, 0, 0, 0.104137, 0.120325
2.477, 0.042445, 0, 0, 0, 0, 0, 0, 0, 0, 0, 0, 0, 0.104192, 0.120336
2.482, 0.0427496, 0, 0, 0, 0, 0, 0, 0, 0, 0, 0, 0, 0.104318, 0.120478
2.487, 0.0422864, 0, 0, 0, 0, 0, 0, 0, 0, 0, 0, 0, 0.104321, 0.120607
2.492, 0.0422084, 0, 0, 0, 0, 0, 0, 0, 0, 0, 0, 0, 0.104367, 0.120701
2.493, 0.0421966, 0, 0, 0, 0, 0, 0, 0, 0, 0, 0, 0, 0.10438, 0.12057
2.498, 0.0421057, 0, 0, 0, 0, 0, 0, 0, 0, 0, 0, 0, 0.104417, 0.120708
2.503, 0.0419906, 0, 0, 0, 0, 0, 0, 0, 0, 0, 0, 0, 0.104452, 0.120855
2.508, 0.0418731, 0, 0, 0, 0, 0, 0, 0, 0, 0, 0, 0, 0.104482, 0.120992
2.513, 0.0417617, 0, 0, 0, 0, 0, 0, 0, 0, 0, 0, 0, 0.104506, 0.121133
2.518, 0.0416609, 0, 0, 0, 0, 0, 0, 0, 0, 0, 0, 0, 0.104517, 0.121279
2.528, 0.0415006, 0, 0, 0, 0, 0, 0, 0, 0, 0, 0, 0, 0.104524, 0.121537
2.534, 0.0414566, 0, 0, 0, 0, 0, 0, 0, 0, 0, 0, 0, 0.105804, 0.121822
2.539, 0.0414425, 0, 0, 0, 0, 0, 0, 0, 0, 0, 0, 0, 0.105716, 0.12198
2.544, 0.0414532, 0, 0, 0, 0, 0, 0, 0, 0, 0, 0, 0, 0.105629, 0.122133
2.549, 0.0414904, 0, 0, 0, 0, 0, 0, 0, 0, 0, 0, 0, 0.105539, 0.122285
2.554, 0.0415538, 0, 0, 0, 0, 0, 0, 0, 0, 0, 0, 0, 0.105449, 0.122433
2.559, 0.0611814, 0, 0, 0, 0, 0, 0, 0, 0, 0, 0, 0, 0.113119, 0.121688
2.564, 0.0419505, 0, 0, 0, 0, 0, 0, 0, 0, 0, 0, 0, 0.105644, 0.122649
2.568, 0.0413922, 0, 0, 0, 0, 0, 0, 0, 0, 0, 0, 0, 0.105054, 0.122992
2.573, 0.0419663, 0, 0, 0, 0, 0, 0, 0, 0, 0, 0, 0, 0.105549, 0.123023
2.574, 0.0419976, 0, 0, 0, 0, 0, 0, 0, 0, 0, 0, 0, 0.105527, 0.123051
2.578, 0.0499888, 0, 0, 0, 0, 0, 0, 0, 0, 0, 0, 0, 0.108951, 0.122638
2.583, 0.0413455, 0, 0, 0, 0, 0, 0, 0, 0, 0, 0, 0, 0.10501, 0.123416
2.592, 0.0427533, 0, 0, 0, 0, 0, 0, 0, 0, 0, 0, 0, 0.105327, 0.123485
2.601, 0.0427754, 0, 0, 0, 0, 0, 0, 0, 0, 0, 0, 0, 0.105106, 0.12369
2.606, 0.0428846, 0, 0, 0, 0, 0, 0, 0, 0, 0, 0, 0, 0.105044, 0.123784
2.611, 0.04296, 0, 0, 0, 0, 0, 0, 0, 0, 0, 0, 0, 0.104985, 0.123874
2.612, 0.042971, 0, 0, 0, 0, 0, 0, 0, 0, 0, 0, 0, 0.104973, 0.123892
2.617, 0.0430052, 0, 0, 0, 0, 0, 0, 0, 0, 0, 0, 0, 0.104959, 0.123932
2.622, 0.0430051, 0, 0, 0, 0, 0, 0, 0, 0, 0, 0, 0, 0.104919, 0.124004
2.627, 0.0429725, 0, 0, 0, 0, 0, 0, 0, 0, 0, 0, 0, 0.10488, 0.124078
2.632, 0.042911, 0, 0, 0, 0, 0, 0, 0, 0, 0, 0, 0, 0.10485, 0.124136
2.637, 0.0428255, 0, 0, 0, 0, 0, 0, 0, 0, 0, 0, 0, 0.104824, 0.124199
2.646, 0.042632, 0, 0, 0, 0, 0, 0, 0, 0, 0, 0, 0, 0.104785, 0.124304
2.647, 0.0426087, 0, 0, 0, 0, 0, 0, 0, 0, 0, 0, 0, 0.104781, 0.124315
2.652, 0.0424919, 0, 0, 0, 0, 0, 0, 0, 0, 0, 0, 0, 0.104765, 0.12437
2.656, 0.042401, 0, 0, 0, 0, 0, 0, 0, 0, 0, 0, 0, 0.104755, 0.124411
2.66, 0.0423164, 0, 0, 0, 0, 0, 0, 0, 0, 0, 0, 0, 0.104724, 0.124408
2.665, 0.043186, 0, 0, 0, 0, 0, 0, 0, 0, 0, 0, 0, 0.105133, 0.124339
2.669, 0.0420872, 0, 0, 0, 0, 0, 0, 0, 0, 0, 0, 0, 0.104681, 0.124482
2.673, 0.0420824, 0, 0, 0, 0, 0, 0, 0, 0, 0, 0, 0, 0.104688, 0.124515
2.678, 0.0420833, 0, 0, 0, 0, 0, 0, 0, 0, 0, 0, 0, 0.104694, 0.124576
2.683, 0.0420867, 0, 0, 0, 0, 0, 0, 0, 0, 0, 0, 0, 0.104688, 0.124617
2.684, 0.0420899, 0, 0, 0, 0, 0, 0, 0, 0, 0, 0, 0, 0.104688, 0.124624
2.689, 0.0421225, 0, 0, 0, 0, 0, 0, 0, 0, 0, 0, 0, 0.104811, 0.124698
2.694, 0.0421829, 0, 0, 0, 0, 0, 0, 0, 0, 0, 0, 0, 0.104963, 0.124867
2.699, 0.0422691, 0, 0, 0, 0, 0, 0, 0, 0, 0, 0, 0, 0.104975, 0.124885
2.703, 0.0423539, 0, 0, 0, 0, 0, 0, 0, 0, 0, 0, 0, 0.104985, 0.124899
2.713, 0.0426078, 0, 0, 0, 0, 0, 0, 0, 0, 0, 0, 0, 0.105, 0.124944
2.723, 0.0428787, 0, 0, 0, 0, 0, 0, 0, 0, 0, 0, 0, 0.105026, 0.12498
2.724, 0.0429045, 0, 0, 0, 0, 0, 0, 0, 0, 0, 0, 0, 0.105028, 0.124983
2.728, 0.043002, 0, 0, 0, 0, 0, 0, 0, 0, 0, 0, 0, 0.105038, 0.124997
2.733, 0.0431072, 0, 0, 0, 0, 0, 0, 0, 0, 0, 0, 0, 0.105062, 0.12501
2.737, 0.0431741, 0, 0, 0, 0, 0, 0, 0, 0, 0, 0, 0, 0.105072, 0.125023
2.742, 0.0421994, 0, 0, 0, 0, 0, 0, 0, 0, 0, 0, 0, 0.104689, 0.125129
2.747, 0.0433846, 0, 0, 0, 0, 0, 0, 0, 0, 0, 0, 0, 0.105177, 0.125019
2.752, 0.0431814, 0, 0, 0, 0, 0, 0, 0, 0, 0, 0, 0, 0.10508, 0.125077
2.757, 0.0431896, 0, 0, 0, 0, 0, 0, 0, 0, 0, 0, 0, 0.105111, 0.125084
2.762, 0.0431472, 0, 0, 0, 0, 0, 0, 0, 0, 0, 0, 0, 0.105131, 0.125096
2.763, 0.0431338, 0, 0, 0, 0, 0, 0, 0, 0, 0, 0, 0, 0.105138, 0.125096
2.767, 0.0430259, 0, 0, 0, 0, 0, 0, 0, 0, 0, 0, 0, 0.105138, 0.125109
2.776, 0.0427793, 0, 0, 0, 0, 0, 0, 0, 0, 0, 0, 0, 0.105154, 0.125135
2.786, 0.0424686, 0, 0, 0, 0, 0, 0, 0, 0, 0, 0, 0, 0.105175, 0.125162
2.79, 0.042344, 0, 0, 0, 0, 0, 0, 0, 0, 0, 0, 0, 0.105183, 0.125173
2.794, 0.0422246, 0, 0, 0, 0, 0, 0, 0, 0, 0, 0, 0, 0.105181, 0.125154
2.799, 0.0420873, 0, 0, 0, 0, 0, 0, 0, 0, 0, 0, 0, 0.105183, 0.125178
2.8, 0.0420619, 0, 0, 0, 0, 0, 0, 0, 0, 0, 0, 0, 0.105178, 0.125169
2.805, 0.041947, 0, 0, 0, 0, 0, 0, 0, 0, 0, 0, 0, 0.105179, 0.125194
2.81, 0.0418555, 0, 0, 0, 0, 0, 0, 0, 0, 0, 0, 0, 0.105178, 0.12522
2.815, 0.0417906, 0, 0, 0, 0, 0, 0, 0, 0, 0, 0, 0, 0.105175, 0.125249
2.82, 0.0417547, 0, 0, 0, 0, 0, 0, 0, 0, 0, 0, 0, 0.10517, 0.12528
2.825, 0.0417492, 0, 0, 0, 0, 0, 0, 0, 0, 0, 0, 0, 0.105163, 0.125315
2.83, 0.0417747, 0, 0, 0, 0, 0, 0, 0, 0, 0, 0, 0, 0.106282, 0.1256
2.835, 0.0418306, 0, 0, 0, 0, 0, 0, 0, 0, 0, 0, 0, 0.106429, 0.125715
2.839, 0.0418962, 0, 0, 0, 0, 0, 0, 0, 0, 0, 0, 0, 0.106354, 0.125795
2.845, 0.0420267, 0, 0, 0, 0, 0, 0, 0, 0, 0, 0, 0, 0.105914, 0.125921
2.855, 0.0423141, 0, 0, 0, 0, 0, 0, 0, 0, 0, 0, 0, 0.105871, 0.126051
2.86, 0.0424798, 0, 0, 0, 0, 0, 0, 0, 0, 0, 0, 0, 0.105742, 0.126122
2.864, 0.0426171, 0, 0, 0, 0, 0, 0, 0, 0, 0, 0, 0, 0.105639, 0.126179
2.869, 0.0427888, 0, 0, 0, 0, 0, 0, 0, 0, 0, 0, 0, 0.105515, 0.126248
2.874, 0.0429535, 0, 0, 0, 0, 0, 0, 0, 0, 0, 0, 0, 0.105399, 0.126313
2.878, 0.0430751, 0, 0, 0, 0, 0, 0, 0, 0, 0, 0, 0, 0.105311, 0.126363
2.879, 0.0431036, 0, 0, 0, 0, 0, 0, 0, 0, 0, 0, 0, 0.10529, 0.126375
2.884, 0.0432322, 0, 0, 0, 0, 0, 0, 0, 0, 0, 0, 0, 0.10519, 0.126434
2.889, 0.0433331, 0, 0, 0, 0, 0, 0, 0, 0, 0, 0, 0, 0.105098, 0.126488
2.894, 0.0434018, 0, 0, 0, 0, 0, 0, 0, 0, 0, 0, 0, 0.105014, 0.126538
2.899, 0.0434354, 0, 0, 0, 0, 0, 0, 0, 0, 0, 0, 0, 0.104938, 0.126585
2.904, 0.0434332, 0, 0, 0, 0, 0, 0, 0, 0, 0, 0, 0, 0.104869, 0.126629
2.914, 0.0433285, 0, 0, 0, 0, 0, 0, 0, 0, 0, 0, 0, 0.10475, 0.126707
2.92, 0.0432131, 0, 0, 0, 0, 0, 0, 0, 0, 0, 0, 0, 0.104688, 0.126749
2.925, 0.0430966, 0, 0, 0, 0, 0, 0, 0, 0, 0, 0, 0, 0.104656, 0.126769
2.93, 0.0429694, 0, 0, 0, 0, 0, 0, 0, 0, 0, 0, 0, 0.104614, 0.126801
2.935, 0.0428396, 0, 0, 0, 0, 0, 0, 0, 0, 0, 0, 0, 0.10458, 0.126827
2.94, 0.0427147, 0, 0, 0, 0, 0, 0, 0, 0, 0, 0, 0, 0.104528, 0.126862
2.944, 0.0426234, 0, 0, 0, 0, 0, 0, 0, 0, 0, 0, 0, 0.104475, 0.126892
2.949, 0.0425252, 0, 0, 0, 0, 0, 0, 0, 0, 0, 0, 0, 0.104408, 0.126931
2.95, 0.0425082, 0, 0, 0, 0, 0, 0, 0, 0, 0, 0, 0, 0.104393, 0.12694
2.955, 0.0424379, 0, 0, 0, 0, 0, 0, 0, 0, 0, 0, 0, 0.104315, 0.126985
2.96, 0.0423952, 0, 0, 0, 0, 0, 0, 0, 0, 0, 0, 0, 0.104227, 0.127034
2.965, 0.0423823, 0, 0, 0, 0, 0, 0, 0, 0, 0, 0, 0, 0.104143, 0.127065
2.974, 0.0424359, 0, 0, 0, 0, 0, 0, 0, 0, 0, 0, 0, 0.104029, 0.127084
2.984, 0.0426009, 0, 0, 0, 0, 0, 0, 0, 0, 0, 0, 0, 0.103911, 0.127144
2.989, 0.0427155, 0, 0, 0, 0, 0, 0, 0, 0, 0, 0, 0, 0.103857, 0.127172
2.99, 0.0427403, 0, 0, 0, 0, 0, 0, 0, 0, 0, 0, 0, 0.103847, 0.127178
2.994, 0.0428438, 0, 0, 0, 0, 0, 0, 0, 0, 0, 0, 0, 0.103807, 0.1272
2.998, 0.0429516, 0, 0, 0, 0, 0, 0, 0, 0, 0, 0, 0, 0.10377, 0.12722
3.002, 0.0430597, 0, 0, 0, 0, 0, 0, 0, 0, 0, 0, 0, 0.103736, 0.12724
3.007, 0.0431891, 0, 0, 0, 0, 0, 0, 0, 0, 0, 0, 0, 0.103684, 0.127233
3.012, 0.0433047, 0, 0, 0, 0, 0, 0, 0, 0, 0, 0, 0, 0.103651, 0.127253
3.017, 0.0433993, 0, 0, 0, 0, 0, 0, 0, 0, 0, 0, 0, 0.103621, 0.127272
3.021, 0.0434555, 0, 0, 0, 0, 0, 0, 0, 0, 0, 0, 0, 0.103599, 0.127287
3.025, 0.0434915, 0, 0, 0, 0, 0, 0, 0, 0, 0, 0, 0, 0.103595, 0.12732
3.026, 0.0434971, 0, 0, 0, 0, 0, 0, 0, 0, 0, 0, 0, 0.1036, 0.127324
3.036, 0.043475, 0, 0, 0, 0, 0, 0, 0, 0, 0, 0, 0, 0.103564, 0.127357
3.041, 0.0434105, 0, 0, 0, 0, 0, 0, 0, 0, 0, 0, 0, 0.103552, 0.127372
3.045, 0.0433352, 0, 0, 0, 0, 0, 0, 0, 0, 0, 0, 0, 0.103544, 0.127383
3.049, 0.0432414, 0, 0, 0, 0, 0, 0, 0, 0, 0, 0, 0, 0.103535, 0.127395
3.054, 0.0431024, 0, 0, 0, 0, 0, 0, 0, 0, 0, 0, 0, 0.103535, 0.127406
3.059, 0.0429454, 0, 0, 0, 0, 0, 0, 0, 0, 0, 0, 0, 0.103512, 0.127394
3.064, 0.0427778, 0, 0, 0, 0, 0, 0, 0, 0, 0, 0, 0, 0.103509, 0.127404
3.065, 0.0427437, 0, 0, 0, 0, 0, 0, 0, 0, 0, 0, 0, 0.103509, 0.127406
3.07, 0.0425733, 0, 0, 0, 0, 0, 0, 0, 0, 0, 0, 0, 0.103491, 0.127425
3.075, 0.0424084, 0, 0, 0, 0, 0, 0, 0, 0, 0, 0, 0, 0.103487, 0.127436
3.079, 0.042285, 0, 0, 0, 0, 0, 0, 0, 0, 0, 0, 0, 0.103484, 0.127444
3.083, 0.0421725, 0, 0, 0, 0, 0, 0, 0, 0, 0, 0, 0, 0.103486, 0.127503
3.088, 0.0420509, 0, 0, 0, 0, 0, 0, 0, 0, 0, 0, 0, 0.103458, 0.127506
3.092, 0.0419717, 0, 0, 0, 0, 0, 0, 0, 0, 0, 0, 0, 0.10344, 0.127493
3.097, 0.041898, 0, 0, 0, 0, 0, 0, 0, 0, 0, 0, 0, 0.10341, 0.127515
3.102, 0.0418546, 0, 0, 0, 0, 0, 0, 0, 0, 0, 0, 0, 0.103364, 0.127526
3.107, 0.0418431, 0, 0, 0, 0, 0, 0, 0, 0, 0, 0, 0, 0.10333, 0.127549
3.112, 0.041864, 0, 0, 0, 0, 0, 0, 0, 0, 0, 0, 0, 0.103305, 0.127553
3.116, 0.0419038, 0, 0, 0, 0, 0, 0, 0, 0, 0, 0, 0, 0.103283, 0.127547
3.121, 0.0419811, 0, 0, 0, 0, 0, 0, 0, 0, 0, 0, 0, 0.103278, 0.127555
3.125, 0.0420636, 0, 0, 0, 0, 0, 0, 0, 0, 0, 0, 0, 0.103239, 0.12758
3.13, 0.04219, 0, 0, 0, 0, 0, 0, 0, 0, 0, 0, 0, 0.10318, 0.127579
3.135, 0.0423381, 0, 0, 0, 0, 0, 0, 0, 0, 0, 0, 0, 0.103121, 0.127595
3.136, 0.0423616, 0, 0, 0, 0, 0, 0, 0, 0, 0, 0, 0, 0.108829, 0.12858
3.141, 0.0425375, 0, 0, 0, 0, 0, 0, 0, 0, 0, 0, 0, 0.108615, 0.128626
3.146, 0.0427129, 0, 0, 0, 0, 0, 0, 0, 0, 0, 0, 0, 0.108265, 0.128794
3.151, 0.0428897, 0, 0, 0, 0, 0, 0, 0, 0, 0, 0, 0, 0.10792, 0.128967
3.156, 0.0430603, 0, 0, 0, 0, 0, 0, 0, 0, 0, 0, 0, 0.107553, 0.129132
3.161, 0.0432169, 0, 0, 0, 0, 0, 0, 0, 0, 0, 0, 0, 0.1073, 0.129297
3.171, 0.0434594, 0, 0, 0, 0, 0, 0, 0, 0, 0, 0, 0, 0.106508, 0.129575
3.175, 0.043522, 0, 0, 0, 0, 0, 0, 0, 0, 0, 0, 0, 0.106177, 0.129676
3.176, 0.0435341, 0, 0, 0, 0, 0, 0, 0, 0, 0, 0, 0, 0.106092, 0.1297
3.181, 0.0435729, 0, 0, 0, 0, 0, 0, 0, 0, 0, 0, 0, 0.105674, 0.12981
3.186, 0.0435749, 0, 0, 0, 0, 0, 0, 0, 0, 0, 0, 0, 0.105621, 0.129965
3.191, 0.043541, 0, 0, 0, 0, 0, 0, 0, 0, 0, 0, 0, 0.105196, 0.130034
3.196, 0.0434746, 0, 0, 0, 0, 0, 0, 0, 0, 0, 0, 0, 0.105133, 0.130207
3.2, 0.0434013, 0, 0, 0, 0, 0, 0, 0, 0, 0, 0, 0, 0.104759, 0.13028
3.205, 0.04329, 0, 0, 0, 0, 0, 0, 0, 0, 0, 0, 0, 0.104497, 0.130396
3.206, 0.0432657, 0, 0, 0, 0, 0, 0, 0, 0, 0, 0, 0, 0.104404, 0.130414
3.21, 0.0431637, 0, 0, 0, 0, 0, 0, 0, 0, 0, 0, 0, 0.10405, 0.130477
3.22, 0.0428974, 0, 0, 0, 0, 0, 0, 0, 0, 0, 0, 0, 0.103503, 0.130473
3.224, 0.0427974, 0, 0, 0, 0, 0, 0, 0, 0, 0, 0, 0, 0.103214, 0.130518
3.229, 0.0426857, 0, 0, 0, 0, 0, 0, 0, 0, 0, 0, 0, 0.102818, 0.130314
3.234, 0.0425941, 0, 0, 0, 0, 0, 0, 0, 0, 0, 0, 0, 0.102489, 0.130286
3.239, 0.042528, 0, 0, 0, 0, 0, 0, 0, 0, 0, 0, 0, 0.102183, 0.13024
3.243, 0.0424956, 0, 0, 0, 0, 0, 0, 0, 0, 0, 0, 0, 0.101977, 0.130196
3.244, 0.0424906, 0, 0, 0, 0, 0, 0, 0, 0, 0, 0, 0, 0.101922, 0.130187
3.249, 0.042484, 0, 0, 0, 0, 0, 0, 0, 0, 0, 0, 0, 0.101661, 0.130141
3.254, 0.0425085, 0, 0, 0, 0, 0, 0, 0, 0, 0, 0, 0, 0.10142, 0.130087
3.259, 0.0425628, 0, 0, 0, 0, 0, 0, 0, 0, 0, 0, 0, 0.1012, 0.13004
3.263, 0.042626, 0, 0, 0, 0, 0, 0, 0, 0, 0, 0, 0, 0.101034, 0.129996
3.268, 0.0427262, 0, 0, 0, 0, 0, 0, 0, 0, 0, 0, 0, 0.10084, 0.129936
3.273, 0.0428447, 0, 0, 0, 0, 0, 0, 0, 0, 0, 0, 0, 0.100664, 0.129875
3.278, 0.0429753, 0, 0, 0, 0, 0, 0, 0, 0, 0, 0, 0, 0.100473, 0.129851
3.283, 0.0431103, 0, 0, 0, 0, 0, 0, 0, 0, 0, 0, 0, 0.100322, 0.129785
3.284, 0.0431371, 0, 0, 0, 0, 0, 0, 0, 0, 0, 0, 0, 0.100293, 0.129771
3.294, 0.0433838, 0, 0, 0, 0, 0, 0, 0, 0, 0, 0, 0, 0.100054, 0.129589
3.299, 0.0434801, 0, 0, 0, 0, 0, 0, 0, 0, 0, 0, 0, 0.099939, 0.129516
3.304, 0.0435491, 0, 0, 0, 0, 0, 0, 0, 0, 0, 0, 0, 0.0998334, 0.12944
3.309, 0.043586, 0, 0, 0, 0, 0, 0, 0, 0, 0, 0, 0, 0.0996479, 0.129457
3.314, 0.0435874, 0, 0, 0, 0, 0, 0, 0, 0, 0, 0, 0, 0.0995758, 0.129362
3.318, 0.0435622, 0, 0, 0, 0, 0, 0, 0, 0, 0, 0, 0, 0.0995043, 0.129305
3.322, 0.0435138, 0, 0, 0, 0, 0, 0, 0, 0, 0, 0, 0, 0.0994369, 0.12925
3.323, 0.0434983, 0, 0, 0, 0, 0, 0, 0, 0, 0, 0, 0, 0.0994206, 0.129237
3.327, 0.0434229, 0, 0, 0, 0, 0, 0, 0, 0, 0, 0, 0, 0.0993576, 0.129184
3.332, 0.043302, 0, 0, 0, 0, 0, 0, 0, 0, 0, 0, 0, 0.0992829, 0.12912
3.336, 0.0431874, 0, 0, 0, 0, 0, 0, 0, 0, 0, 0, 0, 0.0992279, 0.129071
3.341, 0.0430277, 0, 0, 0, 0, 0, 0, 0, 0, 0, 0, 0, 0.0991645, 0.129008
3.346, 0.0428564, 0, 0, 0, 0, 0, 0, 0, 0, 0, 0, 0, 0.0991057, 0.128941
3.351, 0.0426812, 0, 0, 0, 0, 0, 0, 0, 0, 0, 0, 0, 0.0990571, 0.128893
3.356, 0.0425096, 0, 0, 0, 0, 0, 0, 0, 0, 0, 0, 0, 0.0990085, 0.128833
3.361, 0.0423484, 0, 0, 0, 0, 0, 0, 0, 0, 0, 0, 0, 0.0989645, 0.128773
3.362, 0.042318, 0, 0, 0, 0, 0, 0, 0, 0, 0, 0, 0, 0.0989562, 0.128761
3.371, 0.0420812, 0, 0, 0, 0, 0, 0, 0, 0, 0, 0, 0, 0.0988889, 0.128656
3.376, 0.0419845, 0, 0, 0, 0, 0, 0, 0, 0, 0, 0, 0, 0.0988565, 0.128598
3.38, 0.0419281, 0, 0, 0, 0, 0, 0, 0, 0, 0, 0, 0, 0.0988188, 0.128514
3.385, 0.0418857, 0, 0, 0, 0, 0, 0, 0, 0, 0, 0, 0, 0.0987917, 0.12847
3.389, 0.0418751, 0, 0, 0, 0, 0, 0, 0, 0, 0, 0, 0, 0.0987712, 0.128429
3.393, 0.0418856, 0, 0, 0, 0, 0, 0, 0, 0, 0, 0, 0, 0.0987529, 0.128395
3.397, 0.041917, 0, 0, 0, 0, 0, 0, 0, 0, 0, 0, 0, 0.0987349, 0.128356
3.398, 0.0419281, 0, 0, 0, 0, 0, 0, 0, 0, 0, 0, 0, 0.0987306, 0.128346
3.403, 0.0420021, 0, 0, 0, 0, 0, 0, 0, 0, 0, 0, 0, 0.0987101, 0.1283
3.408, 0.0421054, 0, 0, 0, 0, 0, 0, 0, 0, 0, 0, 0, 0.0986912, 0.128257
3.413, 0.0422347, 0, 0, 0, 0, 0, 0, 0, 0, 0, 0, 0, 0.0986738, 0.128216
3.418, 0.0423857, 0, 0, 0, 0, 0, 0, 0, 0, 0, 0, 0, 0.0986578, 0.128177
3.423, 0.0425528, 0, 0, 0, 0, 0, 0, 0, 0, 0, 0, 0, 0.0986431, 0.12814
3.427, 0.0426937, 0, 0, 0, 0, 0, 0, 0, 0, 0, 0, 0, 0.0986468, 0.128128
3.433, 0.0429086, 0, 0, 0, 0, 0, 0, 0, 0, 0, 0, 0, 0.0986322, 0.128086
3.438, 0.0430823, 0, 0, 0, 0, 0, 0, 0, 0, 0, 0, 0, 0.0986233, 0.128065
3.442, 0.043212, 0, 0, 0, 0, 0, 0, 0, 0, 0, 0, 0, 0.0986064, 0.127992
3.446, 0.0433294, 0, 0, 0, 0, 0, 0, 0, 0, 0, 0, 0, 0.0986041, 0.127958
3.451, 0.0434533, 0, 0, 0, 0, 0, 0, 0, 0, 0, 0, 0, 0.0986232, 0.127845
3.456, 0.0435467, 0, 0, 0, 0, 0, 0, 0, 0, 0, 0, 0, 0.0986234, 0.1278
3.461, 0.0436053, 0, 0, 0, 0, 0, 0, 0, 0, 0, 0, 0, 0.0986268, 0.127753
3.466, 0.0436269, 0, 0, 0, 0, 0, 0, 0, 0, 0, 0, 0, 0.0986305, 0.127707
3.471, 0.0436115, 0, 0, 0, 0, 0, 0, 0, 0, 0, 0, 0, 0.0986346, 0.127661
3.476, 0.0435613, 0, 0, 0, 0, 0, 0, 0, 0, 0, 0, 0, 0.0986397, 0.127619
3.477, 0.0435474, 0, 0, 0, 0, 0, 0, 0, 0, 0, 0, 0, 0.0986406, 0.127611
3.482, 0.043461, 0, 0, 0, 0, 0, 0, 0, 0, 0, 0, 0, 0.0986454, 0.127568
3.487, 0.0433511, 0, 0, 0, 0, 0, 0, 0, 0, 0, 0, 0, 0.0986505, 0.127528
3.492, 0.0432249, 0, 0, 0, 0, 0, 0, 0, 0, 0, 0, 0, 0.0986558, 0.127488
3.497, 0.0430905, 0, 0, 0, 0, 0, 0, 0, 0, 0, 0, 0, 0.098662, 0.12745
3.502, 0.042956, 0, 0, 0, 0, 0, 0, 0, 0, 0, 0, 0, 0.0986676, 0.127413
3.503, 0.0429298, 0, 0, 0, 0, 0, 0, 0, 0, 0, 0, 0, 0.0986688, 0.127406
3.508, 0.0428054, 0, 0, 0, 0, 0, 0, 0, 0, 0, 0, 0, 0.0986745, 0.12737
3.513, 0.0426972, 0, 0, 0, 0, 0, 0, 0, 0, 0, 0, 0, 0.0986803, 0.127336
3.518, 0.042611, 0, 0, 0, 0, 0, 0, 0, 0, 0, 0, 0, 0.0986853, 0.127308
3.522, 0.0425609, 0, 0, 0, 0, 0, 0, 0, 0, 0, 0, 0, 0.0986891, 0.127284
3.527, 0.0425248, 0, 0, 0, 0, 0, 0, 0, 0, 0, 0, 0, 0.0986942, 0.127247
3.532, 0.0425196, 0, 0, 0, 0, 0, 0, 0, 0, 0, 0, 0, 0.0986988, 0.127219
3.542, 0.0426016, 0, 0, 0, 0, 0, 0, 0, 0, 0, 0, 0, 0.0987075, 0.127169
3.547, 0.0426845, 0, 0, 0, 0, 0, 0, 0, 0, 0, 0, 0, 0.0987113, 0.127148
3.548, 0.0427039, 0, 0, 0, 0, 0, 0, 0, 0, 0, 0, 0, 0.0987109, 0.127148
3.553, 0.0428132, 0, 0, 0, 0, 0, 0, 0, 0, 0, 0, 0, 0.0987255, 0.127105
3.557, 0.0429123, 0, 0, 0, 0, 0, 0, 0, 0, 0, 0, 0, 0.0987304, 0.127086
3.562, 0.0430446, 0, 0, 0, 0, 0, 0, 0, 0, 0, 0, 0, 0.0987369, 0.127063
3.567, 0.0431793, 0, 0, 0, 0, 0, 0, 0, 0, 0, 0, 0, 0.0987432, 0.127041
3.572, 0.0433083, 0, 0, 0, 0, 0, 0, 0, 0, 0, 0, 0, 0.0987515, 0.127021
3.577, 0.0434236, 0, 0, 0, 0, 0, 0, 0, 0, 0, 0, 0, 0.0987578, 0.127
3.582, 0.0435177, 0, 0, 0, 0, 0, 0, 0, 0, 0, 0, 0, 0.0987639, 0.126979
3.587, 0.043584, 0, 0, 0, 0, 0, 0, 0, 0, 0, 0, 0, 0.0987697, 0.12696
3.588, 0.0435935, 0, 0, 0, 0, 0, 0, 0, 0, 0, 0, 0, 0.0987708, 0.126956
3.593, 0.0436202, 0, 0, 0, 0, 0, 0, 0, 0, 0, 0, 0, 0.0987763, 0.126938
3.598, 0.0436107, 0, 0, 0, 0, 0, 0, 0, 0, 0, 0, 0, 0.098774, 0.126959
3.603, 0.0435645, 0, 0, 0, 0, 0, 0, 0, 0, 0, 0, 0, 0.0987783, 0.126944
3.613, 0.04337, 0, 0, 0, 0, 0, 0, 0, 0, 0, 0, 0, 0.0987858, 0.126918
3.623, 0.0430712, 0, 0, 0, 0, 0, 0, 0, 0, 0, 0, 0, 0.0988028, 0.126888
3.628, 0.0428994, 0, 0, 0, 0, 0, 0, 0, 0, 0, 0, 0, 0.0988059, 0.126877
3.633, 0.0427227, 0, 0, 0, 0, 0, 0, 0, 0, 0, 0, 0, 0.0988091, 0.126867
3.634, 0.0426874, 0, 0, 0, 0, 0, 0, 0, 0, 0, 0, 0, 0.0988096, 0.126865
3.639, 0.0425148, 0, 0, 0, 0, 0, 0, 0, 0, 0, 0, 0, 0.0988186, 0.12685
3.644, 0.0423533, 0, 0, 0, 0, 0, 0, 0, 0, 0, 0, 0, 0.0988185, 0.126843
3.648, 0.0422362, 0, 0, 0, 0, 0, 0, 0, 0, 0, 0, 0, 0.0988302, 0.126827
3.652, 0.0421328, 0, 0, 0, 0, 0, 0, 0, 0, 0, 0, 0, 0.0988256, 0.126827
3.656, 0.0420453, 0, 0, 0, 0, 0, 0, 0, 0, 0, 0, 0, 0.0988267, 0.12682
3.661, 0.0419614, 0, 0, 0, 0, 0, 0, 0, 0, 0, 0, 0, 0.0988327, 0.126809
3.667, 0.0419006, 0, 0, 0, 0, 0, 0, 0, 0, 0, 0, 0, 0.0988503, 0.126784
3.671, 0.0418868, 0, 0, 0, 0, 0, 0, 0, 0, 0, 0, 0, 0.0988376, 0.126793
3.676, 0.0418983, 0, 0, 0, 0, 0, 0, 0, 0, 0, 0, 0, 0.0988572, 0.126764
3.681, 0.0419435, 0, 0, 0, 0, 0, 0, 0, 0, 0, 0, 0, 0.0988442, 0.126773
3.686, 0.0420198, 0, 0, 0, 0, 0, 0, 0, 0, 0, 0, 0, 0.0988442, 0.126767
3.69, 0.042102, 0, 0, 0, 0, 0, 0, 0, 0, 0, 0, 0, 0.0988541, 0.126755
3.695, 0.0422286, 0, 0, 0, 0, 0, 0, 0, 0, 0, 0, 0, 0.0988478, 0.126757
3.7, 0.0423775, 0, 0, 0, 0, 0, 0, 0, 0, 0, 0, 0, 0.0988472, 0.126753
3.701, 0.0424098, 0, 0, 0, 0, 0, 0, 0, 0, 0, 0, 0, 0.0989829, 0.126678
3.706, 0.0425781, 0, 0, 0, 0, 0, 0, 0, 0, 0, 0, 0, 0.0988506, 0.126746
3.711, 0.0427558, 0, 0, 0, 0, 0, 0, 0, 0, 0, 0, 0, 0.0988495, 0.126742
3.721, 0.043109, 0, 0, 0, 0, 0, 0, 0, 0, 0, 0, 0, 0.0988515, 0.126734
3.726, 0.0432687, 0, 0, 0, 0, 0, 0, 0, 0, 0, 0, 0, 0.0988568, 0.126726
3.731, 0.0434072, 0, 0, 0, 0, 0, 0, 0, 0, 0, 0, 0, 0.098853, 0.126726
3.736, 0.0435178, 0, 0, 0, 0, 0, 0, 0, 0, 0, 0, 0, 0.0988616, 0.126714
3.741, 0.0435955, 0, 0, 0, 0, 0, 0, 0, 0, 0, 0, 0, 0.098854, 0.126718
3.742, 0.0436068, 0, 0, 0, 0, 0, 0, 0, 0, 0, 0, 0, 0.0988536, 0.126718
3.747, 0.0436409, 0, 0, 0, 0, 0, 0, 0, 0, 0, 0, 0, 0.098862, 0.126707
3.752, 0.0436376, 0, 0, 0, 0, 0, 0, 0, 0, 0, 0, 0, 0.0988542, 0.126712
3.756, 0.0436086, 0, 0, 0, 0, 0, 0, 0, 0, 0, 0, 0, 0.0988702, 0.126693
3.761, 0.0435436, 0, 0, 0, 0, 0, 0, 0, 0, 0, 0, 0, 0.098855, 0.126706
3.766, 0.0434494, 0, 0, 0, 0, 0, 0, 0, 0, 0, 0, 0, 0.0988705, 0.126688
3.771, 0.0433345, 0, 0, 0, 0, 0, 0, 0, 0, 0, 0, 0, 0.0988551, 0.126701
3.776, 0.0432052, 0, 0, 0, 0, 0, 0, 0, 0, 0, 0, 0, 0.0989887, 0.126626
3.78, 0.0430964, 0, 0, 0, 0, 0, 0, 0, 0, 0, 0, 0, 0.0988561, 0.126696
3.781, 0.0430692, 0, 0, 0, 0, 0, 0, 0, 0, 0, 0, 0, 0.098855, 0.126697
3.786, 0.0429351, 0, 0, 0, 0, 0, 0, 0, 0, 0, 0, 0, 0.0988701, 0.126679
3.791, 0.0428116, 0, 0, 0, 0, 0, 0, 0, 0, 0, 0, 0, 0.0988545, 0.126693
3.796, 0.0427046, 0, 0, 0, 0, 0, 0, 0, 0, 0, 0, 0, 0.098988, 0.126618
3.806, 0.0425607, 0, 0, 0, 0, 0, 0, 0, 0, 0, 0, 0, 0.098869, 0.126672
3.815, 0.0425331, 0, 0, 0, 0, 0, 0, 0, 0, 0, 0, 0, 0.0989871, 0.126612
3.82, 0.0425607, 0, 0, 0, 0, 0, 0, 0, 0, 0, 0, 0, 0.0988532, 0.126683
3.821, 0.0425699, 0, 0, 0, 0, 0, 0, 0, 0, 0, 0, 0, 0.0988525, 0.126684
3.826, 0.0426328, 0, 0, 0, 0, 0, 0, 0, 0, 0, 0, 0, 0.0988674, 0.126667
3.831, 0.0427226, 0, 0, 0, 0, 0, 0, 0, 0, 0, 0, 0, 0.0988515, 0.126681
3.836, 0.0428327, 0, 0, 0, 0, 0, 0, 0, 0, 0, 0, 0, 0.0988664, 0.126665
3.84, 0.0429328, 0, 0, 0, 0, 0, 0, 0, 0, 0, 0, 0, 0.0988512, 0.126679
3.844, 0.0430385, 0, 0, 0, 0, 0, 0, 0, 0, 0, 0, 0, 0.0988489, 0.12668
3.849, 0.0431733, 0, 0, 0, 0, 0, 0, 0, 0, 0, 0, 0, 0.0988513, 0.126677
3.854, 0.0433038, 0, 0, 0, 0, 0, 0, 0, 0, 0, 0, 0, 0.0989836, 0.126604
3.859, 0.0434209, 0, 0, 0, 0, 0, 0, 0, 0, 0, 0, 0, 0.0988497, 0.126676
3.86, 0.0434421, 0, 0, 0, 0, 0, 0, 0, 0, 0, 0, 0, 0.0988489, 0.126676
3.865, 0.0435346, 0, 0, 0, 0, 0, 0, 0, 0, 0, 0, 0, 0.098982, 0.126603
3.87, 0.0435983, 0, 0, 0, 0, 0, 0, 0, 0, 0, 0, 0, 0.0988479, 0.126675
3.874, 0.0436255, 0, 0, 0, 0, 0, 0, 0, 0, 0, 0, 0, 0.0988631, 0.126659
3.879, 0.0436283, 0, 0, 0, 0, 0, 0, 0, 0, 0, 0, 0, 0.0988472, 0.126674
3.884, 0.0435938, 0, 0, 0, 0, 0, 0, 0, 0, 0, 0, 0, 0.0988445, 0.126675
3.889, 0.0435233, 0, 0, 0, 0, 0, 0, 0, 0, 0, 0, 0, 0.0988467, 0.126672
3.899, 0.0432878, 0, 0, 0, 0, 0, 0, 0, 0, 0, 0, 0, 0.0988449, 0.126672
3.9, 0.0432586, 0, 0, 0, 0, 0, 0, 0, 0, 0, 0, 0, 0.0988443, 0.126673
3.905, 0.0431004, 0, 0, 0, 0, 0, 0, 0, 0, 0, 0, 0, 0.0988591, 0.126657
3.91, 0.0429297, 0, 0, 0, 0, 0, 0, 0, 0, 0, 0, 0, 0.0988431, 0.126672
3.915, 0.0427527, 0, 0, 0, 0, 0, 0, 0, 0, 0, 0, 0, 0.0988507, 0.126664
3.92, 0.0425774, 0, 0, 0, 0, 0, 0, 0, 0, 0, 0, 0, 0.0988421, 0.126672
3.925, 0.0424105, 0, 0, 0, 0, 0, 0, 0, 0, 0, 0, 0, 0.0988569, 0.126656
3.93, 0.0422599, 0, 0, 0, 0, 0, 0, 0, 0, 0, 0, 0, 0.098841, 0.126671
3.935, 0.0421296, 0, 0, 0, 0, 0, 0, 0, 0, 0, 0, 0, 0.0988486, 0.126664
3.936, 0.0421064, 0, 0, 0, 0, 0, 0, 0, 0, 0, 0, 0, 0.0988445, 0.126668
3.941, 0.0420069, 0, 0, 0, 0, 0, 0, 0, 0, 0, 0, 0, 0.0988395, 0.126671
3.946, 0.0419368, 0, 0, 0, 0, 0, 0, 0, 0, 0, 0, 0, 0.0988471, 0.126664
3.956, 0.0418924, 0, 0, 0, 0, 0, 0, 0, 0, 0, 0, 0, 0.0988426, 0.126667
3.966, 0.0419794, 0, 0, 0, 0, 0, 0, 0, 0, 0, 0, 0, 0.0988453, 0.126664
3.971, 0.0420698, 0, 0, 0, 0, 0, 0, 0, 0, 0, 0, 0, 0.0988367, 0.126671
3.976, 0.0421881, 0, 0, 0, 0, 0, 0, 0, 0, 0, 0, 0, 0.0988409, 0.126667
3.981, 0.0423303, 0, 0, 0, 0, 0, 0, 0, 0, 0, 0, 0, 0.0988361, 0.126671
3.982, 0.0423611, 0, 0, 0, 0, 0, 0, 0, 0, 0, 0, 0, 0.0988356, 0.126671
3.987, 0.0425253, 0, 0, 0, 0, 0, 0, 0, 0, 0, 0, 0, 0.0988396, 0.126668
3.992, 0.042701, 0, 0, 0, 0, 0, 0, 0, 0, 0, 0, 0, 0.0988347, 0.126671
3.997, 0.042881, 0, 0, 0, 0, 0, 0, 0, 0, 0, 0, 0, 0.0988374, 0.126669
4.002, 0.0430577, 0, 0, 0, 0, 0, 0, 0, 0, 0, 0, 0, 0.0988341, 0.126671
4.006, 0.0431913, 0, 0, 0, 0, 0, 0, 0, 0, 0, 0, 0, 0.0988422, 0.126664
4.01, 0.0433137, 0, 0, 0, 0, 0, 0, 0, 0, 0, 0, 0, 0.0988343, 0.126671
4.015, 0.043445, 0, 0, 0, 0, 0, 0, 0, 0, 0, 0, 0, 0.0988494, 0.126655
4.019, 0.0435299, 0, 0, 0, 0, 0, 0, 0, 0, 0, 0, 0, 0.0988343, 0.126671
4.024, 0.0436057, 0, 0, 0, 0, 0, 0, 0, 0, 0, 0, 0, 0.0989675, 0.126598
4.029, 0.0436445, 0, 0, 0, 0, 0, 0, 0, 0, 0, 0, 0, 0.0988338, 0.126671
4.034, 0.0436465, 0, 0, 0, 0, 0, 0, 0, 0, 0, 0, 0, 0.098967, 0.126599
4.038, 0.0436212, 0, 0, 0, 0, 0, 0, 0, 0, 0, 0, 0, 0.0988343, 0.12667
4.043, 0.0435598, 0, 0, 0, 0, 0, 0, 0, 0, 0, 0, 0, 0.0988312, 0.126672
4.048, 0.0434695, 0, 0, 0, 0, 0, 0, 0, 0, 0, 0, 0, 0.0988353, 0.126668
4.053, 0.0433564, 0, 0, 0, 0, 0, 0, 0, 0, 0, 0, 0, 0.0988306, 0.126672
4.058, 0.0432281, 0, 0, 0, 0, 0, 0, 0, 0, 0, 0, 0, 0.0988349, 0.126668
4.059, 0.0432013, 0, 0, 0, 0, 0, 0, 0, 0, 0, 0, 0, 0.0988329, 0.12667
4.064, 0.0430653, 0, 0, 0, 0, 0, 0, 0, 0, 0, 0, 0, 0.0988298, 0.126672
4.069, 0.0429319, 0, 0, 0, 0, 0, 0, 0, 0, 0, 0, 0, 0.0988325, 0.12667
4.074, 0.0428087, 0, 0, 0, 0, 0, 0, 0, 0, 0, 0, 0, 0.0988295, 0.126672
4.078, 0.0427222, 0, 0, 0, 0, 0, 0, 0, 0, 0, 0, 0, 0.0988378, 0.126665
4.083, 0.0426338, 0, 0, 0, 0, 0, 0, 0, 0, 0, 0, 0, 0.0988295, 0.126672
4.093, 0.0425393, 0, 0, 0, 0, 0, 0, 0, 0, 0, 0, 0, 0.0988294, 0.126672
4.103, 0.042568, 0, 0, 0, 0, 0, 0, 0, 0, 0, 0, 0, 0.098829, 0.126673
4.104, 0.0425776, 0, 0, 0, 0, 0, 0, 0, 0, 0, 0, 0, 0.0988285, 0.126673
4.109, 0.0426428, 0, 0, 0, 0, 0, 0, 0, 0, 0, 0, 0, 0.0988331, 0.126669
4.113, 0.0427137, 0, 0, 0, 0, 0, 0, 0, 0, 0, 0, 0, 0.0988289, 0.126673
4.117, 0.0427989, 0, 0, 0, 0, 0, 0, 0, 0, 0, 0, 0, 0.098963, 0.1266
4.122, 0.0429199, 0, 0, 0, 0, 0, 0, 0, 0, 0, 0, 0, 0.0988294, 0.126672
4.127, 0.043052, 0, 0, 0, 0, 0, 0, 0, 0, 0, 0, 0, 0.0989628, 0.1266
4.131, 0.0431596, 0, 0, 0, 0, 0, 0, 0, 0, 0, 0, 0, 0.0988303, 0.126671
4.136, 0.0432908, 0, 0, 0, 0, 0, 0, 0, 0, 0, 0, 0, 0.0988273, 0.126673
4.141, 0.0434103, 0, 0, 0, 0, 0, 0, 0, 0, 0, 0, 0, 0.0988317, 0.12667
4.142, 0.0434321, 0, 0, 0, 0, 0, 0, 0, 0, 0, 0, 0, 0.0988297, 0.126672
4.151, 0.0435843, 0, 0, 0, 0, 0, 0, 0, 0, 0, 0, 0, 0.0988316, 0.12667
4.161, 0.0436337, 0, 0, 0, 0, 0, 0, 0, 0, 0, 0, 0, 0.0988316, 0.12667
4.166, 0.043604, 0, 0, 0, 0, 0, 0, 0, 0, 0, 0, 0, 0.098827, 0.126674
4.171, 0.043538, 0, 0, 0, 0, 0, 0, 0, 0, 0, 0, 0, 0.098835, 0.126666
4.175, 0.0434608, 0, 0, 0, 0, 0, 0, 0, 0, 0, 0, 0, 0.0988273, 0.126673
4.18, 0.043337, 0, 0, 0, 0, 0, 0, 0, 0, 0, 0, 0, 0.0988427, 0.126658
4.181, 0.0433097, 0, 0, 0, 0, 0, 0, 0, 0, 0, 0, 0, 0.098835, 0.126666
4.186, 0.043158, 0, 0, 0, 0, 0, 0, 0, 0, 0, 0, 0, 0.0988269, 0.126674
4.19, 0.0430251, 0, 0, 0, 0, 0, 0, 0, 0, 0, 0, 0, 0.098961, 0.126601
4.195, 0.0428497, 0, 0, 0, 0, 0, 0, 0, 0, 0, 0, 0, 0.0988274, 0.126673
4.2, 0.0426728, 0, 0, 0, 0, 0, 0, 0, 0, 0, 0, 0, 0.098961, 0.126601
4.205, 0.0425003, 0, 0, 0, 0, 0, 0, 0, 0, 0, 0, 0, 0.0988275, 0.126673
4.21, 0.0423405, 0, 0, 0, 0, 0, 0, 0, 0, 0, 0, 0, 0.098961, 0.126601
4.215, 0.042198, 0, 0, 0, 0, 0, 0, 0, 0, 0, 0, 0, 0.0988276, 0.126673
4.221, 0.0420585, 0, 0, 0, 0, 0, 0, 0, 0, 0, 0, 0, 0.0989607, 0.126601
4.226, 0.041972, 0, 0, 0, 0, 0, 0, 0, 0, 0, 0, 0, 0.0988272, 0.126674
4.231, 0.0419166, 0, 0, 0, 0, 0, 0, 0, 0, 0, 0, 0, 0.0989607, 0.126601
4.236, 0.0418929, 0, 0, 0, 0, 0, 0, 0, 0, 0, 0, 0, 0.0988273, 0.126673
4.241, 0.0419025, 0, 0, 0, 0, 0, 0, 0, 0, 0, 0, 0, 0.098825, 0.126675
4.246, 0.0419452, 0, 0, 0, 0, 0, 0, 0, 0, 0, 0, 0, 0.0988279, 0.126673
4.251, 0.0420195, 0, 0, 0, 0, 0, 0, 0, 0, 0, 0, 0, 0.098825, 0.126675
4.256, 0.0421234, 0, 0, 0, 0, 0, 0, 0, 0, 0, 0, 0, 0.098828, 0.126673
4.261, 0.0422534, 0, 0, 0, 0, 0, 0, 0, 0, 0, 0, 0, 0.0988252, 0.126675
4.266, 0.0424052, 0, 0, 0, 0, 0, 0, 0, 0, 0, 0, 0, 0.0988297, 0.126671
4.267, 0.0424376, 0, 0, 0, 0, 0, 0, 0, 0, 0, 0, 0, 0.0988277, 0.126673
4.271, 0.0425731, 0, 0, 0, 0, 0, 0, 0, 0, 0, 0, 0, 0.0988252, 0.126675
4.276, 0.0427507, 0, 0, 0, 0, 0, 0, 0, 0, 0, 0, 0, 0.0988298, 0.126671
4.281, 0.0429307, 0, 0, 0, 0, 0, 0, 0, 0, 0, 0, 0, 0.0988254, 0.126675
4.286, 0.0431052, 0, 0, 0, 0, 0, 0, 0, 0, 0, 0, 0, 0.0988334, 0.126667
4.295, 0.04338, 0, 0, 0, 0, 0, 0, 0, 0, 0, 0, 0, 0.0988413, 0.126659
4.3, 0.0434992, 0, 0, 0, 0, 0, 0, 0, 0, 0, 0, 0, 0.098826, 0.126674
4.305, 0.0435857, 0, 0, 0, 0, 0, 0, 0, 0, 0, 0, 0, 0.0988415, 0.126659
4.306, 0.0435994, 0, 0, 0, 0, 0, 0, 0, 0, 0, 0, 0, 0.0988337, 0.126667
4.31, 0.0436376, 0, 0, 0, 0, 0, 0, 0, 0, 0, 0, 0, 0.0988262, 0.126674
4.315, 0.0436517, 0, 0, 0, 0, 0, 0, 0, 0, 0, 0, 0, 0.0988241, 0.126675
4.32, 0.0436289, 0, 0, 0, 0, 0, 0, 0, 0, 0, 0, 0, 0.0988269, 0.126674
4.325, 0.0435721, 0, 0, 0, 0, 0, 0, 0, 0, 0, 0, 0, 0.0989599, 0.126602
4.33, 0.0434849, 0, 0, 0, 0, 0, 0, 0, 0, 0, 0, 0, 0.0988266, 0.126674
4.335, 0.0433744, 0, 0, 0, 0, 0, 0, 0, 0, 0, 0, 0, 0.0988244, 0.126675
4.34, 0.0432477, 0, 0, 0, 0, 0, 0, 0, 0, 0, 0, 0, 0.0988274, 0.126673
4.345, 0.0431126, 0, 0, 0, 0, 0, 0, 0, 0, 0, 0, 0, 0.0988245, 0.126675
4.346, 0.0430853, 0, 0, 0, 0, 0, 0, 0, 0, 0, 0, 0, 0.0988241, 0.126675
4.351, 0.0429511, 0, 0, 0, 0, 0, 0, 0, 0, 0, 0, 0, 0.0988271, 0.126673
4.36, 0.0427374, 0, 0, 0, 0, 0, 0, 0, 0, 0, 0, 0, 0.0988293, 0.126671
4.37, 0.0425801, 0, 0, 0, 0, 0, 0, 0, 0, 0, 0, 0, 0.098833, 0.126668
4.374, 0.0425484, 0, 0, 0, 0, 0, 0, 0, 0, 0, 0, 0, 0.0988255, 0.126675
4.378, 0.0425368, 0, 0, 0, 0, 0, 0, 0, 0, 0, 0, 0, 0.0989597, 0.126602
4.383, 0.0425498, 0, 0, 0, 0, 0, 0, 0, 0, 0, 0, 0, 0.0988263, 0.126674
4.384, 0.0425562, 0, 0, 0, 0, 0, 0, 0, 0, 0, 0, 0, 0.0988257, 0.126675
4.389, 0.0426065, 0, 0, 0, 0, 0, 0, 0, 0, 0, 0, 0, 0.0989595, 0.126602
4.393, 0.0426663, 0, 0, 0, 0, 0, 0, 0, 0, 0, 0, 0, 0.0988271, 0.126674
4.398, 0.0427632, 0, 0, 0, 0, 0, 0, 0, 0, 0, 0, 0, 0.0988243, 0.126675
4.402, 0.042855, 0, 0, 0, 0, 0, 0, 0, 0, 0, 0, 0, 0.0988293, 0.126671
4.407, 0.0429821, 0, 0, 0, 0, 0, 0, 0, 0, 0, 0, 0, 0.098825, 0.126675
4.411, 0.0430887, 0, 0, 0, 0, 0, 0, 0, 0, 0, 0, 0, 0.0988408, 0.126659
4.421, 0.0433495, 0, 0, 0, 0, 0, 0, 0, 0, 0, 0, 0, 0.098841, 0.126659
4.427, 0.043481, 0, 0, 0, 0, 0, 0, 0, 0, 0, 0, 0, 0.0988253, 0.126675
4.432, 0.0435638, 0, 0, 0, 0, 0, 0, 0, 0, 0, 0, 0, 0.0988408, 0.126659
4.437, 0.0436176, 0, 0, 0, 0, 0, 0, 0, 0, 0, 0, 0, 0.0988255, 0.126675
4.441, 0.043636, 0, 0, 0, 0, 0, 0, 0, 0, 0, 0, 0, 0.0989597, 0.126602
4.446, 0.0436256, 0, 0, 0, 0, 0, 0, 0, 0, 0, 0, 0, 0.0988263, 0.126674
4.451, 0.0435787, 0, 0, 0, 0, 0, 0, 0, 0, 0, 0, 0, 0.0988241, 0.126676
4.455, 0.0435156, 0, 0, 0, 0, 0, 0, 0, 0, 0, 0, 0, 0.0988291, 0.126672
4.46, 0.0434077, 0, 0, 0, 0, 0, 0, 0, 0, 0, 0, 0, 0.0988247, 0.126675
4.461, 0.0433826, 0, 0, 0, 0, 0, 0, 0, 0, 0, 0, 0, 0.0988243, 0.126675
4.466, 0.0432423, 0, 0, 0, 0, 0, 0, 0, 0, 0, 0, 0, 0.0988273, 0.126673
4.471, 0.0430821, 0, 0, 0, 0, 0, 0, 0, 0, 0, 0, 0, 0.0988245, 0.126675
4.476, 0.0429095, 0, 0, 0, 0, 0, 0, 0, 0, 0, 0, 0, 0.0988275, 0.126673
4.481, 0.0427321, 0, 0, 0, 0, 0, 0, 0, 0, 0, 0, 0, 0.0988247, 0.126675
4.491, 0.0423925, 0, 0, 0, 0, 0, 0, 0, 0, 0, 0, 0, 0.0988247, 0.126675
4.501, 0.0421164, 0, 0, 0, 0, 0, 0, 0, 0, 0, 0, 0, 0.0988251, 0.126675
4.506, 0.042015, 0, 0, 0, 0, 0, 0, 0, 0, 0, 0, 0, 0.0988332, 0.126667
4.507, 0.0419981, 0, 0, 0, 0, 0, 0, 0, 0, 0, 0, 0, 0.0988292, 0.126672
4.512, 0.0419319, 0, 0, 0, 0, 0, 0, 0, 0, 0, 0, 0, 0.0988248, 0.126675
4.517, 0.0418976, 0, 0, 0, 0, 0, 0, 0, 0, 0, 0, 0, 0.098833, 0.126668
4.522, 0.0418963, 0, 0, 0, 0, 0, 0, 0, 0, 0, 0, 0, 0.098825, 0.126675
4.526, 0.0419186, 0, 0, 0, 0, 0, 0, 0, 0, 0, 0, 0, 0.0988409, 0.126659
4.531, 0.0419767, 0, 0, 0, 0, 0, 0, 0, 0, 0, 0, 0, 0.0988257, 0.126675
4.536, 0.0420647, 0, 0, 0, 0, 0, 0, 0, 0, 0, 0, 0, 0.0988412, 0.126659
4.541, 0.0421817, 0, 0, 0, 0, 0, 0, 0, 0, 0, 0, 0, 0.0988259, 0.126675
4.542, 0.0422081, 0, 0, 0, 0, 0, 0, 0, 0, 0, 0, 0, 0.0988255, 0.126675
4.552, 0.0425164, 0, 0, 0, 0, 0, 0, 0, 0, 0, 0, 0, 0.0988256, 0.126675
4.562, 0.0428716, 0, 0, 0, 0, 0, 0, 0, 0, 0, 0, 0, 0.0988259, 0.126675
4.567, 0.0430484, 0, 0, 0, 0, 0, 0, 0, 0, 0, 0, 0, 0.0988413, 0.126659
4.572, 0.0432153, 0, 0, 0, 0, 0, 0, 0, 0, 0, 0, 0, 0.0988261, 0.126674
4.577, 0.0433632, 0, 0, 0, 0, 0, 0, 0, 0, 0, 0, 0, 0.098824, 0.126676
4.581, 0.0434636, 0, 0, 0, 0, 0, 0, 0, 0, 0, 0, 0, 0.0988289, 0.126672
4.582, 0.0434858, 0, 0, 0, 0, 0, 0, 0, 0, 0, 0, 0, 0.0988269, 0.126674
4.587, 0.0435773, 0, 0, 0, 0, 0, 0, 0, 0, 0, 0, 0, 0.0988241, 0.126676
4.591, 0.0436252, 0, 0, 0, 0, 0, 0, 0, 0, 0, 0, 0, 0.0988291, 0.126672
4.595, 0.0436495, 0, 0, 0, 0, 0, 0, 0, 0, 0, 0, 0, 0.0988251, 0.126675
4.6, 0.0436462, 0, 0, 0, 0, 0, 0, 0, 0, 0, 0, 0, 0.0988333, 0.126667
4.604, 0.0436175, 0, 0, 0, 0, 0, 0, 0, 0, 0, 0, 0, 0.0988257, 0.126675
4.609, 0.0435523, 0, 0, 0, 0, 0, 0, 0, 0, 0, 0, 0, 0.0989595, 0.126602
4.614, 0.0434581, 0, 0, 0, 0, 0, 0, 0, 0, 0, 0, 0, 0.0988261, 0.126674
4.618, 0.043367, 0, 0, 0, 0, 0, 0, 0, 0, 0, 0, 0, 0.0988243, 0.126675
4.624, 0.0432127, 0, 0, 0, 0, 0, 0, 0, 0, 0, 0, 0, 0.0988268, 0.126674
4.629, 0.0430772, 0, 0, 0, 0, 0, 0, 0, 0, 0, 0, 0, 0.0989598, 0.126602
4.639, 0.0428189, 0, 0, 0, 0, 0, 0, 0, 0, 0, 0, 0, 0.0988244, 0.126675
4.644, 0.0427113, 0, 0, 0, 0, 0, 0, 0, 0, 0, 0, 0, 0.0988289, 0.126672
4.649, 0.0426263, 0, 0, 0, 0, 0, 0, 0, 0, 0, 0, 0, 0.0988244, 0.126675
4.654, 0.042568, 0, 0, 0, 0, 0, 0, 0, 0, 0, 0, 0, 0.0988291, 0.126672
4.658, 0.0425428, 0, 0, 0, 0, 0, 0, 0, 0, 0, 0, 0, 0.0988251, 0.126675
4.663, 0.0425395, 0, 0, 0, 0, 0, 0, 0, 0, 0, 0, 0, 0.0988333, 0.126667
4.664, 0.0425425, 0, 0, 0, 0, 0, 0, 0, 0, 0, 0, 0, 0.0988294, 0.126671
4.669, 0.0425765, 0, 0, 0, 0, 0, 0, 0, 0, 0, 0, 0, 0.098825, 0.126675
4.674, 0.0426399, 0, 0, 0, 0, 0, 0, 0, 0, 0, 0, 0, 0.0988331, 0.126668
4.679, 0.0427291, 0, 0, 0, 0, 0, 0, 0, 0, 0, 0, 0, 0.0988252, 0.126675
4.688, 0.0429392, 0, 0, 0, 0, 0, 0, 0, 0, 0, 0, 0, 0.0988259, 0.126675
4.698, 0.0432062, 0, 0, 0, 0, 0, 0, 0, 0, 0, 0, 0, 0.0988261, 0.126674
4.703, 0.0433343, 0, 0, 0, 0, 0, 0, 0, 0, 0, 0, 0, 0.0988241, 0.126676
4.704, 0.0433588, 0, 0, 0, 0, 0, 0, 0, 0, 0, 0, 0, 0.0989595, 0.126602
4.709, 0.0434684, 0, 0, 0, 0, 0, 0, 0, 0, 0, 0, 0, 0.098826, 0.126675
4.714, 0.0435548, 0, 0, 0, 0, 0, 0, 0, 0, 0, 0, 0, 0.0988413, 0.126659
4.719, 0.0436128, 0, 0, 0, 0, 0, 0, 0, 0, 0, 0, 0, 0.0988261, 0.126674
4.724, 0.0436365, 0, 0, 0, 0, 0, 0, 0, 0, 0, 0, 0, 0.0988241, 0.126676
4.728, 0.0436294, 0, 0, 0, 0, 0, 0, 0, 0, 0, 0, 0, 0.0988289, 0.126672
4.733, 0.0435873, 0, 0, 0, 0, 0, 0, 0, 0, 0, 0, 0, 0.0988245, 0.126675
4.738, 0.0435096, 0, 0, 0, 0, 0, 0, 0, 0, 0, 0, 0, 0.0988276, 0.126673
4.743, 0.0433997, 0, 0, 0, 0, 0, 0, 0, 0, 0, 0, 0, 0.0988248, 0.126675
4.748, 0.0432625, 0, 0, 0, 0, 0, 0, 0, 0, 0, 0, 0, 0.0988328, 0.126668
4.754, 0.0430712, 0, 0, 0, 0, 0, 0, 0, 0, 0, 0, 0, 0.0988244, 0.126675
4.763, 0.0427559, 0, 0, 0, 0, 0, 0, 0, 0, 0, 0, 0, 0.0988252, 0.126675
4.768, 0.04258, 0, 0, 0, 0, 0, 0, 0, 0, 0, 0, 0, 0.0988406, 0.126659
4.773, 0.0424139, 0, 0, 0, 0, 0, 0, 0, 0, 0, 0, 0, 0.0988252, 0.126675
4.778, 0.0422627, 0, 0, 0, 0, 0, 0, 0, 0, 0, 0, 0, 0.0988334, 0.126667
4.783, 0.0421322, 0, 0, 0, 0, 0, 0, 0, 0, 0, 0, 0, 0.0988255, 0.126675
4.788, 0.0420275, 0, 0, 0, 0, 0, 0, 0, 0, 0, 0, 0, 0.0989593, 0.126602
4.793, 0.0419508, 0, 0, 0, 0, 0, 0, 0, 0, 0, 0, 0, 0.0988258, 0.126675
4.794, 0.0419392, 0, 0, 0, 0, 0, 0, 0, 0, 0, 0, 0, 0.0988252, 0.126675
4.799, 0.0419006, 0, 0, 0, 0, 0, 0, 0, 0, 0, 0, 0, 0.0988334, 0.126667
4.804, 0.0418948, 0, 0, 0, 0, 0, 0, 0, 0, 0, 0, 0, 0.0988256, 0.126675
4.809, 0.0419225, 0, 0, 0, 0, 0, 0, 0, 0, 0, 0, 0, 0.0989593, 0.126602
4.819, 0.0420719, 0, 0, 0, 0, 0, 0, 0, 0, 0, 0, 0, 0.0988412, 0.126659
4.828, 0.0423028, 0, 0, 0, 0, 0, 0, 0, 0, 0, 0, 0, 0.0988244, 0.126675
4.833, 0.0424607, 0, 0, 0, 0, 0, 0, 0, 0, 0, 0, 0, 0.0988274, 0.126673
4.834, 0.0424941, 0, 0, 0, 0, 0, 0, 0, 0, 0, 0, 0, 0.0988263, 0.126674
4.839, 0.0426681, 0, 0, 0, 0, 0, 0, 0, 0, 0, 0, 0, 0.0988241, 0.126676
4.844, 0.0428479, 0, 0, 0, 0, 0, 0, 0, 0, 0, 0, 0, 0.0988271, 0.126674
4.849, 0.0430259, 0, 0, 0, 0, 0, 0, 0, 0, 0, 0, 0, 0.0988242, 0.126675
4.854, 0.0431942, 0, 0, 0, 0, 0, 0, 0, 0, 0, 0, 0, 0.0988273, 0.126673
4.859, 0.0433451, 0, 0, 0, 0, 0, 0, 0, 0, 0, 0, 0, 0.0988245, 0.126675
4.864, 0.0434714, 0, 0, 0, 0, 0, 0, 0, 0, 0, 0, 0, 0.098829, 0.126672
4.868, 0.0435507, 0, 0, 0, 0, 0, 0, 0, 0, 0, 0, 0, 0.098825, 0.126675
4.873, 0.0436191, 0, 0, 0, 0, 0, 0, 0, 0, 0, 0, 0, 0.0988332, 0.126667
4.874, 0.0436283, 0, 0, 0, 0, 0, 0, 0, 0, 0, 0, 0, 0.0988292, 0.126672
4.879, 0.0436524, 0, 0, 0, 0, 0, 0, 0, 0, 0, 0, 0, 0.0988248, 0.126675
4.889, 0.0435909, 0, 0, 0, 0, 0, 0, 0, 0, 0, 0, 0, 0.0988249, 0.126675
4.899, 0.0434065, 0, 0, 0, 0, 0, 0, 0, 0, 0, 0, 0, 0.0988252, 0.126675
4.903, 0.0433094, 0, 0, 0, 0, 0, 0, 0, 0, 0, 0, 0, 0.0989594, 0.126602
4.908, 0.0431769, 0, 0, 0, 0, 0, 0, 0, 0, 0, 0, 0, 0.098826, 0.126674
4.913, 0.0430411, 0, 0, 0, 0, 0, 0, 0, 0, 0, 0, 0, 0.0989596, 0.126602
4.914, 0.0430134, 0, 0, 0, 0, 0, 0, 0, 0, 0, 0, 0, 0.0988409, 0.126659
4.919, 0.0428836, 0, 0, 0, 0, 0, 0, 0, 0, 0, 0, 0, 0.0988257, 0.126675
4.923, 0.0427885, 0, 0, 0, 0, 0, 0, 0, 0, 0, 0, 0, 0.0988241, 0.126676
4.928, 0.0426865, 0, 0, 0, 0, 0, 0, 0, 0, 0, 0, 0, 0.098827, 0.126674
4.932, 0.0426217, 0, 0, 0, 0, 0, 0, 0, 0, 0, 0, 0, 0.0988246, 0.126675
4.937, 0.0425654, 0, 0, 0, 0, 0, 0, 0, 0, 0, 0, 0, 0.0988293, 0.126672
4.942, 0.0425391, 0, 0, 0, 0, 0, 0, 0, 0, 0, 0, 0, 0.0988249, 0.126675
4.947, 0.0425442, 0, 0, 0, 0, 0, 0, 0, 0, 0, 0, 0, 0.098833, 0.126668
4.952, 0.0425802, 0, 0, 0, 0, 0, 0, 0, 0, 0, 0, 0, 0.0988251, 0.126675
4.953, 0.042591, 0, 0, 0, 0, 0, 0, 0, 0, 0, 0, 0, 0.0988247, 0.126675
4.958, 0.0426616, 0, 0, 0, 0, 0, 0, 0, 0, 0, 0, 0, 0.0988293, 0.126672
4.963, 0.042757, 0, 0, 0, 0, 0, 0, 0, 0, 0, 0, 0, 0.098825, 0.126675
4.973, 0.0430006, 0, 0, 0, 0, 0, 0, 0, 0, 0, 0, 0, 0.0988251, 0.126675
4.983, 0.0432674, 0, 0, 0, 0, 0, 0, 0, 0, 0, 0, 0, 0.0988254, 0.126675
4.988, 0.0433893, 0, 0, 0, 0, 0, 0, 0, 0, 0, 0, 0, 0.0988409, 0.126659
4.993, 0.0434942, 0, 0, 0, 0, 0, 0, 0, 0, 0, 0, 0, 0.0988255, 0.126675
4.997, 0.0435605, 0, 0, 0, 0, 0, 0, 0, 0, 0, 0, 0, 0.0989598, 0.126602
4.998, 0.0435733, 0, 0, 0, 0, 0, 0, 0, 0, 0, 0, 0, 0.0988411, 0.126659
5.003, 0.0436226, 0, 0, 0, 0, 0, 0, 0, 0, 0, 0, 0, 0.0988258, 0.126675
