Time,Stouch_RA5C1,Stouch_RA6D1,Stouch_RA4P2,Stouch_RA5C2,Stouch_RA6D2,Stouch_RA4P3,Stouch_RA5C3,Stouch_RA6D3,Stouch_RA4P4,Stouch_RA5C4,Stouch_RA6D4,Stouch_RA4P5,Stouch_RA5C5,Stouch_RA6D5
0, 0, 0, 0, 0, 0, 0, 0, 0, 0, 0, 0, 0, 0, 0
0.001, 0, 0, 0, 0, 0, 0, 0.120153, 0, 0, 0.292912, 0, 0, 0.0940601, 0.414405
0.002, 0, 0, 0, 0, 0, 0, 0.0770701, 0, 0, 0.207295, 0, 0, 0, 0.732293
0.003, 0, 0, 0, 0, 0, 0, 0.0154746, 0, 0, 0.101851, 0, 0, 0.143902, 0.277557
0.004, 0, 0, 0, 0, 0, 0, 0.0133723, 0, 0, 0.0910184, 0, 0, 0.217084, 0.147035
0.005, 0, 0, 0, 0, 0, 0, 0.0138231, 0, 0, 0.0814298, 0, 0, 0.207163, 0.118539
0.006, 0, 0, 0, 0, 0, 0, 0.0136817, 0, 0, 0.0725456, 0, 0, 0.200602, 0.103815
0.007, 0, 0, 0, 0, 0, 0, 0.0142777, 0, 0, 0.0643446, 0, 0, 0.19404, 0.091563
0.008, 0, 0, 0, 0, 0, 0, 0.0276, 0, 0, 0.0572451, 0, 0, 0.188863, 0.0822552
0.009, 0, 0, 0, 0, 0, 0, 0.0185851, 0, 0, 0.0502486, 0, 0, 0.179972, 0.0747872
0.01, 0, 0, 0, 0, 0, 0, 0.0182875, 0, 0, 0.043846, 0, 0, 0.169665, 0.0657679
0.011, 0, 0, 0, 0, 0, 0, 0.0185575, 0, 0, 0.0383223, 0, 0, 0.156676, 0.0565133
0.012, 0, 0, 0, 0, 0, 0, 0.0187921, 0, 0, 0.0330077, 0, 0, 0.144327, 0.0475739
0.013, 0, 0, 0, 0, 0, 0, 0.0189676, 0, 0, 0.0278137, 0, 0, 0.131392, 0.0387214
0.014, 0, 0, 0, 0, 0, 0, 0.0190799, 0, 0, 0.0231959, 0, 0, 0.120414, 0.0320895
0.015, 0, 0, 0, 0, 0, 0, 0.0190416, 0, 0, 0.0196338, 0, 0, 0.106804, 0.0256524
0.016, 0, 0, 0, 0, 0, 0, 0.0189367, 0, 0, 0.016352, 0, 0, 0.0939071, 0.0185001
0.017, 0, 0, 0, 0, 0, 0, 0.0187398, 0, 0, 0.0133709, 0, 0, 0.0792121, 0.0119529
0.018, 0, 0, 0, 0, 0, 0, 0.0185829, 0, 0, 0.0110361, 0, 0, 0.0707927, 0.00753206
0.019, 0, 0, 0, 0, 0, 0, 0.014204, 0, 0, 0.00965536, 0, 0, 0.0822569, 0
0.02, 0, 0, 0, 0, 0, 0, 0.0180164, 0, 0, 0.00838806, 0, 0, 0.0556115, 1.38629e-05
0.021, 0, 0, 0, 0, 0, 0, 0.0178864, 0, 0, 0.00747728, 0, 0, 0.048636, 0
0.022, 0, 0, 0, 0, 0, 0, 0.0177646, 0, 0, 0.00619699, 0, 0, 0.0426654, 0
0.023, 0, 0, 0, 0, 0, 0, 0.0177242, 0, 0, 0.00513549, 0, 0, 0.0392043, 0
0.024, 0, 0, 0, 0, 0, 0, 0.0141171, 0, 0, 0.00415722, 0, 0, 0.0343577, 0
0.025, 0, 0, 0, 0, 0, 0, 0.0140953, 0, 0, 0.00380052, 0, 0, 0.0297781, 0
0.026, 0, 0, 0, 0, 0, 0, 0.0141154, 0, 0, 0.0030601, 0, 0, 0.0251265, 0
0.027, 0, 0, 0, 0, 0, 0, 0.0141894, 0, 0, 0.00247004, 0, 0, 0.0227561, 0
0.028, 0, 0, 0, 0, 0, 0, 0.0142508, 0, 0, 0.00179395, 0, 0, 0.018223, 0
0.029, 0, 0, 0, 0, 0, 0, 0.014384, 0, 0, 0.000885065, 0, 0, 0.0153313, 0
0.03, 0, 0, 0, 0, 0, 0, 0.0145654, 0, 0, 0.000379309, 0, 0, 0.0124619, 0
0.031, 0, 0, 0, 0, 0, 0, 0.00915113, 0, 0, 3.84566e-05, 0, 0, 0.00953522, 0
0.032, 0, 0, 0, 0, 0, 0, 0.00934877, 0, 0, 0, 0, 0, 0.00723229, 0
0.033, 0, 0, 0, 0, 0, 0, 0, 0, 0, 0, 0, 0, 0.00532875, 0
0.034, 0, 0, 0, 0, 0, 0, 0, 0, 0, 0, 0, 0, 0.00431284, 0
0.035, 0, 0, 0, 0, 0, 0, 0, 0, 0, 0, 0, 0, 0.0206702, 0
0.036, 0, 0, 0, 0, 0, 0, 0, 0, 0, 0, 0, 0, 0, 0
0.037, 0, 0, 0, 0, 0, 0, 0, 0, 0, 0, 0, 0, 0.00367146, 0
0.038, 0, 0, 0, 0, 0, 0, 0, 0, 0, 0.387781, 0, 0, 0.0580821, 0.332993
0.039, 0, 0, 0, 0, 0, 0, 0, 0, 0, 0.0619241, 0, 0, 0, 0.00482262
0.04, 0, 0, 0, 0, 0, 0, 0, 0, 0, 0, 0, 0, 0, 0
0.041, 0, 0, 0, 0, 0, 0, 0, 0, 0, 0, 0, 0, 0, 0
0.042, 0, 0, 0, 0, 0, 0, 0, 0, 0, 0, 0, 0, 0, 0
0.043, 0, 0, 0, 0, 0, 0, 0, 0, 0, 0, 0, 0, 0, 0
0.044, 0, 0, 0, 0, 0, 0, 0, 0, 0, 0, 0, 0, 0, 0
0.045, 0, 0, 0, 0.0135874, 0, 0, 0, 0, 0, 0, 0, 0, 0, 0
0.046, 0, 0, 0, 0.0128003, 0, 0, 0, 0, 0, 0, 0, 0, 0, 0
0.047, 0, 0, 0, 0.0122758, 0, 0, 0, 0, 0, 0, 0, 0, 0, 0
0.048, 0, 0, 0, 0.0117939, 0, 0, 0, 0, 0, 0, 0, 0, 0, 0
0.049, 0, 0, 0, 0.0113475, 0, 0, 0, 0, 0, 0, 0, 0, 0, 0
0.05, 0, 0, 0, 0.0109239, 0, 0, 0, 0, 0, 0, 0, 0, 0, 0
0.051, 0, 0, 0, 0.0105147, 0, 0, 0, 0, 0, 0, 0, 0, 0, 0
0.052, 0, 0, 0, 0.0101147, 0, 0, 0, 0, 0, 0, 0, 0, 0, 0
0.053, 0, 0, 0, 0.00972145, 0, 0, 0, 0, 0, 0, 0, 0, 0, 0
0.054, 0, 0, 0, 0.092869, 0, 0, 0, 0, 0, 0, 0, 0, 0, 0
0.055, 0, 0, 0, 0.020979, 0, 0, 0, 0, 0, 0, 0, 0, 0, 0
0.056, 0, 0, 0, 0.0204365, 0, 0, 0, 0, 0, 0, 0, 0, 0, 0
0.057, 0, 0, 0, 0.0206014, 0, 0, 0, 0, 0, 0, 0, 0, 0, 0
0.058, 0, 0, 0, 0.0297386, 0, 0, 0, 0, 0, 0, 0, 0, 0, 0
0.059, 0, 0, 0, 0.0352731, 0.0342611, 0, 0, 0, 0, 0, 0, 0, 0, 0
0.06, 0, 0, 0, 1.29402, 0.385442, 0, 0, 0, 0, 0, 0, 0, 0, 0
0.061, 0, 0, 0, 0.8832, 1.08882, 0, 0, 0, 0, 0, 0, 0, 0, 0
0.062, 0, 0, 0, 0.579874, 0.799493, 0, 0, 0, 0, 0, 0, 0, 0, 0
0.063, 0, 0, 0, 0.932703, 0.714167, 0, 0, 0, 0, 0, 0, 0, 0, 0
0.064, 0, 0, 0, 0.970848, 0.787845, 0, 0, 0, 0, 0, 0, 0, 0, 0
0.065, 0, 0, 0, 1.04844, 0.712138, 0, 0, 0, 0, 0, 0, 0, 0, 0
0.066, 0, 0, 0, 0.970994, 0.952899, 0, 0.454971, 0, 0, 0, 0, 0, 0, 0
0.067, 0, 0, 0, 0, 1.85841, 0, 0.795753, 0, 0, 0, 0, 0, 0, 0
0.068, 0, 0, 0, 0.00120793, 0.986953, 0, 0.594438, 0, 0, 0.279316, 0, 0, 0, 0
0.069, 0, 0, 0, 0.365358, 1.00864, 0, 1.00925, 0, 0, 0.61774, 0, 0, 0, 0
0.07, 0, 0, 0, 0.318831, 1.07872, 0, 1.07618, 0, 0, 0.729531, 0, 0, 0, 0
0.071, 0, 0, 0, 0.250968, 1.08988, 0, 1.10648, 0, 0, 0.737463, 0, 0, 0, 0
0.072, 0, 0, 0, 0.231844, 1.07174, 0, 1.1196, 0, 0, 0.74359, 0, 0, 0, 0
0.073, 0, 0, 0, 0.220092, 1.22116, 0, 1.12388, 0, 0, 0.782125, 0, 0, 0.121639, 0.670917
0.074, 0, 0, 0, 0.186815, 1.31916, 0, 1.03976, 0, 0, 0.716368, 0, 0, 0.0818145, 0.775771
0.075, 0, 0, 0, 0.143905, 1.2412, 0, 0.991259, 0, 0, 0.677049, 0, 0, 0.0802059, 0.679928
0.076, 0, 0, 0, 0.153838, 1.26118, 0, 1.00032, 0, 0, 0.690711, 0, 0, 0.0775696, 0.859558
0.077, 0, 0, 0, 0.13808, 1.17208, 0, 0.975466, 0, 0, 0.672967, 0, 0, 0.0667424, 0.91292
0.078, 0, 0, 0, 0.144845, 1.21668, 0, 0.99742, 0, 0, 0.687929, 0, 0, 0.0491469, 0.951201
0.079, 0, 0, 0, 0.116809, 1.23881, 0, 0.96543, 0, 0, 0.666053, 0, 0, 0.0242262, 1.04997
0.08, 0, 0, 0, 0.102794, 1.20099, 0, 0.934714, 0, 0, 0.685713, 0.358432, 0, 0.00802142, 1.05804
0.081, 0, 0, 0, 0.100249, 1.20797, 0, 0.944715, 0, 0, 0.739852, 0.341063, 0, 0, 1.06895
0.082, 0, 0, 0, 0.085664, 1.13744, 0, 0.932966, 0, 0, 0.730151, 0.33459, 0, 0, 1.04868
0.083, 0, 0, 0, 0.0723101, 1.19089, 0, 0.930037, 0.21564, 0, 0.733949, 0.346352, 0, 0, 1.03963
0.084, 0, 0, 0, 0.0608241, 1.17088, 0, 0.965379, 0.392489, 0, 0.686011, 0.364497, 0, 0, 0.991306
0.085, 0, 0, 0, 0.0609485, 1.17095, 0, 1.01876, 0.435486, 0, 0.683919, 0.373432, 0, 0, 0.967869
0.086, 0, 0, 0, 0.0569555, 1.42101, 0, 1.0254, 0.436151, 0, 0.667057, 0.38021, 0, 0, 0.937167
0.087, 0, 0, 0, 0.0344874, 1.21156, 0, 0.928121, 0.400103, 0, 0.572229, 0.334376, 0, 0, 0.823866
0.088, 0, 0, 0, 0.0540617, 1.33451, 0, 1.02094, 0.416913, 0, 0.635959, 0.34394, 0, 0, 0.851913
0.089, 0, 0, 0, 0.0432511, 1.24967, 0, 0.941975, 0.413786, 0, 0.578233, 0.32074, 0, 0, 0.790602
0.09, 0, 0, 0, 0.0491642, 1.29634, 0, 0.968107, 0.456227, 0, 0.595273, 0.325746, 0, 0, 0.780383
0.091, 0, 0, 0, 0.0440925, 1.26337, 0, 0.929149, 0.453884, 0, 0.557127, 0.323033, 0, 0, 0.739727
0.092, 0, 0, 0, 0.0450897, 1.28296, 0, 0.931499, 0.469209, 0, 0.556123, 0.324353, 0, 0, 0.723019
0.093, 0, 0, 0, 0.406334, 2.61594, 0, 4.24439, 0.341952, 0, 3.22475, 0.217465, 0, 1.88795, 1.29401
0.094, 0, 0, 0, 0, 0.117633, 0, 0.143278, 0.271343, 0, 0.0260841, 0.114748, 0, 0.0251919, 0.0149466
0.095, 0, 0, 0, 0.209879, 1.91141, 0, 1.70002, 0.50199, 0, 1.09729, 0.298236, 0, 0.188885, 0.474095
0.096, 0, 0, 0, 0.000286302, 0.771782, 0, 0.126048, 0.72457, 0, 0.22471, 0.164954, 0, 0, 0.19591
0.097, 0, 0, 0, 0, 1.60824, 0, 0.667697, 0.609476, 0, 0.210698, 0.518371, 0, 0.0519882, 0.405561
0.098, 0, 0, 0, 0, 0.982066, 0, 0.261914, 0.527786, 0, 0.0197011, 0.402306, 0, 0, 0.248256
0.099, 0, 0, 0, 0, 1.4609, 0, 0.536031, 0.617808, 0, 0.270416, 0.38046, 0, 0.0250315, 0.370378
0.1, 0, 0, 0, 0, 1.10449, 0, 0.262966, 0.610828, 0, 0.119023, 0.327994, 0, 0, 0.276628
0.101, 0, 0, 0, 0, 1.37895, 0, 0.413111, 0.658655, 0, 0.228734, 0.358219, 0, 0.0123014, 0.35039
0.102, 0, 0, 0, 0, 1.17893, 0, 0.260258, 0.645226, 0, 0.132888, 0.33287, 0, 0.000209951, 0.296091
0.103, 0, 0, 0, 0, 1.32832, 0, 0.334602, 0.69099, 0, 0.192752, 0.347352, 0, 0.00558691, 0.342165
0.104, 0, 0, 0, 0, 1.22929, 0, 0.245288, 0.687053, 0, 0.145125, 0.325323, 0, 0.000877859, 0.308679
0.105, 0, 0, 0, 0, 1.3064, 0, 0.280596, 0.699205, 0, 0.174688, 0.329705, 0, 0, 0.386774
0.106, 0, 0, 0, 0, 1.25298, 0, 0.240766, 0.686416, 0, 0.149118, 0.317439, 0, 0, 0.327058
0.107, 0, 0, 0, 0, 1.29743, 0, 0.259343, 0.684949, 0, 0.163603, 0.318795, 0, 0, 0.326425
0.108, 0, 0, 0, 0, 1.2687, 0, 0.236352, 0.672093, 0, 0.150417, 0.31176, 0, 0, 0.314029
0.109, 0, 0, 0, 0, 1.29367, 0, 0.243601, 0.669062, 0, 0.157931, 0.311973, 0, 0, 0.319619
0.11, 0, 0, 0, 0, 1.27684, 0, 0.232762, 0.65496, 0, 0.151679, 0.304926, 0, 0, 0.313634
0.111, 0, 0, 0, 0, 1.2922, 0, 0.232, 0.651715, 0, 0.15928, 0.299736, 0, 0, 0.31821
0.112, 0, 0, 0, 0, 1.2831, 0, 0.222676, 0.641826, 0, 0.166899, 0.278131, 0, 0, 0.316367
0.113, 0, 0, 0, 0, 1.29239, 0, 0.225105, 0.633862, 0, 0.175123, 0.269855, 0, 0, 0.32078
0.114, 0, 0, 0, 0.0317119, 1.25912, 0, 0.220502, 0.625067, 0, 0.18145, 0.256742, 0, 0, 0.320949
0.115, 0, 0, 0, 0.0354914, 1.28646, 0, 0.231289, 0.623213, 0, 0.196585, 0.253242, 0, 0, 0.331302
0.116, 0, 0, 0, 0.0540642, 1.25038, 0, 0.220113, 0.612962, 0, 0.191112, 0.248986, 0, 0, 0.327267
0.117, 0, 0, 0, 0.0606414, 1.2738, 0, 0.230391, 0.611035, 0, 0.202327, 0.250546, 0, 0, 0.33746
0.118, 0, 0, 0, 0.0552993, 1.26291, 0, 0.221071, 0.601363, 0, 0.19419, 0.250341, 0, 0, 0.333878
0.119, 0, 0, 0, 0.0575497, 1.26955, 0, 0.226781, 0.593757, 0, 0.20032, 0.248472, 0, 0, 0.337538
0.12, 0, 0, 0, 0.0560294, 1.26741, 0, 0.224353, 0.582869, 0, 0.201379, 0.245281, 0, 0, 0.33734
0.121, 0, 0, 0, 0.0565679, 1.26943, 0, 0.228145, 0.568372, 0, 0.204917, 0.242947, 0, 0, 0.339005
0.122, 0, 0, 0, 0.0562187, 1.26946, 0, 0.231849, 0.550345, 0, 0.208285, 0.237127, 0, 0, 0.339811
0.123, 0, 0, 0, 0.055877, 1.27079, 0, 0.237452, 0.533322, 0, 0.213573, 0.23184, 0, 0, 0.340908
0.124, 0, 0, 0, 0.0558808, 1.27091, 0, 0.243438, 0.518077, 0, 0.220992, 0.223783, 0, 0, 0.341054
0.125, 0, 0, 0, 0.0562163, 1.27173, 0, 0.247138, 0.509531, 0, 0.227168, 0.218525, 0, 0, 0.342101
0.126, 0, 0, 0, 0.0564028, 1.27215, 0, 0.249055, 0.504927, 0, 0.232016, 0.214729, 0, 0, 0.342955
0.127, 0, 0, 0, 0.0567581, 1.27261, 0, 0.252979, 0.498228, 0, 0.235339, 0.212109, 0, 0, 0.343813
0.128, 0, 0, 0, 0.0568245, 1.27328, 0, 0.25776, 0.491003, 0, 0.242747, 0.205542, 0, 0, 0.344622
0.129, 0, 0, 0, 0.0571702, 1.27352, 0, 0.261468, 0.482842, 0, 0.247251, 0.201825, 0, 0, 0.345319
0.13, 0, 0, 0, 0.0576302, 1.27397, 0, 0.264155, 0.476782, 0, 0.248342, 0.20242, 0, 0, 0.346061
0.131, 0, 0, 0, 0.056881, 1.27046, 0, 0.274297, 0.466206, 0, 0.251192, 0.200948, 0, 0, 0.346695
0.132, 0, 0, 0, 0.0580962, 1.27346, 0, 0.279981, 0.459077, 0, 0.256054, 0.198977, 0, 0, 0.348265
0.133, 0, 0, 0, 0.0581464, 1.2725, 0, 0.284623, 0.448748, 0, 0.258836, 0.195966, 0, 0, 0.348269
0.134, 0, 0, 0, 0.0638916, 1.274, 0, 0.291798, 0.435962, 0, 0.263715, 0.192455, 0, 0, 0.349062
0.135, 0, 0, 0, 0.0637835, 1.2733, 0, 0.303512, 0.419374, 0, 0.26818, 0.188459, 0, 0, 0.349273
0.136, 0, 0, 0, 0.0643616, 1.27465, 0, 0.30917, 0.410331, 0, 0.273001, 0.185039, 0, 0, 0.349952
0.137, 0, 0, 0, 0.0643136, 1.27435, 0, 0.317657, 0.399936, 0, 0.275213, 0.183608, 0, 0, 0.350131
0.138, 0, 0, 0, 0.0647207, 1.27492, 0, 0.324123, 0.391825, 0, 0.278308, 0.182699, 0, 0, 0.350644
0.139, 0, 0, 0, 0.0646127, 1.27527, 0, 0.329314, 0.385258, 0, 0.280164, 0.181578, 0, 0, 0.350954
0.14, 0, 0, 0, 0.0647743, 1.27553, 0, 0.333507, 0.381129, 0, 0.280972, 0.18291, 0, 0, 0.351267
0.141, 0, 0, 0, 0.0639217, 1.27941, 0, 0.3419, 0.374196, 0, 0.282446, 0.182558, 0, 0, 0.351753
0.142, 0, 0, 0, 0.0667904, 1.27409, 0, 0.346665, 0.365995, 0, 0.284687, 0.179921, 0, 0, 0.351095
0.143, 0, 0, 0, 0.0692568, 1.27675, 0, 0.353247, 0.361838, 0, 0.288895, 0.179058, 0, 0, 0.352664
0.144, 0, 0, 0, 0.0685258, 1.2763, 0, 0.359687, 0.352272, 0, 0.291762, 0.176271, 0, 0, 0.35215
0.145, 0, 0, 0, 0.0691405, 1.2767, 0, 0.36913, 0.341975, 0, 0.294306, 0.175322, 0, 0, 0.352486
0.146, 0, 0, 0, 0.0693426, 1.27673, 0, 0.374851, 0.3337, 0, 0.296368, 0.174498, 0, 0, 0.352667
0.147, 0, 0, 0, 0.0695427, 1.27705, 0, 0.382801, 0.326223, 0, 0.3035, 0.170745, 0, 0, 0.352884
0.148, 0, 0, 0, 0.0695768, 1.27744, 0, 0.387239, 0.322323, 0, 0.30939, 0.16709, 0, 0, 0.353036
0.149, 0, 0, 0, 0.0695219, 1.27764, 0, 0.391589, 0.317819, 0, 0.311781, 0.166134, 0, 0, 0.353144
0.15, 0, 0, 0, 0.0695443, 1.27798, 0, 0.396219, 0.311932, 0, 0.31374, 0.165236, 0, 0, 0.353279
0.151, 0, 0, 0, 0.0696154, 1.27769, 0, 0.399961, 0.30751, 0, 0.31654, 0.163733, 0, 0, 0.353367
0.152, 0, 0, 0, 0.0698349, 1.2778, 0, 0.403414, 0.303949, 0, 0.319337, 0.163017, 0, 0, 0.353591
0.153, 0, 0, 0, 0.0698226, 1.27825, 0, 0.407986, 0.298716, 0, 0.3211, 0.162557, 0, 0, 0.353725
0.154, 0, 0, 0, 0.0697148, 1.27843, 0, 0.414635, 0.291328, 0, 0.322913, 0.161991, 0, 0, 0.353744
0.155, 0, 0, 0, 0.0699087, 1.27852, 0, 0.421714, 0.283468, 0, 0.324694, 0.16148, 0, 0, 0.353811
0.156, 0, 0, 0, 0.069879, 1.27865, 0, 0.433569, 0.275603, 0, 0.326454, 0.161025, 0, 0, 0.353895
0.157, 0, 0, 0, 0.0699464, 1.27891, 0, 0.440367, 0.270012, 0, 0.328499, 0.160278, 0, 0, 0.353965
0.158, 0, 0, 0, 0.0700571, 1.279, 0, 0.444484, 0.266689, 0, 0.330786, 0.159458, 0, 0, 0.353989
0.159, 0, 0, 0, 0.0700149, 1.27941, 0, 0.447573, 0.264313, 0, 0.332695, 0.158976, 0, 0, 0.354047
0.16, 0, 0, 0, 0.0698121, 1.27982, 0, 0.450794, 0.261609, 0, 0.334254, 0.158579, 0, 0, 0.354015
0.161, 0, 0, 0, 0.0696963, 1.27997, 0, 0.454219, 0.258712, 0, 0.335883, 0.158184, 0, 0, 0.353965
0.162, 0, 0, 0, 0.069665, 1.28027, 0, 0.457393, 0.256312, 0, 0.337645, 0.157727, 0, 0, 0.353973
0.163, 0, 0, 0, 0.0695743, 1.28053, 0, 0.464926, 0.249477, 0, 0.339747, 0.156781, 0, 0, 0.353936
0.164, 0, 0, 0, 0.0717128, 1.2812, 0, 0.477908, 0.252174, 0, 0.339139, 0.158904, 0, 0, 0.356761
0.165, 0, 0, 0, 0.0717334, 1.27468, 0, 0.469135, 0.239394, 0, 0.344369, 0.153583, 0, 0, 0.351576
0.166, 0, 0, 0, 0.0727445, 1.28067, 0, 0.478671, 0.237755, 0, 0.348363, 0.154007, 0, 0, 0.354509
0.167, 0, 0, 0, 0.0711971, 1.27882, 0, 0.480997, 0.235587, 0, 0.347571, 0.153577, 0, 0, 0.35387
0.168, 0, 0, 0, 0.072009, 1.27988, 0, 0.485882, 0.233527, 0, 0.34968, 0.153344, 0, 0, 0.354445
0.169, 0, 0, 0, 0.0715389, 1.28008, 0, 0.494092, 0.230875, 0, 0.350571, 0.153271, 0, 0, 0.35463
0.17, 0, 0, 0, 0.067431, 1.29177, 0, 0.496498, 0.229213, 0, 0.355391, 0.15164, 0, 0, 0.354465
0.171, 0, 0, 0, 0.0647068, 1.2841, 0, 0.494097, 0.226315, 0, 0.356716, 0.147858, 0, 0, 0.351116
0.172, 0, 0, 0, 0.068456, 1.28628, 0, 0.500741, 0.224964, 0, 0.360863, 0.147636, 0, 0, 0.352652
0.173, 0, 0, 0, 0.0676502, 1.28618, 0, 0.50184, 0.223252, 0, 0.361237, 0.147013, 0, 0, 0.352261
0.174, 0, 0, 0, 0.0678973, 1.28616, 0, 0.504363, 0.221539, 0, 0.362813, 0.146279, 0, 0, 0.352158
0.175, 0, 0, 0, 0.0678773, 1.28647, 0, 0.506576, 0.220597, 0, 0.364436, 0.145942, 0, 0, 0.352079
0.176, 0, 0, 0, 0.0676437, 1.28668, 0, 0.508834, 0.219117, 0, 0.365685, 0.145253, 0, 0, 0.351895
0.177, 0, 0, 0, 0.0674079, 1.28675, 0, 0.511041, 0.217542, 0, 0.367027, 0.144576, 0, 0, 0.35175
0.178, 0, 0, 0, 0.067205, 1.28709, 0, 0.513043, 0.216278, 0, 0.368199, 0.144098, 0, 0, 0.351643
0.179, 0, 0, 0, 0.0669311, 1.28718, 0, 0.515561, 0.214403, 0, 0.369226, 0.143593, 0, 0, 0.351472
0.18, 0, 0, 0, 0.0668842, 1.28735, 0, 0.518149, 0.212452, 0, 0.370199, 0.14314, 0, 0, 0.351355
0.181, 0, 0, 0, 0.066642, 1.28764, 0, 0.521206, 0.210486, 0, 0.371355, 0.142656, 0, 0, 0.351311
0.182, 0, 0, 0, 0.0663725, 1.28783, 0, 0.526842, 0.208168, 0, 0.372618, 0.142025, 0, 0, 0.351137
0.183, 0, 0, 0, 0.0669201, 1.28744, 0, 0.529598, 0.205852, 0, 0.374086, 0.141626, 0, 0, 0.350981
0.184, 0, 0, 0, 0.0669107, 1.28794, 0, 0.533276, 0.202926, 0, 0.375115, 0.141314, 0, 0, 0.350974
0.185, 0, 0, 0, 0.0665905, 1.28802, 0, 0.535471, 0.200754, 0, 0.377911, 0.140351, 0, 0, 0.350826
0.186, 0, 0, 0, 0.0664552, 1.28817, 0, 0.541565, 0.196239, 0, 0.378521, 0.140257, 0, 0, 0.350688
0.187, 0, 0, 0, 0.0664259, 1.28789, 0, 0.54461, 0.193533, 0, 0.379187, 0.139943, 0, 0, 0.350553
0.188, 0, 0, 0, 0.0676176, 1.28735, 0, 0.547114, 0.191737, 0, 0.378157, 0.140963, 0, 0, 0.350518
0.189, 0, 0, 0, 0.0676342, 1.288, 0, 0.549957, 0.189319, 0, 0.37884, 0.140801, 0, 0, 0.350802
0.19, 0, 0, 0, 0.0673461, 1.28756, 0, 0.552146, 0.187015, 0, 0.379506, 0.140353, 0, 0, 0.350521
0.191, 0, 0, 0, 0.0673893, 1.28801, 0, 0.554842, 0.184687, 0, 0.380073, 0.140391, 0, 0, 0.350471
0.192, 0, 0, 0, 0.0670899, 1.28811, 0, 0.557058, 0.182364, 0, 0.38201, 0.139663, 0, 0, 0.350228
0.193, 0, 0, 0, 0.0669566, 1.28829, 0, 0.559434, 0.179676, 0, 0.38271, 0.139292, 0, 0, 0.350055
0.194, 0, 0, 0, 0.0667833, 1.28844, 0, 0.560905, 0.1781, 0, 0.386196, 0.137706, 0, 0, 0.349875
0.195, 0, 0, 0, 0.0662605, 1.27935, 0, 0.552309, 0.173233, 0, 0.388684, 0.134364, 0, 0, 0.347534
0.196, 0, 0, 0, 0.0672465, 1.30037, 0, 0.566538, 0.181523, 0, 0.389854, 0.139747, 0, 0, 0.353081
0.197, 0, 0, 0, 0.0620634, 1.28764, 0, 0.559091, 0.177337, 0, 0.38343, 0.137624, 0, 0, 0.347808
0.198, 0, 0, 0, 0.0681308, 1.28852, 0, 0.564634, 0.175195, 0, 0.388922, 0.137172, 0, 0, 0.3497
0.199, 0, 0, 0, 0.0670984, 1.28896, 0, 0.564598, 0.173491, 0, 0.388782, 0.136832, 0, 0, 0.349231
0.2, 0, 0, 0, 0.0665746, 1.28898, 0, 0.565492, 0.172363, 0, 0.388955, 0.136587, 0, 0, 0.348898
0.201, 0, 0, 0, 0.0662156, 1.28938, 0, 0.566723, 0.171383, 0, 0.390376, 0.136161, 0, 0, 0.34873
0.202, 0, 0, 0, 0.065931, 1.28913, 0, 0.567923, 0.170283, 0, 0.39088, 0.135794, 0, 0, 0.348492
0.203, 0, 0, 0, 0.0660869, 1.29191, 0, 0.571304, 0.170907, 0, 0.390057, 0.136919, 0, 0, 0.349219
0.204, 0, 0, 0, 0.0651579, 1.28619, 0, 0.568079, 0.167006, 0, 0.391046, 0.134649, 0, 0, 0.346946
0.205, 0, 0, 0, 0.0664558, 1.29122, 0, 0.572804, 0.167572, 0, 0.392775, 0.13559, 0, 0, 0.348703
0.206, 0, 0, 0, 0.0651407, 1.28904, 0, 0.572187, 0.167135, 0, 0.390505, 0.135729, 0, 0, 0.34785
0.207, 0, 0, 0, 0.0657933, 1.28972, 0, 0.573812, 0.165912, 0, 0.391963, 0.13538, 0, 0, 0.347688
0.208, 0, 0, 0, 0.065352, 1.28992, 0, 0.57471, 0.165092, 0, 0.392109, 0.135205, 0, 0, 0.347561
0.209, 0, 0, 0, 0.0652565, 1.29001, 0, 0.575979, 0.164234, 0, 0.392128, 0.135199, 0, 0, 0.347446
0.21, 0, 0, 0, 0.0650784, 1.29048, 0, 0.577784, 0.16305, 0, 0.39229, 0.135167, 0, 0, 0.347417
0.211, 0, 0, 0, 0.0649137, 1.29038, 0, 0.578879, 0.162086, 0, 0.392247, 0.135095, 0, 0, 0.347517
0.212, 0, 0, 0, 0.0649367, 1.29055, 0, 0.580127, 0.161275, 0, 0.392405, 0.135052, 0, 0, 0.347407
0.213, 0, 0, 0, 0.0648364, 1.29067, 0, 0.581234, 0.160406, 0, 0.392459, 0.134986, 0, 0, 0.34717
0.214, 0, 0, 0, 0.0649193, 1.29013, 0, 0.582186, 0.159637, 0, 0.392535, 0.134923, 0, 0, 0.347054
0.215, 0, 0, 0, 0.0650153, 1.29064, 0, 0.583371, 0.158966, 0, 0.392801, 0.134932, 0, 0, 0.347064
0.216, 0, 0, 0, 0.064244, 1.29139, 0, 0.584199, 0.158265, 0, 0.393115, 0.134739, 0, 0, 0.346836
0.217, 0, 0, 0, 0.0640305, 1.29105, 0, 0.585025, 0.157421, 0, 0.392893, 0.134626, 0, 0, 0.346558
0.218, 0, 0, 0, 0.0641368, 1.29141, 0, 0.586327, 0.156687, 0, 0.393392, 0.134368, 0, 0, 0.346506
0.219, 0, 0, 0, 0.0639552, 1.29144, 0, 0.587604, 0.15583, 0, 0.39333, 0.134313, 0, 0, 0.346302
0.22, 0, 0, 0, 0.0639131, 1.29156, 0, 0.588367, 0.155216, 0, 0.393262, 0.13439, 0, 0, 0.346207
0.221, 0, 0, 0, 0.0638237, 1.29168, 0, 0.588777, 0.154688, 0, 0.393435, 0.134306, 0, 0, 0.346045
0.222, 0, 0, 0, 0.0637579, 1.29173, 0, 0.589477, 0.154088, 0, 0.393485, 0.134259, 0, 0, 0.345889
0.223, 0, 0, 0, 0.0636988, 1.29184, 0, 0.590256, 0.153477, 0, 0.393538, 0.134228, 0, 0, 0.345753
0.224, 0, 0, 0, 0.0636004, 1.29192, 0, 0.590923, 0.152909, 0, 0.393566, 0.134186, 0, 0, 0.345606
0.225, 0, 0, 0, 0.0635593, 1.29194, 0, 0.591559, 0.152283, 0, 0.393607, 0.134155, 0, 0, 0.345475
0.226, 0, 0, 0, 0.0635434, 1.29205, 0, 0.59225, 0.151731, 0, 0.393664, 0.134132, 0, 0, 0.34536
0.227, 0, 0, 0, 0.0635311, 1.29197, 0, 0.592918, 0.151182, 0, 0.393692, 0.1341, 0, 0, 0.34525
0.228, 0, 0, 0, 0.0635241, 1.29216, 0, 0.593761, 0.150542, 0, 0.394499, 0.133839, 0, 0, 0.345158
0.229, 0, 0, 0, 0.0634277, 1.29231, 0, 0.594389, 0.150054, 0, 0.394486, 0.133804, 0, 0, 0.345002
0.23, 0, 0, 0, 0.0633383, 1.29237, 0, 0.595015, 0.149574, 0, 0.394509, 0.13375, 0, 0, 0.344901
0.231, 0, 0, 0, 0.0638169, 1.29163, 0, 0.595728, 0.14901, 0, 0.394555, 0.133711, 0, 0, 0.344762
0.232, 0, 0, 0, 0.064002, 1.29205, 0, 0.596666, 0.148659, 0, 0.394844, 0.133759, 0, 0, 0.344757
0.233, 0, 0, 0, 0.0639401, 1.29134, 0, 0.597057, 0.148219, 0, 0.394777, 0.133714, 0, 0, 0.344569
0.234, 0, 0, 0, 0.0641136, 1.29186, 0, 0.59792, 0.147921, 0, 0.395069, 0.13375, 0, 0, 0.344672
0.235, 0, 0, 0, 0.0638782, 1.29183, 0, 0.598788, 0.147128, 0, 0.394944, 0.133692, 0, 0, 0.344465
0.236, 0, 0, 0, 0.0633543, 1.29276, 0, 0.599385, 0.146736, 0, 0.395041, 0.133659, 0, 0, 0.344371
0.237, 0, 0, 0, 0.0630974, 1.29232, 0, 0.599504, 0.146289, 0, 0.394818, 0.133543, 0, 0, 0.344049
0.238, 0, 0, 0, 0.0632554, 1.29266, 0, 0.600302, 0.145932, 0, 0.395062, 0.133536, 0, 0, 0.344054
0.239, 0, 0, 0, 0.0631145, 1.29263, 0, 0.600686, 0.145531, 0, 0.39546, 0.133361, 0, 0, 0.343895
0.24, 0, 0, 0, 0.0631865, 1.29268, 0, 0.601261, 0.14516, 0, 0.395544, 0.133323, 0, 0, 0.343816
0.241, 0, 0, 0, 0.0631983, 1.29274, 0, 0.601773, 0.144799, 0, 0.395577, 0.133293, 0, 0, 0.343728
0.242, 0, 0, 0, 0.063181, 1.29289, 0, 0.602268, 0.144442, 0, 0.395882, 0.133143, 0, 0, 0.343636
0.243, 0, 0, 0, 0.0631622, 1.29281, 0, 0.602823, 0.144042, 0, 0.395883, 0.133109, 0, 0, 0.343582
0.244, 0, 0, 0, 0.0637082, 1.29211, 0, 0.603612, 0.143619, 0, 0.395948, 0.133087, 0, 0, 0.343567
0.245, 0, 0, 0, 0.0638455, 1.29269, 0, 0.604381, 0.143366, 0, 0.396189, 0.133135, 0, 0, 0.343709
0.246, 0, 0, 0, 0.0635808, 1.29263, 0, 0.604571, 0.143004, 0, 0.396019, 0.133073, 0, 0, 0.343572
0.247, 0, 0, 0, 0.0630667, 1.29355, 0, 0.605099, 0.142677, 0, 0.396109, 0.133041, 0, 0, 0.343545
0.248, 0, 0, 0, 0.062811, 1.2931, 0, 0.60517, 0.142267, 0, 0.395864, 0.132926, 0, 0, 0.343284
0.249, 0, 0, 0, 0.0630172, 1.29328, 0, 0.605884, 0.141958, 0, 0.396075, 0.132924, 0, 0, 0.343346
0.25, 0, 0, 0, 0.0629472, 1.29332, 0, 0.606227, 0.141645, 0, 0.396058, 0.132887, 0, 0, 0.343281
0.251, 0, 0, 0, 0.0629478, 1.29336, 0, 0.606651, 0.141345, 0, 0.396089, 0.132857, 0, 0, 0.34324
0.252, 0, 0, 0, 0.0638442, 1.2912, 0, 0.607056, 0.141048, 0, 0.396108, 0.132831, 0, 0, 0.343195
0.253, 0, 0, 0, 0.0643821, 1.29263, 0, 0.60839, 0.140984, 0, 0.396838, 0.133075, 0, 0, 0.343613
0.254, 0, 0, 0, 0.0628522, 1.2945, 0, 0.608074, 0.140625, 0, 0.396376, 0.132959, 0, 0, 0.343273
0.255, 0, 0, 0, 0.0624384, 1.29316, 0, 0.607773, 0.140126, 0, 0.39591, 0.132718, 0, 0, 0.342747
0.256, 0, 0, 0, 0.0633695, 1.29231, 0, 0.608855, 0.139929, 0, 0.396435, 0.132775, 0, 0, 0.343019
0.257, 0, 0, 0, 0.0635212, 1.2931, 0, 0.609529, 0.139787, 0, 0.396666, 0.132874, 0, 0, 0.343363
0.258, 0, 0, 0, 0.0637338, 1.29209, 0, 0.609434, 0.139474, 0, 0.39666, 0.132722, 0, 0, 0.343166
0.259, 0, 0, 0, 0.0634796, 1.29355, 0, 0.610076, 0.139653, 0, 0.397069, 0.132763, 0, 0, 0.343379
0.26, 0, 0, 0, 0.06353, 1.29211, 0, 0.609746, 0.139298, 0, 0.396607, 0.132625, 0, 0, 0.343016
0.261, 0, 0, 0, 0.0634722, 1.2937, 0, 0.610796, 0.139165, 0, 0.397132, 0.132717, 0, 0, 0.343322
0.262, 0, 0, 0, 0.0629724, 1.29288, 0, 0.610387, 0.138814, 0, 0.396611, 0.132579, 0, 0, 0.342937
0.263, 0, 0, 0, 0.0638647, 1.29233, 0, 0.61117, 0.138619, 0, 0.396944, 0.132608, 0, 0, 0.343088
0.264, 0, 0, 0, 0.0634328, 1.2937, 0, 0.611693, 0.138476, 0, 0.397105, 0.132667, 0, 0, 0.343226
0.265, 0, 0, 0, 0.0630104, 1.29307, 0, 0.611399, 0.138141, 0, 0.396334, 0.133033, 0, 0, 0.342878
0.266, 0, 0, 0, 0.0633, 1.29328, 0, 0.612077, 0.13795, 0, 0.396584, 0.133047, 0, 0, 0.342999
0.267, 0, 0, 0, 0.0637525, 1.29247, 0, 0.612267, 0.137741, 0, 0.396518, 0.133014, 0, 0, 0.342946
0.268, 0, 0, 0, 0.0639669, 1.29302, 0, 0.612927, 0.137617, 0, 0.396798, 0.133064, 0, 0, 0.343127
0.269, 0, 0, 0, 0.0631959, 1.29378, 0, 0.612883, 0.137418, 0, 0.396499, 0.133058, 0, 0, 0.342991
0.27, 0, 0, 0, 0.0630244, 1.29332, 0, 0.612893, 0.137133, 0, 0.396325, 0.132934, 0, 0, 0.342774
0.271, 0, 0, 0, 0.0632304, 1.29351, 0, 0.613388, 0.136974, 0, 0.396531, 0.13294, 0, 0, 0.342856
0.272, 0, 0, 0, 0.0631627, 1.29353, 0, 0.613568, 0.136784, 0, 0.39649, 0.132903, 0, 0, 0.342804
0.273, 0, 0, 0, 0.0637068, 1.29272, 0, 0.613854, 0.136596, 0, 0.396636, 0.132822, 0, 0, 0.342781
0.274, 0, 0, 0, 0.0639119, 1.2933, 0, 0.614479, 0.136501, 0, 0.396922, 0.132873, 0, 0, 0.342969
0.275, 0, 0, 0, 0.0631967, 1.29366, 0, 0.614458, 0.136301, 0, 0.396747, 0.132808, 0, 0, 0.342829
0.276, 0, 0, 0, 0.0631647, 1.29341, 0, 0.61461, 0.136079, 0, 0.39669, 0.132731, 0, 0, 0.342712
0.277, 0, 0, 0, 0.0633131, 1.29362, 0, 0.61501, 0.135925, 0, 0.396815, 0.132715, 0, 0, 0.342754
0.278, 0, 0, 0, 0.0632672, 1.29358, 0, 0.615164, 0.135751, 0, 0.396768, 0.13267, 0, 0, 0.342693
0.279, 0, 0, 0, 0.063843, 1.29279, 0, 0.615449, 0.135591, 0, 0.396815, 0.13264, 0, 0, 0.342687
0.28, 0, 0, 0, 0.0640461, 1.29336, 0, 0.61603, 0.13552, 0, 0.397084, 0.132691, 0, 0, 0.342872
0.281, 0, 0, 0, 0.0632751, 1.2941, 0, 0.615982, 0.135344, 0, 0.396909, 0.132626, 0, 0, 0.342735
0.282, 0, 0, 0, 0.0631154, 1.29363, 0, 0.615939, 0.135108, 0, 0.396738, 0.13251, 0, 0, 0.342511
0.283, 0, 0, 0, 0.0633252, 1.29382, 0, 0.61642, 0.134987, 0, 0.396946, 0.132507, 0, 0, 0.342589
0.284, 0, 0, 0, 0.0637917, 1.29299, 0, 0.616554, 0.134835, 0, 0.396895, 0.132472, 0, 0, 0.342591
0.285, 0, 0, 0, 0.0634815, 1.29439, 0, 0.617133, 0.134783, 0, 0.397186, 0.132523, 0, 0, 0.342763
0.286, 0, 0, 0, 0.0630366, 1.29377, 0, 0.616709, 0.134539, 0, 0.396757, 0.132377, 0, 0, 0.342405
0.287, 0, 0, 0, 0.0638507, 1.29311, 0, 0.61741, 0.134376, 0, 0.397131, 0.132474, 0, 0, 0.342079
0.288, 0, 0, 0, 0.0639802, 1.29368, 0, 0.617896, 0.134322, 0, 0.39735, 0.132527, 0, 0, 0.342232
0.289, 0, 0, 0, 0.0632137, 1.2944, 0, 0.617819, 0.134164, 0, 0.397327, 0.132409, 0, 0, 0.342099
0.29, 0, 0, 0, 0.0630611, 1.29394, 0, 0.61774, 0.133951, 0, 0.397174, 0.132298, 0, 0, 0.342046
0.291, 0, 0, 0, 0.0632694, 1.29411, 0, 0.618179, 0.133852, 0, 0.397376, 0.132303, 0, 0, 0.34212
0.292, 0, 0, 0, 0.0632094, 1.29412, 0, 0.61827, 0.13373, 0, 0.397329, 0.132277, 0, 0, 0.342058
0.293, 0, 0, 0, 0.0632256, 1.29414, 0, 0.618465, 0.133611, 0, 0.397354, 0.132254, 0, 0, 0.342369
0.294, 0, 0, 0, 0.0637569, 1.29334, 0, 0.618641, 0.133494, 0, 0.397725, 0.132096, 0, 0, 0.342316
0.295, 0, 0, 0, 0.063955, 1.29391, 0, 0.619207, 0.133459, 0, 0.397271, 0.132419, 0, 0, 0.342465
0.296, 0, 0, 0, 0.0631812, 1.29463, 0, 0.61913, 0.133324, 0, 0.397073, 0.13237, 0, 0, 0.342295
0.297, 0, 0, 0, 0.0630209, 1.29416, 0, 0.619039, 0.133129, 0, 0.396883, 0.132272, 0, 0, 0.342054
0.298, 0, 0, 0, 0.0632297, 1.29434, 0, 0.619463, 0.133048, 0, 0.397067, 0.132285, 0, 0, 0.34211
0.299, 0, 0, 0, 0.0636987, 1.2935, 0, 0.619532, 0.132943, 0, 0.396999, 0.132266, 0, 0, 0.342066
0.3, 0, 0, 0, 0.0640383, 1.29353, 0, 0.620057, 0.132928, 0, 0.397266, 0.132331, 0, 0, 0.342235
0.301, 0, 0, 0, 0.063419, 1.29427, 0, 0.62004, 0.132753, 0, 0.397231, 0.132281, 0, 0, 0.342193
0.302, 0, 0, 0, 0.0631371, 1.29456, 0, 0.620077, 0.132821, 0, 0.39704, 0.132289, 0, 0, 0.342022
0.303, 0, 0, 0, 0.0632134, 1.29397, 0, 0.620129, 0.132556, 0, 0.397032, 0.13216, 0, 0, 0.341873
0.304, 0, 0, 0, 0.0634335, 1.29424, 0, 0.62053, 0.132511, 0, 0.397222, 0.132196, 0, 0, 0.341983
0.305, 0, 0, 0, 0.0633222, 1.29422, 0, 0.620516, 0.132418, 0, 0.397114, 0.132172, 0, 0, 0.341898
0.306, 0, 0, 0, 0.063872, 1.29341, 0, 0.620687, 0.132331, 0, 0.397138, 0.132156, 0, 0, 0.341264
0.307, 0, 0, 0, 0.0640654, 1.29398, 0, 0.621172, 0.132334, 0, 0.397392, 0.132222, 0, 0, 0.34139
0.308, 0, 0, 0, 0.0638161, 1.29387, 0, 0.621026, 0.132227, 0, 0.397199, 0.132172, 0, 0, 0.341207
0.309, 0, 0, 0, 0.063327, 1.29476, 0, 0.621626, 0.132037, 0, 0.397271, 0.132151, 0, 0, 0.341165
0.31, 0, 0, 0, 0.0634606, 1.29331, 0, 0.620864, 0.131705, 0, 0.397002, 0.131865, 0, 0, 0.340776
0.311, 0, 0, 0, 0.0639844, 1.29417, 0, 0.621796, 0.131806, 0, 0.397435, 0.132032, 0, 0, 0.341051
0.312, 0, 0, 0, 0.0637673, 1.29382, 0, 0.621439, 0.131679, 0, 0.397082, 0.131967, 0, 0, 0.340953
0.313, 0, 0, 0, 0.0639472, 1.29399, 0, 0.621778, 0.13162, 0, 0.39722, 0.131976, 0, 0, 0.340967
0.314, 0, 0, 0, 0.0638846, 1.29399, 0, 0.621815, 0.13154, 0, 0.39716, 0.131953, 0, 0, 0.340892
0.315, 0, 0, 0, 0.0644139, 1.29311, 0, 0.621889, 0.13143, 0, 0.397208, 0.131902, 0, 0, 0.340828
0.316, 0, 0, 0, 0.064606, 1.2938, 0, 0.622435, 0.131475, 0, 0.397476, 0.131996, 0, 0, 0.340992
0.317, 0, 0, 0, 0.0642651, 1.29368, 0, 0.622199, 0.131369, 0, 0.397253, 0.131934, 0, 0, 0.340825
0.318, 0, 0, 0, 0.0637654, 1.29463, 0, 0.622451, 0.131323, 0, 0.397333, 0.131933, 0, 0, 0.340807
0.319, 0, 0, 0, 0.0635088, 1.29413, 0, 0.622166, 0.131175, 0, 0.39706, 0.131829, 0, 0, 0.340562
0.32, 0, 0, 0, 0.0637607, 1.29415, 0, 0.622562, 0.131138, 0, 0.397274, 0.131841, 0, 0, 0.340609
0.321, 0, 0, 0, 0.0637418, 1.29424, 0, 0.622635, 0.131091, 0, 0.39727, 0.131831, 0, 0, 0.341138
0.322, 0, 0, 0, 0.0637187, 1.29425, 0, 0.622713, 0.131033, 0, 0.397256, 0.131813, 0, 0, 0.341042
0.323, 0, 0, 0, 0.0635122, 1.29496, 0, 0.622838, 0.130984, 0, 0.397277, 0.131801, 0, 0, 0.340998
0.324, 0, 0, 0, 0.0638762, 1.29372, 0, 0.622644, 0.130864, 0, 0.397081, 0.131717, 0, 0, 0.340778
0.325, 0, 0, 0, 0.0642554, 1.29449, 0, 0.623332, 0.130915, 0, 0.397507, 0.131808, 0, 0, 0.340978
0.326, 0, 0, 0, 0.063915, 1.29433, 0, 0.623032, 0.130833, 0, 0.39724, 0.131748, 0, 0, 0.340817
0.327, 0, 0, 0, 0.0634456, 1.29523, 0, 0.623249, 0.130788, 0, 0.397343, 0.131733, 0, 0, 0.340788
0.328, 0, 0, 0, 0.0631942, 1.29475, 0, 0.622961, 0.13066, 0, 0.397086, 0.131633, 0, 0, 0.340547
0.329, 0, 0, 0, 0.0634057, 1.2949, 0, 0.623337, 0.130629, 0, 0.397287, 0.131644, 0, 0, 0.34039
0.33, 0, 0, 0, 0.0633416, 1.2949, 0, 0.62334, 0.130584, 0, 0.397242, 0.131624, 0, 0, 0.340334
0.331, 0, 0, 0, 0.063352, 1.29492, 0, 0.623446, 0.130543, 0, 0.397288, 0.131596, 0, 0, 0.340299
0.332, 0, 0, 0, 0.0633424, 1.29494, 0, 0.623529, 0.130501, 0, 0.397301, 0.131578, 0, 0, 0.340312
0.333, 0, 0, 0, 0.0638602, 1.29413, 0, 0.623613, 0.130459, 0, 0.397106, 0.131862, 0, 0, 0.340274
0.334, 0, 0, 0, 0.0640532, 1.29468, 0, 0.624058, 0.130502, 0, 0.397344, 0.131936, 0, 0, 0.340422
0.335, 0, 0, 0, 0.0638, 1.29458, 0, 0.623858, 0.130439, 0, 0.397148, 0.131889, 0, 0, 0.340291
0.336, 0, 0, 0, 0.0633042, 1.29546, 0, 0.624023, 0.130403, 0, 0.397213, 0.131872, 0, 0, 0.340273
0.337, 0, 0, 0, 0.0630623, 1.29497, 0, 0.623722, 0.130283, 0, 0.396953, 0.131769, 0, 0, 0.340047
0.338, 0, 0, 0, 0.063275, 1.29514, 0, 0.62407, 0.130268, 0, 0.397992, 0.131435, 0, 0, 0.340099
0.339, 0, 0, 0, 0.0632101, 1.29513, 0, 0.62405, 0.130232, 0, 0.398334, 0.131241, 0, 0, 0.340043
0.34, 0, 0, 0, 0.0632245, 1.29514, 0, 0.624132, 0.130195, 0, 0.398331, 0.131219, 0, 0, 0.340008
0.341, 0, 0, 0, 0.0632257, 1.29516, 0, 0.624207, 0.130162, 0, 0.398317, 0.1312, 0, 0, 0.339977
0.342, 0, 0, 0, 0.0637487, 1.29433, 0, 0.624274, 0.130126, 0, 0.398327, 0.131164, 0, 0, 0.339942
0.343, 0, 0, 0, 0.0639493, 1.29488, 0, 0.624759, 0.130168, 0, 0.398562, 0.131231, 0, 0, 0.340096
0.344, 0, 0, 0, 0.063172, 1.2956, 0, 0.62455, 0.130114, 0, 0.398345, 0.131184, 0, 0, 0.339971
0.345, 0, 0, 0, 0.0630091, 1.29511, 0, 0.624333, 0.129999, 0, 0.399902, 0.130376, 0, 0, 0.33977
0.346, 0, 0, 0, 0.0632218, 1.29528, 0, 0.624668, 0.129995, 0, 0.400105, 0.130354, 0, 0, 0.339831
0.347, 0, 0, 0, 0.0639747, 1.29352, 0, 0.624632, 0.129961, 0, 0.399984, 0.130328, 0, 0, 0.33984
0.348, 0, 0, 0, 0.0644048, 1.29464, 0, 0.625471, 0.130103, 0, 0.400469, 0.130487, 0, 0, 0.340206
0.349, 0, 0, 0, 0.0633584, 1.29523, 0, 0.624942, 0.130027, 0, 0.400002, 0.130408, 0, 0, 0.339984
0.35, 0, 0, 0, 0.0632381, 1.29478, 0, 0.624822, 0.129922, 0, 0.397097, 0.131416, 0, 0, 0.339802
0.351, 0, 0, 0, 0.0636496, 1.29451, 0, 0.625, 0.129862, 0, 0.397007, 0.131493, 0, 0, 0.33984
0.352, 0, 0, 0, 0.0635131, 1.29531, 0, 0.625289, 0.129978, 0, 0.397164, 0.131551, 0, 0, 0.339926
0.353, 0, 0, 0, 0.0632487, 1.29485, 0, 0.624977, 0.129834, 0, 0.396996, 0.131419, 0, 0, 0.33971
0.354, 0, 0, 0, 0.0639783, 1.29409, 0, 0.625262, 0.129812, 0, 0.397162, 0.131434, 0, 0, 0.339752
0.355, 0, 0, 0, 0.0641329, 1.29466, 0, 0.625619, 0.129879, 0, 0.397342, 0.131528, 0, 0, 0.339906
0.356, 0, 0, 0, 0.0638776, 1.29455, 0, 0.625386, 0.129833, 0, 0.397117, 0.131499, 0, 0, 0.339785
0.357, 0, 0, 0, 0.0633824, 1.29543, 0, 0.625519, 0.129811, 0, 0.397165, 0.131494, 0, 0, 0.339775
0.358, 0, 0, 0, 0.0631516, 1.29493, 0, 0.625196, 0.129707, 0, 0.396895, 0.131404, 0, 0, 0.339563
0.359, 0, 0, 0, 0.0633771, 1.29507, 0, 0.625515, 0.129705, 0, 0.39708, 0.131424, 0, 0, 0.339482
0.36, 0, 0, 0, 0.063322, 1.29509, 0, 0.62548, 0.129683, 0, 0.397016, 0.131415, 0, 0, 0.339439
0.361, 0, 0, 0, 0.0633347, 1.29508, 0, 0.625526, 0.129658, 0, 0.397013, 0.131404, 0, 0, 0.339409
0.362, 0, 0, 0, 0.0633888, 1.29486, 0, 0.625584, 0.129639, 0, 0.397017, 0.131398, 0, 0, 0.33939
0.363, 0, 0, 0, 0.0639992, 1.29416, 0, 0.625727, 0.129639, 0, 0.396997, 0.131546, 0, 0, 0.339418
0.364, 0, 0, 0, 0.0641612, 1.29466, 0, 0.626062, 0.129695, 0, 0.397199, 0.131615, 0, 0, 0.33956
0.365, 0, 0, 0, 0.0634159, 1.29538, 0, 0.625846, 0.129652, 0, 0.398162, 0.131109, 0, 0, 0.339451
0.366, 0, 0, 0, 0.063257, 1.2949, 0, 0.625607, 0.129552, 0, 0.397965, 0.13101, 0, 0, 0.339261
0.367, 0, 0, 0, 0.0634696, 1.29505, 0, 0.625908, 0.129555, 0, 0.39814, 0.131023, 0, 0, 0.339326
0.368, 0, 0, 0, 0.0639451, 1.2942, 0, 0.625856, 0.12953, 0, 0.398065, 0.131005, 0, 0, 0.339282
0.369, 0, 0, 0, 0.0641714, 1.29473, 0, 0.626274, 0.129593, 0, 0.39832, 0.131075, 0, 0, 0.339449
0.37, 0, 0, 0, 0.0634099, 1.29547, 0, 0.62605, 0.129563, 0, 0.398106, 0.131042, 0, 0, 0.339351
0.371, 0, 0, 0, 0.0632472, 1.29495, 0, 0.625782, 0.12945, 0, 0.397905, 0.130936, 0, 0, 0.339152
0.372, 0, 0, 0, 0.063471, 1.29512, 0, 0.626095, 0.129456, 0, 0.398096, 0.130953, 0, 0, 0.339226
0.373, 0, 0, 0, 0.0634014, 1.29511, 0, 0.626031, 0.129438, 0, 0.398014, 0.130939, 0, 0, 0.33918
0.374, 0, 0, 0, 0.0639474, 1.29433, 0, 0.626136, 0.129443, 0, 0.397993, 0.130954, 0, 0, 0.339174
0.375, 0, 0, 0, 0.0641447, 1.2948, 0, 0.626478, 0.129484, 0, 0.397095, 0.13147, 0, 0, 0.339319
0.376, 0, 0, 0, 0.0633983, 1.29553, 0, 0.626256, 0.129446, 0, 0.396935, 0.131433, 0, 0, 0.339216
0.377, 0, 0, 0, 0.063224, 1.29504, 0, 0.625996, 0.129348, 0, 0.396741, 0.131343, 0, 0, 0.338674
0.378, 0, 0, 0, 0.0634332, 1.2952, 0, 0.626293, 0.129356, 0, 0.396936, 0.131364, 0, 0, 0.338767
0.379, 0, 0, 0, 0.0633695, 1.29519, 0, 0.626232, 0.12934, 0, 0.396876, 0.131353, 0, 0, 0.338809
0.38, 0, 0, 0, 0.063919, 1.29435, 0, 0.626282, 0.129322, 0, 0.397006, 0.131291, 0, 0, 0.338808
0.381, 0, 0, 0, 0.0635994, 1.29573, 0, 0.626675, 0.129392, 0, 0.398421, 0.130893, 0, 0, 0.338987
0.382, 0, 0, 0, 0.0636835, 1.29425, 0, 0.626063, 0.129271, 0, 0.397968, 0.130768, 0, 0, 0.338699
0.383, 0, 0, 0, 0.0636417, 1.29578, 0, 0.626817, 0.129364, 0, 0.398477, 0.130866, 0, 0, 0.338978
0.384, 0, 0, 0, 0.0631266, 1.29512, 0, 0.626119, 0.129239, 0, 0.397949, 0.130741, 0, 0, 0.338666
0.385, 0, 0, 0, 0.0639563, 1.29443, 0, 0.626522, 0.129244, 0, 0.398206, 0.130759, 0, 0, 0.33876
0.386, 0, 0, 0, 0.0635679, 1.2958, 0, 0.626819, 0.129317, 0, 0.398388, 0.130831, 0, 0, 0.338915
0.387, 0, 0, 0, 0.0631334, 1.29513, 0, 0.626207, 0.129196, 0, 0.397931, 0.130708, 0, 0, 0.338803
0.388, 0, 0, 0, 0.0639595, 1.29447, 0, 0.626608, 0.129206, 0, 0.39819, 0.13073, 0, 0, 0.338903
0.389, 0, 0, 0, 0.0635591, 1.29584, 0, 0.626894, 0.129279, 0, 0.397218, 0.131274, 0, 0, 0.33905
0.39, 0, 0, 0, 0.0631285, 1.29516, 0, 0.626284, 0.129157, 0, 0.396779, 0.131154, 0, 0, 0.338751
0.391, 0, 0, 0, 0.0639566, 1.2945, 0, 0.626687, 0.129168, 0, 0.397052, 0.131183, 0, 0, 0.338849
0.392, 0, 0, 0, 0.063557, 1.29585, 0, 0.626962, 0.129239, 0, 0.398386, 0.130784, 0, 0, 0.338996
0.393, 0, 0, 0, 0.0631447, 1.29511, 0, 0.626354, 0.129122, 0, 0.397944, 0.130658, 0, 0, 0.338701
0.394, 0, 0, 0, 0.0639886, 1.29449, 0, 0.626784, 0.12914, 0, 0.398226, 0.130687, 0, 0, 0.338801
0.395, 0, 0, 0, 0.0635702, 1.29584, 0, 0.627039, 0.129211, 0, 0.398384, 0.130756, 0, 0, 0.33894
0.396, 0, 0, 0, 0.0631437, 1.29518, 0, 0.62644, 0.129094, 0, 0.396796, 0.131106, 0, 0, 0.338647
0.397, 0, 0, 0, 0.0639675, 1.29449, 0, 0.626597, 0.12943, 0, 0.398207, 0.130661, 0, 0, 0.338744
0.398, 0, 0, 0, 0.0635717, 1.29587, 0, 0.626867, 0.129502, 0, 0.398391, 0.130733, 0, 0, 0.338897
0.399, 0, 0, 0, 0.0631333, 1.29521, 0, 0.626249, 0.129374, 0, 0.396792, 0.131083, 0, 0, 0.3386
0.4, 0, 0, 0, 0.0639616, 1.29452, 0, 0.626642, 0.129371, 0, 0.398207, 0.130637, 0, 0, 0.338698
0.401, 0, 0, 0, 0.0635663, 1.2959, 0, 0.626926, 0.129437, 0, 0.398391, 0.130709, 0, 0, 0.338853
0.402, 0, 0, 0, 0.0631286, 1.29523, 0, 0.626311, 0.129309, 0, 0.396792, 0.131061, 0, 0, 0.338556
0.403, 0, 0, 0, 0.0639567, 1.29455, 0, 0.626705, 0.129306, 0, 0.398208, 0.130614, 0, 0, 0.338656
0.404, 0, 0, 0, 0.0635615, 1.29592, 0, 0.62699, 0.129372, 0, 0.398392, 0.130687, 0, 0, 0.338811
0.405, 0, 0, 0, 0.0631252, 1.29525, 0, 0.626371, 0.129243, 0, 0.397939, 0.130563, 0, 0, 0.338516
0.406, 0, 0, 0, 0.063952, 1.29458, 0, 0.626771, 0.129245, 0, 0.3982, 0.130587, 0, 0, 0.338617
0.407, 0, 0, 0, 0.0635517, 1.29595, 0, 0.627053, 0.129311, 0, 0.397226, 0.131139, 0, 0, 0.338769
0.408, 0, 0, 0, 0.063121, 1.29527, 0, 0.626439, 0.129182, 0, 0.396788, 0.131021, 0, 0, 0.338476
0.409, 0, 0, 0, 0.0639512, 1.2946, 0, 0.626836, 0.129184, 0, 0.398212, 0.130574, 0, 0, 0.33858
0.41, 0, 0, 0, 0.0635505, 1.29597, 0, 0.627114, 0.129251, 0, 0.398394, 0.130645, 0, 0, 0.338734
0.411, 0, 0, 0, 0.0631173, 1.29529, 0, 0.626497, 0.129123, 0, 0.397943, 0.130522, 0, 0, 0.33836
0.412, 0, 0, 0, 0.0639443, 1.29462, 0, 0.626896, 0.129128, 0, 0.398206, 0.130547, 0, 0, 0.338456
0.413, 0, 0, 0, 0.0635445, 1.29599, 0, 0.627173, 0.129194, 0, 0.398381, 0.130619, 0, 0, 0.338604
0.414, 0, 0, 0, 0.0631143, 1.29532, 0, 0.62656, 0.129069, 0, 0.397932, 0.130499, 0, 0, 0.33831
0.415, 0, 0, 0, 0.0639382, 1.29465, 0, 0.626959, 0.129076, 0, 0.397045, 0.131002, 0, 0, 0.338412
0.416, 0, 0, 0, 0.0640717, 1.29516, 0, 0.627233, 0.129137, 0, 0.398375, 0.130604, 0, 0, 0.338565
0.417, 0, 0, 0, 0.0633198, 1.29587, 0, 0.626987, 0.1291, 0, 0.398191, 0.130566, 0, 0, 0.338465
0.418, 0, 0, 0, 0.0631627, 1.29538, 0, 0.626735, 0.129004, 0, 0.396862, 0.130949, 0, 0, 0.338288
0.419, 0, 0, 0, 0.0633796, 1.29551, 0, 0.627013, 0.129008, 0, 0.398199, 0.130498, 0, 0, 0.338365
0.42, 0, 0, 0, 0.0633276, 1.2955, 0, 0.626947, 0.128994, 0, 0.398139, 0.130489, 0, 0, 0.338339
0.421, 0, 0, 0, 0.0633436, 1.29549, 0, 0.626975, 0.128978, 0, 0.398143, 0.130481, 0, 0, 0.338329
0.422, 0, 0, 0, 0.0633521, 1.2955, 0, 0.627, 0.128964, 0, 0.398144, 0.130476, 0, 0, 0.338341
0.423, 0, 0, 0, 0.0638808, 1.29467, 0, 0.62702, 0.12895, 0, 0.396993, 0.130947, 0, 0, 0.338332
0.424, 0, 0, 0, 0.0640884, 1.29519, 0, 0.627397, 0.129014, 0, 0.398396, 0.130552, 0, 0, 0.338506
0.425, 0, 0, 0, 0.0638506, 1.29508, 0, 0.627142, 0.128979, 0, 0.398204, 0.130517, 0, 0, 0.338406
0.426, 0, 0, 0, 0.0633596, 1.29594, 0, 0.627237, 0.128966, 0, 0.398261, 0.130508, 0, 0, 0.338408
0.427, 0, 0, 0, 0.0631314, 1.29543, 0, 0.62688, 0.128871, 0, 0.397996, 0.130419, 0, 0, 0.338207
0.428, 0, 0, 0, 0.0633944, 1.29536, 0, 0.627173, 0.128882, 0, 0.397045, 0.130916, 0, 0, 0.338282
0.429, 0, 0, 0, 0.0634219, 1.29544, 0, 0.627194, 0.128887, 0, 0.398196, 0.13046, 0, 0, 0.338299
0.43, 0, 0, 0, 0.0634041, 1.29541, 0, 0.627163, 0.128873, 0, 0.398155, 0.130452, 0, 0, 0.338272
0.431, 0, 0, 0, 0.0639587, 1.29458, 0, 0.627201, 0.12886, 0, 0.398165, 0.130448, 0, 0, 0.338267
0.432, 0, 0, 0, 0.0641664, 1.29512, 0, 0.627577, 0.128931, 0, 0.398494, 0.130492, 0, 0, 0.338441
0.433, 0, 0, 0, 0.063396, 1.29584, 0, 0.627316, 0.1289, 0, 0.397157, 0.13093, 0, 0, 0.338337
0.434, 0, 0, 0, 0.0632396, 1.29532, 0, 0.627049, 0.128803, 0, 0.398109, 0.130371, 0, 0, 0.338156
0.435, 0, 0, 0, 0.0634585, 1.29549, 0, 0.627334, 0.128818, 0, 0.398406, 0.130351, 0, 0, 0.338238
0.436, 0, 0, 0, 0.0639255, 1.29463, 0, 0.627251, 0.128804, 0, 0.398331, 0.13034, 0, 0, 0.338203
0.437, 0, 0, 0, 0.0636232, 1.29599, 0, 0.62766, 0.128876, 0, 0.398593, 0.130416, 0, 0, 0.338381
0.438, 0, 0, 0, 0.0631826, 1.29535, 0, 0.627039, 0.128763, 0, 0.397, 0.130774, 0, 0, 0.338095
0.439, 0, 0, 0, 0.0640008, 1.29465, 0, 0.627411, 0.128771, 0, 0.398393, 0.130331, 0, 0, 0.338192
0.44, 0, 0, 0, 0.0641408, 1.29519, 0, 0.627696, 0.128848, 0, 0.398577, 0.130409, 0, 0, 0.338353
0.441, 0, 0, 0, 0.0633776, 1.29588, 0, 0.627429, 0.128814, 0, 0.398376, 0.130371, 0, 0, 0.338247
0.442, 0, 0, 0, 0.0632281, 1.29539, 0, 0.62718, 0.128727, 0, 0.397051, 0.130759, 0, 0, 0.338072
0.443, 0, 0, 0, 0.063443, 1.29552, 0, 0.627447, 0.128738, 0, 0.39837, 0.130315, 0, 0, 0.33815
0.444, 0, 0, 0, 0.0633913, 1.29552, 0, 0.627375, 0.128731, 0, 0.398307, 0.130308, 0, 0, 0.338124
0.445, 0, 0, 0, 0.0634079, 1.29551, 0, 0.627397, 0.128722, 0, 0.398309, 0.130307, 0, 0, 0.338114
0.446, 0, 0, 0, 0.0639469, 1.29468, 0, 0.627416, 0.128714, 0, 0.398306, 0.130304, 0, 0, 0.338109
0.447, 0, 0, 0, 0.0641516, 1.29521, 0, 0.627788, 0.128789, 0, 0.398551, 0.130383, 0, 0, 0.338282
0.448, 0, 0, 0, 0.0633807, 1.29593, 0, 0.627524, 0.128761, 0, 0.397217, 0.130822, 0, 0, 0.338179
0.449, 0, 0, 0, 0.0632221, 1.29542, 0, 0.627255, 0.12867, 0, 0.397029, 0.130741, 0, 0, 0.338
0.45, 0, 0, 0, 0.0634422, 1.29557, 0, 0.627532, 0.128685, 0, 0.398359, 0.130299, 0, 0, 0.338085
0.451, 0, 0, 0, 0.0639132, 1.29472, 0, 0.627451, 0.128677, 0, 0.398291, 0.130291, 0, 0, 0.33805
0.452, 0, 0, 0, 0.0641368, 1.29523, 0, 0.627838, 0.128751, 0, 0.398549, 0.130369, 0, 0, 0.33824
0.453, 0, 0, 0, 0.0633748, 1.29595, 0, 0.627574, 0.128725, 0, 0.398353, 0.130337, 0, 0, 0.338145
0.454, 0, 0, 0, 0.0632228, 1.29554, 0, 0.627304, 0.128637, 0, 0.398166, 0.130249, 0, 0, 0.33797
0.455, 0, 0, 0, 0.0634041, 1.29564, 0, 0.627539, 0.128645, 0, 0.398322, 0.130264, 0, 0, 0.338033
0.456, 0, 0, 0, 0.0633621, 1.29564, 0, 0.627484, 0.128639, 0, 0.39827, 0.130261, 0, 0, 0.338015
0.457, 0, 0, 0, 0.063372, 1.29563, 0, 0.627499, 0.128633, 0, 0.398268, 0.130258, 0, 0, 0.338013
0.458, 0, 0, 0, 0.0639077, 1.2948, 0, 0.627514, 0.128626, 0, 0.398263, 0.130258, 0, 0, 0.338011
0.459, 0, 0, 0, 0.0641116, 1.29533, 0, 0.627884, 0.128703, 0, 0.398509, 0.130338, 0, 0, 0.33818
0.46, 0, 0, 0, 0.0633418, 1.29604, 0, 0.627612, 0.128675, 0, 0.398309, 0.130307, 0, 0, 0.338114
0.461, 0, 0, 0, 0.0631818, 1.29555, 0, 0.627348, 0.12859, 0, 0.396987, 0.130693, 0, 0, 0.33794
0.462, 0, 0, 0, 0.0633966, 1.29568, 0, 0.627619, 0.128606, 0, 0.397178, 0.130724, 0, 0, 0.33802
0.463, 0, 0, 0, 0.0638758, 1.29482, 0, 0.627538, 0.128597, 0, 0.398164, 0.130276, 0, 0, 0.337998
0.464, 0, 0, 0, 0.0641018, 1.29535, 0, 0.627926, 0.128676, 0, 0.398422, 0.130359, 0, 0, 0.338179
0.465, 0, 0, 0, 0.0633351, 1.29606, 0, 0.627653, 0.12865, 0, 0.398223, 0.130326, 0, 0, 0.338075
0.466, 0, 0, 0, 0.063179, 1.29555, 0, 0.627383, 0.128563, 0, 0.398029, 0.13024, 0, 0, 0.337897
0.467, 0, 0, 0, 0.0633974, 1.2957, 0, 0.627657, 0.128582, 0, 0.398214, 0.130266, 0, 0, 0.337983
0.468, 0, 0, 0, 0.0633414, 1.29568, 0, 0.627573, 0.128577, 0, 0.398144, 0.130261, 0, 0, 0.337953
0.469, 0, 0, 0, 0.063364, 1.29567, 0, 0.627597, 0.128572, 0, 0.398152, 0.130259, 0, 0, 0.337945
0.47, 0, 0, 0, 0.0639019, 1.29484, 0, 0.627609, 0.128568, 0, 0.398149, 0.130259, 0, 0, 0.337939
0.471, 0, 0, 0, 0.0641077, 1.29537, 0, 0.627977, 0.128646, 0, 0.398397, 0.130339, 0, 0, 0.338115
0.472, 0, 0, 0, 0.0638688, 1.29524, 0, 0.627706, 0.128618, 0, 0.398196, 0.130308, 0, 0, 0.338014
0.473, 0, 0, 0, 0.0633942, 1.29606, 0, 0.627798, 0.128615, 0, 0.398257, 0.130305, 0, 0, 0.338022
0.474, 0, 0, 0, 0.0631751, 1.29558, 0, 0.627447, 0.128535, 0, 0.396882, 0.130691, 0, 0, 0.337833
0.475, 0, 0, 0, 0.0633966, 1.29569, 0, 0.62771, 0.128549, 0, 0.398193, 0.130252, 0, 0, 0.337907
0.476, 0, 0, 0, 0.063355, 1.29569, 0, 0.627642, 0.128548, 0, 0.398141, 0.130249, 0, 0, 0.337887
0.477, 0, 0, 0, 0.0633697, 1.29567, 0, 0.627653, 0.128543, 0, 0.398142, 0.130244, 0, 0, 0.337876
0.478, 0, 0, 0, 0.0633803, 1.29568, 0, 0.627667, 0.128542, 0, 0.398145, 0.130243, 0, 0, 0.337872
0.479, 0, 0, 0, 0.063911, 1.29484, 0, 0.627671, 0.128536, 0, 0.398138, 0.130242, 0, 0, 0.337865
0.48, 0, 0, 0, 0.0641185, 1.29537, 0, 0.628042, 0.128615, 0, 0.39839, 0.130322, 0, 0, 0.338045
0.481, 0, 0, 0, 0.0633472, 1.29608, 0, 0.627767, 0.12859, 0, 0.398191, 0.13029, 0, 0, 0.337925
0.482, 0, 0, 0, 0.0631866, 1.29558, 0, 0.627499, 0.128506, 0, 0.39688, 0.130672, 0, 0, 0.33775
0.483, 0, 0, 0, 0.0634038, 1.29572, 0, 0.627765, 0.128523, 0, 0.398191, 0.130237, 0, 0, 0.337833
0.484, 0, 0, 0, 0.0638806, 1.29487, 0, 0.627685, 0.128519, 0, 0.398129, 0.130232, 0, 0, 0.337812
0.485, 0, 0, 0, 0.0641028, 1.29538, 0, 0.628065, 0.128597, 0, 0.398389, 0.130311, 0, 0, 0.337994
0.486, 0, 0, 0, 0.063341, 1.2961, 0, 0.627795, 0.128574, 0, 0.398196, 0.13028, 0, 0, 0.337901
0.487, 0, 0, 0, 0.0630565, 1.29468, 0, 0.626716, 0.128091, 0, 0.398371, 0.129788, 0, 0, 0.337504
0.488, 0, 0, 0, 0.0635102, 1.29708, 0, 0.628749, 0.128938, 0, 0.398281, 0.130605, 0, 0, 0.338149
0.489, 0, 0, 0, 0.0629264, 1.29537, 0, 0.627348, 0.12852, 0, 0.397596, 0.13024, 0, 0, 0.337612
0.49, 0, 0, 0, 0.0641755, 1.29484, 0, 0.62802, 0.128497, 0, 0.398359, 0.130207, 0, 0, 0.337864
0.491, 0, 0, 0, 0.0636563, 1.29622, 0, 0.628093, 0.128578, 0, 0.398494, 0.130264, 0, 0, 0.337993
0.492, 0, 0, 0, 0.0637239, 1.2947, 0, 0.627446, 0.128467, 0, 0.397913, 0.130193, 0, 0, 0.337696
0.493, 0, 0, 0, 0.0636704, 1.29625, 0, 0.628191, 0.128576, 0, 0.39842, 0.130314, 0, 0, 0.337989
0.494, 0, 0, 0, 0.0631254, 1.2956, 0, 0.627445, 0.12847, 0, 0.396768, 0.130666, 0, 0, 0.337681
0.495, 0, 0, 0, 0.0634166, 1.29572, 0, 0.627822, 0.128486, 0, 0.398152, 0.130233, 0, 0, 0.337782
0.496, 0, 0, 0, 0.0638814, 1.2949, 0, 0.627742, 0.128486, 0, 0.39809, 0.130233, 0, 0, 0.337766
0.497, 0, 0, 0, 0.0635592, 1.29625, 0, 0.628108, 0.128565, 0, 0.398344, 0.13031, 0, 0, 0.337943
0.498, 0, 0, 0, 0.0636561, 1.29476, 0, 0.627484, 0.128457, 0, 0.3979, 0.130198, 0, 0, 0.337667
0.499, 0, 0, 0, 0.0636168, 1.29628, 0, 0.628213, 0.128562, 0, 0.398411, 0.130308, 0, 0, 0.337958
0.5, 0, 0, 0, 0.0631047, 1.29561, 0, 0.627477, 0.128455, 0, 0.397735, 0.130315, 0, 0, 0.337657
0.501, 0, 0, 0, 0.0634076, 1.29575, 0, 0.627856, 0.128475, 0, 0.397988, 0.130344, 0, 0, 0.337786
0.502, 0, 0, 0, 0.063878, 1.29491, 0, 0.62777, 0.128473, 0, 0.397919, 0.130339, 0, 0, 0.337767
0.503, 0, 0, 0, 0.0640967, 1.29542, 0, 0.628142, 0.128551, 0, 0.398176, 0.130413, 0, 0, 0.337946
0.504, 0, 0, 0, 0.0633383, 1.29614, 0, 0.627876, 0.128529, 0, 0.397989, 0.130378, 0, 0, 0.337857
0.505, 0, 0, 0, 0.0631796, 1.29563, 0, 0.627598, 0.128445, 0, 0.397797, 0.130289, 0, 0, 0.337682
0.506, 0, 0, 0, 0.0635204, 1.29549, 0, 0.627665, 0.128403, 0, 0.397992, 0.130241, 0, 0, 0.337716
0.507, 0, 0, 0, 0.0635461, 1.29571, 0, 0.627768, 0.128461, 0, 0.397978, 0.130296, 0, 0, 0.337768
0.508, 0, 0, 0, 0.0635175, 1.29558, 0, 0.627667, 0.128448, 0, 0.397865, 0.130288, 0, 0, 0.337724
0.509, 0, 0, 0, 0.0641278, 1.29474, 0, 0.627715, 0.128436, 0, 0.39791, 0.130281, 0, 0, 0.337739
0.51, 0, 0, 0, 0.0643455, 1.29525, 0, 0.628048, 0.128508, 0, 0.398173, 0.130347, 0, 0, 0.337917
0.511, 0, 0, 0, 0.0635822, 1.29595, 0, 0.627755, 0.128478, 0, 0.39799, 0.130304, 0, 0, 0.337817
0.512, 0, 0, 0, 0.063424, 1.29545, 0, 0.627473, 0.128391, 0, 0.3967, 0.130673, 0, 0, 0.337691
0.513, 0, 0, 0, 0.0636433, 1.29557, 0, 0.627724, 0.128405, 0, 0.398008, 0.130234, 0, 0, 0.337771
0.514, 0, 0, 0, 0.0641176, 1.29474, 0, 0.627648, 0.128404, 0, 0.397953, 0.13023, 0, 0, 0.337751
0.515, 0, 0, 0, 0.0638057, 1.29608, 0, 0.628013, 0.128483, 0, 0.398214, 0.130304, 0, 0, 0.337928
0.516, 0, 0, 0, 0.0633747, 1.29543, 0, 0.62738, 0.128376, 0, 0.397772, 0.130189, 0, 0, 0.33765
0.517, 0, 0, 0, 0.0641944, 1.29474, 0, 0.627743, 0.128395, 0, 0.39803, 0.130214, 0, 0, 0.337754
0.518, 0, 0, 0, 0.0638037, 1.2961, 0, 0.628009, 0.128478, 0, 0.398218, 0.130291, 0, 0, 0.337917
0.519, 0, 0, 0, 0.0633739, 1.29542, 0, 0.627373, 0.128368, 0, 0.397776, 0.130172, 0, 0, 0.337633
0.52, 0, 0, 0, 0.063671, 1.29558, 0, 0.62775, 0.128393, 0, 0.398045, 0.130201, 0, 0, 0.337743
0.521, 0, 0, 0, 0.06413, 1.29474, 0, 0.62765, 0.128391, 0, 0.397969, 0.130197, 0, 0, 0.33772
0.522, 0, 0, 0, 0.0643523, 1.29525, 0, 0.628025, 0.128469, 0, 0.398234, 0.130275, 0, 0, 0.337901
0.523, 0, 0, 0, 0.0635907, 1.29596, 0, 0.627755, 0.128449, 0, 0.398049, 0.130243, 0, 0, 0.33781
0.524, 0, 0, 0, 0.0634109, 1.29547, 0, 0.62747, 0.128361, 0, 0.397875, 0.130149, 0, 0, 0.337634
0.525, 0, 0, 0, 0.0636193, 1.29562, 0, 0.627745, 0.128388, 0, 0.398066, 0.130177, 0, 0, 0.337721
0.526, 0, 0, 0, 0.063559, 1.2956, 0, 0.627661, 0.128389, 0, 0.397997, 0.130175, 0, 0, 0.337697
0.527, 0, 0, 0, 0.0635827, 1.29559, 0, 0.627685, 0.12839, 0, 0.39801, 0.130176, 0, 0, 0.337698
0.528, 0, 0, 0, 0.064121, 1.29476, 0, 0.627695, 0.128391, 0, 0.398012, 0.130177, 0, 0, 0.337701
0.529, 0, 0, 0, 0.0643246, 1.29529, 0, 0.628062, 0.128475, 0, 0.397168, 0.130718, 0, 0, 0.337884
0.53, 0, 0, 0, 0.0635556, 1.29599, 0, 0.627781, 0.128451, 0, 0.398089, 0.130229, 0, 0, 0.337789
0.531, 0, 0, 0, 0.0633975, 1.2955, 0, 0.627514, 0.128372, 0, 0.397911, 0.130144, 0, 0, 0.337622
0.532, 0, 0, 0, 0.0636078, 1.29564, 0, 0.627774, 0.128395, 0, 0.3981, 0.130167, 0, 0, 0.337706
0.533, 0, 0, 0, 0.0635499, 1.29562, 0, 0.62769, 0.128395, 0, 0.398045, 0.130161, 0, 0, 0.337684
0.534, 0, 0, 0, 0.0640957, 1.29477, 0, 0.627708, 0.128392, 0, 0.398056, 0.130162, 0, 0, 0.337684
0.535, 0, 0, 0, 0.063771, 1.29615, 0, 0.628082, 0.12848, 0, 0.39832, 0.130244, 0, 0, 0.337871
0.536, 0, 0, 0, 0.0639949, 1.294, 0, 0.627444, 0.128375, 0, 0.39787, 0.130131, 0, 0, 0.33759
0.537, 0, 0, 0, 0.0641397, 1.29592, 0, 0.628468, 0.128547, 0, 0.39859, 0.130307, 0, 0, 0.338031
0.538, 0, 0, 0, 0.0634535, 1.29515, 0, 0.627516, 0.128427, 0, 0.39792, 0.130171, 0, 0, 0.337664
0.539, 0, 0, 0, 0.0638, 1.29531, 0, 0.627967, 0.128452, 0, 0.398236, 0.130202, 0, 0, 0.337786
0.54, 0, 0, 0, 0.0642591, 1.29448, 0, 0.62787, 0.128455, 0, 0.39816, 0.130202, 0, 0, 0.337768
0.541, 0, 0, 0, 0.0639454, 1.29583, 0, 0.628238, 0.128537, 0, 0.398419, 0.13028, 0, 0, 0.337948
0.542, 0, 0, 0, 0.0640461, 1.29434, 0, 0.62761, 0.128432, 0, 0.397978, 0.130168, 0, 0, 0.337673
0.543, 0, 0, 0, 0.0640081, 1.29586, 0, 0.628335, 0.128539, 0, 0.398492, 0.130278, 0, 0, 0.337964
0.544, 0, 0, 0, 0.0634969, 1.2952, 0, 0.627594, 0.128435, 0, 0.397973, 0.130162, 0, 0, 0.337665
0.545, 0, 0, 0, 0.0638038, 1.29535, 0, 0.627945, 0.128448, 0, 0.398248, 0.130178, 0, 0, 0.337763
0.546, 0, 0, 0, 0.0637263, 1.29537, 0, 0.627859, 0.128455, 0, 0.398177, 0.13018, 0, 0, 0.337744
0.547, 0, 0, 0, 0.0642621, 1.29451, 0, 0.627864, 0.128451, 0, 0.398171, 0.130178, 0, 0, 0.337737
0.548, 0, 0, 0, 0.0644807, 1.29505, 0, 0.628242, 0.128535, 0, 0.398433, 0.130262, 0, 0, 0.337926
0.549, 0, 0, 0, 0.0637077, 1.29576, 0, 0.627956, 0.128513, 0, 0.398235, 0.130229, 0, 0, 0.33783
0.55, 0, 0, 0, 0.0635534, 1.29525, 0, 0.62768, 0.12843, 0, 0.398046, 0.130145, 0, 0, 0.33766
0.551, 0, 0, 0, 0.0637731, 1.2954, 0, 0.627945, 0.128453, 0, 0.398236, 0.130171, 0, 0, 0.337747
0.552, 0, 0, 0, 0.0637229, 1.29533, 0, 0.627809, 0.128434, 0, 0.398187, 0.130146, 0, 0, 0.337712
0.553, 0, 0, 0, 0.0642943, 1.29454, 0, 0.627875, 0.128452, 0, 0.398196, 0.130166, 0, 0, 0.33773
0.554, 0, 0, 0, 0.064494, 1.29504, 0, 0.628217, 0.128531, 0, 0.398426, 0.130248, 0, 0, 0.337907
0.555, 0, 0, 0, 0.0637405, 1.29575, 0, 0.627946, 0.128509, 0, 0.398241, 0.130216, 0, 0, 0.337816
0.556, 0, 0, 0, 0.0636317, 1.29517, 0, 0.627621, 0.128414, 0, 0.398037, 0.130121, 0, 0, 0.337636
0.557, 0, 0, 0, 0.063877, 1.29536, 0, 0.627919, 0.128445, 0, 0.398248, 0.130156, 0, 0, 0.337741
0.558, 0, 0, 0, 0.0638037, 1.29533, 0, 0.627799, 0.12844, 0, 0.398165, 0.130147, 0, 0, 0.337709
0.559, 0, 0, 0, 0.0643267, 1.29454, 0, 0.62786, 0.128446, 0, 0.398196, 0.130153, 0, 0, 0.337718
0.56, 0, 0, 0, 0.0645202, 1.29503, 0, 0.628193, 0.128519, 0, 0.398436, 0.130227, 0, 0, 0.337889
0.561, 0, 0, 0, 0.0637675, 1.29575, 0, 0.627933, 0.1285, 0, 0.398255, 0.130199, 0, 0, 0.337802
0.562, 0, 0, 0, 0.0636398, 1.29519, 0, 0.627617, 0.12841, 0, 0.398046, 0.13011, 0, 0, 0.337624
0.563, 0, 0, 0, 0.0638967, 1.29525, 0, 0.627934, 0.12845, 0, 0.39824, 0.130156, 0, 0, 0.337732
0.564, 0, 0, 0, 0.0639257, 1.29518, 0, 0.627811, 0.128439, 0, 0.398191, 0.130143, 0, 0, 0.337716
0.565, 0, 0, 0, 0.0639566, 1.29521, 0, 0.627835, 0.128443, 0, 0.398219, 0.130143, 0, 0, 0.337728
0.566, 0, 0, 0, 0.0644763, 1.29437, 0, 0.627815, 0.128437, 0, 0.398209, 0.130138, 0, 0, 0.337866
0.567, 0, 0, 0, 0.0646838, 1.2949, 0, 0.628185, 0.128519, 0, 0.39847, 0.130219, 0, 0, 0.338051
0.568, 0, 0, 0, 0.0639061, 1.29562, 0, 0.627902, 0.128496, 0, 0.398275, 0.130187, 0, 0, 0.337953
0.569, 0, 0, 0, 0.0637426, 1.29512, 0, 0.627626, 0.128413, 0, 0.398084, 0.130104, 0, 0, 0.337779
0.57, 0, 0, 0, 0.0639546, 1.29527, 0, 0.627892, 0.128437, 0, 0.398271, 0.130132, 0, 0, 0.337863
0.571, 0, 0, 0, 0.0638945, 1.29525, 0, 0.627802, 0.128436, 0, 0.398205, 0.130129, 0, 0, 0.337837
0.572, 0, 0, 0, 0.0644498, 1.29439, 0, 0.627819, 0.128434, 0, 0.398214, 0.130129, 0, 0, 0.337834
0.573, 0, 0, 0, 0.0646666, 1.29493, 0, 0.628194, 0.128519, 0, 0.398475, 0.130215, 0, 0, 0.338022
0.574, 0, 0, 0, 0.0638901, 1.29564, 0, 0.627906, 0.128497, 0, 0.398274, 0.130183, 0, 0, 0.337923
0.575, 0, 0, 0, 0.0637332, 1.29514, 0, 0.627633, 0.128416, 0, 0.398085, 0.130101, 0, 0, 0.337751
0.576, 0, 0, 0, 0.0639493, 1.29529, 0, 0.627896, 0.128439, 0, 0.398274, 0.130128, 0, 0, 0.337836
0.577, 0, 0, 0, 0.0638929, 1.29527, 0, 0.627806, 0.128439, 0, 0.398209, 0.130125, 0, 0, 0.337812
0.578, 0, 0, 0, 0.0644462, 1.29442, 0, 0.627823, 0.128438, 0, 0.398218, 0.130125, 0, 0, 0.33781
0.579, 0, 0, 0, 0.0641274, 1.2958, 0, 0.628192, 0.128525, 0, 0.398476, 0.130209, 0, 0, 0.337996
0.58, 0, 0, 0, 0.0642124, 1.2943, 0, 0.627545, 0.128417, 0, 0.398021, 0.130096, 0, 0, 0.337714
0.581, 0, 0, 0, 0.0641772, 1.29582, 0, 0.628277, 0.128526, 0, 0.398538, 0.130208, 0, 0, 0.338007
0.582, 0, 0, 0, 0.06366, 1.29516, 0, 0.627535, 0.128422, 0, 0.398015, 0.130094, 0, 0, 0.337707
0.583, 0, 0, 0, 0.0639599, 1.2953, 0, 0.627909, 0.128444, 0, 0.39828, 0.130122, 0, 0, 0.337811
0.584, 0, 0, 0, 0.06443, 1.29446, 0, 0.627819, 0.128445, 0, 0.398213, 0.130122, 0, 0, 0.337793
0.585, 0, 0, 0, 0.064116, 1.29581, 0, 0.628187, 0.128528, 0, 0.398472, 0.130203, 0, 0, 0.337974
0.586, 0, 0, 0, 0.063679, 1.29516, 0, 0.627555, 0.128426, 0, 0.398027, 0.130092, 0, 0, 0.337698
0.587, 0, 0, 0, 0.0644806, 1.29461, 0, 0.627917, 0.128448, 0, 0.398282, 0.130122, 0, 0, 0.337804
0.588, 0, 0, 0, 0.0640401, 1.2959, 0, 0.628127, 0.128521, 0, 0.398429, 0.130189, 0, 0, 0.33794
0.589, 0, 0, 0, 0.0636275, 1.29526, 0, 0.627537, 0.12842, 0, 0.39801, 0.130081, 0, 0, 0.337671
0.59, 0, 0, 0, 0.0644375, 1.29457, 0, 0.627894, 0.128441, 0, 0.398263, 0.13011, 0, 0, 0.337776
0.591, 0, 0, 0, 0.0640409, 1.29593, 0, 0.628159, 0.128526, 0, 0.398449, 0.130191, 0, 0, 0.337941
0.592, 0, 0, 0, 0.063608, 1.29526, 0, 0.627522, 0.12842, 0, 0.398004, 0.130076, 0, 0, 0.337659
0.593, 0, 0, 0, 0.0644347, 1.29458, 0, 0.6279, 0.128444, 0, 0.398268, 0.130109, 0, 0, 0.337771
0.594, 0, 0, 0, 0.0640354, 1.29594, 0, 0.628159, 0.12853, 0, 0.398448, 0.130189, 0, 0, 0.337935
0.595, 0, 0, 0, 0.0636047, 1.29526, 0, 0.627526, 0.128424, 0, 0.398005, 0.130075, 0, 0, 0.337654
0.596, 0, 0, 0, 0.0639001, 1.29543, 0, 0.627901, 0.12845, 0, 0.398271, 0.130106, 0, 0, 0.337765
0.597, 0, 0, 0, 0.064359, 1.29458, 0, 0.6278, 0.12845, 0, 0.398195, 0.130106, 0, 0, 0.337744
0.598, 0, 0, 0, 0.0645799, 1.29509, 0, 0.628175, 0.128531, 0, 0.398456, 0.130187, 0, 0, 0.337928
0.599, 0, 0, 0, 0.063816, 1.29581, 0, 0.627904, 0.128512, 0, 0.398267, 0.130159, 0, 0, 0.337838
0.6, 0, 0, 0, 0.0636547, 1.2953, 0, 0.627623, 0.128431, 0, 0.398073, 0.130075, 0, 0, 0.337667
0.601, 0, 0, 0, 0.0638725, 1.29545, 0, 0.627892, 0.128456, 0, 0.398263, 0.130104, 0, 0, 0.337755
0.602, 0, 0, 0, 0.0638151, 1.29542, 0, 0.627801, 0.128456, 0, 0.398197, 0.130101, 0, 0, 0.337733
0.603, 0, 0, 0, 0.0638366, 1.29541, 0, 0.627818, 0.128457, 0, 0.398209, 0.130101, 0, 0, 0.337734
0.604, 0, 0, 0, 0.0643744, 1.29458, 0, 0.627825, 0.128458, 0, 0.398211, 0.130103, 0, 0, 0.337736
0.605, 0, 0, 0, 0.0645798, 1.29511, 0, 0.628188, 0.128541, 0, 0.398463, 0.130186, 0, 0, 0.337921
0.606, 0, 0, 0, 0.0638086, 1.29582, 0, 0.62791, 0.12852, 0, 0.398269, 0.130156, 0, 0, 0.337828
0.607, 0, 0, 0, 0.0636486, 1.29531, 0, 0.627633, 0.128439, 0, 0.398078, 0.130073, 0, 0, 0.337658
0.608, 0, 0, 0, 0.063864, 1.29546, 0, 0.6279, 0.128464, 0, 0.398267, 0.130102, 0, 0, 0.337746
0.609, 0, 0, 0, 0.0638061, 1.29544, 0, 0.627809, 0.128464, 0, 0.398201, 0.130099, 0, 0, 0.337724
0.61, 0, 0, 0, 0.0643592, 1.29459, 0, 0.627828, 0.128462, 0, 0.398212, 0.1301, 0, 0, 0.337726
0.611, 0, 0, 0, 0.0645715, 1.29512, 0, 0.628198, 0.128547, 0, 0.398469, 0.130184, 0, 0, 0.337914
0.612, 0, 0, 0, 0.0637986, 1.29583, 0, 0.627915, 0.128526, 0, 0.398271, 0.130154, 0, 0, 0.33782
0.613, 0, 0, 0, 0.0636411, 1.29533, 0, 0.62764, 0.128445, 0, 0.398082, 0.130071, 0, 0, 0.33765
0.614, 0, 0, 0, 0.0638572, 1.29547, 0, 0.627907, 0.12847, 0, 0.39827, 0.130099, 0, 0, 0.337739
0.615, 0, 0, 0, 0.0637997, 1.29545, 0, 0.627817, 0.128469, 0, 0.398205, 0.130097, 0, 0, 0.337717
0.616, 0, 0, 0, 0.0643528, 1.2946, 0, 0.627836, 0.128468, 0, 0.398215, 0.130098, 0, 0, 0.337719
0.617, 0, 0, 0, 0.0640334, 1.29597, 0, 0.628204, 0.128555, 0, 0.398474, 0.130181, 0, 0, 0.337907
0.618, 0, 0, 0, 0.0641179, 1.29447, 0, 0.627559, 0.128448, 0, 0.398019, 0.130069, 0, 0, 0.337627
0.619, 0, 0, 0, 0.0640812, 1.29599, 0, 0.628291, 0.128556, 0, 0.398536, 0.130181, 0, 0, 0.337922
0.62, 0, 0, 0, 0.0635637, 1.29533, 0, 0.627548, 0.128452, 0, 0.398013, 0.130068, 0, 0, 0.337623
0.621, 0, 0, 0, 0.0638637, 1.29547, 0, 0.627923, 0.128474, 0, 0.39828, 0.130096, 0, 0, 0.33773
0.622, 0, 0, 0, 0.0643324, 1.29463, 0, 0.627834, 0.128475, 0, 0.398212, 0.130097, 0, 0, 0.337714
0.623, 0, 0, 0, 0.0640181, 1.29598, 0, 0.628202, 0.128558, 0, 0.398471, 0.130178, 0, 0, 0.337896
0.624, 0, 0, 0, 0.0635819, 1.29533, 0, 0.627569, 0.128455, 0, 0.398027, 0.130067, 0, 0, 0.337622
0.625, 0, 0, 0, 0.0643982, 1.29464, 0, 0.627933, 0.128477, 0, 0.398282, 0.130097, 0, 0, 0.337729
0.626, 0, 0, 0, 0.0640034, 1.296, 0, 0.628199, 0.128562, 0, 0.398468, 0.130178, 0, 0, 0.337895
0.627, 0, 0, 0, 0.063572, 1.29532, 0, 0.627561, 0.128455, 0, 0.398022, 0.130064, 0, 0, 0.337614
0.628, 0, 0, 0, 0.0643996, 1.29464, 0, 0.62794, 0.128479, 0, 0.398288, 0.130096, 0, 0, 0.337728
0.629, 0, 0, 0, 0.0639954, 1.29601, 0, 0.628206, 0.128566, 0, 0.398468, 0.130179, 0, 0, 0.337893
0.63, 0, 0, 0, 0.063561, 1.29533, 0, 0.627567, 0.128457, 0, 0.398022, 0.130063, 0, 0, 0.33761
0.631, 0, 0, 0, 0.0643906, 1.29465, 0, 0.627948, 0.128481, 0, 0.39829, 0.130096, 0, 0, 0.337725
0.632, 0, 0, 0, 0.0639903, 1.29601, 0, 0.628206, 0.128566, 0, 0.39847, 0.130177, 0, 0, 0.337889
0.633, 0, 0, 0, 0.0635591, 1.29534, 0, 0.627573, 0.12846, 0, 0.398026, 0.130063, 0, 0, 0.337608
0.634, 0, 0, 0, 0.0638542, 1.2955, 0, 0.627948, 0.128485, 0, 0.398292, 0.130095, 0, 0, 0.337721
0.635, 0, 0, 0, 0.0643129, 1.29465, 0, 0.627846, 0.128484, 0, 0.398215, 0.130094, 0, 0, 0.3377
0.636, 0, 0, 0, 0.0645337, 1.29516, 0, 0.628223, 0.128565, 0, 0.398477, 0.130176, 0, 0, 0.337884
0.637, 0, 0, 0, 0.0637696, 1.29588, 0, 0.62795, 0.128546, 0, 0.398287, 0.130147, 0, 0, 0.337795
0.638, 0, 0, 0, 0.0636086, 1.29537, 0, 0.62767, 0.128464, 0, 0.398093, 0.130064, 0, 0, 0.337624
0.639, 0, 0, 0, 0.0638313, 1.29551, 0, 0.627933, 0.128487, 0, 0.398281, 0.130092, 0, 0, 0.337712
0.64, 0, 0, 0, 0.0637779, 1.29549, 0, 0.627846, 0.128487, 0, 0.398217, 0.13009, 0, 0, 0.337693
0.641, 0, 0, 0, 0.0637985, 1.29547, 0, 0.627859, 0.128487, 0, 0.398227, 0.13009, 0, 0, 0.337693
0.642, 0, 0, 0, 0.064338, 1.29464, 0, 0.627866, 0.128487, 0, 0.398229, 0.130092, 0, 0, 0.337696
0.643, 0, 0, 0, 0.0645439, 1.29517, 0, 0.628228, 0.128569, 0, 0.398482, 0.130174, 0, 0, 0.337881
0.644, 0, 0, 0, 0.063773, 1.29588, 0, 0.627949, 0.128548, 0, 0.398288, 0.130144, 0, 0, 0.337788
0.645, 0, 0, 0, 0.0636132, 1.29537, 0, 0.627672, 0.128466, 0, 0.398097, 0.130061, 0, 0, 0.337618
0.646, 0, 0, 0, 0.0638291, 1.29552, 0, 0.627938, 0.128489, 0, 0.398285, 0.13009, 0, 0, 0.337707
0.647, 0, 0, 0, 0.063772, 1.29549, 0, 0.627848, 0.128488, 0, 0.398219, 0.130087, 0, 0, 0.337685
0.648, 0, 0, 0, 0.0643283, 1.29463, 0, 0.62786, 0.128484, 0, 0.398229, 0.130086, 0, 0, 0.337686
0.649, 0, 0, 0, 0.0645434, 1.29517, 0, 0.628235, 0.12857, 0, 0.398487, 0.130172, 0, 0, 0.337877
0.65, 0, 0, 0, 0.0637685, 1.29588, 0, 0.627949, 0.128549, 0, 0.398287, 0.130142, 0, 0, 0.337782
0.651, 0, 0, 0, 0.0636132, 1.29537, 0, 0.627675, 0.128466, 0, 0.398098, 0.130059, 0, 0, 0.337613
0.652, 0, 0, 0, 0.06383, 1.29552, 0, 0.627941, 0.12849, 0, 0.398286, 0.130088, 0, 0, 0.337702
0.653, 0, 0, 0, 0.0637732, 1.29549, 0, 0.62785, 0.128489, 0, 0.398221, 0.130085, 0, 0, 0.33768
0.654, 0, 0, 0, 0.0643271, 1.29464, 0, 0.627868, 0.128487, 0, 0.398231, 0.130086, 0, 0, 0.337682
0.655, 0, 0, 0, 0.0645399, 1.29518, 0, 0.628237, 0.128571, 0, 0.398487, 0.13017, 0, 0, 0.337871
0.656, 0, 0, 0, 0.0637956, 1.29572, 0, 0.62795, 0.128548, 0, 0.39829, 0.130139, 0, 0, 0.337776
0.657, 0, 0, 0, 0.0636943, 1.29531, 0, 0.627745, 0.128482, 0, 0.398148, 0.130072, 0, 0, 0.337643
0.658, 0, 0, 0, 0.0638783, 1.29543, 0, 0.627963, 0.128502, 0, 0.398301, 0.130097, 0, 0, 0.337717
0.659, 0, 0, 0, 0.0638367, 1.2954, 0, 0.627888, 0.128501, 0, 0.398248, 0.130095, 0, 0, 0.337699
0.66, 0, 0, 0, 0.0638584, 1.2954, 0, 0.627903, 0.128502, 0, 0.398258, 0.130095, 0, 0, 0.337701
0.661, 0, 0, 0, 0.064397, 1.29456, 0, 0.627908, 0.128501, 0, 0.398259, 0.130097, 0, 0, 0.337703
0.662, 0, 0, 0, 0.0646036, 1.29509, 0, 0.628271, 0.128583, 0, 0.398511, 0.13018, 0, 0, 0.337888
0.663, 0, 0, 0, 0.0638324, 1.2958, 0, 0.627992, 0.128562, 0, 0.398316, 0.130149, 0, 0, 0.337795
0.664, 0, 0, 0, 0.0636739, 1.29529, 0, 0.627712, 0.128478, 0, 0.398125, 0.130066, 0, 0, 0.337625
0.665, 0, 0, 0, 0.0638905, 1.29544, 0, 0.627981, 0.128503, 0, 0.398314, 0.130095, 0, 0, 0.337714
0.666, 0, 0, 0, 0.0643633, 1.29458, 0, 0.627889, 0.128499, 0, 0.398245, 0.130093, 0, 0, 0.337692
0.667, 0, 0, 0, 0.06406, 1.29594, 0, 0.62827, 0.128583, 0, 0.398512, 0.130175, 0, 0, 0.33788
0.668, 0, 0, 0, 0.0636204, 1.29529, 0, 0.62763, 0.128479, 0, 0.398064, 0.130064, 0, 0, 0.337604
0.669, 0, 0, 0, 0.064439, 1.2946, 0, 0.627995, 0.1285, 0, 0.39832, 0.130094, 0, 0, 0.337712
0.67, 0, 0, 0, 0.0640446, 1.29596, 0, 0.62826, 0.128585, 0, 0.398505, 0.130175, 0, 0, 0.337878
0.671, 0, 0, 0, 0.0636123, 1.29528, 0, 0.627623, 0.128477, 0, 0.398051, 0.130063, 0, 0, 0.337597
0.672, 0, 0, 0, 0.0644396, 1.29461, 0, 0.628, 0.1285, 0, 0.398313, 0.130096, 0, 0, 0.33771
0.673, 0, 0, 0, 0.064041, 1.29597, 0, 0.628258, 0.128584, 0, 0.398493, 0.130177, 0, 0, 0.337874
0.674, 0, 0, 0, 0.0636104, 1.29529, 0, 0.627625, 0.128477, 0, 0.398049, 0.130063, 0, 0, 0.337594
0.675, 0, 0, 0, 0.0639059, 1.29545, 0, 0.627999, 0.128502, 0, 0.398315, 0.130094, 0, 0, 0.337707
0.676, 0, 0, 0, 0.0643652, 1.2946, 0, 0.627896, 0.1285, 0, 0.398238, 0.130094, 0, 0, 0.337686
0.677, 0, 0, 0, 0.0645866, 1.29511, 0, 0.628271, 0.12858, 0, 0.398499, 0.130175, 0, 0, 0.33787
0.678, 0, 0, 0, 0.0638226, 1.29583, 0, 0.627999, 0.12856, 0, 0.398309, 0.130147, 0, 0, 0.337781
0.679, 0, 0, 0, 0.0636616, 1.29533, 0, 0.627717, 0.128478, 0, 0.398115, 0.130063, 0, 0, 0.33761
0.68, 0, 0, 0, 0.0638802, 1.29547, 0, 0.627985, 0.128501, 0, 0.398305, 0.130092, 0, 0, 0.3377
0.681, 0, 0, 0, 0.0638232, 1.29545, 0, 0.627893, 0.1285, 0, 0.398239, 0.130089, 0, 0, 0.337678
0.682, 0, 0, 0, 0.0638453, 1.29544, 0, 0.627909, 0.1285, 0, 0.39825, 0.130089, 0, 0, 0.337679
0.683, 0, 0, 0, 0.0643841, 1.2946, 0, 0.627915, 0.128499, 0, 0.398251, 0.130091, 0, 0, 0.337682
0.684, 0, 0, 0, 0.0645901, 1.29513, 0, 0.628277, 0.128581, 0, 0.398503, 0.130174, 0, 0, 0.337867
0.685, 0, 0, 0, 0.0643506, 1.295, 0, 0.627999, 0.128558, 0, 0.398307, 0.130145, 0, 0, 0.337775
0.686, 0, 0, 0, 0.06387, 1.29584, 0, 0.628085, 0.128559, 0, 0.398371, 0.130144, 0, 0, 0.337791
0.687, 0, 0, 0, 0.0636539, 1.29534, 0, 0.62772, 0.12848, 0, 0.398117, 0.130063, 0, 0, 0.337608
0.688, 0, 0, 0, 0.0638818, 1.29546, 0, 0.627987, 0.128501, 0, 0.398306, 0.13009, 0, 0, 0.337694
0.689, 0, 0, 0, 0.0638381, 1.29544, 0, 0.627907, 0.128502, 0, 0.398248, 0.130089, 0, 0, 0.337677
0.69, 0, 0, 0, 0.06386, 1.29543, 0, 0.627918, 0.128501, 0, 0.398256, 0.130089, 0, 0, 0.337678
0.691, 0, 0, 0, 0.0638697, 1.29543, 0, 0.627924, 0.128503, 0, 0.39826, 0.13009, 0, 0, 0.33768
0.692, 0, 0, 0, 0.0638703, 1.29543, 0, 0.627921, 0.128503, 0, 0.398257, 0.13009, 0, 0, 0.337679
0.693, 0, 0, 0, 0.0644038, 1.29459, 0, 0.627924, 0.128501, 0, 0.398257, 0.130091, 0, 0, 0.337679
0.694, 0, 0, 0, 0.0646091, 1.29512, 0, 0.628289, 0.128583, 0, 0.39851, 0.130174, 0, 0, 0.337865
0.695, 0, 0, 0, 0.0643667, 1.295, 0, 0.628009, 0.128559, 0, 0.398313, 0.130144, 0, 0, 0.337773
0.696, 0, 0, 0, 0.0638807, 1.29586, 0, 0.628095, 0.12856, 0, 0.398378, 0.130143, 0, 0, 0.337789
0.697, 0, 0, 0, 0.0636502, 1.29535, 0, 0.627717, 0.128478, 0, 0.398114, 0.130059, 0, 0, 0.337599
0.698, 0, 0, 0, 0.0638802, 1.29548, 0, 0.627991, 0.1285, 0, 0.398309, 0.130086, 0, 0, 0.337686
0.699, 0, 0, 0, 0.0638321, 1.29546, 0, 0.627908, 0.1285, 0, 0.398248, 0.130085, 0, 0, 0.337669
0.7, 0, 0, 0, 0.0638528, 1.29545, 0, 0.62792, 0.1285, 0, 0.398256, 0.130085, 0, 0, 0.337669
0.701, 0, 0, 0, 0.0638619, 1.29545, 0, 0.627925, 0.128501, 0, 0.39826, 0.130086, 0, 0, 0.337672
0.702, 0, 0, 0, 0.0643947, 1.29461, 0, 0.627924, 0.128499, 0, 0.398256, 0.130087, 0, 0, 0.337671
0.703, 0, 0, 0, 0.0646029, 1.29514, 0, 0.62829, 0.128581, 0, 0.398511, 0.13017, 0, 0, 0.337858
0.704, 0, 0, 0, 0.0643614, 1.29501, 0, 0.628011, 0.128558, 0, 0.398313, 0.130141, 0, 0, 0.337765
0.705, 0, 0, 0, 0.063876, 1.29587, 0, 0.628096, 0.128559, 0, 0.398378, 0.13014, 0, 0, 0.337781
0.706, 0, 0, 0, 0.063646, 1.29536, 0, 0.627718, 0.128477, 0, 0.398115, 0.130056, 0, 0, 0.337592
0.707, 0, 0, 0, 0.0638762, 1.29549, 0, 0.627993, 0.128498, 0, 0.398309, 0.130083, 0, 0, 0.33768
0.708, 0, 0, 0, 0.0638288, 1.29547, 0, 0.627908, 0.128498, 0, 0.398249, 0.130082, 0, 0, 0.337662
0.709, 0, 0, 0, 0.0638503, 1.29546, 0, 0.627921, 0.128498, 0, 0.398257, 0.130082, 0, 0, 0.337663
0.71, 0, 0, 0, 0.0638589, 1.29546, 0, 0.627926, 0.1285, 0, 0.39826, 0.130084, 0, 0, 0.337665
0.711, 0, 0, 0, 0.0643912, 1.29462, 0, 0.627925, 0.128497, 0, 0.398256, 0.130084, 0, 0, 0.337665
0.712, 0, 0, 0, 0.0645995, 1.29515, 0, 0.628291, 0.12858, 0, 0.398511, 0.130167, 0, 0, 0.337851
0.713, 0, 0, 0, 0.0643581, 1.29502, 0, 0.628011, 0.128556, 0, 0.398314, 0.130138, 0, 0, 0.337759
0.714, 0, 0, 0, 0.0638728, 1.29588, 0, 0.628097, 0.128557, 0, 0.398378, 0.130137, 0, 0, 0.337775
0.715, 0, 0, 0, 0.0636428, 1.29537, 0, 0.627719, 0.128475, 0, 0.398115, 0.130053, 0, 0, 0.337586
0.716, 0, 0, 0, 0.0638729, 1.2955, 0, 0.627994, 0.128496, 0, 0.398309, 0.13008, 0, 0, 0.337674
0.717, 0, 0, 0, 0.0638249, 1.29548, 0, 0.62791, 0.128497, 0, 0.398249, 0.130079, 0, 0, 0.337656
0.718, 0, 0, 0, 0.0638458, 1.29547, 0, 0.627922, 0.128496, 0, 0.398257, 0.130079, 0, 0, 0.337657
0.719, 0, 0, 0, 0.0638551, 1.29547, 0, 0.627927, 0.128498, 0, 0.39826, 0.130081, 0, 0, 0.33766
0.72, 0, 0, 0, 0.0638558, 1.29547, 0, 0.627924, 0.128498, 0, 0.398258, 0.13008, 0, 0, 0.337658
0.721, 0, 0, 0, 0.0643899, 1.29463, 0, 0.627927, 0.128496, 0, 0.398258, 0.130081, 0, 0, 0.337659
0.722, 0, 0, 0, 0.0645956, 1.29516, 0, 0.628292, 0.128578, 0, 0.398511, 0.130164, 0, 0, 0.337845
0.723, 0, 0, 0, 0.0643538, 1.29503, 0, 0.628012, 0.128554, 0, 0.398314, 0.130135, 0, 0, 0.337753
0.724, 0, 0, 0, 0.0638675, 1.29589, 0, 0.628098, 0.128555, 0, 0.398378, 0.130134, 0, 0, 0.337769
0.725, 0, 0, 0, 0.0636372, 1.29538, 0, 0.62772, 0.128473, 0, 0.398115, 0.13005, 0, 0, 0.33758
0.726, 0, 0, 0, 0.0638679, 1.29551, 0, 0.627995, 0.128495, 0, 0.398309, 0.130077, 0, 0, 0.337668
0.727, 0, 0, 0, 0.0638201, 1.29549, 0, 0.627911, 0.128495, 0, 0.398249, 0.130077, 0, 0, 0.33765
0.728, 0, 0, 0, 0.0638413, 1.29548, 0, 0.627923, 0.128494, 0, 0.398257, 0.130077, 0, 0, 0.337651
0.729, 0, 0, 0, 0.0643826, 1.29464, 0, 0.62793, 0.128494, 0, 0.398259, 0.130079, 0, 0, 0.337654
0.73, 0, 0, 0, 0.0645896, 1.29517, 0, 0.628292, 0.128576, 0, 0.398511, 0.130162, 0, 0, 0.33784
0.731, 0, 0, 0, 0.0638198, 1.29588, 0, 0.628012, 0.128554, 0, 0.398316, 0.130132, 0, 0, 0.337748
0.732, 0, 0, 0, 0.063661, 1.29537, 0, 0.627734, 0.128472, 0, 0.398125, 0.130049, 0, 0, 0.337578
0.733, 0, 0, 0, 0.063877, 1.29552, 0, 0.628001, 0.128495, 0, 0.398313, 0.130078, 0, 0, 0.337668
0.734, 0, 0, 0, 0.0638197, 1.29549, 0, 0.627909, 0.128494, 0, 0.398247, 0.130075, 0, 0, 0.337646
0.735, 0, 0, 0, 0.0643738, 1.29464, 0, 0.627927, 0.128492, 0, 0.398257, 0.130076, 0, 0, 0.337649
0.736, 0, 0, 0, 0.0645867, 1.29517, 0, 0.628295, 0.128575, 0, 0.398513, 0.130161, 0, 0, 0.337838
0.737, 0, 0, 0, 0.0638147, 1.29588, 0, 0.628011, 0.128553, 0, 0.398315, 0.13013, 0, 0, 0.337744
0.738, 0, 0, 0, 0.063658, 1.29538, 0, 0.627735, 0.128471, 0, 0.398125, 0.130048, 0, 0, 0.337575
0.739, 0, 0, 0, 0.0638749, 1.29552, 0, 0.628001, 0.128494, 0, 0.398313, 0.130077, 0, 0, 0.337665
0.74, 0, 0, 0, 0.0638182, 1.2955, 0, 0.627909, 0.128493, 0, 0.398247, 0.130074, 0, 0, 0.337643
0.741, 0, 0, 0, 0.0643742, 1.29464, 0, 0.627923, 0.128489, 0, 0.398257, 0.130074, 0, 0, 0.337645
0.742, 0, 0, 0, 0.064589, 1.29518, 0, 0.628295, 0.128574, 0, 0.398514, 0.13016, 0, 0, 0.337835
0.743, 0, 0, 0, 0.0638155, 1.29588, 0, 0.62801, 0.128552, 0, 0.398314, 0.130129, 0, 0, 0.337741
0.744, 0, 0, 0, 0.0636596, 1.29538, 0, 0.627734, 0.12847, 0, 0.398125, 0.130047, 0, 0, 0.337573
0.745, 0, 0, 0, 0.0638768, 1.29552, 0, 0.628, 0.128493, 0, 0.398313, 0.130075, 0, 0, 0.337662
0.746, 0, 0, 0, 0.06382, 1.2955, 0, 0.627908, 0.128492, 0, 0.398247, 0.130073, 0, 0, 0.337641
0.747, 0, 0, 0, 0.0643736, 1.29465, 0, 0.627926, 0.128489, 0, 0.398257, 0.130074, 0, 0, 0.337643
0.748, 0, 0, 0, 0.0640553, 1.29602, 0, 0.628292, 0.128575, 0, 0.398515, 0.130157, 0, 0, 0.337832
0.749, 0, 0, 0, 0.0641406, 1.29452, 0, 0.627647, 0.128467, 0, 0.39806, 0.130046, 0, 0, 0.337553
0.75, 0, 0, 0, 0.0641046, 1.29604, 0, 0.628378, 0.128574, 0, 0.398577, 0.130158, 0, 0, 0.337848
0.751, 0, 0, 0, 0.0635881, 1.29537, 0, 0.627633, 0.128469, 0, 0.398053, 0.130044, 0, 0, 0.33755
0.752, 0, 0, 0, 0.0638887, 1.29551, 0, 0.628008, 0.12849, 0, 0.398319, 0.130072, 0, 0, 0.337658
0.753, 0, 0, 0, 0.0643587, 1.29467, 0, 0.627917, 0.12849, 0, 0.398251, 0.130074, 0, 0, 0.337642
0.754, 0, 0, 0, 0.0645769, 1.29518, 0, 0.628286, 0.12857, 0, 0.398508, 0.130155, 0, 0, 0.337826
0.755, 0, 0, 0, 0.0638158, 1.29589, 0, 0.628014, 0.12855, 0, 0.398319, 0.130127, 0, 0, 0.337738
0.756, 0, 0, 0, 0.063656, 1.29538, 0, 0.627732, 0.128468, 0, 0.398124, 0.130044, 0, 0, 0.337567
0.757, 0, 0, 0, 0.0638736, 1.29553, 0, 0.628002, 0.128492, 0, 0.398314, 0.130074, 0, 0, 0.337658
0.758, 0, 0, 0, 0.0638164, 1.2955, 0, 0.627908, 0.12849, 0, 0.398247, 0.130071, 0, 0, 0.337636
0.759, 0, 0, 0, 0.0638398, 1.29549, 0, 0.627925, 0.12849, 0, 0.39826, 0.130071, 0, 0, 0.337638
0.76, 0, 0, 0, 0.0643778, 1.29466, 0, 0.62793, 0.128489, 0, 0.39826, 0.130073, 0, 0, 0.337641
0.761, 0, 0, 0, 0.0645842, 1.29518, 0, 0.628292, 0.128571, 0, 0.398512, 0.130156, 0, 0, 0.337827
0.762, 0, 0, 0, 0.0638141, 1.29589, 0, 0.628013, 0.12855, 0, 0.398317, 0.130126, 0, 0, 0.337735
0.763, 0, 0, 0, 0.0636558, 1.29539, 0, 0.627733, 0.128467, 0, 0.398126, 0.130043, 0, 0, 0.337565
0.764, 0, 0, 0, 0.0638727, 1.29553, 0, 0.628001, 0.128491, 0, 0.398314, 0.130072, 0, 0, 0.337655
0.765, 0, 0, 0, 0.0643466, 1.29467, 0, 0.62791, 0.128487, 0, 0.398246, 0.130071, 0, 0, 0.337634
0.766, 0, 0, 0, 0.0640441, 1.29602, 0, 0.62829, 0.128571, 0, 0.398513, 0.130153, 0, 0, 0.337822
0.767, 0, 0, 0, 0.0636065, 1.29537, 0, 0.627647, 0.128466, 0, 0.398064, 0.130042, 0, 0, 0.337546
0.768, 0, 0, 0, 0.0644264, 1.29468, 0, 0.628014, 0.128488, 0, 0.398321, 0.130073, 0, 0, 0.337656
0.769, 0, 0, 0, 0.0640318, 1.29604, 0, 0.628278, 0.128573, 0, 0.398505, 0.130154, 0, 0, 0.337823
0.77, 0, 0, 0, 0.0636, 1.29536, 0, 0.627642, 0.128465, 0, 0.398059, 0.13004, 0, 0, 0.337542
0.771, 0, 0, 0, 0.0644278, 1.29468, 0, 0.628018, 0.128488, 0, 0.398324, 0.130072, 0, 0, 0.337656
0.772, 0, 0, 0, 0.0640301, 1.29604, 0, 0.628276, 0.128572, 0, 0.398504, 0.130153, 0, 0, 0.337821
0.773, 0, 0, 0, 0.0635984, 1.29537, 0, 0.627644, 0.128466, 0, 0.39806, 0.13004, 0, 0, 0.337542
0.774, 0, 0, 0, 0.0644248, 1.29468, 0, 0.628018, 0.128488, 0, 0.398323, 0.130072, 0, 0, 0.337655
0.775, 0, 0, 0, 0.0640283, 1.29604, 0, 0.628278, 0.128572, 0, 0.398505, 0.130153, 0, 0, 0.33782
0.776, 0, 0, 0, 0.0635974, 1.29536, 0, 0.627643, 0.128465, 0, 0.39806, 0.130039, 0, 0, 0.337541
0.777, 0, 0, 0, 0.0644248, 1.29469, 0, 0.628019, 0.128488, 0, 0.398324, 0.130072, 0, 0, 0.337654
0.778, 0, 0, 0, 0.0640275, 1.29604, 0, 0.628278, 0.128572, 0, 0.398505, 0.130153, 0, 0, 0.337819
0.779, 0, 0, 0, 0.0635986, 1.29536, 0, 0.627641, 0.128464, 0, 0.39806, 0.130039, 0, 0, 0.33754
0.78, 0, 0, 0, 0.0644269, 1.29469, 0, 0.628019, 0.128488, 0, 0.398325, 0.130072, 0, 0, 0.337654
0.781, 0, 0, 0, 0.0640291, 1.29604, 0, 0.628276, 0.128572, 0, 0.398504, 0.130153, 0, 0, 0.337819
0.782, 0, 0, 0, 0.0635996, 1.29536, 0, 0.627643, 0.128464, 0, 0.39806, 0.130039, 0, 0, 0.337539
0.783, 0, 0, 0, 0.0638944, 1.29553, 0, 0.628019, 0.12849, 0, 0.398326, 0.130071, 0, 0, 0.337653
0.784, 0, 0, 0, 0.0643529, 1.29467, 0, 0.627913, 0.128487, 0, 0.398249, 0.13007, 0, 0, 0.337632
0.785, 0, 0, 0, 0.0645767, 1.29518, 0, 0.628287, 0.128567, 0, 0.398511, 0.130151, 0, 0, 0.337817
0.786, 0, 0, 0, 0.0638139, 1.2959, 0, 0.628016, 0.128548, 0, 0.398321, 0.130123, 0, 0, 0.337729
0.787, 0, 0, 0, 0.0636526, 1.29539, 0, 0.627732, 0.128465, 0, 0.398125, 0.13004, 0, 0, 0.337558
0.788, 0, 0, 0, 0.0638731, 1.29554, 0, 0.627999, 0.128488, 0, 0.398315, 0.130069, 0, 0, 0.337648
0.789, 0, 0, 0, 0.0638178, 1.29551, 0, 0.627909, 0.128488, 0, 0.398249, 0.130067, 0, 0, 0.337628
0.79, 0, 0, 0, 0.0638384, 1.2955, 0, 0.627926, 0.128488, 0, 0.39826, 0.130068, 0, 0, 0.33763
0.791, 0, 0, 0, 0.0643783, 1.29466, 0, 0.627927, 0.128486, 0, 0.39826, 0.130069, 0, 0, 0.337632
0.792, 0, 0, 0, 0.0645856, 1.29519, 0, 0.628294, 0.12857, 0, 0.398514, 0.130153, 0, 0, 0.33782
0.793, 0, 0, 0, 0.0643442, 1.29506, 0, 0.628012, 0.128545, 0, 0.398315, 0.130123, 0, 0, 0.337727
0.794, 0, 0, 0, 0.0638624, 1.29592, 0, 0.628098, 0.128546, 0, 0.398381, 0.130122, 0, 0, 0.337744
0.795, 0, 0, 0, 0.0636335, 1.29541, 0, 0.627721, 0.128465, 0, 0.398118, 0.130039, 0, 0, 0.337556
0.796, 0, 0, 0, 0.0638623, 1.29554, 0, 0.627996, 0.128487, 0, 0.398311, 0.130067, 0, 0, 0.337644
0.797, 0, 0, 0, 0.0638142, 1.29552, 0, 0.627911, 0.128487, 0, 0.398251, 0.130066, 0, 0, 0.337626
0.798, 0, 0, 0, 0.0638365, 1.2955, 0, 0.627924, 0.128487, 0, 0.39826, 0.130066, 0, 0, 0.337627
0.799, 0, 0, 0, 0.0638478, 1.2955, 0, 0.627924, 0.128487, 0, 0.398263, 0.130066, 0, 0, 0.33763
0.8, 0, 0, 0, 0.0638504, 1.2955, 0, 0.627925, 0.128489, 0, 0.398262, 0.130068, 0, 0, 0.337631
0.801, 0, 0, 0, 0.0643815, 1.29466, 0, 0.627928, 0.128487, 0, 0.398259, 0.13007, 0, 0, 0.337631
0.802, 0, 0, 0, 0.064588, 1.29519, 0, 0.628292, 0.128569, 0, 0.398513, 0.130152, 0, 0, 0.337817
0.803, 0, 0, 0, 0.0643472, 1.29506, 0, 0.628013, 0.128545, 0, 0.398317, 0.130123, 0, 0, 0.337726
0.804, 0, 0, 0, 0.0638623, 1.29592, 0, 0.628095, 0.128546, 0, 0.398381, 0.130121, 0, 0, 0.337742
0.805, 0, 0, 0, 0.0636336, 1.29541, 0, 0.627719, 0.128464, 0, 0.398118, 0.130038, 0, 0, 0.337554
0.806, 0, 0, 0, 0.0638635, 1.29554, 0, 0.627993, 0.128486, 0, 0.398311, 0.130066, 0, 0, 0.337641
0.807, 0, 0, 0, 0.0638154, 1.29552, 0, 0.627912, 0.128487, 0, 0.398251, 0.130066, 0, 0, 0.337625
0.808, 0, 0, 0, 0.063836, 1.2955, 0, 0.627921, 0.128486, 0, 0.398259, 0.130065, 0, 0, 0.337625
0.809, 0, 0, 0, 0.0643781, 1.29467, 0, 0.627929, 0.128486, 0, 0.398262, 0.130068, 0, 0, 0.33763
0.81, 0, 0, 0, 0.0645847, 1.29519, 0, 0.62829, 0.128568, 0, 0.398514, 0.130151, 0, 0, 0.337815
0.811, 0, 0, 0, 0.0638164, 1.2959, 0, 0.62801, 0.128546, 0, 0.398319, 0.130121, 0, 0, 0.337723
0.812, 0, 0, 0, 0.0636587, 1.29539, 0, 0.627733, 0.128464, 0, 0.398128, 0.130039, 0, 0, 0.337555
0.813, 0, 0, 0, 0.0638748, 1.29554, 0, 0.627998, 0.128488, 0, 0.398315, 0.130067, 0, 0, 0.337644
0.814, 0, 0, 0, 0.0638172, 1.29552, 0, 0.627909, 0.128487, 0, 0.39825, 0.130065, 0, 0, 0.337624
0.815, 0, 0, 0, 0.0643702, 1.29466, 0, 0.627924, 0.128484, 0, 0.398259, 0.130066, 0, 0, 0.337625
0.816, 0, 0, 0, 0.0645859, 1.29519, 0, 0.628292, 0.128567, 0, 0.398517, 0.13015, 0, 0, 0.337815
0.817, 0, 0, 0, 0.0638133, 1.29591, 0, 0.628011, 0.128547, 0, 0.398319, 0.130121, 0, 0, 0.337723
0.818, 0, 0, 0, 0.0636563, 1.29539, 0, 0.62773, 0.128463, 0, 0.398127, 0.130037, 0, 0, 0.337553
0.819, 0, 0, 0, 0.0638745, 1.29554, 0, 0.628002, 0.128488, 0, 0.398317, 0.130068, 0, 0, 0.337644
0.82, 0, 0, 0, 0.0638168, 1.29551, 0, 0.627904, 0.128485, 0, 0.398249, 0.130063, 0, 0, 0.337621
0.821, 0, 0, 0, 0.0643722, 1.29467, 0, 0.627928, 0.128485, 0, 0.398261, 0.130066, 0, 0, 0.337626
0.822, 0, 0, 0, 0.0645844, 1.29519, 0, 0.62829, 0.128567, 0, 0.398515, 0.130149, 0, 0, 0.337813
0.823, 0, 0, 0, 0.0638145, 1.29591, 0, 0.628012, 0.128547, 0, 0.398319, 0.130121, 0, 0, 0.337722
0.824, 0, 0, 0, 0.0636568, 1.29539, 0, 0.62773, 0.128463, 0, 0.398127, 0.130037, 0, 0, 0.337552
0.825, 0, 0, 0, 0.0638758, 1.29554, 0, 0.628001, 0.128488, 0, 0.398317, 0.130067, 0, 0, 0.337643
0.826, 0, 0, 0, 0.0638184, 1.29551, 0, 0.627903, 0.128485, 0, 0.398249, 0.130063, 0, 0, 0.337621
0.827, 0, 0, 0, 0.0638419, 1.29551, 0, 0.627925, 0.128487, 0, 0.398263, 0.130065, 0, 0, 0.337625
0.828, 0, 0, 0, 0.0643799, 1.29466, 0, 0.627924, 0.128485, 0, 0.398261, 0.130066, 0, 0, 0.337626
0.829, 0, 0, 0, 0.0645893, 1.29519, 0, 0.62829, 0.128568, 0, 0.398515, 0.13015, 0, 0, 0.337814
0.83, 0, 0, 0, 0.0643475, 1.29506, 0, 0.628012, 0.128545, 0, 0.398317, 0.130121, 0, 0, 0.337722
0.831, 0, 0, 0, 0.0638626, 1.29592, 0, 0.628096, 0.128546, 0, 0.398382, 0.13012, 0, 0, 0.337738
0.832, 0, 0, 0, 0.0636353, 1.29541, 0, 0.627718, 0.128463, 0, 0.39812, 0.130036, 0, 0, 0.33755
0.833, 0, 0, 0, 0.0638666, 1.29554, 0, 0.627993, 0.128486, 0, 0.398314, 0.130064, 0, 0, 0.337638
0.834, 0, 0, 0, 0.0638184, 1.29552, 0, 0.627909, 0.128486, 0, 0.398252, 0.130063, 0, 0, 0.337621
0.835, 0, 0, 0, 0.0638392, 1.29551, 0, 0.627923, 0.128487, 0, 0.398261, 0.130064, 0, 0, 0.337623
0.836, 0, 0, 0, 0.0638477, 1.29551, 0, 0.627926, 0.128488, 0, 0.398264, 0.130065, 0, 0, 0.337625
0.837, 0, 0, 0, 0.0643819, 1.29466, 0, 0.627923, 0.128485, 0, 0.398261, 0.130065, 0, 0, 0.337625
0.838, 0, 0, 0, 0.064591, 1.29519, 0, 0.628291, 0.128568, 0, 0.398516, 0.130149, 0, 0, 0.337813
0.839, 0, 0, 0, 0.0638189, 1.2959, 0, 0.628005, 0.128545, 0, 0.39832, 0.130118, 0, 0, 0.33772
0.84, 0, 0, 0, 0.0636607, 1.2954, 0, 0.627732, 0.128464, 0, 0.39813, 0.130037, 0, 0, 0.337552
0.841, 0, 0, 0, 0.063875, 1.29554, 0, 0.627996, 0.128487, 0, 0.398316, 0.130065, 0, 0, 0.337641
0.842, 0, 0, 0, 0.0643515, 1.29467, 0, 0.627905, 0.128483, 0, 0.398249, 0.130063, 0, 0, 0.33762
0.843, 0, 0, 0, 0.0640499, 1.29603, 0, 0.628286, 0.128568, 0, 0.398516, 0.130146, 0, 0, 0.337809
0.844, 0, 0, 0, 0.0636107, 1.29538, 0, 0.627644, 0.128464, 0, 0.398067, 0.130035, 0, 0, 0.337533
0.845, 0, 0, 0, 0.0644307, 1.29469, 0, 0.628009, 0.128485, 0, 0.398323, 0.130066, 0, 0, 0.337642
0.846, 0, 0, 0, 0.0640355, 1.29605, 0, 0.628277, 0.128571, 0, 0.398508, 0.130148, 0, 0, 0.33781
0.847, 0, 0, 0, 0.0641343, 1.29453, 0, 0.627637, 0.128459, 0, 0.39806, 0.130034, 0, 0, 0.337529
0.848, 0, 0, 0, 0.0641082, 1.29606, 0, 0.628379, 0.128569, 0, 0.398584, 0.130148, 0, 0, 0.33783
0.849, 0, 0, 0, 0.0635872, 1.29539, 0, 0.62763, 0.128465, 0, 0.398056, 0.130035, 0, 0, 0.337531
0.85, 0, 0, 0, 0.0638911, 1.29552, 0, 0.628002, 0.128485, 0, 0.398323, 0.130062, 0, 0, 0.337638
0.851, 0, 0, 0, 0.0638318, 1.29552, 0, 0.627914, 0.128488, 0, 0.398258, 0.130064, 0, 0, 0.337624
0.852, 0, 0, 0, 0.0643742, 1.29466, 0, 0.627916, 0.128484, 0, 0.398257, 0.130063, 0, 0, 0.337621
0.853, 0, 0, 0, 0.0645915, 1.2952, 0, 0.628293, 0.128568, 0, 0.398518, 0.130149, 0, 0, 0.337812
0.854, 0, 0, 0, 0.0638188, 1.2959, 0, 0.628004, 0.128545, 0, 0.398319, 0.130117, 0, 0, 0.337718
0.855, 0, 0, 0, 0.0636636, 1.2954, 0, 0.62773, 0.128464, 0, 0.39813, 0.130036, 0, 0, 0.33755
0.856, 0, 0, 0, 0.0638796, 1.29554, 0, 0.627994, 0.128487, 0, 0.398317, 0.130064, 0, 0, 0.33764
0.857, 0, 0, 0, 0.0638222, 1.29552, 0, 0.627905, 0.128487, 0, 0.398251, 0.130063, 0, 0, 0.337619
0.858, 0, 0, 0, 0.0643766, 1.29466, 0, 0.627918, 0.128483, 0, 0.398261, 0.130062, 0, 0, 0.337621
0.859, 0, 0, 0, 0.064592, 1.2952, 0, 0.62829, 0.128568, 0, 0.398519, 0.130148, 0, 0, 0.337812
0.86, 0, 0, 0, 0.0638189, 1.2959, 0, 0.628005, 0.128546, 0, 0.398319, 0.130118, 0, 0, 0.337718
0.861, 0, 0, 0, 0.0636628, 1.29539, 0, 0.627729, 0.128464, 0, 0.398129, 0.130035, 0, 0, 0.33755
0.862, 0, 0, 0, 0.0638788, 1.29554, 0, 0.627997, 0.128488, 0, 0.398318, 0.130065, 0, 0, 0.33764
0.863, 0, 0, 0, 0.0638224, 1.29551, 0, 0.627901, 0.128485, 0, 0.398251, 0.130061, 0, 0, 0.337618
0.864, 0, 0, 0, 0.0643789, 1.29466, 0, 0.627921, 0.128484, 0, 0.398263, 0.130063, 0, 0, 0.337622
0.865, 0, 0, 0, 0.0640598, 1.29603, 0, 0.628287, 0.12857, 0, 0.398519, 0.130147, 0, 0, 0.33781
0.866, 0, 0, 0, 0.0641456, 1.29453, 0, 0.627641, 0.128462, 0, 0.398064, 0.130035, 0, 0, 0.337532
0.867, 0, 0, 0, 0.0641103, 1.29605, 0, 0.628372, 0.128569, 0, 0.398581, 0.130147, 0, 0, 0.337828
0.868, 0, 0, 0, 0.063594, 1.29539, 0, 0.627628, 0.128464, 0, 0.398058, 0.130034, 0, 0, 0.33753
0.869, 0, 0, 0, 0.0638937, 1.29552, 0, 0.628004, 0.128486, 0, 0.398324, 0.130063, 0, 0, 0.337638
0.87, 0, 0, 0, 0.0643638, 1.29468, 0, 0.627909, 0.128485, 0, 0.398255, 0.130063, 0, 0, 0.337622
0.871, 0, 0, 0, 0.064584, 1.29519, 0, 0.628281, 0.128566, 0, 0.398514, 0.130146, 0, 0, 0.337807
0.872, 0, 0, 0, 0.063822, 1.2959, 0, 0.628008, 0.128546, 0, 0.398323, 0.130117, 0, 0, 0.337718
0.873, 0, 0, 0, 0.0636628, 1.29539, 0, 0.627726, 0.128464, 0, 0.398129, 0.130035, 0, 0, 0.337549
0.874, 0, 0, 0, 0.0638819, 1.29554, 0, 0.627994, 0.128487, 0, 0.398318, 0.130063, 0, 0, 0.337639
0.875, 0, 0, 0, 0.063826, 1.29551, 0, 0.627902, 0.128486, 0, 0.398252, 0.130061, 0, 0, 0.337618
0.876, 0, 0, 0, 0.0638488, 1.2955, 0, 0.627918, 0.128486, 0, 0.398264, 0.130062, 0, 0, 0.33762
0.877, 0, 0, 0, 0.064388, 1.29466, 0, 0.627922, 0.128486, 0, 0.398264, 0.130064, 0, 0, 0.337624
0.878, 0, 0, 0, 0.0645935, 1.29519, 0, 0.628287, 0.128569, 0, 0.398516, 0.130148, 0, 0, 0.33781
0.879, 0, 0, 0, 0.0638236, 1.2959, 0, 0.628003, 0.128546, 0, 0.398321, 0.130116, 0, 0, 0.337717
0.88, 0, 0, 0, 0.0636661, 1.2954, 0, 0.627729, 0.128465, 0, 0.398131, 0.130035, 0, 0, 0.33755
0.881, 0, 0, 0, 0.0638807, 1.29554, 0, 0.627992, 0.128488, 0, 0.398317, 0.130063, 0, 0, 0.337638
0.882, 0, 0, 0, 0.0643566, 1.29467, 0, 0.627903, 0.128485, 0, 0.398251, 0.130062, 0, 0, 0.337618
0.883, 0, 0, 0, 0.0640536, 1.29603, 0, 0.628282, 0.128569, 0, 0.398518, 0.130144, 0, 0, 0.337807
0.884, 0, 0, 0, 0.0636158, 1.29537, 0, 0.62764, 0.128464, 0, 0.398069, 0.130033, 0, 0, 0.337531
0.885, 0, 0, 0, 0.0644358, 1.29468, 0, 0.628006, 0.128486, 0, 0.398325, 0.130064, 0, 0, 0.337641
0.886, 0, 0, 0, 0.064042, 1.29604, 0, 0.62827, 0.12857, 0, 0.39851, 0.130146, 0, 0, 0.337807
0.887, 0, 0, 0, 0.0636105, 1.29537, 0, 0.627634, 0.128463, 0, 0.398064, 0.130032, 0, 0, 0.337528
0.888, 0, 0, 0, 0.0644382, 1.29469, 0, 0.62801, 0.128486, 0, 0.398328, 0.130064, 0, 0, 0.337642
0.889, 0, 0, 0, 0.064041, 1.29604, 0, 0.628269, 0.12857, 0, 0.398509, 0.130145, 0, 0, 0.337807
0.89, 0, 0, 0, 0.0636108, 1.29537, 0, 0.627634, 0.128463, 0, 0.398065, 0.130032, 0, 0, 0.337528
0.891, 0, 0, 0, 0.0644384, 1.29469, 0, 0.62801, 0.128486, 0, 0.398328, 0.130064, 0, 0, 0.337642
0.892, 0, 0, 0, 0.0640413, 1.29604, 0, 0.628268, 0.12857, 0, 0.398509, 0.130145, 0, 0, 0.337807
0.893, 0, 0, 0, 0.0636112, 1.29537, 0, 0.627634, 0.128463, 0, 0.398065, 0.130032, 0, 0, 0.337528
0.894, 0, 0, 0, 0.0644388, 1.29469, 0, 0.628009, 0.128486, 0, 0.398329, 0.130064, 0, 0, 0.337641
0.895, 0, 0, 0, 0.0640412, 1.29605, 0, 0.628269, 0.128571, 0, 0.398509, 0.130145, 0, 0, 0.337807
0.896, 0, 0, 0, 0.0636109, 1.29537, 0, 0.627634, 0.128463, 0, 0.398065, 0.130032, 0, 0, 0.337528
0.897, 0, 0, 0, 0.0639074, 1.29553, 0, 0.628008, 0.128488, 0, 0.398331, 0.130063, 0, 0, 0.337641
0.898, 0, 0, 0, 0.064367, 1.29468, 0, 0.627905, 0.128487, 0, 0.398254, 0.130063, 0, 0, 0.337621
0.899, 0, 0, 0, 0.0645892, 1.29519, 0, 0.628279, 0.128567, 0, 0.398515, 0.130145, 0, 0, 0.337806
0.9, 0, 0, 0, 0.0638262, 1.2959, 0, 0.628006, 0.128547, 0, 0.398324, 0.130117, 0, 0, 0.337718
0.901, 0, 0, 0, 0.0636661, 1.29539, 0, 0.627724, 0.128465, 0, 0.39813, 0.130034, 0, 0, 0.337548
0.902, 0, 0, 0, 0.063885, 1.29554, 0, 0.627992, 0.128489, 0, 0.398319, 0.130063, 0, 0, 0.337638
0.903, 0, 0, 0, 0.0638289, 1.29551, 0, 0.627899, 0.128487, 0, 0.398253, 0.13006, 0, 0, 0.337617
0.904, 0, 0, 0, 0.0638517, 1.2955, 0, 0.627916, 0.128487, 0, 0.398265, 0.130061, 0, 0, 0.33762
0.905, 0, 0, 0, 0.0643909, 1.29466, 0, 0.627921, 0.128487, 0, 0.398265, 0.130063, 0, 0, 0.337623
0.906, 0, 0, 0, 0.0645977, 1.29519, 0, 0.628283, 0.128569, 0, 0.398517, 0.130146, 0, 0, 0.337809
0.907, 0, 0, 0, 0.0643589, 1.29506, 0, 0.628004, 0.128546, 0, 0.398321, 0.130117, 0, 0, 0.337718
0.908, 0, 0, 0, 0.0638749, 1.29592, 0, 0.628089, 0.128547, 0, 0.398385, 0.130117, 0, 0, 0.337735
0.909, 0, 0, 0, 0.0636459, 1.29541, 0, 0.627712, 0.128465, 0, 0.398122, 0.130033, 0, 0, 0.337547
0.91, 0, 0, 0, 0.0638768, 1.29553, 0, 0.627986, 0.128487, 0, 0.398316, 0.130061, 0, 0, 0.337635
0.911, 0, 0, 0, 0.0638294, 1.29552, 0, 0.627902, 0.128488, 0, 0.398256, 0.13006, 0, 0, 0.337618
0.912, 0, 0, 0, 0.063851, 1.2955, 0, 0.627914, 0.128487, 0, 0.398264, 0.13006, 0, 0, 0.337619
0.913, 0, 0, 0, 0.0638607, 1.2955, 0, 0.627919, 0.128489, 0, 0.398268, 0.130062, 0, 0, 0.337623
0.914, 0, 0, 0, 0.0638616, 1.2955, 0, 0.627916, 0.128489, 0, 0.398265, 0.130062, 0, 0, 0.337622
0.915, 0, 0, 0, 0.0643957, 1.29466, 0, 0.627918, 0.128488, 0, 0.398264, 0.130063, 0, 0, 0.337623
0.916, 0, 0, 0, 0.0646021, 1.29519, 0, 0.628283, 0.12857, 0, 0.398519, 0.130146, 0, 0, 0.33781
0.917, 0, 0, 0, 0.0643606, 1.29506, 0, 0.628003, 0.128546, 0, 0.398321, 0.130117, 0, 0, 0.337718
0.918, 0, 0, 0, 0.0638753, 1.29592, 0, 0.628088, 0.128548, 0, 0.398386, 0.130117, 0, 0, 0.337735
0.919, 0, 0, 0, 0.0636457, 1.29541, 0, 0.62771, 0.128466, 0, 0.398122, 0.130033, 0, 0, 0.337547
0.92, 0, 0, 0, 0.0638765, 1.29553, 0, 0.627985, 0.128487, 0, 0.398316, 0.13006, 0, 0, 0.337635
0.921, 0, 0, 0, 0.0638293, 1.29551, 0, 0.627901, 0.128488, 0, 0.398256, 0.13006, 0, 0, 0.337618
0.922, 0, 0, 0, 0.0638509, 1.2955, 0, 0.627913, 0.128488, 0, 0.398264, 0.13006, 0, 0, 0.337619
0.923, 0, 0, 0, 0.0643922, 1.29466, 0, 0.627919, 0.128488, 0, 0.398266, 0.130063, 0, 0, 0.337623
0.924, 0, 0, 0, 0.0645997, 1.29519, 0, 0.628281, 0.12857, 0, 0.398518, 0.130146, 0, 0, 0.337809
0.925, 0, 0, 0, 0.0638306, 1.2959, 0, 0.628002, 0.128548, 0, 0.398323, 0.130116, 0, 0, 0.337718
0.926, 0, 0, 0, 0.0636724, 1.29539, 0, 0.627723, 0.128466, 0, 0.398132, 0.130033, 0, 0, 0.337549
0.927, 0, 0, 0, 0.0638892, 1.29554, 0, 0.627989, 0.12849, 0, 0.39832, 0.130062, 0, 0, 0.337639
0.928, 0, 0, 0, 0.0638324, 1.29551, 0, 0.627897, 0.128489, 0, 0.398254, 0.13006, 0, 0, 0.337618
0.929, 0, 0, 0, 0.0643864, 1.29466, 0, 0.627915, 0.128486, 0, 0.398264, 0.130061, 0, 0, 0.337621
0.93, 0, 0, 0, 0.0645998, 1.29519, 0, 0.628283, 0.12857, 0, 0.39852, 0.130146, 0, 0, 0.33781
0.931, 0, 0, 0, 0.0638287, 1.2959, 0, 0.627999, 0.128548, 0, 0.398322, 0.130115, 0, 0, 0.337717
0.932, 0, 0, 0, 0.0636724, 1.29539, 0, 0.627723, 0.128466, 0, 0.398132, 0.130033, 0, 0, 0.337549
0.933, 0, 0, 0, 0.0638895, 1.29554, 0, 0.627989, 0.12849, 0, 0.39832, 0.130062, 0, 0, 0.337638
0.934, 0, 0, 0, 0.0638332, 1.29551, 0, 0.627897, 0.128489, 0, 0.398254, 0.13006, 0, 0, 0.337617
0.935, 0, 0, 0, 0.0643872, 1.29466, 0, 0.627915, 0.128487, 0, 0.398264, 0.130061, 0, 0, 0.337621
0.936, 0, 0, 0, 0.0640693, 1.29603, 0, 0.628281, 0.128572, 0, 0.398522, 0.130145, 0, 0, 0.337809
0.937, 0, 0, 0, 0.064155, 1.29453, 0, 0.627636, 0.128465, 0, 0.398067, 0.130033, 0, 0, 0.337531
0.938, 0, 0, 0, 0.0641195, 1.29605, 0, 0.628366, 0.128572, 0, 0.398584, 0.130145, 0, 0, 0.337827
0.939, 0, 0, 0, 0.0636032, 1.29538, 0, 0.627622, 0.128467, 0, 0.39806, 0.130032, 0, 0, 0.337529
0.94, 0, 0, 0, 0.0639043, 1.29552, 0, 0.627996, 0.128488, 0, 0.398326, 0.13006, 0, 0, 0.337637
0.941, 0, 0, 0, 0.0643742, 1.29468, 0, 0.627906, 0.128489, 0, 0.398258, 0.130062, 0, 0, 0.337622
0.942, 0, 0, 0, 0.0645925, 1.29518, 0, 0.628274, 0.128569, 0, 0.398515, 0.130144, 0, 0, 0.337806
0.943, 0, 0, 0, 0.063832, 1.2959, 0, 0.628003, 0.128549, 0, 0.398326, 0.130115, 0, 0, 0.337718
0.944, 0, 0, 0, 0.0636722, 1.29539, 0, 0.62772, 0.128466, 0, 0.398132, 0.130033, 0, 0, 0.337548
0.945, 0, 0, 0, 0.0638913, 1.29554, 0, 0.627988, 0.12849, 0, 0.398321, 0.130062, 0, 0, 0.337638
0.946, 0, 0, 0, 0.0638354, 1.29551, 0, 0.627896, 0.128489, 0, 0.398255, 0.130059, 0, 0, 0.337618
0.947, 0, 0, 0, 0.0638584, 1.2955, 0, 0.627912, 0.128489, 0, 0.398266, 0.13006, 0, 0, 0.33762
0.948, 0, 0, 0, 0.0643972, 1.29466, 0, 0.627917, 0.128489, 0, 0.398267, 0.130062, 0, 0, 0.337624
0.949, 0, 0, 0, 0.064604, 1.29519, 0, 0.628278, 0.128571, 0, 0.398518, 0.130145, 0, 0, 0.33781
0.95, 0, 0, 0, 0.0638343, 1.29589, 0, 0.627999, 0.128549, 0, 0.398324, 0.130115, 0, 0, 0.337718
0.951, 0, 0, 0, 0.0636756, 1.29539, 0, 0.627721, 0.128467, 0, 0.398133, 0.130033, 0, 0, 0.337549
0.952, 0, 0, 0, 0.0638923, 1.29553, 0, 0.627987, 0.128491, 0, 0.398321, 0.130062, 0, 0, 0.337639
0.953, 0, 0, 0, 0.0643669, 1.29467, 0, 0.627896, 0.128487, 0, 0.398253, 0.13006, 0, 0, 0.337618
0.954, 0, 0, 0, 0.0640644, 1.29602, 0, 0.628276, 0.128571, 0, 0.39852, 0.130143, 0, 0, 0.337807
0.955, 0, 0, 0, 0.0636258, 1.29537, 0, 0.627635, 0.128467, 0, 0.398071, 0.130032, 0, 0, 0.337532
0.956, 0, 0, 0, 0.064445, 1.29468, 0, 0.628, 0.128488, 0, 0.398327, 0.130062, 0, 0, 0.337641
0.957, 0, 0, 0, 0.0640519, 1.29604, 0, 0.628264, 0.128573, 0, 0.398512, 0.130144, 0, 0, 0.337808
0.958, 0, 0, 0, 0.0636202, 1.29536, 0, 0.627628, 0.128466, 0, 0.398067, 0.13003, 0, 0, 0.337528
0.959, 0, 0, 0, 0.0644478, 1.29468, 0, 0.628004, 0.128489, 0, 0.398331, 0.130063, 0, 0, 0.337642
0.96, 0, 0, 0, 0.0640507, 1.29604, 0, 0.628262, 0.128573, 0, 0.398511, 0.130144, 0, 0, 0.337807
0.961, 0, 0, 0, 0.0636205, 1.29536, 0, 0.627628, 0.128466, 0, 0.398067, 0.13003, 0, 0, 0.337528
0.962, 0, 0, 0, 0.0644481, 1.29468, 0, 0.628003, 0.128489, 0, 0.398331, 0.130063, 0, 0, 0.337642
0.963, 0, 0, 0, 0.0640511, 1.29604, 0, 0.628262, 0.128573, 0, 0.398511, 0.130144, 0, 0, 0.337807
0.964, 0, 0, 0, 0.0636211, 1.29536, 0, 0.627628, 0.128466, 0, 0.398067, 0.13003, 0, 0, 0.337528
0.965, 0, 0, 0, 0.0639174, 1.29552, 0, 0.628002, 0.128491, 0, 0.398333, 0.130062, 0, 0, 0.337642
0.966, 0, 0, 0, 0.0643772, 1.29467, 0, 0.627898, 0.12849, 0, 0.398256, 0.130061, 0, 0, 0.337621
0.967, 0, 0, 0, 0.0645993, 1.29518, 0, 0.628273, 0.12857, 0, 0.398517, 0.130143, 0, 0, 0.337807
0.968, 0, 0, 0, 0.0638365, 1.2959, 0, 0.628, 0.12855, 0, 0.398326, 0.130115, 0, 0, 0.337719
0.969, 0, 0, 0, 0.0636763, 1.29539, 0, 0.627718, 0.128467, 0, 0.398132, 0.130032, 0, 0, 0.337549
0.97, 0, 0, 0, 0.0638954, 1.29553, 0, 0.627985, 0.128491, 0, 0.398321, 0.130061, 0, 0, 0.337639
0.971, 0, 0, 0, 0.0638392, 1.29551, 0, 0.627893, 0.12849, 0, 0.398255, 0.130059, 0, 0, 0.337618
0.972, 0, 0, 0, 0.0638621, 1.29549, 0, 0.627909, 0.12849, 0, 0.398267, 0.130059, 0, 0, 0.337621
0.973, 0, 0, 0, 0.0644014, 1.29466, 0, 0.627914, 0.12849, 0, 0.398267, 0.130062, 0, 0, 0.337624
0.974, 0, 0, 0, 0.0646082, 1.29518, 0, 0.628276, 0.128572, 0, 0.398519, 0.130145, 0, 0, 0.33781
0.975, 0, 0, 0, 0.0643694, 1.29505, 0, 0.627998, 0.128549, 0, 0.398323, 0.130116, 0, 0, 0.337719
0.976, 0, 0, 0, 0.0638846, 1.29592, 0, 0.628084, 0.12855, 0, 0.398387, 0.130116, 0, 0, 0.337736
0.977, 0, 0, 0, 0.063655, 1.2954, 0, 0.627705, 0.128468, 0, 0.398124, 0.130032, 0, 0, 0.337547
0.978, 0, 0, 0, 0.0638871, 1.29553, 0, 0.627979, 0.12849, 0, 0.398318, 0.130059, 0, 0, 0.337636
0.979, 0, 0, 0, 0.06384, 1.29551, 0, 0.627896, 0.128491, 0, 0.398258, 0.130059, 0, 0, 0.337619
0.98, 0, 0, 0, 0.0638612, 1.29549, 0, 0.627907, 0.12849, 0, 0.398266, 0.130059, 0, 0, 0.33762
0.981, 0, 0, 0, 0.0638712, 1.2955, 0, 0.627913, 0.128492, 0, 0.398269, 0.130061, 0, 0, 0.337624
0.982, 0, 0, 0, 0.0638721, 1.29549, 0, 0.627909, 0.128492, 0, 0.398267, 0.130061, 0, 0, 0.337623
0.983, 0, 0, 0, 0.0644063, 1.29465, 0, 0.627912, 0.128491, 0, 0.398266, 0.130062, 0, 0, 0.337625
0.984, 0, 0, 0, 0.0646126, 1.29518, 0, 0.628277, 0.128573, 0, 0.39852, 0.130145, 0, 0, 0.337811
0.985, 0, 0, 0, 0.0643711, 1.29505, 0, 0.627997, 0.128549, 0, 0.398323, 0.130116, 0, 0, 0.33772
0.986, 0, 0, 0, 0.0638859, 1.29591, 0, 0.628082, 0.128551, 0, 0.398387, 0.130115, 0, 0, 0.337737
0.987, 0, 0, 0, 0.0636562, 1.2954, 0, 0.627704, 0.128468, 0, 0.398124, 0.130032, 0, 0, 0.337548
0.988, 0, 0, 0, 0.0638871, 1.29553, 0, 0.627978, 0.12849, 0, 0.398318, 0.130059, 0, 0, 0.337636
0.989, 0, 0, 0, 0.0638398, 1.29551, 0, 0.627894, 0.128491, 0, 0.398258, 0.130058, 0, 0, 0.337619
0.99, 0, 0, 0, 0.0638616, 1.29549, 0, 0.627906, 0.128491, 0, 0.398266, 0.130059, 0, 0, 0.337621
0.991, 0, 0, 0, 0.064403, 1.29466, 0, 0.627913, 0.128491, 0, 0.398268, 0.130061, 0, 0, 0.337625
0.992, 0, 0, 0, 0.0646105, 1.29518, 0, 0.628274, 0.128573, 0, 0.398519, 0.130144, 0, 0, 0.337811
0.993, 0, 0, 0, 0.0638417, 1.29589, 0, 0.627994, 0.128551, 0, 0.398325, 0.130114, 0, 0, 0.337719
0.994, 0, 0, 0, 0.0636835, 1.29538, 0, 0.627717, 0.128469, 0, 0.398134, 0.130032, 0, 0, 0.33755
0.995, 0, 0, 0, 0.0638998, 1.29553, 0, 0.627983, 0.128493, 0, 0.398322, 0.130061, 0, 0, 0.33764
0.996, 0, 0, 0, 0.0638433, 1.2955, 0, 0.62789, 0.128491, 0, 0.398256, 0.130058, 0, 0, 0.337619
0.997, 0, 0, 0, 0.0643971, 1.29465, 0, 0.627909, 0.12849, 0, 0.398266, 0.13006, 0, 0, 0.337622
0.998, 0, 0, 0, 0.0646099, 1.29518, 0, 0.628276, 0.128573, 0, 0.398521, 0.130144, 0, 0, 0.337811
0.999, 0, 0, 0, 0.0638392, 1.29589, 0, 0.627993, 0.128551, 0, 0.398324, 0.130114, 0, 0, 0.337719
1, 0, 0, 0, 0.0636827, 1.29538, 0, 0.627717, 0.128469, 0, 0.398134, 0.130032, 0, 0, 0.33755
1.001, 0, 0, 0, 0.0638998, 1.29553, 0, 0.627982, 0.128493, 0, 0.398322, 0.130061, 0, 0, 0.33764
1.002, 0, 0, 0, 0.0638435, 1.2955, 0, 0.62789, 0.128492, 0, 0.398256, 0.130058, 0, 0, 0.337619
1.003, 0, 0, 0, 0.0638662, 1.29549, 0, 0.627907, 0.128492, 0, 0.398267, 0.130059, 0, 0, 0.337622
1.004, 0, 0, 0, 0.0644053, 1.29466, 0, 0.627911, 0.128491, 0, 0.398268, 0.130061, 0, 0, 0.337625
1.005, 0, 0, 0, 0.064612, 1.29518, 0, 0.628274, 0.128574, 0, 0.39852, 0.130144, 0, 0, 0.337811
1.006, 0, 0, 0, 0.0643731, 1.29505, 0, 0.627995, 0.12855, 0, 0.398323, 0.130115, 0, 0, 0.33772
1.007, 0, 0, 0, 0.0638893, 1.29591, 0, 0.62808, 0.128552, 0, 0.398388, 0.130115, 0, 0, 0.337737
1.008, 0, 0, 0, 0.0636599, 1.2954, 0, 0.627703, 0.12847, 0, 0.398125, 0.130032, 0, 0, 0.337549
1.009, 0, 0, 0, 0.0638905, 1.29553, 0, 0.627977, 0.128492, 0, 0.398319, 0.130059, 0, 0, 0.337637
1.01, 0, 0, 0, 0.0638435, 1.29551, 0, 0.627893, 0.128492, 0, 0.398259, 0.130058, 0, 0, 0.33762
1.011, 0, 0, 0, 0.063865, 1.29549, 0, 0.627905, 0.128492, 0, 0.398267, 0.130058, 0, 0, 0.337621
1.012, 0, 0, 0, 0.0638748, 1.2955, 0, 0.62791, 0.128494, 0, 0.39827, 0.13006, 0, 0, 0.337625
1.013, 0, 0, 0, 0.0638757, 1.29549, 0, 0.627907, 0.128494, 0, 0.398268, 0.13006, 0, 0, 0.337625
1.014, 0, 0, 0, 0.0644099, 1.29465, 0, 0.62791, 0.128492, 0, 0.398267, 0.130062, 0, 0, 0.337626
1.015, 0, 0, 0, 0.0646164, 1.29518, 0, 0.628274, 0.128575, 0, 0.398521, 0.130145, 0, 0, 0.337813
1.016, 0, 0, 0, 0.0643749, 1.29505, 0, 0.627995, 0.128551, 0, 0.398323, 0.130115, 0, 0, 0.337721
1.017, 0, 0, 0, 0.0638896, 1.29591, 0, 0.62808, 0.128552, 0, 0.398388, 0.130115, 0, 0, 0.337738
1.018, 0, 0, 0, 0.06366, 1.2954, 0, 0.627701, 0.12847, 0, 0.398125, 0.130031, 0, 0, 0.337549
1.019, 0, 0, 0, 0.0638909, 1.29553, 0, 0.627976, 0.128492, 0, 0.398319, 0.130059, 0, 0, 0.337637
1.02, 0, 0, 0, 0.0638437, 1.29551, 0, 0.627892, 0.128493, 0, 0.398258, 0.130058, 0, 0, 0.33762
1.021, 0, 0, 0, 0.0638655, 1.29549, 0, 0.627904, 0.128493, 0, 0.398267, 0.130058, 0, 0, 0.337622
1.022, 0, 0, 0, 0.064407, 1.29465, 0, 0.62791, 0.128492, 0, 0.398268, 0.130061, 0, 0, 0.337626
1.023, 0, 0, 0, 0.0646145, 1.29518, 0, 0.628272, 0.128575, 0, 0.39852, 0.130144, 0, 0, 0.337812
1.024, 0, 0, 0, 0.0638454, 1.29589, 0, 0.627993, 0.128553, 0, 0.398326, 0.130114, 0, 0, 0.33772
1.025, 0, 0, 0, 0.0636875, 1.29538, 0, 0.627714, 0.128471, 0, 0.398134, 0.130032, 0, 0, 0.337551
1.026, 0, 0, 0, 0.0639048, 1.29553, 0, 0.62798, 0.128494, 0, 0.398323, 0.130061, 0, 0, 0.337641
1.027, 0, 0, 0, 0.0638478, 1.2955, 0, 0.627888, 0.128493, 0, 0.398256, 0.130058, 0, 0, 0.33762
1.028, 0, 0, 0, 0.0644019, 1.29465, 0, 0.627906, 0.128491, 0, 0.398266, 0.130059, 0, 0, 0.337623
1.029, 0, 0, 0, 0.0646154, 1.29518, 0, 0.628274, 0.128575, 0, 0.398522, 0.130144, 0, 0, 0.337813
1.03, 0, 0, 0, 0.0638442, 1.29589, 0, 0.62799, 0.128553, 0, 0.398325, 0.130114, 0, 0, 0.33772
1.031, 0, 0, 0, 0.0636879, 1.29538, 0, 0.627714, 0.128471, 0, 0.398135, 0.130031, 0, 0, 0.337552
1.032, 0, 0, 0, 0.0639051, 1.29553, 0, 0.627979, 0.128494, 0, 0.398322, 0.13006, 0, 0, 0.337641
1.033, 0, 0, 0, 0.0638488, 1.2955, 0, 0.627887, 0.128493, 0, 0.398256, 0.130058, 0, 0, 0.33762
1.034, 0, 0, 0, 0.0638715, 1.29549, 0, 0.627903, 0.128493, 0, 0.398268, 0.130058, 0, 0, 0.337623
1.035, 0, 0, 0, 0.0644107, 1.29465, 0, 0.627908, 0.128493, 0, 0.398268, 0.130061, 0, 0, 0.337626
1.036, 0, 0, 0, 0.0646176, 1.29518, 0, 0.62827, 0.128575, 0, 0.39852, 0.130144, 0, 0, 0.337812
1.037, 0, 0, 0, 0.0643788, 1.29505, 0, 0.627992, 0.128552, 0, 0.398324, 0.130115, 0, 0, 0.337721
1.038, 0, 0, 0, 0.0638948, 1.29591, 0, 0.628077, 0.128553, 0, 0.398388, 0.130114, 0, 0, 0.337738
1.039, 0, 0, 0, 0.0636659, 1.2954, 0, 0.627699, 0.128471, 0, 0.398125, 0.130031, 0, 0, 0.33755
1.04, 0, 0, 0, 0.0638969, 1.29552, 0, 0.627973, 0.128493, 0, 0.398319, 0.130058, 0, 0, 0.337638
1.041, 0, 0, 0, 0.0638496, 1.2955, 0, 0.62789, 0.128493, 0, 0.398259, 0.130058, 0, 0, 0.337621
1.042, 0, 0, 0, 0.0638711, 1.29549, 0, 0.627902, 0.128493, 0, 0.398267, 0.130058, 0, 0, 0.337623
1.043, 0, 0, 0, 0.0638808, 1.29549, 0, 0.627906, 0.128495, 0, 0.39827, 0.13006, 0, 0, 0.337626
1.044, 0, 0, 0, 0.0638818, 1.29549, 0, 0.627903, 0.128495, 0, 0.398268, 0.13006, 0, 0, 0.337626
1.045, 0, 0, 0, 0.0644159, 1.29465, 0, 0.627906, 0.128494, 0, 0.398267, 0.130061, 0, 0, 0.337627
1.046, 0, 0, 0, 0.0646224, 1.29517, 0, 0.628271, 0.128576, 0, 0.398521, 0.130144, 0, 0, 0.337814
1.047, 0, 0, 0, 0.0643809, 1.29504, 0, 0.627991, 0.128552, 0, 0.398324, 0.130115, 0, 0, 0.337722
1.048, 0, 0, 0, 0.0638955, 1.29591, 0, 0.628076, 0.128554, 0, 0.398388, 0.130114, 0, 0, 0.337739
1.049, 0, 0, 0, 0.0636659, 1.29539, 0, 0.627698, 0.128471, 0, 0.398125, 0.130031, 0, 0, 0.33755
1.05, 0, 0, 0, 0.0638967, 1.29552, 0, 0.627972, 0.128493, 0, 0.398319, 0.130058, 0, 0, 0.337639
1.051, 0, 0, 0, 0.0638494, 1.2955, 0, 0.627888, 0.128494, 0, 0.398259, 0.130058, 0, 0, 0.337622
1.052, 0, 0, 0, 0.0638712, 1.29549, 0, 0.6279, 0.128494, 0, 0.398267, 0.130058, 0, 0, 0.337623
1.053, 0, 0, 0, 0.0644127, 1.29465, 0, 0.627907, 0.128494, 0, 0.398269, 0.13006, 0, 0, 0.337627
1.054, 0, 0, 0, 0.0646202, 1.29518, 0, 0.628268, 0.128576, 0, 0.398521, 0.130144, 0, 0, 0.337813
1.055, 0, 0, 0, 0.0638511, 1.29588, 0, 0.627989, 0.128554, 0, 0.398326, 0.130114, 0, 0, 0.337722
1.056, 0, 0, 0, 0.0636928, 1.29538, 0, 0.627711, 0.128472, 0, 0.398135, 0.130031, 0, 0, 0.337553
1.057, 0, 0, 0, 0.0639096, 1.29552, 0, 0.627977, 0.128496, 0, 0.398323, 0.13006, 0, 0, 0.337643
1.058, 0, 0, 0, 0.0638525, 1.2955, 0, 0.627885, 0.128495, 0, 0.398257, 0.130058, 0, 0, 0.337622
1.059, 0, 0, 0, 0.0644061, 1.29465, 0, 0.627902, 0.128493, 0, 0.398266, 0.130059, 0, 0, 0.337625
1.06, 0, 0, 0, 0.0646198, 1.29518, 0, 0.628271, 0.128576, 0, 0.398523, 0.130144, 0, 0, 0.337814
1.061, 0, 0, 0, 0.0638486, 1.29588, 0, 0.627987, 0.128555, 0, 0.398325, 0.130113, 0, 0, 0.337721
1.062, 0, 0, 0, 0.0636923, 1.29538, 0, 0.627711, 0.128472, 0, 0.398135, 0.130031, 0, 0, 0.337553
1.063, 0, 0, 0, 0.0639095, 1.29552, 0, 0.627976, 0.128496, 0, 0.398323, 0.13006, 0, 0, 0.337643
1.064, 0, 0, 0, 0.0638532, 1.2955, 0, 0.627884, 0.128495, 0, 0.398257, 0.130058, 0, 0, 0.337622
1.065, 0, 0, 0, 0.063876, 1.29548, 0, 0.627901, 0.128495, 0, 0.398268, 0.130058, 0, 0, 0.337624
1.066, 0, 0, 0, 0.0644152, 1.29465, 0, 0.627906, 0.128495, 0, 0.398269, 0.13006, 0, 0, 0.337628
1.067, 0, 0, 0, 0.0646221, 1.29517, 0, 0.628267, 0.128577, 0, 0.398521, 0.130144, 0, 0, 0.337814
1.068, 0, 0, 0, 0.0643834, 1.29504, 0, 0.627989, 0.128553, 0, 0.398324, 0.130114, 0, 0, 0.337723
1.069, 0, 0, 0, 0.063898, 1.29591, 0, 0.628076, 0.128555, 0, 0.398389, 0.130115, 0, 0, 0.33774
1.07, 0, 0, 0, 0.0636681, 1.29539, 0, 0.627697, 0.128473, 0, 0.398125, 0.130031, 0, 0, 0.337551
1.071, 0, 0, 0, 0.0638997, 1.29552, 0, 0.627972, 0.128495, 0, 0.39832, 0.130058, 0, 0, 0.33764
1.072, 0, 0, 0, 0.063852, 1.2955, 0, 0.627888, 0.128495, 0, 0.39826, 0.130058, 0, 0, 0.337623
1.073, 0, 0, 0, 0.0638736, 1.29549, 0, 0.6279, 0.128495, 0, 0.398268, 0.130058, 0, 0, 0.337624
1.074, 0, 0, 0, 0.0638834, 1.29549, 0, 0.627905, 0.128497, 0, 0.398271, 0.13006, 0, 0, 0.337628
1.075, 0, 0, 0, 0.0638846, 1.29549, 0, 0.627901, 0.128497, 0, 0.398269, 0.13006, 0, 0, 0.337627
1.076, 0, 0, 0, 0.064419, 1.29464, 0, 0.627904, 0.128496, 0, 0.398268, 0.130061, 0, 0, 0.337629
1.077, 0, 0, 0, 0.0646254, 1.29517, 0, 0.628269, 0.128578, 0, 0.398522, 0.130144, 0, 0, 0.337815
1.078, 0, 0, 0, 0.064384, 1.29504, 0, 0.627989, 0.128554, 0, 0.398324, 0.130115, 0, 0, 0.337724
1.079, 0, 0, 0, 0.0638988, 1.29591, 0, 0.628074, 0.128556, 0, 0.398389, 0.130114, 0, 0, 0.337741
1.08, 0, 0, 0, 0.0636691, 1.29539, 0, 0.627696, 0.128474, 0, 0.398126, 0.130031, 0, 0, 0.337552
1.081, 0, 0, 0, 0.0639001, 1.29552, 0, 0.62797, 0.128495, 0, 0.39832, 0.130058, 0, 0, 0.33764
1.082, 0, 0, 0, 0.0638528, 1.2955, 0, 0.627887, 0.128496, 0, 0.39826, 0.130057, 0, 0, 0.337623
1.083, 0, 0, 0, 0.0638746, 1.29548, 0, 0.627898, 0.128496, 0, 0.398268, 0.130058, 0, 0, 0.337625
1.084, 0, 0, 0, 0.064416, 1.29465, 0, 0.627905, 0.128496, 0, 0.398269, 0.13006, 0, 0, 0.337628
1.085, 0, 0, 0, 0.0646235, 1.29517, 0, 0.628267, 0.128578, 0, 0.398521, 0.130144, 0, 0, 0.337815
1.086, 0, 0, 0, 0.0638546, 1.29588, 0, 0.627987, 0.128556, 0, 0.398327, 0.130114, 0, 0, 0.337723
1.087, 0, 0, 0, 0.0636963, 1.29538, 0, 0.627709, 0.128474, 0, 0.398135, 0.130031, 0, 0, 0.337554
1.088, 0, 0, 0, 0.063913, 1.29552, 0, 0.627975, 0.128498, 0, 0.398323, 0.13006, 0, 0, 0.337644
1.089, 0, 0, 0, 0.0638563, 1.2955, 0, 0.627883, 0.128497, 0, 0.398257, 0.130058, 0, 0, 0.337623
1.09, 0, 0, 0, 0.0644101, 1.29464, 0, 0.627901, 0.128494, 0, 0.398267, 0.130059, 0, 0, 0.337626
1.091, 0, 0, 0, 0.0640922, 1.29601, 0, 0.628267, 0.12858, 0, 0.398525, 0.130143, 0, 0, 0.337815
1.092, 0, 0, 0, 0.0641779, 1.29451, 0, 0.627622, 0.128472, 0, 0.39807, 0.130031, 0, 0, 0.337537
1.093, 0, 0, 0, 0.0641423, 1.29603, 0, 0.628353, 0.12858, 0, 0.398587, 0.130143, 0, 0, 0.337833
1.094, 0, 0, 0, 0.0636261, 1.29537, 0, 0.627608, 0.128475, 0, 0.398063, 0.13003, 0, 0, 0.337535
1.095, 0, 0, 0, 0.0639274, 1.2955, 0, 0.627982, 0.128496, 0, 0.398329, 0.130058, 0, 0, 0.337643
1.096, 0, 0, 0, 0.0643976, 1.29466, 0, 0.627891, 0.128496, 0, 0.398261, 0.13006, 0, 0, 0.337628
1.097, 0, 0, 0, 0.0646159, 1.29517, 0, 0.62826, 0.128577, 0, 0.398518, 0.130142, 0, 0, 0.337812
1.098, 0, 0, 0, 0.0638552, 1.29588, 0, 0.627988, 0.128557, 0, 0.398329, 0.130113, 0, 0, 0.337724
1.099, 0, 0, 0, 0.0636957, 1.29537, 0, 0.627706, 0.128474, 0, 0.398135, 0.130031, 0, 0, 0.337554
1.1, 0, 0, 0, 0.0639149, 1.29552, 0, 0.627973, 0.128498, 0, 0.398324, 0.13006, 0, 0, 0.337644
1.101, 0, 0, 0, 0.0638589, 1.29549, 0, 0.627881, 0.128497, 0, 0.398258, 0.130057, 0, 0, 0.337623
1.102, 0, 0, 0, 0.0638819, 1.29548, 0, 0.627897, 0.128497, 0, 0.398269, 0.130058, 0, 0, 0.337626
1.103, 0, 0, 0, 0.0644199, 1.29465, 0, 0.627904, 0.128497, 0, 0.39827, 0.13006, 0, 0, 0.33763
1.104, 0, 0, 0, 0.0646257, 1.29517, 0, 0.628265, 0.128579, 0, 0.398521, 0.130143, 0, 0, 0.337815
1.105, 0, 0, 0, 0.0638564, 1.29588, 0, 0.627986, 0.128557, 0, 0.398327, 0.130113, 0, 0, 0.337724
1.106, 0, 0, 0, 0.0636973, 1.29538, 0, 0.627708, 0.128475, 0, 0.398136, 0.130031, 0, 0, 0.337555
1.107, 0, 0, 0, 0.0639137, 1.29552, 0, 0.627973, 0.128499, 0, 0.398324, 0.13006, 0, 0, 0.337645
1.108, 0, 0, 0, 0.0638573, 1.29549, 0, 0.627882, 0.128497, 0, 0.398258, 0.130057, 0, 0, 0.337624
1.109, 0, 0, 0, 0.0644116, 1.29464, 0, 0.627899, 0.128495, 0, 0.398267, 0.130059, 0, 0, 0.337627
1.11, 0, 0, 0, 0.0646258, 1.29517, 0, 0.628267, 0.128579, 0, 0.398524, 0.130143, 0, 0, 0.337816
1.111, 0, 0, 0, 0.0638545, 1.29588, 0, 0.627984, 0.128557, 0, 0.398326, 0.130113, 0, 0, 0.337724
1.112, 0, 0, 0, 0.0636981, 1.29537, 0, 0.627707, 0.128475, 0, 0.398136, 0.130031, 0, 0, 0.337555
1.113, 0, 0, 0, 0.0639157, 1.29552, 0, 0.627973, 0.128499, 0, 0.398324, 0.13006, 0, 0, 0.337645
1.114, 0, 0, 0, 0.0638595, 1.29549, 0, 0.627881, 0.128498, 0, 0.398258, 0.130057, 0, 0, 0.337624
1.115, 0, 0, 0, 0.064414, 1.29464, 0, 0.627898, 0.128496, 0, 0.398267, 0.130058, 0, 0, 0.337627
1.116, 0, 0, 0, 0.0646277, 1.29517, 0, 0.628267, 0.128579, 0, 0.398524, 0.130143, 0, 0, 0.337817
1.117, 0, 0, 0, 0.0638564, 1.29588, 0, 0.627983, 0.128558, 0, 0.398326, 0.130113, 0, 0, 0.337724
1.118, 0, 0, 0, 0.0637001, 1.29537, 0, 0.627706, 0.128475, 0, 0.398136, 0.130031, 0, 0, 0.337556
1.119, 0, 0, 0, 0.0639174, 1.29552, 0, 0.627972, 0.128499, 0, 0.398324, 0.13006, 0, 0, 0.337645
1.12, 0, 0, 0, 0.0638611, 1.29549, 0, 0.62788, 0.128498, 0, 0.398258, 0.130057, 0, 0, 0.337624
1.121, 0, 0, 0, 0.0638839, 1.29548, 0, 0.627896, 0.128498, 0, 0.398269, 0.130058, 0, 0, 0.337627
1.122, 0, 0, 0, 0.0644232, 1.29464, 0, 0.627901, 0.128498, 0, 0.39827, 0.13006, 0, 0, 0.337631
1.123, 0, 0, 0, 0.0646301, 1.29517, 0, 0.628263, 0.12858, 0, 0.398522, 0.130143, 0, 0, 0.337817
1.124, 0, 0, 0, 0.0643912, 1.29504, 0, 0.627985, 0.128556, 0, 0.398325, 0.130114, 0, 0, 0.337725
1.125, 0, 0, 0, 0.0639072, 1.2959, 0, 0.62807, 0.128558, 0, 0.398389, 0.130114, 0, 0, 0.337742
1.126, 0, 0, 0, 0.0636783, 1.29539, 0, 0.627692, 0.128476, 0, 0.398126, 0.13003, 0, 0, 0.337554
1.127, 0, 0, 0, 0.0639093, 1.29551, 0, 0.627966, 0.128498, 0, 0.39832, 0.130057, 0, 0, 0.337642
1.128, 0, 0, 0, 0.0638621, 1.29549, 0, 0.627882, 0.128498, 0, 0.39826, 0.130057, 0, 0, 0.337625
1.129, 0, 0, 0, 0.0638838, 1.29548, 0, 0.627894, 0.128498, 0, 0.398268, 0.130057, 0, 0, 0.337627
1.13, 0, 0, 0, 0.0638937, 1.29548, 0, 0.627899, 0.1285, 0, 0.398272, 0.130059, 0, 0, 0.33763
1.131, 0, 0, 0, 0.0638947, 1.29548, 0, 0.627896, 0.1285, 0, 0.398269, 0.130059, 0, 0, 0.33763
1.132, 0, 0, 0, 0.0644275, 1.29464, 0, 0.6279, 0.128499, 0, 0.398269, 0.130061, 0, 0, 0.337631
1.133, 0, 0, 0, 0.0646329, 1.29517, 0, 0.628263, 0.12858, 0, 0.398522, 0.130143, 0, 0, 0.337818
1.134, 0, 0, 0, 0.0643921, 1.29504, 0, 0.627985, 0.128557, 0, 0.398326, 0.130114, 0, 0, 0.337726
1.135, 0, 0, 0, 0.0639064, 1.2959, 0, 0.628069, 0.128558, 0, 0.39839, 0.130114, 0, 0, 0.337743
1.136, 0, 0, 0, 0.0636776, 1.29539, 0, 0.62769, 0.128476, 0, 0.398126, 0.13003, 0, 0, 0.337554
1.137, 0, 0, 0, 0.063909, 1.29551, 0, 0.627965, 0.128498, 0, 0.398321, 0.130057, 0, 0, 0.337643
1.138, 0, 0, 0, 0.0638616, 1.29549, 0, 0.627881, 0.128499, 0, 0.39826, 0.130057, 0, 0, 0.337626
1.139, 0, 0, 0, 0.0638837, 1.29548, 0, 0.627893, 0.128498, 0, 0.398268, 0.130057, 0, 0, 0.337627
1.14, 0, 0, 0, 0.0638938, 1.29548, 0, 0.627898, 0.1285, 0, 0.398272, 0.130059, 0, 0, 0.337631
1.141, 0, 0, 0, 0.064427, 1.29464, 0, 0.627897, 0.128499, 0, 0.398268, 0.13006, 0, 0, 0.337631
1.142, 0, 0, 0, 0.064636, 1.29517, 0, 0.628263, 0.128581, 0, 0.398523, 0.130143, 0, 0, 0.337818
1.143, 0, 0, 0, 0.0643954, 1.29504, 0, 0.627983, 0.128557, 0, 0.398325, 0.130114, 0, 0, 0.337727
1.144, 0, 0, 0, 0.06391, 1.2959, 0, 0.628069, 0.128559, 0, 0.39839, 0.130114, 0, 0, 0.337744
1.145, 0, 0, 0, 0.0636803, 1.29539, 0, 0.62769, 0.128477, 0, 0.398126, 0.13003, 0, 0, 0.337555
1.146, 0, 0, 0, 0.0639113, 1.29551, 0, 0.627965, 0.128499, 0, 0.398321, 0.130057, 0, 0, 0.337643
1.147, 0, 0, 0, 0.0638638, 1.29549, 0, 0.627881, 0.128499, 0, 0.39826, 0.130057, 0, 0, 0.337626
1.148, 0, 0, 0, 0.0638862, 1.29548, 0, 0.627892, 0.128499, 0, 0.398268, 0.130057, 0, 0, 0.337627
1.149, 0, 0, 0, 0.0638967, 1.29548, 0, 0.627897, 0.128501, 0, 0.398272, 0.130059, 0, 0, 0.337631
1.15, 0, 0, 0, 0.0644291, 1.29464, 0, 0.627895, 0.128499, 0, 0.398268, 0.13006, 0, 0, 0.337631
1.151, 0, 0, 0, 0.0646381, 1.29516, 0, 0.628261, 0.128581, 0, 0.398523, 0.130143, 0, 0, 0.337819
1.152, 0, 0, 0, 0.0638649, 1.29588, 0, 0.627981, 0.12856, 0, 0.398327, 0.130113, 0, 0, 0.337727
1.153, 0, 0, 0, 0.0637048, 1.29537, 0, 0.627702, 0.128477, 0, 0.398136, 0.13003, 0, 0, 0.337557
1.154, 0, 0, 0, 0.0639218, 1.29551, 0, 0.627969, 0.128501, 0, 0.398324, 0.130059, 0, 0, 0.337647
1.155, 0, 0, 0, 0.0643962, 1.29465, 0, 0.627878, 0.128498, 0, 0.398256, 0.130058, 0, 0, 0.337627
1.156, 0, 0, 0, 0.0640934, 1.296, 0, 0.628258, 0.128582, 0, 0.398523, 0.13014, 0, 0, 0.337815
1.157, 0, 0, 0, 0.0641866, 1.29451, 0, 0.627618, 0.128475, 0, 0.398072, 0.13003, 0, 0, 0.33754
1.158, 0, 0, 0, 0.0641502, 1.29603, 0, 0.628345, 0.128583, 0, 0.398586, 0.130142, 0, 0, 0.337835
1.159, 0, 0, 0, 0.0636362, 1.29536, 0, 0.627602, 0.128478, 0, 0.398064, 0.130029, 0, 0, 0.337538
1.16, 0, 0, 0, 0.0639382, 1.29549, 0, 0.627976, 0.128499, 0, 0.39833, 0.130058, 0, 0, 0.337646
1.161, 0, 0, 0, 0.0638772, 1.29549, 0, 0.627884, 0.128501, 0, 0.398264, 0.130058, 0, 0, 0.337631
1.162, 0, 0, 0, 0.0644213, 1.29463, 0, 0.627889, 0.128498, 0, 0.398264, 0.130058, 0, 0, 0.337629
1.163, 0, 0, 0, 0.0646388, 1.29517, 0, 0.628263, 0.128581, 0, 0.398525, 0.130143, 0, 0, 0.33782
1.164, 0, 0, 0, 0.0638643, 1.29587, 0, 0.627979, 0.12856, 0, 0.398326, 0.130113, 0, 0, 0.337727
1.165, 0, 0, 0, 0.0637065, 1.29537, 0, 0.627702, 0.128478, 0, 0.398136, 0.13003, 0, 0, 0.337558
1.166, 0, 0, 0, 0.0639239, 1.29551, 0, 0.627968, 0.128501, 0, 0.398324, 0.130059, 0, 0, 0.337648
1.167, 0, 0, 0, 0.0638681, 1.29549, 0, 0.627875, 0.1285, 0, 0.398258, 0.130057, 0, 0, 0.337627
1.168, 0, 0, 0, 0.0644227, 1.29463, 0, 0.627893, 0.128498, 0, 0.398268, 0.130058, 0, 0, 0.33763
1.169, 0, 0, 0, 0.0646362, 1.29517, 0, 0.628261, 0.128582, 0, 0.398524, 0.130143, 0, 0, 0.337819
1.17, 0, 0, 0, 0.0638654, 1.29587, 0, 0.627977, 0.12856, 0, 0.398326, 0.130112, 0, 0, 0.337727
1.171, 0, 0, 0, 0.0637094, 1.29537, 0, 0.627701, 0.128478, 0, 0.398136, 0.13003, 0, 0, 0.337558
1.172, 0, 0, 0, 0.0639262, 1.29551, 0, 0.627967, 0.128502, 0, 0.398324, 0.130059, 0, 0, 0.337648
1.173, 0, 0, 0, 0.0638698, 1.29549, 0, 0.627874, 0.1285, 0, 0.398258, 0.130057, 0, 0, 0.337627
1.174, 0, 0, 0, 0.0638921, 1.29547, 0, 0.627892, 0.128501, 0, 0.39827, 0.130057, 0, 0, 0.33763
1.175, 0, 0, 0, 0.0644308, 1.29464, 0, 0.627896, 0.1285, 0, 0.39827, 0.130059, 0, 0, 0.337633
1.176, 0, 0, 0, 0.064638, 1.29516, 0, 0.628258, 0.128582, 0, 0.398522, 0.130143, 0, 0, 0.337819
1.177, 0, 0, 0, 0.064399, 1.29503, 0, 0.62798, 0.128559, 0, 0.398326, 0.130114, 0, 0, 0.337728
1.178, 0, 0, 0, 0.063915, 1.29589, 0, 0.628065, 0.12856, 0, 0.39839, 0.130113, 0, 0, 0.337745
1.179, 0, 0, 0, 0.0636862, 1.29538, 0, 0.627687, 0.128478, 0, 0.398127, 0.13003, 0, 0, 0.337557
1.18, 0, 0, 0, 0.0639172, 1.29551, 0, 0.627961, 0.1285, 0, 0.398321, 0.130057, 0, 0, 0.337645
1.181, 0, 0, 0, 0.0638701, 1.29549, 0, 0.627877, 0.128501, 0, 0.39826, 0.130056, 0, 0, 0.337628
1.182, 0, 0, 0, 0.0638918, 1.29547, 0, 0.627889, 0.128501, 0, 0.398269, 0.130057, 0, 0, 0.337629
1.183, 0, 0, 0, 0.0639011, 1.29548, 0, 0.627895, 0.128503, 0, 0.398272, 0.130059, 0, 0, 0.337633
1.184, 0, 0, 0, 0.0639016, 1.29547, 0, 0.627891, 0.128503, 0, 0.39827, 0.130059, 0, 0, 0.337633
1.185, 0, 0, 0, 0.0644361, 1.29463, 0, 0.627894, 0.128501, 0, 0.398269, 0.13006, 0, 0, 0.337634
1.186, 0, 0, 0, 0.0646424, 1.29516, 0, 0.628259, 0.128583, 0, 0.398523, 0.130143, 0, 0, 0.337821
1.187, 0, 0, 0, 0.0644009, 1.29503, 0, 0.627979, 0.12856, 0, 0.398326, 0.130114, 0, 0, 0.337729
1.188, 0, 0, 0, 0.0639157, 1.29589, 0, 0.628064, 0.128561, 0, 0.39839, 0.130113, 0, 0, 0.337746
1.189, 0, 0, 0, 0.0636863, 1.29538, 0, 0.627686, 0.128479, 0, 0.398127, 0.13003, 0, 0, 0.337557
1.19, 0, 0, 0, 0.0639174, 1.29551, 0, 0.62796, 0.128501, 0, 0.398321, 0.130057, 0, 0, 0.337645
1.191, 0, 0, 0, 0.0638702, 1.29549, 0, 0.627876, 0.128501, 0, 0.39826, 0.130056, 0, 0, 0.337629
1.192, 0, 0, 0, 0.0638921, 1.29547, 0, 0.627888, 0.128501, 0, 0.398269, 0.130057, 0, 0, 0.33763
1.193, 0, 0, 0, 0.0639022, 1.29548, 0, 0.627893, 0.128503, 0, 0.398272, 0.130058, 0, 0, 0.337634
1.194, 0, 0, 0, 0.0644354, 1.29463, 0, 0.627891, 0.128501, 0, 0.398268, 0.130059, 0, 0, 0.337634
1.195, 0, 0, 0, 0.0646445, 1.29516, 0, 0.628258, 0.128584, 0, 0.398523, 0.130143, 0, 0, 0.337821
1.196, 0, 0, 0, 0.0644038, 1.29503, 0, 0.627978, 0.12856, 0, 0.398326, 0.130113, 0, 0, 0.337729
1.197, 0, 0, 0, 0.0639192, 1.29589, 0, 0.628063, 0.128561, 0, 0.39839, 0.130113, 0, 0, 0.337746
1.198, 0, 0, 0, 0.0636885, 1.29538, 0, 0.627686, 0.12848, 0, 0.398127, 0.13003, 0, 0, 0.337558
1.199, 0, 0, 0, 0.0639182, 1.29551, 0, 0.627959, 0.128501, 0, 0.398321, 0.130057, 0, 0, 0.337646
1.2, 0, 0, 0, 0.0638715, 1.29549, 0, 0.627877, 0.128502, 0, 0.398261, 0.130056, 0, 0, 0.337629
1.201, 0, 0, 0, 0.0638928, 1.29547, 0, 0.627888, 0.128502, 0, 0.398269, 0.130057, 0, 0, 0.33763
1.202, 0, 0, 0, 0.0639027, 1.29548, 0, 0.627893, 0.128504, 0, 0.398272, 0.130058, 0, 0, 0.337634
1.203, 0, 0, 0, 0.0644353, 1.29463, 0, 0.627891, 0.128502, 0, 0.398268, 0.130059, 0, 0, 0.337634
1.204, 0, 0, 0, 0.0646441, 1.29516, 0, 0.628257, 0.128584, 0, 0.398523, 0.130143, 0, 0, 0.337821
1.205, 0, 0, 0, 0.0638724, 1.29587, 0, 0.627976, 0.128563, 0, 0.398328, 0.130113, 0, 0, 0.337729
1.206, 0, 0, 0, 0.0637134, 1.29536, 0, 0.627698, 0.12848, 0, 0.398136, 0.13003, 0, 0, 0.33756
1.207, 0, 0, 0, 0.0639299, 1.29551, 0, 0.627964, 0.128504, 0, 0.398324, 0.130059, 0, 0, 0.33765
1.208, 0, 0, 0, 0.0644046, 1.29464, 0, 0.627873, 0.128501, 0, 0.398257, 0.130057, 0, 0, 0.33763
1.209, 0, 0, 0, 0.064102, 1.296, 0, 0.628253, 0.128584, 0, 0.398524, 0.13014, 0, 0, 0.337818
1.21, 0, 0, 0, 0.0636634, 1.29534, 0, 0.627612, 0.12848, 0, 0.398075, 0.130029, 0, 0, 0.337543
1.211, 0, 0, 0, 0.064483, 1.29465, 0, 0.627977, 0.128502, 0, 0.398331, 0.13006, 0, 0, 0.337652
1.212, 0, 0, 0, 0.0640899, 1.29601, 0, 0.628242, 0.128586, 0, 0.398516, 0.130141, 0, 0, 0.337819
1.213, 0, 0, 0, 0.0636581, 1.29534, 0, 0.627605, 0.128479, 0, 0.39807, 0.130027, 0, 0, 0.33754
1.214, 0, 0, 0, 0.0644861, 1.29466, 0, 0.627981, 0.128502, 0, 0.398334, 0.13006, 0, 0, 0.337653
1.215, 0, 0, 0, 0.0640883, 1.29601, 0, 0.62824, 0.128587, 0, 0.398515, 0.130141, 0, 0, 0.337819
1.216, 0, 0, 0, 0.0636576, 1.29534, 0, 0.627605, 0.128479, 0, 0.39807, 0.130027, 0, 0, 0.33754
1.217, 0, 0, 0, 0.0644858, 1.29466, 0, 0.627981, 0.128502, 0, 0.398335, 0.13006, 0, 0, 0.337654
1.218, 0, 0, 0, 0.0640887, 1.29601, 0, 0.62824, 0.128587, 0, 0.398515, 0.130141, 0, 0, 0.337819
1.219, 0, 0, 0, 0.0636587, 1.29534, 0, 0.627605, 0.128479, 0, 0.398071, 0.130027, 0, 0, 0.33754
1.22, 0, 0, 0, 0.0639552, 1.2955, 0, 0.627979, 0.128504, 0, 0.398336, 0.130059, 0, 0, 0.337653
1.221, 0, 0, 0, 0.0644153, 1.29464, 0, 0.627876, 0.128503, 0, 0.398259, 0.130059, 0, 0, 0.337633
1.222, 0, 0, 0, 0.0646375, 1.29515, 0, 0.62825, 0.128583, 0, 0.39852, 0.130141, 0, 0, 0.337819
1.223, 0, 0, 0, 0.0638739, 1.29587, 0, 0.627978, 0.128564, 0, 0.39833, 0.130113, 0, 0, 0.337731
1.224, 0, 0, 0, 0.0637133, 1.29536, 0, 0.627695, 0.128481, 0, 0.398135, 0.13003, 0, 0, 0.33756
1.225, 0, 0, 0, 0.0639326, 1.29551, 0, 0.627963, 0.128505, 0, 0.398325, 0.130059, 0, 0, 0.337651
1.226, 0, 0, 0, 0.0638762, 1.29548, 0, 0.627871, 0.128504, 0, 0.398259, 0.130056, 0, 0, 0.33763
1.227, 0, 0, 0, 0.0638992, 1.29547, 0, 0.627887, 0.128503, 0, 0.39827, 0.130057, 0, 0, 0.337633
1.228, 0, 0, 0, 0.0644386, 1.29463, 0, 0.627892, 0.128503, 0, 0.398271, 0.130059, 0, 0, 0.337636
1.229, 0, 0, 0, 0.0646455, 1.29516, 0, 0.628254, 0.128585, 0, 0.398523, 0.130142, 0, 0, 0.337822
1.23, 0, 0, 0, 0.0638755, 1.29587, 0, 0.627974, 0.128564, 0, 0.398328, 0.130112, 0, 0, 0.337731
1.231, 0, 0, 0, 0.0637159, 1.29536, 0, 0.627697, 0.128482, 0, 0.398137, 0.13003, 0, 0, 0.337562
1.232, 0, 0, 0, 0.0639323, 1.29551, 0, 0.627962, 0.128505, 0, 0.398325, 0.130059, 0, 0, 0.337651
1.233, 0, 0, 0, 0.0644075, 1.29464, 0, 0.627872, 0.128502, 0, 0.398257, 0.130057, 0, 0, 0.337631
1.234, 0, 0, 0, 0.0641046, 1.296, 0, 0.628252, 0.128586, 0, 0.398524, 0.13014, 0, 0, 0.33782
1.235, 0, 0, 0, 0.0636658, 1.29534, 0, 0.627611, 0.128482, 0, 0.398075, 0.130029, 0, 0, 0.337544
1.236, 0, 0, 0, 0.0644854, 1.29465, 0, 0.627976, 0.128503, 0, 0.398331, 0.13006, 0, 0, 0.337653
1.237, 0, 0, 0, 0.0640922, 1.29601, 0, 0.628241, 0.128588, 0, 0.398516, 0.130141, 0, 0, 0.337821
1.238, 0, 0, 0, 0.0636602, 1.29534, 0, 0.627604, 0.128481, 0, 0.398071, 0.130028, 0, 0, 0.337541
1.239, 0, 0, 0, 0.064488, 1.29466, 0, 0.62798, 0.128504, 0, 0.398335, 0.13006, 0, 0, 0.337655
1.24, 0, 0, 0, 0.0640908, 1.29601, 0, 0.628239, 0.128588, 0, 0.398515, 0.130141, 0, 0, 0.33782
1.241, 0, 0, 0, 0.0636606, 1.29533, 0, 0.627604, 0.128481, 0, 0.398071, 0.130027, 0, 0, 0.337541
1.242, 0, 0, 0, 0.0639569, 1.29549, 0, 0.627978, 0.128506, 0, 0.398336, 0.130059, 0, 0, 0.337654
1.243, 0, 0, 0, 0.0644169, 1.29464, 0, 0.627875, 0.128504, 0, 0.398259, 0.130059, 0, 0, 0.337634
1.244, 0, 0, 0, 0.064639, 1.29515, 0, 0.62825, 0.128585, 0, 0.39852, 0.130141, 0, 0, 0.33782
1.245, 0, 0, 0, 0.0638759, 1.29587, 0, 0.627977, 0.128565, 0, 0.39833, 0.130112, 0, 0, 0.337732
1.246, 0, 0, 0, 0.0637157, 1.29536, 0, 0.627694, 0.128482, 0, 0.398136, 0.13003, 0, 0, 0.337562
1.247, 0, 0, 0, 0.0639348, 1.29551, 0, 0.627962, 0.128506, 0, 0.398325, 0.130059, 0, 0, 0.337652
1.248, 0, 0, 0, 0.0638786, 1.29548, 0, 0.62787, 0.128505, 0, 0.398259, 0.130056, 0, 0, 0.337631
1.249, 0, 0, 0, 0.0639014, 1.29547, 0, 0.627886, 0.128505, 0, 0.39827, 0.130057, 0, 0, 0.337634
1.25, 0, 0, 0, 0.0644408, 1.29463, 0, 0.627891, 0.128504, 0, 0.398271, 0.130059, 0, 0, 0.337637
1.251, 0, 0, 0, 0.0646476, 1.29516, 0, 0.628253, 0.128587, 0, 0.398523, 0.130142, 0, 0, 0.337823
1.252, 0, 0, 0, 0.0644087, 1.29503, 0, 0.627975, 0.128563, 0, 0.398326, 0.130113, 0, 0, 0.337732
1.253, 0, 0, 0, 0.0639247, 1.29589, 0, 0.62806, 0.128565, 0, 0.398391, 0.130113, 0, 0, 0.337749
1.254, 0, 0, 0, 0.0636957, 1.29538, 0, 0.627682, 0.128483, 0, 0.398128, 0.130029, 0, 0, 0.337561
1.255, 0, 0, 0, 0.0639266, 1.2955, 0, 0.627956, 0.128505, 0, 0.398322, 0.130057, 0, 0, 0.337649
1.256, 0, 0, 0, 0.0638793, 1.29548, 0, 0.62786, 0.128507, 0, 0.398261, 0.130056, 0, 0, 0.337632
1.257, 0, 0, 0, 0.0639008, 1.29547, 0, 0.627871, 0.128507, 0, 0.39827, 0.130056, 0, 0, 0.337633
1.258, 0, 0, 0, 0.0639104, 1.29547, 0, 0.627888, 0.128507, 0, 0.398273, 0.130058, 0, 0, 0.337637
1.259, 0, 0, 0, 0.0639113, 1.29547, 0, 0.627886, 0.128506, 0, 0.398271, 0.130058, 0, 0, 0.337637
1.26, 0, 0, 0, 0.0644453, 1.29463, 0, 0.627889, 0.128505, 0, 0.39827, 0.130059, 0, 0, 0.337638
1.261, 0, 0, 0, 0.0646516, 1.29516, 0, 0.628253, 0.128587, 0, 0.398524, 0.130143, 0, 0, 0.337825
1.262, 0, 0, 0, 0.0644102, 1.29503, 0, 0.627974, 0.128563, 0, 0.398326, 0.130113, 0, 0, 0.337733
1.263, 0, 0, 0, 0.0639251, 1.29589, 0, 0.628059, 0.128565, 0, 0.398391, 0.130113, 0, 0, 0.33775
1.264, 0, 0, 0, 0.0636958, 1.29537, 0, 0.627681, 0.128482, 0, 0.398128, 0.130029, 0, 0, 0.337561
1.265, 0, 0, 0, 0.0639267, 1.2955, 0, 0.627955, 0.128504, 0, 0.398322, 0.130056, 0, 0, 0.337649
1.266, 0, 0, 0, 0.0638793, 1.29548, 0, 0.627871, 0.128505, 0, 0.398261, 0.130056, 0, 0, 0.337632
1.267, 0, 0, 0, 0.0639011, 1.29547, 0, 0.627883, 0.128505, 0, 0.398269, 0.130056, 0, 0, 0.337634
1.268, 0, 0, 0, 0.063911, 1.29547, 0, 0.627876, 0.128508, 0, 0.398273, 0.130058, 0, 0, 0.337637
1.269, 0, 0, 0, 0.0644439, 1.29463, 0, 0.627873, 0.128506, 0, 0.398269, 0.130059, 0, 0, 0.337637
1.27, 0, 0, 0, 0.0646528, 1.29515, 0, 0.628252, 0.128587, 0, 0.398524, 0.130142, 0, 0, 0.337825
1.271, 0, 0, 0, 0.064412, 1.29502, 0, 0.627973, 0.128563, 0, 0.398326, 0.130113, 0, 0, 0.337733
1.272, 0, 0, 0, 0.0639275, 1.29589, 0, 0.628058, 0.128564, 0, 0.398391, 0.130113, 0, 0, 0.33775
1.273, 0, 0, 0, 0.0636982, 1.29537, 0, 0.62768, 0.128482, 0, 0.398128, 0.130029, 0, 0, 0.337562
1.274, 0, 0, 0, 0.0639288, 1.2955, 0, 0.627955, 0.128504, 0, 0.398322, 0.130056, 0, 0, 0.33765
1.275, 0, 0, 0, 0.0638814, 1.29548, 0, 0.627871, 0.128505, 0, 0.398261, 0.130056, 0, 0, 0.337633
1.276, 0, 0, 0, 0.0639029, 1.29547, 0, 0.627883, 0.128505, 0, 0.39827, 0.130056, 0, 0, 0.337634
1.277, 0, 0, 0, 0.0639128, 1.29547, 0, 0.627888, 0.128507, 0, 0.398282, 0.130056, 0, 0, 0.337638
1.278, 0, 0, 0, 0.0639137, 1.29547, 0, 0.627885, 0.128507, 0, 0.398281, 0.130055, 0, 0, 0.337638
1.279, 0, 0, 0, 0.064448, 1.29462, 0, 0.627888, 0.128505, 0, 0.39828, 0.130056, 0, 0, 0.337639
1.28, 0, 0, 0, 0.0646545, 1.29515, 0, 0.62824, 0.128589, 0, 0.398526, 0.130141, 0, 0, 0.337826
1.281, 0, 0, 0, 0.0644129, 1.29502, 0, 0.627959, 0.128565, 0, 0.398326, 0.130113, 0, 0, 0.337734
1.282, 0, 0, 0, 0.0639274, 1.29589, 0, 0.628057, 0.128565, 0, 0.39839, 0.130113, 0, 0, 0.337751
1.283, 0, 0, 0, 0.0636965, 1.29537, 0, 0.627681, 0.128483, 0, 0.398127, 0.130029, 0, 0, 0.337562
1.284, 0, 0, 0, 0.0639267, 1.2955, 0, 0.627955, 0.128505, 0, 0.398321, 0.130057, 0, 0, 0.33765
1.285, 0, 0, 0, 0.0638797, 1.29548, 0, 0.627872, 0.128505, 0, 0.398261, 0.130056, 0, 0, 0.337633
1.286, 0, 0, 0, 0.0639012, 1.29547, 0, 0.627883, 0.128505, 0, 0.398269, 0.130056, 0, 0, 0.337635
1.287, 0, 0, 0, 0.0644428, 1.29463, 0, 0.62789, 0.128505, 0, 0.398271, 0.130059, 0, 0, 0.337639
1.288, 0, 0, 0, 0.0646503, 1.29516, 0, 0.628252, 0.128587, 0, 0.398523, 0.130142, 0, 0, 0.337825
1.289, 0, 0, 0, 0.0638811, 1.29586, 0, 0.627972, 0.128566, 0, 0.398328, 0.130113, 0, 0, 0.337733
1.29, 0, 0, 0, 0.0637239, 1.29536, 0, 0.627693, 0.128483, 0, 0.398137, 0.13003, 0, 0, 0.337564
1.291, 0, 0, 0, 0.0639414, 1.2955, 0, 0.62796, 0.128507, 0, 0.398325, 0.130059, 0, 0, 0.337655
1.292, 0, 0, 0, 0.0638843, 1.29548, 0, 0.627868, 0.128506, 0, 0.398259, 0.130056, 0, 0, 0.337633
1.293, 0, 0, 0, 0.063907, 1.29546, 0, 0.627871, 0.128507, 0, 0.39827, 0.130057, 0, 0, 0.337636
1.294, 0, 0, 0, 0.0644462, 1.29463, 0, 0.627875, 0.128507, 0, 0.398271, 0.130059, 0, 0, 0.337639
1.295, 0, 0, 0, 0.064653, 1.29515, 0, 0.628237, 0.128589, 0, 0.398523, 0.130142, 0, 0, 0.337825
1.296, 0, 0, 0, 0.064414, 1.29502, 0, 0.627971, 0.128564, 0, 0.398326, 0.130113, 0, 0, 0.337734
1.297, 0, 0, 0, 0.0639286, 1.29589, 0, 0.628058, 0.128565, 0, 0.398391, 0.130113, 0, 0, 0.337751
1.298, 0, 0, 0, 0.0636988, 1.29537, 0, 0.62768, 0.128483, 0, 0.398128, 0.130029, 0, 0, 0.337562
1.299, 0, 0, 0, 0.0639303, 1.2955, 0, 0.627955, 0.128505, 0, 0.398331, 0.130054, 0, 0, 0.337651
1.3, 0, 0, 0, 0.0638828, 1.29548, 0, 0.627872, 0.128506, 0, 0.398272, 0.130053, 0, 0, 0.337634
1.301, 0, 0, 0, 0.0639043, 1.29547, 0, 0.627883, 0.128506, 0, 0.398272, 0.130055, 0, 0, 0.337635
1.302, 0, 0, 0, 0.0639141, 1.29547, 0, 0.627888, 0.128507, 0, 0.398273, 0.130058, 0, 0, 0.337639
1.303, 0, 0, 0, 0.0639151, 1.29547, 0, 0.627885, 0.128508, 0, 0.39827, 0.130059, 0, 0, 0.337639
1.304, 0, 0, 0, 0.0644494, 1.29462, 0, 0.627888, 0.128506, 0, 0.39827, 0.13006, 0, 0, 0.33764
1.305, 0, 0, 0, 0.064656, 1.29515, 0, 0.628253, 0.128588, 0, 0.398532, 0.130141, 0, 0, 0.337827
1.306, 0, 0, 0, 0.0644155, 1.29502, 0, 0.627972, 0.128564, 0, 0.398328, 0.130112, 0, 0, 0.337735
1.307, 0, 0, 0, 0.0639306, 1.29588, 0, 0.628058, 0.128566, 0, 0.398391, 0.130113, 0, 0, 0.337752
1.308, 0, 0, 0, 0.0637005, 1.29537, 0, 0.627679, 0.128484, 0, 0.398127, 0.130029, 0, 0, 0.337563
1.309, 0, 0, 0, 0.0639317, 1.2955, 0, 0.627941, 0.128507, 0, 0.398321, 0.130057, 0, 0, 0.337651
1.31, 0, 0, 0, 0.0638844, 1.29548, 0, 0.627856, 0.128508, 0, 0.398261, 0.130056, 0, 0, 0.337634
1.311, 0, 0, 0, 0.063906, 1.29546, 0, 0.62788, 0.128506, 0, 0.398269, 0.130056, 0, 0, 0.337636
1.312, 0, 0, 0, 0.063916, 1.29547, 0, 0.627886, 0.128507, 0, 0.398273, 0.130058, 0, 0, 0.337639
1.313, 0, 0, 0, 0.0644492, 1.29462, 0, 0.627873, 0.128507, 0, 0.398269, 0.130059, 0, 0, 0.337639
1.314, 0, 0, 0, 0.0646581, 1.29515, 0, 0.628251, 0.128588, 0, 0.398533, 0.13014, 0, 0, 0.337827
1.315, 0, 0, 0, 0.0644171, 1.29502, 0, 0.627972, 0.128564, 0, 0.398337, 0.13011, 0, 0, 0.337735
1.316, 0, 0, 0, 0.0639322, 1.29588, 0, 0.628057, 0.128566, 0, 0.398393, 0.130112, 0, 0, 0.337752
1.317, 0, 0, 0, 0.0637028, 1.29537, 0, 0.627679, 0.128484, 0, 0.398127, 0.130029, 0, 0, 0.337564
1.318, 0, 0, 0, 0.0639337, 1.2955, 0, 0.627953, 0.128506, 0, 0.398321, 0.130057, 0, 0, 0.337652
1.319, 0, 0, 0, 0.0638863, 1.29548, 0, 0.62787, 0.128506, 0, 0.398261, 0.130056, 0, 0, 0.337635
1.32, 0, 0, 0, 0.0639078, 1.29546, 0, 0.627869, 0.128508, 0, 0.398269, 0.130056, 0, 0, 0.337636
1.321, 0, 0, 0, 0.0639176, 1.29547, 0, 0.627873, 0.12851, 0, 0.398273, 0.130058, 0, 0, 0.33764
1.322, 0, 0, 0, 0.06445, 1.29462, 0, 0.627884, 0.128506, 0, 0.398269, 0.130059, 0, 0, 0.33764
1.323, 0, 0, 0, 0.0646588, 1.29515, 0, 0.628251, 0.128588, 0, 0.398532, 0.13014, 0, 0, 0.337827
1.324, 0, 0, 0, 0.0638869, 1.29586, 0, 0.627958, 0.128568, 0, 0.398338, 0.130109, 0, 0, 0.337735
1.325, 0, 0, 0, 0.0637275, 1.29535, 0, 0.627691, 0.128484, 0, 0.398139, 0.130029, 0, 0, 0.337566
1.326, 0, 0, 0, 0.0639438, 1.2955, 0, 0.627957, 0.128507, 0, 0.398325, 0.130058, 0, 0, 0.337656
1.327, 0, 0, 0, 0.0638859, 1.29548, 0, 0.627867, 0.128507, 0, 0.398259, 0.130056, 0, 0, 0.337635
1.328, 0, 0, 0, 0.0644394, 1.29462, 0, 0.627884, 0.128504, 0, 0.398268, 0.130057, 0, 0, 0.337638
1.329, 0, 0, 0, 0.0646535, 1.29516, 0, 0.628253, 0.128588, 0, 0.398525, 0.130142, 0, 0, 0.337827
1.33, 0, 0, 0, 0.0638814, 1.29586, 0, 0.627969, 0.128567, 0, 0.398327, 0.130112, 0, 0, 0.337734
1.331, 0, 0, 0, 0.063725, 1.29536, 0, 0.62768, 0.128486, 0, 0.398137, 0.13003, 0, 0, 0.337566
1.332, 0, 0, 0, 0.0639426, 1.2955, 0, 0.627958, 0.128508, 0, 0.398334, 0.130057, 0, 0, 0.337656
1.333, 0, 0, 0, 0.0638864, 1.29547, 0, 0.627867, 0.128507, 0, 0.398269, 0.130053, 0, 0, 0.337635
1.334, 0, 0, 0, 0.0644411, 1.29462, 0, 0.627872, 0.128507, 0, 0.39827, 0.130057, 0, 0, 0.337638
1.335, 0, 0, 0, 0.0646547, 1.29516, 0, 0.62824, 0.12859, 0, 0.398525, 0.130142, 0, 0, 0.337828
1.336, 0, 0, 0, 0.0638831, 1.29586, 0, 0.627968, 0.128567, 0, 0.398327, 0.130112, 0, 0, 0.337735
1.337, 0, 0, 0, 0.0637268, 1.29535, 0, 0.627693, 0.128484, 0, 0.398137, 0.13003, 0, 0, 0.337566
1.338, 0, 0, 0, 0.0639441, 1.2955, 0, 0.627959, 0.128508, 0, 0.398325, 0.130059, 0, 0, 0.337656
1.339, 0, 0, 0, 0.0638877, 1.29547, 0, 0.627867, 0.128507, 0, 0.398259, 0.130057, 0, 0, 0.337635
1.34, 0, 0, 0, 0.0644419, 1.29462, 0, 0.627885, 0.128505, 0, 0.398268, 0.130058, 0, 0, 0.337638
1.341, 0, 0, 0, 0.0641239, 1.29599, 0, 0.628252, 0.128591, 0, 0.398535, 0.130139, 0, 0, 0.337827
1.342, 0, 0, 0, 0.0642095, 1.29449, 0, 0.627607, 0.128483, 0, 0.398082, 0.130027, 0, 0, 0.337549
1.343, 0, 0, 0, 0.0641737, 1.29601, 0, 0.628337, 0.128591, 0, 0.398599, 0.130139, 0, 0, 0.337845
1.344, 0, 0, 0, 0.0636573, 1.29535, 0, 0.62758, 0.128487, 0, 0.398067, 0.130028, 0, 0, 0.337547
1.345, 0, 0, 0, 0.0639583, 1.29548, 0, 0.627953, 0.128509, 0, 0.398331, 0.130057, 0, 0, 0.337655
1.346, 0, 0, 0, 0.0644282, 1.29464, 0, 0.627875, 0.128507, 0, 0.398262, 0.130059, 0, 0, 0.33764
1.347, 0, 0, 0, 0.064115, 1.29599, 0, 0.628243, 0.128589, 0, 0.398521, 0.13014, 0, 0, 0.337823
1.348, 0, 0, 0, 0.0636799, 1.29533, 0, 0.627609, 0.128485, 0, 0.398076, 0.130029, 0, 0, 0.33755
1.349, 0, 0, 0, 0.0644973, 1.29464, 0, 0.627972, 0.128507, 0, 0.398331, 0.13006, 0, 0, 0.337659
1.35, 0, 0, 0, 0.0641036, 1.296, 0, 0.628224, 0.128593, 0, 0.398516, 0.130141, 0, 0, 0.337826
1.351, 0, 0, 0, 0.0636714, 1.29533, 0, 0.627587, 0.128486, 0, 0.398071, 0.130028, 0, 0, 0.337546
1.352, 0, 0, 0, 0.064499, 1.29465, 0, 0.627975, 0.128507, 0, 0.398334, 0.13006, 0, 0, 0.33766
1.353, 0, 0, 0, 0.0641018, 1.29601, 0, 0.628235, 0.128591, 0, 0.398524, 0.130139, 0, 0, 0.337825
1.354, 0, 0, 0, 0.0636714, 1.29533, 0, 0.627601, 0.128484, 0, 0.398073, 0.130027, 0, 0, 0.337546
1.355, 0, 0, 0, 0.0644994, 1.29465, 0, 0.627976, 0.128507, 0, 0.398343, 0.130058, 0, 0, 0.33766
1.356, 0, 0, 0, 0.0641023, 1.29601, 0, 0.628236, 0.128591, 0, 0.398526, 0.130138, 0, 0, 0.337825
1.357, 0, 0, 0, 0.0636719, 1.29533, 0, 0.627601, 0.128484, 0, 0.398073, 0.130026, 0, 0, 0.337546
1.358, 0, 0, 0, 0.0639683, 1.29549, 0, 0.627975, 0.128509, 0, 0.398336, 0.130059, 0, 0, 0.33766
1.359, 0, 0, 0, 0.0644284, 1.29464, 0, 0.627859, 0.128509, 0, 0.398259, 0.130059, 0, 0, 0.33764
1.36, 0, 0, 0, 0.0646505, 1.29515, 0, 0.628233, 0.12859, 0, 0.39852, 0.130141, 0, 0, 0.337825
1.361, 0, 0, 0, 0.0638875, 1.29586, 0, 0.627959, 0.12857, 0, 0.39833, 0.130112, 0, 0, 0.337737
1.362, 0, 0, 0, 0.0637283, 1.29535, 0, 0.627688, 0.128485, 0, 0.398136, 0.130029, 0, 0, 0.337567
1.363, 0, 0, 0, 0.0639479, 1.2955, 0, 0.627958, 0.128509, 0, 0.398334, 0.130056, 0, 0, 0.337657
1.364, 0, 0, 0, 0.0638915, 1.29547, 0, 0.627866, 0.128508, 0, 0.398269, 0.130053, 0, 0, 0.337636
1.365, 0, 0, 0, 0.0639144, 1.29546, 0, 0.627882, 0.128507, 0, 0.398272, 0.130055, 0, 0, 0.337639
1.366, 0, 0, 0, 0.0644537, 1.29462, 0, 0.627887, 0.128507, 0, 0.398271, 0.130059, 0, 0, 0.337642
1.367, 0, 0, 0, 0.0646607, 1.29515, 0, 0.628236, 0.128591, 0, 0.398531, 0.13014, 0, 0, 0.337828
1.368, 0, 0, 0, 0.0638902, 1.29586, 0, 0.627955, 0.128569, 0, 0.39833, 0.130111, 0, 0, 0.337737
1.369, 0, 0, 0, 0.0637313, 1.29535, 0, 0.627689, 0.128485, 0, 0.398136, 0.130029, 0, 0, 0.337568
1.37, 0, 0, 0, 0.0639483, 1.2955, 0, 0.627956, 0.128509, 0, 0.398324, 0.130059, 0, 0, 0.337657
1.371, 0, 0, 0, 0.064423, 1.29463, 0, 0.627866, 0.128505, 0, 0.398257, 0.130057, 0, 0, 0.337637
1.372, 0, 0, 0, 0.0641191, 1.29599, 0, 0.628248, 0.12859, 0, 0.398533, 0.130138, 0, 0, 0.337826
1.373, 0, 0, 0, 0.0636795, 1.29533, 0, 0.627594, 0.128487, 0, 0.398085, 0.130026, 0, 0, 0.33755
1.374, 0, 0, 0, 0.0644993, 1.29464, 0, 0.627958, 0.128509, 0, 0.398342, 0.130056, 0, 0, 0.337659
1.375, 0, 0, 0, 0.0641056, 1.296, 0, 0.628235, 0.128592, 0, 0.398518, 0.13014, 0, 0, 0.337827
1.376, 0, 0, 0, 0.0636736, 1.29533, 0, 0.627599, 0.128484, 0, 0.39807, 0.130027, 0, 0, 0.337547
1.377, 0, 0, 0, 0.0645015, 1.29465, 0, 0.627976, 0.128507, 0, 0.398334, 0.13006, 0, 0, 0.337661
1.378, 0, 0, 0, 0.0641042, 1.296, 0, 0.628234, 0.128592, 0, 0.398515, 0.130141, 0, 0, 0.337826
1.379, 0, 0, 0, 0.0636739, 1.29533, 0, 0.627588, 0.128486, 0, 0.39807, 0.130028, 0, 0, 0.337547
1.38, 0, 0, 0, 0.0639702, 1.29549, 0, 0.627973, 0.128509, 0, 0.398336, 0.130059, 0, 0, 0.33766
1.381, 0, 0, 0, 0.06443, 1.29464, 0, 0.627871, 0.128508, 0, 0.398259, 0.130059, 0, 0, 0.33764
1.382, 0, 0, 0, 0.0646522, 1.29514, 0, 0.628233, 0.12859, 0, 0.398529, 0.130139, 0, 0, 0.337826
1.383, 0, 0, 0, 0.0638892, 1.29586, 0, 0.62796, 0.12857, 0, 0.398341, 0.130109, 0, 0, 0.337738
1.384, 0, 0, 0, 0.0637287, 1.29535, 0, 0.627689, 0.128486, 0, 0.398138, 0.130029, 0, 0, 0.337568
1.385, 0, 0, 0, 0.0639477, 1.2955, 0, 0.627957, 0.128509, 0, 0.398325, 0.130059, 0, 0, 0.337658
1.386, 0, 0, 0, 0.0638918, 1.29547, 0, 0.627866, 0.128508, 0, 0.398267, 0.130054, 0, 0, 0.337637
1.387, 0, 0, 0, 0.0639144, 1.29546, 0, 0.627882, 0.128508, 0, 0.398272, 0.130056, 0, 0, 0.33764
1.388, 0, 0, 0, 0.0644534, 1.29462, 0, 0.627888, 0.128508, 0, 0.398279, 0.130057, 0, 0, 0.337643
1.389, 0, 0, 0, 0.0646602, 1.29515, 0, 0.628237, 0.128592, 0, 0.398524, 0.130142, 0, 0, 0.337829
1.39, 0, 0, 0, 0.0638899, 1.29586, 0, 0.627957, 0.12857, 0, 0.398328, 0.130113, 0, 0, 0.337738
1.391, 0, 0, 0, 0.063731, 1.29535, 0, 0.627678, 0.128488, 0, 0.398136, 0.13003, 0, 0, 0.337569
1.392, 0, 0, 0, 0.0639479, 1.2955, 0, 0.627957, 0.12851, 0, 0.398325, 0.130059, 0, 0, 0.337658
1.393, 0, 0, 0, 0.0644227, 1.29463, 0, 0.627867, 0.128506, 0, 0.398265, 0.130055, 0, 0, 0.337638
1.394, 0, 0, 0, 0.0641201, 1.29599, 0, 0.628247, 0.12859, 0, 0.398535, 0.130137, 0, 0, 0.337826
1.395, 0, 0, 0, 0.0636811, 1.29533, 0, 0.627607, 0.128486, 0, 0.398077, 0.130028, 0, 0, 0.337551
1.396, 0, 0, 0, 0.0645004, 1.29464, 0, 0.627971, 0.128507, 0, 0.398331, 0.13006, 0, 0, 0.33766
1.397, 0, 0, 0, 0.0641073, 1.296, 0, 0.628236, 0.128593, 0, 0.398516, 0.130142, 0, 0, 0.337827
1.398, 0, 0, 0, 0.0636752, 1.29533, 0, 0.6276, 0.128485, 0, 0.39807, 0.130028, 0, 0, 0.337548
1.399, 0, 0, 0, 0.0639707, 1.29548, 0, 0.627958, 0.12851, 0, 0.398347, 0.130055, 0, 0, 0.33766
1.4, 0, 0, 0, 0.0644316, 1.29464, 0, 0.627859, 0.128511, 0, 0.398271, 0.130056, 0, 0, 0.337642
1.401, 0, 0, 0, 0.0646517, 1.29514, 0, 0.628231, 0.128591, 0, 0.398529, 0.130138, 0, 0, 0.337826
1.402, 0, 0, 0, 0.0638901, 1.29586, 0, 0.627959, 0.128571, 0, 0.398331, 0.130112, 0, 0, 0.337739
1.403, 0, 0, 0, 0.06373, 1.29535, 0, 0.627689, 0.128486, 0, 0.398135, 0.13003, 0, 0, 0.337568
1.404, 0, 0, 0, 0.0639496, 1.2955, 0, 0.627957, 0.12851, 0, 0.398324, 0.130059, 0, 0, 0.337659
1.405, 0, 0, 0, 0.0638935, 1.29547, 0, 0.627866, 0.128509, 0, 0.398258, 0.130057, 0, 0, 0.337638
1.406, 0, 0, 0, 0.0639163, 1.29546, 0, 0.627882, 0.128509, 0, 0.39827, 0.130057, 0, 0, 0.33764
1.407, 0, 0, 0, 0.0644557, 1.29462, 0, 0.627887, 0.128508, 0, 0.398279, 0.130057, 0, 0, 0.337644
1.408, 0, 0, 0, 0.0646623, 1.29515, 0, 0.62825, 0.128591, 0, 0.398533, 0.13014, 0, 0, 0.33783
1.409, 0, 0, 0, 0.064423, 1.29502, 0, 0.627971, 0.128567, 0, 0.398336, 0.13011, 0, 0, 0.337739
1.41, 0, 0, 0, 0.063939, 1.29588, 0, 0.628043, 0.12857, 0, 0.398392, 0.130112, 0, 0, 0.337756
1.411, 0, 0, 0, 0.0637098, 1.29537, 0, 0.627665, 0.128488, 0, 0.398127, 0.130029, 0, 0, 0.337567
1.412, 0, 0, 0, 0.0639406, 1.29549, 0, 0.627951, 0.128508, 0, 0.398321, 0.130057, 0, 0, 0.337655
1.413, 0, 0, 0, 0.0638932, 1.29547, 0, 0.627868, 0.128509, 0, 0.398261, 0.130056, 0, 0, 0.337638
1.414, 0, 0, 0, 0.0639155, 1.29545, 0, 0.627877, 0.128507, 0, 0.398269, 0.130055, 0, 0, 0.337639
1.415, 0, 0, 0, 0.063926, 1.29546, 0, 0.627873, 0.128512, 0, 0.398274, 0.130058, 0, 0, 0.337644
1.416, 0, 0, 0, 0.0639252, 1.29546, 0, 0.627868, 0.128512, 0, 0.398279, 0.130056, 0, 0, 0.337643
1.417, 0, 0, 0, 0.0644599, 1.29462, 0, 0.627871, 0.12851, 0, 0.39828, 0.130056, 0, 0, 0.337644
1.418, 0, 0, 0, 0.0646663, 1.29515, 0, 0.628235, 0.128592, 0, 0.398534, 0.130139, 0, 0, 0.337831
1.419, 0, 0, 0, 0.0644251, 1.29502, 0, 0.627956, 0.128568, 0, 0.398336, 0.13011, 0, 0, 0.337739
1.42, 0, 0, 0, 0.0639401, 1.29588, 0, 0.628053, 0.128568, 0, 0.398401, 0.13011, 0, 0, 0.337756
1.421, 0, 0, 0, 0.0637107, 1.29536, 0, 0.627676, 0.128486, 0, 0.398129, 0.130028, 0, 0, 0.337567
1.422, 0, 0, 0, 0.0639413, 1.29549, 0, 0.627951, 0.128508, 0, 0.398321, 0.130057, 0, 0, 0.337656
1.423, 0, 0, 0, 0.0638941, 1.29547, 0, 0.627867, 0.128508, 0, 0.39826, 0.130056, 0, 0, 0.337639
1.424, 0, 0, 0, 0.0639158, 1.29546, 0, 0.627879, 0.128508, 0, 0.398268, 0.130056, 0, 0, 0.33764
1.425, 0, 0, 0, 0.0639258, 1.29546, 0, 0.627884, 0.12851, 0, 0.398272, 0.130058, 0, 0, 0.337644
1.426, 0, 0, 0, 0.0644583, 1.29462, 0, 0.627883, 0.128508, 0, 0.398268, 0.130059, 0, 0, 0.337644
1.427, 0, 0, 0, 0.0646671, 1.29514, 0, 0.628249, 0.128591, 0, 0.398532, 0.13014, 0, 0, 0.337831
1.428, 0, 0, 0, 0.0638952, 1.29585, 0, 0.627955, 0.128571, 0, 0.398338, 0.130109, 0, 0, 0.337739
1.429, 0, 0, 0, 0.0637358, 1.29535, 0, 0.627676, 0.128488, 0, 0.398147, 0.130027, 0, 0, 0.33757
1.43, 0, 0, 0, 0.0639523, 1.29549, 0, 0.627942, 0.128512, 0, 0.398335, 0.130055, 0, 0, 0.33766
1.431, 0, 0, 0, 0.0644272, 1.29463, 0, 0.627851, 0.128508, 0, 0.398258, 0.130056, 0, 0, 0.337639
1.432, 0, 0, 0, 0.0646561, 1.29514, 0, 0.628232, 0.12859, 0, 0.398522, 0.13014, 0, 0, 0.337828
1.433, 0, 0, 0, 0.0638917, 1.29586, 0, 0.627967, 0.128568, 0, 0.398328, 0.130112, 0, 0, 0.337739
1.434, 0, 0, 0, 0.063734, 1.29535, 0, 0.627687, 0.128485, 0, 0.398135, 0.130029, 0, 0, 0.337569
1.435, 0, 0, 0, 0.0639536, 1.29549, 0, 0.627955, 0.128509, 0, 0.398324, 0.130058, 0, 0, 0.337659
1.436, 0, 0, 0, 0.0638979, 1.29547, 0, 0.627863, 0.128509, 0, 0.398267, 0.130054, 0, 0, 0.337639
1.437, 0, 0, 0, 0.0639211, 1.29545, 0, 0.62788, 0.128509, 0, 0.39828, 0.130053, 0, 0, 0.337641
1.438, 0, 0, 0, 0.0639284, 1.29546, 0, 0.627883, 0.12851, 0, 0.398283, 0.130055, 0, 0, 0.337644
1.439, 0, 0, 0, 0.0644611, 1.29461, 0, 0.627869, 0.12851, 0, 0.398279, 0.130056, 0, 0, 0.337644
1.44, 0, 0, 0, 0.0646694, 1.29514, 0, 0.628235, 0.128593, 0, 0.398534, 0.130139, 0, 0, 0.337832
1.441, 0, 0, 0, 0.0644278, 1.29501, 0, 0.627954, 0.128569, 0, 0.398327, 0.130112, 0, 0, 0.33774
1.442, 0, 0, 0, 0.0639429, 1.29588, 0, 0.628039, 0.12857, 0, 0.39839, 0.130113, 0, 0, 0.337757
1.443, 0, 0, 0, 0.0637135, 1.29536, 0, 0.627661, 0.128488, 0, 0.398126, 0.130029, 0, 0, 0.337568
1.444, 0, 0, 0, 0.0639444, 1.29549, 0, 0.627948, 0.128508, 0, 0.398321, 0.130057, 0, 0, 0.337656
1.445, 0, 0, 0, 0.0638972, 1.29547, 0, 0.627865, 0.128508, 0, 0.39826, 0.130056, 0, 0, 0.337639
1.446, 0, 0, 0, 0.063919, 1.29545, 0, 0.627877, 0.128508, 0, 0.398277, 0.130054, 0, 0, 0.337641
1.447, 0, 0, 0, 0.0639289, 1.29546, 0, 0.627883, 0.12851, 0, 0.398283, 0.130055, 0, 0, 0.337644
1.448, 0, 0, 0, 0.0644618, 1.29461, 0, 0.627881, 0.128508, 0, 0.398279, 0.130056, 0, 0, 0.337644
1.449, 0, 0, 0, 0.0646707, 1.29514, 0, 0.628235, 0.128592, 0, 0.398534, 0.130139, 0, 0, 0.337832
1.45, 0, 0, 0, 0.0638984, 1.29585, 0, 0.627953, 0.128571, 0, 0.398338, 0.130109, 0, 0, 0.33774
1.451, 0, 0, 0, 0.0637391, 1.29535, 0, 0.627674, 0.128488, 0, 0.398138, 0.130028, 0, 0, 0.337571
1.452, 0, 0, 0, 0.0639558, 1.29549, 0, 0.62794, 0.128512, 0, 0.398324, 0.130058, 0, 0, 0.33766
1.453, 0, 0, 0, 0.0644306, 1.29462, 0, 0.627849, 0.128508, 0, 0.398256, 0.130057, 0, 0, 0.33764
1.454, 0, 0, 0, 0.0646594, 1.29514, 0, 0.628243, 0.128588, 0, 0.398521, 0.13014, 0, 0, 0.337829
1.455, 0, 0, 0, 0.0638951, 1.29585, 0, 0.627966, 0.128568, 0, 0.398328, 0.130112, 0, 0, 0.337739
1.456, 0, 0, 0, 0.0637374, 1.29535, 0, 0.627686, 0.128486, 0, 0.398144, 0.130027, 0, 0, 0.33757
1.457, 0, 0, 0, 0.0639567, 1.29549, 0, 0.627954, 0.12851, 0, 0.398335, 0.130055, 0, 0, 0.33766
1.458, 0, 0, 0, 0.0639005, 1.29546, 0, 0.627862, 0.128509, 0, 0.398269, 0.130053, 0, 0, 0.337639
1.459, 0, 0, 0, 0.0639239, 1.29545, 0, 0.627866, 0.128511, 0, 0.39828, 0.130053, 0, 0, 0.337642
1.46, 0, 0, 0, 0.0639311, 1.29546, 0, 0.627868, 0.128512, 0, 0.398282, 0.130055, 0, 0, 0.337645
1.461, 0, 0, 0, 0.0644636, 1.29461, 0, 0.627866, 0.12851, 0, 0.398278, 0.130056, 0, 0, 0.337645
1.462, 0, 0, 0, 0.0646722, 1.29514, 0, 0.628233, 0.128592, 0, 0.398525, 0.130141, 0, 0, 0.337833
1.463, 0, 0, 0, 0.0644309, 1.29501, 0, 0.627952, 0.128569, 0, 0.398325, 0.130113, 0, 0, 0.337741
1.464, 0, 0, 0, 0.0639461, 1.29587, 0, 0.628038, 0.12857, 0, 0.398389, 0.130113, 0, 0, 0.337758
1.465, 0, 0, 0, 0.0637165, 1.29536, 0, 0.627672, 0.128486, 0, 0.398126, 0.130029, 0, 0, 0.337569
1.466, 0, 0, 0, 0.0639474, 1.29549, 0, 0.627947, 0.128508, 0, 0.39832, 0.130056, 0, 0, 0.337657
1.467, 0, 0, 0, 0.0639004, 1.29547, 0, 0.627865, 0.128508, 0, 0.398269, 0.130054, 0, 0, 0.33764
1.468, 0, 0, 0, 0.063922, 1.29545, 0, 0.627876, 0.128508, 0, 0.398279, 0.130053, 0, 0, 0.337642
1.469, 0, 0, 0, 0.0639319, 1.29546, 0, 0.627881, 0.12851, 0, 0.398283, 0.130055, 0, 0, 0.337645
1.47, 0, 0, 0, 0.0644647, 1.29461, 0, 0.62788, 0.128509, 0, 0.398278, 0.130056, 0, 0, 0.337645
1.471, 0, 0, 0, 0.0646735, 1.29514, 0, 0.628233, 0.128593, 0, 0.398533, 0.130139, 0, 0, 0.337833
1.472, 0, 0, 0, 0.0639013, 1.29585, 0, 0.627951, 0.128571, 0, 0.398337, 0.130109, 0, 0, 0.337741
1.473, 0, 0, 0, 0.0637419, 1.29534, 0, 0.627673, 0.128489, 0, 0.398137, 0.130029, 0, 0, 0.337572
1.474, 0, 0, 0, 0.0639585, 1.29549, 0, 0.627939, 0.128512, 0, 0.398324, 0.130058, 0, 0, 0.337661
1.475, 0, 0, 0, 0.0644333, 1.29462, 0, 0.627848, 0.128509, 0, 0.398256, 0.130057, 0, 0, 0.337641
1.476, 0, 0, 0, 0.0641305, 1.29598, 0, 0.628227, 0.128592, 0, 0.398523, 0.130139, 0, 0, 0.337829
1.477, 0, 0, 0, 0.0636919, 1.29532, 0, 0.627587, 0.128488, 0, 0.398083, 0.130027, 0, 0, 0.337554
1.478, 0, 0, 0, 0.0645115, 1.29463, 0, 0.627964, 0.128508, 0, 0.398341, 0.130056, 0, 0, 0.337663
1.479, 0, 0, 0, 0.0641182, 1.29599, 0, 0.62823, 0.128592, 0, 0.398526, 0.130138, 0, 0, 0.33783
1.48, 0, 0, 0, 0.0636863, 1.29532, 0, 0.627594, 0.128485, 0, 0.39808, 0.130024, 0, 0, 0.337551
1.481, 0, 0, 0, 0.0645144, 1.29464, 0, 0.62797, 0.128508, 0, 0.398344, 0.130056, 0, 0, 0.337665
1.482, 0, 0, 0, 0.0641171, 1.29599, 0, 0.628216, 0.128594, 0, 0.398525, 0.130138, 0, 0, 0.33783
1.483, 0, 0, 0, 0.0636867, 1.29532, 0, 0.62758, 0.128487, 0, 0.398071, 0.130026, 0, 0, 0.337551
1.484, 0, 0, 0, 0.0645146, 1.29464, 0, 0.627956, 0.12851, 0, 0.398333, 0.130059, 0, 0, 0.337665
1.485, 0, 0, 0, 0.0641176, 1.29599, 0, 0.628215, 0.128594, 0, 0.398514, 0.130141, 0, 0, 0.33783
1.486, 0, 0, 0, 0.0636874, 1.29532, 0, 0.62758, 0.128487, 0, 0.39807, 0.130027, 0, 0, 0.337551
1.487, 0, 0, 0, 0.0639838, 1.29548, 0, 0.627967, 0.12851, 0, 0.398344, 0.130057, 0, 0, 0.337664
1.488, 0, 0, 0, 0.0644437, 1.29463, 0, 0.627865, 0.128509, 0, 0.398269, 0.130055, 0, 0, 0.337644
1.489, 0, 0, 0, 0.0646659, 1.29513, 0, 0.628239, 0.128589, 0, 0.39853, 0.130137, 0, 0, 0.33783
1.49, 0, 0, 0, 0.063903, 1.29585, 0, 0.627954, 0.128571, 0, 0.39834, 0.130109, 0, 0, 0.337742
1.491, 0, 0, 0, 0.0637428, 1.29534, 0, 0.627671, 0.128488, 0, 0.398145, 0.130026, 0, 0, 0.337572
1.492, 0, 0, 0, 0.0639618, 1.29549, 0, 0.627951, 0.128511, 0, 0.398334, 0.130055, 0, 0, 0.337662
1.493, 0, 0, 0, 0.0639056, 1.29546, 0, 0.627847, 0.128511, 0, 0.398259, 0.130055, 0, 0, 0.337641
1.494, 0, 0, 0, 0.0639284, 1.29545, 0, 0.627862, 0.128511, 0, 0.398269, 0.130056, 0, 0, 0.337644
1.495, 0, 0, 0, 0.0644676, 1.29461, 0, 0.627867, 0.12851, 0, 0.398269, 0.130059, 0, 0, 0.337647
1.496, 0, 0, 0, 0.0646744, 1.29514, 0, 0.628229, 0.128592, 0, 0.39853, 0.13014, 0, 0, 0.337833
1.497, 0, 0, 0, 0.0639044, 1.29585, 0, 0.627962, 0.128569, 0, 0.398337, 0.130109, 0, 0, 0.337742
1.498, 0, 0, 0, 0.0637457, 1.29534, 0, 0.627684, 0.128487, 0, 0.398146, 0.130026, 0, 0, 0.337573
1.499, 0, 0, 0, 0.0639625, 1.29549, 0, 0.627951, 0.128511, 0, 0.398334, 0.130055, 0, 0, 0.337662
1.5, 0, 0, 0, 0.0639059, 1.29546, 0, 0.627846, 0.128511, 0, 0.398268, 0.130053, 0, 0, 0.337642
1.501, 0, 0, 0, 0.0644604, 1.29461, 0, 0.627863, 0.128509, 0, 0.398278, 0.130054, 0, 0, 0.337645
1.502, 0, 0, 0, 0.0644452, 1.29463, 0, 0.627862, 0.128512, 0, 0.398269, 0.130057, 0, 0, 0.337645
1.503, 0, 0, 0, 0.0641254, 1.29599, 0, 0.628223, 0.128593, 0, 0.398529, 0.130137, 0, 0, 0.33783
1.504, 0, 0, 0, 0.0636884, 1.29532, 0, 0.62758, 0.128488, 0, 0.398072, 0.130026, 0, 0, 0.337553
1.505, 0, 0, 0, 0.0639815, 1.29547, 0, 0.627948, 0.128511, 0, 0.398332, 0.130058, 0, 0, 0.337663
1.506, 0, 0, 0, 0.0639137, 1.29546, 0, 0.627848, 0.128512, 0, 0.398268, 0.130055, 0, 0, 0.337644
1.507, 0, 0, 0, 0.0644606, 1.2946, 0, 0.62787, 0.128507, 0, 0.398274, 0.130054, 0, 0, 0.337644
1.508, 0, 0, 0, 0.0641447, 1.29598, 0, 0.628243, 0.128593, 0, 0.398536, 0.130138, 0, 0, 0.337834
1.509, 0, 0, 0, 0.0642287, 1.29448, 0, 0.627583, 0.128487, 0, 0.39808, 0.130026, 0, 0, 0.337556
1.51, 0, 0, 0, 0.0641928, 1.296, 0, 0.628314, 0.128594, 0, 0.398597, 0.130139, 0, 0, 0.337851
1.511, 0, 0, 0, 0.0636763, 1.29533, 0, 0.627582, 0.128487, 0, 0.398073, 0.130025, 0, 0, 0.337554
1.512, 0, 0, 0, 0.0639776, 1.29546, 0, 0.627944, 0.12851, 0, 0.398339, 0.130054, 0, 0, 0.337661
1.513, 0, 0, 0, 0.0644479, 1.29463, 0, 0.627853, 0.128511, 0, 0.398262, 0.130057, 0, 0, 0.337647
1.514, 0, 0, 0, 0.0641347, 1.29597, 0, 0.628219, 0.128593, 0, 0.398519, 0.130139, 0, 0, 0.33783
1.515, 0, 0, 0, 0.0636999, 1.29532, 0, 0.627598, 0.128487, 0, 0.398074, 0.130029, 0, 0, 0.337556
1.516, 0, 0, 0, 0.0645177, 1.29463, 0, 0.627962, 0.128508, 0, 0.398338, 0.130057, 0, 0, 0.337665
1.517, 0, 0, 0, 0.0641242, 1.29599, 0, 0.628214, 0.128595, 0, 0.398525, 0.130138, 0, 0, 0.337832
1.518, 0, 0, 0, 0.063692, 1.29531, 0, 0.627577, 0.128488, 0, 0.398079, 0.130024, 0, 0, 0.337553
1.519, 0, 0, 0, 0.06452, 1.29463, 0, 0.627953, 0.128511, 0, 0.398343, 0.130056, 0, 0, 0.337666
1.52, 0, 0, 0, 0.0641228, 1.29599, 0, 0.628212, 0.128595, 0, 0.398524, 0.130137, 0, 0, 0.337832
1.521, 0, 0, 0, 0.0636925, 1.29531, 0, 0.627577, 0.128488, 0, 0.398079, 0.130024, 0, 0, 0.337553
1.522, 0, 0, 0, 0.0645207, 1.29463, 0, 0.627953, 0.12851, 0, 0.398343, 0.130056, 0, 0, 0.337667
1.523, 0, 0, 0, 0.0641235, 1.29599, 0, 0.628224, 0.128593, 0, 0.398524, 0.130137, 0, 0, 0.337832
1.524, 0, 0, 0, 0.0636933, 1.29531, 0, 0.62759, 0.128486, 0, 0.398071, 0.130026, 0, 0, 0.337553
1.525, 0, 0, 0, 0.0639898, 1.29547, 0, 0.627952, 0.128512, 0, 0.398334, 0.130059, 0, 0, 0.337666
1.526, 0, 0, 0, 0.0644501, 1.29462, 0, 0.627848, 0.128511, 0, 0.398266, 0.130056, 0, 0, 0.337646
1.527, 0, 0, 0, 0.0646721, 1.29513, 0, 0.628223, 0.128592, 0, 0.398529, 0.130137, 0, 0, 0.337832
1.528, 0, 0, 0, 0.0639088, 1.29585, 0, 0.62795, 0.128572, 0, 0.398339, 0.130109, 0, 0, 0.337744
1.529, 0, 0, 0, 0.0637488, 1.29534, 0, 0.62768, 0.128487, 0, 0.398145, 0.130026, 0, 0, 0.337574
1.53, 0, 0, 0, 0.0639679, 1.29548, 0, 0.627948, 0.128511, 0, 0.398325, 0.130057, 0, 0, 0.337664
1.531, 0, 0, 0, 0.0639117, 1.29546, 0, 0.627844, 0.128512, 0, 0.398266, 0.130054, 0, 0, 0.337643
1.532, 0, 0, 0, 0.0639347, 1.29544, 0, 0.627859, 0.128512, 0, 0.398279, 0.130053, 0, 0, 0.337646
1.533, 0, 0, 0, 0.0644738, 1.29461, 0, 0.627864, 0.128511, 0, 0.39828, 0.130055, 0, 0, 0.337649
1.534, 0, 0, 0, 0.0646807, 1.29513, 0, 0.628226, 0.128594, 0, 0.398531, 0.130139, 0, 0, 0.337835
1.535, 0, 0, 0, 0.0639106, 1.29584, 0, 0.627946, 0.128572, 0, 0.398337, 0.130109, 0, 0, 0.337744
1.536, 0, 0, 0, 0.0637517, 1.29534, 0, 0.627668, 0.128489, 0, 0.398137, 0.130028, 0, 0, 0.337575
1.537, 0, 0, 0, 0.0639686, 1.29548, 0, 0.627934, 0.128513, 0, 0.398323, 0.130058, 0, 0, 0.337664
1.538, 0, 0, 0, 0.0639122, 1.29545, 0, 0.627842, 0.128512, 0, 0.398266, 0.130054, 0, 0, 0.337644
1.539, 0, 0, 0, 0.0644667, 1.2946, 0, 0.627872, 0.128508, 0, 0.398277, 0.130054, 0, 0, 0.337647
1.54, 0, 0, 0, 0.0646804, 1.29514, 0, 0.628242, 0.128592, 0, 0.398534, 0.130138, 0, 0, 0.337836
1.541, 0, 0, 0, 0.0639087, 1.29584, 0, 0.627945, 0.128572, 0, 0.398336, 0.130108, 0, 0, 0.337743
1.542, 0, 0, 0, 0.0637524, 1.29534, 0, 0.627668, 0.12849, 0, 0.398146, 0.130026, 0, 0, 0.337575
1.543, 0, 0, 0, 0.0639698, 1.29548, 0, 0.627934, 0.128513, 0, 0.398334, 0.130055, 0, 0, 0.337665
1.544, 0, 0, 0, 0.0639136, 1.29545, 0, 0.627842, 0.128512, 0, 0.398268, 0.130053, 0, 0, 0.337644
1.545, 0, 0, 0, 0.0644681, 1.2946, 0, 0.62786, 0.12851, 0, 0.398277, 0.130054, 0, 0, 0.337647
1.546, 0, 0, 0, 0.06415, 1.29597, 0, 0.628239, 0.128594, 0, 0.398535, 0.130138, 0, 0, 0.337836
1.547, 0, 0, 0, 0.0642358, 1.29447, 0, 0.627581, 0.128488, 0, 0.398071, 0.130028, 0, 0, 0.337558
1.548, 0, 0, 0, 0.0642004, 1.29599, 0, 0.628312, 0.128595, 0, 0.398595, 0.130139, 0, 0, 0.337854
1.549, 0, 0, 0, 0.0636839, 1.29533, 0, 0.627567, 0.12849, 0, 0.398065, 0.130027, 0, 0, 0.337556
1.55, 0, 0, 0, 0.0639848, 1.29546, 0, 0.627954, 0.12851, 0, 0.398338, 0.130054, 0, 0, 0.337664
1.551, 0, 0, 0, 0.0644549, 1.29462, 0, 0.627852, 0.128512, 0, 0.398271, 0.130055, 0, 0, 0.337649
1.552, 0, 0, 0, 0.0641418, 1.29597, 0, 0.628218, 0.128594, 0, 0.39853, 0.130136, 0, 0, 0.337832
1.553, 0, 0, 0, 0.0637064, 1.29532, 0, 0.627584, 0.12849, 0, 0.398085, 0.130025, 0, 0, 0.337559
1.554, 0, 0, 0, 0.0645241, 1.29462, 0, 0.627946, 0.128511, 0, 0.39834, 0.130056, 0, 0, 0.337667
1.555, 0, 0, 0, 0.0641304, 1.29599, 0, 0.628211, 0.128596, 0, 0.398525, 0.130137, 0, 0, 0.337834
1.556, 0, 0, 0, 0.0636983, 1.29531, 0, 0.627575, 0.128489, 0, 0.398079, 0.130024, 0, 0, 0.337555
1.557, 0, 0, 0, 0.0645262, 1.29463, 0, 0.627963, 0.12851, 0, 0.398343, 0.130056, 0, 0, 0.337669
1.558, 0, 0, 0, 0.0641288, 1.29598, 0, 0.62821, 0.128596, 0, 0.398524, 0.130137, 0, 0, 0.337834
1.559, 0, 0, 0, 0.0636985, 1.29531, 0, 0.627575, 0.128489, 0, 0.398079, 0.130024, 0, 0, 0.337555
1.56, 0, 0, 0, 0.0645264, 1.29463, 0, 0.627963, 0.12851, 0, 0.398335, 0.130058, 0, 0, 0.337669
1.561, 0, 0, 0, 0.0641294, 1.29598, 0, 0.62821, 0.128596, 0, 0.398522, 0.130138, 0, 0, 0.337834
1.562, 0, 0, 0, 0.0636994, 1.29531, 0, 0.627575, 0.128489, 0, 0.398079, 0.130024, 0, 0, 0.337555
1.563, 0, 0, 0, 0.0639957, 1.29547, 0, 0.627949, 0.128514, 0, 0.398345, 0.130055, 0, 0, 0.337668
1.564, 0, 0, 0, 0.0644557, 1.29462, 0, 0.627846, 0.128512, 0, 0.398268, 0.130055, 0, 0, 0.337648
1.565, 0, 0, 0, 0.0646779, 1.29513, 0, 0.62822, 0.128593, 0, 0.398529, 0.130137, 0, 0, 0.337834
1.566, 0, 0, 0, 0.0639149, 1.29584, 0, 0.627947, 0.128573, 0, 0.39833, 0.130111, 0, 0, 0.337746
1.567, 0, 0, 0, 0.0637547, 1.29533, 0, 0.627665, 0.12849, 0, 0.398143, 0.130027, 0, 0, 0.337576
1.568, 0, 0, 0, 0.0639739, 1.29548, 0, 0.627933, 0.128514, 0, 0.398334, 0.130055, 0, 0, 0.337666
1.569, 0, 0, 0, 0.0639177, 1.29545, 0, 0.627853, 0.128511, 0, 0.398268, 0.130052, 0, 0, 0.337645
1.57, 0, 0, 0, 0.0639406, 1.29544, 0, 0.627858, 0.128512, 0, 0.398279, 0.130053, 0, 0, 0.337648
1.571, 0, 0, 0, 0.0644798, 1.2946, 0, 0.627862, 0.128512, 0, 0.39828, 0.130055, 0, 0, 0.337651
1.572, 0, 0, 0, 0.0646863, 1.29513, 0, 0.628224, 0.128594, 0, 0.398531, 0.130139, 0, 0, 0.337837
1.573, 0, 0, 0, 0.0639162, 1.29584, 0, 0.627944, 0.128573, 0, 0.398337, 0.130109, 0, 0, 0.337746
1.574, 0, 0, 0, 0.0637576, 1.29533, 0, 0.627666, 0.12849, 0, 0.398146, 0.130026, 0, 0, 0.337577
1.575, 0, 0, 0, 0.0639744, 1.29548, 0, 0.627932, 0.128514, 0, 0.398334, 0.130055, 0, 0, 0.337667
1.576, 0, 0, 0, 0.0639177, 1.29545, 0, 0.627852, 0.128511, 0, 0.398268, 0.130052, 0, 0, 0.337646
1.577, 0, 0, 0, 0.0644722, 1.2946, 0, 0.627859, 0.128511, 0, 0.398277, 0.130054, 0, 0, 0.337649
1.578, 0, 0, 0, 0.064686, 1.29513, 0, 0.628226, 0.128595, 0, 0.398534, 0.130138, 0, 0, 0.337838
1.579, 0, 0, 0, 0.0639143, 1.29584, 0, 0.627942, 0.128573, 0, 0.398336, 0.130108, 0, 0, 0.337745
1.58, 0, 0, 0, 0.0637579, 1.29533, 0, 0.627665, 0.12849, 0, 0.398137, 0.130028, 0, 0, 0.337577
1.581, 0, 0, 0, 0.0639754, 1.29548, 0, 0.627932, 0.128514, 0, 0.398332, 0.130056, 0, 0, 0.337667
1.582, 0, 0, 0, 0.0639193, 1.29545, 0, 0.62784, 0.128513, 0, 0.398267, 0.130053, 0, 0, 0.337646
1.583, 0, 0, 0, 0.063942, 1.29544, 0, 0.627856, 0.128513, 0, 0.398279, 0.130053, 0, 0, 0.337649
1.584, 0, 0, 0, 0.0644816, 1.2946, 0, 0.627861, 0.128513, 0, 0.39828, 0.130055, 0, 0, 0.337652
1.585, 0, 0, 0, 0.0646886, 1.29513, 0, 0.628223, 0.128595, 0, 0.398532, 0.130138, 0, 0, 0.337838
1.586, 0, 0, 0, 0.0644496, 1.295, 0, 0.627945, 0.128571, 0, 0.398335, 0.130109, 0, 0, 0.337747
1.587, 0, 0, 0, 0.0639654, 1.29586, 0, 0.628042, 0.128571, 0, 0.398399, 0.130109, 0, 0, 0.337764
1.588, 0, 0, 0, 0.0637362, 1.29535, 0, 0.627666, 0.128489, 0, 0.398136, 0.130026, 0, 0, 0.337576
1.589, 0, 0, 0, 0.0639671, 1.29547, 0, 0.627928, 0.128513, 0, 0.39833, 0.130053, 0, 0, 0.337664
1.59, 0, 0, 0, 0.06392, 1.29545, 0, 0.627843, 0.128513, 0, 0.39827, 0.130052, 0, 0, 0.337647
1.591, 0, 0, 0, 0.0639415, 1.29544, 0, 0.627855, 0.128513, 0, 0.398278, 0.130053, 0, 0, 0.337648
1.592, 0, 0, 0, 0.0639513, 1.29544, 0, 0.62786, 0.128515, 0, 0.398282, 0.130054, 0, 0, 0.337652
1.593, 0, 0, 0, 0.0639522, 1.29544, 0, 0.627856, 0.128515, 0, 0.398279, 0.130055, 0, 0, 0.337651
1.594, 0, 0, 0, 0.0644864, 1.2946, 0, 0.627859, 0.128513, 0, 0.398278, 0.130056, 0, 0, 0.337653
1.595, 0, 0, 0, 0.0646928, 1.29513, 0, 0.628224, 0.128596, 0, 0.398532, 0.130139, 0, 0, 0.337839
1.596, 0, 0, 0, 0.0644513, 1.295, 0, 0.627944, 0.128572, 0, 0.398335, 0.130109, 0, 0, 0.337748
1.597, 0, 0, 0, 0.0639661, 1.29586, 0, 0.628029, 0.128573, 0, 0.398399, 0.130109, 0, 0, 0.337765
1.598, 0, 0, 0, 0.0637365, 1.29535, 0, 0.627651, 0.128491, 0, 0.398136, 0.130025, 0, 0, 0.337576
1.599, 0, 0, 0, 0.0639673, 1.29547, 0, 0.627925, 0.128513, 0, 0.39833, 0.130053, 0, 0, 0.337664
1.6, 0, 0, 0, 0.06392, 1.29545, 0, 0.627842, 0.128513, 0, 0.39827, 0.130052, 0, 0, 0.337647
1.601, 0, 0, 0, 0.0639418, 1.29544, 0, 0.627854, 0.128513, 0, 0.398278, 0.130052, 0, 0, 0.337649
1.602, 0, 0, 0, 0.0639518, 1.29544, 0, 0.627859, 0.128515, 0, 0.398281, 0.130054, 0, 0, 0.337652
1.603, 0, 0, 0, 0.0644848, 1.2946, 0, 0.627857, 0.128513, 0, 0.398277, 0.130055, 0, 0, 0.337652
1.604, 0, 0, 0, 0.0646937, 1.29512, 0, 0.628223, 0.128596, 0, 0.398532, 0.130139, 0, 0, 0.33784
1.605, 0, 0, 0, 0.0639214, 1.29583, 0, 0.627942, 0.128574, 0, 0.398337, 0.130109, 0, 0, 0.337748
1.606, 0, 0, 0, 0.0637622, 1.29533, 0, 0.627664, 0.128491, 0, 0.398145, 0.130026, 0, 0, 0.337579
1.607, 0, 0, 0, 0.0639789, 1.29547, 0, 0.62793, 0.128515, 0, 0.398333, 0.130055, 0, 0, 0.337668
1.608, 0, 0, 0, 0.0644538, 1.29461, 0, 0.627839, 0.128512, 0, 0.398266, 0.130053, 0, 0, 0.337648
1.609, 0, 0, 0, 0.0641509, 1.29596, 0, 0.628219, 0.128596, 0, 0.398533, 0.130136, 0, 0, 0.337837
1.61, 0, 0, 0, 0.063712, 1.29531, 0, 0.627579, 0.128492, 0, 0.398084, 0.130025, 0, 0, 0.337561
1.611, 0, 0, 0, 0.0645319, 1.29462, 0, 0.627943, 0.128513, 0, 0.39834, 0.130056, 0, 0, 0.33767
1.612, 0, 0, 0, 0.0641386, 1.29598, 0, 0.628208, 0.128598, 0, 0.398525, 0.130137, 0, 0, 0.337838
1.613, 0, 0, 0, 0.0637062, 1.2953, 0, 0.627572, 0.12849, 0, 0.398079, 0.130024, 0, 0, 0.337558
1.614, 0, 0, 0, 0.0645342, 1.29462, 0, 0.627948, 0.128513, 0, 0.398343, 0.130056, 0, 0, 0.337672
1.615, 0, 0, 0, 0.0641371, 1.29598, 0, 0.628207, 0.128598, 0, 0.398524, 0.130137, 0, 0, 0.337837
1.616, 0, 0, 0, 0.0637066, 1.2953, 0, 0.627572, 0.12849, 0, 0.398079, 0.130024, 0, 0, 0.337558
1.617, 0, 0, 0, 0.0645345, 1.29462, 0, 0.627948, 0.128513, 0, 0.398343, 0.130056, 0, 0, 0.337672
1.618, 0, 0, 0, 0.0641374, 1.29598, 0, 0.628206, 0.128598, 0, 0.398524, 0.130137, 0, 0, 0.337837
1.619, 0, 0, 0, 0.0637072, 1.2953, 0, 0.627572, 0.12849, 0, 0.39808, 0.130024, 0, 0, 0.337558
1.62, 0, 0, 0, 0.0640035, 1.29546, 0, 0.627946, 0.128515, 0, 0.398345, 0.130055, 0, 0, 0.337672
1.621, 0, 0, 0, 0.0644634, 1.29461, 0, 0.627843, 0.128514, 0, 0.398268, 0.130055, 0, 0, 0.337652
1.622, 0, 0, 0, 0.0646855, 1.29512, 0, 0.628218, 0.128594, 0, 0.398529, 0.130137, 0, 0, 0.337837
1.623, 0, 0, 0, 0.0639225, 1.29584, 0, 0.627945, 0.128574, 0, 0.398339, 0.130109, 0, 0, 0.337749
1.624, 0, 0, 0, 0.0637623, 1.29533, 0, 0.627675, 0.12849, 0, 0.398145, 0.130026, 0, 0, 0.337579
1.625, 0, 0, 0, 0.0639813, 1.29547, 0, 0.627931, 0.128515, 0, 0.398334, 0.130055, 0, 0, 0.337669
1.626, 0, 0, 0, 0.0639252, 1.29545, 0, 0.627838, 0.128515, 0, 0.398268, 0.130052, 0, 0, 0.337648
1.627, 0, 0, 0, 0.0639479, 1.29543, 0, 0.627854, 0.128515, 0, 0.398279, 0.130053, 0, 0, 0.337651
1.628, 0, 0, 0, 0.064487, 1.2946, 0, 0.627859, 0.128514, 0, 0.39828, 0.130055, 0, 0, 0.337654
1.629, 0, 0, 0, 0.0646937, 1.29512, 0, 0.628221, 0.128596, 0, 0.398531, 0.130138, 0, 0, 0.33784
1.63, 0, 0, 0, 0.0639239, 1.29583, 0, 0.627941, 0.128575, 0, 0.398337, 0.130109, 0, 0, 0.337749
1.631, 0, 0, 0, 0.0637651, 1.29533, 0, 0.627663, 0.128492, 0, 0.398145, 0.130026, 0, 0, 0.33758
1.632, 0, 0, 0, 0.0639819, 1.29547, 0, 0.627929, 0.128516, 0, 0.398334, 0.130055, 0, 0, 0.33767
1.633, 0, 0, 0, 0.0639254, 1.29545, 0, 0.627837, 0.128515, 0, 0.398267, 0.130052, 0, 0, 0.337649
1.634, 0, 0, 0, 0.0644797, 1.29459, 0, 0.627855, 0.128513, 0, 0.398277, 0.130054, 0, 0, 0.337652
1.635, 0, 0, 0, 0.0646934, 1.29513, 0, 0.628223, 0.128596, 0, 0.398534, 0.130138, 0, 0, 0.337841
1.636, 0, 0, 0, 0.063922, 1.29583, 0, 0.627939, 0.128575, 0, 0.398336, 0.130108, 0, 0, 0.337748
1.637, 0, 0, 0, 0.0637657, 1.29533, 0, 0.627663, 0.128493, 0, 0.398146, 0.130026, 0, 0, 0.33758
1.638, 0, 0, 0, 0.063983, 1.29547, 0, 0.627929, 0.128516, 0, 0.398334, 0.130055, 0, 0, 0.33767
1.639, 0, 0, 0, 0.0639268, 1.29544, 0, 0.627837, 0.128515, 0, 0.398268, 0.130052, 0, 0, 0.337649
1.64, 0, 0, 0, 0.0639496, 1.29543, 0, 0.627853, 0.128515, 0, 0.398279, 0.130053, 0, 0, 0.337652
1.641, 0, 0, 0, 0.0644889, 1.2946, 0, 0.627858, 0.128515, 0, 0.39828, 0.130055, 0, 0, 0.337655
1.642, 0, 0, 0, 0.0646958, 1.29512, 0, 0.62822, 0.128597, 0, 0.398532, 0.130138, 0, 0, 0.337841
1.643, 0, 0, 0, 0.0639253, 1.29583, 0, 0.627941, 0.128575, 0, 0.398337, 0.130109, 0, 0, 0.33775
1.644, 0, 0, 0, 0.0637666, 1.29533, 0, 0.627662, 0.128493, 0, 0.398145, 0.130026, 0, 0, 0.337581
1.645, 0, 0, 0, 0.0639836, 1.29547, 0, 0.627928, 0.128517, 0, 0.398334, 0.130055, 0, 0, 0.33767
1.646, 0, 0, 0, 0.0644587, 1.2946, 0, 0.627838, 0.128513, 0, 0.398266, 0.130053, 0, 0, 0.33765
1.647, 0, 0, 0, 0.0641559, 1.29596, 0, 0.628218, 0.128597, 0, 0.398533, 0.130136, 0, 0, 0.337839
1.648, 0, 0, 0, 0.0637171, 1.29531, 0, 0.627577, 0.128493, 0, 0.398084, 0.130025, 0, 0, 0.337563
1.649, 0, 0, 0, 0.0645368, 1.29462, 0, 0.627942, 0.128514, 0, 0.39834, 0.130056, 0, 0, 0.337672
1.65, 0, 0, 0, 0.0641435, 1.29598, 0, 0.628207, 0.128599, 0, 0.398525, 0.130137, 0, 0, 0.33784
1.651, 0, 0, 0, 0.0637114, 1.2953, 0, 0.62757, 0.128492, 0, 0.398079, 0.130024, 0, 0, 0.33756
1.652, 0, 0, 0, 0.0645394, 1.29462, 0, 0.627946, 0.128515, 0, 0.398343, 0.130056, 0, 0, 0.337674
1.653, 0, 0, 0, 0.0641421, 1.29598, 0, 0.628205, 0.128599, 0, 0.398524, 0.130137, 0, 0, 0.337839
1.654, 0, 0, 0, 0.0637118, 1.2953, 0, 0.62757, 0.128492, 0, 0.39808, 0.130023, 0, 0, 0.33756
1.655, 0, 0, 0, 0.0640081, 1.29546, 0, 0.627944, 0.128517, 0, 0.398345, 0.130055, 0, 0, 0.337673
1.656, 0, 0, 0, 0.0644681, 1.29461, 0, 0.627841, 0.128515, 0, 0.398268, 0.130055, 0, 0, 0.337653
1.657, 0, 0, 0, 0.0646902, 1.29512, 0, 0.628216, 0.128596, 0, 0.398529, 0.130137, 0, 0, 0.337839
1.658, 0, 0, 0, 0.0639272, 1.29583, 0, 0.627943, 0.128576, 0, 0.398339, 0.130108, 0, 0, 0.337751
1.659, 0, 0, 0, 0.063767, 1.29532, 0, 0.62766, 0.128493, 0, 0.398145, 0.130026, 0, 0, 0.337581
1.66, 0, 0, 0, 0.063986, 1.29547, 0, 0.627928, 0.128517, 0, 0.398334, 0.130055, 0, 0, 0.337671
1.661, 0, 0, 0, 0.0639299, 1.29544, 0, 0.627836, 0.128516, 0, 0.398268, 0.130052, 0, 0, 0.33765
1.662, 0, 0, 0, 0.0639527, 1.29543, 0, 0.627852, 0.128516, 0, 0.398279, 0.130053, 0, 0, 0.337653
1.663, 0, 0, 0, 0.0644918, 1.2946, 0, 0.627857, 0.128516, 0, 0.39828, 0.130055, 0, 0, 0.337656
1.664, 0, 0, 0, 0.0646986, 1.29512, 0, 0.628219, 0.128598, 0, 0.398531, 0.130138, 0, 0, 0.337842
1.665, 0, 0, 0, 0.0639286, 1.29583, 0, 0.627939, 0.128576, 0, 0.398337, 0.130108, 0, 0, 0.337751
1.666, 0, 0, 0, 0.0637698, 1.29532, 0, 0.627661, 0.128494, 0, 0.398146, 0.130026, 0, 0, 0.337582
1.667, 0, 0, 0, 0.0639867, 1.29547, 0, 0.627927, 0.128517, 0, 0.398334, 0.130055, 0, 0, 0.337672
1.668, 0, 0, 0, 0.06393, 1.29544, 0, 0.627835, 0.128516, 0, 0.398268, 0.130052, 0, 0, 0.337651
1.669, 0, 0, 0, 0.0644844, 1.29459, 0, 0.627853, 0.128514, 0, 0.398277, 0.130053, 0, 0, 0.337654
1.67, 0, 0, 0, 0.0646981, 1.29512, 0, 0.628222, 0.128598, 0, 0.398534, 0.130138, 0, 0, 0.337843
1.671, 0, 0, 0, 0.0639265, 1.29583, 0, 0.627938, 0.128576, 0, 0.398336, 0.130108, 0, 0, 0.33775
1.672, 0, 0, 0, 0.0637702, 1.29532, 0, 0.627661, 0.128494, 0, 0.398146, 0.130026, 0, 0, 0.337582
1.673, 0, 0, 0, 0.0639876, 1.29547, 0, 0.627927, 0.128518, 0, 0.398334, 0.130054, 0, 0, 0.337672
1.674, 0, 0, 0, 0.0639314, 1.29544, 0, 0.627835, 0.128517, 0, 0.398268, 0.130052, 0, 0, 0.337651
1.675, 0, 0, 0, 0.0639542, 1.29543, 0, 0.627851, 0.128517, 0, 0.398279, 0.130053, 0, 0, 0.337654
1.676, 0, 0, 0, 0.0644935, 1.29459, 0, 0.627856, 0.128516, 0, 0.39828, 0.130055, 0, 0, 0.337657
1.677, 0, 0, 0, 0.0647004, 1.29512, 0, 0.628218, 0.128598, 0, 0.398532, 0.130138, 0, 0, 0.337843
1.678, 0, 0, 0, 0.0644615, 1.29499, 0, 0.62794, 0.128575, 0, 0.398335, 0.130109, 0, 0, 0.337752
1.679, 0, 0, 0, 0.0639774, 1.29585, 0, 0.628025, 0.128576, 0, 0.3984, 0.130109, 0, 0, 0.337769
1.68, 0, 0, 0, 0.0637484, 1.29534, 0, 0.627647, 0.128494, 0, 0.398137, 0.130025, 0, 0, 0.33758
1.681, 0, 0, 0, 0.0639793, 1.29546, 0, 0.627922, 0.128516, 0, 0.398331, 0.130053, 0, 0, 0.337669
1.682, 0, 0, 0, 0.0639321, 1.29545, 0, 0.627838, 0.128517, 0, 0.39827, 0.130052, 0, 0, 0.337652
1.683, 0, 0, 0, 0.0639536, 1.29543, 0, 0.62785, 0.128517, 0, 0.398278, 0.130052, 0, 0, 0.337653
1.684, 0, 0, 0, 0.0639633, 1.29543, 0, 0.627855, 0.128519, 0, 0.398282, 0.130054, 0, 0, 0.337657
1.685, 0, 0, 0, 0.0639642, 1.29543, 0, 0.627852, 0.128519, 0, 0.39828, 0.130054, 0, 0, 0.337656
1.686, 0, 0, 0, 0.0644982, 1.29459, 0, 0.627854, 0.128517, 0, 0.398279, 0.130055, 0, 0, 0.337658
1.687, 0, 0, 0, 0.0647045, 1.29512, 0, 0.628219, 0.128599, 0, 0.398533, 0.130138, 0, 0, 0.337844
1.688, 0, 0, 0, 0.064463, 1.29499, 0, 0.627939, 0.128576, 0, 0.398335, 0.130109, 0, 0, 0.337753
1.689, 0, 0, 0, 0.0639779, 1.29585, 0, 0.628024, 0.128577, 0, 0.3984, 0.130109, 0, 0, 0.33777
1.69, 0, 0, 0, 0.0637483, 1.29534, 0, 0.627647, 0.128495, 0, 0.398136, 0.130025, 0, 0, 0.337581
1.691, 0, 0, 0, 0.063979, 1.29546, 0, 0.627921, 0.128517, 0, 0.39833, 0.130052, 0, 0, 0.337669
1.692, 0, 0, 0, 0.0639317, 1.29544, 0, 0.627837, 0.128517, 0, 0.39827, 0.130052, 0, 0, 0.337652
1.693, 0, 0, 0, 0.0639534, 1.29543, 0, 0.627849, 0.128517, 0, 0.398278, 0.130052, 0, 0, 0.337654
1.694, 0, 0, 0, 0.0639634, 1.29543, 0, 0.627854, 0.128519, 0, 0.398282, 0.130054, 0, 0, 0.337657
1.695, 0, 0, 0, 0.0639644, 1.29543, 0, 0.627851, 0.128519, 0, 0.39828, 0.130054, 0, 0, 0.337657
1.696, 0, 0, 0, 0.0644994, 1.29459, 0, 0.627853, 0.128517, 0, 0.398279, 0.130055, 0, 0, 0.337658
1.697, 0, 0, 0, 0.0647061, 1.29512, 0, 0.628219, 0.1286, 0, 0.398533, 0.130138, 0, 0, 0.337845
1.698, 0, 0, 0, 0.0644644, 1.29499, 0, 0.627939, 0.128576, 0, 0.398335, 0.130109, 0, 0, 0.337753
1.699, 0, 0, 0, 0.0639787, 1.29585, 0, 0.628024, 0.128578, 0, 0.3984, 0.130109, 0, 0, 0.33777
1.7, 0, 0, 0, 0.063749, 1.29534, 0, 0.627646, 0.128495, 0, 0.398136, 0.130025, 0, 0, 0.337581
1.701, 0, 0, 0, 0.0639802, 1.29546, 0, 0.62792, 0.128517, 0, 0.398331, 0.130052, 0, 0, 0.33767
1.702, 0, 0, 0, 0.0639329, 1.29544, 0, 0.627836, 0.128518, 0, 0.39827, 0.130052, 0, 0, 0.337653
1.703, 0, 0, 0, 0.0639547, 1.29543, 0, 0.627848, 0.128518, 0, 0.398278, 0.130052, 0, 0, 0.337654
1.704, 0, 0, 0, 0.0644965, 1.29459, 0, 0.627855, 0.128517, 0, 0.39828, 0.130055, 0, 0, 0.337658
1.705, 0, 0, 0, 0.064704, 1.29512, 0, 0.628217, 0.1286, 0, 0.398532, 0.130138, 0, 0, 0.337844
1.706, 0, 0, 0, 0.0639345, 1.29583, 0, 0.627937, 0.128578, 0, 0.398337, 0.130108, 0, 0, 0.337753
1.707, 0, 0, 0, 0.0637761, 1.29532, 0, 0.627659, 0.128496, 0, 0.398146, 0.130026, 0, 0, 0.337584
1.708, 0, 0, 0, 0.0639929, 1.29546, 0, 0.627925, 0.12852, 0, 0.398334, 0.130054, 0, 0, 0.337674
1.709, 0, 0, 0, 0.0639361, 1.29544, 0, 0.627833, 0.128518, 0, 0.398268, 0.130052, 0, 0, 0.337653
1.71, 0, 0, 0, 0.0639586, 1.29543, 0, 0.627849, 0.128518, 0, 0.398279, 0.130052, 0, 0, 0.337655
1.711, 0, 0, 0, 0.0644978, 1.29459, 0, 0.627854, 0.128518, 0, 0.39828, 0.130055, 0, 0, 0.337659
1.712, 0, 0, 0, 0.0647046, 1.29512, 0, 0.628216, 0.1286, 0, 0.398532, 0.130138, 0, 0, 0.337845
1.713, 0, 0, 0, 0.0644656, 1.29499, 0, 0.627938, 0.128577, 0, 0.398335, 0.130109, 0, 0, 0.337754
1.714, 0, 0, 0, 0.0639814, 1.29585, 0, 0.628023, 0.128578, 0, 0.3984, 0.130108, 0, 0, 0.337771
1.715, 0, 0, 0, 0.0637524, 1.29533, 0, 0.627645, 0.128496, 0, 0.398137, 0.130025, 0, 0, 0.337582
1.716, 0, 0, 0, 0.0639834, 1.29546, 0, 0.62792, 0.128518, 0, 0.398331, 0.130052, 0, 0, 0.33767
1.717, 0, 0, 0, 0.0639361, 1.29544, 0, 0.627836, 0.128519, 0, 0.39827, 0.130052, 0, 0, 0.337653
1.718, 0, 0, 0, 0.0639577, 1.29543, 0, 0.627848, 0.128518, 0, 0.398279, 0.130052, 0, 0, 0.337655
1.719, 0, 0, 0, 0.0639675, 1.29543, 0, 0.627853, 0.12852, 0, 0.398282, 0.130054, 0, 0, 0.337658
1.72, 0, 0, 0, 0.0639684, 1.29543, 0, 0.62785, 0.12852, 0, 0.39828, 0.130054, 0, 0, 0.337658
1.721, 0, 0, 0, 0.0645024, 1.29459, 0, 0.627852, 0.128519, 0, 0.398279, 0.130055, 0, 0, 0.337659
1.722, 0, 0, 0, 0.0647088, 1.29511, 0, 0.628217, 0.128601, 0, 0.398533, 0.130138, 0, 0, 0.337846
1.723, 0, 0, 0, 0.0644673, 1.29498, 0, 0.627937, 0.128577, 0, 0.398335, 0.130109, 0, 0, 0.337754
1.724, 0, 0, 0, 0.0639821, 1.29585, 0, 0.628022, 0.128579, 0, 0.3984, 0.130108, 0, 0, 0.337771
1.725, 0, 0, 0, 0.0637525, 1.29533, 0, 0.627644, 0.128497, 0, 0.398137, 0.130025, 0, 0, 0.337583
1.726, 0, 0, 0, 0.0639832, 1.29546, 0, 0.627919, 0.128519, 0, 0.398331, 0.130052, 0, 0, 0.337671
1.727, 0, 0, 0, 0.0639359, 1.29544, 0, 0.627835, 0.128519, 0, 0.39827, 0.130052, 0, 0, 0.337654
1.728, 0, 0, 0, 0.0639576, 1.29543, 0, 0.627847, 0.128519, 0, 0.398278, 0.130052, 0, 0, 0.337655
1.729, 0, 0, 0, 0.0639676, 1.29543, 0, 0.627852, 0.128521, 0, 0.398282, 0.130054, 0, 0, 0.337659
1.73, 0, 0, 0, 0.0645004, 1.29459, 0, 0.62785, 0.128519, 0, 0.398278, 0.130055, 0, 0, 0.337659
1.731, 0, 0, 0, 0.0647093, 1.29511, 0, 0.628216, 0.128601, 0, 0.398533, 0.130138, 0, 0, 0.337846
1.732, 0, 0, 0, 0.0639373, 1.29582, 0, 0.627935, 0.12858, 0, 0.398337, 0.130108, 0, 0, 0.337754
1.733, 0, 0, 0, 0.063778, 1.29532, 0, 0.627657, 0.128497, 0, 0.398146, 0.130025, 0, 0, 0.337585
1.734, 0, 0, 0, 0.0639946, 1.29546, 0, 0.627923, 0.128521, 0, 0.398334, 0.130054, 0, 0, 0.337675
1.735, 0, 0, 0, 0.0639377, 1.29544, 0, 0.627831, 0.12852, 0, 0.398268, 0.130052, 0, 0, 0.337654
1.736, 0, 0, 0, 0.0644924, 1.29458, 0, 0.627849, 0.128518, 0, 0.398278, 0.130053, 0, 0, 0.337657
1.737, 0, 0, 0, 0.0647061, 1.29512, 0, 0.628218, 0.128601, 0, 0.398534, 0.130138, 0, 0, 0.337847
1.738, 0, 0, 0, 0.0639342, 1.29582, 0, 0.627933, 0.12858, 0, 0.398336, 0.130108, 0, 0, 0.337754
1.739, 0, 0, 0, 0.0637779, 1.29532, 0, 0.627657, 0.128497, 0, 0.398146, 0.130025, 0, 0, 0.337585
1.74, 0, 0, 0, 0.0639955, 1.29546, 0, 0.627923, 0.128521, 0, 0.398334, 0.130054, 0, 0, 0.337675
1.741, 0, 0, 0, 0.0639392, 1.29544, 0, 0.627831, 0.12852, 0, 0.398268, 0.130052, 0, 0, 0.337654
1.742, 0, 0, 0, 0.0644938, 1.29458, 0, 0.627849, 0.128518, 0, 0.398278, 0.130053, 0, 0, 0.337657
1.743, 0, 0, 0, 0.0647076, 1.29512, 0, 0.628217, 0.128602, 0, 0.398534, 0.130138, 0, 0, 0.337847
1.744, 0, 0, 0, 0.0639359, 1.29582, 0, 0.627933, 0.12858, 0, 0.398336, 0.130108, 0, 0, 0.337754
1.745, 0, 0, 0, 0.0637796, 1.29532, 0, 0.627657, 0.128498, 0, 0.398146, 0.130025, 0, 0, 0.337586
1.746, 0, 0, 0, 0.0639968, 1.29546, 0, 0.627923, 0.128521, 0, 0.398334, 0.130054, 0, 0, 0.337675
1.747, 0, 0, 0, 0.0639405, 1.29544, 0, 0.627831, 0.12852, 0, 0.398268, 0.130052, 0, 0, 0.337655
1.748, 0, 0, 0, 0.0639632, 1.29542, 0, 0.627847, 0.12852, 0, 0.39828, 0.130052, 0, 0, 0.337657
1.749, 0, 0, 0, 0.0645023, 1.29459, 0, 0.627852, 0.12852, 0, 0.39828, 0.130055, 0, 0, 0.337661
1.75, 0, 0, 0, 0.0647092, 1.29511, 0, 0.628214, 0.128602, 0, 0.398532, 0.130138, 0, 0, 0.337847
1.751, 0, 0, 0, 0.0639388, 1.29582, 0, 0.627934, 0.128581, 0, 0.398337, 0.130108, 0, 0, 0.337755
1.752, 0, 0, 0, 0.0637799, 1.29532, 0, 0.627656, 0.128498, 0, 0.398146, 0.130025, 0, 0, 0.337586
1.753, 0, 0, 0, 0.0639968, 1.29546, 0, 0.627922, 0.128522, 0, 0.398334, 0.130054, 0, 0, 0.337676
1.754, 0, 0, 0, 0.0639403, 1.29544, 0, 0.62783, 0.128521, 0, 0.398268, 0.130052, 0, 0, 0.337655
1.755, 0, 0, 0, 0.0644949, 1.29458, 0, 0.627848, 0.128519, 0, 0.398278, 0.130053, 0, 0, 0.337658
1.756, 0, 0, 0, 0.0647087, 1.29512, 0, 0.628216, 0.128602, 0, 0.398534, 0.130138, 0, 0, 0.337848
1.757, 0, 0, 0, 0.0639368, 1.29582, 0, 0.627932, 0.128581, 0, 0.398336, 0.130107, 0, 0, 0.337755
1.758, 0, 0, 0, 0.0637804, 1.29532, 0, 0.627656, 0.128498, 0, 0.398146, 0.130025, 0, 0, 0.337586
1.759, 0, 0, 0, 0.0639978, 1.29546, 0, 0.627922, 0.128522, 0, 0.398334, 0.130054, 0, 0, 0.337676
1.76, 0, 0, 0, 0.0639416, 1.29543, 0, 0.62783, 0.128521, 0, 0.398268, 0.130052, 0, 0, 0.337655
1.761, 0, 0, 0, 0.064496, 1.29458, 0, 0.627848, 0.128519, 0, 0.398278, 0.130053, 0, 0, 0.337658
1.762, 0, 0, 0, 0.0641779, 1.29595, 0, 0.628215, 0.128605, 0, 0.398536, 0.130137, 0, 0, 0.337847
1.763, 0, 0, 0, 0.0642636, 1.29445, 0, 0.627569, 0.128497, 0, 0.398081, 0.130025, 0, 0, 0.337569
1.764, 0, 0, 0, 0.0642281, 1.29597, 0, 0.6283, 0.128604, 0, 0.398598, 0.130137, 0, 0, 0.337865
1.765, 0, 0, 0, 0.0637116, 1.29531, 0, 0.627555, 0.128499, 0, 0.398074, 0.130024, 0, 0, 0.337567
1.766, 0, 0, 0, 0.0640126, 1.29544, 0, 0.62793, 0.128521, 0, 0.39834, 0.130053, 0, 0, 0.337675
1.767, 0, 0, 0, 0.0639509, 1.29544, 0, 0.627838, 0.128523, 0, 0.398274, 0.130053, 0, 0, 0.33766
1.768, 0, 0, 0, 0.0644952, 1.29458, 0, 0.627843, 0.128519, 0, 0.398275, 0.130053, 0, 0, 0.337658
1.769, 0, 0, 0, 0.0647125, 1.29511, 0, 0.628217, 0.128603, 0, 0.398535, 0.130138, 0, 0, 0.337849
1.77, 0, 0, 0, 0.0639385, 1.29582, 0, 0.627932, 0.128581, 0, 0.398336, 0.130108, 0, 0, 0.337755
1.771, 0, 0, 0, 0.0637817, 1.29531, 0, 0.627655, 0.128499, 0, 0.398146, 0.130025, 0, 0, 0.337587
1.772, 0, 0, 0, 0.063999, 1.29546, 0, 0.627921, 0.128523, 0, 0.398334, 0.130054, 0, 0, 0.337677
1.773, 0, 0, 0, 0.0639426, 1.29543, 0, 0.627829, 0.128522, 0, 0.398268, 0.130052, 0, 0, 0.337656
1.774, 0, 0, 0, 0.0644974, 1.29458, 0, 0.627847, 0.128519, 0, 0.398278, 0.130053, 0, 0, 0.337659
1.775, 0, 0, 0, 0.0647111, 1.29511, 0, 0.628215, 0.128603, 0, 0.398534, 0.130138, 0, 0, 0.337848
1.776, 0, 0, 0, 0.0639394, 1.29582, 0, 0.627931, 0.128582, 0, 0.398336, 0.130107, 0, 0, 0.337755
1.777, 0, 0, 0, 0.0637831, 1.29531, 0, 0.627655, 0.128499, 0, 0.398146, 0.130025, 0, 0, 0.337587
1.778, 0, 0, 0, 0.0640003, 1.29546, 0, 0.627921, 0.128523, 0, 0.398334, 0.130054, 0, 0, 0.337677
1.779, 0, 0, 0, 0.0639438, 1.29543, 0, 0.627829, 0.128522, 0, 0.398268, 0.130052, 0, 0, 0.337656
1.78, 0, 0, 0, 0.0639666, 1.29542, 0, 0.627845, 0.128522, 0, 0.39828, 0.130052, 0, 0, 0.337659
1.781, 0, 0, 0, 0.0645058, 1.29459, 0, 0.62785, 0.128521, 0, 0.39828, 0.130054, 0, 0, 0.337662
1.782, 0, 0, 0, 0.0647127, 1.29511, 0, 0.628212, 0.128604, 0, 0.398532, 0.130138, 0, 0, 0.337848
1.783, 0, 0, 0, 0.0639422, 1.29582, 0, 0.627932, 0.128582, 0, 0.398338, 0.130108, 0, 0, 0.337757
1.784, 0, 0, 0, 0.0637834, 1.29531, 0, 0.627654, 0.1285, 0, 0.398146, 0.130025, 0, 0, 0.337588
1.785, 0, 0, 0, 0.0640004, 1.29546, 0, 0.62792, 0.128523, 0, 0.398334, 0.130054, 0, 0, 0.337677
1.786, 0, 0, 0, 0.0639439, 1.29543, 0, 0.627828, 0.128522, 0, 0.398268, 0.130051, 0, 0, 0.337657
1.787, 0, 0, 0, 0.0644986, 1.29458, 0, 0.627846, 0.12852, 0, 0.398278, 0.130053, 0, 0, 0.33766
1.788, 0, 0, 0, 0.0647123, 1.29511, 0, 0.628215, 0.128604, 0, 0.398534, 0.130138, 0, 0, 0.337849
1.789, 0, 0, 0, 0.0639401, 1.29582, 0, 0.62793, 0.128582, 0, 0.398336, 0.130107, 0, 0, 0.337756
1.79, 0, 0, 0, 0.0637838, 1.29531, 0, 0.627654, 0.1285, 0, 0.398146, 0.130025, 0, 0, 0.337588
1.791, 0, 0, 0, 0.0640012, 1.29546, 0, 0.62792, 0.128524, 0, 0.398334, 0.130054, 0, 0, 0.337678
1.792, 0, 0, 0, 0.063945, 1.29543, 0, 0.627828, 0.128522, 0, 0.398268, 0.130051, 0, 0, 0.337657
1.793, 0, 0, 0, 0.0644995, 1.29458, 0, 0.627846, 0.12852, 0, 0.398278, 0.130053, 0, 0, 0.33766
1.794, 0, 0, 0, 0.0641814, 1.29595, 0, 0.628213, 0.128606, 0, 0.398536, 0.130137, 0, 0, 0.337849
1.795, 0, 0, 0, 0.0642671, 1.29445, 0, 0.627567, 0.128498, 0, 0.398081, 0.130025, 0, 0, 0.33757
1.796, 0, 0, 0, 0.0642315, 1.29597, 0, 0.628298, 0.128606, 0, 0.398598, 0.130137, 0, 0, 0.337866
1.797, 0, 0, 0, 0.0637149, 1.29531, 0, 0.627554, 0.128501, 0, 0.398074, 0.130024, 0, 0, 0.337569
1.798, 0, 0, 0, 0.064016, 1.29544, 0, 0.627928, 0.128522, 0, 0.39834, 0.130052, 0, 0, 0.337676
1.799, 0, 0, 0, 0.0639545, 1.29544, 0, 0.627836, 0.128524, 0, 0.398274, 0.130053, 0, 0, 0.337661
1.8, 0, 0, 0, 0.0644986, 1.29458, 0, 0.627841, 0.128521, 0, 0.398275, 0.130052, 0, 0, 0.337659
1.801, 0, 0, 0, 0.0647159, 1.29511, 0, 0.628215, 0.128605, 0, 0.398536, 0.130138, 0, 0, 0.33785
1.802, 0, 0, 0, 0.0639419, 1.29582, 0, 0.62793, 0.128583, 0, 0.398336, 0.130107, 0, 0, 0.337757
1.803, 0, 0, 0, 0.063785, 1.29531, 0, 0.627653, 0.1285, 0, 0.398146, 0.130025, 0, 0, 0.337588
1.804, 0, 0, 0, 0.0640024, 1.29546, 0, 0.627919, 0.128524, 0, 0.398334, 0.130054, 0, 0, 0.337678
1.805, 0, 0, 0, 0.063946, 1.29543, 0, 0.627827, 0.128523, 0, 0.398268, 0.130051, 0, 0, 0.337657
1.806, 0, 0, 0, 0.0645007, 1.29458, 0, 0.627845, 0.128521, 0, 0.398278, 0.130053, 0, 0, 0.33766
1.807, 0, 0, 0, 0.0647145, 1.29511, 0, 0.628213, 0.128605, 0, 0.398535, 0.130137, 0, 0, 0.33785
1.808, 0, 0, 0, 0.0639426, 1.29582, 0, 0.62793, 0.128583, 0, 0.398337, 0.130107, 0, 0, 0.337757
1.809, 0, 0, 0, 0.063786, 1.29531, 0, 0.627653, 0.128501, 0, 0.398146, 0.130025, 0, 0, 0.337589
1.81, 0, 0, 0, 0.0640033, 1.29546, 0, 0.627919, 0.128525, 0, 0.398335, 0.130054, 0, 0, 0.337679
1.811, 0, 0, 0, 0.0639468, 1.29543, 0, 0.627827, 0.128523, 0, 0.398268, 0.130051, 0, 0, 0.337658
1.812, 0, 0, 0, 0.0639699, 1.29542, 0, 0.627843, 0.128523, 0, 0.39828, 0.130052, 0, 0, 0.33766
1.813, 0, 0, 0, 0.064509, 1.29458, 0, 0.627849, 0.128523, 0, 0.398281, 0.130054, 0, 0, 0.337664
1.814, 0, 0, 0, 0.0647155, 1.29511, 0, 0.62821, 0.128605, 0, 0.398532, 0.130137, 0, 0, 0.33785
1.815, 0, 0, 0, 0.0639453, 1.29582, 0, 0.627931, 0.128584, 0, 0.398338, 0.130108, 0, 0, 0.337758
1.816, 0, 0, 0, 0.0637864, 1.29531, 0, 0.627653, 0.128501, 0, 0.398146, 0.130025, 0, 0, 0.337589
1.817, 0, 0, 0, 0.0640033, 1.29546, 0, 0.627919, 0.128525, 0, 0.398335, 0.130054, 0, 0, 0.337679
1.818, 0, 0, 0, 0.0639467, 1.29543, 0, 0.627827, 0.128524, 0, 0.398268, 0.130051, 0, 0, 0.337658
1.819, 0, 0, 0, 0.0645015, 1.29458, 0, 0.627844, 0.128522, 0, 0.398278, 0.130053, 0, 0, 0.337661
1.82, 0, 0, 0, 0.0647153, 1.29511, 0, 0.628213, 0.128605, 0, 0.398535, 0.130137, 0, 0, 0.33785
1.821, 0, 0, 0, 0.063943, 1.29582, 0, 0.627929, 0.128584, 0, 0.398337, 0.130107, 0, 0, 0.337758
1.822, 0, 0, 0, 0.0637865, 1.29531, 0, 0.627652, 0.128501, 0, 0.398146, 0.130025, 0, 0, 0.337589
1.823, 0, 0, 0, 0.0640041, 1.29546, 0, 0.627919, 0.128525, 0, 0.398335, 0.130054, 0, 0, 0.337679
1.824, 0, 0, 0, 0.0639478, 1.29543, 0, 0.627827, 0.128524, 0, 0.398269, 0.130051, 0, 0, 0.337658
1.825, 0, 0, 0, 0.0645023, 1.29458, 0, 0.627844, 0.128522, 0, 0.398278, 0.130053, 0, 0, 0.337661
1.826, 0, 0, 0, 0.0641842, 1.29595, 0, 0.628211, 0.128608, 0, 0.398536, 0.130137, 0, 0, 0.33785
1.827, 0, 0, 0, 0.0637385, 1.29529, 0, 0.627564, 0.128502, 0, 0.398083, 0.130024, 0, 0, 0.337571
1.828, 0, 0, 0, 0.0645597, 1.2946, 0, 0.627933, 0.128524, 0, 0.398342, 0.130055, 0, 0, 0.337682
1.829, 0, 0, 0, 0.0646955, 1.29512, 0, 0.628198, 0.128606, 0, 0.398524, 0.130137, 0, 0, 0.337849
1.83, 0, 0, 0, 0.0639371, 1.29581, 0, 0.627925, 0.128583, 0, 0.398334, 0.130106, 0, 0, 0.337755
1.831, 0, 0, 0, 0.0637872, 1.29531, 0, 0.627655, 0.128502, 0, 0.398149, 0.130025, 0, 0, 0.33759
1.832, 0, 0, 0, 0.0640026, 1.29546, 0, 0.627917, 0.128525, 0, 0.398334, 0.130053, 0, 0, 0.337679
1.833, 0, 0, 0, 0.0639484, 1.29543, 0, 0.627827, 0.128524, 0, 0.398269, 0.130051, 0, 0, 0.337658
1.834, 0, 0, 0, 0.0639716, 1.29542, 0, 0.627843, 0.128524, 0, 0.39828, 0.130052, 0, 0, 0.337661
1.835, 0, 0, 0, 0.0639791, 1.29542, 0, 0.627846, 0.128526, 0, 0.398282, 0.130053, 0, 0, 0.337664
1.836, 0, 0, 0, 0.0645119, 1.29458, 0, 0.627844, 0.128524, 0, 0.398278, 0.130054, 0, 0, 0.337664
1.837, 0, 0, 0, 0.0647206, 1.29511, 0, 0.628211, 0.128606, 0, 0.398534, 0.130138, 0, 0, 0.337851
1.838, 0, 0, 0, 0.0644794, 1.29498, 0, 0.627931, 0.128583, 0, 0.398336, 0.130108, 0, 0, 0.33776
1.839, 0, 0, 0, 0.0639941, 1.29584, 0, 0.628016, 0.128584, 0, 0.3984, 0.130108, 0, 0, 0.337777
1.84, 0, 0, 0, 0.0637644, 1.29533, 0, 0.627638, 0.128502, 0, 0.398137, 0.130024, 0, 0, 0.337588
1.841, 0, 0, 0, 0.0639955, 1.29545, 0, 0.627913, 0.128524, 0, 0.398331, 0.130052, 0, 0, 0.337676
1.842, 0, 0, 0, 0.0639482, 1.29543, 0, 0.627829, 0.128525, 0, 0.398271, 0.130051, 0, 0, 0.337659
1.843, 0, 0, 0, 0.0639698, 1.29542, 0, 0.627841, 0.128524, 0, 0.398279, 0.130051, 0, 0, 0.337661
1.844, 0, 0, 0, 0.0639798, 1.29542, 0, 0.627846, 0.128526, 0, 0.398283, 0.130053, 0, 0, 0.337664
1.845, 0, 0, 0, 0.0639805, 1.29542, 0, 0.627843, 0.128527, 0, 0.39828, 0.130053, 0, 0, 0.337664
1.846, 0, 0, 0, 0.0645151, 1.29458, 0, 0.627845, 0.128525, 0, 0.398279, 0.130054, 0, 0, 0.337665
1.847, 0, 0, 0, 0.0647219, 1.29511, 0, 0.628211, 0.128607, 0, 0.398534, 0.130138, 0, 0, 0.337852
1.848, 0, 0, 0, 0.06448, 1.29498, 0, 0.627931, 0.128583, 0, 0.398336, 0.130108, 0, 0, 0.33776
1.849, 0, 0, 0, 0.0639943, 1.29584, 0, 0.628016, 0.128585, 0, 0.3984, 0.130108, 0, 0, 0.337777
1.85, 0, 0, 0, 0.0637645, 1.29533, 0, 0.627638, 0.128503, 0, 0.398137, 0.130024, 0, 0, 0.337588
1.851, 0, 0, 0, 0.0639956, 1.29545, 0, 0.627912, 0.128524, 0, 0.398331, 0.130052, 0, 0, 0.337677
1.852, 0, 0, 0, 0.0639487, 1.29543, 0, 0.627825, 0.128524, 0, 0.398272, 0.13005, 0, 0, 0.337659
1.853, 0, 0, 0, 0.0639713, 1.29542, 0, 0.62784, 0.128525, 0, 0.39828, 0.130051, 0, 0, 0.337661
1.854, 0, 0, 0, 0.0639799, 1.29542, 0, 0.627844, 0.128527, 0, 0.398282, 0.130053, 0, 0, 0.337664
1.855, 0, 0, 0, 0.0645144, 1.29458, 0, 0.627843, 0.128525, 0, 0.398278, 0.130054, 0, 0, 0.337665
1.856, 0, 0, 0, 0.0647234, 1.2951, 0, 0.62821, 0.128607, 0, 0.398534, 0.130138, 0, 0, 0.337852
1.857, 0, 0, 0, 0.0644823, 1.29497, 0, 0.62793, 0.128584, 0, 0.398336, 0.130108, 0, 0, 0.33776
1.858, 0, 0, 0, 0.0639976, 1.29584, 0, 0.628015, 0.128585, 0, 0.3984, 0.130108, 0, 0, 0.337777
1.859, 0, 0, 0, 0.0637682, 1.29532, 0, 0.627637, 0.128503, 0, 0.398137, 0.130024, 0, 0, 0.337589
1.86, 0, 0, 0, 0.063999, 1.29545, 0, 0.627911, 0.128525, 0, 0.398331, 0.130052, 0, 0, 0.337677
1.861, 0, 0, 0, 0.0639517, 1.29543, 0, 0.627827, 0.128525, 0, 0.398271, 0.130051, 0, 0, 0.33766
1.862, 0, 0, 0, 0.0639732, 1.29542, 0, 0.627839, 0.128525, 0, 0.398279, 0.130051, 0, 0, 0.337661
1.863, 0, 0, 0, 0.063983, 1.29542, 0, 0.627844, 0.128527, 0, 0.398283, 0.130053, 0, 0, 0.337665
1.864, 0, 0, 0, 0.0639837, 1.29542, 0, 0.627841, 0.128527, 0, 0.39828, 0.130053, 0, 0, 0.337665
1.865, 0, 0, 0, 0.0645178, 1.29457, 0, 0.627843, 0.128525, 0, 0.398279, 0.130054, 0, 0, 0.337666
1.866, 0, 0, 0, 0.0647245, 1.2951, 0, 0.628209, 0.128607, 0, 0.398534, 0.130137, 0, 0, 0.337853
1.867, 0, 0, 0, 0.0644827, 1.29497, 0, 0.627929, 0.128584, 0, 0.398336, 0.130108, 0, 0, 0.337761
1.868, 0, 0, 0, 0.0639974, 1.29584, 0, 0.628014, 0.128585, 0, 0.3984, 0.130108, 0, 0, 0.337778
1.869, 0, 0, 0, 0.0637677, 1.29532, 0, 0.627636, 0.128503, 0, 0.398137, 0.130024, 0, 0, 0.337589
1.87, 0, 0, 0, 0.0639987, 1.29545, 0, 0.62791, 0.128525, 0, 0.398331, 0.130051, 0, 0, 0.337677
1.871, 0, 0, 0, 0.0639515, 1.29543, 0, 0.627826, 0.128525, 0, 0.398271, 0.130051, 0, 0, 0.33766
1.872, 0, 0, 0, 0.063973, 1.29542, 0, 0.627839, 0.128525, 0, 0.398279, 0.130051, 0, 0, 0.337662
1.873, 0, 0, 0, 0.0639827, 1.29542, 0, 0.627843, 0.128527, 0, 0.398282, 0.130053, 0, 0, 0.337665
1.874, 0, 0, 0, 0.064516, 1.29458, 0, 0.627842, 0.128525, 0, 0.398279, 0.130054, 0, 0, 0.337665
1.875, 0, 0, 0, 0.0647248, 1.2951, 0, 0.628208, 0.128608, 0, 0.398534, 0.130137, 0, 0, 0.337853
1.876, 0, 0, 0, 0.0639525, 1.29581, 0, 0.627927, 0.128586, 0, 0.398338, 0.130107, 0, 0, 0.337761
1.877, 0, 0, 0, 0.0637933, 1.29531, 0, 0.627649, 0.128504, 0, 0.398146, 0.130025, 0, 0, 0.337592
1.878, 0, 0, 0, 0.06401, 1.29545, 0, 0.627915, 0.128527, 0, 0.398335, 0.130053, 0, 0, 0.337681
1.879, 0, 0, 0, 0.0644849, 1.29459, 0, 0.627824, 0.128524, 0, 0.398267, 0.130052, 0, 0, 0.337661
1.88, 0, 0, 0, 0.0641821, 1.29594, 0, 0.628204, 0.128608, 0, 0.398534, 0.130134, 0, 0, 0.337849
1.881, 0, 0, 0, 0.0637433, 1.29529, 0, 0.627563, 0.128504, 0, 0.398085, 0.130024, 0, 0, 0.337574
1.882, 0, 0, 0, 0.0645631, 1.2946, 0, 0.627928, 0.128525, 0, 0.398341, 0.130054, 0, 0, 0.337683
1.883, 0, 0, 0, 0.0641699, 1.29596, 0, 0.628192, 0.12861, 0, 0.398526, 0.130136, 0, 0, 0.33785
1.884, 0, 0, 0, 0.0637374, 1.29528, 0, 0.627557, 0.128503, 0, 0.398081, 0.130022, 0, 0, 0.337571
1.885, 0, 0, 0, 0.0640336, 1.29544, 0, 0.62793, 0.128527, 0, 0.398346, 0.130054, 0, 0, 0.337684
1.886, 0, 0, 0, 0.0644942, 1.29459, 0, 0.627828, 0.128526, 0, 0.398269, 0.130053, 0, 0, 0.337664
1.887, 0, 0, 0, 0.0647161, 1.2951, 0, 0.628202, 0.128606, 0, 0.39853, 0.130135, 0, 0, 0.33785
1.888, 0, 0, 0, 0.0639528, 1.29582, 0, 0.627929, 0.128586, 0, 0.39834, 0.130107, 0, 0, 0.337761
1.889, 0, 0, 0, 0.0637925, 1.29531, 0, 0.627647, 0.128504, 0, 0.398146, 0.130024, 0, 0, 0.337591
1.89, 0, 0, 0, 0.0640117, 1.29545, 0, 0.627914, 0.128528, 0, 0.398335, 0.130053, 0, 0, 0.337682
1.891, 0, 0, 0, 0.0639555, 1.29543, 0, 0.627822, 0.128527, 0, 0.398269, 0.130051, 0, 0, 0.337661
1.892, 0, 0, 0, 0.0639783, 1.29541, 0, 0.627838, 0.128526, 0, 0.39828, 0.130051, 0, 0, 0.337663
1.893, 0, 0, 0, 0.064518, 1.29458, 0, 0.627843, 0.128526, 0, 0.398281, 0.130054, 0, 0, 0.337667
1.894, 0, 0, 0, 0.0647245, 1.2951, 0, 0.628206, 0.128608, 0, 0.398533, 0.130137, 0, 0, 0.337853
1.895, 0, 0, 0, 0.0639538, 1.29581, 0, 0.627926, 0.128587, 0, 0.398338, 0.130107, 0, 0, 0.337761
1.896, 0, 0, 0, 0.0637952, 1.29531, 0, 0.627648, 0.128504, 0, 0.398147, 0.130024, 0, 0, 0.337592
1.897, 0, 0, 0, 0.0640121, 1.29545, 0, 0.627913, 0.128528, 0, 0.398335, 0.130053, 0, 0, 0.337682
1.898, 0, 0, 0, 0.0639555, 1.29542, 0, 0.627822, 0.128527, 0, 0.398269, 0.130051, 0, 0, 0.337661
1.899, 0, 0, 0, 0.0645102, 1.29457, 0, 0.627839, 0.128525, 0, 0.398278, 0.130052, 0, 0, 0.337664
1.9, 0, 0, 0, 0.064724, 1.29511, 0, 0.628208, 0.128608, 0, 0.398535, 0.130137, 0, 0, 0.337854
1.901, 0, 0, 0, 0.0639522, 1.29581, 0, 0.627924, 0.128587, 0, 0.398337, 0.130107, 0, 0, 0.337761
1.902, 0, 0, 0, 0.0637959, 1.29531, 0, 0.627647, 0.128504, 0, 0.398147, 0.130024, 0, 0, 0.337592
1.903, 0, 0, 0, 0.0640131, 1.29545, 0, 0.627913, 0.128528, 0, 0.398335, 0.130053, 0, 0, 0.337682
1.904, 0, 0, 0, 0.0639567, 1.29542, 0, 0.627821, 0.128527, 0, 0.398269, 0.130051, 0, 0, 0.337661
1.905, 0, 0, 0, 0.0639796, 1.29541, 0, 0.627838, 0.128527, 0, 0.39828, 0.130051, 0, 0, 0.337664
1.906, 0, 0, 0, 0.0645191, 1.29458, 0, 0.627843, 0.128527, 0, 0.398281, 0.130054, 0, 0, 0.337667
1.907, 0, 0, 0, 0.0647261, 1.2951, 0, 0.628205, 0.128609, 0, 0.398533, 0.130137, 0, 0, 0.337854
1.908, 0, 0, 0, 0.0644871, 1.29497, 0, 0.627926, 0.128585, 0, 0.398336, 0.130108, 0, 0, 0.337762
1.909, 0, 0, 0, 0.0640029, 1.29583, 0, 0.628011, 0.128587, 0, 0.3984, 0.130107, 0, 0, 0.337779
1.91, 0, 0, 0, 0.0637737, 1.29532, 0, 0.627634, 0.128505, 0, 0.398138, 0.130024, 0, 0, 0.337591
1.911, 0, 0, 0, 0.0640047, 1.29545, 0, 0.627907, 0.128527, 0, 0.398331, 0.130051, 0, 0, 0.337679
1.912, 0, 0, 0, 0.0639575, 1.29543, 0, 0.627825, 0.128527, 0, 0.398271, 0.130051, 0, 0, 0.337662
1.913, 0, 0, 0, 0.0639787, 1.29541, 0, 0.627836, 0.128527, 0, 0.398279, 0.130051, 0, 0, 0.337663
1.914, 0, 0, 0, 0.0639887, 1.29542, 0, 0.627841, 0.128529, 0, 0.398283, 0.130053, 0, 0, 0.337667
1.915, 0, 0, 0, 0.0639896, 1.29541, 0, 0.627838, 0.128529, 0, 0.39828, 0.130053, 0, 0, 0.337667
1.916, 0, 0, 0, 0.0645235, 1.29457, 0, 0.62784, 0.128527, 0, 0.39828, 0.130054, 0, 0, 0.337668
1.917, 0, 0, 0, 0.0647298, 1.2951, 0, 0.628205, 0.12861, 0, 0.398533, 0.130137, 0, 0, 0.337855
1.918, 0, 0, 0, 0.0639569, 1.29581, 0, 0.627924, 0.128588, 0, 0.398338, 0.130107, 0, 0, 0.337763
1.919, 0, 0, 0, 0.0637964, 1.29531, 0, 0.627647, 0.128506, 0, 0.398147, 0.130024, 0, 0, 0.337594
1.92, 0, 0, 0, 0.064012, 1.29545, 0, 0.627912, 0.128529, 0, 0.398335, 0.130053, 0, 0, 0.337683
1.921, 0, 0, 0, 0.0644872, 1.29458, 0, 0.627822, 0.128526, 0, 0.398267, 0.130051, 0, 0, 0.337663
1.922, 0, 0, 0, 0.064716, 1.2951, 0, 0.628203, 0.128608, 0, 0.398533, 0.130135, 0, 0, 0.337852
1.923, 0, 0, 0, 0.0639513, 1.29581, 0, 0.627926, 0.128588, 0, 0.398339, 0.130107, 0, 0, 0.337762
1.924, 0, 0, 0, 0.0637935, 1.29531, 0, 0.627646, 0.128505, 0, 0.398146, 0.130024, 0, 0, 0.337593
1.925, 0, 0, 0, 0.0640133, 1.29545, 0, 0.627913, 0.128529, 0, 0.398335, 0.130053, 0, 0, 0.337683
1.926, 0, 0, 0, 0.0639577, 1.29542, 0, 0.627821, 0.128528, 0, 0.398269, 0.130051, 0, 0, 0.337662
1.927, 0, 0, 0, 0.0639809, 1.29541, 0, 0.627837, 0.128528, 0, 0.39828, 0.130051, 0, 0, 0.337665
1.928, 0, 0, 0, 0.0645201, 1.29458, 0, 0.627843, 0.128528, 0, 0.398281, 0.130054, 0, 0, 0.337668
1.929, 0, 0, 0, 0.064195, 1.29594, 0, 0.628203, 0.128612, 0, 0.398535, 0.130136, 0, 0, 0.337854
1.93, 0, 0, 0, 0.0642824, 1.29444, 0, 0.627562, 0.128505, 0, 0.398082, 0.130025, 0, 0, 0.337577
1.931, 0, 0, 0, 0.0642443, 1.29596, 0, 0.628291, 0.128612, 0, 0.398598, 0.130137, 0, 0, 0.337872
1.932, 0, 0, 0, 0.0637271, 1.2953, 0, 0.627546, 0.128507, 0, 0.398075, 0.130024, 0, 0, 0.337575
1.933, 0, 0, 0, 0.0645596, 1.29459, 0, 0.627922, 0.128526, 0, 0.398339, 0.130053, 0, 0, 0.337683
1.934, 0, 0, 0, 0.0641725, 1.29596, 0, 0.628194, 0.128612, 0, 0.398528, 0.130136, 0, 0, 0.337853
1.935, 0, 0, 0, 0.0637384, 1.29528, 0, 0.627553, 0.128505, 0, 0.39808, 0.130022, 0, 0, 0.337572
1.936, 0, 0, 0, 0.0640368, 1.29544, 0, 0.627929, 0.12853, 0, 0.398347, 0.130053, 0, 0, 0.337686
1.937, 0, 0, 0, 0.0644972, 1.29459, 0, 0.627826, 0.128528, 0, 0.39827, 0.130053, 0, 0, 0.337666
1.938, 0, 0, 0, 0.0641877, 1.29594, 0, 0.628199, 0.128611, 0, 0.398532, 0.130134, 0, 0, 0.337851
1.939, 0, 0, 0, 0.064282, 1.29445, 0, 0.627564, 0.128505, 0, 0.398085, 0.130025, 0, 0, 0.337578
1.94, 0, 0, 0, 0.0642426, 1.29596, 0, 0.628289, 0.128612, 0, 0.398597, 0.130137, 0, 0, 0.337872
1.941, 0, 0, 0, 0.063728, 1.2953, 0, 0.627546, 0.128507, 0, 0.398075, 0.130023, 0, 0, 0.337575
1.942, 0, 0, 0, 0.0640293, 1.29543, 0, 0.627921, 0.128528, 0, 0.398341, 0.130052, 0, 0, 0.337682
1.943, 0, 0, 0, 0.0639679, 1.29543, 0, 0.627829, 0.128531, 0, 0.398275, 0.130053, 0, 0, 0.337667
1.944, 0, 0, 0, 0.0645121, 1.29457, 0, 0.627834, 0.128527, 0, 0.398275, 0.130052, 0, 0, 0.337665
1.945, 0, 0, 0, 0.0647293, 1.2951, 0, 0.628208, 0.128611, 0, 0.398536, 0.130137, 0, 0, 0.337856
1.946, 0, 0, 0, 0.0639553, 1.29581, 0, 0.627923, 0.128589, 0, 0.398337, 0.130107, 0, 0, 0.337763
1.947, 0, 0, 0, 0.0637985, 1.2953, 0, 0.627646, 0.128507, 0, 0.398147, 0.130024, 0, 0, 0.337594
1.948, 0, 0, 0, 0.0640158, 1.29545, 0, 0.627912, 0.12853, 0, 0.398335, 0.130053, 0, 0, 0.337684
1.949, 0, 0, 0, 0.0639593, 1.29542, 0, 0.62782, 0.128529, 0, 0.398269, 0.130051, 0, 0, 0.337663
1.95, 0, 0, 0, 0.0645137, 1.29457, 0, 0.627838, 0.128527, 0, 0.398279, 0.130052, 0, 0, 0.337666
1.951, 0, 0, 0, 0.0641955, 1.29594, 0, 0.628205, 0.128613, 0, 0.398537, 0.130136, 0, 0, 0.337855
1.952, 0, 0, 0, 0.0642812, 1.29444, 0, 0.627559, 0.128505, 0, 0.398082, 0.130024, 0, 0, 0.337577
1.953, 0, 0, 0, 0.0642456, 1.29596, 0, 0.62829, 0.128613, 0, 0.398598, 0.130137, 0, 0, 0.337873
1.954, 0, 0, 0, 0.0637291, 1.2953, 0, 0.627546, 0.128508, 0, 0.398075, 0.130023, 0, 0, 0.337575
1.955, 0, 0, 0, 0.0640302, 1.29543, 0, 0.62792, 0.128529, 0, 0.398341, 0.130052, 0, 0, 0.337683
1.956, 0, 0, 0, 0.0639687, 1.29543, 0, 0.627828, 0.128531, 0, 0.398275, 0.130053, 0, 0, 0.337667
1.957, 0, 0, 0, 0.0645129, 1.29457, 0, 0.627833, 0.128527, 0, 0.398275, 0.130052, 0, 0, 0.337665
1.958, 0, 0, 0, 0.0647301, 1.2951, 0, 0.628208, 0.128611, 0, 0.398536, 0.130137, 0, 0, 0.337856
1.959, 0, 0, 0, 0.0639561, 1.29581, 0, 0.627922, 0.12859, 0, 0.398337, 0.130107, 0, 0, 0.337763
1.96, 0, 0, 0, 0.0637992, 1.2953, 0, 0.627645, 0.128507, 0, 0.398147, 0.130024, 0, 0, 0.337595
1.961, 0, 0, 0, 0.0640166, 1.29545, 0, 0.627911, 0.128531, 0, 0.398335, 0.130053, 0, 0, 0.337684
1.962, 0, 0, 0, 0.06396, 1.29542, 0, 0.62782, 0.12853, 0, 0.398269, 0.130051, 0, 0, 0.337664
1.963, 0, 0, 0, 0.0645146, 1.29457, 0, 0.627837, 0.128528, 0, 0.398279, 0.130052, 0, 0, 0.337667
1.964, 0, 0, 0, 0.0647284, 1.2951, 0, 0.628206, 0.128611, 0, 0.398535, 0.130137, 0, 0, 0.337856
1.965, 0, 0, 0, 0.0639566, 1.29581, 0, 0.627922, 0.12859, 0, 0.398337, 0.130107, 0, 0, 0.337763
1.966, 0, 0, 0, 0.0638002, 1.2953, 0, 0.627646, 0.128507, 0, 0.398147, 0.130024, 0, 0, 0.337595
1.967, 0, 0, 0, 0.0640175, 1.29545, 0, 0.627911, 0.128531, 0, 0.398335, 0.130053, 0, 0, 0.337685
1.968, 0, 0, 0, 0.0639612, 1.29542, 0, 0.62782, 0.12853, 0, 0.398269, 0.130051, 0, 0, 0.337664
1.969, 0, 0, 0, 0.0639839, 1.29541, 0, 0.627836, 0.12853, 0, 0.398281, 0.130051, 0, 0, 0.337666
1.97, 0, 0, 0, 0.0645231, 1.29457, 0, 0.627841, 0.128529, 0, 0.398281, 0.130054, 0, 0, 0.33767
1.971, 0, 0, 0, 0.0647299, 1.2951, 0, 0.628203, 0.128612, 0, 0.398533, 0.130137, 0, 0, 0.337856
1.972, 0, 0, 0, 0.0639594, 1.29581, 0, 0.627923, 0.12859, 0, 0.398338, 0.130107, 0, 0, 0.337764
1.973, 0, 0, 0, 0.0638005, 1.2953, 0, 0.627645, 0.128508, 0, 0.398147, 0.130024, 0, 0, 0.337595
1.974, 0, 0, 0, 0.0640173, 1.29545, 0, 0.627911, 0.128531, 0, 0.398335, 0.130053, 0, 0, 0.337685
1.975, 0, 0, 0, 0.0639607, 1.29542, 0, 0.627819, 0.12853, 0, 0.398269, 0.130051, 0, 0, 0.337664
1.976, 0, 0, 0, 0.0645153, 1.29457, 0, 0.627837, 0.128528, 0, 0.398279, 0.130052, 0, 0, 0.337667
1.977, 0, 0, 0, 0.064729, 1.2951, 0, 0.628205, 0.128612, 0, 0.398535, 0.130137, 0, 0, 0.337856
1.978, 0, 0, 0, 0.0639571, 1.29581, 0, 0.627921, 0.12859, 0, 0.398337, 0.130107, 0, 0, 0.337764
1.979, 0, 0, 0, 0.0638007, 1.2953, 0, 0.627645, 0.128508, 0, 0.398147, 0.130024, 0, 0, 0.337595
1.98, 0, 0, 0, 0.0640181, 1.29545, 0, 0.627911, 0.128531, 0, 0.398335, 0.130053, 0, 0, 0.337685
1.981, 0, 0, 0, 0.0639618, 1.29542, 0, 0.627819, 0.12853, 0, 0.398269, 0.130051, 0, 0, 0.337664
1.982, 0, 0, 0, 0.0639845, 1.29541, 0, 0.627835, 0.12853, 0, 0.398281, 0.130051, 0, 0, 0.337667
1.983, 0, 0, 0, 0.064524, 1.29457, 0, 0.62784, 0.12853, 0, 0.398281, 0.130054, 0, 0, 0.33767
1.984, 0, 0, 0, 0.0647309, 1.2951, 0, 0.628202, 0.128612, 0, 0.398533, 0.130137, 0, 0, 0.337856
1.985, 0, 0, 0, 0.0639601, 1.29581, 0, 0.627923, 0.128591, 0, 0.398338, 0.130107, 0, 0, 0.337765
1.986, 0, 0, 0, 0.0638012, 1.2953, 0, 0.627644, 0.128508, 0, 0.398147, 0.130024, 0, 0, 0.337596
1.987, 0, 0, 0, 0.0640183, 1.29545, 0, 0.62791, 0.128532, 0, 0.398335, 0.130053, 0, 0, 0.337685
1.988, 0, 0, 0, 0.0644934, 1.29458, 0, 0.62782, 0.128528, 0, 0.398267, 0.130051, 0, 0, 0.337665
1.989, 0, 0, 0, 0.0641906, 1.29594, 0, 0.6282, 0.128612, 0, 0.398535, 0.130134, 0, 0, 0.337853
1.99, 0, 0, 0, 0.0637515, 1.29528, 0, 0.627559, 0.128508, 0, 0.398086, 0.130024, 0, 0, 0.337578
1.991, 0, 0, 0, 0.064571, 1.29459, 0, 0.627924, 0.128529, 0, 0.398342, 0.130054, 0, 0, 0.337687
1.992, 0, 0, 0, 0.0641778, 1.29595, 0, 0.628189, 0.128614, 0, 0.398527, 0.130136, 0, 0, 0.337854
1.993, 0, 0, 0, 0.0637456, 1.29528, 0, 0.627553, 0.128507, 0, 0.398081, 0.130022, 0, 0, 0.337575
1.994, 0, 0, 0, 0.0640419, 1.29543, 0, 0.627927, 0.128532, 0, 0.398347, 0.130053, 0, 0, 0.337688
1.995, 0, 0, 0, 0.0645019, 1.29458, 0, 0.627824, 0.12853, 0, 0.39827, 0.130053, 0, 0, 0.337668
1.996, 0, 0, 0, 0.0647238, 1.29509, 0, 0.628198, 0.128611, 0, 0.398531, 0.130135, 0, 0, 0.337854
1.997, 0, 0, 0, 0.0639606, 1.29581, 0, 0.627925, 0.128591, 0, 0.39834, 0.130107, 0, 0, 0.337765
1.998, 0, 0, 0, 0.0638002, 1.2953, 0, 0.627643, 0.128508, 0, 0.398146, 0.130024, 0, 0, 0.337595
1.999, 0, 0, 0, 0.0640193, 1.29545, 0, 0.62791, 0.128532, 0, 0.398335, 0.130053, 0, 0, 0.337686
2, 0, 0, 0, 0.0639631, 1.29542, 0, 0.627819, 0.128531, 0, 0.398269, 0.130051, 0, 0, 0.337665
2.001, 0, 0, 0, 0.0639858, 1.29541, 0, 0.627835, 0.128531, 0, 0.398281, 0.130051, 0, 0, 0.337667
2.002, 0, 0, 0, 0.064525, 1.29457, 0, 0.62784, 0.12853, 0, 0.398281, 0.130054, 0, 0, 0.337671
2.003, 0, 0, 0, 0, 0.259979, 0, 0.0254935, 0, 0, 0, 0, 0, 0, 0
2.004, 0, 0, 0, 0, 0.123401, 0, 0.0327916, 0.000108953, 0, 0.00438199, 0, 0, 0, 0.00457054
2.005, 0, 0, 0, 0, 0.100667, 0, 0.0396327, 0.00182745, 0, 0.0100412, 0.00104717, 0, 0, 0.00759327
2.006, 0, 0, 0, 0, 0.0911985, 0, 0.0381076, 0.00167032, 0, 0.00959217, 0.000861723, 0, 0, 0.00712127
2.007, 0, 0, 0, 0, 0.08329, 0, 0.0357585, 0.00133163, 0, 0.00837797, 0.000569987, 0, 0, 0.00615021
2.008, 0, 0, 0, 0, 0.0751703, 0, 0.0337857, 0.00106849, 0, 0.00716248, 0.000291311, 0, 0, 0.0053226
2.009, 0, 0, 0, 0, 0.0672035, 0, 0.0323364, 0.000939424, 0, 0.00592021, 5.3105e-05, 0, 0, 0.00462599
2.01, 0, 0, 0, 0, 0.0603852, 0, 0.0314139, 0.000834566, 0, 0.00464522, 0, 0, 0, 0.00412145
2.011, 0, 0, 0, 0, 0.0540418, 0, 0.0326326, 0.000732907, 0, 0.00341618, 0, 0, 0, 0.00372452
2.012, 0, 0, 0, 0, 0.0504137, 0, 0.0309277, 0.000792331, 0, 0.00214221, 0, 0, 0, 0.0032443
2.013, 0, 0, 0, 0, 0.0476757, 0, 0.0294563, 0.000763937, 0, 0.000991365, 0, 0, 0, 0.00281626
2.014, 0, 0, 0, 0, 0.0450803, 0, 0.0276832, 0.000716644, 0, 0.000261035, 0, 0, 0, 0.00236107
2.015, 0, 0, 0, 0, 0.0390821, 0, 0.0260838, 0.000688219, 0, 0, 0, 0, 0, 0.00181013
2.016, 0, 0, 0, 0, 0.0346258, 0, 0.0265252, 0.000858023, 0, 0, 0, 0, 0, 0.00160234
2.017, 0, 0, 0, 0, 0.0306935, 0, 0.0252122, 0.000987613, 0, 0, 0, 0, 0, 0.00139237
2.018, 0, 0, 0, 0, 0.0297792, 0, 0.0238257, 0.00110601, 0, 0, 0, 0, 0, 0.0012717
2.019, 0, 0, 0, 0, 0.0288145, 0, 0.0218504, 0.00111264, 0, 0, 0, 0, 0, 0.00103373
2.02, 0, 0, 0, 0, 0.0278675, 0, 0.0196716, 0.00111256, 0, 0, 0, 0, 0, 0.00106589
2.021, 0, 0, 0, 0, 0.0265168, 0, 0.017643, 0.0011422, 0, 0, 0, 0, 0, 0.00106802
2.022, 0, 0, 0, 0, 0.02536, 0, 0.0155944, 0.00119042, 0, 0, 0, 0, 0, 0.0011215
2.023, 0, 0, 0, 0, 0.0208236, 0, 0.0139395, 0.00124946, 0, 0, 0, 0, 0, 0.00120512
2.024, 0, 0, 0, 0, 0.017602, 0, 0.0123097, 0.00142338, 0, 0, 0, 0, 0, 0.00132476
2.025, 0, 0, 0, 0, 0.0155508, 0, 0.0115659, 0.00158195, 0, 0, 0, 0, 0, 0.00139201
2.026, 0, 0, 0, 0, 0.0138718, 0, 0.0112188, 0.00170517, 0, 0, 0, 0, 0, 0.00145049
2.027, 0, 0, 0, 0, 0.0127818, 0, 0.0090028, 0.00155531, 0, 0, 0, 0, 0, 0.00114725
2.028, 0, 0, 0, 0, 0.00518894, 0, 0.00861896, 0.00167101, 0, 0, 0, 0, 0, 0.00115972
2.029, 0, 0, 0, 0, 0.00323121, 0, 0.00370857, 0.00184848, 0, 0, 0, 0, 0, 0.00107359
2.03, 0, 0, 0, 0, 0, 0, 0.00309229, 0.00135037, 0, 0, 0, 0, 0, 0.000997093
2.031, 0, 0, 0, 0, 0, 0, 0.00244166, 0, 0, 0, 0, 0, 0, 0.00102943
2.032, 0, 0, 0, 0, 0, 0, 0, 0, 0, 0, 0, 0, 0, 0.00099583
2.033, 0, 0, 0, 0, 0, 0, 0, 0, 0, 0, 0, 0, 0, 0.000533492
2.034, 0, 0, 0, 0, 0, 0, 0, 0, 0, 0, 0, 0, 0, 0.000588456
2.035, 0, 0, 0, 0, 0, 0, 0, 0, 0, 0, 0, 0, 0, 0
2.036, 0, 0, 0, 0, 0, 0, 0, 0, 0, 0, 0, 0, 0, 0
2.037, 0, 0, 0, 0, 0, 0, 0, 0, 0, 0, 0, 0, 0, 0
2.038, 0, 0, 0, 0, 0, 0, 0, 0, 0, 0, 0, 0, 0, 0
2.039, 0, 0, 0, 0, 0, 0, 0, 0, 0, 0, 0, 0, 0, 0
2.04, 0, 0, 0, 0, 0, 0, 0, 0, 0, 0, 0, 0, 0, 0
2.041, 0, 0, 0, 0, 0, 0, 0, 0, 0, 0, 0, 0, 0, 0
2.042, 0, 0, 0, 0, 0, 0, 0, 0, 0, 0, 0, 0, 0, 0
2.043, 0, 0, 0, 0, 0, 0, 0, 0, 0, 0, 0, 0, 0, 0
2.044, 0, 0, 0, 0, 0, 0, 0, 0, 0, 0, 0, 0, 0, 0
2.045, 0, 0, 0, 0, 0, 0, 0, 0, 0, 0, 0, 0, 0, 0
2.046, 0, 0, 0, 0, 0, 0, 0, 0, 0, 0, 0, 0, 0, 0
2.047, 0, 0, 0, 0, 0, 0, 0, 0, 0, 0, 0, 0, 0, 0
2.048, 0, 0, 0, 0, 0, 0, 0, 0, 0, 0, 0, 0, 0, 0
2.049, 0, 0, 0, 0, 0, 0, 0, 0, 0, 0, 0, 0, 0, 0
2.05, 0, 0, 0, 0, 0, 0, 0, 0, 0, 0, 0, 0, 0, 0
2.051, 0, 0, 0, 0, 0, 0, 0, 0, 0, 0, 0, 0, 0, 0
2.052, 0, 0, 0, 0, 0, 0, 0, 0, 0, 0, 0, 0, 0, 0
2.053, 0, 0, 0, 0, 0, 0, 0, 0, 0, 0, 0, 0, 0, 0
2.054, 0, 0, 0, 0, 0, 0, 0, 0, 0, 0, 0, 0, 0, 0
2.055, 0, 0, 0, 0, 0, 0, 0, 0, 0, 0, 0, 0, 0, 0
2.056, 0, 0, 0, 0, 0, 0, 0, 0, 0, 0, 0, 0, 0, 0
2.057, 0, 0, 0, 0, 0, 0, 0, 0, 0, 0, 0, 0, 0, 0
2.058, 0, 0, 0, 0, 0, 0, 0, 0, 0, 0, 0, 0, 0, 0
2.059, 0, 0, 0, 0, 0, 0, 0, 0, 0, 0, 0, 0, 0, 0
2.06, 0, 0, 0, 0, 0, 0, 0, 0, 0, 0, 0, 0, 0, 0
2.061, 0, 0, 0, 0, 0, 0, 0, 0, 0, 0, 0, 0, 0, 0
2.062, 0, 0, 0, 0, 0, 0, 0, 0, 0, 0, 0, 0, 0, 0
2.063, 0, 0, 0, 0, 0, 0, 0, 0, 0, 0, 0, 0, 0, 0
2.064, 0, 0, 0, 0, 0, 0, 0, 0, 0, 0, 0, 0, 0, 0
2.065, 0, 0, 0, 0, 0, 0, 0, 0, 0, 0, 0, 0, 0, 0
2.066, 0, 0, 0, 0, 0, 0, 0, 0, 0, 0, 0, 0, 0, 0
2.067, 0, 0, 0, 0, 0, 0, 0, 0, 0, 0, 0, 0, 0, 0
2.068, 0, 0, 0, 0, 0, 0, 0, 0, 0, 0, 0, 0, 0, 0
2.069, 0, 0, 0, 0, 0, 0, 0, 0, 0, 0, 0, 0, 0, 0
2.07, 0, 0, 0, 0, 0, 0, 0, 0, 0, 0, 0, 0, 0, 0
2.071, 0, 0, 0, 0, 0, 0, 0, 0, 0, 0, 0, 0, 0, 0
2.072, 0, 0, 0, 0, 0, 0, 0, 0, 0, 0, 0, 0, 0, 0
2.073, 0, 0, 0, 0, 0, 0, 0, 0, 0, 0, 0, 0, 0, 0
2.074, 0, 0, 0, 0, 0, 0, 0, 0, 0, 0, 0, 0, 0, 0
2.075, 0, 0, 0, 0, 0, 0, 0, 0, 0, 0, 0, 0, 0, 0
2.076, 0, 0, 0, 0, 0, 0, 0, 0, 0, 0, 0, 0, 0, 0
2.077, 0, 0, 0, 0, 0, 0, 0, 0, 0, 0, 0, 0, 0, 0
2.078, 0, 0, 0, 0, 0, 0, 0, 0, 0, 0, 0, 0, 0, 0
2.079, 0, 0, 0, 0, 0, 0, 0, 0, 0, 0, 0, 0, 0, 0
2.08, 0, 0, 0, 0, 0, 0, 0, 0, 0, 0, 0, 0, 0, 0
2.081, 0, 0, 0, 0, 0, 0, 0, 0, 0, 0, 0, 0, 0, 0
2.082, 0, 0, 0, 0, 0, 0, 0, 0, 0, 0, 0, 0, 0, 0
2.083, 0, 0, 0, 0, 0, 0, 0, 0, 0, 0, 0, 0, 0, 0
2.084, 0, 0, 0, 0, 0, 0, 0, 0, 0, 0, 0, 0, 0, 0
2.085, 0, 0, 0, 0, 0, 0, 0, 0, 0, 0, 0, 0, 0, 0
2.086, 0, 0, 0, 0, 0, 0, 0, 0, 0, 0, 0, 0, 0, 0
2.087, 0, 0, 0, 0, 0, 0, 0, 0, 0, 0, 0, 0, 0, 0
2.088, 0, 0, 0, 0, 0, 0, 0, 0, 0, 0, 0, 0, 0, 0
2.089, 0, 0, 0, 0, 0, 0, 0, 0, 0, 0, 0, 0, 0, 0
2.09, 0, 0, 0, 0, 0, 0, 0, 0, 0, 0, 0, 0, 0, 0
2.091, 0, 0, 0, 0, 0, 0, 0, 0, 0, 0, 0, 0, 0, 0
2.092, 0, 0, 0, 0, 0, 0, 0, 0, 0, 0, 0, 0, 0, 0
2.093, 0, 0, 0, 0, 0, 0, 0, 0, 0, 0, 0, 0, 0, 0
2.094, 0, 0, 0, 0, 0, 0, 0, 0, 0, 0, 0, 0, 0, 0
2.095, 0, 0, 0, 0, 0, 0, 0, 0, 0, 0, 0, 0, 0, 0
2.096, 0, 0, 0, 0, 0, 0, 0, 0, 0, 0, 0, 0, 0, 0
2.097, 0, 0, 0, 0, 0, 0, 0, 0, 0, 0, 0, 0, 0, 0
2.098, 0, 0, 0, 0, 0, 0, 0, 0, 0, 0, 0, 0, 0, 0
2.099, 0, 0, 0, 0, 0, 0, 0, 0, 0, 0, 0, 0, 0, 0
2.1, 0, 0, 0, 0, 0, 0, 0, 0, 0, 0, 0, 0, 0, 0
2.101, 0, 0, 0, 0, 0, 0, 0, 0, 0, 0, 0, 0, 0, 0
2.102, 0, 0, 0, 0, 0, 0, 0, 0, 0, 0, 0, 0, 0, 0
2.103, 0, 0, 0, 0, 0, 0, 0, 0, 0, 0, 0, 0, 0, 0
2.104, 0, 0, 0, 0, 0, 0, 0, 0, 0, 0, 0, 0, 0, 0
2.105, 0, 0, 0, 0, 0, 0, 0, 0, 0, 0, 0, 0, 0, 0
2.106, 0, 0, 0, 0, 0, 0, 0, 0, 0, 0, 0, 0, 0, 0
2.107, 0, 0, 0, 0, 0, 0, 0, 0, 0, 0, 0, 0, 0, 0
2.108, 0, 0, 0, 0, 0, 0, 0, 0, 0, 0, 0, 0, 0, 0
2.109, 0, 0, 0, 0, 0, 0, 0, 0, 0, 0, 0, 0, 0, 0
2.11, 0, 0, 0, 0, 0, 0, 0, 0, 0, 0, 0, 0, 0, 0
2.111, 0, 0, 0, 0, 0, 0, 0, 0, 0, 0, 0, 0, 0, 0
2.112, 0, 0, 0, 0, 0, 0, 0, 0, 0, 0, 0, 0, 0, 0
2.113, 0, 0, 0, 0, 0, 0, 0, 0, 0, 0, 0, 0, 0, 0
2.114, 0, 0, 0, 0, 0, 0, 0, 0, 0, 0, 0, 0, 0, 0
2.115, 0, 0, 0, 0, 0, 0, 0, 0, 0, 0, 0, 0, 0, 0
2.116, 0, 0, 0, 0, 0, 0, 0, 0, 0, 0, 0, 0, 0, 0
2.117, 0, 0, 0, 0, 0, 0, 0, 0, 0, 0, 0, 0, 0, 0
2.118, 0, 0, 0, 0, 0, 0, 0, 0, 0, 0, 0, 0, 0, 0
2.119, 0, 0, 0, 0, 0, 0, 0, 0, 0, 0, 0, 0, 0, 0
2.12, 0, 0, 0, 0, 0, 0, 0, 0, 0, 0, 0, 0, 0, 0
2.121, 0, 0, 0, 0, 0, 0, 0, 0, 0, 0, 0, 0, 0, 0
2.122, 0, 0, 0, 0, 0, 0, 0, 0, 0, 0, 0, 0, 0, 0
2.123, 0, 0, 0, 0, 0, 0, 0, 0, 0, 0, 0, 0, 0, 0
2.124, 0, 0, 0, 0, 0, 0, 0, 0, 0, 0, 0, 0, 0, 0
2.125, 0, 0, 0, 0, 0, 0, 0, 0, 0, 0, 0, 0, 0, 0
2.126, 0, 0, 0, 0, 0, 0, 0, 0, 0, 0, 0, 0, 0, 0
2.127, 0, 0, 0, 0, 0, 0, 0, 0, 0, 0, 0, 0, 0, 0
2.128, 0, 0, 0, 0, 0, 0, 0, 0, 0, 0, 0, 0, 0, 0
2.129, 0, 0, 0, 0, 0, 0, 0, 0, 0, 0, 0, 0, 0, 0
2.13, 0, 0, 0, 0, 0, 0, 0, 0, 0, 0, 0, 0, 0, 0
2.131, 0, 0, 0, 0, 0, 0, 0, 0, 0, 0, 0, 0, 0, 0
2.132, 0, 0, 0, 0, 0, 0, 0, 0, 0, 0, 0, 0, 0, 0
2.133, 0, 0, 0, 0, 0, 0, 0, 0, 0, 0, 0, 0, 0, 0
2.134, 0, 0, 0, 0, 0, 0, 0, 0, 0, 0, 0, 0, 0, 0
2.135, 0, 0, 0, 0, 0, 0, 0, 0, 0, 0, 0, 0, 0, 0
2.136, 0, 0, 0, 0, 0, 0, 0, 0, 0, 0, 0, 0, 0, 0
2.137, 0, 0, 0, 0, 0, 0, 0, 0, 0, 0, 0, 0, 0, 0
2.138, 0, 0, 0, 0, 0, 0, 0, 0, 0, 0, 0, 0, 0, 0
2.139, 0, 0, 0, 0, 0, 0, 0, 0, 0, 0, 0, 0, 0, 0
2.14, 0, 0, 0, 0, 0, 0, 0, 0, 0, 0, 0, 0, 0, 0
2.141, 0, 0, 0, 0, 0, 0, 0, 0, 0, 0, 0, 0, 0, 0
2.142, 0, 0, 0, 0, 0, 0, 0, 0, 0, 0, 0, 0, 0, 0
2.143, 0, 0, 0, 0, 0, 0, 0, 0, 0, 0, 0, 0, 0, 0
2.144, 0, 0, 0, 0, 0, 0, 0, 0, 0, 0, 0, 0, 0, 0
2.145, 0, 0, 0, 0, 0, 0, 0, 0, 0, 0, 0, 0, 0, 0
2.146, 0, 0, 0, 0, 0, 0, 0, 0, 0, 0, 0, 0, 0, 0
2.147, 0, 0, 0, 0, 0, 0, 0, 0, 0, 0, 0, 0, 0, 0
2.148, 0, 0, 0, 0, 0, 0, 0, 0, 0, 0, 0, 0, 0, 0
2.149, 0, 0, 0, 0, 0, 0, 0, 0, 0, 0, 0, 0, 0, 0
2.15, 0, 0, 0, 0, 0, 0, 0, 0, 0, 0, 0, 0, 0, 0
2.151, 0, 0, 0, 0, 0, 0, 0, 0, 0, 0, 0, 0, 0, 0
2.152, 0, 0, 0, 0, 0, 0, 0, 0, 0, 0, 0, 0, 0, 0
2.153, 0, 0, 0, 0, 0, 0, 0, 0, 0, 0, 0, 0, 0, 0
2.154, 0, 0, 0, 0, 0, 0, 0, 0, 0, 0, 0, 0, 0, 0
2.155, 0, 0, 0, 0, 0, 0, 0, 0, 0, 0, 0, 0, 0, 0
2.156, 0, 0, 0, 0, 0, 0, 0, 0, 0, 0, 0, 0, 0, 0
2.157, 0, 0, 0, 0, 0, 0, 0, 0, 0, 0, 0, 0, 0, 0
2.158, 0, 0, 0, 0, 0, 0, 0, 0, 0, 0, 0, 0, 0, 0
2.159, 0, 0, 0, 0, 0, 0, 0, 0, 0, 0, 0, 0, 0, 0
2.16, 0, 0, 0, 0, 0, 0, 0, 0, 0, 0, 0, 0, 0, 0
2.161, 0, 0, 0, 0, 0, 0, 0, 0, 0, 0, 0, 0, 0, 0
2.162, 0, 0, 0, 0, 0, 0, 0, 0, 0, 0, 0, 0, 0, 0
2.163, 0, 0, 0, 0, 0, 0, 0, 0, 0, 0, 0, 0, 0, 0
2.164, 0, 0, 0, 0, 0, 0, 0, 0, 0, 0, 0, 0, 0, 0
2.165, 0, 0, 0, 0, 0, 0, 0, 0, 0, 0, 0, 0, 0, 0
2.166, 0, 0, 0, 0, 0, 0, 0, 0, 0, 0, 0, 0, 0, 0
2.167, 0, 0, 0, 0, 0, 0, 0, 0, 0, 0, 0, 0, 0, 0
2.168, 0, 0, 0, 0, 0, 0, 0, 0, 0, 0, 0, 0, 0, 0
2.169, 0, 0, 0, 0, 0, 0, 0, 0, 0, 0, 0, 0, 0, 0
2.17, 0, 0, 0, 0, 0, 0, 0, 0, 0, 0, 0, 0, 0, 0
2.171, 0, 0, 0, 0, 0, 0, 0, 0, 0, 0, 0, 0, 0, 0
2.172, 0, 0, 0, 0, 0, 0, 0, 0, 0, 0, 0, 0, 0, 0
2.173, 0, 0, 0, 0, 0, 0, 0, 0, 0, 0, 0, 0, 0, 0
2.174, 0, 0, 0, 0, 0, 0, 0, 0, 0, 0, 0, 0, 0, 0
2.175, 0, 0, 0, 0, 0, 0, 0, 0, 0, 0, 0, 0, 0, 0
2.176, 0, 0, 0, 0, 0, 0, 0, 0, 0, 0, 0, 0, 0, 0
2.177, 0, 0, 0, 0, 0, 0, 0, 0, 0, 0, 0, 0, 0, 0
2.178, 0, 0, 0, 0, 0, 0, 0, 0, 0, 0, 0, 0, 0, 0
2.179, 0, 0, 0, 0, 0, 0, 0, 0, 0, 0, 0, 0, 0, 0
2.18, 0, 0, 0, 0, 0, 0, 0, 0, 0, 0, 0, 0, 0, 0
2.181, 0, 0, 0, 0, 0, 0, 0, 0, 0, 0, 0, 0, 0, 0
2.182, 0, 0, 0, 0, 0, 0, 0, 0, 0, 0, 0, 0, 0, 0
2.183, 0, 0, 0, 0, 0, 0, 0, 0, 0, 0, 0, 0, 0, 0
2.184, 0, 0, 0, 0, 0, 0, 0, 0, 0, 0, 0, 0, 0, 0
2.185, 0, 0, 0, 0, 0, 0, 0, 0, 0, 0, 0, 0, 0, 0
2.186, 0, 0, 0, 0, 0, 0, 0, 0, 0, 0, 0, 0, 0, 0
2.187, 0, 0, 0, 0, 0, 0, 0, 0, 0, 0, 0, 0, 0, 0
2.188, 0, 0, 0, 0, 0, 0, 0, 0, 0, 0, 0, 0, 0, 0
2.189, 0, 0, 0, 0, 0, 0, 0, 0, 0, 0, 0, 0, 0, 0
2.19, 0, 0, 0, 0, 0, 0, 0, 0, 0, 0, 0, 0, 0, 0
2.191, 0, 0, 0, 0, 0, 0, 0, 0, 0, 0, 0, 0, 0, 0
2.192, 0, 0, 0, 0, 0, 0, 0, 0, 0, 0, 0, 0, 0, 0
2.193, 0, 0, 0, 0, 0, 0, 0, 0, 0, 0, 0, 0, 0, 0
2.194, 0, 0, 0, 0, 0, 0, 0, 0, 0, 0, 0, 0, 0, 0
2.195, 0, 0, 0, 0, 0, 0, 0, 0, 0, 0, 0, 0, 0, 0
2.196, 0, 0, 0, 0, 0, 0, 0, 0, 0, 0, 0, 0, 0, 0
2.197, 0, 0, 0, 0, 0, 0, 0, 0, 0, 0, 0, 0, 0, 0
2.198, 0, 0, 0, 0, 0, 0, 0, 0, 0, 0, 0, 0, 0, 0
2.199, 0, 0, 0, 0, 0, 0, 0, 0, 0, 0, 0, 0, 0, 0
2.2, 0, 0, 0, 0, 0, 0, 0, 0, 0, 0, 0, 0, 0, 0
2.201, 0, 0, 0, 0, 0, 0, 0, 0, 0, 0, 0, 0, 0, 0
2.202, 0, 0, 0, 0, 0, 0, 0, 0, 0, 0, 0, 0, 0, 0
2.203, 0, 0, 0, 0, 0, 0, 0, 0, 0, 0, 0, 0, 0, 0
2.204, 0, 0, 0, 0, 0, 0, 0, 0, 0, 0, 0, 0, 0, 0
2.205, 0, 0, 0, 0, 0, 0, 0, 0, 0, 0, 0, 0, 0, 0
2.206, 0, 0, 0, 0, 0, 0, 0, 0, 0, 0, 0, 0, 0, 0
2.207, 0, 0, 0, 0, 0, 0, 0, 0, 0, 0, 0, 0, 0, 0
2.208, 0, 0, 0, 0, 0, 0, 0, 0, 0, 0, 0, 0, 0, 0
2.209, 0, 0, 0, 0, 0, 0, 0, 0, 0, 0, 0, 0, 0, 0
2.21, 0, 0, 0, 0, 0, 0, 0, 0, 0, 0, 0, 0, 0, 0
2.211, 0, 0, 0, 0, 0, 0, 0, 0, 0, 0, 0, 0, 0, 0
2.212, 0, 0, 0, 0, 0, 0, 0, 0, 0, 0, 0, 0, 0, 0
2.213, 0, 0, 0, 0, 0, 0, 0, 0, 0, 0, 0, 0, 0, 0
2.214, 0, 0, 0, 0, 0, 0, 0, 0, 0, 0, 0, 0, 0, 0
2.215, 0, 0, 0, 0, 0, 0, 0, 0, 0, 0, 0, 0, 0, 0
2.216, 0, 0, 0, 0, 0, 0, 0, 0, 0, 0, 0, 0, 0, 0
2.217, 0, 0, 0, 0, 0, 0, 0, 0, 0, 0, 0, 0, 0, 0
2.218, 0, 0, 0, 0, 0, 0, 0, 0, 0, 0, 0, 0, 0, 0
2.219, 0, 0, 0, 0, 0, 0, 0, 0, 0, 0, 0, 0, 0, 0
2.22, 0, 0, 0, 0, 0, 0, 0, 0, 0, 0, 0, 0, 0, 0
2.221, 0, 0, 0, 0, 0, 0, 0, 0, 0, 0, 0, 0, 0, 0
2.222, 0, 0, 0, 0, 0, 0, 0, 0, 0, 0, 0, 0, 0, 0
2.223, 0, 0, 0, 0, 0, 0, 0, 0, 0, 0, 0, 0, 0, 0
2.224, 0, 0, 0, 0, 0, 0, 0, 0, 0, 0, 0, 0, 0, 0
2.225, 0, 0, 0, 0, 0, 0, 0, 0, 0, 0, 0, 0, 0, 0
2.226, 0, 0, 0, 0, 0, 0, 0, 0, 0, 0, 0, 0, 0, 0
2.227, 0, 0, 0, 0, 0, 0, 0, 0, 0, 0, 0, 0, 0, 0
2.228, 0, 0, 0, 0, 0, 0, 0, 0, 0, 0, 0, 0, 0, 0
2.229, 0, 0, 0, 0, 0, 0, 0, 0, 0, 0, 0, 0, 0, 0
2.23, 0, 0, 0, 0, 0, 0, 0, 0, 0, 0, 0, 0, 0, 0
2.231, 0, 0, 0, 0, 0, 0, 0, 0, 0, 0, 0, 0, 0, 0
2.232, 0, 0, 0, 0, 0, 0, 0, 0, 0, 0, 0, 0, 0, 0
2.233, 0, 0, 0, 0, 0, 0, 0, 0, 0, 0, 0, 0, 0, 0
2.234, 0, 0, 0, 0, 0, 0, 0, 0, 0, 0, 0, 0, 0, 0
2.235, 0, 0, 0, 0, 0, 0, 0, 0, 0, 0, 0, 0, 0, 0
2.236, 0, 0, 0, 0, 0, 0, 0, 0, 0, 0, 0, 0, 0, 0
2.237, 0, 0, 0, 0, 0, 0, 0, 0, 0, 0, 0, 0, 0, 0
2.238, 0, 0, 0, 0, 0, 0, 0, 0, 0, 0, 0, 0, 0, 0
2.239, 0, 0, 0, 0, 0, 0, 0, 0, 0, 0, 0, 0, 0, 0
2.24, 0, 0, 0, 0, 0, 0, 0, 0, 0, 0, 0, 0, 0, 0
2.241, 0, 0, 0, 0, 0, 0, 0, 0, 0, 0, 0, 0, 0, 0
2.242, 0, 0, 0, 0, 0, 0, 0, 0, 0, 0, 0, 0, 0, 0
2.243, 0, 0, 0, 0, 0, 0, 0, 0, 0, 0, 0, 0, 0, 0
2.244, 0, 0, 0, 0, 0, 0, 0, 0, 0, 0, 0, 0, 0, 0
2.245, 0, 0, 0, 0, 0, 0, 0, 0, 0, 0, 0, 0, 0, 0
2.246, 0, 0, 0, 0, 0, 0, 0, 0, 0, 0, 0, 0, 0, 0
2.247, 0, 0, 0, 0, 0, 0, 0, 0, 0, 0, 0, 0, 0, 0
2.248, 0, 0, 0, 0, 0, 0, 0, 0, 0, 0, 0, 0, 0, 0
2.249, 0, 0, 0, 0, 0, 0, 0, 0, 0, 0, 0, 0, 0, 0
2.25, 0, 0, 0, 0, 0, 0, 0, 0, 0, 0, 0, 0, 0, 0
2.251, 0, 0, 0, 0, 0, 0, 0, 0, 0, 0, 0, 0, 0, 0
2.252, 0, 0, 0, 0, 0, 0, 0, 0, 0, 0, 0, 0, 0, 0
2.253, 0, 0, 0, 0, 0, 0, 0, 0, 0, 0, 0, 0, 0, 0
2.254, 0, 0, 0, 0, 0, 0, 0, 0, 0, 0, 0, 0, 0, 0
2.255, 0, 0, 0, 0, 0, 0, 0, 0, 0, 0, 0, 0, 0, 0
2.256, 0, 0, 0, 0, 0, 0, 0, 0, 0, 0, 0, 0, 0, 0
2.257, 0, 0, 0, 0, 0, 0, 0, 0, 0, 0, 0, 0, 0, 0
2.258, 0, 0, 0, 0, 0, 0, 0, 0, 0, 0, 0, 0, 0, 0
2.259, 0, 0, 0, 0, 0, 0, 0, 0, 0, 0, 0, 0, 0, 0
2.26, 0, 0, 0, 0, 0, 0, 0, 0, 0, 0, 0, 0, 0, 0
2.261, 0, 0, 0, 0, 0, 0, 0, 0, 0, 0, 0, 0, 0, 0
2.262, 0, 0, 0, 0, 0, 0, 0, 0, 0, 0, 0, 0, 0, 0
2.263, 0, 0, 0, 0, 0, 0, 0, 0, 0, 0, 0, 0, 0, 0
2.264, 0, 0, 0, 0, 0, 0, 0, 0, 0, 0, 0, 0, 0, 0
2.265, 0, 0, 0, 0, 0, 0, 0, 0, 0, 0, 0, 0, 0, 0
2.266, 0, 0, 0, 0, 0, 0, 0, 0, 0, 0, 0, 0, 0, 0
2.267, 0, 0, 0, 0, 0, 0, 0, 0, 0, 0, 0, 0, 0, 0
2.268, 0, 0, 0, 0, 0, 0, 0, 0, 0, 0, 0, 0, 0, 0
2.269, 0, 0, 0, 0, 0, 0, 0, 0, 0, 0, 0, 0, 0, 0
2.27, 0, 0, 0, 0, 0, 0, 0, 0, 0, 0, 0, 0, 0, 0
2.271, 0, 0, 0, 0, 0, 0, 0, 0, 0, 0, 0, 0, 0, 0
2.272, 0, 0, 0, 0, 0, 0, 0, 0, 0, 0, 0, 0, 0, 0
2.273, 0, 0, 0, 0, 0, 0, 0, 0, 0, 0, 0, 0, 0, 0
2.274, 0, 0, 0, 0, 0, 0, 0, 0, 0, 0, 0, 0, 0, 0
2.275, 0, 0, 0, 0, 0, 0, 0, 0, 0, 0, 0, 0, 0, 0
2.276, 0, 0, 0, 0, 0, 0, 0, 0, 0, 0, 0, 0, 0, 0
2.277, 0, 0, 0, 0, 0, 0, 0, 0, 0, 0, 0, 0, 0, 0
2.278, 0, 0, 0, 0, 0, 0, 0, 0, 0, 0, 0, 0, 0, 0
2.279, 0, 0, 0, 0, 0, 0, 0, 0, 0, 0, 0, 0, 0, 0
2.28, 0, 0, 0, 0, 0, 0, 0, 0, 0, 0, 0, 0, 0, 0
2.281, 0, 0, 0, 0, 0, 0, 0, 0, 0, 0, 0, 0, 0, 0
2.282, 0, 0, 0, 0, 0, 0, 0, 0, 0, 0, 0, 0, 0, 0
2.283, 0, 0, 0, 0, 0, 0, 0, 0, 0, 0, 0, 0, 0, 0
2.284, 0, 0, 0, 0, 0, 0, 0, 0, 0, 0, 0, 0, 0, 0
2.285, 0, 0, 0, 0, 0, 0, 0, 0, 0, 0, 0, 0, 0, 0
2.286, 0, 0, 0, 0, 0, 0, 0, 0, 0, 0, 0, 0, 0, 0
2.287, 0, 0, 0, 0, 0, 0, 0, 0, 0, 0, 0, 0, 0, 0
2.288, 0, 0, 0, 0, 0, 0, 0, 0, 0, 0, 0, 0, 0, 0
2.289, 0, 0, 0, 0, 0, 0, 0, 0, 0, 0, 0, 0, 0, 0
2.29, 0, 0, 0, 0, 0, 0, 0, 0, 0, 0, 0, 0, 0, 0
2.291, 0, 0, 0, 0, 0, 0, 0, 0, 0, 0, 0, 0, 0, 0
2.292, 0, 0, 0, 0, 0, 0, 0, 0, 0, 0, 0, 0, 0, 0
2.293, 0, 0, 0, 0, 0, 0, 0, 0, 0, 0, 0, 0, 0, 0
2.294, 0, 0, 0, 0, 0, 0, 0, 0, 0, 0, 0, 0, 0, 0
2.295, 0, 0, 0, 0, 0, 0, 0, 0, 0, 0, 0, 0, 0, 0
2.296, 0, 0, 0, 0, 0, 0, 0, 0, 0, 0, 0, 0, 0, 0
2.297, 0, 0, 0, 0, 0, 0, 0, 0, 0, 0, 0, 0, 0, 0
2.298, 0, 0, 0, 0, 0, 0, 0, 0, 0, 0, 0, 0, 0, 0
2.299, 0, 0, 0, 0, 0, 0, 0, 0, 0, 0, 0, 0, 0, 0
2.3, 0, 0, 0, 0, 0, 0, 0, 0, 0, 0, 0, 0, 0, 0
2.301, 0, 0, 0, 0, 0, 0, 0, 0, 0, 0, 0, 0, 0, 0
2.302, 0, 0, 0, 0, 0, 0, 0, 0, 0, 0, 0, 0, 0, 0
2.303, 0, 0, 0, 0, 0, 0, 0, 0, 0, 0, 0, 0, 0, 0
2.304, 0, 0, 0, 0, 0, 0, 0, 0, 0, 0, 0, 0, 0, 0
2.305, 0, 0, 0, 0, 0, 0, 0, 0, 0, 0, 0, 0, 0, 0
2.306, 0, 0, 0, 0, 0, 0, 0, 0, 0, 0, 0, 0, 0, 0
2.307, 0, 0, 0, 0, 0, 0, 0, 0, 0, 0, 0, 0, 0, 0
2.308, 0, 0, 0, 0, 0, 0, 0, 0, 0, 0, 0, 0, 0, 0
2.309, 0, 0, 0, 0, 0, 0, 0, 0, 0, 0, 0, 0, 0, 0
2.31, 0, 0, 0, 0, 0, 0, 0, 0, 0, 0, 0, 0, 0, 0
2.311, 0, 0, 0, 0, 0, 0, 0, 0, 0, 0, 0, 0, 0, 0
2.312, 0, 0, 0, 0, 0, 0, 0, 0, 0, 0, 0, 0, 0, 0
2.313, 0, 0, 0, 0, 0, 0, 0, 0, 0, 0, 0, 0, 0, 0
2.314, 0, 0, 0, 0, 0, 0, 0, 0, 0, 0, 0, 0, 0, 0
2.315, 0, 0, 0, 0, 0, 0, 0, 0, 0, 0, 0, 0, 0, 0
2.316, 0, 0, 0, 0, 0, 0, 0, 0, 0, 0, 0, 0, 0, 0
2.317, 0, 0, 0, 0, 0, 0, 0, 0, 0, 0, 0, 0, 0, 0
2.318, 0, 0, 0, 0, 0, 0, 0, 0, 0, 0, 0, 0, 0, 0
2.319, 0, 0, 0, 0, 0, 0, 0, 0, 0, 0, 0, 0, 0, 0
2.32, 0, 0, 0, 0, 0, 0, 0, 0, 0, 0, 0, 0, 0, 0
2.321, 0, 0, 0, 0, 0, 0, 0, 0, 0, 0, 0, 0, 0, 0
2.322, 0, 0, 0, 0, 0, 0, 0, 0, 0, 0, 0, 0, 0, 0
2.323, 0, 0, 0, 0, 0, 0, 0, 0, 0, 0, 0, 0, 0, 0
2.324, 0, 0, 0, 0, 0, 0, 0, 0, 0, 0, 0, 0, 0, 0
2.325, 0, 0, 0, 0, 0, 0, 0, 0, 0, 0, 0, 0, 0, 0
2.326, 0, 0, 0, 0, 0, 0, 0, 0, 0, 0, 0, 0, 0, 0
2.327, 0, 0, 0, 0, 0, 0, 0, 0, 0, 0, 0, 0, 0, 0
2.328, 0, 0, 0, 0, 0, 0, 0, 0, 0, 0, 0, 0, 0, 0
2.329, 0, 0, 0, 0, 0, 0, 0, 0, 0, 0, 0, 0, 0, 0
2.33, 0, 0, 0, 0, 0, 0, 0, 0, 0, 0, 0, 0, 0, 0
2.331, 0, 0, 0, 0, 0, 0, 0, 0, 0, 0, 0, 0, 0, 0
2.332, 0, 0, 0, 0, 0, 0, 0, 0, 0, 0, 0, 0, 0, 0
2.333, 0, 0, 0, 0, 0, 0, 0, 0, 0, 0, 0, 0, 0, 0
2.334, 0, 0, 0, 0, 0, 0, 0, 0, 0, 0, 0, 0, 0, 0
2.335, 0, 0, 0, 0, 0, 0, 0, 0, 0, 0, 0, 0, 0, 0
2.336, 0, 0, 0, 0, 0, 0, 0, 0, 0, 0, 0, 0, 0, 0
2.337, 0, 0, 0, 0, 0, 0, 0, 0, 0, 0, 0, 0, 0, 0
2.338, 0, 0, 0, 0, 0, 0, 0, 0, 0, 0, 0, 0, 0, 0
2.339, 0, 0, 0, 0, 0, 0, 0, 0, 0, 0, 0, 0, 0, 0
2.34, 0, 0, 0, 0, 0, 0, 0, 0, 0, 0, 0, 0, 0, 0
2.341, 0, 0, 0, 0, 0, 0, 0, 0, 0, 0, 0, 0, 0, 0
2.342, 0, 0, 0, 0, 0, 0, 0, 0, 0, 0, 0, 0, 0, 0
2.343, 0, 0, 0, 0, 0, 0, 0, 0, 0, 0, 0, 0, 0, 0
2.344, 0, 0, 0, 0, 0, 0, 0, 0, 0, 0, 0, 0, 0, 0
2.345, 0, 0, 0, 0, 0, 0, 0, 0, 0, 0, 0, 0, 0, 0
2.346, 0, 0, 0, 0, 0, 0, 0, 0, 0, 0, 0, 0, 0, 0
2.347, 0, 0, 0, 0, 0, 0, 0, 0, 0, 0, 0, 0, 0, 0
2.348, 0, 0, 0, 0, 0, 0, 0, 0, 0, 0, 0, 0, 0, 0
2.349, 0, 0, 0, 0, 0, 0, 0, 0, 0, 0, 0, 0, 0, 0
2.35, 0, 0, 0, 0, 0, 0, 0, 0, 0, 0, 0, 0, 0, 0
2.351, 0, 0, 0, 0, 0, 0, 0, 0, 0, 0, 0, 0, 0, 0
2.352, 0, 0, 0, 0, 0, 0, 0, 0, 0, 0, 0, 0, 0, 0
2.353, 0, 0, 0, 0, 0, 0, 0, 0, 0, 0, 0, 0, 0, 0
2.354, 0, 0, 0, 0, 0, 0, 0, 0, 0, 0, 0, 0, 0, 0
2.355, 0, 0, 0, 0, 0, 0, 0, 0, 0, 0, 0, 0, 0, 0
2.356, 0, 0, 0, 0, 0, 0, 0, 0, 0, 0, 0, 0, 0, 0
2.357, 0, 0, 0, 0, 0, 0, 0, 0, 0, 0, 0, 0, 0, 0
2.358, 0, 0, 0, 0, 0, 0, 0, 0, 0, 0, 0, 0, 0, 0
2.359, 0, 0, 0, 0, 0, 0, 0, 0, 0, 0, 0, 0, 0, 0
2.36, 0, 0, 0, 0, 0, 0, 0, 0, 0, 0, 0, 0, 0, 0
2.361, 0, 0, 0, 0, 0, 0, 0, 0, 0, 0, 0, 0, 0, 0
2.362, 0, 0, 0, 0, 0, 0, 0, 0, 0, 0, 0, 0, 0, 0
2.363, 0, 0, 0, 0, 0, 0, 0, 0, 0, 0, 0, 0, 0, 0
2.364, 0, 0, 0, 0, 0, 0, 0, 0, 0, 0, 0, 0, 0, 0
2.365, 0, 0, 0, 0, 0, 0, 0, 0, 0, 0, 0, 0, 0, 0
2.366, 0, 0, 0, 0, 0, 0, 0, 0, 0, 0, 0, 0, 0, 0
2.367, 0, 0, 0, 0, 0, 0, 0, 0, 0, 0, 0, 0, 0, 0
2.368, 0, 0, 0, 0, 0, 0, 0, 0, 0, 0, 0, 0, 0, 0
2.369, 0, 0, 0, 0, 0, 0, 0, 0, 0, 0, 0, 0, 0, 0
2.37, 0, 0, 0, 0, 0, 0, 0, 0, 0, 0, 0, 0, 0, 0
