Time,Stouch_RA5C1,Stouch_RA6D1,Stouch_RA4P2,Stouch_RA5C2,Stouch_RA6D2,Stouch_RA4P3,Stouch_RA5C3,Stouch_RA6D3,Stouch_RA4P4,Stouch_RA5C4,Stouch_RA6D4,Stouch_RA4P5,Stouch_RA5C5,Stouch_RA6D5
0, 0, 0, 0, 0, 0, 0, 0, 0, 0, 0, 0, 0, 0, 0
0.001, 0, 0, 0, 0, 0, 0, 0.0593033, 0, 0, 0.235501, 0, 0, 0.0598977, 0.299982
0.002, 0, 0, 0, 0, 0, 0, 0.0410615, 0, 0, 0.176032, 0, 0, 0, 0.510067
0.003, 0, 0, 0, 0, 0, 0, 0.00820893, 0, 0, 0.082637, 0, 0, 0.0627887, 0.171378
0.004, 0, 0, 0, 0, 0, 0, 0.00768144, 0, 0, 0.0748898, 0, 0, 0.117965, 0.0743265
0.005, 0, 0, 0, 0, 0, 0, 0.00811724, 0, 0, 0.0654876, 0, 0, 0.104023, 0.0598503
0.006, 0, 0, 0, 0, 0, 0, 0.00824276, 0, 0, 0.0590816, 0, 0, 0.100312, 0.0528819
0.007, 0, 0, 0, 0, 0, 0, 0.00880146, 0, 0, 0.0524705, 0, 0, 0.0950702, 0.0456593
0.008, 0, 0, 0, 0, 0, 0, 0.0189662, 0, 0, 0.0463658, 0, 0, 0.0930047, 0.0391387
0.009, 0, 0, 0, 0, 0, 0, 0.0114778, 0, 0, 0.0409345, 0, 0, 0.0879786, 0.0330733
0.01, 0, 0, 0, 0, 0, 0, 0.0117701, 0, 0, 0.0358221, 0, 0, 0.0850637, 0.0272717
0.011, 0, 0, 0, 0, 0, 0, 0.0122739, 0, 0, 0.0306325, 0, 0, 0.0810527, 0.0220356
0.012, 0, 0, 0, 0, 0, 0, 0.0127455, 0, 0, 0.0259915, 0, 0, 0.0756462, 0.00951355
0.013, 0, 0, 0, 0, 0, 0, 0.0131785, 0, 0, 0.0221895, 0, 0, 0.071311, 0.00590727
0.014, 0, 0, 0, 0, 0, 0, 0.0135826, 0, 0, 0.0186751, 0, 0, 0.0665013, 0.00352401
0.015, 0, 0, 0, 0, 0, 0, 0.013956, 0, 0, 0.0157435, 0, 0, 0.0625315, 0.00212508
0.016, 0, 0, 0, 0, 0, 0, 0.014264, 0, 0, 0.0129496, 0, 0, 0.0555412, 0.00154573
0.017, 0, 0, 0, 0, 0, 0, 0.014559, 0, 0, 0.0107832, 0, 0, 0.0512598, 0.000920668
0.018, 0, 0, 0, 0, 0, 0, 0.0148373, 0, 0, 0.00910106, 0, 0, 0.0466317, 7.34852e-05
0.019, 0, 0, 0, 0, 0, 0, 0.0132647, 0, 0, 0.00893257, 0, 0, 0.0596695, 0
0.02, 0, 0, 0, 0, 0, 0, 0.0153557, 0, 0, 0.00613568, 0, 0, 0.0416338, 0
0.021, 0, 0, 0, 0, 0, 0, 0.0156787, 0, 0, 0.00496427, 0, 0, 0.0398214, 0
0.022, 0, 0, 0, 0, 0, 0, 0.0159564, 0, 0, 0.0042473, 0, 0, 0.0374303, 0
0.023, 0, 0, 0, 0, 0, 0, 0.0100177, 0, 0, 0.00368716, 0, 0, 0.0331411, 0
0.024, 0, 0, 0, 0, 0, 0, 0.0102545, 0, 0, 0.00290769, 0, 0, 0.030898, 0
0.025, 0, 0, 0, 0, 0, 0, 0.0105095, 0, 0, 0.00276107, 0, 0, 0.0288573, 0
0.026, 0, 0, 0, 0, 0, 0, 0.0107732, 0, 0, 0.00259192, 0, 0, 0.0283234, 0
0.027, 0, 0, 0, 0, 0, 0, 0.0110319, 0, 0, 0.00238484, 0, 0, 0.0257548, 0
0.028, 0, 0, 0, 0, 0, 0, 0, 0, 0, 0.00204051, 0, 0, 0.0229405, 0
0.029, 0, 0, 0, 0, 0, 0, 0, 0, 0, 0.00151881, 0, 0, 0.0207316, 0
0.03, 0, 0, 0, 0, 0, 0, 0, 0, 0, 0.000875648, 0, 0, 0.0182511, 0
0.031, 0, 0, 0, 0, 0, 0, 0, 0, 0, 0.000545773, 0, 0, 0.0152283, 0
0.032, 0, 0, 0, 0, 0, 0, 0, 0, 0, 0.00034443, 0, 0, 0.0133873, 0
0.033, 0, 0, 0, 0, 0, 0, 0, 0, 0, 0.000137458, 0, 0, 0.0116587, 0
0.034, 0, 0, 0, 0, 0, 0, 0, 0, 0, 0, 0, 0, 0.00915919, 0
0.035, 0, 0, 0, 0, 0, 0, 0, 0, 0, 0.000408816, 0, 0, 0.0194457, 0
0.036, 0, 0, 0, 0, 0, 0, 0, 0, 0, 0, 0, 0, 0.00365179, 0
0.037, 0, 0, 0, 0, 0, 0, 0, 0, 0, 0, 0, 0, 0.0107741, 0
0.038, 0, 0, 0, 0, 0, 0, 0, 0, 0, 0.388008, 0, 0, 0.0747712, 0.18536
0.039, 0, 0, 0, 0, 0, 0, 0, 0, 0, 0.079542, 0, 0, 0, 0.00329618
0.04, 0, 0, 0, 0, 0, 0, 0, 0, 0, 0, 0, 0, 0, 0
0.041, 0, 0, 0, 0, 0, 0, 0, 0, 0, 0, 0, 0, 0, 0
0.042, 0, 0, 0, 0, 0, 0, 0, 0, 0, 0, 0, 0, 0, 0
0.043, 0, 0, 0, 0, 0, 0, 0, 0, 0, 0, 0, 0, 0, 0
0.044, 0, 0, 0, 0, 0, 0, 0, 0, 0, 0, 0, 0, 0, 0
0.045, 0, 0, 0, 0, 0, 0, 0, 0, 0, 0, 0, 0, 0, 0
0.046, 0, 0, 0, 0, 0, 0, 0, 0, 0, 0, 0, 0, 0, 0
0.047, 0, 0, 0, 0, 0, 0, 0, 0, 0, 0, 0, 0, 0, 0
0.048, 0, 0, 0, 0, 0, 0, 0, 0, 0, 0, 0, 0, 0, 0
0.049, 0, 0, 0, 0, 0, 0, 0, 0, 0, 0, 0, 0, 0, 0
0.05, 0, 0, 0, 0, 0, 0, 0, 0, 0, 0, 0, 0, 0, 0
0.051, 0, 0, 0, 0, 0, 0, 0, 0, 0, 0, 0, 0, 0, 0
0.052, 0, 0, 0, 0, 0, 0, 0, 0, 0, 0, 0, 0, 0, 0
0.053, 0, 0, 0, 0, 0, 0, 0, 0, 0, 0, 0, 0, 0, 0
0.054, 0, 0, 0, 0, 0, 0, 0, 0, 0, 0, 0, 0, 0, 0
0.055, 0, 0, 0, 0, 0, 0, 0, 0, 0, 0, 0, 0, 0, 0
0.056, 0, 0, 0, 0, 0, 0, 0, 0, 0, 0, 0, 0, 0, 0
0.057, 0, 0, 0, 0, 0, 0, 0, 0, 0, 0, 0, 0, 0, 0
0.058, 0, 0, 0, 0, 0, 0, 0, 0, 0, 0, 0, 0, 0, 0
0.059, 0, 0, 0, 0.033197, 0, 0, 0, 0, 0, 0, 0, 0, 0, 0
0.06, 0, 0, 0, 0.0331866, 0, 0, 0, 0, 0, 0, 0, 0, 0, 0
0.061, 0, 0, 0, 0.0319509, 0, 0, 0, 0, 0, 0, 0, 0, 0, 0
0.062, 0, 0, 0, 0.0348035, 0.0584392, 0, 0, 0, 0, 0, 0, 0, 0, 0
0.063, 0, 0, 0, 0.930074, 0.737612, 0, 0, 0, 0, 0, 0, 0, 0, 0
0.064, 0, 0, 0, 0.936486, 0.71689, 0, 0, 0, 0, 0, 0, 0, 0, 0
0.065, 0, 0, 0, 0.820336, 0.778187, 0, 0, 0, 0, 0, 0, 0, 0, 0
0.066, 0, 0, 0, 0.754827, 0.944744, 0, 0, 0, 0, 0, 0, 0, 0, 0
0.067, 0, 0, 0, 0.707959, 0.875563, 0, 0, 0, 0, 0, 0, 0, 0, 0
0.068, 0, 0, 0, 0, 1.69276, 0, 0.57009, 0, 0, 0, 0, 0, 0, 0
0.069, 0, 0, 0, 0.0549324, 0.931425, 0, 0.519621, 0, 0, 0, 0, 0, 0, 0
0.07, 0, 0, 0, 0.380002, 1.03871, 0, 0.882334, 0, 0, 0, 0, 0, 0, 0
0.071, 0, 0, 0, 0.289363, 1.05149, 0, 0.880545, 0, 0, 0, 0, 0, 0, 0
0.072, 0, 0, 0, 0.265459, 1.04484, 0, 1.02853, 0, 0, 0.431443, 0, 0, 0, 0
0.073, 0, 0, 0, 0.250153, 1.58223, 0, 1.06257, 0, 0, 0.647515, 0, 0, 0, 0
0.074, 0, 0, 0, 0.128977, 1.21059, 0, 0.836693, 0, 0, 0.618059, 0, 0, 0, 0
0.075, 0, 0, 0, 0.224626, 1.32995, 0, 0.989182, 0, 0, 0.741785, 0, 0, 0, 0.658543
0.076, 0, 0, 0, 0.190242, 1.27324, 0, 0.939611, 0, 0, 0.692442, 0, 0, 0, 0.658035
0.077, 0, 0, 0, 0.199286, 1.27406, 0, 0.947166, 0, 0, 0.698653, 0, 0, 0.0465724, 0.679543
0.078, 0, 0, 0, 0.19522, 1.25965, 0, 0.924149, 0, 0, 0.679803, 0, 0, 0.057143, 0.680852
0.079, 0, 0, 0, 0.184148, 1.15715, 0, 0.908345, 0, 0, 0.67796, 0, 0, 0.0488364, 0.682004
0.08, 0, 0, 0, 0.169655, 1.22936, 0, 0.947036, 0, 0, 0.696097, 0, 0, 0.0401955, 0.711664
0.081, 0, 0, 0, 0.14678, 1.17253, 0, 0.90089, 0, 0, 0.665668, 0, 0, 0.0251177, 0.717003
0.082, 0, 0, 0, 0.128322, 1.24148, 0, 0.907236, 0, 0, 0.677846, 0, 0, 0.0164917, 0.697072
0.083, 0, 0, 0, 0.107064, 1.18098, 0, 0.860708, 0, 0, 0.656759, 0, 0, 0.00527834, 0.817416
0.084, 0, 0, 0, 0.108676, 1.195, 0, 0.873241, 0, 0, 0.71345, 0.288135, 0, 0.0015491, 0.926163
0.085, 0, 0, 0, 0.098326, 1.19358, 0, 0.86105, 0, 0, 0.71584, 0.352807, 0, 0, 0.914133
0.086, 0, 0, 0, 0.0880349, 1.40439, 0, 0.858875, 0, 0, 0.722245, 0.358486, 0, 0, 0.888554
0.087, 0, 0, 0, 0.0579315, 1.24812, 0, 0.755159, 0.243876, 0, 0.636807, 0.372058, 0, 0, 0.782264
0.088, 0, 0, 0, 0.0757862, 1.32045, 0, 0.867925, 0.347883, 0, 0.678463, 0.376581, 0, 0, 0.792985
0.089, 0, 0, 0, 0.0556819, 1.28513, 0, 0.853534, 0.359018, 0, 0.638334, 0.364631, 0, 0, 0.748111
0.09, 0, 0, 0, 0.0570127, 1.2913, 0, 0.884803, 0.384396, 0, 0.638858, 0.360735, 0, 0, 0.73597
0.091, 0, 0, 0, 0.0537235, 1.28238, 0, 0.892782, 0.397829, 0, 0.625265, 0.350872, 0, 0, 0.708625
0.092, 0, 0, 0, 0.0524903, 1.27884, 0, 0.890558, 0.410586, 0, 0.623992, 0.346, 0, 0, 0.681552
0.093, 0, 0, 0, 0.0509737, 1.26732, 0, 0.881708, 0.423964, 0, 0.607291, 0.342259, 0, 0, 0.653969
0.094, 0, 0, 0, 0.349814, 2.27882, 0, 2.965, 0.206219, 0, 2.60986, 0.164219, 0, 0.438545, 1.04755
0.095, 0, 0, 0, 0.0198932, 0.549633, 0, 0.574468, 0.200234, 0, 0.439222, 0.130607, 0, 0.0509938, 0.166187
0.096, 0, 0, 0, 0.190204, 1.60657, 0, 1.07346, 0.431368, 0, 0.957572, 0.270689, 0, 0.0798411, 0.426348
0.097, 0, 0, 0, 0.00702558, 1.03167, 0, 0.34628, 0.441022, 0, 0.0593107, 0.461954, 0, 0, 0.251737
0.098, 0, 0, 0, 0.0752652, 1.35947, 0, 0.612494, 0.53031, 0, 0.385702, 0.359996, 0, 0.021352, 0.365914
0.099, 0, 0, 0, 0.0208676, 1.18516, 0, 0.414353, 0.545621, 0, 0.291303, 0.31972, 0, 0, 0.309832
0.1, 0, 0, 0, 0.0428497, 1.28546, 0, 0.486778, 0.593101, 0, 0.345251, 0.335726, 0, 0.007342, 0.345811
0.101, 0, 0, 0, 0.0255952, 1.24208, 0, 0.381298, 0.657223, 0, 0.296288, 0.338522, 0, 0.00217408, 0.322853
0.102, 0, 0, 0, 0, 1.29521, 0, 0.385774, 0.68411, 0, 0.298636, 0.348009, 0, 0, 0.35157
0.103, 0, 0, 0, 0, 1.28811, 0, 0.352017, 0.693821, 0, 0.272841, 0.342898, 0, 0, 0.343986
0.104, 0, 0, 0, 0, 1.29206, 0, 0.336394, 0.731522, 0, 0.262879, 0.344644, 0, 0, 0.338785
0.105, 0, 0, 0, 0, 1.29313, 0, 0.315747, 0.767632, 0, 0.256193, 0.343163, 0, 0, 0.333572
0.106, 0, 0, 0, 0, 1.29568, 0, 0.304802, 0.785059, 0, 0.253213, 0.340466, 0, 0, 0.331668
0.107, 0, 0, 0, 0, 1.297, 0, 0.290384, 0.792606, 0, 0.250372, 0.337506, 0, 0, 0.330308
0.108, 0, 0, 0, 0, 1.26582, 0, 0.281972, 0.794368, 0, 0.248548, 0.333126, 0, 0, 0.330026
0.109, 0, 0, 0, 0, 1.29528, 0, 0.282986, 0.805485, 0, 0.255446, 0.332448, 0, 0, 0.338718
0.11, 0, 0, 0, 0.0300854, 1.25138, 0, 0.262478, 0.805667, 0, 0.245749, 0.325033, 0, 0, 0.332172
0.111, 0, 0, 0, 0.0362508, 1.2824, 0, 0.273119, 0.815765, 0, 0.256163, 0.325369, 0, 0, 0.34312
0.112, 0, 0, 0, 0.0302806, 1.27298, 0, 0.256289, 0.810221, 0, 0.24809, 0.316298, 0, 0, 0.336879
0.113, 0, 0, 0, 0.0313963, 1.27948, 0, 0.258557, 0.806586, 0, 0.253581, 0.308743, 0, 0, 0.339366
0.114, 0, 0, 0, 0.0306812, 1.27738, 0, 0.250856, 0.796329, 0, 0.255987, 0.298079, 0, 0, 0.338851
0.115, 0, 0, 0, 0.0311741, 1.27977, 0, 0.24399, 0.795182, 0, 0.265638, 0.285991, 0, 0, 0.340284
0.116, 0, 0, 0, 0.0309318, 1.28006, 0, 0.241406, 0.784176, 0, 0.270619, 0.275979, 0, 0, 0.340211
0.117, 0, 0, 0, 0.0312538, 1.28107, 0, 0.241328, 0.771079, 0, 0.273798, 0.270161, 0, 0, 0.33864
0.118, 0, 0, 0, 0.0309099, 1.28206, 0, 0.242615, 0.756286, 0, 0.277555, 0.263784, 0, 0, 0.339046
0.119, 0, 0, 0, 0.0462915, 1.27115, 0, 0.243802, 0.744155, 0, 0.27763, 0.261357, 0, 0, 0.339453
0.12, 0, 0, 0, 0.0483454, 1.27969, 0, 0.246815, 0.735109, 0, 0.281502, 0.260433, 0, 0, 0.341633
0.121, 0, 0, 0, 0.0466296, 1.27654, 0, 0.249173, 0.721097, 0, 0.281783, 0.25569, 0, 0, 0.340625
0.122, 0, 0, 0, 0.0475467, 1.27869, 0, 0.252722, 0.711776, 0, 0.28172, 0.255581, 0, 0, 0.338074
0.123, 0, 0, 0, 0.0468323, 1.28043, 0, 0.252062, 0.70113, 0, 0.281347, 0.253774, 0, 0, 0.338194
0.124, 0, 0, 0, 0.0469424, 1.28008, 0, 0.253436, 0.691775, 0, 0.289666, 0.242509, 0, 0, 0.338101
0.125, 0, 0, 0, 0.0471936, 1.2811, 0, 0.254022, 0.685415, 0, 0.297421, 0.230705, 0, 0, 0.338494
0.126, 0, 0, 0, 0.0470618, 1.28059, 0, 0.254946, 0.677827, 0, 0.298997, 0.226614, 0, 0, 0.338665
0.127, 0, 0, 0, 0.0474104, 1.28175, 0, 0.259459, 0.659068, 0, 0.300942, 0.222449, 0, 0, 0.339201
0.128, 0, 0, 0, 0.047336, 1.31609, 0, 0.265184, 0.641313, 0, 0.302517, 0.219176, 0, 0, 0.33932
0.129, 0, 0, 0, 0.0421235, 1.29235, 0, 0.259135, 0.6223, 0, 0.299054, 0.209009, 0, 0, 0.332835
0.13, 0, 0, 0, 0.0482612, 1.3049, 0, 0.271592, 0.610297, 0, 0.312523, 0.204348, 0, 0, 0.3367
0.131, 0, 0, 0, 0.0457339, 1.30042, 0, 0.271322, 0.59403, 0, 0.310805, 0.199895, 0, 0, 0.334985
0.132, 0, 0, 0, 0.0473723, 1.30287, 0, 0.277221, 0.579394, 0, 0.316734, 0.194035, 0, 0, 0.335768
0.133, 0, 0, 0, 0.0472091, 1.30264, 0, 0.283727, 0.565403, 0, 0.318789, 0.189284, 0, 0, 0.335575
0.134, 0, 0, 0, 0.049716, 1.30236, 0, 0.290542, 0.548907, 0, 0.32265, 0.183781, 0, 0, 0.335539
0.135, 0, 0, 0, 0.0496854, 1.30428, 0, 0.294359, 0.539077, 0, 0.327446, 0.177484, 0, 0, 0.335728
0.136, 0, 0, 0, 0.0489674, 1.30423, 0, 0.296351, 0.533243, 0, 0.332827, 0.172564, 0, 0, 0.335018
0.137, 0, 0, 0, 0.0487939, 1.30534, 0, 0.30468, 0.515466, 0, 0.339565, 0.166739, 0, 0, 0.33509
0.138, 0, 0, 0, 0.0493994, 1.30427, 0, 0.312919, 0.498972, 0, 0.344856, 0.162213, 0, 0, 0.334964
0.139, 0, 0, 0, 0.04921, 1.30741, 0, 0.322886, 0.484499, 0, 0.347887, 0.160228, 0, 0, 0.335513
0.14, 0, 0, 0, 0.0486614, 1.3063, 0, 0.32795, 0.46552, 0, 0.350923, 0.155024, 0, 0, 0.334999
0.141, 0, 0, 0, 0.0490786, 1.30749, 0, 0.333381, 0.457535, 0, 0.35494, 0.151271, 0, 0, 0.335205
0.142, 0, 0, 0, 0.0489546, 1.30804, 0, 0.337906, 0.449209, 0, 0.357273, 0.148476, 0, 0, 0.335067
0.143, 0, 0, 0, 0.048998, 1.30833, 0, 0.344687, 0.437733, 0, 0.360302, 0.145209, 0, 0, 0.334694
0.144, 0, 0, 0, 0.0491771, 1.30825, 0, 0.351431, 0.428331, 0, 0.363585, 0.141823, 0, 0, 0.33468
0.145, 0, 0, 0, 0.0493245, 1.309, 0, 0.360225, 0.414559, 0, 0.366727, 0.138653, 0, 0, 0.33472
0.146, 0, 0, 0, 0.0492299, 1.30926, 0, 0.363599, 0.407597, 0, 0.370199, 0.134503, 0, 0, 0.334598
0.147, 0, 0, 0, 0.0512852, 1.30793, 0, 0.378195, 0.385857, 0, 0.372204, 0.132775, 0, 0, 0.33453
0.148, 0, 0, 0, 0.0515763, 1.30948, 0, 0.384455, 0.377363, 0, 0.374218, 0.131768, 0, 0, 0.334771
0.149, 0, 0, 0, 0.0509881, 1.31021, 0, 0.388957, 0.369733, 0, 0.375659, 0.129701, 0, 0, 0.334521
0.15, 0, 0, 0, 0.0508906, 1.31024, 0, 0.394366, 0.361358, 0, 0.37687, 0.128379, 0, 0, 0.334336
0.151, 0, 0, 0, 0.0509552, 1.31061, 0, 0.40053, 0.353162, 0, 0.378264, 0.127781, 0, 0, 0.334284
0.152, 0, 0, 0, 0.0508671, 1.31102, 0, 0.404708, 0.345335, 0, 0.379178, 0.126472, 0, 0, 0.334187
0.153, 0, 0, 0, 0.0507022, 1.31163, 0, 0.40874, 0.340913, 0, 0.379887, 0.126019, 0, 0, 0.333781
0.154, 0, 0, 0, 0.0505582, 1.31184, 0, 0.410981, 0.337688, 0, 0.383868, 0.122533, 0, 0, 0.333611
0.155, 0, 0, 0, 0.0500394, 1.30949, 0, 0.413405, 0.334073, 0, 0.38445, 0.122299, 0, 0, 0.333395
0.156, 0, 0, 0, 0.0505261, 1.31131, 0, 0.415954, 0.332171, 0, 0.385766, 0.122362, 0, 0, 0.333873
0.157, 0, 0, 0, 0.0500628, 1.31098, 0, 0.421201, 0.326464, 0, 0.385684, 0.122173, 0, 0, 0.333565
0.158, 0, 0, 0, 0.0501422, 1.3115, 0, 0.427918, 0.318059, 0, 0.386207, 0.122107, 0, 0, 0.333315
0.159, 0, 0, 0, 0.0499866, 1.31176, 0, 0.435117, 0.30842, 0, 0.386429, 0.122048, 0, 0, 0.333196
0.16, 0, 0, 0, 0.0499035, 1.31206, 0, 0.441617, 0.299522, 0, 0.386925, 0.121875, 0, 0, 0.333101
0.161, 0, 0, 0, 0.0499486, 1.31169, 0, 0.450677, 0.286287, 0, 0.387443, 0.121745, 0, 0, 0.333022
0.162, 0, 0, 0, 0.0499463, 1.31235, 0, 0.459544, 0.27822, 0, 0.389929, 0.120601, 0, 0, 0.332959
0.163, 0, 0, 0, 0.0498606, 1.31188, 0, 0.462593, 0.275105, 0, 0.390162, 0.12047, 0, 0, 0.332817
0.164, 0, 0, 0, 0.0505696, 1.31723, 0, 0.46944, 0.27837, 0, 0.387709, 0.123548, 0, 0, 0.33364
0.165, 0, 0, 0, 0.048614, 1.3077, 0, 0.462714, 0.265942, 0, 0.39205, 0.117481, 0, 0, 0.33245
0.166, 0, 0, 0, 0.0503108, 1.31547, 0, 0.470584, 0.266582, 0, 0.398361, 0.115889, 0, 0, 0.332826
0.167, 0, 0, 0, 0.0484513, 1.31324, 0, 0.470446, 0.265107, 0, 0.39586, 0.115691, 0, 0, 0.331574
0.168, 0, 0, 0, 0.0491622, 1.31431, 0, 0.47514, 0.262289, 0, 0.397026, 0.11591, 0, 0, 0.332039
0.169, 0, 0, 0, 0.049071, 1.31363, 0, 0.481423, 0.258487, 0, 0.397061, 0.115806, 0, 0, 0.331829
0.17, 0, 0, 0, 0.049231, 1.31428, 0, 0.483393, 0.25589, 0, 0.397658, 0.116083, 0, 0, 0.33201
0.171, 0, 0, 0, 0.0490587, 1.31434, 0, 0.484896, 0.253812, 0, 0.398, 0.11589, 0, 0, 0.33191
0.172, 0, 0, 0, 0.0490898, 1.31425, 0, 0.491254, 0.249254, 0, 0.398524, 0.115737, 0, 0, 0.331877
0.173, 0, 0, 0, 0.0491436, 1.31434, 0, 0.496061, 0.24505, 0, 0.399035, 0.115633, 0, 0, 0.331827
0.174, 0, 0, 0, 0.0490806, 1.31466, 0, 0.498953, 0.242163, 0, 0.399836, 0.115071, 0, 0, 0.332372
0.175, 0, 0, 0, 0.0489719, 1.31475, 0, 0.501864, 0.239533, 0, 0.400219, 0.114913, 0, 0, 0.332218
0.176, 0, 0, 0, 0.0489282, 1.31499, 0, 0.510723, 0.231092, 0, 0.403082, 0.114335, 0, 0, 0.332091
0.177, 0, 0, 0, 0.04885, 1.31513, 0, 0.514702, 0.22568, 0, 0.404606, 0.112751, 0, 0, 0.331938
0.178, 0, 0, 0, 0.0485695, 1.31624, 0, 0.519586, 0.219849, 0, 0.40465, 0.112656, 0, 0, 0.331802
0.179, 0, 0, 0, 0.0483535, 1.3158, 0, 0.523592, 0.214606, 0, 0.404441, 0.112478, 0, 0, 0.330878
0.18, 0, 0, 0, 0.048475, 1.31615, 0, 0.526086, 0.211416, 0, 0.404609, 0.112466, 0, 0, 0.33086
0.181, 0, 0, 0, 0.0483749, 1.31625, 0, 0.532873, 0.208371, 0, 0.404511, 0.112401, 0, 0, 0.330731
0.182, 0, 0, 0, 0.0483435, 1.31641, 0, 0.534694, 0.206365, 0, 0.404308, 0.112347, 0, 0, 0.330614
0.183, 0, 0, 0, 0.0482884, 1.31656, 0, 0.537144, 0.20385, 0, 0.404945, 0.11218, 0, 0, 0.330511
0.184, 0, 0, 0, 0.0480933, 1.31742, 0, 0.539045, 0.201379, 0, 0.402127, 0.115429, 0, 0, 0.330405
0.185, 0, 0, 0, 0.0479182, 1.31712, 0, 0.540644, 0.199336, 0, 0.401403, 0.115505, 0, 0, 0.330162
0.186, 0, 0, 0, 0.0479935, 1.31741, 0, 0.544764, 0.195165, 0, 0.4021, 0.115313, 0, 0, 0.330117
0.187, 0, 0, 0, 0.0479001, 1.31751, 0, 0.546862, 0.192816, 0, 0.401724, 0.11526, 0, 0, 0.329992
0.188, 0, 0, 0, 0.0478686, 1.31763, 0, 0.548368, 0.191037, 0, 0.401433, 0.115274, 0, 0, 0.329893
0.189, 0, 0, 0, 0.0480097, 1.31652, 0, 0.549948, 0.189347, 0, 0.401369, 0.115259, 0, 0, 0.329794
0.19, 0, 0, 0, 0.0481963, 1.3174, 0, 0.551851, 0.188245, 0, 0.401454, 0.115417, 0, 0, 0.329931
0.191, 0, 0, 0, 0.0477632, 1.31845, 0, 0.552778, 0.187071, 0, 0.400215, 0.115384, 0, 0, 0.329733
0.192, 0, 0, 0, 0.0479035, 1.31579, 0, 0.553933, 0.186064, 0, 0.399607, 0.115349, 0, 0, 0.329442
0.193, 0, 0, 0, 0.048427, 1.31746, 0, 0.55628, 0.185308, 0, 0.400017, 0.115642, 0, 0, 0.329969
0.194, 0, 0, 0, 0.0480557, 1.31663, 0, 0.556769, 0.184195, 0, 0.399087, 0.11576, 0, 0, 0.329659
0.195, 0, 0, 0, 0.0477515, 1.30863, 0, 0.553515, 0.178484, 0, 0.400546, 0.113598, 0, 0, 0.328898
0.196, 0, 0, 0, 0.0486728, 1.32788, 0, 0.564496, 0.185954, 0, 0.400686, 0.117948, 0, 0, 0.330773
0.197, 0, 0, 0, 0.0456649, 1.31555, 0, 0.558312, 0.182232, 0, 0.394773, 0.116072, 0, 0, 0.328152
0.198, 0, 0, 0, 0.0492758, 1.3172, 0, 0.563761, 0.180682, 0, 0.398991, 0.116371, 0, 0, 0.329913
0.199, 0, 0, 0, 0.0485588, 1.31702, 0, 0.563036, 0.179468, 0, 0.398414, 0.116101, 0, 0, 0.32961
0.2, 0, 0, 0, 0.0484604, 1.31716, 0, 0.564085, 0.17811, 0, 0.398518, 0.11606, 0, 0, 0.329407
0.201, 0, 0, 0, 0.0482753, 1.31743, 0, 0.565473, 0.176299, 0, 0.398725, 0.115934, 0, 0, 0.329234
0.202, 0, 0, 0, 0.0481133, 1.31758, 0, 0.566825, 0.174561, 0, 0.398621, 0.115899, 0, 0, 0.329076
0.203, 0, 0, 0, 0.0481472, 1.32057, 0, 0.570031, 0.17442, 0, 0.397748, 0.116908, 0, 0, 0.329235
0.204, 0, 0, 0, 0.0476089, 1.31375, 0, 0.56718, 0.169737, 0, 0.39815, 0.114932, 0, 0, 0.328472
0.205, 0, 0, 0, 0.0487067, 1.31975, 0, 0.572323, 0.169953, 0, 0.399753, 0.116192, 0, 0, 0.32928
0.206, 0, 0, 0, 0.0472429, 1.3176, 0, 0.570738, 0.169138, 0, 0.397746, 0.115851, 0, 0, 0.328342
0.207, 0, 0, 0, 0.0479955, 1.31877, 0, 0.573267, 0.169037, 0, 0.397894, 0.116477, 0, 0, 0.32867
0.208, 0, 0, 0, 0.0476354, 1.31766, 0, 0.572838, 0.167712, 0, 0.398204, 0.115813, 0, 0, 0.328554
0.209, 0, 0, 0, 0.0478652, 1.31847, 0, 0.574372, 0.166925, 0, 0.398483, 0.116003, 0, 0, 0.328515
0.21, 0, 0, 0, 0.047676, 1.3184, 0, 0.574974, 0.166243, 0, 0.398063, 0.11609, 0, 0, 0.328313
0.211, 0, 0, 0, 0.0477303, 1.31851, 0, 0.575889, 0.16603, 0, 0.397988, 0.116185, 0, 0, 0.328286
0.212, 0, 0, 0, 0.0477216, 1.31859, 0, 0.57684, 0.165363, 0, 0.397886, 0.116239, 0, 0, 0.328204
0.213, 0, 0, 0, 0.0477149, 1.31865, 0, 0.577802, 0.164628, 0, 0.397812, 0.116282, 0, 0, 0.328159
0.214, 0, 0, 0, 0.0477026, 1.31874, 0, 0.578889, 0.163894, 0, 0.397335, 0.116344, 0, 0, 0.328189
0.215, 0, 0, 0, 0.0476921, 1.3188, 0, 0.580108, 0.16298, 0, 0.39723, 0.116408, 0, 0, 0.328125
0.216, 0, 0, 0, 0.0476863, 1.31887, 0, 0.581097, 0.162202, 0, 0.397168, 0.116454, 0, 0, 0.328064
0.217, 0, 0, 0, 0.0475934, 1.31938, 0, 0.585151, 0.158806, 0, 0.397106, 0.116495, 0, 0, 0.327998
0.218, 0, 0, 0, 0.0475029, 1.31918, 0, 0.586749, 0.157688, 0, 0.396922, 0.116492, 0, 0, 0.327846
0.219, 0, 0, 0, 0.0475635, 1.31933, 0, 0.588022, 0.156585, 0, 0.395668, 0.117763, 0, 0, 0.32782
0.22, 0, 0, 0, 0.0475309, 1.31938, 0, 0.589616, 0.155213, 0, 0.395379, 0.117839, 0, 0, 0.327226
0.221, 0, 0, 0, 0.047528, 1.31944, 0, 0.590705, 0.154251, 0, 0.395307, 0.117852, 0, 0, 0.327194
0.222, 0, 0, 0, 0.047517, 1.31951, 0, 0.592064, 0.153148, 0, 0.395227, 0.117867, 0, 0, 0.327154
0.223, 0, 0, 0, 0.0475129, 1.31956, 0, 0.593144, 0.152402, 0, 0.395308, 0.117871, 0, 0, 0.327108
0.224, 0, 0, 0, 0.0475, 1.31963, 0, 0.594077, 0.151777, 0, 0.395241, 0.117878, 0, 0, 0.327065
0.225, 0, 0, 0, 0.0474837, 1.31969, 0, 0.595066, 0.151056, 0, 0.395149, 0.117895, 0, 0, 0.327016
0.226, 0, 0, 0, 0.0475945, 1.31909, 0, 0.594663, 0.151168, 0, 0.395063, 0.117911, 0, 0, 0.326968
0.227, 0, 0, 0, 0.0476942, 1.31954, 0, 0.595735, 0.150633, 0, 0.395154, 0.118002, 0, 0, 0.327046
0.228, 0, 0, 0, 0.0475717, 1.31947, 0, 0.596348, 0.150047, 0, 0.394936, 0.117992, 0, 0, 0.326947
0.229, 0, 0, 0, 0.0476002, 1.31954, 0, 0.597209, 0.149519, 0, 0.394894, 0.11802, 0, 0, 0.326919
0.23, 0, 0, 0, 0.0475796, 1.31961, 0, 0.597963, 0.148979, 0, 0.395088, 0.118016, 0, 0, 0.326882
0.231, 0, 0, 0, 0.0475632, 1.31966, 0, 0.598702, 0.148448, 0, 0.395012, 0.118025, 0, 0, 0.326837
0.232, 0, 0, 0, 0.0475543, 1.31972, 0, 0.599437, 0.147928, 0, 0.394904, 0.118082, 0, 0, 0.326849
0.233, 0, 0, 0, 0.0475451, 1.31977, 0, 0.600398, 0.147341, 0, 0.394818, 0.1181, 0, 0, 0.326805
0.234, 0, 0, 0, 0.0475421, 1.31982, 0, 0.601111, 0.146837, 0, 0.394735, 0.118118, 0, 0, 0.326762
0.235, 0, 0, 0, 0.0475387, 1.31987, 0, 0.601822, 0.146337, 0, 0.394655, 0.118136, 0, 0, 0.32672
0.236, 0, 0, 0, 0.0475303, 1.3199, 0, 0.601756, 0.145802, 0, 0.394575, 0.118154, 0, 0, 0.326679
0.237, 0, 0, 0, 0.0475708, 1.31992, 0, 0.602413, 0.145342, 0, 0.394502, 0.118174, 0, 0, 0.326642
0.238, 0, 0, 0, 0.0476312, 1.31948, 0, 0.603092, 0.144724, 0, 0.394483, 0.118193, 0, 0, 0.326803
0.239, 0, 0, 0, 0.0477044, 1.31986, 0, 0.604228, 0.143946, 0, 0.394544, 0.118263, 0, 0, 0.326881
0.24, 0, 0, 0, 0.0476057, 1.3198, 0, 0.604842, 0.143241, 0, 0.395362, 0.11803, 0, 0, 0.32681
0.241, 0, 0, 0, 0.0476254, 1.31988, 0, 0.605658, 0.142378, 0, 0.39536, 0.118019, 0, 0, 0.326785
0.242, 0, 0, 0, 0.0476421, 1.31986, 0, 0.606208, 0.141888, 0, 0.395275, 0.118031, 0, 0, 0.326474
0.243, 0, 0, 0, 0.0476385, 1.31996, 0, 0.60678, 0.141394, 0, 0.395572, 0.117869, 0, 0, 0.32649
0.244, 0, 0, 0, 0.047613, 1.32, 0, 0.607279, 0.140913, 0, 0.395489, 0.117866, 0, 0, 0.326469
0.245, 0, 0, 0, 0.0476064, 1.32005, 0, 0.60791, 0.140389, 0, 0.395406, 0.11788, 0, 0, 0.326445
0.246, 0, 0, 0, 0.047618, 1.32, 0, 0.609131, 0.139523, 0, 0.395318, 0.117894, 0, 0, 0.326413
0.247, 0, 0, 0, 0.0476814, 1.31948, 0, 0.609827, 0.139031, 0, 0.395256, 0.117922, 0, 0, 0.326399
0.248, 0, 0, 0, 0.0477688, 1.3199, 0, 0.610743, 0.138553, 0, 0.39533, 0.117999, 0, 0, 0.326478
0.249, 0, 0, 0, 0.0476609, 1.31981, 0, 0.611339, 0.137947, 0, 0.395318, 0.117894, 0, 0, 0.326392
0.25, 0, 0, 0, 0.0476887, 1.31989, 0, 0.612, 0.137501, 0, 0.395273, 0.117919, 0, 0, 0.326376
0.251, 0, 0, 0, 0.0476707, 1.31993, 0, 0.612656, 0.137005, 0, 0.39516, 0.117939, 0, 0, 0.326339
0.252, 0, 0, 0, 0.0477349, 1.31961, 0, 0.613098, 0.136783, 0, 0.395068, 0.11796, 0, 0, 0.326308
0.253, 0, 0, 0, 0.0477894, 1.31989, 0, 0.613824, 0.136421, 0, 0.395786, 0.117853, 0, 0, 0.326343
0.254, 0, 0, 0, 0.0477174, 1.31985, 0, 0.614263, 0.1361, 0, 0.395636, 0.117839, 0, 0, 0.326278
0.255, 0, 0, 0, 0.0477328, 1.31992, 0, 0.614853, 0.135807, 0, 0.395583, 0.117858, 0, 0, 0.326258
0.256, 0, 0, 0, 0.04772, 1.31996, 0, 0.61537, 0.13552, 0, 0.395482, 0.117875, 0, 0, 0.326226
0.257, 0, 0, 0, 0.047718, 1.32, 0, 0.615892, 0.135239, 0, 0.395116, 0.117902, 0, 0, 0.326197
0.258, 0, 0, 0, 0.047715, 1.32004, 0, 0.616407, 0.134965, 0, 0.395049, 0.11788, 0, 0, 0.32617
0.259, 0, 0, 0, 0.0477049, 1.3202, 0, 0.616906, 0.134696, 0, 0.394979, 0.117849, 0, 0, 0.326141
0.26, 0, 0, 0, 0.0476929, 1.32015, 0, 0.617354, 0.134422, 0, 0.394912, 0.117804, 0, 0, 0.326092
0.261, 0, 0, 0, 0.0477186, 1.32021, 0, 0.617876, 0.13417, 0, 0.39491, 0.11778, 0, 0, 0.325962
0.262, 0, 0, 0, 0.0477143, 1.32024, 0, 0.618335, 0.133919, 0, 0.394871, 0.117753, 0, 0, 0.325934
0.263, 0, 0, 0, 0.0477175, 1.32028, 0, 0.618956, 0.13362, 0, 0.394846, 0.11773, 0, 0, 0.325912
0.264, 0, 0, 0, 0.047716, 1.32032, 0, 0.619443, 0.133362, 0, 0.394815, 0.117709, 0, 0, 0.32589
0.265, 0, 0, 0, 0.0477134, 1.32036, 0, 0.619882, 0.133125, 0, 0.394789, 0.117692, 0, 0, 0.325881
0.266, 0, 0, 0, 0.0477105, 1.32039, 0, 0.620373, 0.132809, 0, 0.394765, 0.117678, 0, 0, 0.325859
0.267, 0, 0, 0, 0.0477072, 1.32043, 0, 0.620806, 0.132583, 0, 0.394741, 0.117666, 0, 0, 0.325837
0.268, 0, 0, 0, 0.0477039, 1.32046, 0, 0.621384, 0.132307, 0, 0.396262, 0.117179, 0, 0, 0.325815
0.269, 0, 0, 0, 0.047699, 1.3205, 0, 0.621804, 0.132088, 0, 0.396151, 0.117187, 0, 0, 0.325796
0.27, 0, 0, 0, 0.047695, 1.32053, 0, 0.622201, 0.131878, 0, 0.396171, 0.117256, 0, 0, 0.325774
0.271, 0, 0, 0, 0.0476921, 1.32057, 0, 0.622725, 0.131526, 0, 0.396131, 0.117239, 0, 0, 0.325756
0.272, 0, 0, 0, 0.0476877, 1.3206, 0, 0.623069, 0.131316, 0, 0.396061, 0.117238, 0, 0, 0.325735
0.273, 0, 0, 0, 0.047685, 1.32063, 0, 0.623446, 0.13112, 0, 0.395295, 0.117624, 0, 0, 0.325715
0.274, 0, 0, 0, 0.047682, 1.32066, 0, 0.62382, 0.130927, 0, 0.395156, 0.117667, 0, 0, 0.325759
0.275, 0, 0, 0, 0.0477668, 1.32009, 0, 0.62419, 0.130768, 0, 0.395049, 0.11769, 0, 0, 0.325738
0.276, 0, 0, 0, 0.0478762, 1.3205, 0, 0.6248, 0.130647, 0, 0.395128, 0.117776, 0, 0, 0.325833
0.277, 0, 0, 0, 0.0477731, 1.3204, 0, 0.624976, 0.130453, 0, 0.394898, 0.117772, 0, 0, 0.32576
0.278, 0, 0, 0, 0.0478041, 1.32047, 0, 0.625402, 0.130278, 0, 0.39485, 0.117803, 0, 0, 0.325756
0.279, 0, 0, 0, 0.0477885, 1.3205, 0, 0.62572, 0.130104, 0, 0.39474, 0.117825, 0, 0, 0.325731
0.28, 0, 0, 0, 0.0477308, 1.32114, 0, 0.626049, 0.129937, 0, 0.394647, 0.117849, 0, 0, 0.32571
0.281, 0, 0, 0, 0.047618, 1.32079, 0, 0.626125, 0.12971, 0, 0.394373, 0.117812, 0, 0, 0.325572
0.282, 0, 0, 0, 0.0477158, 1.32095, 0, 0.62663, 0.129571, 0, 0.394408, 0.117864, 0, 0, 0.325611
0.283, 0, 0, 0, 0.0477316, 1.32067, 0, 0.626864, 0.129409, 0, 0.394264, 0.117883, 0, 0, 0.325574
0.284, 0, 0, 0, 0.0477856, 1.32089, 0, 0.627303, 0.129287, 0, 0.394964, 0.117457, 0, 0, 0.32561
0.285, 0, 0, 0, 0.0477857, 1.32025, 0, 0.62751, 0.129125, 0, 0.394851, 0.117451, 0, 0, 0.325564
0.286, 0, 0, 0, 0.0479062, 1.32067, 0, 0.628085, 0.129043, 0, 0.394971, 0.117542, 0, 0, 0.32567
0.287, 0, 0, 0, 0.0477948, 1.32057, 0, 0.628168, 0.128878, 0, 0.394761, 0.117543, 0, 0, 0.325596
0.288, 0, 0, 0, 0.0478256, 1.32063, 0, 0.628522, 0.128743, 0, 0.395018, 0.117487, 0, 0, 0.325594
0.289, 0, 0, 0, 0.0478096, 1.32066, 0, 0.628774, 0.128606, 0, 0.394907, 0.117518, 0, 0, 0.325571
0.29, 0, 0, 0, 0.0478073, 1.32069, 0, 0.628692, 0.128744, 0, 0.394816, 0.117549, 0, 0, 0.325552
0.291, 0, 0, 0, 0.0478048, 1.32072, 0, 0.628941, 0.128603, 0, 0.394727, 0.117579, 0, 0, 0.325534
0.292, 0, 0, 0, 0.0478026, 1.32074, 0, 0.629205, 0.128456, 0, 0.394561, 0.117653, 0, 0, 0.325515
0.293, 0, 0, 0, 0.0478004, 1.32077, 0, 0.629465, 0.12831, 0, 0.396051, 0.117106, 0, 0, 0.325497
0.294, 0, 0, 0, 0.0477989, 1.3208, 0, 0.629724, 0.12817, 0, 0.395582, 0.117787, 0, 0, 0.325478
0.295, 0, 0, 0, 0.047799, 1.32082, 0, 0.629926, 0.12804, 0, 0.395436, 0.117804, 0, 0, 0.325505
0.296, 0, 0, 0, 0.0477977, 1.32085, 0, 0.630173, 0.127908, 0, 0.39531, 0.11781, 0, 0, 0.3255
0.297, 0, 0, 0, 0.0477954, 1.32087, 0, 0.630417, 0.127777, 0, 0.395135, 0.117893, 0, 0, 0.325487
0.298, 0, 0, 0, 0.0477938, 1.32089, 0, 0.630657, 0.12765, 0, 0.395013, 0.1179, 0, 0, 0.32547
0.299, 0, 0, 0, 0.0477918, 1.32092, 0, 0.630893, 0.127526, 0, 0.394895, 0.117906, 0, 0, 0.325451
0.3, 0, 0, 0, 0.0477363, 1.32155, 0, 0.631125, 0.127409, 0, 0.393457, 0.118464, 0, 0, 0.325432
0.301, 0, 0, 0, 0.0476229, 1.3212, 0, 0.631116, 0.127224, 0, 0.393228, 0.118403, 0, 0, 0.325296
0.302, 0, 0, 0, 0.0477211, 1.32135, 0, 0.631536, 0.127133, 0, 0.393245, 0.118538, 0, 0, 0.325328
0.303, 0, 0, 0, 0.0477526, 1.32064, 0, 0.63169, 0.127016, 0, 0.393285, 0.118439, 0, 0, 0.325291
0.304, 0, 0, 0, 0.0478847, 1.3211, 0, 0.632085, 0.127121, 0, 0.393471, 0.118465, 0, 0, 0.32541
0.305, 0, 0, 0, 0.0477617, 1.32098, 0, 0.632062, 0.126994, 0, 0.393257, 0.118444, 0, 0, 0.325331
0.306, 0, 0, 0, 0.0477953, 1.32104, 0, 0.632348, 0.126897, 0, 0.393198, 0.118562, 0, 0, 0.325333
0.307, 0, 0, 0, 0.0477772, 1.32106, 0, 0.632492, 0.126766, 0, 0.393117, 0.118569, 0, 0, 0.325311
0.308, 0, 0, 0, 0.0477751, 1.32108, 0, 0.632689, 0.126668, 0, 0.393058, 0.118578, 0, 0, 0.325294
0.309, 0, 0, 0, 0.0477721, 1.3211, 0, 0.63288, 0.126573, 0, 0.392999, 0.118586, 0, 0, 0.325277
0.31, 0, 0, 0, 0.0479403, 1.32135, 0, 0.635464, 0.126082, 0, 0.392904, 0.118456, 0, 0, 0.325148
0.311, 0, 0, 0, 0.0479707, 1.3212, 0, 0.635489, 0.125952, 0, 0.39274, 0.118425, 0, 0, 0.325031
0.312, 0, 0, 0, 0.0480359, 1.32124, 0, 0.635684, 0.125853, 0, 0.392723, 0.118434, 0, 0, 0.325023
0.313, 0, 0, 0, 0.0480769, 1.32065, 0, 0.635867, 0.12573, 0, 0.392643, 0.118449, 0, 0, 0.325006
0.314, 0, 0, 0, 0.0482047, 1.32098, 0, 0.636202, 0.125691, 0, 0.392494, 0.118459, 0, 0, 0.325096
0.315, 0, 0, 0, 0.0480443, 1.32156, 0, 0.636179, 0.125588, 0, 0.392306, 0.118449, 0, 0, 0.325047
0.316, 0, 0, 0, 0.0479346, 1.32121, 0, 0.636104, 0.125434, 0, 0.392092, 0.118388, 0, 0, 0.324926
0.317, 0, 0, 0, 0.0480177, 1.32136, 0, 0.636421, 0.12537, 0, 0.392163, 0.118413, 0, 0, 0.324969
0.318, 0, 0, 0, 0.0479699, 1.32135, 0, 0.636476, 0.125283, 0, 0.39206, 0.118407, 0, 0, 0.324944
0.319, 0, 0, 0, 0.0480251, 1.32075, 0, 0.636621, 0.125204, 0, 0.393567, 0.117973, 0, 0, 0.324937
0.32, 0, 0, 0, 0.0481257, 1.32116, 0, 0.636397, 0.125281, 0, 0.393705, 0.118014, 0, 0, 0.325049
0.321, 0, 0, 0, 0.0480274, 1.32059, 0, 0.636001, 0.125113, 0, 0.393589, 0.11781, 0, 0, 0.32495
0.322, 0, 0, 0, 0.0479826, 1.32238, 0, 0.63686, 0.125249, 0, 0.39269, 0.118183, 0, 0, 0.325061
0.323, 0, 0, 0, 0.0476549, 1.32129, 0, 0.636139, 0.125005, 0, 0.391997, 0.118032, 0, 0, 0.324784
0.324, 0, 0, 0, 0.047947, 1.32158, 0, 0.636571, 0.125041, 0, 0.39424, 0.117476, 0, 0, 0.324943
0.325, 0, 0, 0, 0.0478529, 1.32155, 0, 0.636497, 0.124987, 0, 0.393983, 0.11748, 0, 0, 0.324907
0.326, 0, 0, 0, 0.0478543, 1.32157, 0, 0.636659, 0.124936, 0, 0.393879, 0.117491, 0, 0, 0.324899
0.327, 0, 0, 0, 0.0478939, 1.321, 0, 0.636786, 0.124884, 0, 0.393755, 0.117503, 0, 0, 0.32489
0.328, 0, 0, 0, 0.0479888, 1.32139, 0, 0.637298, 0.124876, 0, 0.393809, 0.117578, 0, 0, 0.324998
0.329, 0, 0, 0, 0.0478748, 1.32129, 0, 0.63724, 0.1248, 0, 0.393559, 0.117567, 0, 0, 0.32494
0.33, 0, 0, 0, 0.0478352, 1.32194, 0, 0.637424, 0.124759, 0, 0.393489, 0.117589, 0, 0, 0.324949
0.331, 0, 0, 0, 0.0477011, 1.3216, 0, 0.637275, 0.124653, 0, 0.393183, 0.117545, 0, 0, 0.324826
0.332, 0, 0, 0, 0.0479427, 1.32061, 0, 0.637569, 0.124627, 0, 0.393186, 0.117589, 0, 0, 0.324866
0.333, 0, 0, 0, 0.0480357, 1.32191, 0, 0.638069, 0.1247, 0, 0.393356, 0.117718, 0, 0, 0.325062
0.334, 0, 0, 0, 0.0477916, 1.32074, 0, 0.637593, 0.124557, 0, 0.392829, 0.117632, 0, 0, 0.324847
0.335, 0, 0, 0, 0.0480437, 1.32133, 0, 0.638257, 0.124609, 0, 0.393104, 0.117752, 0, 0, 0.325034
0.336, 0, 0, 0, 0.047819, 1.32176, 0, 0.638056, 0.124544, 0, 0.392788, 0.117738, 0, 0, 0.324953
0.337, 0, 0, 0, 0.0478779, 1.32122, 0, 0.637832, 0.124465, 0, 0.392472, 0.117677, 0, 0, 0.324779
0.338, 0, 0, 0, 0.0479697, 1.32122, 0, 0.638326, 0.124479, 0, 0.392611, 0.11778, 0, 0, 0.324933
0.339, 0, 0, 0, 0.0479464, 1.32126, 0, 0.638406, 0.124434, 0, 0.392545, 0.117748, 0, 0, 0.324945
0.34, 0, 0, 0, 0.0479323, 1.32125, 0, 0.63847, 0.124399, 0, 0.392422, 0.117771, 0, 0, 0.324923
0.341, 0, 0, 0, 0.0478705, 1.32185, 0, 0.638559, 0.124373, 0, 0.392317, 0.117803, 0, 0, 0.324917
0.342, 0, 0, 0, 0.047768, 1.32141, 0, 0.638396, 0.124283, 0, 0.392029, 0.117773, 0, 0, 0.324797
0.343, 0, 0, 0, 0.0478751, 1.32162, 0, 0.638703, 0.124284, 0, 0.392074, 0.117837, 0, 0, 0.324859
0.344, 0, 0, 0, 0.0478785, 1.321, 0, 0.638688, 0.124244, 0, 0.391658, 0.118293, 0, 0, 0.324829
0.345, 0, 0, 0, 0.0479964, 1.32139, 0, 0.63904, 0.124276, 0, 0.391735, 0.118377, 0, 0, 0.324941
0.346, 0, 0, 0, 0.047891, 1.32128, 0, 0.638933, 0.124228, 0, 0.389897, 0.118882, 0, 0, 0.324887
0.347, 0, 0, 0, 0.0479114, 1.32139, 0, 0.639083, 0.124205, 0, 0.389903, 0.118894, 0, 0, 0.324896
0.348, 0, 0, 0, 0.0478232, 1.32196, 0, 0.639111, 0.124172, 0, 0.389812, 0.118902, 0, 0, 0.324875
0.349, 0, 0, 0, 0.0477201, 1.32162, 0, 0.638989, 0.124078, 0, 0.38959, 0.118862, 0, 0, 0.324761
0.35, 0, 0, 0, 0.0478078, 1.32176, 0, 0.639232, 0.124071, 0, 0.39157, 0.118286, 0, 0, 0.324798
0.351, 0, 0, 0, 0.0478297, 1.32116, 0, 0.639164, 0.12414, 0, 0.391394, 0.118308, 0, 0, 0.324778
0.352, 0, 0, 0, 0.0479418, 1.32154, 0, 0.639481, 0.124173, 0, 0.391475, 0.118384, 0, 0, 0.324886
0.353, 0, 0, 0, 0.0478397, 1.32143, 0, 0.639356, 0.124124, 0, 0.391248, 0.118372, 0, 0, 0.324829
0.354, 0, 0, 0, 0.0478846, 1.32136, 0, 0.639486, 0.1241, 0, 0.391196, 0.118391, 0, 0, 0.324837
0.355, 0, 0, 0, 0.0478312, 1.32203, 0, 0.639576, 0.124089, 0, 0.391056, 0.118507, 0, 0, 0.324847
0.356, 0, 0, 0, 0.0477042, 1.32166, 0, 0.639363, 0.123997, 0, 0.390761, 0.118456, 0, 0, 0.324718
0.357, 0, 0, 0, 0.0478635, 1.32121, 0, 0.639621, 0.123991, 0, 0.390797, 0.118496, 0, 0, 0.324763
0.358, 0, 0, 0, 0.0479485, 1.32155, 0, 0.639822, 0.124024, 0, 0.393637, 0.11774, 0, 0, 0.324851
0.359, 0, 0, 0, 0.0478046, 1.32201, 0, 0.639698, 0.123977, 0, 0.393524, 0.117643, 0, 0, 0.324797
0.36, 0, 0, 0, 0.0477297, 1.32171, 0, 0.639581, 0.123898, 0, 0.393204, 0.117715, 0, 0, 0.324696
0.361, 0, 0, 0, 0.047869, 1.32125, 0, 0.639793, 0.123892, 0, 0.393153, 0.117752, 0, 0, 0.324732
0.362, 0, 0, 0, 0.0479437, 1.32159, 0, 0.640018, 0.123924, 0, 0.39313, 0.117817, 0, 0, 0.324822
0.363, 0, 0, 0, 0.0478548, 1.32148, 0, 0.6399, 0.123881, 0, 0.392869, 0.117807, 0, 0, 0.324769
0.364, 0, 0, 0, 0.0478139, 1.32214, 0, 0.64001, 0.123865, 0, 0.392807, 0.117806, 0, 0, 0.324779
0.365, 0, 0, 0, 0.0476913, 1.32177, 0, 0.639789, 0.123779, 0, 0.392476, 0.117755, 0, 0, 0.324652
0.366, 0, 0, 0, 0.0478518, 1.32131, 0, 0.64003, 0.123776, 0, 0.392467, 0.117794, 0, 0, 0.324697
0.367, 0, 0, 0, 0.0479263, 1.32165, 0, 0.640247, 0.123812, 0, 0.392455, 0.117865, 0, 0, 0.32423
0.368, 0, 0, 0, 0.0477781, 1.32213, 0, 0.640118, 0.123773, 0, 0.39221, 0.117855, 0, 0, 0.324233
0.369, 0, 0, 0, 0.0476997, 1.32182, 0, 0.639988, 0.123698, 0, 0.39195, 0.117818, 0, 0, 0.324161
0.37, 0, 0, 0, 0.0478428, 1.32136, 0, 0.640199, 0.123696, 0, 0.391928, 0.117859, 0, 0, 0.32422
0.371, 0, 0, 0, 0.0479174, 1.3217, 0, 0.640415, 0.123732, 0, 0.391977, 0.117885, 0, 0, 0.324325
0.372, 0, 0, 0, 0.047829, 1.32158, 0, 0.640289, 0.123694, 0, 0.391725, 0.117885, 0, 0, 0.324281
0.373, 0, 0, 0, 0.0477975, 1.32222, 0, 0.640389, 0.123682, 0, 0.391643, 0.117909, 0, 0, 0.324297
0.374, 0, 0, 0, 0.0476754, 1.32186, 0, 0.640164, 0.123602, 0, 0.391332, 0.117865, 0, 0, 0.324179
0.375, 0, 0, 0, 0.0477712, 1.32199, 0, 0.640386, 0.123605, 0, 0.391335, 0.11791, 0, 0, 0.324225
0.376, 0, 0, 0, 0.0477919, 1.3214, 0, 0.640369, 0.123584, 0, 0.391161, 0.11793, 0, 0, 0.32421
0.377, 0, 0, 0, 0.0479062, 1.32175, 0, 0.640652, 0.123625, 0, 0.391222, 0.118007, 0, 0, 0.324322
0.378, 0, 0, 0, 0.0478111, 1.32164, 0, 0.64051, 0.123591, 0, 0.390983, 0.118005, 0, 0, 0.324273
0.379, 0, 0, 0, 0.0477697, 1.32234, 0, 0.640649, 0.12359, 0, 0.390898, 0.118056, 0, 0, 0.324293
0.38, 0, 0, 0, 0.0476422, 1.32189, 0, 0.640372, 0.123496, 0, 0.390588, 0.117993, 0, 0, 0.324168
0.381, 0, 0, 0, 0.0477566, 1.32206, 0, 0.640624, 0.123509, 0, 0.390635, 0.118043, 0, 0, 0.324228
0.382, 0, 0, 0, 0.047769, 1.32144, 0, 0.640569, 0.123488, 0, 0.390461, 0.118057, 0, 0, 0.324203
0.383, 0, 0, 0, 0.0478861, 1.32181, 0, 0.640865, 0.123536, 0, 0.390538, 0.118142, 0, 0, 0.324317
0.384, 0, 0, 0, 0.0477843, 1.3217, 0, 0.640709, 0.123502, 0, 0.390301, 0.11814, 0, 0, 0.324265
0.385, 0, 0, 0, 0.0478138, 1.32174, 0, 0.64081, 0.123493, 0, 0.390239, 0.11817, 0, 0, 0.324278
0.386, 0, 0, 0, 0.0477413, 1.32233, 0, 0.640817, 0.123481, 0, 0.390122, 0.118191, 0, 0, 0.324273
0.387, 0, 0, 0, 0.0476331, 1.32198, 0, 0.640606, 0.123407, 0, 0.389846, 0.118154, 0, 0, 0.324157
0.388, 0, 0, 0, 0.0477289, 1.32211, 0, 0.640818, 0.123416, 0, 0.389867, 0.118202, 0, 0, 0.324204
0.389, 0, 0, 0, 0.0476965, 1.32208, 0, 0.640775, 0.123399, 0, 0.389718, 0.11822, 0, 0, 0.324185
0.39, 0, 0, 0, 0.0477665, 1.3215, 0, 0.640825, 0.123386, 0, 0.389628, 0.118245, 0, 0, 0.324186
0.391, 0, 0, 0, 0.0478728, 1.32187, 0, 0.641097, 0.123436, 0, 0.3897, 0.118329, 0, 0, 0.324297
0.392, 0, 0, 0, 0.0477742, 1.32175, 0, 0.640939, 0.123404, 0, 0.389478, 0.118327, 0, 0, 0.324245
0.393, 0, 0, 0, 0.0478051, 1.3218, 0, 0.641035, 0.123397, 0, 0.38943, 0.118357, 0, 0, 0.324259
0.394, 0, 0, 0, 0.0477322, 1.32239, 0, 0.641035, 0.123387, 0, 0.389324, 0.118377, 0, 0, 0.324253
0.395, 0, 0, 0, 0.0476325, 1.32199, 0, 0.64082, 0.123315, 0, 0.389061, 0.118341, 0, 0, 0.324137
0.396, 0, 0, 0, 0.0477359, 1.32214, 0, 0.641046, 0.12333, 0, 0.389106, 0.118393, 0, 0, 0.324192
0.397, 0, 0, 0, 0.0476946, 1.32211, 0, 0.640984, 0.123314, 0, 0.388958, 0.118408, 0, 0, 0.324169
0.398, 0, 0, 0, 0.0477669, 1.32153, 0, 0.641035, 0.123303, 0, 0.388884, 0.118434, 0, 0, 0.32417
0.399, 0, 0, 0, 0.0478716, 1.3219, 0, 0.641294, 0.123354, 0, 0.388965, 0.118517, 0, 0, 0.32428
0.4, 0, 0, 0, 0.0477731, 1.32178, 0, 0.64113, 0.123324, 0, 0.388919, 0.118456, 0, 0, 0.324228
0.401, 0, 0, 0, 0.047807, 1.3218, 0, 0.641222, 0.123319, 0, 0.388843, 0.118487, 0, 0, 0.324241
0.402, 0, 0, 0, 0.0477397, 1.3224, 0, 0.641229, 0.123313, 0, 0.388716, 0.118512, 0, 0, 0.32424
0.403, 0, 0, 0, 0.0476287, 1.32204, 0, 0.641003, 0.123242, 0, 0.388419, 0.118475, 0, 0, 0.324121
0.404, 0, 0, 0, 0.0477266, 1.32217, 0, 0.641209, 0.123254, 0, 0.388424, 0.118525, 0, 0, 0.324168
0.405, 0, 0, 0, 0.0476935, 1.32214, 0, 0.641157, 0.123241, 0, 0.388256, 0.118543, 0, 0, 0.324148
0.406, 0, 0, 0, 0.0477643, 1.32156, 0, 0.641198, 0.123232, 0, 0.38815, 0.11857, 0, 0, 0.324148
0.407, 0, 0, 0, 0.0478707, 1.32193, 0, 0.641274, 0.123309, 0, 0.388202, 0.118655, 0, 0, 0.324258
0.408, 0, 0, 0, 0.0477726, 1.32181, 0, 0.641102, 0.123283, 0, 0.388085, 0.118618, 0, 0, 0.324206
0.409, 0, 0, 0, 0.0478038, 1.32185, 0, 0.641191, 0.123281, 0, 0.388015, 0.118649, 0, 0, 0.324219
0.41, 0, 0, 0, 0.0477314, 1.32244, 0, 0.641186, 0.123274, 0, 0.387888, 0.118671, 0, 0, 0.324213
0.411, 0, 0, 0, 0.0476236, 1.32208, 0, 0.640965, 0.123206, 0, 0.387605, 0.118638, 0, 0, 0.324096
0.412, 0, 0, 0, 0.0477199, 1.32221, 0, 0.641166, 0.123219, 0, 0.387624, 0.118692, 0, 0, 0.324142
0.413, 0, 0, 0, 0.0476871, 1.32218, 0, 0.641113, 0.123208, 0, 0.387475, 0.118715, 0, 0, 0.324123
0.414, 0, 0, 0, 0.0477194, 1.32208, 0, 0.64115, 0.123201, 0, 0.387388, 0.118745, 0, 0, 0.324123
0.415, 0, 0, 0, 0.0477761, 1.32168, 0, 0.641213, 0.123205, 0, 0.387319, 0.118786, 0, 0, 0.324141
0.416, 0, 0, 0, 0.0478442, 1.32195, 0, 0.64139, 0.123243, 0, 0.387335, 0.118858, 0, 0, 0.32422
0.417, 0, 0, 0, 0.0478268, 1.32149, 0, 0.64127, 0.123221, 0, 0.387148, 0.118866, 0, 0, 0.324181
0.418, 0, 0, 0, 0.047881, 1.32222, 0, 0.641489, 0.123258, 0, 0.387199, 0.118937, 0, 0, 0.324262
0.419, 0, 0, 0, 0.0477221, 1.32186, 0, 0.641178, 0.123189, 0, 0.386878, 0.1189, 0, 0, 0.324133
0.42, 0, 0, 0, 0.0478198, 1.32199, 0, 0.641388, 0.123201, 0, 0.386716, 0.119295, 0, 0, 0.32418
0.421, 0, 0, 0, 0.0477859, 1.32196, 0, 0.641335, 0.123191, 0, 0.386595, 0.119317, 0, 0, 0.32416
0.422, 0, 0, 0, 0.0477953, 1.32197, 0, 0.641365, 0.123185, 0, 0.386519, 0.119334, 0, 0, 0.32416
0.423, 0, 0, 0, 0.0478327, 1.32151, 0, 0.64138, 0.123178, 0, 0.386427, 0.119351, 0, 0, 0.324156
0.424, 0, 0, 0, 0.0479203, 1.3218, 0, 0.641589, 0.123221, 0, 0.386478, 0.119415, 0, 0, 0.324244
0.425, 0, 0, 0, 0.0478051, 1.32218, 0, 0.641449, 0.123201, 0, 0.387254, 0.119324, 0, 0, 0.324189
0.426, 0, 0, 0, 0.0477427, 1.32193, 0, 0.641325, 0.12315, 0, 0.387152, 0.119266, 0, 0, 0.324111
0.427, 0, 0, 0, 0.0478081, 1.32203, 0, 0.641469, 0.123159, 0, 0.386187, 0.119383, 0, 0, 0.324146
0.428, 0, 0, 0, 0.0477856, 1.322, 0, 0.641427, 0.123149, 0, 0.386949, 0.119369, 0, 0, 0.324122
0.429, 0, 0, 0, 0.0478343, 1.32155, 0, 0.641462, 0.123145, 0, 0.386963, 0.119358, 0, 0, 0.324127
0.43, 0, 0, 0, 0.0479179, 1.32184, 0, 0.641661, 0.123188, 0, 0.387049, 0.119417, 0, 0, 0.324213
0.431, 0, 0, 0, 0.0478031, 1.32222, 0, 0.641524, 0.123167, 0, 0.386898, 0.119412, 0, 0, 0.324171
0.432, 0, 0, 0, 0.0477416, 1.32196, 0, 0.641397, 0.123117, 0, 0.386744, 0.119385, 0, 0, 0.324089
0.433, 0, 0, 0, 0.0478098, 1.32206, 0, 0.64154, 0.123128, 0, 0.386782, 0.119419, 0, 0, 0.324122
0.434, 0, 0, 0, 0.0477844, 1.32204, 0, 0.641497, 0.123119, 0, 0.386694, 0.11943, 0, 0, 0.324106
0.435, 0, 0, 0, 0.0478318, 1.32158, 0, 0.641526, 0.123114, 0, 0.387276, 0.119071, 0, 0, 0.324105
0.436, 0, 0, 0, 0.0479182, 1.32187, 0, 0.641728, 0.123159, 0, 0.387378, 0.119127, 0, 0, 0.324194
0.437, 0, 0, 0, 0.0478019, 1.32225, 0, 0.641587, 0.123138, 0, 0.387227, 0.119124, 0, 0, 0.324151
0.438, 0, 0, 0, 0.0477374, 1.32198, 0, 0.641458, 0.123089, 0, 0.387073, 0.119101, 0, 0, 0.32407
0.439, 0, 0, 0, 0.0478088, 1.32209, 0, 0.641607, 0.123101, 0, 0.386921, 0.119115, 0, 0, 0.324107
0.44, 0, 0, 0, 0.0477819, 1.32206, 0, 0.641557, 0.123093, 0, 0.386794, 0.119143, 0, 0, 0.324088
0.441, 0, 0, 0, 0.0477932, 1.32207, 0, 0.641585, 0.12309, 0, 0.386744, 0.119166, 0, 0, 0.324089
0.442, 0, 0, 0, 0.0478304, 1.3216, 0, 0.641594, 0.123085, 0, 0.386683, 0.119187, 0, 0, 0.324086
0.443, 0, 0, 0, 0.0479183, 1.3219, 0, 0.641798, 0.12313, 0, 0.386765, 0.119255, 0, 0, 0.324175
0.444, 0, 0, 0, 0.047889, 1.3218, 0, 0.641654, 0.12311, 0, 0.38661, 0.119253, 0, 0, 0.324132
0.445, 0, 0, 0, 0.047904, 1.32185, 0, 0.641721, 0.12311, 0, 0.386594, 0.119279, 0, 0, 0.324142
0.446, 0, 0, 0, 0.0478833, 1.32186, 0, 0.641707, 0.123104, 0, 0.386525, 0.119297, 0, 0, 0.324134
0.447, 0, 0, 0, 0.0478787, 1.32187, 0, 0.641718, 0.123099, 0, 0.386472, 0.119317, 0, 0, 0.32413
0.448, 0, 0, 0, 0.0479137, 1.3214, 0, 0.641729, 0.123094, 0, 0.386418, 0.119337, 0, 0, 0.324126
0.449, 0, 0, 0, 0.0479998, 1.3217, 0, 0.641931, 0.123138, 0, 0.386503, 0.119406, 0, 0, 0.324214
0.45, 0, 0, 0, 0.0478603, 1.3217, 0, 0.641787, 0.123117, 0, 0.38635, 0.119406, 0, 0, 0.32417
0.451, 0, 0, 0, 0.0478548, 1.32213, 0, 0.641814, 0.12311, 0, 0.386315, 0.119423, 0, 0, 0.324164
0.452, 0, 0, 0, 0.0477934, 1.32186, 0, 0.641647, 0.123062, 0, 0.386142, 0.1194, 0, 0, 0.324078
0.453, 0, 0, 0, 0.0478588, 1.32206, 0, 0.641799, 0.123076, 0, 0.3854, 0.119693, 0, 0, 0.324117
0.454, 0, 0, 0, 0.0478824, 1.32138, 0, 0.641713, 0.123057, 0, 0.385284, 0.119698, 0, 0, 0.32408
0.455, 0, 0, 0, 0.048023, 1.32178, 0, 0.642013, 0.12312, 0, 0.385363, 0.119813, 0, 0, 0.324204
0.456, 0, 0, 0, 0.0478613, 1.32224, 0, 0.641815, 0.123098, 0, 0.385176, 0.11981, 0, 0, 0.324149
0.457, 0, 0, 0, 0.047848, 1.32133, 0, 0.641657, 0.123037, 0, 0.385396, 0.119664, 0, 0, 0.324051
0.458, 0, 0, 0, 0.0479811, 1.32241, 0, 0.642065, 0.123115, 0, 0.385623, 0.119762, 0, 0, 0.324207
0.459, 0, 0, 0, 0.0478039, 1.32131, 0, 0.641582, 0.123025, 0, 0.385534, 0.119584, 0, 0, 0.324025
0.46, 0, 0, 0, 0.0480509, 1.32184, 0, 0.642103, 0.123108, 0, 0.3858, 0.119704, 0, 0, 0.324205
0.461, 0, 0, 0, 0.0478479, 1.32227, 0, 0.641827, 0.123081, 0, 0.38553, 0.119696, 0, 0, 0.324133
0.462, 0, 0, 0, 0.0477845, 1.32195, 0, 0.641683, 0.123023, 0, 0.385338, 0.119669, 0, 0, 0.324036
0.463, 0, 0, 0, 0.0479282, 1.32149, 0, 0.641856, 0.123038, 0, 0.385363, 0.11972, 0, 0, 0.32408
0.464, 0, 0, 0, 0.0480041, 1.32182, 0, 0.642036, 0.123091, 0, 0.385405, 0.119799, 0, 0, 0.324174
0.465, 0, 0, 0, 0.0478587, 1.3223, 0, 0.641872, 0.12307, 0, 0.385213, 0.119801, 0, 0, 0.324126
0.466, 0, 0, 0, 0.0477817, 1.32197, 0, 0.641702, 0.123012, 0, 0.385006, 0.119773, 0, 0, 0.324026
0.467, 0, 0, 0, 0.0479272, 1.32151, 0, 0.641876, 0.123027, 0, 0.385038, 0.119825, 0, 0, 0.324125
0.468, 0, 0, 0, 0.048004, 1.32184, 0, 0.642057, 0.12308, 0, 0.385083, 0.119905, 0, 0, 0.324219
0.469, 0, 0, 0, 0.0479177, 1.32173, 0, 0.641898, 0.123058, 0, 0.384793, 0.119943, 0, 0, 0.32417
0.47, 0, 0, 0, 0.0479486, 1.32177, 0, 0.64197, 0.123061, 0, 0.384759, 0.119974, 0, 0, 0.324182
0.471, 0, 0, 0, 0.0478777, 1.32235, 0, 0.641951, 0.123059, 0, 0.38465, 0.119995, 0, 0, 0.324175
0.472, 0, 0, 0, 0.0477711, 1.322, 0, 0.641717, 0.122996, 0, 0.384391, 0.119957, 0, 0, 0.324058
0.473, 0, 0, 0, 0.0478683, 1.32213, 0, 0.641904, 0.123014, 0, 0.384822, 0.119888, 0, 0, 0.324103
0.474, 0, 0, 0, 0.0478364, 1.3221, 0, 0.641838, 0.123007, 0, 0.384677, 0.119899, 0, 0, 0.324084
0.475, 0, 0, 0, 0.0479077, 1.32152, 0, 0.641866, 0.123004, 0, 0.384577, 0.119926, 0, 0, 0.324084
0.476, 0, 0, 0, 0.0480149, 1.32188, 0, 0.64211, 0.123063, 0, 0.384633, 0.120013, 0, 0, 0.324194
0.477, 0, 0, 0, 0.0479181, 1.32176, 0, 0.641933, 0.123041, 0, 0.384496, 0.119963, 0, 0, 0.324142
0.478, 0, 0, 0, 0.0479503, 1.3218, 0, 0.642009, 0.123044, 0, 0.384431, 0.119994, 0, 0, 0.324156
0.479, 0, 0, 0, 0.0479378, 1.3218, 0, 0.641996, 0.123041, 0, 0.383777, 0.120209, 0, 0, 0.324152
0.48, 0, 0, 0, 0.0478791, 1.32239, 0, 0.641998, 0.12304, 0, 0.383692, 0.120235, 0, 0, 0.324149
0.481, 0, 0, 0, 0.0477715, 1.32203, 0, 0.641761, 0.122978, 0, 0.383429, 0.120206, 0, 0, 0.324034
0.482, 0, 0, 0, 0.0478685, 1.32216, 0, 0.641948, 0.122997, 0, 0.383458, 0.120261, 0, 0, 0.32408
0.483, 0, 0, 0, 0.047837, 1.32213, 0, 0.641882, 0.122991, 0, 0.383316, 0.120286, 0, 0, 0.324062
0.484, 0, 0, 0, 0.0479084, 1.32155, 0, 0.641909, 0.122988, 0, 0.383233, 0.12032, 0, 0, 0.324064
0.485, 0, 0, 0, 0.0480156, 1.32191, 0, 0.642152, 0.123047, 0, 0.383307, 0.120412, 0, 0, 0.324175
0.486, 0, 0, 0, 0.0479183, 1.32179, 0, 0.641971, 0.123025, 0, 0.383089, 0.120418, 0, 0, 0.324124
0.487, 0, 0, 0, 0.0479505, 1.32183, 0, 0.642046, 0.123028, 0, 0.383042, 0.120456, 0, 0, 0.324139
0.488, 0, 0, 0, 0.0478789, 1.32242, 0, 0.642026, 0.123027, 0, 0.382936, 0.120485, 0, 0, 0.324134
0.489, 0, 0, 0, 0.0477718, 1.32206, 0, 0.641791, 0.122965, 0, 0.382671, 0.120456, 0, 0, 0.324019
0.49, 0, 0, 0, 0.0478689, 1.32218, 0, 0.641978, 0.122984, 0, 0.382699, 0.120513, 0, 0, 0.324067
0.491, 0, 0, 0, 0.0478965, 1.32156, 0, 0.641916, 0.122976, 0, 0.382554, 0.12054, 0, 0, 0.324049
0.492, 0, 0, 0, 0.0480161, 1.32193, 0, 0.64218, 0.123036, 0, 0.382642, 0.120635, 0, 0, 0.324164
0.493, 0, 0, 0, 0.0479181, 1.32181, 0, 0.641997, 0.123015, 0, 0.382422, 0.120642, 0, 0, 0.324114
0.494, 0, 0, 0, 0.0478909, 1.32243, 0, 0.642065, 0.12302, 0, 0.382375, 0.12068, 0, 0, 0.324129
0.495, 0, 0, 0, 0.0477718, 1.32207, 0, 0.641808, 0.122957, 0, 0.382098, 0.120651, 0, 0, 0.324011
0.496, 0, 0, 0, 0.0478699, 1.3222, 0, 0.641997, 0.122976, 0, 0.38213, 0.120708, 0, 0, 0.324059
0.497, 0, 0, 0, 0.0478977, 1.32158, 0, 0.641935, 0.122969, 0, 0.382095, 0.120657, 0, 0, 0.32404
0.498, 0, 0, 0, 0.0480169, 1.32195, 0, 0.642198, 0.123029, 0, 0.38217, 0.120757, 0, 0, 0.324156
0.499, 0, 0, 0, 0.0479204, 1.32182, 0, 0.642021, 0.123009, 0, 0.379537, 0.121484, 0, 0, 0.324099
0.5, 0, 0, 0, 0.0479525, 1.32186, 0, 0.642095, 0.123013, 0, 0.379417, 0.121593, 0, 0, 0.324116
0.501, 0, 0, 0, 0.0479509, 1.32219, 0, 0.641873, 0.122994, 0, 0.379364, 0.121549, 0, 0, 0.324057
0.502, 0, 0, 0, 0.0478866, 1.32216, 0, 0.641817, 0.122989, 0, 0.379005, 0.121913, 0, 0, 0.323967
0.503, 0, 0, 0, 0.0479255, 1.32214, 0, 0.641865, 0.12298, 0, 0.378958, 0.121954, 0, 0, 0.323967
0.504, 0, 0, 0, 0.0479475, 1.32213, 0, 0.641869, 0.122976, 0, 0.378919, 0.121981, 0, 0, 0.323974
0.505, 0, 0, 0, 0.0480205, 1.32153, 0, 0.641862, 0.122969, 0, 0.378878, 0.122005, 0, 0, 0.323974
0.506, 0, 0, 0, 0.0481538, 1.3218, 0, 0.642038, 0.123017, 0, 0.379036, 0.122056, 0, 0, 0.324076
0.507, 0, 0, 0, 0.04807, 1.32179, 0, 0.641913, 0.123013, 0, 0.378882, 0.122085, 0, 0, 0.324033
0.508, 0, 0, 0, 0.0480208, 1.32236, 0, 0.641932, 0.123006, 0, 0.378846, 0.122113, 0, 0, 0.324031
0.509, 0, 0, 0, 0.04792, 1.322, 0, 0.641691, 0.122942, 0, 0.37864, 0.122078, 0, 0, 0.32392
0.51, 0, 0, 0, 0.0480204, 1.32212, 0, 0.641866, 0.122958, 0, 0.378496, 0.122196, 0, 0, 0.323968
0.511, 0, 0, 0, 0.0479934, 1.32208, 0, 0.64179, 0.122951, 0, 0.378408, 0.122218, 0, 0, 0.323949
0.512, 0, 0, 0, 0.048009, 1.32209, 0, 0.641803, 0.122949, 0, 0.378378, 0.122247, 0, 0, 0.32395
0.513, 0, 0, 0, 0.048011, 1.32208, 0, 0.641793, 0.122946, 0, 0.378656, 0.122176, 0, 0, 0.323948
0.514, 0, 0, 0, 0.0480727, 1.3215, 0, 0.641796, 0.122942, 0, 0.378669, 0.122182, 0, 0, 0.323946
0.515, 0, 0, 0, 0.0481798, 1.32186, 0, 0.642032, 0.122999, 0, 0.381339, 0.121505, 0, 0, 0.324067
0.516, 0, 0, 0, 0.048084, 1.32173, 0, 0.64184, 0.122974, 0, 0.381295, 0.121416, 0, 0, 0.324016
0.517, 0, 0, 0, 0.0480598, 1.32236, 0, 0.641908, 0.122979, 0, 0.381296, 0.121428, 0, 0, 0.324034
0.518, 0, 0, 0, 0.0479385, 1.32199, 0, 0.641644, 0.122916, 0, 0.38104, 0.121382, 0, 0, 0.323916
0.519, 0, 0, 0, 0.0480373, 1.32211, 0, 0.64183, 0.122933, 0, 0.381092, 0.121423, 0, 0, 0.323966
0.52, 0, 0, 0, 0.048006, 1.32208, 0, 0.641761, 0.122928, 0, 0.380972, 0.121435, 0, 0, 0.323951
0.521, 0, 0, 0, 0.0480177, 1.32208, 0, 0.641779, 0.122927, 0, 0.380909, 0.121453, 0, 0, 0.323954
0.522, 0, 0, 0, 0.0480169, 1.32209, 0, 0.64178, 0.122926, 0, 0.380832, 0.121472, 0, 0, 0.323956
0.523, 0, 0, 0, 0.0480383, 1.32197, 0, 0.64178, 0.122924, 0, 0.380756, 0.12149, 0, 0, 0.323956
0.524, 0, 0, 0, 0.0480969, 1.32157, 0, 0.641834, 0.122934, 0, 0.380713, 0.121521, 0, 0, 0.32398
0.525, 0, 0, 0, 0.0481643, 1.32184, 0, 0.641997, 0.122978, 0, 0.38075, 0.121585, 0, 0, 0.324064
0.526, 0, 0, 0, 0.048054, 1.32222, 0, 0.641858, 0.122963, 0, 0.380586, 0.121583, 0, 0, 0.324029
0.527, 0, 0, 0, 0.0479892, 1.32196, 0, 0.641723, 0.122918, 0, 0.380409, 0.121561, 0, 0, 0.323953
0.528, 0, 0, 0, 0.0480137, 1.32209, 0, 0.641856, 0.122932, 0, 0.38042, 0.121599, 0, 0, 0.32399
0.529, 0, 0, 0, 0.0479925, 1.32204, 0, 0.6418, 0.122925, 0, 0.380296, 0.121616, 0, 0, 0.323975
0.53, 0, 0, 0, 0.0480191, 1.32204, 0, 0.641831, 0.122927, 0, 0.38024, 0.121639, 0, 0, 0.323985
0.531, 0, 0, 0, 0.048026, 1.32204, 0, 0.641834, 0.122929, 0, 0.380165, 0.121662, 0, 0, 0.323989
0.532, 0, 0, 0, 0.0480292, 1.32204, 0, 0.641837, 0.12293, 0, 0.380088, 0.121685, 0, 0, 0.323991
0.533, 0, 0, 0, 0.048032, 1.32204, 0, 0.641841, 0.122931, 0, 0.380013, 0.121708, 0, 0, 0.323993
0.534, 0, 0, 0, 0.0480331, 1.32204, 0, 0.641844, 0.122932, 0, 0.379938, 0.121731, 0, 0, 0.323995
0.535, 0, 0, 0, 0.048033, 1.32204, 0, 0.641847, 0.122933, 0, 0.379839, 0.121747, 0, 0, 0.323997
0.536, 0, 0, 0, 0.0480326, 1.32204, 0, 0.641853, 0.122934, 0, 0.379814, 0.121749, 0, 0, 0.323999
0.537, 0, 0, 0, 0.0480322, 1.32204, 0, 0.641854, 0.122935, 0, 0.37974, 0.121771, 0, 0, 0.324
0.538, 0, 0, 0, 0.0480321, 1.32204, 0, 0.641856, 0.122935, 0, 0.379665, 0.121793, 0, 0, 0.324002
0.539, 0, 0, 0, 0.0480323, 1.32204, 0, 0.641857, 0.122936, 0, 0.379591, 0.121817, 0, 0, 0.324003
0.54, 0, 0, 0, 0.0480315, 1.32204, 0, 0.64186, 0.122938, 0, 0.379515, 0.121841, 0, 0, 0.324004
0.541, 0, 0, 0, 0.0480307, 1.32204, 0, 0.641861, 0.122938, 0, 0.379863, 0.121717, 0, 0, 0.324004
0.542, 0, 0, 0, 0.048031, 1.32204, 0, 0.641863, 0.122939, 0, 0.379779, 0.121743, 0, 0, 0.324006
0.543, 0, 0, 0, 0.0480307, 1.32204, 0, 0.641867, 0.12294, 0, 0.379697, 0.121768, 0, 0, 0.324007
0.544, 0, 0, 0, 0.0480303, 1.32204, 0, 0.64187, 0.122941, 0, 0.379616, 0.121792, 0, 0, 0.324009
0.545, 0, 0, 0, 0.0480314, 1.32204, 0, 0.641872, 0.122942, 0, 0.379537, 0.121817, 0, 0, 0.32401
0.546, 0, 0, 0, 0.0480315, 1.32204, 0, 0.641878, 0.122944, 0, 0.379457, 0.121843, 0, 0, 0.324013
0.547, 0, 0, 0, 0.0480316, 1.32204, 0, 0.64188, 0.122945, 0, 0.379376, 0.121869, 0, 0, 0.324014
0.548, 0, 0, 0, 0.0480331, 1.32204, 0, 0.641883, 0.122946, 0, 0.379297, 0.121895, 0, 0, 0.324016
0.549, 0, 0, 0, 0.0480347, 1.32204, 0, 0.641885, 0.122947, 0, 0.379219, 0.12192, 0, 0, 0.324018
0.55, 0, 0, 0, 0.0480361, 1.32204, 0, 0.641887, 0.122948, 0, 0.379142, 0.121946, 0, 0, 0.324019
0.551, 0, 0, 0, 0.0480377, 1.32204, 0, 0.641888, 0.122949, 0, 0.379065, 0.121972, 0, 0, 0.32402
0.552, 0, 0, 0, 0.0480385, 1.32204, 0, 0.64189, 0.12295, 0, 0.378989, 0.121998, 0, 0, 0.324022
0.553, 0, 0, 0, 0.0480394, 1.32204, 0, 0.64189, 0.122951, 0, 0.378913, 0.122024, 0, 0, 0.324023
0.554, 0, 0, 0, 0.0480408, 1.32204, 0, 0.641891, 0.122952, 0, 0.378857, 0.122048, 0, 0, 0.324024
0.555, 0, 0, 0, 0.0480471, 1.32193, 0, 0.641894, 0.122953, 0, 0.378818, 0.12207, 0, 0, 0.324025
0.556, 0, 0, 0, 0.0480563, 1.32201, 0, 0.641942, 0.122965, 0, 0.378813, 0.122103, 0, 0, 0.324048
0.557, 0, 0, 0, 0.0480282, 1.32198, 0, 0.641903, 0.12296, 0, 0.37875, 0.122118, 0, 0, 0.324038
0.558, 0, 0, 0, 0.0480285, 1.322, 0, 0.641923, 0.122962, 0, 0.378947, 0.122047, 0, 0, 0.324043
0.559, 0, 0, 0, 0.0480211, 1.322, 0, 0.641921, 0.122962, 0, 0.378894, 0.12207, 0, 0, 0.324043
0.56, 0, 0, 0, 0.0480193, 1.322, 0, 0.641929, 0.122963, 0, 0.378852, 0.122092, 0, 0, 0.324046
0.561, 0, 0, 0, 0.0480174, 1.322, 0, 0.641931, 0.122963, 0, 0.37881, 0.122112, 0, 0, 0.324048
0.562, 0, 0, 0, 0.0480197, 1.322, 0, 0.641935, 0.122965, 0, 0.378772, 0.122131, 0, 0, 0.32405
0.563, 0, 0, 0, 0.0480216, 1.32199, 0, 0.641934, 0.122966, 0, 0.378734, 0.12215, 0, 0, 0.324051
0.564, 0, 0, 0, 0.0480243, 1.32199, 0, 0.641935, 0.122967, 0, 0.378698, 0.122168, 0, 0, 0.324052
0.565, 0, 0, 0, 0.0480259, 1.32199, 0, 0.641936, 0.122969, 0, 0.378662, 0.122187, 0, 0, 0.324053
0.566, 0, 0, 0, 0.0479721, 1.32207, 0, 0.64202, 0.122965, 0, 0.378619, 0.122236, 0, 0, 0.32409
0.567, 0, 0, 0, 0.0479564, 1.322, 0, 0.641985, 0.122957, 0, 0.378562, 0.122244, 0, 0, 0.324079
0.568, 0, 0, 0, 0.0479717, 1.32203, 0, 0.642023, 0.122966, 0, 0.378524, 0.122271, 0, 0, 0.324091
0.569, 0, 0, 0, 0.0479624, 1.32203, 0, 0.642015, 0.122968, 0, 0.378475, 0.122293, 0, 0, 0.32409
0.57, 0, 0, 0, 0.047964, 1.32203, 0, 0.642026, 0.122972, 0, 0.378442, 0.122315, 0, 0, 0.324093
0.571, 0, 0, 0, 0.047964, 1.32203, 0, 0.64203, 0.122975, 0, 0.378408, 0.122336, 0, 0, 0.324095
0.572, 0, 0, 0, 0.0479651, 1.32203, 0, 0.642035, 0.122977, 0, 0.378378, 0.122355, 0, 0, 0.324097
0.573, 0, 0, 0, 0.048024, 1.32194, 0, 0.641952, 0.122985, 0, 0.378358, 0.122321, 0, 0, 0.324061
0.574, 0, 0, 0, 0.048044, 1.32201, 0, 0.641989, 0.122996, 0, 0.378357, 0.122346, 0, 0, 0.324074
0.575, 0, 0, 0, 0.0480313, 1.32198, 0, 0.641956, 0.122991, 0, 0.378307, 0.122356, 0, 0, 0.324064
0.576, 0, 0, 0, 0.0480409, 1.32198, 0, 0.641968, 0.122991, 0, 0.37847, 0.122066, 0, 0, 0.324068
0.577, 0, 0, 0, 0.0480406, 1.32198, 0, 0.641964, 0.12299, 0, 0.378454, 0.122081, 0, 0, 0.324067
0.578, 0, 0, 0, 0.0480418, 1.32198, 0, 0.641963, 0.122989, 0, 0.378429, 0.122102, 0, 0, 0.324067
0.579, 0, 0, 0, 0.0480984, 1.3219, 0, 0.641882, 0.122994, 0, 0.378412, 0.122093, 0, 0, 0.324031
0.58, 0, 0, 0, 0.0481145, 1.32196, 0, 0.641917, 0.123001, 0, 0.378406, 0.122125, 0, 0, 0.324043
0.581, 0, 0, 0, 0.0481007, 1.32193, 0, 0.641885, 0.122994, 0, 0.378359, 0.122141, 0, 0, 0.324035
0.582, 0, 0, 0, 0.0481085, 1.32193, 0, 0.641896, 0.122992, 0, 0.378344, 0.122163, 0, 0, 0.324038
0.583, 0, 0, 0, 0.0481077, 1.32193, 0, 0.64189, 0.12299, 0, 0.378318, 0.122182, 0, 0, 0.324038
0.584, 0, 0, 0, 0.0481091, 1.32193, 0, 0.641887, 0.122988, 0, 0.378295, 0.122202, 0, 0, 0.324039
0.585, 0, 0, 0, 0.0481102, 1.32192, 0, 0.641885, 0.122986, 0, 0.378289, 0.122219, 0, 0, 0.32404
0.586, 0, 0, 0, 0.0481105, 1.32192, 0, 0.641883, 0.122985, 0, 0.378268, 0.122238, 0, 0, 0.32404
0.587, 0, 0, 0, 0.0481111, 1.32192, 0, 0.641882, 0.122984, 0, 0.378246, 0.122258, 0, 0, 0.324041
0.588, 0, 0, 0, 0.0481117, 1.32192, 0, 0.641881, 0.122983, 0, 0.378225, 0.122278, 0, 0, 0.324042
0.589, 0, 0, 0, 0.0481123, 1.32192, 0, 0.641881, 0.122982, 0, 0.378204, 0.122297, 0, 0, 0.324044
0.59, 0, 0, 0, 0.0481438, 1.32188, 0, 0.64184, 0.122985, 0, 0.378188, 0.122301, 0, 0, 0.324026
0.591, 0, 0, 0, 0.0481499, 1.32191, 0, 0.641857, 0.122986, 0, 0.378179, 0.122324, 0, 0, 0.324035
0.592, 0, 0, 0, 0.0481418, 1.3219, 0, 0.641846, 0.122982, 0, 0.378153, 0.12234, 0, 0, 0.324033
0.593, 0, 0, 0, 0.0481529, 1.32188, 0, 0.641833, 0.12298, 0, 0.378143, 0.12235, 0, 0, 0.32403
0.594, 0, 0, 0, 0.0481498, 1.3219, 0, 0.641847, 0.12298, 0, 0.37813, 0.122372, 0, 0, 0.324037
0.595, 0, 0, 0, 0.0481411, 1.3219, 0, 0.641843, 0.122977, 0, 0.378105, 0.12239, 0, 0, 0.324037
0.596, 0, 0, 0, 0.0481413, 1.3219, 0, 0.641851, 0.122977, 0, 0.37809, 0.122409, 0, 0, 0.324041
0.597, 0, 0, 0, 0.0481387, 1.3219, 0, 0.641856, 0.122976, 0, 0.378074, 0.122428, 0, 0, 0.324045
0.598, 0, 0, 0, 0.0481351, 1.3219, 0, 0.641859, 0.122975, 0, 0.378057, 0.122446, 0, 0, 0.324049
0.599, 0, 0, 0, 0.0481325, 1.3219, 0, 0.641864, 0.122975, 0, 0.378042, 0.122463, 0, 0, 0.324052
0.6, 0, 0, 0, 0.0481341, 1.3219, 0, 0.641861, 0.122975, 0, 0.378029, 0.122477, 0, 0, 0.324053
0.601, 0, 0, 0, 0.0481327, 1.32191, 0, 0.641872, 0.122976, 0, 0.378017, 0.122496, 0, 0, 0.324058
0.602, 0, 0, 0, 0.0481275, 1.32191, 0, 0.641873, 0.122976, 0, 0.378, 0.122513, 0, 0, 0.324061
0.603, 0, 0, 0, 0.0481256, 1.32191, 0, 0.641881, 0.122976, 0, 0.377989, 0.12253, 0, 0, 0.324065
0.604, 0, 0, 0, 0.0481225, 1.32191, 0, 0.641887, 0.122976, 0, 0.377977, 0.122546, 0, 0, 0.324069
0.605, 0, 0, 0, 0.0481197, 1.32192, 0, 0.641892, 0.122977, 0, 0.377965, 0.122562, 0, 0, 0.324072
0.606, 0, 0, 0, 0.0481167, 1.32192, 0, 0.641897, 0.122977, 0, 0.378542, 0.122393, 0, 0, 0.324078
0.607, 0, 0, 0, 0.048114, 1.32192, 0, 0.641902, 0.122978, 0, 0.37855, 0.122388, 0, 0, 0.324081
0.608, 0, 0, 0, 0.048112, 1.32193, 0, 0.641907, 0.122979, 0, 0.378528, 0.122399, 0, 0, 0.324084
0.609, 0, 0, 0, 0.0481098, 1.32193, 0, 0.641913, 0.12298, 0, 0.378502, 0.122413, 0, 0, 0.324087
0.61, 0, 0, 0, 0.0481077, 1.32193, 0, 0.641918, 0.122981, 0, 0.378476, 0.122427, 0, 0, 0.32409
0.611, 0, 0, 0, 0.0481058, 1.32193, 0, 0.641923, 0.122983, 0, 0.378452, 0.12244, 0, 0, 0.324093
0.612, 0, 0, 0, 0.0481039, 1.32193, 0, 0.641928, 0.122984, 0, 0.378428, 0.122452, 0, 0, 0.324095
0.613, 0, 0, 0, 0.0481021, 1.32194, 0, 0.641933, 0.122985, 0, 0.378404, 0.122465, 0, 0, 0.324098
0.614, 0, 0, 0, 0.0481004, 1.32194, 0, 0.641938, 0.122987, 0, 0.378382, 0.122477, 0, 0, 0.324101
0.615, 0, 0, 0, 0.0481025, 1.32191, 0, 0.641942, 0.122988, 0, 0.378359, 0.122489, 0, 0, 0.324103
0.616, 0, 0, 0, 0.0481056, 1.32193, 0, 0.641957, 0.122992, 0, 0.378345, 0.122504, 0, 0, 0.32411
0.617, 0, 0, 0, 0.0480999, 1.32193, 0, 0.641954, 0.122992, 0, 0.378319, 0.122515, 0, 0, 0.324111
0.618, 0, 0, 0, 0.0480997, 1.32193, 0, 0.641961, 0.122994, 0, 0.3783, 0.122527, 0, 0, 0.324113
0.619, 0, 0, 0, 0.0480977, 1.32193, 0, 0.641964, 0.122995, 0, 0.378279, 0.122538, 0, 0, 0.324115
0.62, 0, 0, 0, 0.0480962, 1.32194, 0, 0.641968, 0.122997, 0, 0.37826, 0.122549, 0, 0, 0.324117
0.621, 0, 0, 0, 0.0480949, 1.32194, 0, 0.641973, 0.122998, 0, 0.378241, 0.122561, 0, 0, 0.324119
0.622, 0, 0, 0, 0.0480936, 1.32194, 0, 0.641976, 0.122999, 0, 0.378222, 0.122571, 0, 0, 0.324121
0.623, 0, 0, 0, 0.0480924, 1.32194, 0, 0.64198, 0.123001, 0, 0.378204, 0.122582, 0, 0, 0.324123
0.624, 0, 0, 0, 0.0480944, 1.32192, 0, 0.641969, 0.123, 0, 0.378191, 0.122586, 0, 0, 0.324122
0.625, 0, 0, 0, 0.048096, 1.32195, 0, 0.641986, 0.123006, 0, 0.378177, 0.122602, 0, 0, 0.324126
0.626, 0, 0, 0, 0.04809, 1.32194, 0, 0.64198, 0.123005, 0, 0.378151, 0.122612, 0, 0, 0.324124
0.627, 0, 0, 0, 0.0480924, 1.32194, 0, 0.641989, 0.123006, 0, 0.378138, 0.122622, 0, 0, 0.324127
0.628, 0, 0, 0, 0.0480918, 1.32194, 0, 0.641991, 0.123007, 0, 0.378122, 0.122632, 0, 0, 0.324128
0.629, 0, 0, 0, 0.0480917, 1.32195, 0, 0.641993, 0.123008, 0, 0.378107, 0.122642, 0, 0, 0.32413
0.63, 0, 0, 0, 0.0480913, 1.32195, 0, 0.641996, 0.123009, 0, 0.378092, 0.122651, 0, 0, 0.324131
0.631, 0, 0, 0, 0.0480908, 1.32195, 0, 0.641998, 0.12301, 0, 0.378078, 0.12266, 0, 0, 0.324133
0.632, 0, 0, 0, 0.0480901, 1.32195, 0, 0.642, 0.123011, 0, 0.378065, 0.122669, 0, 0, 0.324134
0.633, 0, 0, 0, 0.0480893, 1.32195, 0, 0.642002, 0.123012, 0, 0.378051, 0.122679, 0, 0, 0.324135
0.634, 0, 0, 0, 0.0480886, 1.32195, 0, 0.642004, 0.123012, 0, 0.378038, 0.122687, 0, 0, 0.324136
0.635, 0, 0, 0, 0.0480879, 1.32195, 0, 0.642006, 0.123013, 0, 0.378026, 0.122696, 0, 0, 0.324137
0.636, 0, 0, 0, 0.0480869, 1.32195, 0, 0.642009, 0.123014, 0, 0.377913, 0.122706, 0, 0, 0.324139
0.637, 0, 0, 0, 0.0480863, 1.32195, 0, 0.64201, 0.123014, 0, 0.37788, 0.122726, 0, 0, 0.324139
0.638, 0, 0, 0, 0.0480861, 1.32195, 0, 0.642013, 0.123015, 0, 0.377868, 0.122736, 0, 0, 0.32414
0.639, 0, 0, 0, 0.0480852, 1.32195, 0, 0.642014, 0.123016, 0, 0.377859, 0.122744, 0, 0, 0.324141
0.64, 0, 0, 0, 0.0480846, 1.32195, 0, 0.642016, 0.123016, 0, 0.377851, 0.122752, 0, 0, 0.324142
0.641, 0, 0, 0, 0.0480839, 1.32196, 0, 0.642018, 0.123017, 0, 0.377844, 0.122759, 0, 0, 0.324143
0.642, 0, 0, 0, 0.0480833, 1.32196, 0, 0.64202, 0.123018, 0, 0.377836, 0.122767, 0, 0, 0.324144
0.643, 0, 0, 0, 0.0480794, 1.32197, 0, 0.642029, 0.123018, 0, 0.377827, 0.122777, 0, 0, 0.324148
0.644, 0, 0, 0, 0.0480774, 1.32196, 0, 0.642026, 0.123017, 0, 0.377818, 0.122783, 0, 0, 0.324147
0.645, 0, 0, 0, 0.0480789, 1.32196, 0, 0.642031, 0.123018, 0, 0.377815, 0.12279, 0, 0, 0.32415
0.646, 0, 0, 0, 0.0480772, 1.32196, 0, 0.642031, 0.123019, 0, 0.377807, 0.122797, 0, 0, 0.32415
0.647, 0, 0, 0, 0.0480764, 1.32196, 0, 0.642032, 0.12302, 0, 0.377801, 0.122804, 0, 0, 0.324151
0.648, 0, 0, 0, 0.0480759, 1.32196, 0, 0.642035, 0.12302, 0, 0.377795, 0.122811, 0, 0, 0.324152
0.649, 0, 0, 0, 0.0480751, 1.32196, 0, 0.642036, 0.123021, 0, 0.377789, 0.122818, 0, 0, 0.324152
0.65, 0, 0, 0, 0.0480761, 1.32196, 0, 0.642038, 0.123021, 0, 0.377784, 0.122825, 0, 0, 0.324153
0.651, 0, 0, 0, 0.0480764, 1.32196, 0, 0.642042, 0.123022, 0, 0.377781, 0.122832, 0, 0, 0.324155
0.652, 0, 0, 0, 0.0480746, 1.32196, 0, 0.642041, 0.123022, 0, 0.377775, 0.122838, 0, 0, 0.324155
0.653, 0, 0, 0, 0.0480744, 1.32196, 0, 0.642043, 0.123023, 0, 0.377771, 0.122844, 0, 0, 0.324156
0.654, 0, 0, 0, 0.0480738, 1.32197, 0, 0.642044, 0.123023, 0, 0.377766, 0.122851, 0, 0, 0.324157
0.655, 0, 0, 0, 0.0480732, 1.32197, 0, 0.642046, 0.123023, 0, 0.377762, 0.122857, 0, 0, 0.324158
0.656, 0, 0, 0, 0.0480726, 1.32197, 0, 0.642047, 0.123024, 0, 0.377758, 0.122863, 0, 0, 0.324158
0.657, 0, 0, 0, 0.0480722, 1.32197, 0, 0.642048, 0.123024, 0, 0.377754, 0.122868, 0, 0, 0.324159
0.658, 0, 0, 0, 0.048072, 1.32197, 0, 0.64205, 0.123024, 0, 0.377751, 0.122874, 0, 0, 0.324162
0.659, 0, 0, 0, 0.0480715, 1.32197, 0, 0.642051, 0.123024, 0, 0.377748, 0.12288, 0, 0, 0.324162
0.66, 0, 0, 0, 0.0480712, 1.32197, 0, 0.642052, 0.123024, 0, 0.377745, 0.122885, 0, 0, 0.324163
0.661, 0, 0, 0, 0.0480709, 1.32197, 0, 0.642053, 0.123025, 0, 0.377742, 0.122891, 0, 0, 0.324164
0.662, 0, 0, 0, 0.0480707, 1.32197, 0, 0.642054, 0.123025, 0, 0.37774, 0.122896, 0, 0, 0.324165
0.663, 0, 0, 0, 0.0480705, 1.32197, 0, 0.642055, 0.123025, 0, 0.377737, 0.122901, 0, 0, 0.324165
0.664, 0, 0, 0, 0.0480684, 1.32197, 0, 0.642059, 0.123025, 0, 0.377734, 0.122908, 0, 0, 0.324167
0.665, 0, 0, 0, 0.0480676, 1.32197, 0, 0.642058, 0.123025, 0, 0.377731, 0.122912, 0, 0, 0.324167
0.666, 0, 0, 0, 0.0480687, 1.32197, 0, 0.64206, 0.123025, 0, 0.377731, 0.122917, 0, 0, 0.324168
0.667, 0, 0, 0, 0.0480682, 1.32197, 0, 0.64206, 0.123025, 0, 0.377729, 0.122921, 0, 0, 0.324168
0.668, 0, 0, 0, 0.0480681, 1.32197, 0, 0.642061, 0.123025, 0, 0.377728, 0.122926, 0, 0, 0.324168
0.669, 0, 0, 0, 0.0480639, 1.32198, 0, 0.64207, 0.123026, 0, 0.377724, 0.122934, 0, 0, 0.324171
0.67, 0, 0, 0, 0.0480625, 1.32197, 0, 0.642064, 0.123024, 0, 0.377721, 0.122937, 0, 0, 0.32417
0.671, 0, 0, 0, 0.0480648, 1.32198, 0, 0.642069, 0.123025, 0, 0.377724, 0.122941, 0, 0, 0.324172
0.672, 0, 0, 0, 0.0480634, 1.32198, 0, 0.642067, 0.123025, 0, 0.377722, 0.122945, 0, 0, 0.324172
0.673, 0, 0, 0, 0.0480634, 1.32198, 0, 0.642068, 0.123025, 0, 0.377721, 0.12295, 0, 0, 0.324172
0.674, 0, 0, 0, 0.0480632, 1.32198, 0, 0.642069, 0.123026, 0, 0.377721, 0.122954, 0, 0, 0.324173
0.675, 0, 0, 0, 0.0480631, 1.32198, 0, 0.642069, 0.123026, 0, 0.37772, 0.122958, 0, 0, 0.324173
0.676, 0, 0, 0, 0.0480632, 1.32198, 0, 0.64207, 0.123026, 0, 0.37772, 0.122962, 0, 0, 0.324173
0.677, 0, 0, 0, 0.0480632, 1.32198, 0, 0.64207, 0.123026, 0, 0.377719, 0.122966, 0, 0, 0.324173
0.678, 0, 0, 0, 0.0480634, 1.32198, 0, 0.642071, 0.123026, 0, 0.377719, 0.12297, 0, 0, 0.324174
0.679, 0, 0, 0, 0.0480644, 1.32198, 0, 0.64207, 0.123026, 0, 0.377719, 0.122973, 0, 0, 0.324173
0.68, 0, 0, 0, 0.0480647, 1.32198, 0, 0.642071, 0.123026, 0, 0.37772, 0.122977, 0, 0, 0.324174
0.681, 0, 0, 0, 0.0480643, 1.32198, 0, 0.642071, 0.123026, 0, 0.377719, 0.12298, 0, 0, 0.324174
0.682, 0, 0, 0, 0.0480648, 1.32198, 0, 0.642071, 0.123026, 0, 0.37772, 0.122984, 0, 0, 0.324174
0.683, 0, 0, 0, 0.0480648, 1.32198, 0, 0.642072, 0.123026, 0, 0.37772, 0.122988, 0, 0, 0.324174
0.684, 0, 0, 0, 0.0480646, 1.32198, 0, 0.642072, 0.123025, 0, 0.37772, 0.122991, 0, 0, 0.324175
0.685, 0, 0, 0, 0.0480646, 1.32198, 0, 0.642073, 0.123025, 0, 0.37772, 0.122994, 0, 0, 0.324175
0.686, 0, 0, 0, 0.0480645, 1.32198, 0, 0.642073, 0.123025, 0, 0.377721, 0.122998, 0, 0, 0.324175
0.687, 0, 0, 0, 0.0480644, 1.32198, 0, 0.642073, 0.123025, 0, 0.377722, 0.123001, 0, 0, 0.324176
0.688, 0, 0, 0, 0.0480649, 1.32198, 0, 0.642072, 0.123025, 0, 0.377722, 0.123004, 0, 0, 0.324175
0.689, 0, 0, 0, 0.0480652, 1.32198, 0, 0.642073, 0.123025, 0, 0.377723, 0.123007, 0, 0, 0.324176
0.69, 0, 0, 0, 0.0480649, 1.32198, 0, 0.642073, 0.123025, 0, 0.377724, 0.12301, 0, 0, 0.324176
0.691, 0, 0, 0, 0.0480649, 1.32198, 0, 0.642073, 0.123024, 0, 0.377725, 0.123013, 0, 0, 0.324176
0.692, 0, 0, 0, 0.0480648, 1.32198, 0, 0.642074, 0.123024, 0, 0.377726, 0.123016, 0, 0, 0.324177
0.693, 0, 0, 0, 0.0480647, 1.32198, 0, 0.642074, 0.123024, 0, 0.377727, 0.123019, 0, 0, 0.324177
0.694, 0, 0, 0, 0.048065, 1.32198, 0, 0.642074, 0.123024, 0, 0.377728, 0.123022, 0, 0, 0.324177
0.695, 0, 0, 0, 0.0480651, 1.32198, 0, 0.642074, 0.123024, 0, 0.377729, 0.123025, 0, 0, 0.324177
0.696, 0, 0, 0, 0.0480652, 1.32198, 0, 0.642074, 0.123024, 0, 0.37773, 0.123027, 0, 0, 0.324177
0.697, 0, 0, 0, 0.0480652, 1.32198, 0, 0.642074, 0.123023, 0, 0.377732, 0.12303, 0, 0, 0.324177
0.698, 0, 0, 0, 0.0480652, 1.32198, 0, 0.642074, 0.123023, 0, 0.377733, 0.123032, 0, 0, 0.324178
0.699, 0, 0, 0, 0.0480649, 1.32198, 0, 0.642075, 0.123023, 0, 0.377735, 0.123035, 0, 0, 0.324178
0.7, 0, 0, 0, 0.0480646, 1.32198, 0, 0.642074, 0.123023, 0, 0.37796, 0.122966, 0, 0, 0.324179
0.701, 0, 0, 0, 0.0480647, 1.32198, 0, 0.642075, 0.123022, 0, 0.37797, 0.122961, 0, 0, 0.324179
0.702, 0, 0, 0, 0.0480649, 1.32198, 0, 0.642075, 0.123022, 0, 0.37797, 0.122962, 0, 0, 0.324179
0.703, 0, 0, 0, 0.0480649, 1.32198, 0, 0.642075, 0.123022, 0, 0.377967, 0.122964, 0, 0, 0.32418
0.704, 0, 0, 0, 0.0480649, 1.32198, 0, 0.642075, 0.123022, 0, 0.377965, 0.122966, 0, 0, 0.32418
0.705, 0, 0, 0, 0.0480645, 1.32198, 0, 0.642076, 0.123022, 0, 0.377963, 0.122968, 0, 0, 0.32418
0.706, 0, 0, 0, 0.0480642, 1.32198, 0, 0.642076, 0.123021, 0, 0.377961, 0.12297, 0, 0, 0.32418
0.707, 0, 0, 0, 0.0480641, 1.32198, 0, 0.642077, 0.123021, 0, 0.377959, 0.122972, 0, 0, 0.324181
0.708, 0, 0, 0, 0.048064, 1.32198, 0, 0.642076, 0.123021, 0, 0.377957, 0.122974, 0, 0, 0.324181
0.709, 0, 0, 0, 0.0480641, 1.32198, 0, 0.642077, 0.123021, 0, 0.377955, 0.122976, 0, 0, 0.324181
0.71, 0, 0, 0, 0.048064, 1.32198, 0, 0.642077, 0.123021, 0, 0.377954, 0.122977, 0, 0, 0.324182
0.711, 0, 0, 0, 0.0480639, 1.32198, 0, 0.642077, 0.123021, 0, 0.377952, 0.122979, 0, 0, 0.324182
0.712, 0, 0, 0, 0.0480637, 1.32198, 0, 0.642078, 0.123021, 0, 0.37795, 0.122981, 0, 0, 0.324182
0.713, 0, 0, 0, 0.0480635, 1.32199, 0, 0.642078, 0.123021, 0, 0.377949, 0.122983, 0, 0, 0.324183
0.714, 0, 0, 0, 0.048063, 1.32199, 0, 0.642079, 0.12302, 0, 0.377947, 0.122985, 0, 0, 0.324183
0.715, 0, 0, 0, 0.0480648, 1.32199, 0, 0.642077, 0.123021, 0, 0.377944, 0.122987, 0, 0, 0.324182
0.716, 0, 0, 0, 0.0480663, 1.32198, 0, 0.642075, 0.123021, 0, 0.377944, 0.122988, 0, 0, 0.324182
0.717, 0, 0, 0, 0.0480672, 1.32198, 0, 0.642075, 0.123021, 0, 0.377943, 0.122989, 0, 0, 0.324182
0.718, 0, 0, 0, 0.0480672, 1.32198, 0, 0.642074, 0.12302, 0, 0.377943, 0.12299, 0, 0, 0.324182
0.719, 0, 0, 0, 0.0480673, 1.32198, 0, 0.642074, 0.12302, 0, 0.377942, 0.122991, 0, 0, 0.324182
0.72, 0, 0, 0, 0.048067, 1.32198, 0, 0.642074, 0.12302, 0, 0.377941, 0.122993, 0, 0, 0.324182
0.721, 0, 0, 0, 0.0480664, 1.32198, 0, 0.642074, 0.12302, 0, 0.37794, 0.122995, 0, 0, 0.324182
0.722, 0, 0, 0, 0.0480661, 1.32198, 0, 0.642075, 0.123019, 0, 0.377939, 0.122997, 0, 0, 0.324182
0.723, 0, 0, 0, 0.0480661, 1.32198, 0, 0.642074, 0.123019, 0, 0.377938, 0.122999, 0, 0, 0.324182
0.724, 0, 0, 0, 0.0480661, 1.32198, 0, 0.642075, 0.123019, 0, 0.377937, 0.123001, 0, 0, 0.324183
0.725, 0, 0, 0, 0.0480654, 1.32199, 0, 0.642076, 0.123019, 0, 0.377935, 0.123003, 0, 0, 0.324183
0.726, 0, 0, 0, 0.0480656, 1.32198, 0, 0.642075, 0.123019, 0, 0.377935, 0.123004, 0, 0, 0.324183
0.727, 0, 0, 0, 0.0480684, 1.32198, 0, 0.642069, 0.123018, 0, 0.377936, 0.123002, 0, 0, 0.324182
0.728, 0, 0, 0, 0.0480685, 1.32199, 0, 0.642075, 0.123019, 0, 0.377938, 0.123006, 0, 0, 0.324184
0.729, 0, 0, 0, 0.0480655, 1.32198, 0, 0.642072, 0.123018, 0, 0.377933, 0.123008, 0, 0, 0.324182
0.73, 0, 0, 0, 0.0480662, 1.32199, 0, 0.642075, 0.123018, 0, 0.377933, 0.123011, 0, 0, 0.324183
0.731, 0, 0, 0, 0.0480662, 1.32199, 0, 0.642075, 0.123018, 0, 0.377932, 0.123012, 0, 0, 0.324184
0.732, 0, 0, 0, 0.0480665, 1.32199, 0, 0.642075, 0.123018, 0, 0.377931, 0.123014, 0, 0, 0.324184
0.733, 0, 0, 0, 0.0480665, 1.32199, 0, 0.642075, 0.123018, 0, 0.377931, 0.123016, 0, 0, 0.324185
0.734, 0, 0, 0, 0.0480666, 1.32199, 0, 0.642076, 0.123018, 0, 0.377931, 0.123017, 0, 0, 0.324185
0.735, 0, 0, 0, 0.0480668, 1.32199, 0, 0.642075, 0.123018, 0, 0.377931, 0.123019, 0, 0, 0.324185
0.736, 0, 0, 0, 0.0480668, 1.32199, 0, 0.642076, 0.123018, 0, 0.37793, 0.12302, 0, 0, 0.324185
0.737, 0, 0, 0, 0.0480666, 1.32199, 0, 0.642076, 0.123018, 0, 0.37793, 0.123022, 0, 0, 0.324186
0.738, 0, 0, 0, 0.0480664, 1.32199, 0, 0.642076, 0.123017, 0, 0.37793, 0.123023, 0, 0, 0.324186
0.739, 0, 0, 0, 0.0480656, 1.32199, 0, 0.642078, 0.123017, 0, 0.37793, 0.123026, 0, 0, 0.324186
0.74, 0, 0, 0, 0.0480654, 1.32199, 0, 0.64208, 0.123018, 0, 0.378014, 0.122983, 0, 0, 0.324186
0.741, 0, 0, 0, 0.0480655, 1.32199, 0, 0.642081, 0.123018, 0, 0.378015, 0.122983, 0, 0, 0.324187
0.742, 0, 0, 0, 0.0480649, 1.32199, 0, 0.642081, 0.123018, 0, 0.378013, 0.122985, 0, 0, 0.324187
0.743, 0, 0, 0, 0.0480647, 1.32199, 0, 0.642081, 0.123018, 0, 0.37801, 0.122986, 0, 0, 0.324187
0.744, 0, 0, 0, 0.0480645, 1.32199, 0, 0.642082, 0.123018, 0, 0.378008, 0.122988, 0, 0, 0.324188
0.745, 0, 0, 0, 0.0480643, 1.32199, 0, 0.642082, 0.123018, 0, 0.378005, 0.12299, 0, 0, 0.324188
0.746, 0, 0, 0, 0.0480626, 1.32199, 0, 0.642087, 0.123018, 0, 0.378002, 0.122994, 0, 0, 0.324189
0.747, 0, 0, 0, 0.0480627, 1.32199, 0, 0.642083, 0.123017, 0, 0.377998, 0.122994, 0, 0, 0.324188
0.748, 0, 0, 0, 0.0480643, 1.32199, 0, 0.642085, 0.123018, 0, 0.377999, 0.122996, 0, 0, 0.324189
0.749, 0, 0, 0, 0.0480637, 1.32199, 0, 0.642083, 0.123018, 0, 0.377996, 0.122997, 0, 0, 0.324189
0.75, 0, 0, 0, 0.048064, 1.32199, 0, 0.642083, 0.123018, 0, 0.377994, 0.122999, 0, 0, 0.324189
0.751, 0, 0, 0, 0.0480636, 1.32199, 0, 0.642084, 0.123018, 0, 0.377992, 0.123001, 0, 0, 0.324189
0.752, 0, 0, 0, 0.0480636, 1.32199, 0, 0.642083, 0.123018, 0, 0.37799, 0.123003, 0, 0, 0.324189
0.753, 0, 0, 0, 0.0480638, 1.32199, 0, 0.642084, 0.123018, 0, 0.377988, 0.123005, 0, 0, 0.324189
0.754, 0, 0, 0, 0.0480637, 1.32199, 0, 0.642084, 0.123018, 0, 0.377986, 0.123007, 0, 0, 0.324189
0.755, 0, 0, 0, 0.0480637, 1.32199, 0, 0.642084, 0.123018, 0, 0.377985, 0.123009, 0, 0, 0.32419
0.756, 0, 0, 0, 0.0480637, 1.32199, 0, 0.642084, 0.123018, 0, 0.377983, 0.123011, 0, 0, 0.32419
0.757, 0, 0, 0, 0.0480637, 1.32199, 0, 0.642084, 0.123018, 0, 0.377982, 0.123013, 0, 0, 0.32419
0.758, 0, 0, 0, 0.0480637, 1.32199, 0, 0.642084, 0.123018, 0, 0.37798, 0.123014, 0, 0, 0.32419
0.759, 0, 0, 0, 0.0480638, 1.32199, 0, 0.642084, 0.123018, 0, 0.377979, 0.123016, 0, 0, 0.32419
0.76, 0, 0, 0, 0.0480638, 1.32199, 0, 0.642084, 0.123018, 0, 0.377977, 0.123018, 0, 0, 0.32419
0.761, 0, 0, 0, 0.0480639, 1.32199, 0, 0.642084, 0.123018, 0, 0.377976, 0.12302, 0, 0, 0.32419
0.762, 0, 0, 0, 0.048064, 1.32199, 0, 0.642084, 0.123018, 0, 0.377975, 0.123022, 0, 0, 0.32419
0.763, 0, 0, 0, 0.0480641, 1.32199, 0, 0.642084, 0.123018, 0, 0.377974, 0.123024, 0, 0, 0.324191
0.764, 0, 0, 0, 0.048064, 1.32199, 0, 0.642084, 0.123018, 0, 0.377973, 0.123026, 0, 0, 0.324191
0.765, 0, 0, 0, 0.0480643, 1.32199, 0, 0.642083, 0.123018, 0, 0.377972, 0.123027, 0, 0, 0.324191
0.766, 0, 0, 0, 0.0480645, 1.32199, 0, 0.642084, 0.123018, 0, 0.377972, 0.123029, 0, 0, 0.324191
0.767, 0, 0, 0, 0.0480642, 1.32199, 0, 0.642083, 0.123017, 0, 0.377971, 0.123031, 0, 0, 0.324191
0.768, 0, 0, 0, 0.0480645, 1.32199, 0, 0.642084, 0.123017, 0, 0.37797, 0.123033, 0, 0, 0.324191
0.769, 0, 0, 0, 0.0480644, 1.32199, 0, 0.642084, 0.123017, 0, 0.37797, 0.123034, 0, 0, 0.324191
0.77, 0, 0, 0, 0.0480645, 1.32199, 0, 0.642084, 0.123017, 0, 0.377969, 0.123036, 0, 0, 0.324191
0.771, 0, 0, 0, 0.0480646, 1.32199, 0, 0.642083, 0.123017, 0, 0.377969, 0.123037, 0, 0, 0.324191
0.772, 0, 0, 0, 0.0480647, 1.32199, 0, 0.642083, 0.123017, 0, 0.377969, 0.123039, 0, 0, 0.324191
0.773, 0, 0, 0, 0.0480647, 1.32199, 0, 0.642083, 0.123017, 0, 0.377968, 0.123041, 0, 0, 0.324191
0.774, 0, 0, 0, 0.0480652, 1.32199, 0, 0.642082, 0.123017, 0, 0.377968, 0.123042, 0, 0, 0.324191
0.775, 0, 0, 0, 0.0480655, 1.32199, 0, 0.642083, 0.123017, 0, 0.377969, 0.123043, 0, 0, 0.324191
0.776, 0, 0, 0, 0.0480652, 1.32199, 0, 0.642082, 0.123017, 0, 0.377968, 0.123045, 0, 0, 0.324191
0.777, 0, 0, 0, 0.0480655, 1.32199, 0, 0.642082, 0.123017, 0, 0.377969, 0.123046, 0, 0, 0.324191
0.778, 0, 0, 0, 0.0480656, 1.32199, 0, 0.642082, 0.123017, 0, 0.377969, 0.123047, 0, 0, 0.324192
0.779, 0, 0, 0, 0.0480657, 1.32199, 0, 0.642082, 0.123017, 0, 0.377969, 0.123048, 0, 0, 0.324192
0.78, 0, 0, 0, 0.0480655, 1.32199, 0, 0.642082, 0.123017, 0, 0.377969, 0.12305, 0, 0, 0.324192
0.781, 0, 0, 0, 0.0480655, 1.32199, 0, 0.642082, 0.123017, 0, 0.377969, 0.123051, 0, 0, 0.324192
0.782, 0, 0, 0, 0.0480664, 1.32199, 0, 0.642081, 0.123017, 0, 0.37797, 0.123051, 0, 0, 0.324192
0.783, 0, 0, 0, 0.0480666, 1.32199, 0, 0.642081, 0.123017, 0, 0.377971, 0.123053, 0, 0, 0.324192
0.784, 0, 0, 0, 0.0480664, 1.32199, 0, 0.64208, 0.123017, 0, 0.37797, 0.123054, 0, 0, 0.324191
0.785, 0, 0, 0, 0.0480667, 1.32199, 0, 0.64208, 0.123017, 0, 0.377971, 0.123055, 0, 0, 0.324192
0.786, 0, 0, 0, 0.0480668, 1.32199, 0, 0.64208, 0.123017, 0, 0.377971, 0.123056, 0, 0, 0.324192
0.787, 0, 0, 0, 0.0480669, 1.32199, 0, 0.64208, 0.123017, 0, 0.377972, 0.123057, 0, 0, 0.324192
0.788, 0, 0, 0, 0.0480669, 1.32199, 0, 0.64208, 0.123017, 0, 0.377972, 0.123058, 0, 0, 0.324192
0.789, 0, 0, 0, 0.0480673, 1.32199, 0, 0.64208, 0.123017, 0, 0.377973, 0.123059, 0, 0, 0.324192
0.79, 0, 0, 0, 0.0480677, 1.32199, 0, 0.642078, 0.123016, 0, 0.377974, 0.123059, 0, 0, 0.324192
0.791, 0, 0, 0, 0.0480679, 1.32199, 0, 0.642079, 0.123017, 0, 0.377974, 0.123061, 0, 0, 0.324192
0.792, 0, 0, 0, 0.0480678, 1.32199, 0, 0.642078, 0.123016, 0, 0.377975, 0.123061, 0, 0, 0.324192
0.793, 0, 0, 0, 0.0480686, 1.32199, 0, 0.642076, 0.123016, 0, 0.377976, 0.123061, 0, 0, 0.324191
0.794, 0, 0, 0, 0.0480685, 1.32199, 0, 0.642078, 0.123017, 0, 0.377977, 0.123063, 0, 0, 0.324192
0.795, 0, 0, 0, 0.048068, 1.32199, 0, 0.642076, 0.123016, 0, 0.377977, 0.123063, 0, 0, 0.324191
0.796, 0, 0, 0, 0.0480689, 1.32199, 0, 0.642078, 0.123016, 0, 0.377978, 0.123064, 0, 0, 0.324192
0.797, 0, 0, 0, 0.0480686, 1.32199, 0, 0.642076, 0.123016, 0, 0.377978, 0.123065, 0, 0, 0.324192
0.798, 0, 0, 0, 0.0480691, 1.32199, 0, 0.642077, 0.123016, 0, 0.377979, 0.123066, 0, 0, 0.324192
0.799, 0, 0, 0, 0.0480693, 1.32199, 0, 0.642076, 0.123016, 0, 0.37798, 0.123066, 0, 0, 0.324192
0.8, 0, 0, 0, 0.0480695, 1.32199, 0, 0.642076, 0.123016, 0, 0.377981, 0.123067, 0, 0, 0.324192
0.801, 0, 0, 0, 0.0480695, 1.32199, 0, 0.642076, 0.123016, 0, 0.377981, 0.123068, 0, 0, 0.324192
0.802, 0, 0, 0, 0.0480696, 1.32199, 0, 0.642076, 0.123016, 0, 0.377982, 0.123068, 0, 0, 0.324192
0.803, 0, 0, 0, 0.0480698, 1.32199, 0, 0.642075, 0.123016, 0, 0.377983, 0.123069, 0, 0, 0.324192
0.804, 0, 0, 0, 0.04807, 1.32199, 0, 0.642075, 0.123016, 0, 0.377984, 0.123069, 0, 0, 0.324192
0.805, 0, 0, 0, 0.0480705, 1.32199, 0, 0.642074, 0.123016, 0, 0.377985, 0.12307, 0, 0, 0.324192
0.806, 0, 0, 0, 0.0480703, 1.32199, 0, 0.642075, 0.123016, 0, 0.377986, 0.123071, 0, 0, 0.324192
0.807, 0, 0, 0, 0.0480698, 1.32199, 0, 0.642074, 0.123016, 0, 0.377986, 0.123071, 0, 0, 0.324192
0.808, 0, 0, 0, 0.048071, 1.32199, 0, 0.642073, 0.123016, 0, 0.377988, 0.123071, 0, 0, 0.324192
0.809, 0, 0, 0, 0.0480715, 1.32199, 0, 0.642074, 0.123016, 0, 0.377989, 0.123072, 0, 0, 0.324192
0.81, 0, 0, 0, 0.048071, 1.32199, 0, 0.642073, 0.123016, 0, 0.377989, 0.123072, 0, 0, 0.324192
0.811, 0, 0, 0, 0.0480714, 1.32199, 0, 0.642073, 0.123016, 0, 0.37799, 0.123073, 0, 0, 0.324192
0.812, 0, 0, 0, 0.0480714, 1.32199, 0, 0.642073, 0.123016, 0, 0.377991, 0.123074, 0, 0, 0.324192
0.813, 0, 0, 0, 0.0480714, 1.32199, 0, 0.642073, 0.123016, 0, 0.377992, 0.123074, 0, 0, 0.324192
0.814, 0, 0, 0, 0.0480717, 1.32199, 0, 0.642073, 0.123016, 0, 0.377993, 0.123074, 0, 0, 0.324192
0.815, 0, 0, 0, 0.0480718, 1.32199, 0, 0.642072, 0.123016, 0, 0.377994, 0.123075, 0, 0, 0.324192
0.816, 0, 0, 0, 0.0480717, 1.32199, 0, 0.642072, 0.123016, 0, 0.377995, 0.123075, 0, 0, 0.324193
0.817, 0, 0, 0, 0.0480717, 1.32199, 0, 0.642072, 0.123015, 0, 0.377996, 0.123076, 0, 0, 0.324193
0.818, 0, 0, 0, 0.0480721, 1.32199, 0, 0.642072, 0.123015, 0, 0.377997, 0.123076, 0, 0, 0.324193
0.819, 0, 0, 0, 0.0480722, 1.32199, 0, 0.642072, 0.123016, 0, 0.377998, 0.123076, 0, 0, 0.324193
0.82, 0, 0, 0, 0.0480723, 1.32199, 0, 0.642071, 0.123016, 0, 0.377999, 0.123077, 0, 0, 0.324193
0.821, 0, 0, 0, 0.0480717, 1.32199, 0, 0.642073, 0.123016, 0, 0.377999, 0.123078, 0, 0, 0.324193
0.822, 0, 0, 0, 0.0480714, 1.32199, 0, 0.642072, 0.123015, 0, 0.378, 0.123078, 0, 0, 0.324193
0.823, 0, 0, 0, 0.0480719, 1.32199, 0, 0.642072, 0.123015, 0, 0.378002, 0.123078, 0, 0, 0.324194
0.824, 0, 0, 0, 0.0480717, 1.32199, 0, 0.642072, 0.123015, 0, 0.378002, 0.123079, 0, 0, 0.324193
0.825, 0, 0, 0, 0.0480718, 1.32199, 0, 0.642072, 0.123015, 0, 0.378003, 0.123079, 0, 0, 0.324194
0.826, 0, 0, 0, 0.0480718, 1.32199, 0, 0.642072, 0.123015, 0, 0.378004, 0.123079, 0, 0, 0.324194
0.827, 0, 0, 0, 0.0480719, 1.32199, 0, 0.642072, 0.123016, 0, 0.378005, 0.12308, 0, 0, 0.324194
0.828, 0, 0, 0, 0.048072, 1.32199, 0, 0.642072, 0.123016, 0, 0.378006, 0.12308, 0, 0, 0.324194
0.829, 0, 0, 0, 0.0480721, 1.32199, 0, 0.642071, 0.123016, 0, 0.378007, 0.12308, 0, 0, 0.324194
0.83, 0, 0, 0, 0.0480722, 1.32199, 0, 0.642071, 0.123016, 0, 0.378008, 0.123081, 0, 0, 0.324194
0.831, 0, 0, 0, 0.0480723, 1.32199, 0, 0.642071, 0.123016, 0, 0.378009, 0.123081, 0, 0, 0.324194
0.832, 0, 0, 0, 0.0480708, 1.32199, 0, 0.642076, 0.123016, 0, 0.378009, 0.123083, 0, 0, 0.324196
0.833, 0, 0, 0, 0.0480696, 1.32199, 0, 0.642073, 0.123015, 0, 0.378009, 0.123082, 0, 0, 0.324195
0.834, 0, 0, 0, 0.0480708, 1.32199, 0, 0.642076, 0.123015, 0, 0.378012, 0.123083, 0, 0, 0.324196
0.835, 0, 0, 0, 0.0480698, 1.32199, 0, 0.642074, 0.123016, 0, 0.378012, 0.123083, 0, 0, 0.324196
0.836, 0, 0, 0, 0.0480699, 1.32199, 0, 0.642075, 0.123016, 0, 0.378013, 0.123084, 0, 0, 0.324196
0.837, 0, 0, 0, 0.04807, 1.32199, 0, 0.642075, 0.123016, 0, 0.378014, 0.123084, 0, 0, 0.324196
0.838, 0, 0, 0, 0.0480702, 1.32199, 0, 0.642075, 0.123016, 0, 0.378014, 0.123084, 0, 0, 0.324196
0.839, 0, 0, 0, 0.04807, 1.32199, 0, 0.642075, 0.123016, 0, 0.378015, 0.123085, 0, 0, 0.324196
0.84, 0, 0, 0, 0.04807, 1.32199, 0, 0.642075, 0.123016, 0, 0.378016, 0.123085, 0, 0, 0.324196
0.841, 0, 0, 0, 0.0480703, 1.32199, 0, 0.642075, 0.123016, 0, 0.378017, 0.123085, 0, 0, 0.324197
0.842, 0, 0, 0, 0.0480702, 1.32199, 0, 0.642075, 0.123016, 0, 0.378018, 0.123085, 0, 0, 0.324197
0.843, 0, 0, 0, 0.0480703, 1.32199, 0, 0.642075, 0.123016, 0, 0.378019, 0.123086, 0, 0, 0.324197
0.844, 0, 0, 0, 0.0480704, 1.32199, 0, 0.642075, 0.123016, 0, 0.37802, 0.123086, 0, 0, 0.324197
0.845, 0, 0, 0, 0.0480705, 1.32199, 0, 0.642075, 0.123017, 0, 0.378021, 0.123086, 0, 0, 0.324197
0.846, 0, 0, 0, 0.0480706, 1.32199, 0, 0.642075, 0.123017, 0, 0.378022, 0.123086, 0, 0, 0.324197
0.847, 0, 0, 0, 0.0480704, 1.32199, 0, 0.642075, 0.123017, 0, 0.378022, 0.123087, 0, 0, 0.324197
0.848, 0, 0, 0, 0.0480703, 1.32199, 0, 0.642075, 0.123017, 0, 0.378023, 0.123087, 0, 0, 0.324197
0.849, 0, 0, 0, 0.0480705, 1.32199, 0, 0.642075, 0.123017, 0, 0.378024, 0.123087, 0, 0, 0.324197
0.85, 0, 0, 0, 0.0480702, 1.32199, 0, 0.642075, 0.123017, 0, 0.378025, 0.123087, 0, 0, 0.324197
0.851, 0, 0, 0, 0.0480701, 1.32199, 0, 0.642075, 0.123017, 0, 0.378025, 0.123088, 0, 0, 0.324197
0.852, 0, 0, 0, 0.0480704, 1.32199, 0, 0.642075, 0.123017, 0, 0.378026, 0.123088, 0, 0, 0.324197
0.853, 0, 0, 0, 0.0480705, 1.32199, 0, 0.642075, 0.123017, 0, 0.378027, 0.123088, 0, 0, 0.324197
0.854, 0, 0, 0, 0.0480705, 1.32199, 0, 0.642075, 0.123017, 0, 0.378028, 0.123088, 0, 0, 0.324197
0.855, 0, 0, 0, 0.0480703, 1.32199, 0, 0.642075, 0.123017, 0, 0.378029, 0.123088, 0, 0, 0.324198
0.856, 0, 0, 0, 0.04807, 1.32199, 0, 0.642076, 0.123017, 0, 0.378029, 0.123089, 0, 0, 0.324198
0.857, 0, 0, 0, 0.04807, 1.32199, 0, 0.642076, 0.123017, 0, 0.37803, 0.123089, 0, 0, 0.324198
0.858, 0, 0, 0, 0.0480701, 1.32199, 0, 0.642076, 0.123017, 0, 0.378031, 0.123089, 0, 0, 0.324198
0.859, 0, 0, 0, 0.04807, 1.32199, 0, 0.642076, 0.123017, 0, 0.378031, 0.123089, 0, 0, 0.324198
0.86, 0, 0, 0, 0.0480701, 1.32199, 0, 0.642076, 0.123017, 0, 0.378032, 0.123089, 0, 0, 0.324198
0.861, 0, 0, 0, 0.0480701, 1.32199, 0, 0.642076, 0.123017, 0, 0.378033, 0.12309, 0, 0, 0.324198
0.862, 0, 0, 0, 0.04807, 1.32199, 0, 0.642076, 0.123017, 0, 0.378034, 0.12309, 0, 0, 0.324198
0.863, 0, 0, 0, 0.0480699, 1.32199, 0, 0.642076, 0.123017, 0, 0.378034, 0.12309, 0, 0, 0.324198
0.864, 0, 0, 0, 0.04807, 1.32199, 0, 0.642076, 0.123017, 0, 0.378035, 0.12309, 0, 0, 0.324198
0.865, 0, 0, 0, 0.04807, 1.32199, 0, 0.642076, 0.123017, 0, 0.378036, 0.12309, 0, 0, 0.324198
0.866, 0, 0, 0, 0.04807, 1.32199, 0, 0.642076, 0.123017, 0, 0.378036, 0.12309, 0, 0, 0.324198
0.867, 0, 0, 0, 0.0480701, 1.32199, 0, 0.642076, 0.123017, 0, 0.378037, 0.123091, 0, 0, 0.324198
0.868, 0, 0, 0, 0.0480702, 1.32199, 0, 0.642075, 0.123017, 0, 0.378038, 0.123091, 0, 0, 0.324198
0.869, 0, 0, 0, 0.0480703, 1.32199, 0, 0.642075, 0.123017, 0, 0.378039, 0.123091, 0, 0, 0.324198
0.87, 0, 0, 0, 0.0480704, 1.32199, 0, 0.642075, 0.123017, 0, 0.378039, 0.123091, 0, 0, 0.324198
0.871, 0, 0, 0, 0.0480705, 1.32199, 0, 0.642075, 0.123017, 0, 0.37804, 0.123091, 0, 0, 0.324198
0.872, 0, 0, 0, 0.0480701, 1.32199, 0, 0.642076, 0.123018, 0, 0.37804, 0.123092, 0, 0, 0.324199
0.873, 0, 0, 0, 0.0480699, 1.32199, 0, 0.642075, 0.123017, 0, 0.378041, 0.123091, 0, 0, 0.324198
0.874, 0, 0, 0, 0.0480704, 1.32199, 0, 0.642076, 0.123017, 0, 0.378042, 0.123092, 0, 0, 0.324199
0.875, 0, 0, 0, 0.0480702, 1.32199, 0, 0.642075, 0.123017, 0, 0.378042, 0.123092, 0, 0, 0.324199
0.876, 0, 0, 0, 0.0480704, 1.32199, 0, 0.642075, 0.123017, 0, 0.378043, 0.123092, 0, 0, 0.324199
0.877, 0, 0, 0, 0.0480705, 1.32199, 0, 0.642075, 0.123018, 0, 0.378044, 0.123092, 0, 0, 0.324199
0.878, 0, 0, 0, 0.04807, 1.32199, 0, 0.642076, 0.123018, 0, 0.378044, 0.123092, 0, 0, 0.324199
0.879, 0, 0, 0, 0.0480697, 1.32199, 0, 0.642075, 0.123017, 0, 0.378044, 0.123092, 0, 0, 0.324199
0.88, 0, 0, 0, 0.0480701, 1.32199, 0, 0.642076, 0.123017, 0, 0.378046, 0.123092, 0, 0, 0.324199
0.881, 0, 0, 0, 0.04807, 1.32199, 0, 0.642075, 0.123017, 0, 0.378046, 0.123093, 0, 0, 0.324199
0.882, 0, 0, 0, 0.0480701, 1.32199, 0, 0.642075, 0.123018, 0, 0.378047, 0.123093, 0, 0, 0.324199
0.883, 0, 0, 0, 0.0480702, 1.32199, 0, 0.642075, 0.123018, 0, 0.378047, 0.123093, 0, 0, 0.324199
0.884, 0, 0, 0, 0.0480697, 1.32199, 0, 0.642076, 0.123018, 0, 0.378048, 0.123093, 0, 0, 0.324199
0.885, 0, 0, 0, 0.0480694, 1.32199, 0, 0.642076, 0.123017, 0, 0.378048, 0.123093, 0, 0, 0.324199
0.886, 0, 0, 0, 0.0480698, 1.32199, 0, 0.642076, 0.123017, 0, 0.378049, 0.123093, 0, 0, 0.324199
0.887, 0, 0, 0, 0.0480697, 1.32199, 0, 0.642076, 0.123018, 0, 0.378049, 0.123093, 0, 0, 0.324199
0.888, 0, 0, 0, 0.0480699, 1.32199, 0, 0.642075, 0.123018, 0, 0.37805, 0.123093, 0, 0, 0.324199
0.889, 0, 0, 0, 0.0480694, 1.32199, 0, 0.642077, 0.123018, 0, 0.378051, 0.123094, 0, 0, 0.3242
0.89, 0, 0, 0, 0.0480689, 1.32199, 0, 0.642076, 0.123017, 0, 0.378051, 0.123094, 0, 0, 0.3242
0.891, 0, 0, 0, 0.0480693, 1.32199, 0, 0.642077, 0.123018, 0, 0.378052, 0.123094, 0, 0, 0.3242
0.892, 0, 0, 0, 0.048069, 1.32199, 0, 0.642076, 0.123018, 0, 0.378052, 0.123094, 0, 0, 0.3242
0.893, 0, 0, 0, 0.048069, 1.32199, 0, 0.642077, 0.123018, 0, 0.378053, 0.123094, 0, 0, 0.3242
0.894, 0, 0, 0, 0.0480689, 1.32199, 0, 0.642077, 0.123018, 0, 0.378053, 0.123094, 0, 0, 0.3242
0.895, 0, 0, 0, 0.0480689, 1.32199, 0, 0.642077, 0.123018, 0, 0.378054, 0.123095, 0, 0, 0.3242
0.896, 0, 0, 0, 0.0480686, 1.32199, 0, 0.642077, 0.123018, 0, 0.378054, 0.123095, 0, 0, 0.3242
0.897, 0, 0, 0, 0.0480683, 1.32199, 0, 0.642077, 0.123018, 0, 0.378054, 0.123095, 0, 0, 0.3242
0.898, 0, 0, 0, 0.0480684, 1.32199, 0, 0.642078, 0.123018, 0, 0.378055, 0.123095, 0, 0, 0.324201
0.899, 0, 0, 0, 0.0480682, 1.32199, 0, 0.642077, 0.123018, 0, 0.378055, 0.123095, 0, 0, 0.324201
0.9, 0, 0, 0, 0.0480682, 1.32199, 0, 0.642078, 0.123018, 0, 0.378056, 0.123095, 0, 0, 0.324201
0.901, 0, 0, 0, 0.0480681, 1.32199, 0, 0.642078, 0.123018, 0, 0.378056, 0.123096, 0, 0, 0.324201
0.902, 0, 0, 0, 0.048068, 1.32199, 0, 0.642078, 0.123018, 0, 0.378057, 0.123096, 0, 0, 0.324201
0.903, 0, 0, 0, 0.048068, 1.32199, 0, 0.642078, 0.123018, 0, 0.378057, 0.123096, 0, 0, 0.324201
0.904, 0, 0, 0, 0.0480679, 1.32199, 0, 0.642078, 0.123018, 0, 0.378058, 0.123096, 0, 0, 0.324201
0.905, 0, 0, 0, 0.0480679, 1.32199, 0, 0.642078, 0.123018, 0, 0.378058, 0.123096, 0, 0, 0.324201
0.906, 0, 0, 0, 0.0480679, 1.32199, 0, 0.642078, 0.123018, 0, 0.378059, 0.123096, 0, 0, 0.324201
0.907, 0, 0, 0, 0.0480678, 1.32199, 0, 0.642078, 0.123018, 0, 0.378059, 0.123096, 0, 0, 0.324201
0.908, 0, 0, 0, 0.0480678, 1.32199, 0, 0.642078, 0.123018, 0, 0.37806, 0.123096, 0, 0, 0.324201
0.909, 0, 0, 0, 0.0480677, 1.32199, 0, 0.642078, 0.123018, 0, 0.37806, 0.123096, 0, 0, 0.324201
0.91, 0, 0, 0, 0.0480677, 1.32199, 0, 0.642078, 0.123018, 0, 0.378061, 0.123097, 0, 0, 0.324201
0.911, 0, 0, 0, 0.0480676, 1.32199, 0, 0.642078, 0.123018, 0, 0.378061, 0.123097, 0, 0, 0.324201
0.912, 0, 0, 0, 0.0480676, 1.32199, 0, 0.642078, 0.123018, 0, 0.378061, 0.123097, 0, 0, 0.324201
0.913, 0, 0, 0, 0.0480675, 1.32199, 0, 0.642079, 0.123018, 0, 0.378062, 0.123097, 0, 0, 0.324201
0.914, 0, 0, 0, 0.0480674, 1.32199, 0, 0.642079, 0.123018, 0, 0.378062, 0.123097, 0, 0, 0.324201
0.915, 0, 0, 0, 0.0480674, 1.32199, 0, 0.642079, 0.123018, 0, 0.378063, 0.123097, 0, 0, 0.324201
0.916, 0, 0, 0, 0.0480673, 1.32199, 0, 0.642079, 0.123018, 0, 0.378063, 0.123097, 0, 0, 0.324201
0.917, 0, 0, 0, 0.0480672, 1.32199, 0, 0.642079, 0.123018, 0, 0.378063, 0.123097, 0, 0, 0.324201
0.918, 0, 0, 0, 0.0480672, 1.32199, 0, 0.642079, 0.123018, 0, 0.378064, 0.123097, 0, 0, 0.324201
0.919, 0, 0, 0, 0.0480671, 1.32199, 0, 0.642079, 0.123018, 0, 0.378064, 0.123097, 0, 0, 0.324201
0.92, 0, 0, 0, 0.0480671, 1.32199, 0, 0.642079, 0.123018, 0, 0.378065, 0.123098, 0, 0, 0.324202
0.921, 0, 0, 0, 0.048067, 1.32199, 0, 0.642079, 0.123018, 0, 0.378065, 0.123098, 0, 0, 0.324202
0.922, 0, 0, 0, 0.048067, 1.32199, 0, 0.642079, 0.123018, 0, 0.378065, 0.123098, 0, 0, 0.324202
0.923, 0, 0, 0, 0.0480669, 1.32199, 0, 0.642079, 0.123018, 0, 0.378066, 0.123098, 0, 0, 0.324202
0.924, 0, 0, 0, 0.0480669, 1.32199, 0, 0.642079, 0.123018, 0, 0.378066, 0.123098, 0, 0, 0.324202
0.925, 0, 0, 0, 0.0480668, 1.32199, 0, 0.642079, 0.123018, 0, 0.378066, 0.123098, 0, 0, 0.324202
0.926, 0, 0, 0, 0.0480667, 1.32199, 0, 0.642079, 0.123018, 0, 0.378067, 0.123098, 0, 0, 0.324202
0.927, 0, 0, 0, 0.0480666, 1.32199, 0, 0.642079, 0.123018, 0, 0.378067, 0.123098, 0, 0, 0.324202
0.928, 0, 0, 0, 0.0480666, 1.32199, 0, 0.642079, 0.123018, 0, 0.378067, 0.123098, 0, 0, 0.324202
0.929, 0, 0, 0, 0.0480665, 1.32199, 0, 0.642079, 0.123018, 0, 0.378068, 0.123098, 0, 0, 0.324202
0.93, 0, 0, 0, 0.0480665, 1.32199, 0, 0.64208, 0.123018, 0, 0.378068, 0.123098, 0, 0, 0.324202
0.931, 0, 0, 0, 0.0480664, 1.32199, 0, 0.64208, 0.123018, 0, 0.378068, 0.123099, 0, 0, 0.324202
0.932, 0, 0, 0, 0.0480663, 1.32199, 0, 0.64208, 0.123018, 0, 0.378069, 0.123099, 0, 0, 0.324202
0.933, 0, 0, 0, 0.0480663, 1.32199, 0, 0.64208, 0.123018, 0, 0.378069, 0.123099, 0, 0, 0.324202
0.934, 0, 0, 0, 0.0480662, 1.32199, 0, 0.64208, 0.123018, 0, 0.378069, 0.123099, 0, 0, 0.324202
0.935, 0, 0, 0, 0.0480661, 1.32199, 0, 0.64208, 0.123018, 0, 0.37807, 0.123099, 0, 0, 0.324202
0.936, 0, 0, 0, 0.0480661, 1.32199, 0, 0.64208, 0.123018, 0, 0.37807, 0.123099, 0, 0, 0.324202
0.937, 0, 0, 0, 0.048066, 1.32199, 0, 0.64208, 0.123018, 0, 0.37807, 0.123099, 0, 0, 0.324202
0.938, 0, 0, 0, 0.048066, 1.32199, 0, 0.64208, 0.123018, 0, 0.378071, 0.123099, 0, 0, 0.324202
0.939, 0, 0, 0, 0.0480659, 1.32199, 0, 0.64208, 0.123018, 0, 0.378071, 0.123099, 0, 0, 0.324202
0.94, 0, 0, 0, 0.0480659, 1.32199, 0, 0.64208, 0.123018, 0, 0.378071, 0.123099, 0, 0, 0.324202
0.941, 0, 0, 0, 0.0480658, 1.32199, 0, 0.64208, 0.123018, 0, 0.378072, 0.123099, 0, 0, 0.324202
0.942, 0, 0, 0, 0.0480658, 1.32199, 0, 0.64208, 0.123018, 0, 0.378072, 0.123099, 0, 0, 0.324202
0.943, 0, 0, 0, 0.0480657, 1.32199, 0, 0.64208, 0.123018, 0, 0.378072, 0.123099, 0, 0, 0.324202
0.944, 0, 0, 0, 0.0480656, 1.32199, 0, 0.64208, 0.123018, 0, 0.378072, 0.1231, 0, 0, 0.324202
0.945, 0, 0, 0, 0.0480656, 1.32199, 0, 0.64208, 0.123018, 0, 0.378073, 0.1231, 0, 0, 0.324202
0.946, 0, 0, 0, 0.0480656, 1.32199, 0, 0.64208, 0.123018, 0, 0.378073, 0.1231, 0, 0, 0.324202
0.947, 0, 0, 0, 0.0480656, 1.32199, 0, 0.64208, 0.123018, 0, 0.378073, 0.1231, 0, 0, 0.324202
0.948, 0, 0, 0, 0.0480659, 1.32199, 0, 0.64208, 0.123018, 0, 0.378074, 0.1231, 0, 0, 0.324202
0.949, 0, 0, 0, 0.048066, 1.32199, 0, 0.64208, 0.123018, 0, 0.378074, 0.1231, 0, 0, 0.324202
0.95, 0, 0, 0, 0.0480659, 1.32199, 0, 0.64208, 0.123018, 0, 0.378074, 0.1231, 0, 0, 0.324202
0.951, 0, 0, 0, 0.0480659, 1.32199, 0, 0.64208, 0.123018, 0, 0.378075, 0.1231, 0, 0, 0.324202
0.952, 0, 0, 0, 0.0480659, 1.32199, 0, 0.64208, 0.123018, 0, 0.378075, 0.1231, 0, 0, 0.324202
0.953, 0, 0, 0, 0.0480659, 1.32199, 0, 0.64208, 0.123018, 0, 0.378075, 0.1231, 0, 0, 0.324202
0.954, 0, 0, 0, 0.0480659, 1.32199, 0, 0.64208, 0.123018, 0, 0.378075, 0.1231, 0, 0, 0.324202
0.955, 0, 0, 0, 0.0480658, 1.32199, 0, 0.64208, 0.123018, 0, 0.378076, 0.1231, 0, 0, 0.324202
0.956, 0, 0, 0, 0.0480658, 1.32199, 0, 0.64208, 0.123018, 0, 0.378076, 0.1231, 0, 0, 0.324202
0.957, 0, 0, 0, 0.0480658, 1.32199, 0, 0.64208, 0.123018, 0, 0.378076, 0.1231, 0, 0, 0.324202
0.958, 0, 0, 0, 0.0480658, 1.32199, 0, 0.64208, 0.123018, 0, 0.378076, 0.1231, 0, 0, 0.324202
0.959, 0, 0, 0, 0.0480657, 1.32199, 0, 0.64208, 0.123018, 0, 0.378077, 0.1231, 0, 0, 0.324202
0.96, 0, 0, 0, 0.0480657, 1.32199, 0, 0.64208, 0.123018, 0, 0.378077, 0.1231, 0, 0, 0.324202
0.961, 0, 0, 0, 0.0480694, 1.32198, 0, 0.642072, 0.123017, 0, 0.378079, 0.123096, 0, 0, 0.324199
0.962, 0, 0, 0, 0.0480711, 1.322, 0, 0.642077, 0.123019, 0, 0.378081, 0.123099, 0, 0, 0.324201
0.963, 0, 0, 0, 0.048069, 1.32199, 0, 0.642073, 0.123018, 0, 0.378077, 0.123098, 0, 0, 0.324199
0.964, 0, 0, 0, 0.0480705, 1.32199, 0, 0.642075, 0.123018, 0, 0.378079, 0.123098, 0, 0, 0.3242
0.965, 0, 0, 0, 0.04807, 1.32199, 0, 0.642075, 0.123018, 0, 0.378079, 0.123099, 0, 0, 0.3242
0.966, 0, 0, 0, 0.0480699, 1.32199, 0, 0.642075, 0.123017, 0, 0.378079, 0.123099, 0, 0, 0.3242
0.967, 0, 0, 0, 0.0480702, 1.32199, 0, 0.642075, 0.123017, 0, 0.378079, 0.123099, 0, 0, 0.3242
0.968, 0, 0, 0, 0.0480662, 1.322, 0, 0.642083, 0.123018, 0, 0.378078, 0.123102, 0, 0, 0.324203
0.969, 0, 0, 0, 0.0480644, 1.32199, 0, 0.642077, 0.123016, 0, 0.378076, 0.1231, 0, 0, 0.324202
0.97, 0, 0, 0, 0.0480665, 1.322, 0, 0.642081, 0.123017, 0, 0.37808, 0.123101, 0, 0, 0.324203
0.971, 0, 0, 0, 0.0480649, 1.32199, 0, 0.642079, 0.123017, 0, 0.378079, 0.1231, 0, 0, 0.324203
0.972, 0, 0, 0, 0.0480649, 1.32199, 0, 0.64208, 0.123017, 0, 0.378079, 0.123101, 0, 0, 0.324203
0.973, 0, 0, 0, 0.0480647, 1.322, 0, 0.64208, 0.123017, 0, 0.378079, 0.123101, 0, 0, 0.324203
0.974, 0, 0, 0, 0.0480646, 1.322, 0, 0.64208, 0.123017, 0, 0.37808, 0.123101, 0, 0, 0.324203
0.975, 0, 0, 0, 0.0480646, 1.322, 0, 0.64208, 0.123017, 0, 0.37808, 0.123101, 0, 0, 0.324203
0.976, 0, 0, 0, 0.0480646, 1.322, 0, 0.64208, 0.123017, 0, 0.37808, 0.123101, 0, 0, 0.324203
0.977, 0, 0, 0, 0.0480646, 1.322, 0, 0.64208, 0.123017, 0, 0.37808, 0.123101, 0, 0, 0.324203
0.978, 0, 0, 0, 0.0480645, 1.322, 0, 0.642081, 0.123017, 0, 0.378081, 0.123101, 0, 0, 0.324203
0.979, 0, 0, 0, 0.0480685, 1.32199, 0, 0.642072, 0.123017, 0, 0.378083, 0.123097, 0, 0, 0.3242
0.98, 0, 0, 0, 0.0480711, 1.32199, 0, 0.642077, 0.123019, 0, 0.378085, 0.123099, 0, 0, 0.324201
0.981, 0, 0, 0, 0.0480692, 1.32199, 0, 0.642073, 0.123018, 0, 0.378082, 0.123099, 0, 0, 0.324199
0.982, 0, 0, 0, 0.0480705, 1.32199, 0, 0.642074, 0.123018, 0, 0.378083, 0.123099, 0, 0, 0.3242
0.983, 0, 0, 0, 0.0480669, 1.322, 0, 0.642082, 0.123018, 0, 0.378081, 0.123103, 0, 0, 0.324202
0.984, 0, 0, 0, 0.0480655, 1.32199, 0, 0.642076, 0.123016, 0, 0.37808, 0.1231, 0, 0, 0.324201
0.985, 0, 0, 0, 0.0480678, 1.32199, 0, 0.64208, 0.123017, 0, 0.378084, 0.123101, 0, 0, 0.324203
0.986, 0, 0, 0, 0.0480662, 1.32199, 0, 0.642078, 0.123017, 0, 0.378082, 0.1231, 0, 0, 0.324202
0.987, 0, 0, 0, 0.0480663, 1.32199, 0, 0.642078, 0.123017, 0, 0.378083, 0.1231, 0, 0, 0.324202
0.988, 0, 0, 0, 0.048066, 1.32199, 0, 0.642078, 0.123017, 0, 0.378083, 0.123101, 0, 0, 0.324202
0.989, 0, 0, 0, 0.0480699, 1.32198, 0, 0.642069, 0.123017, 0, 0.378085, 0.123097, 0, 0, 0.324199
0.99, 0, 0, 0, 0.0480717, 1.322, 0, 0.642076, 0.123018, 0, 0.378087, 0.123099, 0, 0, 0.3242
0.991, 0, 0, 0, 0.0480695, 1.32199, 0, 0.642071, 0.123018, 0, 0.378083, 0.123099, 0, 0, 0.324199
0.992, 0, 0, 0, 0.0480671, 1.322, 0, 0.642082, 0.123018, 0, 0.378083, 0.123103, 0, 0, 0.324202
0.993, 0, 0, 0, 0.0480656, 1.32199, 0, 0.642072, 0.123015, 0, 0.378082, 0.123099, 0, 0, 0.3242
0.994, 0, 0, 0, 0.048068, 1.322, 0, 0.642081, 0.123017, 0, 0.378086, 0.123101, 0, 0, 0.324203
0.995, 0, 0, 0, 0.0480653, 1.32199, 0, 0.642076, 0.123016, 0, 0.378083, 0.1231, 0, 0, 0.324201
0.996, 0, 0, 0, 0.0480666, 1.32199, 0, 0.642078, 0.123017, 0, 0.378085, 0.123101, 0, 0, 0.324202
0.997, 0, 0, 0, 0.048066, 1.32199, 0, 0.642077, 0.123017, 0, 0.378084, 0.123101, 0, 0, 0.324202
0.998, 0, 0, 0, 0.0480698, 1.32198, 0, 0.64207, 0.123016, 0, 0.378086, 0.123097, 0, 0, 0.324199
0.999, 0, 0, 0, 0.0480714, 1.322, 0, 0.642075, 0.123018, 0, 0.378088, 0.123099, 0, 0, 0.3242
1, 0, 0, 0, 0.0480693, 1.32199, 0, 0.642071, 0.123017, 0, 0.378085, 0.123099, 0, 0, 0.324199
1.001, 0, 0, 0, 0.0480707, 1.32199, 0, 0.642073, 0.123017, 0, 0.378086, 0.123099, 0, 0, 0.324199
1.002, 0, 0, 0, 0.0480668, 1.322, 0, 0.642081, 0.123017, 0, 0.378085, 0.123103, 0, 0, 0.324202
1.003, 0, 0, 0, 0.0480652, 1.32199, 0, 0.642075, 0.123015, 0, 0.378083, 0.1231, 0, 0, 0.324201
1.004, 0, 0, 0, 0.0480673, 1.32199, 0, 0.642079, 0.123016, 0, 0.378087, 0.123101, 0, 0, 0.324203
1.005, 0, 0, 0, 0.0480657, 1.32199, 0, 0.642077, 0.123016, 0, 0.378086, 0.123101, 0, 0, 0.324202
1.006, 0, 0, 0, 0.0480651, 1.322, 0, 0.642081, 0.123017, 0, 0.378086, 0.123102, 0, 0, 0.324203
1.007, 0, 0, 0, 0.0480639, 1.32199, 0, 0.642078, 0.123016, 0, 0.378085, 0.123101, 0, 0, 0.324203
1.008, 0, 0, 0, 0.0480685, 1.32199, 0, 0.642072, 0.123016, 0, 0.378089, 0.123098, 0, 0, 0.324201
1.009, 0, 0, 0, 0.0480695, 1.322, 0, 0.642077, 0.123018, 0, 0.37809, 0.1231, 0, 0, 0.324201
1.01, 0, 0, 0, 0.0480673, 1.32199, 0, 0.642073, 0.123017, 0, 0.378086, 0.1231, 0, 0, 0.3242
1.011, 0, 0, 0, 0.0480691, 1.32199, 0, 0.642073, 0.123017, 0, 0.378088, 0.123099, 0, 0, 0.3242
1.012, 0, 0, 0, 0.0480662, 1.322, 0, 0.642082, 0.123018, 0, 0.378086, 0.123103, 0, 0, 0.324203
1.013, 0, 0, 0, 0.0480643, 1.32199, 0, 0.642075, 0.123016, 0, 0.378084, 0.123101, 0, 0, 0.324201
1.014, 0, 0, 0, 0.0480671, 1.322, 0, 0.64208, 0.123017, 0, 0.378088, 0.123101, 0, 0, 0.324203
1.015, 0, 0, 0, 0.0480656, 1.32199, 0, 0.642077, 0.123017, 0, 0.378087, 0.123101, 0, 0, 0.324202
1.016, 0, 0, 0, 0.0480657, 1.32199, 0, 0.642078, 0.123017, 0, 0.378088, 0.123101, 0, 0, 0.324202
1.017, 0, 0, 0, 0.0480692, 1.32199, 0, 0.64207, 0.123016, 0, 0.378089, 0.123097, 0, 0, 0.3242
1.018, 0, 0, 0, 0.0480705, 1.322, 0, 0.642078, 0.123018, 0, 0.378091, 0.123101, 0, 0, 0.324201
1.019, 0, 0, 0, 0.0480675, 1.32199, 0, 0.642072, 0.123017, 0, 0.378087, 0.123099, 0, 0, 0.3242
1.02, 0, 0, 0, 0.0480694, 1.32199, 0, 0.642076, 0.123017, 0, 0.37809, 0.1231, 0, 0, 0.324201
1.021, 0, 0, 0, 0.048069, 1.32199, 0, 0.642073, 0.123017, 0, 0.378089, 0.123099, 0, 0, 0.3242
1.022, 0, 0, 0, 0.0480662, 1.322, 0, 0.642082, 0.123018, 0, 0.378088, 0.123103, 0, 0, 0.324203
1.023, 0, 0, 0, 0.048064, 1.32199, 0, 0.642075, 0.123016, 0, 0.378085, 0.123101, 0, 0, 0.324201
1.024, 0, 0, 0, 0.0480673, 1.32199, 0, 0.642077, 0.123016, 0, 0.378091, 0.1231, 0, 0, 0.324203
1.025, 0, 0, 0, 0.0480665, 1.322, 0, 0.642078, 0.123017, 0, 0.37809, 0.123101, 0, 0, 0.324202
1.026, 0, 0, 0, 0.0480654, 1.32199, 0, 0.642076, 0.123017, 0, 0.378088, 0.123101, 0, 0, 0.324201
1.027, 0, 0, 0, 0.0480697, 1.32199, 0, 0.64207, 0.123017, 0, 0.378091, 0.123098, 0, 0, 0.324199
1.028, 0, 0, 0, 0.0480712, 1.322, 0, 0.642074, 0.123018, 0, 0.378092, 0.1231, 0, 0, 0.3242
1.029, 0, 0, 0, 0.0480696, 1.32199, 0, 0.642071, 0.123017, 0, 0.378089, 0.123099, 0, 0, 0.324199
1.03, 0, 0, 0, 0.0480705, 1.32199, 0, 0.642075, 0.123018, 0, 0.37809, 0.1231, 0, 0, 0.3242
1.031, 0, 0, 0, 0.0480696, 1.32199, 0, 0.642073, 0.123017, 0, 0.37809, 0.123099, 0, 0, 0.3242
1.032, 0, 0, 0, 0.0480706, 1.32199, 0, 0.642072, 0.123017, 0, 0.378091, 0.123099, 0, 0, 0.3242
1.033, 0, 0, 0, 0.0480673, 1.322, 0, 0.64208, 0.123018, 0, 0.37809, 0.123103, 0, 0, 0.324202
1.034, 0, 0, 0, 0.0480653, 1.32199, 0, 0.642074, 0.123016, 0, 0.378087, 0.1231, 0, 0, 0.324201
1.035, 0, 0, 0, 0.0480676, 1.32199, 0, 0.642078, 0.123016, 0, 0.378091, 0.123101, 0, 0, 0.324203
1.036, 0, 0, 0, 0.0480663, 1.32199, 0, 0.642076, 0.123016, 0, 0.37809, 0.123101, 0, 0, 0.324202
1.037, 0, 0, 0, 0.0480698, 1.32199, 0, 0.642069, 0.123016, 0, 0.378092, 0.123097, 0, 0, 0.3242
1.038, 0, 0, 0, 0.0480712, 1.32199, 0, 0.642074, 0.123018, 0, 0.378093, 0.123099, 0, 0, 0.3242
1.039, 0, 0, 0, 0.048069, 1.32199, 0, 0.642072, 0.123017, 0, 0.37809, 0.1231, 0, 0, 0.3242
1.04, 0, 0, 0, 0.0480694, 1.32199, 0, 0.642073, 0.123017, 0, 0.378091, 0.123099, 0, 0, 0.3242
1.041, 0, 0, 0, 0.0480703, 1.32199, 0, 0.642072, 0.123017, 0, 0.378092, 0.123099, 0, 0, 0.3242
1.042, 0, 0, 0, 0.0480707, 1.32199, 0, 0.642072, 0.123017, 0, 0.378092, 0.123099, 0, 0, 0.3242
1.043, 0, 0, 0, 0.0480668, 1.322, 0, 0.642078, 0.123017, 0, 0.37809, 0.123102, 0, 0, 0.324202
1.044, 0, 0, 0, 0.0480658, 1.32199, 0, 0.642074, 0.123016, 0, 0.378089, 0.1231, 0, 0, 0.324201
1.045, 0, 0, 0, 0.0480711, 1.32199, 0, 0.64207, 0.123016, 0, 0.378094, 0.123097, 0, 0, 0.3242
1.046, 0, 0, 0, 0.0480715, 1.32199, 0, 0.642073, 0.123018, 0, 0.378094, 0.123099, 0, 0, 0.324201
1.047, 0, 0, 0, 0.0480698, 1.32199, 0, 0.64207, 0.123017, 0, 0.378091, 0.123099, 0, 0, 0.324199
1.048, 0, 0, 0, 0.0480709, 1.32199, 0, 0.642071, 0.123017, 0, 0.378093, 0.123099, 0, 0, 0.3242
1.049, 0, 0, 0, 0.0480709, 1.32199, 0, 0.642071, 0.123017, 0, 0.378093, 0.123099, 0, 0, 0.3242
1.05, 0, 0, 0, 0.0480711, 1.32199, 0, 0.642071, 0.123017, 0, 0.378093, 0.123099, 0, 0, 0.3242
1.051, 0, 0, 0, 0.0480676, 1.322, 0, 0.642078, 0.123017, 0, 0.378091, 0.123102, 0, 0, 0.324202
1.052, 0, 0, 0, 0.048066, 1.32199, 0, 0.642073, 0.123015, 0, 0.37809, 0.1231, 0, 0, 0.324201
1.053, 0, 0, 0, 0.0480714, 1.32199, 0, 0.64207, 0.123016, 0, 0.378095, 0.123097, 0, 0, 0.3242
1.054, 0, 0, 0, 0.0480712, 1.322, 0, 0.642075, 0.123018, 0, 0.378095, 0.1231, 0, 0, 0.324201
1.055, 0, 0, 0, 0.0480686, 1.32199, 0, 0.64207, 0.123016, 0, 0.378091, 0.123099, 0, 0, 0.3242
1.056, 0, 0, 0, 0.0480707, 1.32199, 0, 0.642071, 0.123016, 0, 0.378094, 0.123098, 0, 0, 0.3242
1.057, 0, 0, 0, 0.0480709, 1.32199, 0, 0.642071, 0.123017, 0, 0.378094, 0.123099, 0, 0, 0.3242
1.058, 0, 0, 0, 0.0480707, 1.32199, 0, 0.64207, 0.123017, 0, 0.378093, 0.123099, 0, 0, 0.324199
1.059, 0, 0, 0, 0.0480714, 1.32199, 0, 0.642071, 0.123017, 0, 0.378094, 0.123099, 0, 0, 0.3242
1.06, 0, 0, 0, 0.0480715, 1.32199, 0, 0.64207, 0.123017, 0, 0.378094, 0.123099, 0, 0, 0.3242
1.061, 0, 0, 0, 0.048068, 1.322, 0, 0.642078, 0.123017, 0, 0.378092, 0.123102, 0, 0, 0.324202
1.062, 0, 0, 0, 0.04807, 1.32198, 0, 0.642065, 0.123015, 0, 0.378093, 0.123096, 0, 0, 0.324199
1.063, 0, 0, 0, 0.0480736, 1.32199, 0, 0.642074, 0.123017, 0, 0.378098, 0.123099, 0, 0, 0.324201
1.064, 0, 0, 0, 0.0480704, 1.32199, 0, 0.642068, 0.123017, 0, 0.378093, 0.123098, 0, 0, 0.324199
1.065, 0, 0, 0, 0.0480718, 1.32199, 0, 0.64207, 0.123017, 0, 0.378095, 0.123098, 0, 0, 0.3242
1.066, 0, 0, 0, 0.0480716, 1.32199, 0, 0.64207, 0.123017, 0, 0.378094, 0.123098, 0, 0, 0.3242
1.067, 0, 0, 0, 0.0480718, 1.32199, 0, 0.64207, 0.123017, 0, 0.378095, 0.123098, 0, 0, 0.3242
1.068, 0, 0, 0, 0.0480719, 1.32199, 0, 0.642069, 0.123017, 0, 0.378095, 0.123098, 0, 0, 0.3242
1.069, 0, 0, 0, 0.048072, 1.32199, 0, 0.642069, 0.123017, 0, 0.378095, 0.123098, 0, 0, 0.3242
1.07, 0, 0, 0, 0.0480716, 1.32199, 0, 0.642072, 0.123017, 0, 0.378095, 0.123099, 0, 0, 0.3242
1.071, 0, 0, 0, 0.0480712, 1.32199, 0, 0.642068, 0.123016, 0, 0.378095, 0.123097, 0, 0, 0.324199
1.072, 0, 0, 0, 0.0480689, 1.322, 0, 0.642078, 0.123017, 0, 0.378095, 0.123102, 0, 0, 0.324203
1.073, 0, 0, 0, 0.0480698, 1.32198, 0, 0.642063, 0.123015, 0, 0.378093, 0.123096, 0, 0, 0.324198
1.074, 0, 0, 0, 0.0480741, 1.32199, 0, 0.642073, 0.123018, 0, 0.378099, 0.123099, 0, 0, 0.324201
1.075, 0, 0, 0, 0.0480709, 1.32199, 0, 0.642067, 0.123017, 0, 0.378094, 0.123098, 0, 0, 0.324199
1.076, 0, 0, 0, 0.0480724, 1.32199, 0, 0.642069, 0.123017, 0, 0.378096, 0.123098, 0, 0, 0.3242
1.077, 0, 0, 0, 0.0480723, 1.32199, 0, 0.642069, 0.123017, 0, 0.378096, 0.123098, 0, 0, 0.324199
1.078, 0, 0, 0, 0.0480726, 1.32199, 0, 0.642069, 0.123017, 0, 0.378096, 0.123098, 0, 0, 0.3242
1.079, 0, 0, 0, 0.0480722, 1.32199, 0, 0.642071, 0.123017, 0, 0.378096, 0.123099, 0, 0, 0.3242
1.08, 0, 0, 0, 0.0480718, 1.32199, 0, 0.642067, 0.123016, 0, 0.378096, 0.123097, 0, 0, 0.324199
1.081, 0, 0, 0, 0.0480733, 1.32199, 0, 0.64207, 0.123017, 0, 0.378097, 0.123098, 0, 0, 0.3242
1.082, 0, 0, 0, 0.0480722, 1.32199, 0, 0.642068, 0.123017, 0, 0.378096, 0.123098, 0, 0, 0.324199
1.083, 0, 0, 0, 0.0480729, 1.32199, 0, 0.642068, 0.123017, 0, 0.378096, 0.123098, 0, 0, 0.324199
1.084, 0, 0, 0, 0.0480729, 1.32199, 0, 0.642068, 0.123017, 0, 0.378096, 0.123098, 0, 0, 0.324199
1.085, 0, 0, 0, 0.0480731, 1.32199, 0, 0.642068, 0.123017, 0, 0.378097, 0.123098, 0, 0, 0.324199
1.086, 0, 0, 0, 0.0480732, 1.32199, 0, 0.642068, 0.123017, 0, 0.378097, 0.123097, 0, 0, 0.324199
1.087, 0, 0, 0, 0.0480732, 1.32199, 0, 0.642068, 0.123017, 0, 0.378097, 0.123097, 0, 0, 0.324199
1.088, 0, 0, 0, 0.0480733, 1.32199, 0, 0.642068, 0.123017, 0, 0.378097, 0.123097, 0, 0, 0.324199
1.089, 0, 0, 0, 0.0480693, 1.322, 0, 0.642076, 0.123017, 0, 0.378095, 0.123101, 0, 0, 0.324202
1.09, 0, 0, 0, 0.0480715, 1.32198, 0, 0.642062, 0.123015, 0, 0.378095, 0.123095, 0, 0, 0.324198
1.091, 0, 0, 0, 0.0480754, 1.32199, 0, 0.642072, 0.123018, 0, 0.378101, 0.123098, 0, 0, 0.324201
1.092, 0, 0, 0, 0.0480719, 1.32199, 0, 0.642065, 0.123017, 0, 0.378096, 0.123097, 0, 0, 0.324199
1.093, 0, 0, 0, 0.0480735, 1.32199, 0, 0.642068, 0.123017, 0, 0.378098, 0.123097, 0, 0, 0.3242
1.094, 0, 0, 0, 0.0480733, 1.32199, 0, 0.642067, 0.123017, 0, 0.378097, 0.123097, 0, 0, 0.324199
1.095, 0, 0, 0, 0.0480728, 1.32199, 0, 0.64207, 0.123017, 0, 0.378097, 0.123099, 0, 0, 0.3242
1.096, 0, 0, 0, 0.0480724, 1.32199, 0, 0.642066, 0.123016, 0, 0.378097, 0.123096, 0, 0, 0.3242
1.097, 0, 0, 0, 0.0480739, 1.32199, 0, 0.64207, 0.123017, 0, 0.378099, 0.123098, 0, 0, 0.3242
1.098, 0, 0, 0, 0.0480727, 1.32199, 0, 0.642067, 0.123017, 0, 0.378097, 0.123097, 0, 0, 0.324199
1.099, 0, 0, 0, 0.0480734, 1.32199, 0, 0.642068, 0.123017, 0, 0.378098, 0.123097, 0, 0, 0.3242
1.1, 0, 0, 0, 0.0480734, 1.32199, 0, 0.642068, 0.123017, 0, 0.378098, 0.123097, 0, 0, 0.3242
1.101, 0, 0, 0, 0.0480736, 1.32199, 0, 0.642068, 0.123017, 0, 0.378098, 0.123097, 0, 0, 0.3242
1.102, 0, 0, 0, 0.0480736, 1.32199, 0, 0.642067, 0.123017, 0, 0.378098, 0.123097, 0, 0, 0.3242
1.103, 0, 0, 0, 0.0480737, 1.32199, 0, 0.642067, 0.123017, 0, 0.378098, 0.123097, 0, 0, 0.3242
1.104, 0, 0, 0, 0.0480698, 1.322, 0, 0.642076, 0.123017, 0, 0.378097, 0.123101, 0, 0, 0.324203
1.105, 0, 0, 0, 0.0480719, 1.32198, 0, 0.642062, 0.123015, 0, 0.378097, 0.123095, 0, 0, 0.324199
1.106, 0, 0, 0, 0.0480758, 1.32199, 0, 0.642072, 0.123018, 0, 0.378102, 0.123098, 0, 0, 0.324201
1.107, 0, 0, 0, 0.0480723, 1.32199, 0, 0.642065, 0.123017, 0, 0.378097, 0.123097, 0, 0, 0.324199
1.108, 0, 0, 0, 0.0480738, 1.32199, 0, 0.642068, 0.123017, 0, 0.378099, 0.123097, 0, 0, 0.3242
1.109, 0, 0, 0, 0.0480737, 1.32199, 0, 0.642067, 0.123017, 0, 0.378099, 0.123097, 0, 0, 0.3242
1.11, 0, 0, 0, 0.0480699, 1.322, 0, 0.642075, 0.123018, 0, 0.378097, 0.123101, 0, 0, 0.324203
1.111, 0, 0, 0, 0.0480721, 1.32198, 0, 0.642062, 0.123015, 0, 0.378097, 0.123095, 0, 0, 0.324199
1.112, 0, 0, 0, 0.048076, 1.32199, 0, 0.642072, 0.123018, 0, 0.378103, 0.123097, 0, 0, 0.324201
1.113, 0, 0, 0, 0.0480725, 1.32199, 0, 0.642065, 0.123017, 0, 0.378098, 0.123097, 0, 0, 0.324199
1.114, 0, 0, 0, 0.0480741, 1.32199, 0, 0.642068, 0.123017, 0, 0.378099, 0.123097, 0, 0, 0.3242
1.115, 0, 0, 0, 0.0480739, 1.32199, 0, 0.642067, 0.123017, 0, 0.378099, 0.123097, 0, 0, 0.3242
1.116, 0, 0, 0, 0.0480741, 1.32199, 0, 0.642067, 0.123017, 0, 0.378099, 0.123097, 0, 0, 0.3242
1.117, 0, 0, 0, 0.0480742, 1.32199, 0, 0.642067, 0.123017, 0, 0.378099, 0.123097, 0, 0, 0.3242
1.118, 0, 0, 0, 0.0480704, 1.322, 0, 0.642075, 0.123018, 0, 0.378098, 0.1231, 0, 0, 0.324203
1.119, 0, 0, 0, 0.0480724, 1.32198, 0, 0.642062, 0.123016, 0, 0.378098, 0.123095, 0, 0, 0.324199
1.12, 0, 0, 0, 0.0480762, 1.32199, 0, 0.642071, 0.123018, 0, 0.378103, 0.123097, 0, 0, 0.324201
1.121, 0, 0, 0, 0.0480728, 1.32199, 0, 0.642065, 0.123017, 0, 0.378098, 0.123097, 0, 0, 0.324199
1.122, 0, 0, 0, 0.0480743, 1.32199, 0, 0.642068, 0.123018, 0, 0.3781, 0.123097, 0, 0, 0.3242
1.123, 0, 0, 0, 0.0480741, 1.32199, 0, 0.642067, 0.123018, 0, 0.3781, 0.123097, 0, 0, 0.3242
1.124, 0, 0, 0, 0.0480706, 1.322, 0, 0.642075, 0.123018, 0, 0.378098, 0.1231, 0, 0, 0.324203
1.125, 0, 0, 0, 0.0480689, 1.32199, 0, 0.642069, 0.123016, 0, 0.378097, 0.123098, 0, 0, 0.324202
1.126, 0, 0, 0, 0.0480746, 1.32198, 0, 0.642066, 0.123017, 0, 0.378102, 0.123095, 0, 0, 0.324201
1.127, 0, 0, 0, 0.0480749, 1.32199, 0, 0.642069, 0.123018, 0, 0.378102, 0.123097, 0, 0, 0.324201
1.128, 0, 0, 0, 0.0480731, 1.32199, 0, 0.642066, 0.123018, 0, 0.378099, 0.123097, 0, 0, 0.324199
1.129, 0, 0, 0, 0.0480738, 1.32199, 0, 0.64207, 0.123018, 0, 0.3781, 0.123098, 0, 0, 0.324201
1.13, 0, 0, 0, 0.0480734, 1.32198, 0, 0.642065, 0.123017, 0, 0.3781, 0.123096, 0, 0, 0.3242
1.131, 0, 0, 0, 0.0480752, 1.32199, 0, 0.642069, 0.123018, 0, 0.378102, 0.123097, 0, 0, 0.324201
1.132, 0, 0, 0, 0.0480703, 1.322, 0, 0.642074, 0.123018, 0, 0.378098, 0.1231, 0, 0, 0.324202
1.133, 0, 0, 0, 0.0480693, 1.32199, 0, 0.64207, 0.123017, 0, 0.378097, 0.123098, 0, 0, 0.324202
1.134, 0, 0, 0, 0.0480712, 1.32199, 0, 0.642073, 0.123017, 0, 0.378101, 0.123098, 0, 0, 0.324203
1.135, 0, 0, 0, 0.0480734, 1.32198, 0, 0.642064, 0.123017, 0, 0.378101, 0.123095, 0, 0, 0.3242
1.136, 0, 0, 0, 0.0480752, 1.32199, 0, 0.64207, 0.123019, 0, 0.378103, 0.123097, 0, 0, 0.324201
1.137, 0, 0, 0, 0.0480732, 1.32199, 0, 0.642066, 0.123018, 0, 0.3781, 0.123097, 0, 0, 0.324199
1.138, 0, 0, 0, 0.0480745, 1.32199, 0, 0.642068, 0.123018, 0, 0.378101, 0.123097, 0, 0, 0.3242
1.139, 0, 0, 0, 0.0480745, 1.32199, 0, 0.642067, 0.123018, 0, 0.378101, 0.123096, 0, 0, 0.3242
1.14, 0, 0, 0, 0.0480748, 1.32199, 0, 0.642067, 0.123018, 0, 0.378101, 0.123096, 0, 0, 0.3242
1.141, 0, 0, 0, 0.0480714, 1.322, 0, 0.642074, 0.123018, 0, 0.3781, 0.1231, 0, 0, 0.324203
1.142, 0, 0, 0, 0.0480698, 1.32199, 0, 0.642069, 0.123017, 0, 0.378098, 0.123098, 0, 0, 0.324202
1.143, 0, 0, 0, 0.0480716, 1.32199, 0, 0.642073, 0.123017, 0, 0.378101, 0.123098, 0, 0, 0.324203
1.144, 0, 0, 0, 0.0480703, 1.32199, 0, 0.642071, 0.123018, 0, 0.3781, 0.123098, 0, 0, 0.324202
1.145, 0, 0, 0, 0.0480736, 1.32198, 0, 0.642065, 0.123017, 0, 0.378102, 0.123095, 0, 0, 0.3242
1.146, 0, 0, 0, 0.048075, 1.32199, 0, 0.642069, 0.123019, 0, 0.378103, 0.123097, 0, 0, 0.324201
1.147, 0, 0, 0, 0.04807, 1.322, 0, 0.642073, 0.123019, 0, 0.378099, 0.1231, 0, 0, 0.324202
1.148, 0, 0, 0, 0.048073, 1.32198, 0, 0.642063, 0.123017, 0, 0.3781, 0.123095, 0, 0, 0.324199
1.149, 0, 0, 0, 0.0480763, 1.32199, 0, 0.642071, 0.123019, 0, 0.378104, 0.123097, 0, 0, 0.324202
1.15, 0, 0, 0, 0.0480704, 1.322, 0, 0.642072, 0.123019, 0, 0.378099, 0.123099, 0, 0, 0.324202
1.151, 0, 0, 0, 0.0480702, 1.32199, 0, 0.64207, 0.123017, 0, 0.378099, 0.123098, 0, 0, 0.324202
1.152, 0, 0, 0, 0.0480718, 1.32199, 0, 0.642073, 0.123018, 0, 0.378102, 0.123098, 0, 0, 0.324203
1.153, 0, 0, 0, 0.0480707, 1.32199, 0, 0.642071, 0.123018, 0, 0.378101, 0.123098, 0, 0, 0.324202
1.154, 0, 0, 0, 0.0480707, 1.32199, 0, 0.642072, 0.123018, 0, 0.378101, 0.123098, 0, 0, 0.324202
1.155, 0, 0, 0, 0.0480706, 1.32199, 0, 0.642072, 0.123018, 0, 0.378101, 0.123098, 0, 0, 0.324202
1.156, 0, 0, 0, 0.0480702, 1.32199, 0, 0.642072, 0.123018, 0, 0.378101, 0.123098, 0, 0, 0.324203
1.157, 0, 0, 0, 0.0480699, 1.32199, 0, 0.642072, 0.123018, 0, 0.378101, 0.123098, 0, 0, 0.324203
1.158, 0, 0, 0, 0.048073, 1.32198, 0, 0.642066, 0.123018, 0, 0.378102, 0.123095, 0, 0, 0.324201
1.159, 0, 0, 0, 0.0480744, 1.32199, 0, 0.642071, 0.123019, 0, 0.378103, 0.123097, 0, 0, 0.324201
1.16, 0, 0, 0, 0.0480729, 1.32199, 0, 0.642067, 0.123019, 0, 0.378101, 0.123097, 0, 0, 0.3242
1.161, 0, 0, 0, 0.0480711, 1.322, 0, 0.642075, 0.123019, 0, 0.3781, 0.1231, 0, 0, 0.324203
1.162, 0, 0, 0, 0.0480698, 1.32199, 0, 0.64207, 0.123018, 0, 0.378099, 0.123098, 0, 0, 0.324202
1.163, 0, 0, 0, 0.0480708, 1.32199, 0, 0.642075, 0.123018, 0, 0.378102, 0.123099, 0, 0, 0.324204
1.164, 0, 0, 0, 0.0480694, 1.32199, 0, 0.642073, 0.123018, 0, 0.3781, 0.123098, 0, 0, 0.324203
1.165, 0, 0, 0, 0.0480697, 1.32199, 0, 0.642074, 0.123018, 0, 0.378101, 0.123098, 0, 0, 0.324203
1.166, 0, 0, 0, 0.0480694, 1.32199, 0, 0.642073, 0.123018, 0, 0.378101, 0.123098, 0, 0, 0.324203
1.167, 0, 0, 0, 0.0480693, 1.32199, 0, 0.642074, 0.123018, 0, 0.378101, 0.123099, 0, 0, 0.324203
1.168, 0, 0, 0, 0.0480693, 1.32199, 0, 0.642074, 0.123018, 0, 0.378101, 0.123099, 0, 0, 0.324203
1.169, 0, 0, 0, 0.0480694, 1.32199, 0, 0.642074, 0.123019, 0, 0.378101, 0.123099, 0, 0, 0.324203
1.17, 0, 0, 0, 0.0480694, 1.32199, 0, 0.642074, 0.123019, 0, 0.378101, 0.123099, 0, 0, 0.324203
1.171, 0, 0, 0, 0.0480694, 1.32199, 0, 0.642074, 0.123019, 0, 0.378101, 0.123099, 0, 0, 0.324203
1.172, 0, 0, 0, 0.0480695, 1.32199, 0, 0.642074, 0.123019, 0, 0.378101, 0.123099, 0, 0, 0.324203
1.173, 0, 0, 0, 0.0480695, 1.32199, 0, 0.642074, 0.123019, 0, 0.378101, 0.123099, 0, 0, 0.324203
1.174, 0, 0, 0, 0.0480695, 1.32199, 0, 0.642074, 0.123019, 0, 0.378101, 0.123099, 0, 0, 0.324203
1.175, 0, 0, 0, 0.0480696, 1.32199, 0, 0.642074, 0.123019, 0, 0.378101, 0.123099, 0, 0, 0.324203
1.176, 0, 0, 0, 0.0480696, 1.32199, 0, 0.642074, 0.123019, 0, 0.378101, 0.123099, 0, 0, 0.324203
1.177, 0, 0, 0, 0.0480696, 1.32199, 0, 0.642074, 0.123019, 0, 0.378101, 0.123099, 0, 0, 0.324203
1.178, 0, 0, 0, 0.0480696, 1.32199, 0, 0.642074, 0.123019, 0, 0.378101, 0.123099, 0, 0, 0.324203
1.179, 0, 0, 0, 0.0480697, 1.32199, 0, 0.642074, 0.123019, 0, 0.378101, 0.123099, 0, 0, 0.324203
1.18, 0, 0, 0, 0.0480697, 1.32199, 0, 0.642074, 0.123019, 0, 0.378101, 0.123099, 0, 0, 0.324203
1.181, 0, 0, 0, 0.0480697, 1.32199, 0, 0.642074, 0.123019, 0, 0.378101, 0.123099, 0, 0, 0.324203
1.182, 0, 0, 0, 0.0480697, 1.32199, 0, 0.642074, 0.123019, 0, 0.378101, 0.123099, 0, 0, 0.324203
1.183, 0, 0, 0, 0.0480697, 1.32199, 0, 0.642074, 0.123019, 0, 0.378101, 0.123098, 0, 0, 0.324203
1.184, 0, 0, 0, 0.0480698, 1.32199, 0, 0.642074, 0.123019, 0, 0.378101, 0.123098, 0, 0, 0.324203
1.185, 0, 0, 0, 0.0480698, 1.32199, 0, 0.642074, 0.123019, 0, 0.378101, 0.123098, 0, 0, 0.324203
1.186, 0, 0, 0, 0.0480698, 1.32199, 0, 0.642074, 0.123019, 0, 0.378101, 0.123098, 0, 0, 0.324203
1.187, 0, 0, 0, 0.0480698, 1.32199, 0, 0.642074, 0.123019, 0, 0.378101, 0.123098, 0, 0, 0.324203
1.188, 0, 0, 0, 0.0480699, 1.32199, 0, 0.642074, 0.123019, 0, 0.378101, 0.123098, 0, 0, 0.324203
1.189, 0, 0, 0, 0.0480699, 1.32199, 0, 0.642074, 0.123019, 0, 0.378101, 0.123098, 0, 0, 0.324203
1.19, 0, 0, 0, 0.0480699, 1.32199, 0, 0.642073, 0.123019, 0, 0.378101, 0.123098, 0, 0, 0.324203
1.191, 0, 0, 0, 0.04807, 1.32199, 0, 0.642073, 0.123019, 0, 0.378101, 0.123098, 0, 0, 0.324203
1.192, 0, 0, 0, 0.04807, 1.32199, 0, 0.642073, 0.123019, 0, 0.378101, 0.123098, 0, 0, 0.324203
1.193, 0, 0, 0, 0.04807, 1.32199, 0, 0.642073, 0.123019, 0, 0.378101, 0.123098, 0, 0, 0.324203
1.194, 0, 0, 0, 0.0480701, 1.32199, 0, 0.642073, 0.123019, 0, 0.378101, 0.123098, 0, 0, 0.324202
1.195, 0, 0, 0, 0.0480701, 1.32199, 0, 0.642073, 0.123019, 0, 0.378101, 0.123098, 0, 0, 0.324202
1.196, 0, 0, 0, 0.0480701, 1.32199, 0, 0.642073, 0.123019, 0, 0.378101, 0.123098, 0, 0, 0.324202
1.197, 0, 0, 0, 0.0480702, 1.32199, 0, 0.642073, 0.123019, 0, 0.378101, 0.123098, 0, 0, 0.324202
1.198, 0, 0, 0, 0.0480703, 1.32199, 0, 0.642073, 0.123019, 0, 0.378101, 0.123098, 0, 0, 0.324202
1.199, 0, 0, 0, 0.0480704, 1.32199, 0, 0.642073, 0.123019, 0, 0.378102, 0.123098, 0, 0, 0.324202
1.2, 0, 0, 0, 0.0480705, 1.32199, 0, 0.642073, 0.123019, 0, 0.378101, 0.123098, 0, 0, 0.324202
1.201, 0, 0, 0, 0.0480705, 1.32199, 0, 0.642073, 0.123019, 0, 0.378102, 0.123098, 0, 0, 0.324202
1.202, 0, 0, 0, 0.0480705, 1.32199, 0, 0.642073, 0.123019, 0, 0.378101, 0.123098, 0, 0, 0.324202
1.203, 0, 0, 0, 0.0480706, 1.32199, 0, 0.642072, 0.123019, 0, 0.378102, 0.123098, 0, 0, 0.324202
1.204, 0, 0, 0, 0.0480706, 1.32199, 0, 0.642072, 0.123019, 0, 0.378102, 0.123098, 0, 0, 0.324202
1.205, 0, 0, 0, 0.0480706, 1.32199, 0, 0.642072, 0.123018, 0, 0.378102, 0.123098, 0, 0, 0.324202
1.206, 0, 0, 0, 0.0480707, 1.32199, 0, 0.642072, 0.123018, 0, 0.378102, 0.123098, 0, 0, 0.324202
1.207, 0, 0, 0, 0.0480707, 1.32199, 0, 0.642072, 0.123018, 0, 0.378102, 0.123098, 0, 0, 0.324202
1.208, 0, 0, 0, 0.0480708, 1.32199, 0, 0.642072, 0.123018, 0, 0.378102, 0.123098, 0, 0, 0.324202
1.209, 0, 0, 0, 0.0480708, 1.32199, 0, 0.642072, 0.123018, 0, 0.378102, 0.123098, 0, 0, 0.324202
1.21, 0, 0, 0, 0.0480709, 1.32199, 0, 0.642072, 0.123018, 0, 0.378102, 0.123098, 0, 0, 0.324202
1.211, 0, 0, 0, 0.0480709, 1.32199, 0, 0.642072, 0.123018, 0, 0.378102, 0.123098, 0, 0, 0.324202
1.212, 0, 0, 0, 0.048071, 1.32199, 0, 0.642072, 0.123018, 0, 0.378102, 0.123098, 0, 0, 0.324202
1.213, 0, 0, 0, 0.048071, 1.32199, 0, 0.642072, 0.123018, 0, 0.378102, 0.123098, 0, 0, 0.324202
1.214, 0, 0, 0, 0.0480711, 1.32199, 0, 0.642072, 0.123018, 0, 0.378102, 0.123098, 0, 0, 0.324202
1.215, 0, 0, 0, 0.0480711, 1.32199, 0, 0.642072, 0.123018, 0, 0.378102, 0.123098, 0, 0, 0.324202
1.216, 0, 0, 0, 0.0480712, 1.32199, 0, 0.642072, 0.123018, 0, 0.378102, 0.123098, 0, 0, 0.324202
1.217, 0, 0, 0, 0.0480712, 1.32199, 0, 0.642071, 0.123018, 0, 0.378102, 0.123098, 0, 0, 0.324202
1.218, 0, 0, 0, 0.0480713, 1.32199, 0, 0.642071, 0.123018, 0, 0.378102, 0.123098, 0, 0, 0.324202
1.219, 0, 0, 0, 0.0480713, 1.32199, 0, 0.642071, 0.123018, 0, 0.378102, 0.123098, 0, 0, 0.324202
1.22, 0, 0, 0, 0.0480714, 1.32199, 0, 0.642071, 0.123018, 0, 0.378102, 0.123098, 0, 0, 0.324202
1.221, 0, 0, 0, 0.0480715, 1.32199, 0, 0.642071, 0.123018, 0, 0.378102, 0.123098, 0, 0, 0.324202
1.222, 0, 0, 0, 0.0480715, 1.32199, 0, 0.642071, 0.123018, 0, 0.378102, 0.123097, 0, 0, 0.324202
1.223, 0, 0, 0, 0.0480716, 1.32199, 0, 0.642071, 0.123018, 0, 0.378102, 0.123097, 0, 0, 0.324202
1.224, 0, 0, 0, 0.0480716, 1.32199, 0, 0.642071, 0.123018, 0, 0.378102, 0.123097, 0, 0, 0.324202
1.225, 0, 0, 0, 0.0480717, 1.32199, 0, 0.642071, 0.123018, 0, 0.378102, 0.123097, 0, 0, 0.324202
1.226, 0, 0, 0, 0.0480717, 1.32199, 0, 0.642071, 0.123018, 0, 0.378102, 0.123097, 0, 0, 0.324202
1.227, 0, 0, 0, 0.0480718, 1.32199, 0, 0.642071, 0.123018, 0, 0.378102, 0.123097, 0, 0, 0.324202
1.228, 0, 0, 0, 0.0480718, 1.32199, 0, 0.642071, 0.123018, 0, 0.378102, 0.123097, 0, 0, 0.324202
1.229, 0, 0, 0, 0.0480719, 1.32199, 0, 0.642071, 0.123018, 0, 0.378102, 0.123097, 0, 0, 0.324201
1.23, 0, 0, 0, 0.0480716, 1.32199, 0, 0.642071, 0.123018, 0, 0.378102, 0.123097, 0, 0, 0.324202
1.231, 0, 0, 0, 0.0480715, 1.32199, 0, 0.642071, 0.123018, 0, 0.378102, 0.123097, 0, 0, 0.324202
1.232, 0, 0, 0, 0.0480717, 1.32199, 0, 0.642071, 0.123018, 0, 0.378102, 0.123097, 0, 0, 0.324202
1.233, 0, 0, 0, 0.0480716, 1.32199, 0, 0.642071, 0.123018, 0, 0.378102, 0.123097, 0, 0, 0.324202
1.234, 0, 0, 0, 0.0480717, 1.32199, 0, 0.642071, 0.123018, 0, 0.378102, 0.123097, 0, 0, 0.324202
1.235, 0, 0, 0, 0.0480717, 1.32199, 0, 0.642071, 0.123018, 0, 0.378102, 0.123097, 0, 0, 0.324202
1.236, 0, 0, 0, 0.0480718, 1.32199, 0, 0.642071, 0.123018, 0, 0.378102, 0.123097, 0, 0, 0.324202
1.237, 0, 0, 0, 0.0480718, 1.32199, 0, 0.642071, 0.123018, 0, 0.378102, 0.123097, 0, 0, 0.324202
1.238, 0, 0, 0, 0.0480719, 1.32199, 0, 0.642071, 0.123018, 0, 0.378102, 0.123097, 0, 0, 0.324202
1.239, 0, 0, 0, 0.048072, 1.32199, 0, 0.642071, 0.123018, 0, 0.378102, 0.123097, 0, 0, 0.324202
1.24, 0, 0, 0, 0.048072, 1.32199, 0, 0.64207, 0.123018, 0, 0.378102, 0.123097, 0, 0, 0.324202
1.241, 0, 0, 0, 0.0480721, 1.32199, 0, 0.64207, 0.123018, 0, 0.378102, 0.123097, 0, 0, 0.324202
1.242, 0, 0, 0, 0.0480721, 1.32199, 0, 0.64207, 0.123018, 0, 0.378102, 0.123097, 0, 0, 0.324202
1.243, 0, 0, 0, 0.0480722, 1.32199, 0, 0.64207, 0.123018, 0, 0.378102, 0.123097, 0, 0, 0.324202
1.244, 0, 0, 0, 0.0480722, 1.32199, 0, 0.64207, 0.123018, 0, 0.378102, 0.123097, 0, 0, 0.324201
1.245, 0, 0, 0, 0.0480723, 1.32199, 0, 0.64207, 0.123018, 0, 0.378102, 0.123097, 0, 0, 0.324201
1.246, 0, 0, 0, 0.0480724, 1.32199, 0, 0.64207, 0.123018, 0, 0.378102, 0.123097, 0, 0, 0.324201
1.247, 0, 0, 0, 0.0480724, 1.32199, 0, 0.64207, 0.123018, 0, 0.378102, 0.123097, 0, 0, 0.324201
1.248, 0, 0, 0, 0.0480725, 1.32199, 0, 0.64207, 0.123018, 0, 0.378102, 0.123097, 0, 0, 0.324201
1.249, 0, 0, 0, 0.0480725, 1.32199, 0, 0.64207, 0.123018, 0, 0.378102, 0.123097, 0, 0, 0.324201
1.25, 0, 0, 0, 0.0480726, 1.32199, 0, 0.64207, 0.123018, 0, 0.378103, 0.123097, 0, 0, 0.324201
1.251, 0, 0, 0, 0.0480726, 1.32199, 0, 0.64207, 0.123018, 0, 0.378103, 0.123097, 0, 0, 0.324201
1.252, 0, 0, 0, 0.0480727, 1.32199, 0, 0.64207, 0.123018, 0, 0.378103, 0.123097, 0, 0, 0.324201
1.253, 0, 0, 0, 0.0480727, 1.32199, 0, 0.64207, 0.123018, 0, 0.378103, 0.123097, 0, 0, 0.324201
1.254, 0, 0, 0, 0.0480728, 1.32199, 0, 0.64207, 0.123018, 0, 0.378103, 0.123097, 0, 0, 0.324201
1.255, 0, 0, 0, 0.0480729, 1.32199, 0, 0.64207, 0.123018, 0, 0.378103, 0.123097, 0, 0, 0.324201
1.256, 0, 0, 0, 0.0480729, 1.32199, 0, 0.642069, 0.123018, 0, 0.378103, 0.123097, 0, 0, 0.324201
1.257, 0, 0, 0, 0.048073, 1.32199, 0, 0.642069, 0.123018, 0, 0.378103, 0.123097, 0, 0, 0.324201
1.258, 0, 0, 0, 0.048073, 1.32199, 0, 0.642069, 0.123018, 0, 0.378103, 0.123097, 0, 0, 0.324201
1.259, 0, 0, 0, 0.0480731, 1.32199, 0, 0.642069, 0.123018, 0, 0.378103, 0.123097, 0, 0, 0.324201
1.26, 0, 0, 0, 0.0480732, 1.32199, 0, 0.642069, 0.123018, 0, 0.378103, 0.123097, 0, 0, 0.324201
1.261, 0, 0, 0, 0.0480732, 1.32199, 0, 0.642069, 0.123018, 0, 0.378103, 0.123096, 0, 0, 0.324201
1.262, 0, 0, 0, 0.0480733, 1.32199, 0, 0.642069, 0.123018, 0, 0.378103, 0.123096, 0, 0, 0.324201
1.263, 0, 0, 0, 0.0480733, 1.32199, 0, 0.642069, 0.123018, 0, 0.378103, 0.123096, 0, 0, 0.324201
1.264, 0, 0, 0, 0.0480734, 1.32199, 0, 0.642069, 0.123018, 0, 0.378103, 0.123096, 0, 0, 0.324201
1.265, 0, 0, 0, 0.0480735, 1.32199, 0, 0.642069, 0.123018, 0, 0.378103, 0.123096, 0, 0, 0.324201
1.266, 0, 0, 0, 0.0480735, 1.32199, 0, 0.642069, 0.123018, 0, 0.378103, 0.123096, 0, 0, 0.324201
1.267, 0, 0, 0, 0.0480736, 1.32199, 0, 0.642069, 0.123018, 0, 0.378103, 0.123096, 0, 0, 0.324201
1.268, 0, 0, 0, 0.0480736, 1.32199, 0, 0.642069, 0.123018, 0, 0.378103, 0.123096, 0, 0, 0.324201
1.269, 0, 0, 0, 0.0480737, 1.32199, 0, 0.642069, 0.123018, 0, 0.378103, 0.123096, 0, 0, 0.324201
1.27, 0, 0, 0, 0.0480738, 1.32199, 0, 0.642068, 0.123018, 0, 0.378103, 0.123096, 0, 0, 0.324201
1.271, 0, 0, 0, 0.0480738, 1.32199, 0, 0.642068, 0.123018, 0, 0.378103, 0.123096, 0, 0, 0.324201
1.272, 0, 0, 0, 0.0480739, 1.32199, 0, 0.642068, 0.123018, 0, 0.378103, 0.123096, 0, 0, 0.324201
1.273, 0, 0, 0, 0.0480739, 1.32199, 0, 0.642068, 0.123018, 0, 0.378103, 0.123096, 0, 0, 0.324201
1.274, 0, 0, 0, 0.048074, 1.32199, 0, 0.642068, 0.123018, 0, 0.378103, 0.123096, 0, 0, 0.324201
1.275, 0, 0, 0, 0.0480741, 1.32199, 0, 0.642068, 0.123018, 0, 0.378103, 0.123096, 0, 0, 0.324201
1.276, 0, 0, 0, 0.0480741, 1.32199, 0, 0.642068, 0.123018, 0, 0.378103, 0.123096, 0, 0, 0.324201
1.277, 0, 0, 0, 0.0480742, 1.32199, 0, 0.642068, 0.123018, 0, 0.378103, 0.123096, 0, 0, 0.324201
1.278, 0, 0, 0, 0.0480743, 1.32199, 0, 0.642068, 0.123018, 0, 0.378103, 0.123096, 0, 0, 0.324201
1.279, 0, 0, 0, 0.0480743, 1.32199, 0, 0.642068, 0.123018, 0, 0.378103, 0.123096, 0, 0, 0.324201
1.28, 0, 0, 0, 0.0480744, 1.32199, 0, 0.642068, 0.123018, 0, 0.378103, 0.123096, 0, 0, 0.324201
1.281, 0, 0, 0, 0.0480738, 1.32199, 0, 0.642069, 0.123018, 0, 0.378103, 0.123096, 0, 0, 0.324201
1.282, 0, 0, 0, 0.0480734, 1.32199, 0, 0.642068, 0.123018, 0, 0.378103, 0.123096, 0, 0, 0.324201
1.283, 0, 0, 0, 0.0480737, 1.32199, 0, 0.642069, 0.123018, 0, 0.378104, 0.123096, 0, 0, 0.324202
1.284, 0, 0, 0, 0.0480735, 1.32199, 0, 0.642069, 0.123018, 0, 0.378103, 0.123096, 0, 0, 0.324201
1.285, 0, 0, 0, 0.0480735, 1.32199, 0, 0.642069, 0.123018, 0, 0.378103, 0.123096, 0, 0, 0.324201
1.286, 0, 0, 0, 0.0480736, 1.32199, 0, 0.642069, 0.123018, 0, 0.378103, 0.123096, 0, 0, 0.324201
1.287, 0, 0, 0, 0.0480736, 1.32199, 0, 0.642069, 0.123018, 0, 0.378103, 0.123096, 0, 0, 0.324201
1.288, 0, 0, 0, 0.0480737, 1.32199, 0, 0.642069, 0.123018, 0, 0.378103, 0.123096, 0, 0, 0.324201
1.289, 0, 0, 0, 0.0480738, 1.32199, 0, 0.642069, 0.123018, 0, 0.378104, 0.123096, 0, 0, 0.324201
1.29, 0, 0, 0, 0.0480738, 1.32199, 0, 0.642069, 0.123018, 0, 0.378104, 0.123096, 0, 0, 0.324201
1.291, 0, 0, 0, 0.0480739, 1.32199, 0, 0.642069, 0.123018, 0, 0.378104, 0.123096, 0, 0, 0.324201
1.292, 0, 0, 0, 0.0480739, 1.32199, 0, 0.642069, 0.123018, 0, 0.378104, 0.123096, 0, 0, 0.324201
1.293, 0, 0, 0, 0.048074, 1.32199, 0, 0.642068, 0.123018, 0, 0.378104, 0.123096, 0, 0, 0.324201
1.294, 0, 0, 0, 0.048074, 1.32199, 0, 0.642068, 0.123018, 0, 0.378104, 0.123096, 0, 0, 0.324201
1.295, 0, 0, 0, 0.0480741, 1.32199, 0, 0.642068, 0.123018, 0, 0.378104, 0.123096, 0, 0, 0.324201
1.296, 0, 0, 0, 0.0480741, 1.32199, 0, 0.642068, 0.123018, 0, 0.378104, 0.123096, 0, 0, 0.324201
1.297, 0, 0, 0, 0.0480742, 1.32199, 0, 0.642068, 0.123018, 0, 0.378104, 0.123096, 0, 0, 0.324201
1.298, 0, 0, 0, 0.0480742, 1.32199, 0, 0.642068, 0.123018, 0, 0.378104, 0.123096, 0, 0, 0.324201
1.299, 0, 0, 0, 0.0480743, 1.32199, 0, 0.642068, 0.123018, 0, 0.378104, 0.123096, 0, 0, 0.324201
1.3, 0, 0, 0, 0.0480743, 1.32199, 0, 0.642068, 0.123018, 0, 0.378104, 0.123096, 0, 0, 0.324201
1.301, 0, 0, 0, 0.0480744, 1.32199, 0, 0.642068, 0.123018, 0, 0.378104, 0.123096, 0, 0, 0.324201
1.302, 0, 0, 0, 0.0480744, 1.32199, 0, 0.642068, 0.123018, 0, 0.378104, 0.123096, 0, 0, 0.324201
1.303, 0, 0, 0, 0.0480745, 1.32199, 0, 0.642068, 0.123018, 0, 0.378104, 0.123096, 0, 0, 0.324201
1.304, 0, 0, 0, 0.0480745, 1.32199, 0, 0.642068, 0.123018, 0, 0.378104, 0.123096, 0, 0, 0.324201
1.305, 0, 0, 0, 0.0480746, 1.32199, 0, 0.642068, 0.123018, 0, 0.378104, 0.123096, 0, 0, 0.324201
1.306, 0, 0, 0, 0.0480746, 1.32199, 0, 0.642068, 0.123018, 0, 0.378104, 0.123096, 0, 0, 0.324201
1.307, 0, 0, 0, 0.0480747, 1.32199, 0, 0.642068, 0.123018, 0, 0.378104, 0.123095, 0, 0, 0.324201
1.308, 0, 0, 0, 0.0480747, 1.32199, 0, 0.642068, 0.123018, 0, 0.378104, 0.123095, 0, 0, 0.324201
1.309, 0, 0, 0, 0.0480748, 1.32199, 0, 0.642068, 0.123018, 0, 0.378104, 0.123095, 0, 0, 0.324201
1.31, 0, 0, 0, 0.0480748, 1.32199, 0, 0.642068, 0.123018, 0, 0.378104, 0.123095, 0, 0, 0.324201
1.311, 0, 0, 0, 0.0480749, 1.32199, 0, 0.642068, 0.123018, 0, 0.378104, 0.123095, 0, 0, 0.324201
1.312, 0, 0, 0, 0.0480749, 1.32199, 0, 0.642068, 0.123018, 0, 0.378104, 0.123095, 0, 0, 0.324201
1.313, 0, 0, 0, 0.048075, 1.32199, 0, 0.642068, 0.123018, 0, 0.378104, 0.123095, 0, 0, 0.324201
1.314, 0, 0, 0, 0.0480751, 1.32199, 0, 0.642067, 0.123018, 0, 0.378104, 0.123095, 0, 0, 0.324201
1.315, 0, 0, 0, 0.0480751, 1.32199, 0, 0.642067, 0.123018, 0, 0.378104, 0.123095, 0, 0, 0.324201
1.316, 0, 0, 0, 0.0480752, 1.32199, 0, 0.642067, 0.123018, 0, 0.378104, 0.123095, 0, 0, 0.324201
1.317, 0, 0, 0, 0.0480752, 1.32199, 0, 0.642067, 0.123018, 0, 0.378104, 0.123095, 0, 0, 0.324201
1.318, 0, 0, 0, 0.0480753, 1.32199, 0, 0.642067, 0.123018, 0, 0.378104, 0.123095, 0, 0, 0.324201
1.319, 0, 0, 0, 0.0480753, 1.32199, 0, 0.642067, 0.123018, 0, 0.378104, 0.123095, 0, 0, 0.324201
1.32, 0, 0, 0, 0.0480754, 1.32199, 0, 0.642067, 0.123018, 0, 0.378104, 0.123095, 0, 0, 0.324201
1.321, 0, 0, 0, 0.0480754, 1.32199, 0, 0.642067, 0.123018, 0, 0.378105, 0.123095, 0, 0, 0.324201
1.322, 0, 0, 0, 0.0480755, 1.32199, 0, 0.642067, 0.123018, 0, 0.378105, 0.123095, 0, 0, 0.324201
1.323, 0, 0, 0, 0.0480756, 1.32199, 0, 0.642067, 0.123018, 0, 0.378105, 0.123095, 0, 0, 0.324201
1.324, 0, 0, 0, 0.0480756, 1.32199, 0, 0.642067, 0.123018, 0, 0.378105, 0.123095, 0, 0, 0.324201
1.325, 0, 0, 0, 0.0480757, 1.32199, 0, 0.642067, 0.123018, 0, 0.378105, 0.123095, 0, 0, 0.324201
1.326, 0, 0, 0, 0.0480757, 1.32199, 0, 0.642067, 0.123018, 0, 0.378105, 0.123095, 0, 0, 0.324201
1.327, 0, 0, 0, 0.0480758, 1.32199, 0, 0.642067, 0.123018, 0, 0.378105, 0.123095, 0, 0, 0.324201
1.328, 0, 0, 0, 0.0480759, 1.32199, 0, 0.642067, 0.123018, 0, 0.378105, 0.123095, 0, 0, 0.324201
1.329, 0, 0, 0, 0.0480759, 1.32199, 0, 0.642067, 0.123018, 0, 0.378105, 0.123095, 0, 0, 0.324201
1.33, 0, 0, 0, 0.048076, 1.32199, 0, 0.642066, 0.123018, 0, 0.378105, 0.123095, 0, 0, 0.324201
1.331, 0, 0, 0, 0.048076, 1.32199, 0, 0.642066, 0.123018, 0, 0.378105, 0.123095, 0, 0, 0.324201
1.332, 0, 0, 0, 0.0480761, 1.32199, 0, 0.642066, 0.123018, 0, 0.378105, 0.123095, 0, 0, 0.324201
1.333, 0, 0, 0, 0.0480761, 1.32199, 0, 0.642066, 0.123018, 0, 0.378105, 0.123095, 0, 0, 0.324201
1.334, 0, 0, 0, 0.0480762, 1.32199, 0, 0.642066, 0.123018, 0, 0.378105, 0.123095, 0, 0, 0.324201
1.335, 0, 0, 0, 0.0480763, 1.32199, 0, 0.642066, 0.123018, 0, 0.378105, 0.123094, 0, 0, 0.324201
1.336, 0, 0, 0, 0.0480763, 1.32199, 0, 0.642066, 0.123018, 0, 0.378105, 0.123094, 0, 0, 0.324201
1.337, 0, 0, 0, 0.0480764, 1.32199, 0, 0.642066, 0.123018, 0, 0.378105, 0.123094, 0, 0, 0.324201
1.338, 0, 0, 0, 0.0480765, 1.32199, 0, 0.642066, 0.123018, 0, 0.378105, 0.123094, 0, 0, 0.324201
1.339, 0, 0, 0, 0.0480765, 1.32199, 0, 0.642066, 0.123018, 0, 0.378105, 0.123094, 0, 0, 0.324201
1.34, 0, 0, 0, 0.0480766, 1.32199, 0, 0.642066, 0.123018, 0, 0.378105, 0.123094, 0, 0, 0.324201
1.341, 0, 0, 0, 0.0480766, 1.32199, 0, 0.642066, 0.123018, 0, 0.378105, 0.123094, 0, 0, 0.324201
1.342, 0, 0, 0, 0.0480767, 1.32199, 0, 0.642066, 0.123019, 0, 0.378105, 0.123094, 0, 0, 0.324201
1.343, 0, 0, 0, 0.0480768, 1.32199, 0, 0.642066, 0.123019, 0, 0.378105, 0.123094, 0, 0, 0.324201
1.344, 0, 0, 0, 0.0480768, 1.32199, 0, 0.642066, 0.123019, 0, 0.378105, 0.123094, 0, 0, 0.324201
1.345, 0, 0, 0, 0.0480769, 1.32199, 0, 0.642066, 0.123019, 0, 0.378105, 0.123094, 0, 0, 0.324201
1.346, 0, 0, 0, 0.0480769, 1.32199, 0, 0.642065, 0.123019, 0, 0.378105, 0.123094, 0, 0, 0.324201
1.347, 0, 0, 0, 0.0480773, 1.32199, 0, 0.642065, 0.123019, 0, 0.378105, 0.123094, 0, 0, 0.324201
1.348, 0, 0, 0, 0.0480775, 1.32199, 0, 0.642065, 0.123019, 0, 0.378106, 0.123094, 0, 0, 0.324201
1.349, 0, 0, 0, 0.0480775, 1.32199, 0, 0.642065, 0.123019, 0, 0.378105, 0.123094, 0, 0, 0.324201
1.35, 0, 0, 0, 0.0480776, 1.32199, 0, 0.642065, 0.123019, 0, 0.378106, 0.123094, 0, 0, 0.324201
1.351, 0, 0, 0, 0.0480777, 1.32199, 0, 0.642065, 0.123019, 0, 0.378106, 0.123094, 0, 0, 0.324201
1.352, 0, 0, 0, 0.0480778, 1.32199, 0, 0.642065, 0.123019, 0, 0.378106, 0.123094, 0, 0, 0.324201
1.353, 0, 0, 0, 0.0480779, 1.32199, 0, 0.642064, 0.123019, 0, 0.378106, 0.123094, 0, 0, 0.324201
1.354, 0, 0, 0, 0.0480779, 1.32199, 0, 0.642064, 0.123019, 0, 0.378106, 0.123093, 0, 0, 0.324201
1.355, 0, 0, 0, 0.048078, 1.32199, 0, 0.642064, 0.123019, 0, 0.378106, 0.123093, 0, 0, 0.324201
1.356, 0, 0, 0, 0.048078, 1.32199, 0, 0.642064, 0.123019, 0, 0.378106, 0.123093, 0, 0, 0.324201
1.357, 0, 0, 0, 0.0480781, 1.32199, 0, 0.642064, 0.123019, 0, 0.378106, 0.123093, 0, 0, 0.324201
1.358, 0, 0, 0, 0.0480782, 1.32199, 0, 0.642064, 0.123019, 0, 0.378106, 0.123093, 0, 0, 0.324201
1.359, 0, 0, 0, 0.0480783, 1.32199, 0, 0.642064, 0.123019, 0, 0.378106, 0.123093, 0, 0, 0.324201
1.36, 0, 0, 0, 0.0480783, 1.32199, 0, 0.642064, 0.123019, 0, 0.378106, 0.123093, 0, 0, 0.324201
1.361, 0, 0, 0, 0.0480784, 1.32199, 0, 0.642064, 0.123019, 0, 0.378106, 0.123093, 0, 0, 0.324201
1.362, 0, 0, 0, 0.0480785, 1.32199, 0, 0.642064, 0.123019, 0, 0.378106, 0.123093, 0, 0, 0.324201
1.363, 0, 0, 0, 0.0480785, 1.32199, 0, 0.642064, 0.123019, 0, 0.378106, 0.123093, 0, 0, 0.324201
1.364, 0, 0, 0, 0.0480786, 1.32199, 0, 0.642064, 0.123019, 0, 0.378106, 0.123093, 0, 0, 0.324201
1.365, 0, 0, 0, 0.0480787, 1.32199, 0, 0.642064, 0.123019, 0, 0.378106, 0.123093, 0, 0, 0.324201
1.366, 0, 0, 0, 0.0480788, 1.32199, 0, 0.642064, 0.123019, 0, 0.378106, 0.123093, 0, 0, 0.324201
1.367, 0, 0, 0, 0.0480788, 1.32199, 0, 0.642063, 0.123019, 0, 0.378106, 0.123093, 0, 0, 0.324201
1.368, 0, 0, 0, 0.0480789, 1.32199, 0, 0.642063, 0.123019, 0, 0.378106, 0.123093, 0, 0, 0.324201
1.369, 0, 0, 0, 0.048079, 1.32199, 0, 0.642063, 0.123019, 0, 0.378106, 0.123093, 0, 0, 0.324201
1.37, 0, 0, 0, 0.0480791, 1.32199, 0, 0.642063, 0.123019, 0, 0.378106, 0.123093, 0, 0, 0.324201
1.371, 0, 0, 0, 0.0480791, 1.32199, 0, 0.642063, 0.123019, 0, 0.378106, 0.123093, 0, 0, 0.324201
1.372, 0, 0, 0, 0.0480792, 1.32199, 0, 0.642063, 0.123019, 0, 0.378107, 0.123093, 0, 0, 0.324201
1.373, 0, 0, 0, 0.0480793, 1.32199, 0, 0.642063, 0.123019, 0, 0.378107, 0.123093, 0, 0, 0.324201
1.374, 0, 0, 0, 0.0480793, 1.32199, 0, 0.642063, 0.123019, 0, 0.378107, 0.123093, 0, 0, 0.3242
1.375, 0, 0, 0, 0.0480794, 1.32199, 0, 0.642063, 0.123019, 0, 0.378107, 0.123093, 0, 0, 0.3242
1.376, 0, 0, 0, 0.0480795, 1.32199, 0, 0.642063, 0.123019, 0, 0.378107, 0.123092, 0, 0, 0.3242
1.377, 0, 0, 0, 0.0480796, 1.32199, 0, 0.642063, 0.123019, 0, 0.378107, 0.123092, 0, 0, 0.3242
1.378, 0, 0, 0, 0.0480796, 1.32199, 0, 0.642063, 0.123019, 0, 0.378107, 0.123092, 0, 0, 0.3242
1.379, 0, 0, 0, 0.0480797, 1.32199, 0, 0.642063, 0.123019, 0, 0.378107, 0.123092, 0, 0, 0.3242
1.38, 0, 0, 0, 0.0480798, 1.32199, 0, 0.642063, 0.123019, 0, 0.378107, 0.123092, 0, 0, 0.3242
1.381, 0, 0, 0, 0.0480799, 1.32199, 0, 0.642063, 0.123019, 0, 0.378107, 0.123092, 0, 0, 0.3242
1.382, 0, 0, 0, 0.0480799, 1.32199, 0, 0.642062, 0.123019, 0, 0.378107, 0.123092, 0, 0, 0.3242
1.383, 0, 0, 0, 0.0480794, 1.32199, 0, 0.642064, 0.123019, 0, 0.378107, 0.123093, 0, 0, 0.324201
1.384, 0, 0, 0, 0.0480791, 1.32198, 0, 0.642063, 0.123019, 0, 0.378107, 0.123092, 0, 0, 0.324201
1.385, 0, 0, 0, 0.0480794, 1.32199, 0, 0.642064, 0.123019, 0, 0.378107, 0.123092, 0, 0, 0.324201
1.386, 0, 0, 0, 0.0480792, 1.32199, 0, 0.642063, 0.123019, 0, 0.378107, 0.123092, 0, 0, 0.324201
1.387, 0, 0, 0, 0.0480793, 1.32199, 0, 0.642063, 0.123019, 0, 0.378107, 0.123092, 0, 0, 0.324201
1.388, 0, 0, 0, 0.0480794, 1.32199, 0, 0.642063, 0.123019, 0, 0.378107, 0.123092, 0, 0, 0.324201
1.389, 0, 0, 0, 0.0480794, 1.32199, 0, 0.642063, 0.123019, 0, 0.378107, 0.123092, 0, 0, 0.324201
1.39, 0, 0, 0, 0.0480795, 1.32199, 0, 0.642063, 0.123019, 0, 0.378107, 0.123092, 0, 0, 0.324201
1.391, 0, 0, 0, 0.0480796, 1.32199, 0, 0.642063, 0.123019, 0, 0.378107, 0.123092, 0, 0, 0.324201
1.392, 0, 0, 0, 0.0480796, 1.32199, 0, 0.642063, 0.123019, 0, 0.378107, 0.123092, 0, 0, 0.324201
1.393, 0, 0, 0, 0.0480797, 1.32199, 0, 0.642063, 0.123019, 0, 0.378107, 0.123092, 0, 0, 0.324201
1.394, 0, 0, 0, 0.0480798, 1.32199, 0, 0.642063, 0.123019, 0, 0.378107, 0.123092, 0, 0, 0.324201
1.395, 0, 0, 0, 0.0480798, 1.32199, 0, 0.642063, 0.123019, 0, 0.378107, 0.123092, 0, 0, 0.324201
1.396, 0, 0, 0, 0.0480799, 1.32199, 0, 0.642063, 0.123019, 0, 0.378107, 0.123092, 0, 0, 0.324201
1.397, 0, 0, 0, 0.04808, 1.32199, 0, 0.642063, 0.123019, 0, 0.378108, 0.123092, 0, 0, 0.324201
1.398, 0, 0, 0, 0.04808, 1.32199, 0, 0.642063, 0.123019, 0, 0.378108, 0.123092, 0, 0, 0.324201
1.399, 0, 0, 0, 0.0480801, 1.32198, 0, 0.642063, 0.123019, 0, 0.378108, 0.123092, 0, 0, 0.324201
1.4, 0, 0, 0, 0.0480802, 1.32198, 0, 0.642063, 0.123019, 0, 0.378108, 0.123092, 0, 0, 0.324201
1.401, 0, 0, 0, 0.0480802, 1.32198, 0, 0.642063, 0.123019, 0, 0.378108, 0.123092, 0, 0, 0.324201
1.402, 0, 0, 0, 0.0480803, 1.32198, 0, 0.642063, 0.123019, 0, 0.378108, 0.123092, 0, 0, 0.324201
1.403, 0, 0, 0, 0.0480803, 1.32198, 0, 0.642063, 0.123019, 0, 0.378108, 0.123092, 0, 0, 0.324201
1.404, 0, 0, 0, 0.0480804, 1.32198, 0, 0.642063, 0.123019, 0, 0.378108, 0.123092, 0, 0, 0.324201
1.405, 0, 0, 0, 0.0480805, 1.32198, 0, 0.642063, 0.123019, 0, 0.378108, 0.123092, 0, 0, 0.324201
1.406, 0, 0, 0, 0.0480805, 1.32198, 0, 0.642063, 0.123019, 0, 0.378108, 0.123092, 0, 0, 0.324201
1.407, 0, 0, 0, 0.0480806, 1.32198, 0, 0.642063, 0.123019, 0, 0.378108, 0.123092, 0, 0, 0.324201
1.408, 0, 0, 0, 0.0480807, 1.32198, 0, 0.642062, 0.123019, 0, 0.378108, 0.123092, 0, 0, 0.324201
1.409, 0, 0, 0, 0.0480807, 1.32198, 0, 0.642062, 0.123019, 0, 0.378108, 0.123092, 0, 0, 0.324201
1.41, 0, 0, 0, 0.0480808, 1.32198, 0, 0.642062, 0.123019, 0, 0.378108, 0.123091, 0, 0, 0.324201
1.411, 0, 0, 0, 0.0480808, 1.32198, 0, 0.642062, 0.123019, 0, 0.378108, 0.123091, 0, 0, 0.324201
1.412, 0, 0, 0, 0.0480809, 1.32198, 0, 0.642062, 0.123019, 0, 0.378108, 0.123091, 0, 0, 0.324201
1.413, 0, 0, 0, 0.048081, 1.32198, 0, 0.642062, 0.123019, 0, 0.378108, 0.123091, 0, 0, 0.324201
1.414, 0, 0, 0, 0.048081, 1.32198, 0, 0.642062, 0.123019, 0, 0.378108, 0.123091, 0, 0, 0.324201
1.415, 0, 0, 0, 0.0480813, 1.32198, 0, 0.642062, 0.123019, 0, 0.378108, 0.123091, 0, 0, 0.324201
1.416, 0, 0, 0, 0.0480816, 1.32198, 0, 0.642062, 0.12302, 0, 0.378109, 0.123091, 0, 0, 0.324201
1.417, 0, 0, 0, 0.0480815, 1.32198, 0, 0.642062, 0.12302, 0, 0.378108, 0.123091, 0, 0, 0.324201
1.418, 0, 0, 0, 0.0480817, 1.32198, 0, 0.642062, 0.12302, 0, 0.378109, 0.123091, 0, 0, 0.324201
1.419, 0, 0, 0, 0.0480818, 1.32198, 0, 0.642061, 0.12302, 0, 0.378109, 0.123091, 0, 0, 0.324201
1.42, 0, 0, 0, 0.0480818, 1.32198, 0, 0.642061, 0.12302, 0, 0.378109, 0.123091, 0, 0, 0.324201
1.421, 0, 0, 0, 0.0480819, 1.32198, 0, 0.642061, 0.12302, 0, 0.378109, 0.123091, 0, 0, 0.324201
1.422, 0, 0, 0, 0.048082, 1.32198, 0, 0.642061, 0.12302, 0, 0.378109, 0.123091, 0, 0, 0.324201
1.423, 0, 0, 0, 0.048082, 1.32198, 0, 0.642061, 0.12302, 0, 0.378109, 0.123091, 0, 0, 0.324201
1.424, 0, 0, 0, 0.0480821, 1.32198, 0, 0.642061, 0.12302, 0, 0.378109, 0.123091, 0, 0, 0.324201
1.425, 0, 0, 0, 0.0480822, 1.32198, 0, 0.642061, 0.12302, 0, 0.378109, 0.123091, 0, 0, 0.324201
1.426, 0, 0, 0, 0.0480822, 1.32198, 0, 0.642061, 0.12302, 0, 0.378109, 0.123091, 0, 0, 0.324201
1.427, 0, 0, 0, 0.0480823, 1.32198, 0, 0.642061, 0.12302, 0, 0.378109, 0.123091, 0, 0, 0.324201
1.428, 0, 0, 0, 0.0480824, 1.32198, 0, 0.642061, 0.12302, 0, 0.378109, 0.12309, 0, 0, 0.324201
1.429, 0, 0, 0, 0.0480824, 1.32198, 0, 0.642061, 0.12302, 0, 0.378109, 0.12309, 0, 0, 0.324201
1.43, 0, 0, 0, 0.0480825, 1.32198, 0, 0.642061, 0.12302, 0, 0.378109, 0.12309, 0, 0, 0.324201
1.431, 0, 0, 0, 0.0480826, 1.32198, 0, 0.642061, 0.12302, 0, 0.378109, 0.12309, 0, 0, 0.324201
1.432, 0, 0, 0, 0.0480827, 1.32198, 0, 0.642061, 0.12302, 0, 0.378109, 0.12309, 0, 0, 0.324201
1.433, 0, 0, 0, 0.0480827, 1.32198, 0, 0.642061, 0.12302, 0, 0.378109, 0.12309, 0, 0, 0.324201
1.434, 0, 0, 0, 0.0480828, 1.32198, 0, 0.64206, 0.12302, 0, 0.378109, 0.12309, 0, 0, 0.324201
1.435, 0, 0, 0, 0.0480829, 1.32198, 0, 0.64206, 0.12302, 0, 0.378109, 0.12309, 0, 0, 0.324201
1.436, 0, 0, 0, 0.048083, 1.32198, 0, 0.64206, 0.12302, 0, 0.378109, 0.12309, 0, 0, 0.324201
1.437, 0, 0, 0, 0.048083, 1.32198, 0, 0.64206, 0.12302, 0, 0.378109, 0.12309, 0, 0, 0.324201
1.438, 0, 0, 0, 0.0480831, 1.32198, 0, 0.64206, 0.12302, 0, 0.378109, 0.12309, 0, 0, 0.324201
1.439, 0, 0, 0, 0.0480832, 1.32198, 0, 0.64206, 0.12302, 0, 0.378109, 0.12309, 0, 0, 0.324201
1.44, 0, 0, 0, 0.0480833, 1.32198, 0, 0.64206, 0.12302, 0, 0.37811, 0.12309, 0, 0, 0.324201
1.441, 0, 0, 0, 0.0480833, 1.32198, 0, 0.64206, 0.12302, 0, 0.37811, 0.12309, 0, 0, 0.324201
1.442, 0, 0, 0, 0.0480834, 1.32198, 0, 0.64206, 0.12302, 0, 0.37811, 0.12309, 0, 0, 0.324201
1.443, 0, 0, 0, 0.0480835, 1.32198, 0, 0.64206, 0.12302, 0, 0.37811, 0.12309, 0, 0, 0.324201
1.444, 0, 0, 0, 0.0480836, 1.32198, 0, 0.64206, 0.12302, 0, 0.37811, 0.12309, 0, 0, 0.324201
1.445, 0, 0, 0, 0.0480836, 1.32198, 0, 0.64206, 0.12302, 0, 0.37811, 0.12309, 0, 0, 0.324201
1.446, 0, 0, 0, 0.0480837, 1.32198, 0, 0.64206, 0.12302, 0, 0.37811, 0.12309, 0, 0, 0.324201
1.447, 0, 0, 0, 0.0480838, 1.32198, 0, 0.64206, 0.12302, 0, 0.37811, 0.12309, 0, 0, 0.324201
1.448, 0, 0, 0, 0.0480838, 1.32198, 0, 0.64206, 0.12302, 0, 0.37811, 0.123089, 0, 0, 0.324201
1.449, 0, 0, 0, 0.0480839, 1.32198, 0, 0.64206, 0.12302, 0, 0.37811, 0.123089, 0, 0, 0.324201
1.45, 0, 0, 0, 0.048084, 1.32198, 0, 0.64206, 0.12302, 0, 0.37811, 0.123089, 0, 0, 0.324201
1.451, 0, 0, 0, 0.0480841, 1.32198, 0, 0.642059, 0.12302, 0, 0.37811, 0.123089, 0, 0, 0.324201
1.452, 0, 0, 0, 0.048084, 1.32198, 0, 0.64206, 0.12302, 0, 0.37811, 0.123089, 0, 0, 0.324201
1.453, 0, 0, 0, 0.048084, 1.32198, 0, 0.642059, 0.12302, 0, 0.37811, 0.123089, 0, 0, 0.324201
1.454, 0, 0, 0, 0.0480841, 1.32198, 0, 0.64206, 0.12302, 0, 0.37811, 0.123089, 0, 0, 0.324201
1.455, 0, 0, 0, 0.0480841, 1.32198, 0, 0.642059, 0.12302, 0, 0.37811, 0.123089, 0, 0, 0.324201
1.456, 0, 0, 0, 0.0480842, 1.32198, 0, 0.642059, 0.12302, 0, 0.37811, 0.123089, 0, 0, 0.324201
1.457, 0, 0, 0, 0.0480843, 1.32198, 0, 0.642059, 0.12302, 0, 0.37811, 0.123089, 0, 0, 0.324201
1.458, 0, 0, 0, 0.0480843, 1.32198, 0, 0.642059, 0.12302, 0, 0.37811, 0.123089, 0, 0, 0.324201
1.459, 0, 0, 0, 0.0480844, 1.32198, 0, 0.642059, 0.12302, 0, 0.37811, 0.123089, 0, 0, 0.324201
1.46, 0, 0, 0, 0.0480845, 1.32198, 0, 0.642059, 0.12302, 0, 0.37811, 0.123089, 0, 0, 0.324201
1.461, 0, 0, 0, 0.0480846, 1.32198, 0, 0.642059, 0.12302, 0, 0.378111, 0.123089, 0, 0, 0.324201
1.462, 0, 0, 0, 0.0480847, 1.32198, 0, 0.642059, 0.12302, 0, 0.378111, 0.123089, 0, 0, 0.324201
1.463, 0, 0, 0, 0.0480847, 1.32198, 0, 0.642059, 0.12302, 0, 0.378111, 0.123089, 0, 0, 0.324201
1.464, 0, 0, 0, 0.0480848, 1.32198, 0, 0.642059, 0.12302, 0, 0.378111, 0.123089, 0, 0, 0.324201
1.465, 0, 0, 0, 0.0480849, 1.32198, 0, 0.642059, 0.12302, 0, 0.378111, 0.123089, 0, 0, 0.324201
1.466, 0, 0, 0, 0.0480847, 1.32198, 0, 0.64206, 0.12302, 0, 0.378111, 0.123089, 0, 0, 0.324201
1.467, 0, 0, 0, 0.0480846, 1.32198, 0, 0.642059, 0.12302, 0, 0.378111, 0.123089, 0, 0, 0.324201
1.468, 0, 0, 0, 0.0480847, 1.32198, 0, 0.642059, 0.12302, 0, 0.378111, 0.123089, 0, 0, 0.324201
1.469, 0, 0, 0, 0.0480847, 1.32198, 0, 0.642059, 0.12302, 0, 0.378111, 0.123089, 0, 0, 0.324201
1.47, 0, 0, 0, 0.0480848, 1.32198, 0, 0.642059, 0.12302, 0, 0.378111, 0.123089, 0, 0, 0.324201
1.471, 0, 0, 0, 0.0480848, 1.32198, 0, 0.642059, 0.12302, 0, 0.378111, 0.123089, 0, 0, 0.324201
1.472, 0, 0, 0, 0.0480849, 1.32198, 0, 0.642059, 0.12302, 0, 0.378111, 0.123089, 0, 0, 0.324201
1.473, 0, 0, 0, 0.048085, 1.32198, 0, 0.642059, 0.12302, 0, 0.378111, 0.123089, 0, 0, 0.324201
1.474, 0, 0, 0, 0.0480851, 1.32198, 0, 0.642059, 0.12302, 0, 0.378111, 0.123088, 0, 0, 0.324201
1.475, 0, 0, 0, 0.0480851, 1.32198, 0, 0.642059, 0.12302, 0, 0.378111, 0.123088, 0, 0, 0.324201
1.476, 0, 0, 0, 0.0480852, 1.32198, 0, 0.642059, 0.12302, 0, 0.378111, 0.123088, 0, 0, 0.324201
1.477, 0, 0, 0, 0.0480853, 1.32198, 0, 0.642059, 0.12302, 0, 0.378111, 0.123088, 0, 0, 0.324201
1.478, 0, 0, 0, 0.0480854, 1.32198, 0, 0.642059, 0.12302, 0, 0.378111, 0.123088, 0, 0, 0.324201
1.479, 0, 0, 0, 0.0480854, 1.32198, 0, 0.642059, 0.123021, 0, 0.378111, 0.123088, 0, 0, 0.324201
1.48, 0, 0, 0, 0.0480855, 1.32198, 0, 0.642059, 0.123021, 0, 0.378111, 0.123088, 0, 0, 0.324201
1.481, 0, 0, 0, 0.0480856, 1.32198, 0, 0.642059, 0.123021, 0, 0.378111, 0.123088, 0, 0, 0.324201
1.482, 0, 0, 0, 0.0480857, 1.32198, 0, 0.642059, 0.123021, 0, 0.378112, 0.123088, 0, 0, 0.324201
1.483, 0, 0, 0, 0.0480857, 1.32198, 0, 0.642059, 0.123021, 0, 0.378112, 0.123088, 0, 0, 0.324201
1.484, 0, 0, 0, 0.0480858, 1.32198, 0, 0.642059, 0.123021, 0, 0.378112, 0.123088, 0, 0, 0.324201
1.485, 0, 0, 0, 0.0480859, 1.32198, 0, 0.642059, 0.123021, 0, 0.378112, 0.123088, 0, 0, 0.324201
1.486, 0, 0, 0, 0.0480859, 1.32198, 0, 0.642059, 0.123021, 0, 0.378112, 0.123088, 0, 0, 0.324201
1.487, 0, 0, 0, 0.048086, 1.32198, 0, 0.642059, 0.123021, 0, 0.378112, 0.123088, 0, 0, 0.324201
1.488, 0, 0, 0, 0.0480861, 1.32198, 0, 0.642058, 0.123021, 0, 0.378112, 0.123088, 0, 0, 0.324201
1.489, 0, 0, 0, 0.0480862, 1.32198, 0, 0.642058, 0.123021, 0, 0.378112, 0.123088, 0, 0, 0.324201
1.49, 0, 0, 0, 0.0480862, 1.32198, 0, 0.642058, 0.123021, 0, 0.378112, 0.123088, 0, 0, 0.324201
1.491, 0, 0, 0, 0.0480863, 1.32198, 0, 0.642058, 0.123021, 0, 0.378112, 0.123088, 0, 0, 0.324201
1.492, 0, 0, 0, 0.0480864, 1.32198, 0, 0.642058, 0.123021, 0, 0.378112, 0.123088, 0, 0, 0.324201
1.493, 0, 0, 0, 0.0480864, 1.32198, 0, 0.642058, 0.123021, 0, 0.378112, 0.123088, 0, 0, 0.324201
1.494, 0, 0, 0, 0.0480865, 1.32198, 0, 0.642058, 0.123021, 0, 0.378112, 0.123088, 0, 0, 0.324201
1.495, 0, 0, 0, 0.0480866, 1.32198, 0, 0.642058, 0.123021, 0, 0.378112, 0.123087, 0, 0, 0.324201
1.496, 0, 0, 0, 0.0480867, 1.32198, 0, 0.642058, 0.123021, 0, 0.378112, 0.123087, 0, 0, 0.324201
1.497, 0, 0, 0, 0.0480867, 1.32198, 0, 0.642058, 0.123021, 0, 0.378112, 0.123087, 0, 0, 0.324201
1.498, 0, 0, 0, 0.0480868, 1.32198, 0, 0.642058, 0.123021, 0, 0.378112, 0.123087, 0, 0, 0.324201
1.499, 0, 0, 0, 0.0480869, 1.32198, 0, 0.642058, 0.123021, 0, 0.378112, 0.123087, 0, 0, 0.324201
1.5, 0, 0, 0, 0.0480869, 1.32198, 0, 0.642058, 0.123021, 0, 0.378112, 0.123087, 0, 0, 0.324201
1.501, 0, 0, 0, 0.048087, 1.32198, 0, 0.642058, 0.123021, 0, 0.378112, 0.123087, 0, 0, 0.324201
1.502, 0, 0, 0, 0.0480871, 1.32198, 0, 0.642058, 0.123021, 0, 0.378112, 0.123087, 0, 0, 0.324201
1.503, 0, 0, 0, 0.0480872, 1.32198, 0, 0.642058, 0.123021, 0, 0.378113, 0.123087, 0, 0, 0.324201
1.504, 0, 0, 0, 0.0480872, 1.32198, 0, 0.642058, 0.123021, 0, 0.378113, 0.123087, 0, 0, 0.324201
1.505, 0, 0, 0, 0.0480873, 1.32198, 0, 0.642058, 0.123021, 0, 0.378113, 0.123087, 0, 0, 0.324201
1.506, 0, 0, 0, 0.0480874, 1.32198, 0, 0.642058, 0.123021, 0, 0.378113, 0.123087, 0, 0, 0.324201
1.507, 0, 0, 0, 0.0480875, 1.32198, 0, 0.642058, 0.123021, 0, 0.378113, 0.123087, 0, 0, 0.324201
1.508, 0, 0, 0, 0.0480875, 1.32198, 0, 0.642057, 0.123021, 0, 0.378113, 0.123087, 0, 0, 0.324201
1.509, 0, 0, 0, 0.0480876, 1.32198, 0, 0.642057, 0.123021, 0, 0.378113, 0.123087, 0, 0, 0.324201
1.51, 0, 0, 0, 0.0480877, 1.32198, 0, 0.642057, 0.123021, 0, 0.378113, 0.123087, 0, 0, 0.324201
1.511, 0, 0, 0, 0.0480877, 1.32198, 0, 0.642057, 0.123021, 0, 0.378113, 0.123087, 0, 0, 0.324201
1.512, 0, 0, 0, 0.0480878, 1.32198, 0, 0.642057, 0.123021, 0, 0.378113, 0.123087, 0, 0, 0.324201
1.513, 0, 0, 0, 0.0480879, 1.32198, 0, 0.642057, 0.123021, 0, 0.378113, 0.123087, 0, 0, 0.324201
1.514, 0, 0, 0, 0.048088, 1.32198, 0, 0.642057, 0.123021, 0, 0.378113, 0.123087, 0, 0, 0.324201
1.515, 0, 0, 0, 0.048088, 1.32198, 0, 0.642057, 0.123021, 0, 0.378113, 0.123086, 0, 0, 0.324201
1.516, 0, 0, 0, 0.0480881, 1.32198, 0, 0.642057, 0.123021, 0, 0.378113, 0.123086, 0, 0, 0.324201
1.517, 0, 0, 0, 0.0480882, 1.32198, 0, 0.642057, 0.123021, 0, 0.378113, 0.123086, 0, 0, 0.324201
1.518, 0, 0, 0, 0.0480883, 1.32198, 0, 0.642057, 0.123021, 0, 0.378113, 0.123086, 0, 0, 0.324201
1.519, 0, 0, 0, 0.0480883, 1.32198, 0, 0.642057, 0.123021, 0, 0.378113, 0.123086, 0, 0, 0.324201
1.52, 0, 0, 0, 0.0480884, 1.32198, 0, 0.642057, 0.123021, 0, 0.378113, 0.123086, 0, 0, 0.324201
1.521, 0, 0, 0, 0.0480885, 1.32198, 0, 0.642057, 0.123021, 0, 0.378113, 0.123086, 0, 0, 0.324201
1.522, 0, 0, 0, 0.0480885, 1.32198, 0, 0.642057, 0.123021, 0, 0.378113, 0.123086, 0, 0, 0.324201
1.523, 0, 0, 0, 0.0480886, 1.32198, 0, 0.642057, 0.123021, 0, 0.378114, 0.123086, 0, 0, 0.324201
1.524, 0, 0, 0, 0.0480887, 1.32198, 0, 0.642057, 0.123021, 0, 0.378114, 0.123086, 0, 0, 0.324201
1.525, 0, 0, 0, 0.0480888, 1.32198, 0, 0.642057, 0.123021, 0, 0.378114, 0.123086, 0, 0, 0.324201
1.526, 0, 0, 0, 0.0480888, 1.32198, 0, 0.642057, 0.123021, 0, 0.378114, 0.123086, 0, 0, 0.324201
1.527, 0, 0, 0, 0.0480889, 1.32198, 0, 0.642056, 0.123021, 0, 0.378114, 0.123086, 0, 0, 0.324201
1.528, 0, 0, 0, 0.048089, 1.32198, 0, 0.642056, 0.123021, 0, 0.378114, 0.123086, 0, 0, 0.324201
1.529, 0, 0, 0, 0.0480891, 1.32198, 0, 0.642056, 0.123021, 0, 0.378114, 0.123086, 0, 0, 0.324201
1.53, 0, 0, 0, 0.0480891, 1.32198, 0, 0.642056, 0.123021, 0, 0.378114, 0.123086, 0, 0, 0.324201
1.531, 0, 0, 0, 0.0480892, 1.32198, 0, 0.642056, 0.123021, 0, 0.378114, 0.123086, 0, 0, 0.324201
1.532, 0, 0, 0, 0.0480893, 1.32198, 0, 0.642056, 0.123021, 0, 0.378114, 0.123086, 0, 0, 0.324201
1.533, 0, 0, 0, 0.0480894, 1.32198, 0, 0.642056, 0.123021, 0, 0.378114, 0.123086, 0, 0, 0.324201
1.534, 0, 0, 0, 0.0480894, 1.32198, 0, 0.642056, 0.123021, 0, 0.378114, 0.123085, 0, 0, 0.324201
1.535, 0, 0, 0, 0.0480895, 1.32198, 0, 0.642056, 0.123021, 0, 0.378114, 0.123085, 0, 0, 0.324201
1.536, 0, 0, 0, 0.0480896, 1.32198, 0, 0.642056, 0.123021, 0, 0.378114, 0.123085, 0, 0, 0.324201
1.537, 0, 0, 0, 0.0480897, 1.32198, 0, 0.642056, 0.123021, 0, 0.378114, 0.123085, 0, 0, 0.324201
1.538, 0, 0, 0, 0.0480898, 1.32198, 0, 0.642056, 0.123022, 0, 0.378114, 0.123085, 0, 0, 0.324201
1.539, 0, 0, 0, 0.0480898, 1.32198, 0, 0.642056, 0.123022, 0, 0.378114, 0.123085, 0, 0, 0.324201
1.54, 0, 0, 0, 0.0480899, 1.32198, 0, 0.642056, 0.123022, 0, 0.378114, 0.123085, 0, 0, 0.324201
1.541, 0, 0, 0, 0.04809, 1.32198, 0, 0.642056, 0.123022, 0, 0.378114, 0.123085, 0, 0, 0.324201
1.542, 0, 0, 0, 0.0480901, 1.32198, 0, 0.642056, 0.123022, 0, 0.378115, 0.123085, 0, 0, 0.324201
1.543, 0, 0, 0, 0.0480901, 1.32198, 0, 0.642056, 0.123022, 0, 0.378115, 0.123085, 0, 0, 0.324201
1.544, 0, 0, 0, 0.0480902, 1.32198, 0, 0.642056, 0.123022, 0, 0.378115, 0.123085, 0, 0, 0.324201
1.545, 0, 0, 0, 0.0480903, 1.32198, 0, 0.642056, 0.123022, 0, 0.378115, 0.123085, 0, 0, 0.324202
1.546, 0, 0, 0, 0.0480904, 1.32198, 0, 0.642056, 0.123022, 0, 0.378115, 0.123085, 0, 0, 0.324202
1.547, 0, 0, 0, 0.0480897, 1.32198, 0, 0.642057, 0.123022, 0, 0.378115, 0.123085, 0, 0, 0.324202
1.548, 0, 0, 0, 0.0480894, 1.32198, 0, 0.642056, 0.123021, 0, 0.378114, 0.123085, 0, 0, 0.324202
1.549, 0, 0, 0, 0.0480897, 1.32198, 0, 0.642057, 0.123022, 0, 0.378115, 0.123085, 0, 0, 0.324202
1.55, 0, 0, 0, 0.0480895, 1.32198, 0, 0.642056, 0.123022, 0, 0.378115, 0.123085, 0, 0, 0.324202
1.551, 0, 0, 0, 0.0480896, 1.32198, 0, 0.642057, 0.123022, 0, 0.378115, 0.123085, 0, 0, 0.324202
1.552, 0, 0, 0, 0.0480896, 1.32198, 0, 0.642057, 0.123022, 0, 0.378115, 0.123085, 0, 0, 0.324202
1.553, 0, 0, 0, 0.0480897, 1.32198, 0, 0.642057, 0.123022, 0, 0.378115, 0.123085, 0, 0, 0.324202
1.554, 0, 0, 0, 0.0480898, 1.32198, 0, 0.642057, 0.123022, 0, 0.378115, 0.123085, 0, 0, 0.324202
1.555, 0, 0, 0, 0.0480899, 1.32198, 0, 0.642057, 0.123022, 0, 0.378115, 0.123085, 0, 0, 0.324202
1.556, 0, 0, 0, 0.0480899, 1.32198, 0, 0.642057, 0.123022, 0, 0.378115, 0.123085, 0, 0, 0.324202
1.557, 0, 0, 0, 0.04809, 1.32198, 0, 0.642057, 0.123022, 0, 0.378115, 0.123085, 0, 0, 0.324202
1.558, 0, 0, 0, 0.04809, 1.32198, 0, 0.642057, 0.123022, 0, 0.378115, 0.123085, 0, 0, 0.324202
1.559, 0, 0, 0, 0.0480901, 1.32198, 0, 0.642057, 0.123022, 0, 0.378115, 0.123085, 0, 0, 0.324202
1.56, 0, 0, 0, 0.0480902, 1.32198, 0, 0.642057, 0.123022, 0, 0.378115, 0.123085, 0, 0, 0.324202
1.561, 0, 0, 0, 0.0480902, 1.32198, 0, 0.642056, 0.123022, 0, 0.378115, 0.123085, 0, 0, 0.324202
1.562, 0, 0, 0, 0.0480903, 1.32198, 0, 0.642056, 0.123022, 0, 0.378115, 0.123085, 0, 0, 0.324202
1.563, 0, 0, 0, 0.0480904, 1.32198, 0, 0.642056, 0.123022, 0, 0.378115, 0.123085, 0, 0, 0.324202
1.564, 0, 0, 0, 0.0480904, 1.32198, 0, 0.642056, 0.123022, 0, 0.378115, 0.123085, 0, 0, 0.324202
1.565, 0, 0, 0, 0.0480905, 1.32198, 0, 0.642056, 0.123022, 0, 0.378115, 0.123085, 0, 0, 0.324202
1.566, 0, 0, 0, 0.0480906, 1.32198, 0, 0.642056, 0.123022, 0, 0.378116, 0.123084, 0, 0, 0.324202
1.567, 0, 0, 0, 0.0480906, 1.32198, 0, 0.642056, 0.123022, 0, 0.378116, 0.123084, 0, 0, 0.324202
1.568, 0, 0, 0, 0.0480907, 1.32198, 0, 0.642056, 0.123022, 0, 0.378116, 0.123084, 0, 0, 0.324202
1.569, 0, 0, 0, 0.0480908, 1.32198, 0, 0.642056, 0.123022, 0, 0.378116, 0.123084, 0, 0, 0.324202
1.57, 0, 0, 0, 0.0480908, 1.32198, 0, 0.642056, 0.123022, 0, 0.378116, 0.123084, 0, 0, 0.324202
1.571, 0, 0, 0, 0.0480909, 1.32198, 0, 0.642056, 0.123022, 0, 0.378116, 0.123084, 0, 0, 0.324202
1.572, 0, 0, 0, 0.048091, 1.32198, 0, 0.642056, 0.123022, 0, 0.378116, 0.123084, 0, 0, 0.324202
1.573, 0, 0, 0, 0.048091, 1.32198, 0, 0.642056, 0.123022, 0, 0.378116, 0.123084, 0, 0, 0.324202
1.574, 0, 0, 0, 0.0480911, 1.32198, 0, 0.642056, 0.123022, 0, 0.378116, 0.123084, 0, 0, 0.324202
1.575, 0, 0, 0, 0.0480912, 1.32198, 0, 0.642056, 0.123022, 0, 0.378116, 0.123084, 0, 0, 0.324202
1.576, 0, 0, 0, 0.0480913, 1.32198, 0, 0.642056, 0.123022, 0, 0.378116, 0.123084, 0, 0, 0.324202
1.577, 0, 0, 0, 0.0480913, 1.32198, 0, 0.642056, 0.123022, 0, 0.378116, 0.123084, 0, 0, 0.324202
1.578, 0, 0, 0, 0.0480914, 1.32198, 0, 0.642056, 0.123022, 0, 0.378116, 0.123084, 0, 0, 0.324202
1.579, 0, 0, 0, 0.0480914, 1.32198, 0, 0.642056, 0.123022, 0, 0.378116, 0.123084, 0, 0, 0.324202
1.58, 0, 0, 0, 0.0480915, 1.32198, 0, 0.642056, 0.123022, 0, 0.378116, 0.123084, 0, 0, 0.324202
1.581, 0, 0, 0, 0.0480916, 1.32198, 0, 0.642056, 0.123022, 0, 0.378116, 0.123084, 0, 0, 0.324202
1.582, 0, 0, 0, 0.0480917, 1.32198, 0, 0.642056, 0.123023, 0, 0.378116, 0.123084, 0, 0, 0.324202
1.583, 0, 0, 0, 0.0480917, 1.32198, 0, 0.642056, 0.123023, 0, 0.378116, 0.123084, 0, 0, 0.324202
1.584, 0, 0, 0, 0.0480918, 1.32198, 0, 0.642056, 0.123023, 0, 0.378116, 0.123084, 0, 0, 0.324202
1.585, 0, 0, 0, 0.048092, 1.32198, 0, 0.642055, 0.123023, 0, 0.378116, 0.123083, 0, 0, 0.324202
1.586, 0, 0, 0, 0.0480922, 1.32198, 0, 0.642055, 0.123023, 0, 0.378117, 0.123083, 0, 0, 0.324202
1.587, 0, 0, 0, 0.0480922, 1.32198, 0, 0.642055, 0.123023, 0, 0.378117, 0.123083, 0, 0, 0.324202
1.588, 0, 0, 0, 0.0480923, 1.32198, 0, 0.642055, 0.123023, 0, 0.378117, 0.123083, 0, 0, 0.324202
1.589, 0, 0, 0, 0.0480924, 1.32198, 0, 0.642055, 0.123023, 0, 0.378117, 0.123083, 0, 0, 0.324202
1.59, 0, 0, 0, 0.0480925, 1.32198, 0, 0.642055, 0.123023, 0, 0.378117, 0.123083, 0, 0, 0.324202
1.591, 0, 0, 0, 0.0480925, 1.32198, 0, 0.642055, 0.123023, 0, 0.378117, 0.123083, 0, 0, 0.324202
1.592, 0, 0, 0, 0.0480926, 1.32198, 0, 0.642055, 0.123023, 0, 0.378117, 0.123083, 0, 0, 0.324202
1.593, 0, 0, 0, 0.0480927, 1.32198, 0, 0.642055, 0.123023, 0, 0.378117, 0.123083, 0, 0, 0.324202
1.594, 0, 0, 0, 0.0480927, 1.32198, 0, 0.642055, 0.123023, 0, 0.378117, 0.123083, 0, 0, 0.324202
1.595, 0, 0, 0, 0.0480928, 1.32198, 0, 0.642055, 0.123023, 0, 0.378117, 0.123083, 0, 0, 0.324202
1.596, 0, 0, 0, 0.0480929, 1.32198, 0, 0.642055, 0.123023, 0, 0.378117, 0.123083, 0, 0, 0.324202
1.597, 0, 0, 0, 0.048093, 1.32198, 0, 0.642055, 0.123023, 0, 0.378117, 0.123083, 0, 0, 0.324202
1.598, 0, 0, 0, 0.048093, 1.32198, 0, 0.642055, 0.123023, 0, 0.378117, 0.123083, 0, 0, 0.324202
1.599, 0, 0, 0, 0.0480931, 1.32198, 0, 0.642054, 0.123023, 0, 0.378117, 0.123083, 0, 0, 0.324202
1.6, 0, 0, 0, 0.0480932, 1.32198, 0, 0.642054, 0.123023, 0, 0.378117, 0.123083, 0, 0, 0.324202
1.601, 0, 0, 0, 0.0480932, 1.32198, 0, 0.642054, 0.123023, 0, 0.378117, 0.123083, 0, 0, 0.324202
1.602, 0, 0, 0, 0.0480933, 1.32198, 0, 0.642054, 0.123023, 0, 0.378117, 0.123083, 0, 0, 0.324202
1.603, 0, 0, 0, 0.0480934, 1.32198, 0, 0.642054, 0.123023, 0, 0.378117, 0.123083, 0, 0, 0.324202
1.604, 0, 0, 0, 0.0480935, 1.32198, 0, 0.642054, 0.123023, 0, 0.378117, 0.123082, 0, 0, 0.324202
1.605, 0, 0, 0, 0.0480935, 1.32198, 0, 0.642054, 0.123023, 0, 0.378117, 0.123082, 0, 0, 0.324202
1.606, 0, 0, 0, 0.0480936, 1.32198, 0, 0.642054, 0.123023, 0, 0.378117, 0.123082, 0, 0, 0.324202
1.607, 0, 0, 0, 0.0480937, 1.32198, 0, 0.642054, 0.123023, 0, 0.378118, 0.123082, 0, 0, 0.324202
1.608, 0, 0, 0, 0.0480937, 1.32198, 0, 0.642054, 0.123023, 0, 0.378118, 0.123082, 0, 0, 0.324202
1.609, 0, 0, 0, 0.0480938, 1.32198, 0, 0.642054, 0.123023, 0, 0.378118, 0.123082, 0, 0, 0.324202
1.61, 0, 0, 0, 0.0480939, 1.32198, 0, 0.642054, 0.123023, 0, 0.378118, 0.123082, 0, 0, 0.324202
1.611, 0, 0, 0, 0.048094, 1.32198, 0, 0.642054, 0.123023, 0, 0.378118, 0.123082, 0, 0, 0.324202
1.612, 0, 0, 0, 0.048094, 1.32198, 0, 0.642054, 0.123023, 0, 0.378118, 0.123082, 0, 0, 0.324202
1.613, 0, 0, 0, 0.0480941, 1.32198, 0, 0.642054, 0.123023, 0, 0.378118, 0.123082, 0, 0, 0.324202
1.614, 0, 0, 0, 0.0480942, 1.32198, 0, 0.642054, 0.123023, 0, 0.378118, 0.123082, 0, 0, 0.324202
1.615, 0, 0, 0, 0.0480943, 1.32198, 0, 0.642054, 0.123023, 0, 0.378118, 0.123082, 0, 0, 0.324202
1.616, 0, 0, 0, 0.0480943, 1.32197, 0, 0.642054, 0.123023, 0, 0.378118, 0.123082, 0, 0, 0.324202
1.617, 0, 0, 0, 0.0480944, 1.32197, 0, 0.642054, 0.123023, 0, 0.378118, 0.123082, 0, 0, 0.324202
1.618, 0, 0, 0, 0.0480945, 1.32197, 0, 0.642054, 0.123023, 0, 0.378118, 0.123082, 0, 0, 0.324202
1.619, 0, 0, 0, 0.0480945, 1.32197, 0, 0.642054, 0.123023, 0, 0.378118, 0.123082, 0, 0, 0.324202
1.62, 0, 0, 0, 0.0480946, 1.32197, 0, 0.642053, 0.123023, 0, 0.378118, 0.123082, 0, 0, 0.324202
1.621, 0, 0, 0, 0.0480947, 1.32197, 0, 0.642053, 0.123023, 0, 0.378118, 0.123082, 0, 0, 0.324202
1.622, 0, 0, 0, 0.0480948, 1.32197, 0, 0.642053, 0.123023, 0, 0.378118, 0.123082, 0, 0, 0.324202
1.623, 0, 0, 0, 0.0480948, 1.32197, 0, 0.642053, 0.123023, 0, 0.378118, 0.123082, 0, 0, 0.324202
1.624, 0, 0, 0, 0.0480949, 1.32197, 0, 0.642053, 0.123023, 0, 0.378118, 0.123081, 0, 0, 0.324202
1.625, 0, 0, 0, 0.048095, 1.32197, 0, 0.642053, 0.123023, 0, 0.378118, 0.123081, 0, 0, 0.324202
1.626, 0, 0, 0, 0.0480951, 1.32197, 0, 0.642053, 0.123023, 0, 0.378118, 0.123081, 0, 0, 0.324202
1.627, 0, 0, 0, 0.048095, 1.32197, 0, 0.642053, 0.123023, 0, 0.378119, 0.123081, 0, 0, 0.324203
1.628, 0, 0, 0, 0.048095, 1.32197, 0, 0.642053, 0.123023, 0, 0.378119, 0.123081, 0, 0, 0.324203
1.629, 0, 0, 0, 0.048095, 1.32197, 0, 0.642053, 0.123023, 0, 0.378119, 0.123081, 0, 0, 0.324203
1.63, 0, 0, 0, 0.0480951, 1.32197, 0, 0.642053, 0.123023, 0, 0.378119, 0.123081, 0, 0, 0.324203
1.631, 0, 0, 0, 0.0480952, 1.32197, 0, 0.642053, 0.123023, 0, 0.378119, 0.123081, 0, 0, 0.324203
1.632, 0, 0, 0, 0.0480953, 1.32197, 0, 0.642053, 0.123023, 0, 0.378119, 0.123081, 0, 0, 0.324203
1.633, 0, 0, 0, 0.0480953, 1.32197, 0, 0.642053, 0.123023, 0, 0.378119, 0.123081, 0, 0, 0.324203
1.634, 0, 0, 0, 0.0480954, 1.32197, 0, 0.642053, 0.123023, 0, 0.378119, 0.123081, 0, 0, 0.324203
1.635, 0, 0, 0, 0.0480955, 1.32197, 0, 0.642053, 0.123023, 0, 0.378119, 0.123081, 0, 0, 0.324203
1.636, 0, 0, 0, 0.0480955, 1.32197, 0, 0.642053, 0.123023, 0, 0.378119, 0.123081, 0, 0, 0.324203
1.637, 0, 0, 0, 0.0480956, 1.32197, 0, 0.642053, 0.123023, 0, 0.378119, 0.123081, 0, 0, 0.324203
1.638, 0, 0, 0, 0.0480957, 1.32197, 0, 0.642053, 0.123023, 0, 0.378119, 0.123081, 0, 0, 0.324203
1.639, 0, 0, 0, 0.0480957, 1.32197, 0, 0.642053, 0.123023, 0, 0.378119, 0.123081, 0, 0, 0.324203
1.64, 0, 0, 0, 0.0480958, 1.32197, 0, 0.642053, 0.123023, 0, 0.378119, 0.123081, 0, 0, 0.324203
1.641, 0, 0, 0, 0.0480959, 1.32197, 0, 0.642053, 0.123023, 0, 0.378119, 0.123081, 0, 0, 0.324203
1.642, 0, 0, 0, 0.048096, 1.32197, 0, 0.642053, 0.123023, 0, 0.378119, 0.123081, 0, 0, 0.324203
1.643, 0, 0, 0, 0.048096, 1.32197, 0, 0.642053, 0.123023, 0, 0.378119, 0.123081, 0, 0, 0.324203
1.644, 0, 0, 0, 0.0480961, 1.32197, 0, 0.642053, 0.123023, 0, 0.378119, 0.123081, 0, 0, 0.324203
1.645, 0, 0, 0, 0.0480962, 1.32197, 0, 0.642053, 0.123023, 0, 0.378119, 0.123081, 0, 0, 0.324203
1.646, 0, 0, 0, 0.0480962, 1.32197, 0, 0.642053, 0.123024, 0, 0.378119, 0.123081, 0, 0, 0.324203
1.647, 0, 0, 0, 0.0480963, 1.32197, 0, 0.642053, 0.123024, 0, 0.37812, 0.12308, 0, 0, 0.324203
1.648, 0, 0, 0, 0.0480964, 1.32197, 0, 0.642053, 0.123024, 0, 0.37812, 0.12308, 0, 0, 0.324203
1.649, 0, 0, 0, 0.0480964, 1.32197, 0, 0.642053, 0.123024, 0, 0.37812, 0.12308, 0, 0, 0.324203
1.65, 0, 0, 0, 0.0480965, 1.32197, 0, 0.642053, 0.123024, 0, 0.37812, 0.12308, 0, 0, 0.324203
1.651, 0, 0, 0, 0.0480966, 1.32197, 0, 0.642053, 0.123024, 0, 0.37812, 0.12308, 0, 0, 0.324203
1.652, 0, 0, 0, 0.0480966, 1.32197, 0, 0.642053, 0.123024, 0, 0.37812, 0.12308, 0, 0, 0.324203
1.653, 0, 0, 0, 0.0480967, 1.32197, 0, 0.642053, 0.123024, 0, 0.37812, 0.12308, 0, 0, 0.324203
1.654, 0, 0, 0, 0.0480968, 1.32197, 0, 0.642052, 0.123024, 0, 0.37812, 0.12308, 0, 0, 0.324203
1.655, 0, 0, 0, 0.0480968, 1.32197, 0, 0.642052, 0.123024, 0, 0.37812, 0.12308, 0, 0, 0.324203
1.656, 0, 0, 0, 0.0480969, 1.32197, 0, 0.642052, 0.123024, 0, 0.37812, 0.12308, 0, 0, 0.324203
1.657, 0, 0, 0, 0.048097, 1.32197, 0, 0.642052, 0.123024, 0, 0.37812, 0.12308, 0, 0, 0.324203
1.658, 0, 0, 0, 0.0480965, 1.32197, 0, 0.642053, 0.123024, 0, 0.37812, 0.12308, 0, 0, 0.324203
1.659, 0, 0, 0, 0.0480963, 1.32197, 0, 0.642053, 0.123024, 0, 0.37812, 0.12308, 0, 0, 0.324203
1.66, 0, 0, 0, 0.0480966, 1.32197, 0, 0.642053, 0.123024, 0, 0.37812, 0.12308, 0, 0, 0.324203
1.661, 0, 0, 0, 0.0480965, 1.32197, 0, 0.642053, 0.123024, 0, 0.37812, 0.12308, 0, 0, 0.324203
1.662, 0, 0, 0, 0.0480965, 1.32197, 0, 0.642053, 0.123024, 0, 0.37812, 0.12308, 0, 0, 0.324203
1.663, 0, 0, 0, 0.0480966, 1.32197, 0, 0.642053, 0.123024, 0, 0.37812, 0.12308, 0, 0, 0.324203
1.664, 0, 0, 0, 0.0480966, 1.32197, 0, 0.642053, 0.123024, 0, 0.37812, 0.12308, 0, 0, 0.324203
1.665, 0, 0, 0, 0.0480967, 1.32197, 0, 0.642053, 0.123024, 0, 0.37812, 0.12308, 0, 0, 0.324203
1.666, 0, 0, 0, 0.0480968, 1.32197, 0, 0.642053, 0.123024, 0, 0.37812, 0.12308, 0, 0, 0.324203
1.667, 0, 0, 0, 0.0480968, 1.32197, 0, 0.642053, 0.123024, 0, 0.37812, 0.12308, 0, 0, 0.324203
1.668, 0, 0, 0, 0.0480969, 1.32197, 0, 0.642053, 0.123024, 0, 0.37812, 0.12308, 0, 0, 0.324203
1.669, 0, 0, 0, 0.048097, 1.32197, 0, 0.642053, 0.123024, 0, 0.37812, 0.12308, 0, 0, 0.324203
1.67, 0, 0, 0, 0.048097, 1.32197, 0, 0.642053, 0.123024, 0, 0.378121, 0.12308, 0, 0, 0.324203
1.671, 0, 0, 0, 0.0480971, 1.32197, 0, 0.642053, 0.123024, 0, 0.378121, 0.12308, 0, 0, 0.324203
1.672, 0, 0, 0, 0.0480972, 1.32197, 0, 0.642053, 0.123024, 0, 0.378121, 0.12308, 0, 0, 0.324203
1.673, 0, 0, 0, 0.0480973, 1.32197, 0, 0.642053, 0.123024, 0, 0.378121, 0.12308, 0, 0, 0.324203
1.674, 0, 0, 0, 0.0480973, 1.32197, 0, 0.642053, 0.123024, 0, 0.378121, 0.12308, 0, 0, 0.324203
1.675, 0, 0, 0, 0.0480974, 1.32197, 0, 0.642053, 0.123024, 0, 0.378121, 0.12308, 0, 0, 0.324203
1.676, 0, 0, 0, 0.0480974, 1.32197, 0, 0.642053, 0.123024, 0, 0.378121, 0.123079, 0, 0, 0.324203
1.677, 0, 0, 0, 0.0480975, 1.32197, 0, 0.642053, 0.123024, 0, 0.378121, 0.123079, 0, 0, 0.324203
1.678, 0, 0, 0, 0.0480976, 1.32197, 0, 0.642053, 0.123024, 0, 0.378121, 0.123079, 0, 0, 0.324203
1.679, 0, 0, 0, 0.0480976, 1.32197, 0, 0.642053, 0.123024, 0, 0.378121, 0.123079, 0, 0, 0.324203
1.68, 0, 0, 0, 0.0480977, 1.32197, 0, 0.642053, 0.123024, 0, 0.378121, 0.123079, 0, 0, 0.324203
1.681, 0, 0, 0, 0.0480978, 1.32197, 0, 0.642053, 0.123024, 0, 0.378121, 0.123079, 0, 0, 0.324203
1.682, 0, 0, 0, 0.0480978, 1.32197, 0, 0.642053, 0.123024, 0, 0.378121, 0.123079, 0, 0, 0.324203
1.683, 0, 0, 0, 0.0480979, 1.32197, 0, 0.642053, 0.123024, 0, 0.378121, 0.123079, 0, 0, 0.324203
1.684, 0, 0, 0, 0.048098, 1.32197, 0, 0.642052, 0.123024, 0, 0.378121, 0.123079, 0, 0, 0.324203
1.685, 0, 0, 0, 0.048098, 1.32197, 0, 0.642052, 0.123024, 0, 0.378121, 0.123079, 0, 0, 0.324203
1.686, 0, 0, 0, 0.0480981, 1.32197, 0, 0.642052, 0.123024, 0, 0.378121, 0.123079, 0, 0, 0.324203
1.687, 0, 0, 0, 0.0480982, 1.32197, 0, 0.642052, 0.123024, 0, 0.378121, 0.123079, 0, 0, 0.324203
1.688, 0, 0, 0, 0.0480982, 1.32197, 0, 0.642052, 0.123024, 0, 0.378121, 0.123079, 0, 0, 0.324203
1.689, 0, 0, 0, 0.0480983, 1.32197, 0, 0.642052, 0.123024, 0, 0.378121, 0.123079, 0, 0, 0.324203
1.69, 0, 0, 0, 0.0480984, 1.32197, 0, 0.642052, 0.123024, 0, 0.378121, 0.123079, 0, 0, 0.324203
1.691, 0, 0, 0, 0.0480984, 1.32197, 0, 0.642052, 0.123024, 0, 0.378122, 0.123079, 0, 0, 0.324203
1.692, 0, 0, 0, 0.0480985, 1.32197, 0, 0.642052, 0.123024, 0, 0.378122, 0.123079, 0, 0, 0.324203
1.693, 0, 0, 0, 0.0480986, 1.32197, 0, 0.642052, 0.123024, 0, 0.378122, 0.123079, 0, 0, 0.324203
1.694, 0, 0, 0, 0.0480986, 1.32197, 0, 0.642052, 0.123025, 0, 0.378122, 0.123079, 0, 0, 0.324203
1.695, 0, 0, 0, 0.0480987, 1.32197, 0, 0.642052, 0.123025, 0, 0.378122, 0.123079, 0, 0, 0.324204
1.696, 0, 0, 0, 0.0480988, 1.32197, 0, 0.642052, 0.123025, 0, 0.378122, 0.123079, 0, 0, 0.324204
1.697, 0, 0, 0, 0.0480988, 1.32197, 0, 0.642052, 0.123025, 0, 0.378122, 0.123078, 0, 0, 0.324204
1.698, 0, 0, 0, 0.0480989, 1.32197, 0, 0.642052, 0.123025, 0, 0.378122, 0.123078, 0, 0, 0.324204
1.699, 0, 0, 0, 0.048099, 1.32197, 0, 0.642052, 0.123025, 0, 0.378122, 0.123078, 0, 0, 0.324204
1.7, 0, 0, 0, 0.048099, 1.32197, 0, 0.642052, 0.123025, 0, 0.378122, 0.123078, 0, 0, 0.324204
1.701, 0, 0, 0, 0.0480991, 1.32197, 0, 0.642052, 0.123025, 0, 0.378122, 0.123078, 0, 0, 0.324204
1.702, 0, 0, 0, 0.0480992, 1.32197, 0, 0.642052, 0.123025, 0, 0.378122, 0.123078, 0, 0, 0.324204
1.703, 0, 0, 0, 0.0480992, 1.32197, 0, 0.642052, 0.123025, 0, 0.378122, 0.123078, 0, 0, 0.324204
1.704, 0, 0, 0, 0.0481004, 1.32197, 0, 0.642049, 0.123025, 0, 0.378122, 0.123077, 0, 0, 0.324203
1.705, 0, 0, 0, 0.0481021, 1.32197, 0, 0.642049, 0.123025, 0, 0.378123, 0.123077, 0, 0, 0.324202
1.706, 0, 0, 0, 0.0481022, 1.32197, 0, 0.642049, 0.123025, 0, 0.378123, 0.123077, 0, 0, 0.324202
1.707, 0, 0, 0, 0.0481022, 1.32197, 0, 0.642048, 0.123025, 0, 0.378123, 0.123077, 0, 0, 0.324202
1.708, 0, 0, 0, 0.0481026, 1.32197, 0, 0.642048, 0.123025, 0, 0.378123, 0.123077, 0, 0, 0.324202
1.709, 0, 0, 0, 0.0481026, 1.32197, 0, 0.642048, 0.123025, 0, 0.378123, 0.123077, 0, 0, 0.324202
1.71, 0, 0, 0, 0.0481027, 1.32197, 0, 0.642048, 0.123025, 0, 0.378123, 0.123077, 0, 0, 0.324202
1.711, 0, 0, 0, 0.0481026, 1.32197, 0, 0.642048, 0.123025, 0, 0.378123, 0.123077, 0, 0, 0.324202
1.712, 0, 0, 0, 0.0481026, 1.32197, 0, 0.642048, 0.123025, 0, 0.378123, 0.123076, 0, 0, 0.324202
1.713, 0, 0, 0, 0.0481026, 1.32197, 0, 0.642048, 0.123025, 0, 0.378123, 0.123076, 0, 0, 0.324202
1.714, 0, 0, 0, 0.0481025, 1.32197, 0, 0.642048, 0.123024, 0, 0.378123, 0.123076, 0, 0, 0.324202
1.715, 0, 0, 0, 0.0481025, 1.32197, 0, 0.642048, 0.123024, 0, 0.378123, 0.123076, 0, 0, 0.324202
1.716, 0, 0, 0, 0.0481025, 1.32197, 0, 0.642048, 0.123024, 0, 0.378123, 0.123076, 0, 0, 0.324202
1.717, 0, 0, 0, 0.0481024, 1.32197, 0, 0.642048, 0.123024, 0, 0.378123, 0.123076, 0, 0, 0.324203
1.718, 0, 0, 0, 0.0481026, 1.32197, 0, 0.642048, 0.123024, 0, 0.378123, 0.123076, 0, 0, 0.324202
1.719, 0, 0, 0, 0.0481027, 1.32197, 0, 0.642048, 0.123024, 0, 0.378123, 0.123076, 0, 0, 0.324203
1.72, 0, 0, 0, 0.0481025, 1.32197, 0, 0.642048, 0.123024, 0, 0.378123, 0.123076, 0, 0, 0.324203
1.721, 0, 0, 0, 0.0481025, 1.32197, 0, 0.642048, 0.123024, 0, 0.378123, 0.123076, 0, 0, 0.324203
1.722, 0, 0, 0, 0.0481026, 1.32197, 0, 0.642048, 0.123024, 0, 0.378123, 0.123076, 0, 0, 0.324203
1.723, 0, 0, 0, 0.0481026, 1.32197, 0, 0.642048, 0.123024, 0, 0.378123, 0.123076, 0, 0, 0.324203
1.724, 0, 0, 0, 0.0481027, 1.32197, 0, 0.642048, 0.123024, 0, 0.378124, 0.123076, 0, 0, 0.324203
1.725, 0, 0, 0, 0.0481027, 1.32197, 0, 0.642048, 0.123025, 0, 0.378124, 0.123076, 0, 0, 0.324203
1.726, 0, 0, 0, 0.0481032, 1.32197, 0, 0.642047, 0.123025, 0, 0.378124, 0.123075, 0, 0, 0.324203
1.727, 0, 0, 0, 0.0481029, 1.32197, 0, 0.642049, 0.123025, 0, 0.378124, 0.123076, 0, 0, 0.324203
1.728, 0, 0, 0, 0.0481028, 1.32197, 0, 0.642046, 0.123024, 0, 0.378123, 0.123075, 0, 0, 0.324202
1.729, 0, 0, 0, 0.0481043, 1.32197, 0, 0.642047, 0.123025, 0, 0.378125, 0.123075, 0, 0, 0.324203
1.73, 0, 0, 0, 0.0481042, 1.32197, 0, 0.642046, 0.123025, 0, 0.378124, 0.123075, 0, 0, 0.324202
1.731, 0, 0, 0, 0.0481042, 1.32197, 0, 0.642047, 0.123025, 0, 0.378124, 0.123075, 0, 0, 0.324202
1.732, 0, 0, 0, 0.0481046, 1.32197, 0, 0.642046, 0.123025, 0, 0.378124, 0.123075, 0, 0, 0.324202
1.733, 0, 0, 0, 0.0481048, 1.32197, 0, 0.642046, 0.123025, 0, 0.378125, 0.123075, 0, 0, 0.324202
1.734, 0, 0, 0, 0.0481047, 1.32197, 0, 0.642046, 0.123025, 0, 0.378124, 0.123075, 0, 0, 0.324202
1.735, 0, 0, 0, 0.0481048, 1.32197, 0, 0.642046, 0.123025, 0, 0.378125, 0.123075, 0, 0, 0.324202
1.736, 0, 0, 0, 0.0481047, 1.32197, 0, 0.642046, 0.123025, 0, 0.378125, 0.123075, 0, 0, 0.324203
1.737, 0, 0, 0, 0.0481047, 1.32197, 0, 0.642046, 0.123025, 0, 0.378125, 0.123075, 0, 0, 0.324203
1.738, 0, 0, 0, 0.0481047, 1.32197, 0, 0.642046, 0.123025, 0, 0.378125, 0.123075, 0, 0, 0.324203
1.739, 0, 0, 0, 0.0481046, 1.32197, 0, 0.642046, 0.123025, 0, 0.378125, 0.123075, 0, 0, 0.324203
1.74, 0, 0, 0, 0.0481046, 1.32197, 0, 0.642047, 0.123025, 0, 0.378125, 0.123075, 0, 0, 0.324203
1.741, 0, 0, 0, 0.0481047, 1.32197, 0, 0.642046, 0.123025, 0, 0.378125, 0.123075, 0, 0, 0.324203
1.742, 0, 0, 0, 0.0481047, 1.32197, 0, 0.642047, 0.123025, 0, 0.378125, 0.123075, 0, 0, 0.324203
1.743, 0, 0, 0, 0.0481047, 1.32197, 0, 0.642046, 0.123025, 0, 0.378125, 0.123075, 0, 0, 0.324203
1.744, 0, 0, 0, 0.0481045, 1.32197, 0, 0.642047, 0.123025, 0, 0.378125, 0.123075, 0, 0, 0.324203
1.745, 0, 0, 0, 0.0481042, 1.32197, 0, 0.642047, 0.123025, 0, 0.378125, 0.123075, 0, 0, 0.324203
1.746, 0, 0, 0, 0.0481051, 1.32197, 0, 0.642046, 0.123025, 0, 0.378125, 0.123074, 0, 0, 0.324203
1.747, 0, 0, 0, 0.0481053, 1.32197, 0, 0.642047, 0.123025, 0, 0.378126, 0.123075, 0, 0, 0.324203
1.748, 0, 0, 0, 0.0481051, 1.32197, 0, 0.642046, 0.123025, 0, 0.378125, 0.123074, 0, 0, 0.324203
1.749, 0, 0, 0, 0.0481053, 1.32197, 0, 0.642046, 0.123025, 0, 0.378125, 0.123074, 0, 0, 0.324203
1.75, 0, 0, 0, 0.0481055, 1.32197, 0, 0.642046, 0.123025, 0, 0.378125, 0.123074, 0, 0, 0.324203
1.751, 0, 0, 0, 0.0481056, 1.32197, 0, 0.642046, 0.123025, 0, 0.378126, 0.123074, 0, 0, 0.324203
1.752, 0, 0, 0, 0.0481054, 1.32197, 0, 0.642046, 0.123025, 0, 0.378126, 0.123074, 0, 0, 0.324203
1.753, 0, 0, 0, 0.0481055, 1.32197, 0, 0.642046, 0.123025, 0, 0.378126, 0.123074, 0, 0, 0.324203
1.754, 0, 0, 0, 0.0481055, 1.32197, 0, 0.642046, 0.123025, 0, 0.378126, 0.123074, 0, 0, 0.324203
1.755, 0, 0, 0, 0.0481054, 1.32197, 0, 0.642046, 0.123025, 0, 0.378126, 0.123074, 0, 0, 0.324203
1.756, 0, 0, 0, 0.0481053, 1.32197, 0, 0.642047, 0.123025, 0, 0.378126, 0.123074, 0, 0, 0.324203
1.757, 0, 0, 0, 0.0481053, 1.32197, 0, 0.642047, 0.123025, 0, 0.378126, 0.123074, 0, 0, 0.324203
1.758, 0, 0, 0, 0.0481053, 1.32197, 0, 0.642047, 0.123025, 0, 0.378126, 0.123074, 0, 0, 0.324204
1.759, 0, 0, 0, 0.0481052, 1.32197, 0, 0.642047, 0.123025, 0, 0.378126, 0.123074, 0, 0, 0.324204
1.76, 0, 0, 0, 0.0481052, 1.32197, 0, 0.642047, 0.123026, 0, 0.378126, 0.123074, 0, 0, 0.324204
1.761, 0, 0, 0, 0.0481052, 1.32197, 0, 0.642047, 0.123026, 0, 0.378126, 0.123074, 0, 0, 0.324204
1.762, 0, 0, 0, 0.0481052, 1.32197, 0, 0.642047, 0.123026, 0, 0.378126, 0.123074, 0, 0, 0.324204
1.763, 0, 0, 0, 0.0481051, 1.32197, 0, 0.642047, 0.123026, 0, 0.378126, 0.123074, 0, 0, 0.324204
1.764, 0, 0, 0, 0.0481052, 1.32197, 0, 0.642047, 0.123026, 0, 0.378126, 0.123074, 0, 0, 0.324204
1.765, 0, 0, 0, 0.0481052, 1.32197, 0, 0.642047, 0.123026, 0, 0.378126, 0.123074, 0, 0, 0.324204
1.766, 0, 0, 0, 0.0481051, 1.32197, 0, 0.642047, 0.123026, 0, 0.378126, 0.123074, 0, 0, 0.324204
1.767, 0, 0, 0, 0.0481051, 1.32197, 0, 0.642048, 0.123026, 0, 0.378126, 0.123074, 0, 0, 0.324204
1.768, 0, 0, 0, 0.048105, 1.32197, 0, 0.642048, 0.123026, 0, 0.378126, 0.123074, 0, 0, 0.324204
1.769, 0, 0, 0, 0.0481052, 1.32197, 0, 0.642047, 0.123026, 0, 0.378126, 0.123074, 0, 0, 0.324204
1.77, 0, 0, 0, 0.0481052, 1.32197, 0, 0.642048, 0.123026, 0, 0.378127, 0.123074, 0, 0, 0.324204
1.771, 0, 0, 0, 0.048105, 1.32197, 0, 0.642048, 0.123026, 0, 0.378126, 0.123074, 0, 0, 0.324204
1.772, 0, 0, 0, 0.048105, 1.32197, 0, 0.642048, 0.123026, 0, 0.378127, 0.123074, 0, 0, 0.324204
1.773, 0, 0, 0, 0.0481049, 1.32197, 0, 0.642048, 0.123026, 0, 0.378127, 0.123074, 0, 0, 0.324205
1.774, 0, 0, 0, 0.0481048, 1.32197, 0, 0.642048, 0.123026, 0, 0.378127, 0.123074, 0, 0, 0.324205
1.775, 0, 0, 0, 0.0481047, 1.32197, 0, 0.642049, 0.123026, 0, 0.378127, 0.123074, 0, 0, 0.324205
1.776, 0, 0, 0, 0.0481046, 1.32197, 0, 0.642049, 0.123026, 0, 0.378127, 0.123074, 0, 0, 0.324205
1.777, 0, 0, 0, 0.0481046, 1.32197, 0, 0.642049, 0.123026, 0, 0.378127, 0.123074, 0, 0, 0.324205
1.778, 0, 0, 0, 0.0481045, 1.32197, 0, 0.642049, 0.123026, 0, 0.378127, 0.123074, 0, 0, 0.324205
1.779, 0, 0, 0, 0.0481044, 1.32197, 0, 0.642049, 0.123026, 0, 0.378127, 0.123074, 0, 0, 0.324205
1.78, 0, 0, 0, 0.0481043, 1.32197, 0, 0.642049, 0.123026, 0, 0.378127, 0.123074, 0, 0, 0.324205
1.781, 0, 0, 0, 0.0481043, 1.32197, 0, 0.642049, 0.123026, 0, 0.378127, 0.123074, 0, 0, 0.324205
1.782, 0, 0, 0, 0.0481053, 1.32197, 0, 0.642047, 0.123027, 0, 0.378127, 0.123073, 0, 0, 0.324205
1.783, 0, 0, 0, 0.0481058, 1.32197, 0, 0.642049, 0.123027, 0, 0.378128, 0.123074, 0, 0, 0.324205
1.784, 0, 0, 0, 0.0481053, 1.32197, 0, 0.642048, 0.123027, 0, 0.378127, 0.123074, 0, 0, 0.324205
1.785, 0, 0, 0, 0.0481056, 1.32197, 0, 0.642048, 0.123027, 0, 0.378127, 0.123074, 0, 0, 0.324205
1.786, 0, 0, 0, 0.0481055, 1.32197, 0, 0.642048, 0.123027, 0, 0.378127, 0.123074, 0, 0, 0.324205
1.787, 0, 0, 0, 0.0481055, 1.32197, 0, 0.642049, 0.123027, 0, 0.378127, 0.123074, 0, 0, 0.324205
1.788, 0, 0, 0, 0.0481053, 1.32197, 0, 0.642049, 0.123027, 0, 0.378127, 0.123074, 0, 0, 0.324205
1.789, 0, 0, 0, 0.0481052, 1.32197, 0, 0.642049, 0.123027, 0, 0.378127, 0.123074, 0, 0, 0.324205
1.79, 0, 0, 0, 0.0481052, 1.32197, 0, 0.642049, 0.123027, 0, 0.378127, 0.123074, 0, 0, 0.324205
1.791, 0, 0, 0, 0.0481052, 1.32197, 0, 0.642049, 0.123027, 0, 0.378127, 0.123074, 0, 0, 0.324205
1.792, 0, 0, 0, 0.048105, 1.32197, 0, 0.642049, 0.123027, 0, 0.378127, 0.123074, 0, 0, 0.324205
1.793, 0, 0, 0, 0.0481049, 1.32197, 0, 0.642049, 0.123027, 0, 0.378127, 0.123074, 0, 0, 0.324205
1.794, 0, 0, 0, 0.0481048, 1.32197, 0, 0.642049, 0.123027, 0, 0.378127, 0.123074, 0, 0, 0.324205
1.795, 0, 0, 0, 0.0481047, 1.32197, 0, 0.64205, 0.123027, 0, 0.378127, 0.123074, 0, 0, 0.324206
1.796, 0, 0, 0, 0.0481046, 1.32197, 0, 0.64205, 0.123027, 0, 0.378127, 0.123074, 0, 0, 0.324206
1.797, 0, 0, 0, 0.0481049, 1.32197, 0, 0.642049, 0.123027, 0, 0.378127, 0.123073, 0, 0, 0.324205
1.798, 0, 0, 0, 0.0481048, 1.32197, 0, 0.64205, 0.123027, 0, 0.378128, 0.123074, 0, 0, 0.324206
1.799, 0, 0, 0, 0.0481045, 1.32197, 0, 0.64205, 0.123027, 0, 0.378127, 0.123074, 0, 0, 0.324206
1.8, 0, 0, 0, 0.0481047, 1.32197, 0, 0.64205, 0.123027, 0, 0.378128, 0.123074, 0, 0, 0.324206
1.801, 0, 0, 0, 0.0481044, 1.32197, 0, 0.642051, 0.123027, 0, 0.378128, 0.123074, 0, 0, 0.324206
1.802, 0, 0, 0, 0.0481039, 1.32197, 0, 0.64205, 0.123027, 0, 0.378127, 0.123074, 0, 0, 0.324206
1.803, 0, 0, 0, 0.0481047, 1.32197, 0, 0.64205, 0.123027, 0, 0.378128, 0.123073, 0, 0, 0.324206
1.804, 0, 0, 0, 0.0481044, 1.32197, 0, 0.642051, 0.123027, 0, 0.378128, 0.123074, 0, 0, 0.324206
1.805, 0, 0, 0, 0.0481041, 1.32197, 0, 0.64205, 0.123027, 0, 0.378127, 0.123074, 0, 0, 0.324206
1.806, 0, 0, 0, 0.0481044, 1.32197, 0, 0.642051, 0.123027, 0, 0.378128, 0.123074, 0, 0, 0.324206
1.807, 0, 0, 0, 0.048104, 1.32197, 0, 0.642051, 0.123027, 0, 0.378128, 0.123074, 0, 0, 0.324206
1.808, 0, 0, 0, 0.0481037, 1.32197, 0, 0.642051, 0.123027, 0, 0.378128, 0.123074, 0, 0, 0.324206
1.809, 0, 0, 0, 0.0481035, 1.32197, 0, 0.642052, 0.123027, 0, 0.378127, 0.123074, 0, 0, 0.324207
1.81, 0, 0, 0, 0.0481043, 1.32197, 0, 0.64205, 0.123027, 0, 0.378128, 0.123073, 0, 0, 0.324206
1.811, 0, 0, 0, 0.0481045, 1.32197, 0, 0.642051, 0.123028, 0, 0.378128, 0.123074, 0, 0, 0.324206
1.812, 0, 0, 0, 0.0481035, 1.32197, 0, 0.642052, 0.123028, 0, 0.378127, 0.123074, 0, 0, 0.324207
1.813, 0, 0, 0, 0.0481034, 1.32197, 0, 0.642052, 0.123027, 0, 0.378127, 0.123074, 0, 0, 0.324207
1.814, 0, 0, 0, 0.0481033, 1.32197, 0, 0.642053, 0.123027, 0, 0.378128, 0.123074, 0, 0, 0.324207
1.815, 0, 0, 0, 0.0481036, 1.32197, 0, 0.642051, 0.123027, 0, 0.378128, 0.123074, 0, 0, 0.324206
1.816, 0, 0, 0, 0.0481039, 1.32197, 0, 0.642052, 0.123028, 0, 0.378128, 0.123074, 0, 0, 0.324207
1.817, 0, 0, 0, 0.0481035, 1.32197, 0, 0.642052, 0.123028, 0, 0.378128, 0.123074, 0, 0, 0.324207
1.818, 0, 0, 0, 0.0481039, 1.32197, 0, 0.642052, 0.123028, 0, 0.378128, 0.123074, 0, 0, 0.324206
1.819, 0, 0, 0, 0.0481039, 1.32197, 0, 0.642052, 0.123028, 0, 0.378128, 0.123074, 0, 0, 0.324207
1.82, 0, 0, 0, 0.0481036, 1.32197, 0, 0.642052, 0.123028, 0, 0.378128, 0.123074, 0, 0, 0.324207
1.821, 0, 0, 0, 0.0481036, 1.32197, 0, 0.642052, 0.123028, 0, 0.378128, 0.123074, 0, 0, 0.324207
1.822, 0, 0, 0, 0.0481036, 1.32197, 0, 0.642052, 0.123028, 0, 0.378128, 0.123074, 0, 0, 0.324207
1.823, 0, 0, 0, 0.0481036, 1.32197, 0, 0.642052, 0.123028, 0, 0.378128, 0.123074, 0, 0, 0.324207
1.824, 0, 0, 0, 0.0481034, 1.32197, 0, 0.642052, 0.123028, 0, 0.378128, 0.123074, 0, 0, 0.324207
1.825, 0, 0, 0, 0.0481034, 1.32197, 0, 0.642052, 0.123028, 0, 0.378128, 0.123074, 0, 0, 0.324207
1.826, 0, 0, 0, 0.0481034, 1.32197, 0, 0.642052, 0.123028, 0, 0.378128, 0.123074, 0, 0, 0.324207
1.827, 0, 0, 0, 0.0481036, 1.32197, 0, 0.642052, 0.123028, 0, 0.378128, 0.123074, 0, 0, 0.324207
1.828, 0, 0, 0, 0.0481031, 1.32197, 0, 0.642053, 0.123028, 0, 0.378128, 0.123074, 0, 0, 0.324207
1.829, 0, 0, 0, 0.0481026, 1.32197, 0, 0.642053, 0.123028, 0, 0.378128, 0.123074, 0, 0, 0.324207
1.83, 0, 0, 0, 0.0481024, 1.32197, 0, 0.642054, 0.123028, 0, 0.378128, 0.123074, 0, 0, 0.324207
1.831, 0, 0, 0, 0.0481021, 1.32197, 0, 0.642054, 0.123028, 0, 0.378128, 0.123074, 0, 0, 0.324208
1.832, 0, 0, 0, 0.048102, 1.32197, 0, 0.642054, 0.123028, 0, 0.378128, 0.123074, 0, 0, 0.324208
1.833, 0, 0, 0, 0.0481018, 1.32197, 0, 0.642054, 0.123028, 0, 0.378128, 0.123074, 0, 0, 0.324208
1.834, 0, 0, 0, 0.0481017, 1.32197, 0, 0.642054, 0.123028, 0, 0.378128, 0.123074, 0, 0, 0.324208
1.835, 0, 0, 0, 0.0481016, 1.32197, 0, 0.642055, 0.123028, 0, 0.378128, 0.123075, 0, 0, 0.324208
1.836, 0, 0, 0, 0.0481016, 1.32197, 0, 0.642054, 0.123028, 0, 0.378128, 0.123074, 0, 0, 0.324208
1.837, 0, 0, 0, 0.0481016, 1.32197, 0, 0.642055, 0.123028, 0, 0.378128, 0.123075, 0, 0, 0.324208
1.838, 0, 0, 0, 0.0481011, 1.32197, 0, 0.642055, 0.123028, 0, 0.378127, 0.123075, 0, 0, 0.324208
1.839, 0, 0, 0, 0.0481013, 1.32197, 0, 0.642055, 0.123028, 0, 0.378128, 0.123074, 0, 0, 0.324208
1.84, 0, 0, 0, 0.0481011, 1.32197, 0, 0.642056, 0.123028, 0, 0.378128, 0.123075, 0, 0, 0.324208
1.841, 0, 0, 0, 0.0481005, 1.32197, 0, 0.642056, 0.123028, 0, 0.378127, 0.123075, 0, 0, 0.324208
1.842, 0, 0, 0, 0.0481003, 1.32197, 0, 0.642057, 0.123028, 0, 0.378127, 0.123075, 0, 0, 0.324209
1.843, 0, 0, 0, 0.0481001, 1.32197, 0, 0.642057, 0.123028, 0, 0.378127, 0.123075, 0, 0, 0.324209
1.844, 0, 0, 0, 0.0480998, 1.32197, 0, 0.642057, 0.123028, 0, 0.378127, 0.123075, 0, 0, 0.324209
1.845, 0, 0, 0, 0.0480998, 1.32197, 0, 0.642057, 0.123028, 0, 0.378127, 0.123075, 0, 0, 0.324209
1.846, 0, 0, 0, 0.0480983, 1.32198, 0, 0.642061, 0.123028, 0, 0.378127, 0.123077, 0, 0, 0.32421
1.847, 0, 0, 0, 0.0480942, 1.32198, 0, 0.642064, 0.123027, 0, 0.378125, 0.123078, 0, 0, 0.324212
1.848, 0, 0, 0, 0.0480963, 1.32197, 0, 0.642058, 0.123027, 0, 0.378126, 0.123075, 0, 0, 0.32421
1.849, 0, 0, 0, 0.0480977, 1.32198, 0, 0.642063, 0.123029, 0, 0.378129, 0.123077, 0, 0, 0.324211
1.85, 0, 0, 0, 0.0480955, 1.32197, 0, 0.64206, 0.123028, 0, 0.378126, 0.123077, 0, 0, 0.32421
1.851, 0, 0, 0, 0.048096, 1.32197, 0, 0.642062, 0.123028, 0, 0.378127, 0.123077, 0, 0, 0.32421
1.852, 0, 0, 0, 0.0480959, 1.32197, 0, 0.642062, 0.123028, 0, 0.378127, 0.123077, 0, 0, 0.32421
1.853, 0, 0, 0, 0.0480958, 1.32197, 0, 0.642062, 0.123029, 0, 0.378127, 0.123077, 0, 0, 0.324211
1.854, 0, 0, 0, 0.0480954, 1.32197, 0, 0.642063, 0.123029, 0, 0.378126, 0.123077, 0, 0, 0.324211
1.855, 0, 0, 0, 0.048095, 1.32197, 0, 0.642064, 0.123029, 0, 0.378126, 0.123078, 0, 0, 0.324211
1.856, 0, 0, 0, 0.0480972, 1.32197, 0, 0.64206, 0.123029, 0, 0.378127, 0.123076, 0, 0, 0.324209
1.857, 0, 0, 0, 0.0480975, 1.32197, 0, 0.642063, 0.123029, 0, 0.378128, 0.123077, 0, 0, 0.32421
1.858, 0, 0, 0, 0.0480961, 1.32197, 0, 0.642062, 0.123029, 0, 0.378126, 0.123077, 0, 0, 0.32421
1.859, 0, 0, 0, 0.0480965, 1.32197, 0, 0.642062, 0.123029, 0, 0.378127, 0.123077, 0, 0, 0.32421
1.86, 0, 0, 0, 0.0480962, 1.32197, 0, 0.642063, 0.123029, 0, 0.378127, 0.123077, 0, 0, 0.32421
1.861, 0, 0, 0, 0.0480958, 1.32197, 0, 0.642063, 0.123029, 0, 0.378126, 0.123077, 0, 0, 0.32421
1.862, 0, 0, 0, 0.0480955, 1.32197, 0, 0.642063, 0.123029, 0, 0.378126, 0.123077, 0, 0, 0.324211
1.863, 0, 0, 0, 0.0480951, 1.32197, 0, 0.642064, 0.123029, 0, 0.378126, 0.123078, 0, 0, 0.324211
1.864, 0, 0, 0, 0.0480922, 1.32198, 0, 0.642068, 0.123029, 0, 0.378125, 0.123079, 0, 0, 0.324213
1.865, 0, 0, 0, 0.0480911, 1.32198, 0, 0.642066, 0.123028, 0, 0.378124, 0.123079, 0, 0, 0.324212
1.866, 0, 0, 0, 0.0480915, 1.32198, 0, 0.642069, 0.123029, 0, 0.378125, 0.123079, 0, 0, 0.324213
1.867, 0, 0, 0, 0.0480907, 1.32198, 0, 0.642068, 0.123029, 0, 0.378125, 0.123079, 0, 0, 0.324213
1.868, 0, 0, 0, 0.0480906, 1.32198, 0, 0.642068, 0.123029, 0, 0.378125, 0.123079, 0, 0, 0.324213
1.869, 0, 0, 0, 0.0480896, 1.32198, 0, 0.64207, 0.123029, 0, 0.378125, 0.12308, 0, 0, 0.324213
1.87, 0, 0, 0, 0.0480886, 1.32198, 0, 0.642071, 0.123029, 0, 0.378124, 0.12308, 0, 0, 0.324213
1.871, 0, 0, 0, 0.0480883, 1.32198, 0, 0.642072, 0.123029, 0, 0.378124, 0.123081, 0, 0, 0.324214
1.872, 0, 0, 0, 0.0480879, 1.32198, 0, 0.642072, 0.123029, 0, 0.378124, 0.123081, 0, 0, 0.324214
1.873, 0, 0, 0, 0.0480877, 1.32198, 0, 0.642072, 0.123029, 0, 0.378124, 0.123081, 0, 0, 0.324214
1.874, 0, 0, 0, 0.0480869, 1.32198, 0, 0.642074, 0.123029, 0, 0.378124, 0.123081, 0, 0, 0.324214
1.875, 0, 0, 0, 0.0480861, 1.32198, 0, 0.642074, 0.123029, 0, 0.378124, 0.123082, 0, 0, 0.324214
1.876, 0, 0, 0, 0.0480855, 1.32198, 0, 0.642075, 0.123029, 0, 0.378124, 0.123082, 0, 0, 0.324215
1.877, 0, 0, 0, 0.048085, 1.32198, 0, 0.642076, 0.123029, 0, 0.378123, 0.123082, 0, 0, 0.324215
1.878, 0, 0, 0, 0.0480842, 1.32198, 0, 0.642077, 0.123029, 0, 0.378123, 0.123083, 0, 0, 0.324215
1.879, 0, 0, 0, 0.0480836, 1.32198, 0, 0.642077, 0.123029, 0, 0.378123, 0.123083, 0, 0, 0.324215
1.88, 0, 0, 0, 0.0480832, 1.32198, 0, 0.642078, 0.123029, 0, 0.378123, 0.123083, 0, 0, 0.324216
1.881, 0, 0, 0, 0.0480824, 1.32198, 0, 0.642079, 0.123029, 0, 0.378123, 0.123084, 0, 0, 0.324216
1.882, 0, 0, 0, 0.0480848, 1.32198, 0, 0.642075, 0.12303, 0, 0.378123, 0.123082, 0, 0, 0.324214
1.883, 0, 0, 0, 0.0480847, 1.32198, 0, 0.642079, 0.12303, 0, 0.378124, 0.123083, 0, 0, 0.324215
1.884, 0, 0, 0, 0.0480797, 1.32199, 0, 0.642083, 0.12303, 0, 0.378122, 0.123086, 0, 0, 0.324217
1.885, 0, 0, 0, 0.0480788, 1.32198, 0, 0.642082, 0.123029, 0, 0.378121, 0.123085, 0, 0, 0.324216
1.886, 0, 0, 0, 0.0480788, 1.32199, 0, 0.642085, 0.123029, 0, 0.378122, 0.123086, 0, 0, 0.324218
1.887, 0, 0, 0, 0.0480774, 1.32199, 0, 0.642084, 0.123029, 0, 0.378121, 0.123086, 0, 0, 0.324218
1.888, 0, 0, 0, 0.0480773, 1.32199, 0, 0.642085, 0.123029, 0, 0.378121, 0.123086, 0, 0, 0.324218
1.889, 0, 0, 0, 0.0480792, 1.32198, 0, 0.642082, 0.12303, 0, 0.378122, 0.123085, 0, 0, 0.324216
1.89, 0, 0, 0, 0.0480787, 1.32199, 0, 0.642085, 0.12303, 0, 0.378122, 0.123086, 0, 0, 0.324217
1.891, 0, 0, 0, 0.0480739, 1.32199, 0, 0.64209, 0.12303, 0, 0.37812, 0.123088, 0, 0, 0.324219
1.892, 0, 0, 0, 0.0480729, 1.32199, 0, 0.642089, 0.123029, 0, 0.378119, 0.123088, 0, 0, 0.324219
1.893, 0, 0, 0, 0.0480733, 1.32199, 0, 0.642091, 0.12303, 0, 0.37812, 0.123089, 0, 0, 0.324219
1.894, 0, 0, 0, 0.0480718, 1.32199, 0, 0.642092, 0.12303, 0, 0.378119, 0.123089, 0, 0, 0.32422
1.895, 0, 0, 0, 0.0480712, 1.32199, 0, 0.642092, 0.12303, 0, 0.378119, 0.123089, 0, 0, 0.32422
1.896, 0, 0, 0, 0.0480701, 1.32199, 0, 0.642094, 0.12303, 0, 0.378119, 0.12309, 0, 0, 0.32422
1.897, 0, 0, 0, 0.0480691, 1.32199, 0, 0.642095, 0.12303, 0, 0.378118, 0.12309, 0, 0, 0.32422
1.898, 0, 0, 0, 0.0480717, 1.32199, 0, 0.642091, 0.12303, 0, 0.378119, 0.123089, 0, 0, 0.324219
1.899, 0, 0, 0, 0.0480717, 1.32199, 0, 0.642094, 0.123031, 0, 0.37812, 0.12309, 0, 0, 0.32422
1.9, 0, 0, 0, 0.0480669, 1.322, 0, 0.642098, 0.12303, 0, 0.378117, 0.123092, 0, 0, 0.324221
1.901, 0, 0, 0, 0.048066, 1.32199, 0, 0.642097, 0.12303, 0, 0.378116, 0.123092, 0, 0, 0.324221
1.902, 0, 0, 0, 0.0480666, 1.32199, 0, 0.642099, 0.12303, 0, 0.378118, 0.123092, 0, 0, 0.324221
1.903, 0, 0, 0, 0.0480658, 1.32199, 0, 0.642099, 0.12303, 0, 0.378117, 0.123092, 0, 0, 0.324221
1.904, 0, 0, 0, 0.0480653, 1.322, 0, 0.6421, 0.12303, 0, 0.378117, 0.123093, 0, 0, 0.324221
1.905, 0, 0, 0, 0.0480644, 1.322, 0, 0.642101, 0.12303, 0, 0.378117, 0.123093, 0, 0, 0.324221
1.906, 0, 0, 0, 0.0480666, 1.32199, 0, 0.642097, 0.12303, 0, 0.378117, 0.123091, 0, 0, 0.32422
1.907, 0, 0, 0, 0.0480637, 1.322, 0, 0.642105, 0.123031, 0, 0.378117, 0.123095, 0, 0, 0.324223
1.908, 0, 0, 0, 0.0480613, 1.322, 0, 0.642101, 0.12303, 0, 0.378114, 0.123094, 0, 0, 0.324221
1.909, 0, 0, 0, 0.0480623, 1.322, 0, 0.642105, 0.12303, 0, 0.378116, 0.123095, 0, 0, 0.324222
1.91, 0, 0, 0, 0.0480609, 1.322, 0, 0.642104, 0.12303, 0, 0.378115, 0.123095, 0, 0, 0.324222
1.911, 0, 0, 0, 0.0480603, 1.322, 0, 0.642105, 0.12303, 0, 0.378115, 0.123095, 0, 0, 0.324222
1.912, 0, 0, 0, 0.0480596, 1.322, 0, 0.642106, 0.12303, 0, 0.378114, 0.123096, 0, 0, 0.324222
1.913, 0, 0, 0, 0.0480589, 1.322, 0, 0.642107, 0.12303, 0, 0.378114, 0.123096, 0, 0, 0.324223
1.914, 0, 0, 0, 0.0480582, 1.322, 0, 0.642108, 0.12303, 0, 0.378114, 0.123096, 0, 0, 0.324223
1.915, 0, 0, 0, 0.0480574, 1.322, 0, 0.642108, 0.12303, 0, 0.378113, 0.123097, 0, 0, 0.324223
1.916, 0, 0, 0, 0.0480566, 1.322, 0, 0.642109, 0.12303, 0, 0.378113, 0.123097, 0, 0, 0.324223
1.917, 0, 0, 0, 0.0480558, 1.322, 0, 0.64211, 0.12303, 0, 0.378113, 0.123098, 0, 0, 0.324223
1.918, 0, 0, 0, 0.0480551, 1.322, 0, 0.642111, 0.12303, 0, 0.378112, 0.123098, 0, 0, 0.324223
1.919, 0, 0, 0, 0.0480543, 1.322, 0, 0.642112, 0.12303, 0, 0.378112, 0.123099, 0, 0, 0.324223
1.92, 0, 0, 0, 0.0480536, 1.322, 0, 0.642112, 0.12303, 0, 0.378112, 0.123099, 0, 0, 0.324224
1.921, 0, 0, 0, 0.0480528, 1.322, 0, 0.642113, 0.12303, 0, 0.378111, 0.123099, 0, 0, 0.324224
1.922, 0, 0, 0, 0.0480521, 1.322, 0, 0.642114, 0.12303, 0, 0.378111, 0.1231, 0, 0, 0.324224
1.923, 0, 0, 0, 0.0480474, 1.32201, 0, 0.642121, 0.12303, 0, 0.37811, 0.123103, 0, 0, 0.324227
1.924, 0, 0, 0, 0.0480452, 1.32201, 0, 0.642119, 0.123028, 0, 0.378108, 0.123102, 0, 0, 0.324226
1.925, 0, 0, 0, 0.048046, 1.32201, 0, 0.642122, 0.123029, 0, 0.37811, 0.123103, 0, 0, 0.324227
1.926, 0, 0, 0, 0.0480446, 1.32201, 0, 0.642122, 0.123029, 0, 0.378108, 0.123103, 0, 0, 0.324227
1.927, 0, 0, 0, 0.048044, 1.32201, 0, 0.642123, 0.123029, 0, 0.378108, 0.123104, 0, 0, 0.324227
1.928, 0, 0, 0, 0.0480433, 1.32201, 0, 0.642123, 0.123029, 0, 0.378108, 0.123104, 0, 0, 0.324227
1.929, 0, 0, 0, 0.0480426, 1.32201, 0, 0.642124, 0.123029, 0, 0.378107, 0.123105, 0, 0, 0.324227
1.93, 0, 0, 0, 0.0480419, 1.32201, 0, 0.642125, 0.123029, 0, 0.378107, 0.123105, 0, 0, 0.324227
1.931, 0, 0, 0, 0.0480413, 1.32201, 0, 0.642126, 0.123029, 0, 0.378107, 0.123106, 0, 0, 0.324227
1.932, 0, 0, 0, 0.0480406, 1.32201, 0, 0.642127, 0.123029, 0, 0.378106, 0.123106, 0, 0, 0.324227
1.933, 0, 0, 0, 0.04804, 1.32201, 0, 0.642127, 0.123029, 0, 0.378106, 0.123106, 0, 0, 0.324227
1.934, 0, 0, 0, 0.0480395, 1.32201, 0, 0.642128, 0.123029, 0, 0.378106, 0.123107, 0, 0, 0.324227
1.935, 0, 0, 0, 0.0480389, 1.32201, 0, 0.642128, 0.123029, 0, 0.378105, 0.123107, 0, 0, 0.324227
1.936, 0, 0, 0, 0.0480384, 1.32201, 0, 0.642129, 0.123029, 0, 0.378105, 0.123107, 0, 0, 0.324227
1.937, 0, 0, 0, 0.0480379, 1.32201, 0, 0.642129, 0.123029, 0, 0.378105, 0.123108, 0, 0, 0.324227
1.938, 0, 0, 0, 0.0480373, 1.32201, 0, 0.64213, 0.123029, 0, 0.378104, 0.123108, 0, 0, 0.324227
1.939, 0, 0, 0, 0.0480367, 1.32201, 0, 0.64213, 0.123029, 0, 0.378104, 0.123108, 0, 0, 0.324227
1.94, 0, 0, 0, 0.0480362, 1.32202, 0, 0.642131, 0.123029, 0, 0.378104, 0.123109, 0, 0, 0.324226
1.941, 0, 0, 0, 0.0480356, 1.32202, 0, 0.642131, 0.123029, 0, 0.378103, 0.123109, 0, 0, 0.324226
1.942, 0, 0, 0, 0.048035, 1.32202, 0, 0.642132, 0.123029, 0, 0.378103, 0.123109, 0, 0, 0.324226
1.943, 0, 0, 0, 0.0480345, 1.32202, 0, 0.642132, 0.123029, 0, 0.378102, 0.12311, 0, 0, 0.324226
1.944, 0, 0, 0, 0.048034, 1.32202, 0, 0.642133, 0.123028, 0, 0.378102, 0.12311, 0, 0, 0.324226
1.945, 0, 0, 0, 0.0480335, 1.32202, 0, 0.642133, 0.123028, 0, 0.378102, 0.12311, 0, 0, 0.324226
1.946, 0, 0, 0, 0.048033, 1.32202, 0, 0.642133, 0.123028, 0, 0.378101, 0.123111, 0, 0, 0.324226
1.947, 0, 0, 0, 0.0480325, 1.32202, 0, 0.642134, 0.123028, 0, 0.378101, 0.123111, 0, 0, 0.324226
1.948, 0, 0, 0, 0.048032, 1.32202, 0, 0.642134, 0.123028, 0, 0.3781, 0.123111, 0, 0, 0.324226
1.949, 0, 0, 0, 0.0480316, 1.32202, 0, 0.642134, 0.123028, 0, 0.3781, 0.123112, 0, 0, 0.324226
1.95, 0, 0, 0, 0.0480312, 1.32202, 0, 0.642134, 0.123028, 0, 0.3781, 0.123112, 0, 0, 0.324225
1.951, 0, 0, 0, 0.0480308, 1.32202, 0, 0.642135, 0.123027, 0, 0.378099, 0.123112, 0, 0, 0.324225
1.952, 0, 0, 0, 0.0480303, 1.32202, 0, 0.642135, 0.123027, 0, 0.378099, 0.123112, 0, 0, 0.324225
1.953, 0, 0, 0, 0.0480301, 1.32202, 0, 0.642135, 0.123027, 0, 0.378099, 0.123113, 0, 0, 0.324225
1.954, 0, 0, 0, 0.0480297, 1.32202, 0, 0.642135, 0.123027, 0, 0.378098, 0.123113, 0, 0, 0.324225
1.955, 0, 0, 0, 0.0480293, 1.32202, 0, 0.642135, 0.123027, 0, 0.378098, 0.123113, 0, 0, 0.324225
1.956, 0, 0, 0, 0.048029, 1.32202, 0, 0.642135, 0.123026, 0, 0.378097, 0.123113, 0, 0, 0.324224
1.957, 0, 0, 0, 0.0480288, 1.32202, 0, 0.642135, 0.123026, 0, 0.378097, 0.123114, 0, 0, 0.324224
1.958, 0, 0, 0, 0.0480285, 1.32202, 0, 0.642135, 0.123026, 0, 0.378097, 0.123114, 0, 0, 0.324224
1.959, 0, 0, 0, 0.0480281, 1.32202, 0, 0.642135, 0.123026, 0, 0.378096, 0.123114, 0, 0, 0.324224
1.96, 0, 0, 0, 0.0480279, 1.32202, 0, 0.642135, 0.123026, 0, 0.378096, 0.123114, 0, 0, 0.324224
1.961, 0, 0, 0, 0.0480275, 1.32202, 0, 0.642135, 0.123025, 0, 0.378096, 0.123114, 0, 0, 0.324223
1.962, 0, 0, 0, 0.0480272, 1.32202, 0, 0.642135, 0.123025, 0, 0.378095, 0.123115, 0, 0, 0.324223
1.963, 0, 0, 0, 0.0480269, 1.32202, 0, 0.642136, 0.123025, 0, 0.378095, 0.123115, 0, 0, 0.324223
1.964, 0, 0, 0, 0.0480266, 1.32202, 0, 0.642136, 0.123025, 0, 0.378094, 0.123115, 0, 0, 0.324223
1.965, 0, 0, 0, 0.0480262, 1.32202, 0, 0.642136, 0.123025, 0, 0.378094, 0.123115, 0, 0, 0.324223
1.966, 0, 0, 0, 0.0480259, 1.32202, 0, 0.642136, 0.123024, 0, 0.378094, 0.123116, 0, 0, 0.324223
1.967, 0, 0, 0, 0.0480256, 1.32202, 0, 0.642136, 0.123024, 0, 0.378093, 0.123116, 0, 0, 0.324222
1.968, 0, 0, 0, 0.0480253, 1.32202, 0, 0.642136, 0.123024, 0, 0.378093, 0.123116, 0, 0, 0.324222
1.969, 0, 0, 0, 0.048025, 1.32202, 0, 0.642136, 0.123024, 0, 0.378093, 0.123116, 0, 0, 0.324222
1.97, 0, 0, 0, 0.0480247, 1.32202, 0, 0.642136, 0.123023, 0, 0.378092, 0.123116, 0, 0, 0.324222
1.971, 0, 0, 0, 0.0480244, 1.32202, 0, 0.642136, 0.123023, 0, 0.378092, 0.123117, 0, 0, 0.324222
1.972, 0, 0, 0, 0.0480241, 1.32202, 0, 0.642136, 0.123023, 0, 0.378092, 0.123117, 0, 0, 0.324222
1.973, 0, 0, 0, 0.0480238, 1.32202, 0, 0.642136, 0.123023, 0, 0.378091, 0.123117, 0, 0, 0.324221
1.974, 0, 0, 0, 0.0480235, 1.32202, 0, 0.642136, 0.123022, 0, 0.378091, 0.123117, 0, 0, 0.324221
1.975, 0, 0, 0, 0.0480232, 1.32202, 0, 0.642136, 0.123022, 0, 0.378091, 0.123118, 0, 0, 0.324221
1.976, 0, 0, 0, 0.0480171, 1.32203, 0, 0.642145, 0.123022, 0, 0.378089, 0.123122, 0, 0, 0.324225
1.977, 0, 0, 0, 0.0480151, 1.32203, 0, 0.64214, 0.12302, 0, 0.378086, 0.12312, 0, 0, 0.324223
1.978, 0, 0, 0, 0.048017, 1.32203, 0, 0.642144, 0.123021, 0, 0.378089, 0.123121, 0, 0, 0.324224
1.979, 0, 0, 0, 0.0480157, 1.32203, 0, 0.642142, 0.123021, 0, 0.378088, 0.123121, 0, 0, 0.324223
1.98, 0, 0, 0, 0.0480157, 1.32203, 0, 0.642143, 0.123021, 0, 0.378088, 0.123121, 0, 0, 0.324223
1.981, 0, 0, 0, 0.0480154, 1.32203, 0, 0.642143, 0.123021, 0, 0.378087, 0.123121, 0, 0, 0.324223
1.982, 0, 0, 0, 0.0480153, 1.32203, 0, 0.642143, 0.123021, 0, 0.378087, 0.123122, 0, 0, 0.324223
1.983, 0, 0, 0, 0.0480152, 1.32203, 0, 0.642143, 0.123021, 0, 0.378087, 0.123122, 0, 0, 0.324222
1.984, 0, 0, 0, 0.0480151, 1.32203, 0, 0.642143, 0.123021, 0, 0.378087, 0.123122, 0, 0, 0.324222
1.985, 0, 0, 0, 0.0480151, 1.32203, 0, 0.642143, 0.123021, 0, 0.378086, 0.123122, 0, 0, 0.324222
1.986, 0, 0, 0, 0.0480078, 1.32204, 0, 0.642154, 0.12302, 0, 0.378084, 0.123127, 0, 0, 0.324226
1.987, 0, 0, 0, 0.0480058, 1.32203, 0, 0.642147, 0.123018, 0, 0.378081, 0.123125, 0, 0, 0.324224
1.988, 0, 0, 0, 0.0480085, 1.32203, 0, 0.642152, 0.123019, 0, 0.378085, 0.123126, 0, 0, 0.324226
1.989, 0, 0, 0, 0.0480071, 1.32203, 0, 0.64215, 0.123019, 0, 0.378083, 0.123126, 0, 0, 0.324225
1.99, 0, 0, 0, 0.0480073, 1.32203, 0, 0.64215, 0.12302, 0, 0.378083, 0.123126, 0, 0, 0.324224
1.991, 0, 0, 0, 0.0480072, 1.32203, 0, 0.64215, 0.12302, 0, 0.378083, 0.123126, 0, 0, 0.324224
1.992, 0, 0, 0, 0.0480072, 1.32203, 0, 0.64215, 0.12302, 0, 0.378083, 0.123126, 0, 0, 0.324223
1.993, 0, 0, 0, 0.0480073, 1.32203, 0, 0.64215, 0.12302, 0, 0.378083, 0.123126, 0, 0, 0.324223
1.994, 0, 0, 0, 0.0480074, 1.32203, 0, 0.642149, 0.12302, 0, 0.378082, 0.123127, 0, 0, 0.324223
1.995, 0, 0, 0, 0.0480075, 1.32203, 0, 0.642149, 0.12302, 0, 0.378082, 0.123127, 0, 0, 0.324222
1.996, 0, 0, 0, 0.0480076, 1.32203, 0, 0.642149, 0.123019, 0, 0.378082, 0.123127, 0, 0, 0.324222
1.997, 0, 0, 0, 0.048009, 1.32203, 0, 0.642145, 0.123019, 0, 0.378083, 0.123125, 0, 0, 0.324221
1.998, 0, 0, 0, 0.0480093, 1.32204, 0, 0.642148, 0.12302, 0, 0.378083, 0.123127, 0, 0, 0.324221
1.999, 0, 0, 0, 0.048008, 1.32203, 0, 0.642146, 0.123019, 0, 0.378081, 0.123127, 0, 0, 0.32422
2, 0, 0, 0, 0.0480085, 1.32203, 0, 0.642147, 0.123019, 0, 0.378081, 0.123127, 0, 0, 0.32422
2.001, 0, 0, 0, 0.0480084, 1.32203, 0, 0.642147, 0.123019, 0, 0.378081, 0.123127, 0, 0, 0.32422
2.002, 0, 0, 0, 0.0480084, 1.32203, 0, 0.642146, 0.123018, 0, 0.37808, 0.123127, 0, 0, 0.32422
2.003, 0, 0, 0, 0, 0.390985, 0, 0.0430344, 0.000289278, 0, 0, 0, 0, 0, 0
2.004, 0, 0, 0, 0, 0.214996, 0, 0.0393536, 0.00185656, 0, 0.00185964, 0, 0, 0, 0.00295297
2.005, 0, 0, 0, 0, 0.16721, 0, 0.0486617, 0.0020077, 0, 0.00764838, 0, 0, 0, 0.00580702
2.006, 0, 0, 0, 0, 0.144255, 0, 0.0471214, 0.00204873, 0, 0.00788525, 0, 0, 0, 0.00576967
2.007, 0, 0, 0, 0, 0.12185, 0, 0.0454, 0.00158405, 0, 0.00711332, 0, 0, 0, 0.0051206
2.008, 0, 0, 0, 0, 0.110438, 0, 0.0436741, 0.00123457, 0, 0.00639357, 0, 0, 0, 0.00453575
2.009, 0, 0, 0, 0, 0.101221, 0, 0.0410819, 0.000813691, 0, 0.00529085, 0, 0, 0, 0.00396085
2.01, 0, 0, 0, 0, 0.091441, 0, 0.0392034, 0.000478043, 0, 0.004317, 0, 0, 0, 0.00345345
2.011, 0, 0, 0, 0, 0.0823906, 0, 0.0376768, 0.000181781, 0, 0.003584, 0, 0, 0, 0.00302936
2.012, 0, 0, 0, 0, 0.0707274, 0, 0.0361041, 0, 0, 0.00285297, 0, 0, 0, 0.00264277
2.013, 0, 0, 0, 0, 0.0587619, 0, 0.0346394, 0, 0, 0.00225459, 0, 0, 0, 0.00238207
2.014, 0, 0, 0, 0, 0.0562028, 0, 0.0333234, 0, 0, 0.000931153, 0, 0, 0, 0.00223977
2.015, 0, 0, 0, 0, 0.0492401, 0, 0.0313294, 0, 0, 0, 0, 0, 0, 0.00205717
2.016, 0, 0, 0, 0, 0.0488904, 0, 0.0295519, 0, 0, 0, 0, 0, 0, 0.0020743
2.017, 0, 0, 0, 0, 0.0500661, 0, 0.0279007, 0, 0, 0, 0, 0, 0, 0.00207391
2.018, 0, 0, 0, 0, 0.0515641, 0, 0.0265165, 0, 0, 0, 0, 0, 0, 0.00207084
2.019, 0, 0, 0, 0, 0.0525946, 0, 0.0252686, 0, 0, 0, 0, 0, 0, 0.0021066
2.02, 0, 0, 0, 0, 0.0506916, 0, 0.0242768, 0, 0, 0, 0, 0, 0, 0.00216945
2.021, 0, 0, 0, 0, 0.0480938, 0, 0.0236774, 0, 0, 0, 0, 0, 0, 0.00228636
2.022, 0, 0, 0, 0, 0.0422681, 0, 0.0221491, 0, 0, 0, 0, 0, 0, 0.00251792
2.023, 0, 0, 0, 0, 0.039832, 0, 0.0216123, 0, 0, 0, 0, 0, 0, 0.00280575
2.024, 0, 0, 0, 0, 0.0372025, 0, 0.0211405, 0, 0, 0, 0, 0, 0, 0.00292257
2.025, 0, 0, 0, 0, 0.0330309, 0, 0.0201985, 0, 0, 0, 0, 0, 0, 0.00302468
2.026, 0, 0, 0, 0, 0.0289839, 0, 0.0193184, 0, 0, 0, 0, 0, 0, 0.0031309
2.027, 0, 0, 0, 0, 0.024399, 0, 0.0166797, 0, 0, 0, 0, 0, 0, 0.00322321
2.028, 0, 0, 0, 0, 0.0150775, 0, 0.0149801, 0, 0, 0, 0, 0, 0, 0.00332009
2.029, 0, 0, 0, 0, 0.0110395, 0, 0.00870611, 0, 0, 0, 0, 0, 0, 0.00341831
2.03, 0, 0, 0, 0, 0, 0, 0.00652914, 0, 0, 0, 0, 0, 0, 0.00336021
2.031, 0, 0, 0, 0, 0, 0, 0.00444932, 0, 0, 0, 0, 0, 0, 0.00309594
2.032, 0, 0, 0, 0, 0, 0, 0.00289092, 0, 0, 0, 0, 0, 0, 0.00292815
2.033, 0, 0, 0, 0, 0, 0, 0.000783913, 0, 0, 0, 0, 0, 0, 0.0019636
2.034, 0, 0, 0, 0, 0, 0, 0, 0, 0, 0, 0, 0, 0, 0.00196285
2.035, 0, 0, 0, 0, 0, 0, 0, 0, 0, 0, 0, 0, 0, 0.00193729
2.036, 0, 0, 0, 0, 0, 0, 0, 0, 0, 0, 0, 0, 0, 0.00195063
2.037, 0, 0, 0, 0, 0, 0, 0, 0, 0, 0, 0, 0, 0, 0.0019888
2.038, 0, 0, 0, 0, 0, 0, 0, 0, 0, 0, 0, 0, 0, 0.00203509
2.039, 0, 0, 0, 0, 0, 0, 0, 0, 0, 0, 0, 0, 0, 0
2.04, 0, 0, 0, 0, 0, 0, 0, 0, 0, 0, 0, 0, 0, 0
2.041, 0, 0, 0, 0, 0, 0, 0, 0, 0, 0, 0, 0, 0, 0
2.042, 0, 0, 0, 0, 0, 0, 0, 0, 0, 0, 0, 0, 0, 0
2.043, 0, 0, 0, 0, 0, 0, 0, 0, 0, 0, 0, 0, 0, 0
2.044, 0, 0, 0, 0, 0, 0, 0, 0, 0, 0, 0, 0, 0, 0
2.045, 0, 0, 0, 0, 0, 0, 0, 0, 0, 0, 0, 0, 0, 0
2.046, 0, 0, 0, 0, 0, 0, 0, 0, 0, 0, 0, 0, 0, 0
2.047, 0, 0, 0, 0, 0, 0, 0, 0, 0, 0, 0, 0, 0, 0
2.048, 0, 0, 0, 0, 0, 0, 0, 0, 0, 0, 0, 0, 0, 0
2.049, 0, 0, 0, 0, 0, 0, 0, 0, 0, 0, 0, 0, 0, 0
2.05, 0, 0, 0, 0, 0, 0, 0, 0, 0, 0, 0, 0, 0, 0
2.051, 0, 0, 0, 0, 0, 0, 0, 0, 0, 0, 0, 0, 0, 0
2.052, 0, 0, 0, 0, 0, 0, 0, 0, 0, 0, 0, 0, 0, 0
2.053, 0, 0, 0, 0, 0, 0, 0, 0, 0, 0, 0, 0, 0, 0
2.054, 0, 0, 0, 0, 0, 0, 0, 0, 0, 0, 0, 0, 0, 0
2.055, 0, 0, 0, 0, 0, 0, 0, 0, 0, 0, 0, 0, 0, 0
2.056, 0, 0, 0, 0, 0, 0, 0, 0, 0, 0, 0, 0, 0, 0
2.057, 0, 0, 0, 0, 0, 0, 0, 0, 0, 0, 0, 0, 0, 0
2.058, 0, 0, 0, 0, 0, 0, 0, 0, 0, 0, 0, 0, 0, 0
2.059, 0, 0, 0, 0, 0, 0, 0, 0, 0, 0, 0, 0, 0, 0
2.06, 0, 0, 0, 0, 0, 0, 0, 0, 0, 0, 0, 0, 0, 0
2.061, 0, 0, 0, 0, 0, 0, 0, 0, 0, 0, 0, 0, 0, 0
2.062, 0, 0, 0, 0, 0, 0, 0, 0, 0, 0, 0, 0, 0, 0
2.063, 0, 0, 0, 0, 0, 0, 0, 0, 0, 0, 0, 0, 0, 0
2.064, 0, 0, 0, 0, 0, 0, 0, 0, 0, 0, 0, 0, 0, 0
2.065, 0, 0, 0, 0, 0, 0, 0, 0, 0, 0, 0, 0, 0, 0
2.066, 0, 0, 0, 0, 0, 0, 0, 0, 0, 0, 0, 0, 0, 0
2.067, 0, 0, 0, 0, 0, 0, 0, 0, 0, 0, 0, 0, 0, 0
2.068, 0, 0, 0, 0, 0, 0, 0, 0, 0, 0, 0, 0, 0, 0
2.069, 0, 0, 0, 0, 0, 0, 0, 0, 0, 0, 0, 0, 0, 0
2.07, 0, 0, 0, 0, 0, 0, 0, 0, 0, 0, 0, 0, 0, 0
2.071, 0, 0, 0, 0, 0, 0, 0, 0, 0, 0, 0, 0, 0, 0
2.072, 0, 0, 0, 0, 0, 0, 0, 0, 0, 0, 0, 0, 0, 0
2.073, 0, 0, 0, 0, 0, 0, 0, 0, 0, 0, 0, 0, 0, 0
2.074, 0, 0, 0, 0, 0, 0, 0, 0, 0, 0, 0, 0, 0, 0
2.075, 0, 0, 0, 0, 0, 0, 0, 0, 0, 0, 0, 0, 0, 0
2.076, 0, 0, 0, 0, 0, 0, 0, 0, 0, 0, 0, 0, 0, 0
2.077, 0, 0, 0, 0, 0, 0, 0, 0, 0, 0, 0, 0, 0, 0
2.078, 0, 0, 0, 0, 0, 0, 0, 0, 0, 0, 0, 0, 0, 0
2.079, 0, 0, 0, 0, 0, 0, 0, 0, 0, 0, 0, 0, 0, 0
2.08, 0, 0, 0, 0, 0, 0, 0, 0, 0, 0, 0, 0, 0, 0
2.081, 0, 0, 0, 0, 0, 0, 0, 0, 0, 0, 0, 0, 0, 0
2.082, 0, 0, 0, 0, 0, 0, 0, 0, 0, 0, 0, 0, 0, 0
2.083, 0, 0, 0, 0, 0, 0, 0, 0, 0, 0, 0, 0, 0, 0
2.084, 0, 0, 0, 0, 0, 0, 0, 0, 0, 0, 0, 0, 0, 0
2.085, 0, 0, 0, 0, 0, 0, 0, 0, 0, 0, 0, 0, 0, 0
2.086, 0, 0, 0, 0, 0, 0, 0, 0, 0, 0, 0, 0, 0, 0
2.087, 0, 0, 0, 0, 0, 0, 0, 0, 0, 0, 0, 0, 0, 0
2.088, 0, 0, 0, 0, 0, 0, 0, 0, 0, 0, 0, 0, 0, 0
2.089, 0, 0, 0, 0, 0, 0, 0, 0, 0, 0, 0, 0, 0, 0
2.09, 0, 0, 0, 0, 0, 0, 0, 0, 0, 0, 0, 0, 0, 0
2.091, 0, 0, 0, 0, 0, 0, 0, 0, 0, 0, 0, 0, 0, 0
2.092, 0, 0, 0, 0, 0, 0, 0, 0, 0, 0, 0, 0, 0, 0
2.093, 0, 0, 0, 0, 0, 0, 0, 0, 0, 0, 0, 0, 0, 0
2.094, 0, 0, 0, 0, 0, 0, 0, 0, 0, 0, 0, 0, 0, 0
2.095, 0, 0, 0, 0, 0, 0, 0, 0, 0, 0, 0, 0, 0, 0
2.096, 0, 0, 0, 0, 0, 0, 0, 0, 0, 0, 0, 0, 0, 0
2.097, 0, 0, 0, 0, 0, 0, 0, 0, 0, 0, 0, 0, 0, 0
2.098, 0, 0, 0, 0, 0, 0, 0, 0, 0, 0, 0, 0, 0, 0
2.099, 0, 0, 0, 0, 0, 0, 0, 0, 0, 0, 0, 0, 0, 0
2.1, 0, 0, 0, 0, 0, 0, 0, 0, 0, 0, 0, 0, 0, 0
2.101, 0, 0, 0, 0, 0, 0, 0, 0, 0, 0, 0, 0, 0, 0
2.102, 0, 0, 0, 0, 0, 0, 0, 0, 0, 0, 0, 0, 0, 0
2.103, 0, 0, 0, 0, 0, 0, 0, 0, 0, 0, 0, 0, 0, 0
2.104, 0, 0, 0, 0, 0, 0, 0, 0, 0, 0, 0, 0, 0, 0
2.105, 0, 0, 0, 0, 0, 0, 0, 0, 0, 0, 0, 0, 0, 0
2.106, 0, 0, 0, 0, 0, 0, 0, 0, 0, 0, 0, 0, 0, 0
2.107, 0, 0, 0, 0, 0, 0, 0, 0, 0, 0, 0, 0, 0, 0
2.108, 0, 0, 0, 0, 0, 0, 0, 0, 0, 0, 0, 0, 0, 0
2.109, 0, 0, 0, 0, 0, 0, 0, 0, 0, 0, 0, 0, 0, 0
2.11, 0, 0, 0, 0, 0, 0, 0, 0, 0, 0, 0, 0, 0, 0
2.111, 0, 0, 0, 0, 0, 0, 0, 0, 0, 0, 0, 0, 0, 0
2.112, 0, 0, 0, 0, 0, 0, 0, 0, 0, 0, 0, 0, 0, 0
2.113, 0, 0, 0, 0, 0, 0, 0, 0, 0, 0, 0, 0, 0, 0
2.114, 0, 0, 0, 0, 0, 0, 0, 0, 0, 0, 0, 0, 0, 0
2.115, 0, 0, 0, 0, 0, 0, 0, 0, 0, 0, 0, 0, 0, 0
2.116, 0, 0, 0, 0, 0, 0, 0, 0, 0, 0, 0, 0, 0, 0
2.117, 0, 0, 0, 0, 0, 0, 0, 0, 0, 0, 0, 0, 0, 0
2.118, 0, 0, 0, 0, 0, 0, 0, 0, 0, 0, 0, 0, 0, 0
2.119, 0, 0, 0, 0, 0, 0, 0, 0, 0, 0, 0, 0, 0, 0
2.12, 0, 0, 0, 0, 0, 0, 0, 0, 0, 0, 0, 0, 0, 0
2.121, 0, 0, 0, 0, 0, 0, 0, 0, 0, 0, 0, 0, 0, 0
2.122, 0, 0, 0, 0, 0, 0, 0, 0, 0, 0, 0, 0, 0, 0
2.123, 0, 0, 0, 0, 0, 0, 0, 0, 0, 0, 0, 0, 0, 0
2.124, 0, 0, 0, 0, 0, 0, 0, 0, 0, 0, 0, 0, 0, 0
2.125, 0, 0, 0, 0, 0, 0, 0, 0, 0, 0, 0, 0, 0, 0
2.126, 0, 0, 0, 0, 0, 0, 0, 0, 0, 0, 0, 0, 0, 0
2.127, 0, 0, 0, 0, 0, 0, 0, 0, 0, 0, 0, 0, 0, 0
2.128, 0, 0, 0, 0, 0, 0, 0, 0, 0, 0, 0, 0, 0, 0
2.129, 0, 0, 0, 0, 0, 0, 0, 0, 0, 0, 0, 0, 0, 0
2.13, 0, 0, 0, 0, 0, 0, 0, 0, 0, 0, 0, 0, 0, 0
2.131, 0, 0, 0, 0, 0, 0, 0, 0, 0, 0, 0, 0, 0, 0
2.132, 0, 0, 0, 0, 0, 0, 0, 0, 0, 0, 0, 0, 0, 0
2.133, 0, 0, 0, 0, 0, 0, 0, 0, 0, 0, 0, 0, 0, 0
2.134, 0, 0, 0, 0, 0, 0, 0, 0, 0, 0, 0, 0, 0, 0
2.135, 0, 0, 0, 0, 0, 0, 0, 0, 0, 0, 0, 0, 0, 0
2.136, 0, 0, 0, 0, 0, 0, 0, 0, 0, 0, 0, 0, 0, 0
2.137, 0, 0, 0, 0, 0, 0, 0, 0, 0, 0, 0, 0, 0, 0
2.138, 0, 0, 0, 0, 0, 0, 0, 0, 0, 0, 0, 0, 0, 0
2.139, 0, 0, 0, 0, 0, 0, 0, 0, 0, 0, 0, 0, 0, 0
2.14, 0, 0, 0, 0, 0, 0, 0, 0, 0, 0, 0, 0, 0, 0
2.141, 0, 0, 0, 0, 0, 0, 0, 0, 0, 0, 0, 0, 0, 0
2.142, 0, 0, 0, 0, 0, 0, 0, 0, 0, 0, 0, 0, 0, 0
2.143, 0, 0, 0, 0, 0, 0, 0, 0, 0, 0, 0, 0, 0, 0
2.144, 0, 0, 0, 0, 0, 0, 0, 0, 0, 0, 0, 0, 0, 0
2.145, 0, 0, 0, 0, 0, 0, 0, 0, 0, 0, 0, 0, 0, 0
2.146, 0, 0, 0, 0, 0, 0, 0, 0, 0, 0, 0, 0, 0, 0
2.147, 0, 0, 0, 0, 0, 0, 0, 0, 0, 0, 0, 0, 0, 0
2.148, 0, 0, 0, 0, 0, 0, 0, 0, 0, 0, 0, 0, 0, 0
2.149, 0, 0, 0, 0, 0, 0, 0, 0, 0, 0, 0, 0, 0, 0
2.15, 0, 0, 0, 0, 0, 0, 0, 0, 0, 0, 0, 0, 0, 0
2.151, 0, 0, 0, 0, 0, 0, 0, 0, 0, 0, 0, 0, 0, 0
2.152, 0, 0, 0, 0, 0, 0, 0, 0, 0, 0, 0, 0, 0, 0
2.153, 0, 0, 0, 0, 0, 0, 0, 0, 0, 0, 0, 0, 0, 0
2.154, 0, 0, 0, 0, 0, 0, 0, 0, 0, 0, 0, 0, 0, 0
2.155, 0, 0, 0, 0, 0, 0, 0, 0, 0, 0, 0, 0, 0, 0
2.156, 0, 0, 0, 0, 0, 0, 0, 0, 0, 0, 0, 0, 0, 0
2.157, 0, 0, 0, 0, 0, 0, 0, 0, 0, 0, 0, 0, 0, 0
2.158, 0, 0, 0, 0, 0, 0, 0, 0, 0, 0, 0, 0, 0, 0
2.159, 0, 0, 0, 0, 0, 0, 0, 0, 0, 0, 0, 0, 0, 0
2.16, 0, 0, 0, 0, 0, 0, 0, 0, 0, 0, 0, 0, 0, 0
2.161, 0, 0, 0, 0, 0, 0, 0, 0, 0, 0, 0, 0, 0, 0
2.162, 0, 0, 0, 0, 0, 0, 0, 0, 0, 0, 0, 0, 0, 0
2.163, 0, 0, 0, 0, 0, 0, 0, 0, 0, 0, 0, 0, 0, 0
2.164, 0, 0, 0, 0, 0, 0, 0, 0, 0, 0, 0, 0, 0, 0
2.165, 0, 0, 0, 0, 0, 0, 0, 0, 0, 0, 0, 0, 0, 0
2.166, 0, 0, 0, 0, 0, 0, 0, 0, 0, 0, 0, 0, 0, 0
2.167, 0, 0, 0, 0, 0, 0, 0, 0, 0, 0, 0, 0, 0, 0
2.168, 0, 0, 0, 0, 0, 0, 0, 0, 0, 0, 0, 0, 0, 0
2.169, 0, 0, 0, 0, 0, 0, 0, 0, 0, 0, 0, 0, 0, 0
2.17, 0, 0, 0, 0, 0, 0, 0, 0, 0, 0, 0, 0, 0, 0
2.171, 0, 0, 0, 0, 0, 0, 0, 0, 0, 0, 0, 0, 0, 0
2.172, 0, 0, 0, 0, 0, 0, 0, 0, 0, 0, 0, 0, 0, 0
2.173, 0, 0, 0, 0, 0, 0, 0, 0, 0, 0, 0, 0, 0, 0
2.174, 0, 0, 0, 0, 0, 0, 0, 0, 0, 0, 0, 0, 0, 0
2.175, 0, 0, 0, 0, 0, 0, 0, 0, 0, 0, 0, 0, 0, 0
2.176, 0, 0, 0, 0, 0, 0, 0, 0, 0, 0, 0, 0, 0, 0
2.177, 0, 0, 0, 0, 0, 0, 0, 0, 0, 0, 0, 0, 0, 0
2.178, 0, 0, 0, 0, 0, 0, 0, 0, 0, 0, 0, 0, 0, 0
2.179, 0, 0, 0, 0, 0, 0, 0, 0, 0, 0, 0, 0, 0, 0
2.18, 0, 0, 0, 0, 0, 0, 0, 0, 0, 0, 0, 0, 0, 0
2.181, 0, 0, 0, 0, 0, 0, 0, 0, 0, 0, 0, 0, 0, 0
2.182, 0, 0, 0, 0, 0, 0, 0, 0, 0, 0, 0, 0, 0, 0
2.183, 0, 0, 0, 0, 0, 0, 0, 0, 0, 0, 0, 0, 0, 0
2.184, 0, 0, 0, 0, 0, 0, 0, 0, 0, 0, 0, 0, 0, 0
2.185, 0, 0, 0, 0, 0, 0, 0, 0, 0, 0, 0, 0, 0, 0
2.186, 0, 0, 0, 0, 0, 0, 0, 0, 0, 0, 0, 0, 0, 0
2.187, 0, 0, 0, 0, 0, 0, 0, 0, 0, 0, 0, 0, 0, 0
2.188, 0, 0, 0, 0, 0, 0, 0, 0, 0, 0, 0, 0, 0, 0
2.189, 0, 0, 0, 0, 0, 0, 0, 0, 0, 0, 0, 0, 0, 0
2.19, 0, 0, 0, 0, 0, 0, 0, 0, 0, 0, 0, 0, 0, 0
2.191, 0, 0, 0, 0, 0, 0, 0, 0, 0, 0, 0, 0, 0, 0
2.192, 0, 0, 0, 0, 0, 0, 0, 0, 0, 0, 0, 0, 0, 0
2.193, 0, 0, 0, 0, 0, 0, 0, 0, 0, 0, 0, 0, 0, 0
2.194, 0, 0, 0, 0, 0, 0, 0, 0, 0, 0, 0, 0, 0, 0
2.195, 0, 0, 0, 0, 0, 0, 0, 0, 0, 0, 0, 0, 0, 0
2.196, 0, 0, 0, 0, 0, 0, 0, 0, 0, 0, 0, 0, 0, 0
2.197, 0, 0, 0, 0, 0, 0, 0, 0, 0, 0, 0, 0, 0, 0
2.198, 0, 0, 0, 0, 0, 0, 0, 0, 0, 0, 0, 0, 0, 0
2.199, 0, 0, 0, 0, 0, 0, 0, 0, 0, 0, 0, 0, 0, 0
2.2, 0, 0, 0, 0, 0, 0, 0, 0, 0, 0, 0, 0, 0, 0
2.201, 0, 0, 0, 0, 0, 0, 0, 0, 0, 0, 0, 0, 0, 0
2.202, 0, 0, 0, 0, 0, 0, 0, 0, 0, 0, 0, 0, 0, 0
2.203, 0, 0, 0, 0, 0, 0, 0, 0, 0, 0, 0, 0, 0, 0
2.204, 0, 0, 0, 0, 0, 0, 0, 0, 0, 0, 0, 0, 0, 0
2.205, 0, 0, 0, 0, 0, 0, 0, 0, 0, 0, 0, 0, 0, 0
2.206, 0, 0, 0, 0, 0, 0, 0, 0, 0, 0, 0, 0, 0, 0
2.207, 0, 0, 0, 0, 0, 0, 0, 0, 0, 0, 0, 0, 0, 0
2.208, 0, 0, 0, 0, 0, 0, 0, 0, 0, 0, 0, 0, 0, 0
2.209, 0, 0, 0, 0, 0, 0, 0, 0, 0, 0, 0, 0, 0, 0
2.21, 0, 0, 0, 0, 0, 0, 0, 0, 0, 0, 0, 0, 0, 0
2.211, 0, 0, 0, 0, 0, 0, 0, 0, 0, 0, 0, 0, 0, 0
2.212, 0, 0, 0, 0, 0, 0, 0, 0, 0, 0, 0, 0, 0, 0
2.213, 0, 0, 0, 0, 0, 0, 0, 0, 0, 0, 0, 0, 0, 0
2.214, 0, 0, 0, 0, 0, 0, 0, 0, 0, 0, 0, 0, 0, 0
2.215, 0, 0, 0, 0, 0, 0, 0, 0, 0, 0, 0, 0, 0, 0
2.216, 0, 0, 0, 0, 0, 0, 0, 0, 0, 0, 0, 0, 0, 0
2.217, 0, 0, 0, 0, 0, 0, 0, 0, 0, 0, 0, 0, 0, 0
2.218, 0, 0, 0, 0, 0, 0, 0, 0, 0, 0, 0, 0, 0, 0
2.219, 0, 0, 0, 0, 0, 0, 0, 0, 0, 0, 0, 0, 0, 0
2.22, 0, 0, 0, 0, 0, 0, 0, 0, 0, 0, 0, 0, 0, 0
2.221, 0, 0, 0, 0, 0, 0, 0, 0, 0, 0, 0, 0, 0, 0
2.222, 0, 0, 0, 0, 0, 0, 0, 0, 0, 0, 0, 0, 0, 0
2.223, 0, 0, 0, 0, 0, 0, 0, 0, 0, 0, 0, 0, 0, 0
2.224, 0, 0, 0, 0, 0, 0, 0, 0, 0, 0, 0, 0, 0, 0
2.225, 0, 0, 0, 0, 0, 0, 0, 0, 0, 0, 0, 0, 0, 0
2.226, 0, 0, 0, 0, 0, 0, 0, 0, 0, 0, 0, 0, 0, 0
2.227, 0, 0, 0, 0, 0, 0, 0, 0, 0, 0, 0, 0, 0, 0
2.228, 0, 0, 0, 0, 0, 0, 0, 0, 0, 0, 0, 0, 0, 0
2.229, 0, 0, 0, 0, 0, 0, 0, 0, 0, 0, 0, 0, 0, 0
2.23, 0, 0, 0, 0, 0, 0, 0, 0, 0, 0, 0, 0, 0, 0
2.231, 0, 0, 0, 0, 0, 0, 0, 0, 0, 0, 0, 0, 0, 0
2.232, 0, 0, 0, 0, 0, 0, 0, 0, 0, 0, 0, 0, 0, 0
2.233, 0, 0, 0, 0, 0, 0, 0, 0, 0, 0, 0, 0, 0, 0
2.234, 0, 0, 0, 0, 0, 0, 0, 0, 0, 0, 0, 0, 0, 0
2.235, 0, 0, 0, 0, 0, 0, 0, 0, 0, 0, 0, 0, 0, 0
2.236, 0, 0, 0, 0, 0, 0, 0, 0, 0, 0, 0, 0, 0, 0
2.237, 0, 0, 0, 0, 0, 0, 0, 0, 0, 0, 0, 0, 0, 0
2.238, 0, 0, 0, 0, 0, 0, 0, 0, 0, 0, 0, 0, 0, 0
2.239, 0, 0, 0, 0, 0, 0, 0, 0, 0, 0, 0, 0, 0, 0
2.24, 0, 0, 0, 0, 0, 0, 0, 0, 0, 0, 0, 0, 0, 0
2.241, 0, 0, 0, 0, 0, 0, 0, 0, 0, 0, 0, 0, 0, 0
2.242, 0, 0, 0, 0, 0, 0, 0, 0, 0, 0, 0, 0, 0, 0
2.243, 0, 0, 0, 0, 0, 0, 0, 0, 0, 0, 0, 0, 0, 0
2.244, 0, 0, 0, 0, 0, 0, 0, 0, 0, 0, 0, 0, 0, 0
2.245, 0, 0, 0, 0, 0, 0, 0, 0, 0, 0, 0, 0, 0, 0
2.246, 0, 0, 0, 0, 0, 0, 0, 0, 0, 0, 0, 0, 0, 0
2.247, 0, 0, 0, 0, 0, 0, 0, 0, 0, 0, 0, 0, 0, 0
2.248, 0, 0, 0, 0, 0, 0, 0, 0, 0, 0, 0, 0, 0, 0
2.249, 0, 0, 0, 0, 0, 0, 0, 0, 0, 0, 0, 0, 0, 0
2.25, 0, 0, 0, 0, 0, 0, 0, 0, 0, 0, 0, 0, 0, 0
2.251, 0, 0, 0, 0, 0, 0, 0, 0, 0, 0, 0, 0, 0, 0
2.252, 0.395772, 0, 0, 0, 0, 0, 0, 0, 0, 0, 0, 0, 0, 0
2.253, 0.253583, 0, 0, 0, 0, 0, 0, 0, 0, 0, 0, 0, 0, 0
2.254, 0.309902, 0, 0, 0, 0, 0, 0, 0, 0, 0, 0, 0, 0, 0
2.255, 0.175411, 0, 0, 0, 0, 0, 0, 0, 0, 0, 0, 0, 0, 0
2.256, 0.179284, 0, 0, 0, 0, 0, 0, 0, 0, 0, 0, 0, 0, 0
2.257, 0.154938, 0, 0, 0, 0, 0, 0, 0, 0, 0, 0, 0, 0, 0
2.258, 0.151879, 0, 0, 0, 0, 0, 0, 0, 0, 0, 0, 0, 0, 0
2.259, 0.148781, 0, 0, 0, 0, 0, 0, 0, 0, 0, 0, 0, 0, 0
2.26, 0.124752, 0, 0, 0, 0, 0, 0, 0, 0, 0, 0, 0, 0, 0
2.261, 0.120295, 0, 0, 0, 0, 0, 0, 0, 0, 0, 0, 0, 0, 0
2.262, 0.115437, 0, 0, 0, 0, 0, 0, 0, 0, 0, 0, 0, 0, 0
2.263, 0.0987696, 0, 0, 0, 0, 0, 0, 0, 0, 0, 0, 0, 0, 0
2.264, 0.0948067, 0, 0, 0, 0, 0, 0, 0, 0, 0, 0, 0, 0, 0
2.265, 0.0868691, 0, 0, 0, 0, 0, 0, 0, 0, 0, 0, 0, 0, 0
2.266, 0.0832648, 0, 0, 0, 0, 0, 0, 0, 0, 0, 0, 0, 0, 0
2.267, 0.0800424, 0, 0, 0, 0, 0, 0, 0, 0, 0, 0, 0, 0, 0
2.268, 0.0773279, 0, 0, 0, 0, 0, 0, 0, 0, 0, 0, 0, 0, 0
2.269, 0.0653316, 0, 0, 0, 0, 0, 0, 0, 0, 0, 0, 0, 0, 0
2.27, 0.0632138, 0, 0, 0, 0, 0, 0, 0, 0, 0, 0, 0, 0, 0
2.271, 0.0612995, 0, 0, 0, 0, 0, 0, 0, 0, 0, 0, 0, 0, 0
2.272, 0.059811, 0, 0, 0, 0, 0, 0, 0, 0, 0, 0, 0, 0, 0
2.273, 0.0501028, 0, 0, 0, 0, 0, 0, 0, 0, 0, 0, 0, 0, 0
2.274, 0.0518157, 0, 0, 0, 0, 0, 0, 0, 0, 0, 0, 0, 0, 0
2.275, 0.0512709, 0, 0, 0, 0, 0, 0, 0, 0, 0, 0, 0, 0, 0
2.276, 0.0422343, 0, 0, 0, 0, 0, 0, 0, 0, 0, 0, 0, 0, 0
2.277, 0.0420579, 0, 0, 0, 0, 0, 0, 0, 0, 0, 0, 0, 0, 0
2.278, 0.0421195, 0, 0, 0, 0, 0, 0, 0, 0, 0, 0, 0, 0, 0
2.279, 0.0425052, 0, 0, 0, 0, 0, 0, 0, 0, 0, 0, 0, 0, 0
2.28, 0.0432238, 0, 0, 0, 0, 0, 0, 0, 0, 0, 0, 0, 0, 0
2.281, 0.0443005, 0, 0, 0, 0, 0, 0, 0, 0, 0, 0, 0, 0, 0
2.282, 0.0457779, 0, 0, 0, 0, 0, 0, 0, 0, 0, 0, 0, 0, 0
2.283, 0.0477209, 0, 0, 0, 0, 0, 0, 0, 0, 0, 0, 0, 0, 0
2.284, 0.0502258, 0, 0, 0, 0, 0, 0, 0, 0, 0, 0, 0, 0, 0
2.285, 0.0534344, 0, 0, 0, 0, 0, 0, 0, 0, 0, 0, 0, 0, 0
2.286, 0.057559, 0, 0, 0, 0, 0, 0, 0, 0, 0, 0, 0, 0, 0
2.287, 0.0630346, 0, 0, 0, 0, 0, 0, 0, 0, 0, 0, 0, 0, 0
2.288, 0.0701457, 0, 0, 0, 0, 0, 0, 0, 0, 0, 0, 0, 0, 0
2.289, 0.090351, 0, 0, 0, 0, 0, 0, 0, 0, 0, 0, 0, 0, 0
2.29, 0.104557, 0, 0, 0, 0, 0, 0, 0, 0, 0, 0, 0, 0, 0
2.291, 0.123814, 0, 0, 0, 0, 0, 0, 0, 0, 0, 0, 0, 0, 0
2.292, 0.126137, 0, 0, 0, 0, 0, 0, 0, 0, 0, 0, 0, 0, 0
2.293, 0.118716, 0, 0, 0, 0, 0, 0, 0, 0, 0, 0, 0, 0, 0
2.294, 0.113703, 0, 0, 0, 0, 0, 0, 0, 0, 0, 0, 0, 0, 0
2.295, 0.10581, 0, 0, 0, 0, 0, 0, 0, 0, 0, 0, 0, 0, 0
2.296, 0.0989212, 0, 0, 0, 0, 0, 0, 0, 0, 0, 0, 0, 0, 0
2.297, 0.0929938, 0, 0, 0, 0, 0, 0, 0, 0, 0, 0, 0, 0, 0
2.298, 0.0879433, 0, 0, 0, 0, 0, 0, 0, 0, 0, 0, 0, 0, 0
2.299, 0.0836491, 0, 0, 0, 0, 0, 0, 0, 0, 0, 0, 0, 0, 0
2.3, 0.0301819, 0, 0, 0, 0, 0, 0, 0, 0, 0, 0, 0, 0, 0
2.301, 0.0256473, 0, 0, 0, 0, 0, 0, 0, 0, 0, 0, 0, 0, 0
2.302, 0.0154437, 0, 0, 0, 0, 0, 0, 0, 0, 0, 0, 0, 0, 0
2.303, 0.00402097, 0, 0, 0, 0, 0, 0, 0, 0, 0, 0, 0, 0, 0
2.304, 0, 0, 0, 0, 0, 0, 0, 0, 0, 0, 0, 0, 0, 0
2.305, 0, 0.136645, 0, 0, 0, 0, 0, 0, 0, 0, 0, 0, 0, 0
2.306, 0, 0.130415, 0, 0, 0, 0, 0, 0, 0, 0, 0, 0, 0, 0
2.307, 0, 0.123812, 0, 0, 0, 0, 0, 0, 0, 0, 0, 0, 0, 0
2.308, 0, 0.117122, 0, 0, 0, 0, 0, 0, 0, 0, 0, 0, 0, 0
2.309, 0, 0.117482, 0, 0, 0, 0, 0, 0, 0, 0, 0, 0, 0, 0
2.31, 0, 0.0941285, 0, 0, 0, 0, 0, 0, 0, 0, 0, 0, 0, 0
2.311, 0, 0.096004, 0, 0, 0, 0, 0, 0, 0, 0, 0, 0, 0, 0
2.312, 0, 0.0902958, 0, 0, 0, 0, 0, 0, 0, 0, 0, 0, 0, 0
2.313, 0, 0.0845486, 0, 0, 0, 0, 0, 0, 0, 0, 0, 0, 0, 0
2.314, 0, 0.0793747, 0, 0, 0, 0, 0, 0, 0, 0, 0, 0, 0, 0
2.315, 0, 0.0742874, 0, 0, 0, 0, 0, 0, 0, 0, 0, 0, 0, 0
2.316, 0, 0.0740134, 0, 0, 0, 0, 0, 0, 0, 0, 0, 0, 0, 0
2.317, 0, 0.0630747, 0, 0, 0, 0, 0, 0, 0, 0, 0, 0, 0, 0
2.318, 0, 0.0631827, 0, 0, 0, 0, 0, 0, 0, 0, 0, 0, 0, 0
2.319, 0, 0.0493282, 0, 0, 0, 0, 0, 0, 0, 0, 0, 0, 0, 0
2.32, 0, 0.0734949, 0, 0, 0, 0, 0, 0, 0, 0, 0, 0, 0, 0
2.321, 0, 0.0589705, 0, 0, 0, 0, 0, 0, 0, 0, 0, 0, 0, 0
2.322, 0, 0.0567613, 0, 0, 0, 0, 0, 0, 0, 0, 0, 0, 0, 0
2.323, 0, 0.0551458, 0, 0, 0, 0, 0, 0, 0, 0, 0, 0, 0, 0
2.324, 0, 0.054604, 0, 0, 0, 0, 0, 0, 0, 0, 0, 0, 0, 0
2.325, 0, 0.0541662, 0, 0, 0, 0, 0, 0, 0, 0, 0, 0, 0, 0
2.326, 0, 0.0536844, 0, 0, 0, 0, 0, 0, 0, 0, 0, 0, 0, 0
2.327, 0, 0.051899, 0, 0, 0, 0, 0, 0, 0, 0, 0, 0, 0, 0
2.328, 0, 0.0541973, 0, 0, 0, 0, 0, 0, 0, 0, 0, 0, 0, 0
2.329, 0, 0.0520364, 0, 0, 0, 0, 0, 0, 0, 0, 0, 0, 0, 0
2.33, 0, 0.0336393, 0, 0, 0, 0, 0, 0, 0, 0, 0, 0, 0, 0
2.331, 0, 0.037066, 0, 0, 0, 0, 0, 0, 0, 0, 0, 0, 0, 0
2.332, 0, 0.0393429, 0, 0, 0, 0, 0, 0, 0, 0, 0, 0, 0, 0
2.333, 0, 0.0411573, 0, 0, 0, 0, 0, 0, 0, 0, 0, 0, 0, 0
2.334, 0, 0.040935, 0, 0, 0, 0, 0, 0, 0, 0, 0, 0, 0, 0
2.335, 0, 0.0418271, 0, 0, 0, 0, 0, 0, 0, 0, 0, 0, 0, 0
2.336, 0, 0.0405364, 0, 0, 0, 0, 0, 0, 0, 0, 0, 0, 0, 0
2.337, 0, 0.0394245, 0, 0, 0, 0, 0, 0, 0, 0, 0, 0, 0, 0
2.338, 0, 0.038193, 0, 0, 0, 0, 0, 0, 0, 0, 0, 0, 0, 0
2.339, 0, 0, 0, 0, 0, 0, 0, 0, 0, 0, 0, 0, 0, 0
2.34, 0, 0, 0, 0, 0, 0, 0, 0, 0, 0, 0, 0, 0, 0
2.341, 0, 0, 0, 0, 0, 0, 0, 0, 0, 0, 0, 0, 0, 0
2.342, 0, 0, 0, 0, 0, 0, 0, 0, 0, 0, 0, 0, 0, 0
2.343, 0, 0, 0, 0, 0, 0, 0, 0, 0, 0, 0, 0, 0, 0
2.344, 0, 0, 0, 0, 0, 0, 0, 0, 0, 0, 0, 0, 0, 0
2.345, 0, 0, 0, 0, 0, 0, 0, 0, 0, 0, 0, 0, 0, 0
2.346, 0, 0, 0, 0, 0, 0, 0, 0, 0, 0, 0, 0, 0, 0
2.347, 0, 0, 0, 0, 0, 0, 0, 0, 0, 0, 0, 0, 0, 0
2.348, 0, 0, 0, 0, 0, 0, 0, 0, 0, 0, 0, 0, 0, 0
2.349, 0, 0, 0, 0, 0, 0, 0, 0, 0, 0, 0, 0, 0, 0
2.35, 0, 0, 0, 0, 0, 0, 0, 0, 0, 0, 0, 0, 0, 0
2.351, 0, 0, 0, 0, 0, 0, 0, 0, 0, 0, 0, 0, 0, 0
2.352, 0, 0, 0, 0, 0, 0, 0, 0, 0, 0, 0, 0, 0, 0
2.353, 0, 0, 0, 0, 0, 0, 0, 0, 0, 0, 0, 0, 0, 0
2.354, 0, 0, 0, 0, 0, 0, 0, 0, 0, 0, 0, 0, 0, 0
2.355, 0, 0, 0, 0, 0, 0, 0, 0, 0, 0, 0, 0, 0, 0
2.356, 0, 0, 0, 0, 0, 0, 0, 0, 0, 0, 0, 0, 0, 0
2.357, 0, 0, 0, 0, 0, 0, 0, 0, 0, 0, 0, 0, 0, 0
2.358, 0, 0, 0, 0, 0, 0, 0, 0, 0, 0, 0, 0, 0, 0
2.359, 0, 0, 0, 0, 0, 0, 0, 0, 0, 0, 0, 0, 0, 0
2.36, 0, 0, 0, 0, 0, 0, 0, 0, 0, 0, 0, 0, 0, 0
2.361, 0, 0, 0, 0, 0, 0, 0, 0, 0, 0, 0, 0, 0, 0
2.362, 0, 0, 0, 0, 0, 0, 0, 0, 0, 0, 0, 0, 0, 0
2.363, 0.158831, 0, 0, 0, 0, 0, 0, 0, 0, 0, 0, 0, 0, 0
2.364, 0.152402, 0, 0, 0, 0, 0, 0, 0, 0, 0, 0, 0, 0, 0
2.365, 0.143858, 0, 0, 0, 0, 0, 0, 0, 0, 0, 0, 0, 0, 0
2.366, 0.135038, 0, 0, 0, 0, 0, 0, 0, 0, 0, 0, 0, 0, 0
2.367, 0.137052, 0, 0, 0, 0, 0, 0, 0, 0, 0, 0, 0, 0, 0
2.368, 0.149628, 0, 0, 0, 0, 0, 0, 0, 0, 0, 0, 0, 0, 0
2.369, 0.161185, 0, 0, 0, 0, 0, 0, 0, 0, 0, 0, 0, 0, 0
2.37, 0.168194, 0, 0, 0, 0, 0, 0, 0, 0, 0, 0, 0, 0, 0
2.371, 0.163841, 0, 0, 0, 0, 0, 0, 0, 0, 0, 0, 0, 0, 0
2.372, 0.182769, 0, 0, 0, 0, 0, 0, 0, 0, 0, 0, 0, 0, 0
2.373, 0.189289, 0, 0, 0, 0, 0, 0, 0, 0, 0, 0, 0, 0, 0
2.374, 0.184377, 0, 0, 0, 0, 0, 0, 0, 0, 0, 0, 0, 0, 0
2.375, 0.186623, 0, 0, 0, 0, 0, 0, 0, 0, 0, 0, 0, 0, 0
2.376, 0.186998, 0, 0, 0, 0, 0, 0, 0, 0, 0, 0, 0, 0, 0
2.377, 0.186696, 0, 0, 0, 0, 0, 0, 0, 0, 0, 0, 0, 0, 0
2.378, 0.186498, 0, 0, 0, 0, 0, 0, 0, 0, 0, 0, 0, 0, 0
2.379, 0.18636, 0, 0, 0, 0, 0, 0, 0, 0, 0, 0, 0, 0, 0
2.38, 0.11346, 0, 0, 0, 0, 0, 0, 0, 0, 0, 0, 0, 0, 0
2.381, 0.103265, 0, 0, 0, 0, 0, 0, 0, 0, 0, 0, 0, 0, 0
2.382, 0.101609, 0, 0, 0, 0, 0, 0, 0, 0, 0, 0, 0, 0, 0
2.383, 0.102545, 0, 0, 0, 0, 0, 0, 0, 0, 0, 0, 0, 0, 0
2.384, 0.104127, 0, 0, 0, 0, 0, 0, 0, 0, 0, 0, 0, 0, 0
2.385, 0.105842, 0, 0, 0, 0, 0, 0, 0, 0, 0, 0, 0, 0, 0
2.386, 0.107568, 0, 0, 0, 0, 0, 0, 0, 0, 0, 0, 0, 0, 0
2.387, 0.109296, 0, 0, 0, 0, 0, 0, 0, 0, 0, 0, 0, 0, 0
2.388, 0.110827, 0, 0, 0, 0, 0, 0, 0, 0, 0, 0, 0, 0, 0
2.389, 0.111974, 0, 0, 0, 0, 0, 0, 0, 0, 0, 0, 0, 0, 0
2.39, 0.112738, 0, 0, 0, 0, 0, 0, 0, 0, 0, 0, 0, 0, 0
2.391, 0.0763083, 0, 0, 0, 0, 0, 0, 0, 0, 0, 0, 0, 0, 0
2.392, 0.0724462, 0, 0, 0, 0, 0, 0, 0, 0, 0, 0, 0, 0, 0
2.393, 0.071957, 0, 0, 0, 0, 0, 0, 0, 0, 0, 0, 0, 0, 0
2.394, 0.0730397, 0, 0, 0, 0, 0, 0, 0, 0, 0, 0, 0, 0, 0
2.395, 0.0738615, 0, 0, 0, 0, 0, 0, 0, 0, 0, 0, 0, 0, 0
2.396, 0.0744886, 0, 0, 0, 0, 0, 0, 0, 0, 0, 0, 0, 0, 0
2.397, 0.0770462, 0, 0, 0, 0, 0, 0, 0, 0, 0, 0, 0, 0, 0
2.398, 0.0775908, 0, 0, 0, 0, 0, 0, 0, 0, 0, 0, 0, 0, 0
2.399, 0.0783613, 0, 0, 0, 0, 0, 0, 0, 0, 0, 0, 0, 0, 0
2.4, 0.0789823, 0, 0, 0, 0, 0, 0, 0, 0, 0, 0, 0, 0, 0
2.401, 0.0793679, 0, 0, 0, 0, 0, 0, 0, 0, 0, 0, 0, 0, 0
2.402, 0.0709901, 0, 0, 0, 0, 0, 0, 0, 0, 0, 0, 0, 0, 0
2.403, 0.0694268, 0, 0, 0, 0, 0, 0, 0, 0, 0, 0, 0, 0, 0
2.404, 0.0687957, 0, 0, 0, 0, 0, 0, 0, 0, 0, 0, 0, 0, 0
2.405, 0.0683127, 0, 0, 0, 0, 0, 0, 0, 0, 0, 0, 0, 0, 0
2.406, 0.0678318, 0, 0, 0, 0, 0, 0, 0, 0, 0, 0, 0, 0, 0
2.407, 0.0574129, 0, 0, 0, 0, 0, 0, 0, 0, 0, 0, 0, 0, 0
2.408, 0.0555163, 0, 0, 0, 0, 0, 0, 0, 0, 0, 0, 0, 0, 0
2.409, 0.0547618, 0, 0, 0, 0, 0, 0, 0, 0, 0, 0, 0, 0, 0
2.41, 0.0545471, 0, 0, 0, 0, 0, 0, 0, 0, 0, 0, 0, 0, 0
2.411, 0.0545526, 0, 0, 0, 0, 0, 0, 0, 0, 0, 0, 0, 0, 0
2.412, 0.0546159, 0, 0, 0, 0, 0, 0, 0, 0, 0, 0, 0, 0, 0
2.413, 0.0546594, 0, 0, 0, 0, 0, 0, 0, 0, 0, 0, 0, 0, 0
2.414, 0.0546499, 0, 0, 0, 0, 0, 0, 0, 0, 0, 0, 0, 0, 0
2.415, 0.0545766, 0, 0, 0, 0, 0, 0, 0, 0, 0, 0, 0, 0, 0
2.416, 0.0544402, 0, 0, 0, 0, 0, 0, 0, 0, 0, 0, 0, 0, 0
2.417, 0.0542468, 0, 0, 0, 0, 0, 0, 0, 0, 0, 0, 0, 0, 0
2.418, 0.0540049, 0, 0, 0, 0, 0, 0, 0, 0, 0, 0, 0, 0, 0
2.419, 0.0537237, 0, 0, 0, 0, 0, 0, 0, 0, 0, 0, 0, 0, 0
2.42, 0.0535608, 0, 0, 0, 0, 0, 0, 0, 0, 0, 0, 0, 0, 0
2.421, 0.0533979, 0, 0, 0, 0, 0, 0, 0, 0, 0, 0, 0, 0, 0
2.422, 0.0526427, 0, 0, 0, 0, 0, 0, 0, 0, 0, 0, 0, 0, 0
2.423, 0.0521447, 0, 0, 0, 0, 0, 0, 0, 0, 0, 0, 0, 0, 0
2.424, 0.0518413, 0, 0, 0, 0, 0, 0, 0, 0, 0, 0, 0, 0, 0
2.425, 0.0515796, 0, 0, 0, 0, 0, 0, 0, 0, 0, 0, 0, 0, 0
2.426, 0.0513067, 0, 0, 0, 0, 0, 0, 0, 0, 0, 0, 0, 0, 0
2.427, 0.0510192, 0, 0, 0, 0, 0, 0, 0, 0, 0, 0, 0, 0, 0
2.428, 0.0507274, 0, 0, 0, 0, 0, 0, 0, 0, 0, 0, 0, 0, 0
2.429, 0.0504427, 0, 0, 0, 0, 0, 0, 0, 0, 0, 0, 0, 0, 0
2.43, 0.0501736, 0, 0, 0, 0, 0, 0, 0, 0, 0, 0, 0, 0, 0
2.431, 0.0499257, 0, 0, 0, 0, 0, 0, 0, 0, 0, 0, 0, 0, 0
2.432, 0.0497023, 0, 0, 0, 0, 0, 0, 0, 0, 0, 0, 0, 0, 0
2.433, 0.049505, 0, 0, 0, 0, 0, 0, 0, 0, 0, 0, 0, 0, 0
2.434, 0.0493347, 0, 0, 0, 0, 0, 0, 0, 0, 0, 0, 0, 0, 0
2.435, 0.0491913, 0, 0, 0, 0, 0, 0, 0, 0, 0, 0, 0, 0, 0
2.436, 0.0490743, 0, 0, 0, 0, 0, 0, 0, 0, 0, 0, 0, 0, 0
2.437, 0.0489829, 0, 0, 0, 0, 0, 0, 0, 0, 0, 0, 0, 0, 0
2.438, 0.0489159, 0, 0, 0, 0, 0, 0, 0, 0, 0, 0, 0, 0, 0
2.439, 0.048872, 0, 0, 0, 0, 0, 0, 0, 0, 0, 0, 0, 0, 0
2.44, 0.0488499, 0, 0, 0, 0, 0, 0, 0, 0, 0, 0, 0, 0, 0
2.441, 0.0488478, 0, 0, 0, 0, 0, 0, 0, 0, 0, 0, 0, 0, 0
2.442, 0.0488643, 0, 0, 0, 0, 0, 0, 0, 0, 0, 0, 0, 0, 0
2.443, 0.0488974, 0, 0, 0, 0, 0, 0, 0, 0, 0, 0, 0, 0, 0
2.444, 0.0489456, 0, 0, 0, 0, 0, 0, 0, 0, 0, 0, 0, 0, 0
2.445, 0.0490069, 0, 0, 0, 0, 0, 0, 0, 0, 0, 0, 0, 0, 0
2.446, 0.0490796, 0, 0, 0, 0, 0, 0, 0, 0, 0, 0, 0, 0, 0
2.447, 0.049162, 0, 0, 0, 0, 0, 0, 0, 0, 0, 0, 0, 0, 0
2.448, 0.0492524, 0, 0, 0, 0, 0, 0, 0, 0, 0, 0, 0, 0, 0
2.449, 0.0493492, 0, 0, 0, 0, 0, 0, 0, 0, 0, 0, 0, 0, 0
2.45, 0.0494507, 0, 0, 0, 0, 0, 0, 0, 0, 0, 0, 0, 0, 0
2.451, 0.0495556, 0, 0, 0, 0, 0, 0, 0, 0, 0, 0, 0, 0, 0
2.452, 0.0488147, 0, 0, 0, 0, 0, 0, 0, 0, 0, 0, 0, 0, 0
2.453, 0.0505387, 0, 0, 0, 0, 0, 0, 0, 0, 0, 0, 0, 0, 0
2.454, 0.0503697, 0, 0, 0, 0, 0, 0, 0, 0, 0, 0, 0, 0, 0
2.455, 0.0500477, 0, 0, 0, 0, 0, 0, 0, 0, 0, 0, 0, 0, 0
2.456, 0.0499966, 0, 0, 0, 0, 0, 0, 0, 0, 0, 0, 0, 0, 0
2.457, 0.0500738, 0, 0, 0, 0, 0, 0, 0, 0, 0, 0, 0, 0, 0
2.458, 0.0501904, 0, 0, 0, 0, 0, 0, 0, 0, 0, 0, 0, 0, 0
2.459, 0.0503096, 0, 0, 0, 0, 0, 0, 0, 0, 0, 0, 0, 0, 0
2.46, 0.0504193, 0, 0, 0, 0, 0, 0, 0, 0, 0, 0, 0, 0, 0
2.461, 0.050517, 0, 0, 0, 0, 0, 0, 0, 0, 0, 0, 0, 0, 0
2.462, 0.0506036, 0, 0, 0, 0, 0, 0, 0, 0, 0, 0, 0, 0, 0
2.463, 0.0506806, 0, 0, 0, 0, 0, 0, 0, 0, 0, 0, 0, 0, 0
2.464, 0.0505641, 0, 0, 0, 0, 0, 0, 0, 0, 0, 0, 0, 0, 0
2.465, 0.0509819, 0, 0, 0, 0, 0, 0, 0, 0, 0, 0, 0, 0, 0
2.466, 0.0510985, 0, 0, 0, 0, 0, 0, 0, 0, 0, 0, 0, 0, 0
2.467, 0.0509231, 0, 0, 0, 0, 0, 0, 0, 0, 0, 0, 0, 0, 0
2.468, 0.0508747, 0, 0, 0, 0, 0, 0, 0, 0, 0, 0, 0, 0, 0
2.469, 0.0509221, 0, 0, 0, 0, 0, 0, 0, 0, 0, 0, 0, 0, 0
2.47, 0.0509869, 0, 0, 0, 0, 0, 0, 0, 0, 0, 0, 0, 0, 0
2.471, 0.0510442, 0, 0, 0, 0, 0, 0, 0, 0, 0, 0, 0, 0, 0
2.472, 0.0510853, 0, 0, 0, 0, 0, 0, 0, 0, 0, 0, 0, 0, 0
2.473, 0.0511114, 0, 0, 0, 0, 0, 0, 0, 0, 0, 0, 0, 0, 0
2.474, 0.0511284, 0, 0, 0, 0, 0, 0, 0, 0, 0, 0, 0, 0, 0
2.475, 0.051141, 0, 0, 0, 0, 0, 0, 0, 0, 0, 0, 0, 0, 0
2.476, 0.0511517, 0, 0, 0, 0, 0, 0, 0, 0, 0, 0, 0, 0, 0
2.477, 0.0511615, 0, 0, 0, 0, 0, 0, 0, 0, 0, 0, 0, 0, 0
2.478, 0.0511706, 0, 0, 0, 0, 0, 0, 0, 0, 0, 0, 0, 0, 0
2.479, 0.0511794, 0, 0, 0, 0, 0, 0, 0, 0, 0, 0, 0, 0, 0
2.48, 0.051188, 0, 0, 0, 0, 0, 0, 0, 0, 0, 0, 0, 0, 0
2.481, 0.0511966, 0, 0, 0, 0, 0, 0, 0, 0, 0, 0, 0, 0, 0
2.482, 0.0512054, 0, 0, 0, 0, 0, 0, 0, 0, 0, 0, 0, 0, 0
2.483, 0.051198, 0, 0, 0, 0, 0, 0, 0, 0, 0, 0, 0, 0, 0
2.484, 0.0512279, 0, 0, 0, 0, 0, 0, 0, 0, 0, 0, 0, 0, 0
2.485, 0.0512462, 0, 0, 0, 0, 0, 0, 0, 0, 0, 0, 0, 0, 0
2.486, 0.0512536, 0, 0, 0, 0, 0, 0, 0, 0, 0, 0, 0, 0, 0
2.487, 0.0512639, 0, 0, 0, 0, 0, 0, 0, 0, 0, 0, 0, 0, 0
2.488, 0.0512784, 0, 0, 0, 0, 0, 0, 0, 0, 0, 0, 0, 0, 0
2.489, 0.0512958, 0, 0, 0, 0, 0, 0, 0, 0, 0, 0, 0, 0, 0
2.49, 0.0513155, 0, 0, 0, 0, 0, 0, 0, 0, 0, 0, 0, 0, 0
2.491, 0.0513372, 0, 0, 0, 0, 0, 0, 0, 0, 0, 0, 0, 0, 0
2.492, 0.051361, 0, 0, 0, 0, 0, 0, 0, 0, 0, 0, 0, 0, 0
2.493, 0.0513867, 0, 0, 0, 0, 0, 0, 0, 0, 0, 0, 0, 0, 0
2.494, 0.0514145, 0, 0, 0, 0, 0, 0, 0, 0, 0, 0, 0, 0, 0
2.495, 0.0514443, 0, 0, 0, 0, 0, 0, 0, 0, 0, 0, 0, 0, 0
2.496, 0.051476, 0, 0, 0, 0, 0, 0, 0, 0, 0, 0, 0, 0, 0
2.497, 0.0515096, 0, 0, 0, 0, 0, 0, 0, 0, 0, 0, 0, 0, 0
2.498, 0.0515448, 0, 0, 0, 0, 0, 0, 0, 0, 0, 0, 0, 0, 0
2.499, 0.0515816, 0, 0, 0, 0, 0, 0, 0, 0, 0, 0, 0, 0, 0
2.5, 0.0516199, 0, 0, 0, 0, 0, 0, 0, 0, 0, 0, 0, 0, 0
2.501, 0.0516593, 0, 0, 0, 0, 0, 0, 0, 0, 0, 0, 0, 0, 0
2.502, 0.0516998, 0, 0, 0, 0, 0, 0, 0, 0, 0, 0, 0, 0, 0
2.503, 0.0517412, 0, 0, 0, 0, 0, 0, 0, 0, 0, 0, 0, 0, 0
2.504, 0.0512485, 0, 0, 0, 0, 0, 0, 0, 0, 0, 0, 0, 0, 0
2.505, 0.0517507, 0, 0, 0, 0, 0, 0, 0, 0, 0, 0, 0, 0, 0
2.506, 0.0523321, 0, 0, 0, 0, 0, 0, 0, 0, 0, 0, 0, 0, 0
2.507, 0.052216, 0, 0, 0, 0, 0, 0, 0, 0, 0, 0, 0, 0, 0
2.508, 0.0520493, 0, 0, 0, 0, 0, 0, 0, 0, 0, 0, 0, 0, 0
2.509, 0.0519843, 0, 0, 0, 0, 0, 0, 0, 0, 0, 0, 0, 0, 0
2.51, 0.0519888, 0, 0, 0, 0, 0, 0, 0, 0, 0, 0, 0, 0, 0
2.511, 0.0520267, 0, 0, 0, 0, 0, 0, 0, 0, 0, 0, 0, 0, 0
2.512, 0.0520774, 0, 0, 0, 0, 0, 0, 0, 0, 0, 0, 0, 0, 0
2.513, 0.0521292, 0, 0, 0, 0, 0, 0, 0, 0, 0, 0, 0, 0, 0
2.514, 0.0521773, 0, 0, 0, 0, 0, 0, 0, 0, 0, 0, 0, 0, 0
2.515, 0.0522212, 0, 0, 0, 0, 0, 0, 0, 0, 0, 0, 0, 0, 0
2.516, 0.0522615, 0, 0, 0, 0, 0, 0, 0, 0, 0, 0, 0, 0, 0
2.517, 0.0522989, 0, 0, 0, 0, 0, 0, 0, 0, 0, 0, 0, 0, 0
2.518, 0.0523339, 0, 0, 0, 0, 0, 0, 0, 0, 0, 0, 0, 0, 0
2.519, 0.0523516, 0, 0, 0, 0, 0, 0, 0, 0, 0, 0, 0, 0, 0
2.52, 0.0523937, 0, 0, 0, 0, 0, 0, 0, 0, 0, 0, 0, 0, 0
2.521, 0.0524344, 0, 0, 0, 0, 0, 0, 0, 0, 0, 0, 0, 0, 0
2.522, 0.0524605, 0, 0, 0, 0, 0, 0, 0, 0, 0, 0, 0, 0, 0
2.523, 0.0524832, 0, 0, 0, 0, 0, 0, 0, 0, 0, 0, 0, 0, 0
2.524, 0.0525049, 0, 0, 0, 0, 0, 0, 0, 0, 0, 0, 0, 0, 0
2.525, 0.0525257, 0, 0, 0, 0, 0, 0, 0, 0, 0, 0, 0, 0, 0
2.526, 0.0525453, 0, 0, 0, 0, 0, 0, 0, 0, 0, 0, 0, 0, 0
2.527, 0.0525633, 0, 0, 0, 0, 0, 0, 0, 0, 0, 0, 0, 0, 0
2.528, 0.0525798, 0, 0, 0, 0, 0, 0, 0, 0, 0, 0, 0, 0, 0
2.529, 0.0525947, 0, 0, 0, 0, 0, 0, 0, 0, 0, 0, 0, 0, 0
2.53, 0.0526079, 0, 0, 0, 0, 0, 0, 0, 0, 0, 0, 0, 0, 0
2.531, 0.0526196, 0, 0, 0, 0, 0, 0, 0, 0, 0, 0, 0, 0, 0
2.532, 0.0526296, 0, 0, 0, 0, 0, 0, 0, 0, 0, 0, 0, 0, 0
2.533, 0.0526382, 0, 0, 0, 0, 0, 0, 0, 0, 0, 0, 0, 0, 0
2.534, 0.0526452, 0, 0, 0, 0, 0, 0, 0, 0, 0, 0, 0, 0, 0
2.535, 0.0526508, 0, 0, 0, 0, 0, 0, 0, 0, 0, 0, 0, 0, 0
2.536, 0.0526549, 0, 0, 0, 0, 0, 0, 0, 0, 0, 0, 0, 0, 0
2.537, 0.0526577, 0, 0, 0, 0, 0, 0, 0, 0, 0, 0, 0, 0, 0
2.538, 0.0526591, 0, 0, 0, 0, 0, 0, 0, 0, 0, 0, 0, 0, 0
2.539, 0.0526592, 0, 0, 0, 0, 0, 0, 0, 0, 0, 0, 0, 0, 0
2.54, 0.052658, 0, 0, 0, 0, 0, 0, 0, 0, 0, 0, 0, 0, 0
2.541, 0.0526556, 0, 0, 0, 0, 0, 0, 0, 0, 0, 0, 0, 0, 0
2.542, 0.0520355, 0, 0, 0, 0, 0, 0, 0, 0, 0, 0, 0, 0, 0
2.543, 0.0523825, 0, 0, 0, 0, 0, 0, 0, 0, 0, 0, 0, 0, 0
2.544, 0.0532698, 0, 0, 0, 0, 0, 0, 0, 0, 0, 0, 0, 0, 0
2.545, 0.053136, 0, 0, 0, 0, 0, 0, 0, 0, 0, 0, 0, 0, 0
2.546, 0.0528188, 0, 0, 0, 0, 0, 0, 0, 0, 0, 0, 0, 0, 0
2.547, 0.052614, 0, 0, 0, 0, 0, 0, 0, 0, 0, 0, 0, 0, 0
2.548, 0.0525187, 0, 0, 0, 0, 0, 0, 0, 0, 0, 0, 0, 0, 0
2.549, 0.0524919, 0, 0, 0, 0, 0, 0, 0, 0, 0, 0, 0, 0, 0
2.55, 0.0524963, 0, 0, 0, 0, 0, 0, 0, 0, 0, 0, 0, 0, 0
2.551, 0.0525065, 0, 0, 0, 0, 0, 0, 0, 0, 0, 0, 0, 0, 0
2.552, 0.0525124, 0, 0, 0, 0, 0, 0, 0, 0, 0, 0, 0, 0, 0
2.553, 0.0525118, 0, 0, 0, 0, 0, 0, 0, 0, 0, 0, 0, 0, 0
2.554, 0.0525052, 0, 0, 0, 0, 0, 0, 0, 0, 0, 0, 0, 0, 0
2.555, 0.0524939, 0, 0, 0, 0, 0, 0, 0, 0, 0, 0, 0, 0, 0
2.556, 0.0524791, 0, 0, 0, 0, 0, 0, 0, 0, 0, 0, 0, 0, 0
2.557, 0.0524618, 0, 0, 0, 0, 0, 0, 0, 0, 0, 0, 0, 0, 0
2.558, 0.0524426, 0, 0, 0, 0, 0, 0, 0, 0, 0, 0, 0, 0, 0
2.559, 0.0524219, 0, 0, 0, 0, 0, 0, 0, 0, 0, 0, 0, 0, 0
2.56, 0.0523998, 0, 0, 0, 0, 0, 0, 0, 0, 0, 0, 0, 0, 0
2.561, 0.0523453, 0, 0, 0, 0, 0, 0, 0, 0, 0, 0, 0, 0, 0
2.562, 0.0523355, 0, 0, 0, 0, 0, 0, 0, 0, 0, 0, 0, 0, 0
2.563, 0.0523452, 0, 0, 0, 0, 0, 0, 0, 0, 0, 0, 0, 0, 0
2.564, 0.052321, 0, 0, 0, 0, 0, 0, 0, 0, 0, 0, 0, 0, 0
2.565, 0.0522867, 0, 0, 0, 0, 0, 0, 0, 0, 0, 0, 0, 0, 0
2.566, 0.052252, 0, 0, 0, 0, 0, 0, 0, 0, 0, 0, 0, 0, 0
2.567, 0.0522185, 0, 0, 0, 0, 0, 0, 0, 0, 0, 0, 0, 0, 0
2.568, 0.0521858, 0, 0, 0, 0, 0, 0, 0, 0, 0, 0, 0, 0, 0
2.569, 0.0521536, 0, 0, 0, 0, 0, 0, 0, 0, 0, 0, 0, 0, 0
2.57, 0.0521212, 0, 0, 0, 0, 0, 0, 0, 0, 0, 0, 0, 0, 0
2.571, 0.0520885, 0, 0, 0, 0, 0, 0, 0, 0, 0, 0, 0, 0, 0
2.572, 0.0520552, 0, 0, 0, 0, 0, 0, 0, 0, 0, 0, 0, 0, 0
2.573, 0.0520211, 0, 0, 0, 0, 0, 0, 0, 0, 0, 0, 0, 0, 0
2.574, 0.0519863, 0, 0, 0, 0, 0, 0, 0, 0, 0, 0, 0, 0, 0
2.575, 0.0519508, 0, 0, 0, 0, 0, 0, 0, 0, 0, 0, 0, 0, 0
2.576, 0.0519145, 0, 0, 0, 0, 0, 0, 0, 0, 0, 0, 0, 0, 0
2.577, 0.0518775, 0, 0, 0, 0, 0, 0, 0, 0, 0, 0, 0, 0, 0
2.578, 0.0518399, 0, 0, 0, 0, 0, 0, 0, 0, 0, 0, 0, 0, 0
2.579, 0.0518017, 0, 0, 0, 0, 0, 0, 0, 0, 0, 0, 0, 0, 0
2.58, 0.051763, 0, 0, 0, 0, 0, 0, 0, 0, 0, 0, 0, 0, 0
2.581, 0.0517237, 0, 0, 0, 0, 0, 0, 0, 0, 0, 0, 0, 0, 0
2.582, 0.0516841, 0, 0, 0, 0, 0, 0, 0, 0, 0, 0, 0, 0, 0
2.583, 0.051644, 0, 0, 0, 0, 0, 0, 0, 0, 0, 0, 0, 0, 0
2.584, 0.0516036, 0, 0, 0, 0, 0, 0, 0, 0, 0, 0, 0, 0, 0
2.585, 0.0515629, 0, 0, 0, 0, 0, 0, 0, 0, 0, 0, 0, 0, 0
2.586, 0.051522, 0, 0, 0, 0, 0, 0, 0, 0, 0, 0, 0, 0, 0
2.587, 0.0514809, 0, 0, 0, 0, 0, 0, 0, 0, 0, 0, 0, 0, 0
2.588, 0.0514397, 0, 0, 0, 0, 0, 0, 0, 0, 0, 0, 0, 0, 0
2.589, 0.0513984, 0, 0, 0, 0, 0, 0, 0, 0, 0, 0, 0, 0, 0
2.59, 0.0513571, 0, 0, 0, 0, 0, 0, 0, 0, 0, 0, 0, 0, 0
2.591, 0.0513158, 0, 0, 0, 0, 0, 0, 0, 0, 0, 0, 0, 0, 0
2.592, 0.0512747, 0, 0, 0, 0, 0, 0, 0, 0, 0, 0, 0, 0, 0
2.593, 0.0512336, 0, 0, 0, 0, 0, 0, 0, 0, 0, 0, 0, 0, 0
2.594, 0.0511928, 0, 0, 0, 0, 0, 0, 0, 0, 0, 0, 0, 0, 0
2.595, 0.0511522, 0, 0, 0, 0, 0, 0, 0, 0, 0, 0, 0, 0, 0
2.596, 0.051112, 0, 0, 0, 0, 0, 0, 0, 0, 0, 0, 0, 0, 0
2.597, 0.0510721, 0, 0, 0, 0, 0, 0, 0, 0, 0, 0, 0, 0, 0
2.598, 0.0510326, 0, 0, 0, 0, 0, 0, 0, 0, 0, 0, 0, 0, 0
2.599, 0.0509936, 0, 0, 0, 0, 0, 0, 0, 0, 0, 0, 0, 0, 0
2.6, 0.050955, 0, 0, 0, 0, 0, 0, 0, 0, 0, 0, 0, 0, 0
2.601, 0.0509171, 0, 0, 0, 0, 0, 0, 0, 0, 0, 0, 0, 0, 0
2.602, 0.0508797, 0, 0, 0, 0, 0, 0, 0, 0, 0, 0, 0, 0, 0
2.603, 0.0508431, 0, 0, 0, 0, 0, 0, 0, 0, 0, 0, 0, 0, 0
2.604, 0.0508071, 0, 0, 0, 0, 0, 0, 0, 0, 0, 0, 0, 0, 0
2.605, 0.0507719, 0, 0, 0, 0, 0, 0, 0, 0, 0, 0, 0, 0, 0
2.606, 0.0507375, 0, 0, 0, 0, 0, 0, 0, 0, 0, 0, 0, 0, 0
2.607, 0.0507039, 0, 0, 0, 0, 0, 0, 0, 0, 0, 0, 0, 0, 0
2.608, 0.0506713, 0, 0, 0, 0, 0, 0, 0, 0, 0, 0, 0, 0, 0
2.609, 0.0506395, 0, 0, 0, 0, 0, 0, 0, 0, 0, 0, 0, 0, 0
2.61, 0.0506087, 0, 0, 0, 0, 0, 0, 0, 0, 0, 0, 0, 0, 0
2.611, 0.050579, 0, 0, 0, 0, 0, 0, 0, 0, 0, 0, 0, 0, 0
2.612, 0.0505502, 0, 0, 0, 0, 0, 0, 0, 0, 0, 0, 0, 0, 0
2.613, 0.0505226, 0, 0, 0, 0, 0, 0, 0, 0, 0, 0, 0, 0, 0
2.614, 0.050496, 0, 0, 0, 0, 0, 0, 0, 0, 0, 0, 0, 0, 0
2.615, 0.0504707, 0, 0, 0, 0, 0, 0, 0, 0, 0, 0, 0, 0, 0
2.616, 0.0504464, 0, 0, 0, 0, 0, 0, 0, 0, 0, 0, 0, 0, 0
2.617, 0.0504234, 0, 0, 0, 0, 0, 0, 0, 0, 0, 0, 0, 0, 0
2.618, 0.0504016, 0, 0, 0, 0, 0, 0, 0, 0, 0, 0, 0, 0, 0
2.619, 0.0503811, 0, 0, 0, 0, 0, 0, 0, 0, 0, 0, 0, 0, 0
2.62, 0.0503619, 0, 0, 0, 0, 0, 0, 0, 0, 0, 0, 0, 0, 0
2.621, 0.0503439, 0, 0, 0, 0, 0, 0, 0, 0, 0, 0, 0, 0, 0
2.622, 0.0503273, 0, 0, 0, 0, 0, 0, 0, 0, 0, 0, 0, 0, 0
2.623, 0.0503121, 0, 0, 0, 0, 0, 0, 0, 0, 0, 0, 0, 0, 0
2.624, 0.0502982, 0, 0, 0, 0, 0, 0, 0, 0, 0, 0, 0, 0, 0
2.625, 0.0502857, 0, 0, 0, 0, 0, 0, 0, 0, 0, 0, 0, 0, 0
2.626, 0.0502746, 0, 0, 0, 0, 0, 0, 0, 0, 0, 0, 0, 0, 0
2.627, 0.0502649, 0, 0, 0, 0, 0, 0, 0, 0, 0, 0, 0, 0, 0
2.628, 0.0502567, 0, 0, 0, 0, 0, 0, 0, 0, 0, 0, 0, 0, 0
2.629, 0.0502498, 0, 0, 0, 0, 0, 0, 0, 0, 0, 0, 0, 0, 0
2.63, 0.0502445, 0, 0, 0, 0, 0, 0, 0, 0, 0, 0, 0, 0, 0
2.631, 0.0502405, 0, 0, 0, 0, 0, 0, 0, 0, 0, 0, 0, 0, 0
2.632, 0.0502381, 0, 0, 0, 0, 0, 0, 0, 0, 0, 0, 0, 0, 0
2.633, 0.0502371, 0, 0, 0, 0, 0, 0, 0, 0, 0, 0, 0, 0, 0
2.634, 0.0502376, 0, 0, 0, 0, 0, 0, 0, 0, 0, 0, 0, 0, 0
2.635, 0.0502395, 0, 0, 0, 0, 0, 0, 0, 0, 0, 0, 0, 0, 0
2.636, 0.0502429, 0, 0, 0, 0, 0, 0, 0, 0, 0, 0, 0, 0, 0
2.637, 0.0502478, 0, 0, 0, 0, 0, 0, 0, 0, 0, 0, 0, 0, 0
2.638, 0.0502541, 0, 0, 0, 0, 0, 0, 0, 0, 0, 0, 0, 0, 0
2.639, 0.0502619, 0, 0, 0, 0, 0, 0, 0, 0, 0, 0, 0, 0, 0
2.64, 0.0502712, 0, 0, 0, 0, 0, 0, 0, 0, 0, 0, 0, 0, 0
2.641, 0.0502819, 0, 0, 0, 0, 0, 0, 0, 0, 0, 0, 0, 0, 0
2.642, 0.050294, 0, 0, 0, 0, 0, 0, 0, 0, 0, 0, 0, 0, 0
2.643, 0.0503075, 0, 0, 0, 0, 0, 0, 0, 0, 0, 0, 0, 0, 0
2.644, 0.0503225, 0, 0, 0, 0, 0, 0, 0, 0, 0, 0, 0, 0, 0
2.645, 0.0503388, 0, 0, 0, 0, 0, 0, 0, 0, 0, 0, 0, 0, 0
2.646, 0.0503565, 0, 0, 0, 0, 0, 0, 0, 0, 0, 0, 0, 0, 0
2.647, 0.0503755, 0, 0, 0, 0, 0, 0, 0, 0, 0, 0, 0, 0, 0
2.648, 0.0503959, 0, 0, 0, 0, 0, 0, 0, 0, 0, 0, 0, 0, 0
2.649, 0.0504176, 0, 0, 0, 0, 0, 0, 0, 0, 0, 0, 0, 0, 0
2.65, 0.0504406, 0, 0, 0, 0, 0, 0, 0, 0, 0, 0, 0, 0, 0
2.651, 0.0504648, 0, 0, 0, 0, 0, 0, 0, 0, 0, 0, 0, 0, 0
2.652, 0.0504903, 0, 0, 0, 0, 0, 0, 0, 0, 0, 0, 0, 0, 0
2.653, 0.0505169, 0, 0, 0, 0, 0, 0, 0, 0, 0, 0, 0, 0, 0
2.654, 0.0505447, 0, 0, 0, 0, 0, 0, 0, 0, 0, 0, 0, 0, 0
2.655, 0.0505736, 0, 0, 0, 0, 0, 0, 0, 0, 0, 0, 0, 0, 0
2.656, 0.0506037, 0, 0, 0, 0, 0, 0, 0, 0, 0, 0, 0, 0, 0
2.657, 0.0506348, 0, 0, 0, 0, 0, 0, 0, 0, 0, 0, 0, 0, 0
2.658, 0.0506669, 0, 0, 0, 0, 0, 0, 0, 0, 0, 0, 0, 0, 0
2.659, 0.0507, 0, 0, 0, 0, 0, 0, 0, 0, 0, 0, 0, 0, 0
2.66, 0.050734, 0, 0, 0, 0, 0, 0, 0, 0, 0, 0, 0, 0, 0
2.661, 0.0507689, 0, 0, 0, 0, 0, 0, 0, 0, 0, 0, 0, 0, 0
2.662, 0.0508046, 0, 0, 0, 0, 0, 0, 0, 0, 0, 0, 0, 0, 0
2.663, 0.0508412, 0, 0, 0, 0, 0, 0, 0, 0, 0, 0, 0, 0, 0
2.664, 0.0508785, 0, 0, 0, 0, 0, 0, 0, 0, 0, 0, 0, 0, 0
2.665, 0.0509165, 0, 0, 0, 0, 0, 0, 0, 0, 0, 0, 0, 0, 0
2.666, 0.0509551, 0, 0, 0, 0, 0, 0, 0, 0, 0, 0, 0, 0, 0
2.667, 0.0509944, 0, 0, 0, 0, 0, 0, 0, 0, 0, 0, 0, 0, 0
2.668, 0.0510341, 0, 0, 0, 0, 0, 0, 0, 0, 0, 0, 0, 0, 0
2.669, 0.0510744, 0, 0, 0, 0, 0, 0, 0, 0, 0, 0, 0, 0, 0
2.67, 0.0511151, 0, 0, 0, 0, 0, 0, 0, 0, 0, 0, 0, 0, 0
2.671, 0.0511561, 0, 0, 0, 0, 0, 0, 0, 0, 0, 0, 0, 0, 0
2.672, 0.0511975, 0, 0, 0, 0, 0, 0, 0, 0, 0, 0, 0, 0, 0
2.673, 0.0512391, 0, 0, 0, 0, 0, 0, 0, 0, 0, 0, 0, 0, 0
2.674, 0.0512809, 0, 0, 0, 0, 0, 0, 0, 0, 0, 0, 0, 0, 0
2.675, 0.0513229, 0, 0, 0, 0, 0, 0, 0, 0, 0, 0, 0, 0, 0
2.676, 0.0513649, 0, 0, 0, 0, 0, 0, 0, 0, 0, 0, 0, 0, 0
2.677, 0.0514069, 0, 0, 0, 0, 0, 0, 0, 0, 0, 0, 0, 0, 0
2.678, 0.0514489, 0, 0, 0, 0, 0, 0, 0, 0, 0, 0, 0, 0, 0
2.679, 0.0514908, 0, 0, 0, 0, 0, 0, 0, 0, 0, 0, 0, 0, 0
2.68, 0.0515324, 0, 0, 0, 0, 0, 0, 0, 0, 0, 0, 0, 0, 0
2.681, 0.0515739, 0, 0, 0, 0, 0, 0, 0, 0, 0, 0, 0, 0, 0
2.682, 0.0516151, 0, 0, 0, 0, 0, 0, 0, 0, 0, 0, 0, 0, 0
2.683, 0.0516559, 0, 0, 0, 0, 0, 0, 0, 0, 0, 0, 0, 0, 0
2.684, 0.0516963, 0, 0, 0, 0, 0, 0, 0, 0, 0, 0, 0, 0, 0
2.685, 0.0517362, 0, 0, 0, 0, 0, 0, 0, 0, 0, 0, 0, 0, 0
2.686, 0.0517755, 0, 0, 0, 0, 0, 0, 0, 0, 0, 0, 0, 0, 0
2.687, 0.0518143, 0, 0, 0, 0, 0, 0, 0, 0, 0, 0, 0, 0, 0
2.688, 0.0518525, 0, 0, 0, 0, 0, 0, 0, 0, 0, 0, 0, 0, 0
2.689, 0.0518899, 0, 0, 0, 0, 0, 0, 0, 0, 0, 0, 0, 0, 0
2.69, 0.0519266, 0, 0, 0, 0, 0, 0, 0, 0, 0, 0, 0, 0, 0
2.691, 0.0519624, 0, 0, 0, 0, 0, 0, 0, 0, 0, 0, 0, 0, 0
2.692, 0.0519974, 0, 0, 0, 0, 0, 0, 0, 0, 0, 0, 0, 0, 0
2.693, 0.0520315, 0, 0, 0, 0, 0, 0, 0, 0, 0, 0, 0, 0, 0
2.694, 0.0520647, 0, 0, 0, 0, 0, 0, 0, 0, 0, 0, 0, 0, 0
2.695, 0.0520968, 0, 0, 0, 0, 0, 0, 0, 0, 0, 0, 0, 0, 0
2.696, 0.0521279, 0, 0, 0, 0, 0, 0, 0, 0, 0, 0, 0, 0, 0
2.697, 0.0521579, 0, 0, 0, 0, 0, 0, 0, 0, 0, 0, 0, 0, 0
2.698, 0.0521868, 0, 0, 0, 0, 0, 0, 0, 0, 0, 0, 0, 0, 0
2.699, 0.0522145, 0, 0, 0, 0, 0, 0, 0, 0, 0, 0, 0, 0, 0
2.7, 0.052241, 0, 0, 0, 0, 0, 0, 0, 0, 0, 0, 0, 0, 0
2.701, 0.0522664, 0, 0, 0, 0, 0, 0, 0, 0, 0, 0, 0, 0, 0
2.702, 0.0522904, 0, 0, 0, 0, 0, 0, 0, 0, 0, 0, 0, 0, 0
2.703, 0.0523132, 0, 0, 0, 0, 0, 0, 0, 0, 0, 0, 0, 0, 0
2.704, 0.0523347, 0, 0, 0, 0, 0, 0, 0, 0, 0, 0, 0, 0, 0
2.705, 0.0523549, 0, 0, 0, 0, 0, 0, 0, 0, 0, 0, 0, 0, 0
2.706, 0.0523737, 0, 0, 0, 0, 0, 0, 0, 0, 0, 0, 0, 0, 0
2.707, 0.0523912, 0, 0, 0, 0, 0, 0, 0, 0, 0, 0, 0, 0, 0
2.708, 0.0524074, 0, 0, 0, 0, 0, 0, 0, 0, 0, 0, 0, 0, 0
2.709, 0.0524222, 0, 0, 0, 0, 0, 0, 0, 0, 0, 0, 0, 0, 0
2.71, 0.0524356, 0, 0, 0, 0, 0, 0, 0, 0, 0, 0, 0, 0, 0
2.711, 0.0524476, 0, 0, 0, 0, 0, 0, 0, 0, 0, 0, 0, 0, 0
2.712, 0.0524583, 0, 0, 0, 0, 0, 0, 0, 0, 0, 0, 0, 0, 0
2.713, 0.0524676, 0, 0, 0, 0, 0, 0, 0, 0, 0, 0, 0, 0, 0
2.714, 0.0524756, 0, 0, 0, 0, 0, 0, 0, 0, 0, 0, 0, 0, 0
2.715, 0.0524822, 0, 0, 0, 0, 0, 0, 0, 0, 0, 0, 0, 0, 0
2.716, 0.0524875, 0, 0, 0, 0, 0, 0, 0, 0, 0, 0, 0, 0, 0
2.717, 0.0524914, 0, 0, 0, 0, 0, 0, 0, 0, 0, 0, 0, 0, 0
2.718, 0.0524941, 0, 0, 0, 0, 0, 0, 0, 0, 0, 0, 0, 0, 0
2.719, 0.0524955, 0, 0, 0, 0, 0, 0, 0, 0, 0, 0, 0, 0, 0
2.72, 0.0524957, 0, 0, 0, 0, 0, 0, 0, 0, 0, 0, 0, 0, 0
2.721, 0.0524946, 0, 0, 0, 0, 0, 0, 0, 0, 0, 0, 0, 0, 0
2.722, 0.0524924, 0, 0, 0, 0, 0, 0, 0, 0, 0, 0, 0, 0, 0
2.723, 0.052489, 0, 0, 0, 0, 0, 0, 0, 0, 0, 0, 0, 0, 0
2.724, 0.0524845, 0, 0, 0, 0, 0, 0, 0, 0, 0, 0, 0, 0, 0
2.725, 0.0524789, 0, 0, 0, 0, 0, 0, 0, 0, 0, 0, 0, 0, 0
2.726, 0.0524723, 0, 0, 0, 0, 0, 0, 0, 0, 0, 0, 0, 0, 0
2.727, 0.0524646, 0, 0, 0, 0, 0, 0, 0, 0, 0, 0, 0, 0, 0
2.728, 0.052456, 0, 0, 0, 0, 0, 0, 0, 0, 0, 0, 0, 0, 0
2.729, 0.0524465, 0, 0, 0, 0, 0, 0, 0, 0, 0, 0, 0, 0, 0
2.73, 0.0524361, 0, 0, 0, 0, 0, 0, 0, 0, 0, 0, 0, 0, 0
2.731, 0.0524249, 0, 0, 0, 0, 0, 0, 0, 0, 0, 0, 0, 0, 0
2.732, 0.052413, 0, 0, 0, 0, 0, 0, 0, 0, 0, 0, 0, 0, 0
2.733, 0.0524003, 0, 0, 0, 0, 0, 0, 0, 0, 0, 0, 0, 0, 0
2.734, 0.0523869, 0, 0, 0, 0, 0, 0, 0, 0, 0, 0, 0, 0, 0
2.735, 0.052373, 0, 0, 0, 0, 0, 0, 0, 0, 0, 0, 0, 0, 0
2.736, 0.0523584, 0, 0, 0, 0, 0, 0, 0, 0, 0, 0, 0, 0, 0
2.737, 0.0523434, 0, 0, 0, 0, 0, 0, 0, 0, 0, 0, 0, 0, 0
2.738, 0.0523279, 0, 0, 0, 0, 0, 0, 0, 0, 0, 0, 0, 0, 0
2.739, 0.052312, 0, 0, 0, 0, 0, 0, 0, 0, 0, 0, 0, 0, 0
2.74, 0.0522958, 0, 0, 0, 0, 0, 0, 0, 0, 0, 0, 0, 0, 0
2.741, 0.0522793, 0, 0, 0, 0, 0, 0, 0, 0, 0, 0, 0, 0, 0
2.742, 0.0522626, 0, 0, 0, 0, 0, 0, 0, 0, 0, 0, 0, 0, 0
2.743, 0.0522457, 0, 0, 0, 0, 0, 0, 0, 0, 0, 0, 0, 0, 0
2.744, 0.0522286, 0, 0, 0, 0, 0, 0, 0, 0, 0, 0, 0, 0, 0
2.745, 0.0522115, 0, 0, 0, 0, 0, 0, 0, 0, 0, 0, 0, 0, 0
2.746, 0.0521944, 0, 0, 0, 0, 0, 0, 0, 0, 0, 0, 0, 0, 0
2.747, 0.0521774, 0, 0, 0, 0, 0, 0, 0, 0, 0, 0, 0, 0, 0
2.748, 0.0521604, 0, 0, 0, 0, 0, 0, 0, 0, 0, 0, 0, 0, 0
2.749, 0.0521436, 0, 0, 0, 0, 0, 0, 0, 0, 0, 0, 0, 0, 0
2.75, 0.0521269, 0, 0, 0, 0, 0, 0, 0, 0, 0, 0, 0, 0, 0
2.751, 0.0521106, 0, 0, 0, 0, 0, 0, 0, 0, 0, 0, 0, 0, 0
2.752, 0.0520945, 0, 0, 0, 0, 0, 0, 0, 0, 0, 0, 0, 0, 0
2.753, 0.0520787, 0, 0, 0, 0, 0, 0, 0, 0, 0, 0, 0, 0, 0
2.754, 0.0520634, 0, 0, 0, 0, 0, 0, 0, 0, 0, 0, 0, 0, 0
2.755, 0.0520485, 0, 0, 0, 0, 0, 0, 0, 0, 0, 0, 0, 0, 0
2.756, 0.052034, 0, 0, 0, 0, 0, 0, 0, 0, 0, 0, 0, 0, 0
2.757, 0.0520201, 0, 0, 0, 0, 0, 0, 0, 0, 0, 0, 0, 0, 0
2.758, 0.0520067, 0, 0, 0, 0, 0, 0, 0, 0, 0, 0, 0, 0, 0
2.759, 0.051994, 0, 0, 0, 0, 0, 0, 0, 0, 0, 0, 0, 0, 0
2.76, 0.0519818, 0, 0, 0, 0, 0, 0, 0, 0, 0, 0, 0, 0, 0
2.761, 0.0519703, 0, 0, 0, 0, 0, 0, 0, 0, 0, 0, 0, 0, 0
2.762, 0.0519595, 0, 0, 0, 0, 0, 0, 0, 0, 0, 0, 0, 0, 0
2.763, 0.0519495, 0, 0, 0, 0, 0, 0, 0, 0, 0, 0, 0, 0, 0
2.764, 0.0519402, 0, 0, 0, 0, 0, 0, 0, 0, 0, 0, 0, 0, 0
2.765, 0.0519316, 0, 0, 0, 0, 0, 0, 0, 0, 0, 0, 0, 0, 0
2.766, 0.0519239, 0, 0, 0, 0, 0, 0, 0, 0, 0, 0, 0, 0, 0
2.767, 0.051917, 0, 0, 0, 0, 0, 0, 0, 0, 0, 0, 0, 0, 0
2.768, 0.0519109, 0, 0, 0, 0, 0, 0, 0, 0, 0, 0, 0, 0, 0
2.769, 0.0519057, 0, 0, 0, 0, 0, 0, 0, 0, 0, 0, 0, 0, 0
2.77, 0.0519013, 0, 0, 0, 0, 0, 0, 0, 0, 0, 0, 0, 0, 0
2.771, 0.0518978, 0, 0, 0, 0, 0, 0, 0, 0, 0, 0, 0, 0, 0
2.772, 0.0518952, 0, 0, 0, 0, 0, 0, 0, 0, 0, 0, 0, 0, 0
2.773, 0.0518936, 0, 0, 0, 0, 0, 0, 0, 0, 0, 0, 0, 0, 0
2.774, 0.0518928, 0, 0, 0, 0, 0, 0, 0, 0, 0, 0, 0, 0, 0
2.775, 0.0518929, 0, 0, 0, 0, 0, 0, 0, 0, 0, 0, 0, 0, 0
2.776, 0.0518939, 0, 0, 0, 0, 0, 0, 0, 0, 0, 0, 0, 0, 0
2.777, 0.0518958, 0, 0, 0, 0, 0, 0, 0, 0, 0, 0, 0, 0, 0
2.778, 0.0518986, 0, 0, 0, 0, 0, 0, 0, 0, 0, 0, 0, 0, 0
2.779, 0.0519024, 0, 0, 0, 0, 0, 0, 0, 0, 0, 0, 0, 0, 0
2.78, 0.0519069, 0, 0, 0, 0, 0, 0, 0, 0, 0, 0, 0, 0, 0
2.781, 0.0519124, 0, 0, 0, 0, 0, 0, 0, 0, 0, 0, 0, 0, 0
2.782, 0.0519187, 0, 0, 0, 0, 0, 0, 0, 0, 0, 0, 0, 0, 0
2.783, 0.0519258, 0, 0, 0, 0, 0, 0, 0, 0, 0, 0, 0, 0, 0
2.784, 0.0519338, 0, 0, 0, 0, 0, 0, 0, 0, 0, 0, 0, 0, 0
2.785, 0.0519425, 0, 0, 0, 0, 0, 0, 0, 0, 0, 0, 0, 0, 0
2.786, 0.051952, 0, 0, 0, 0, 0, 0, 0, 0, 0, 0, 0, 0, 0
2.787, 0.0519623, 0, 0, 0, 0, 0, 0, 0, 0, 0, 0, 0, 0, 0
2.788, 0.0519733, 0, 0, 0, 0, 0, 0, 0, 0, 0, 0, 0, 0, 0
2.789, 0.0519849, 0, 0, 0, 0, 0, 0, 0, 0, 0, 0, 0, 0, 0
2.79, 0.0519973, 0, 0, 0, 0, 0, 0, 0, 0, 0, 0, 0, 0, 0
2.791, 0.0520102, 0, 0, 0, 0, 0, 0, 0, 0, 0, 0, 0, 0, 0
2.792, 0.0520237, 0, 0, 0, 0, 0, 0, 0, 0, 0, 0, 0, 0, 0
2.793, 0.0520378, 0, 0, 0, 0, 0, 0, 0, 0, 0, 0, 0, 0, 0
2.794, 0.0520524, 0, 0, 0, 0, 0, 0, 0, 0, 0, 0, 0, 0, 0
2.795, 0.0520674, 0, 0, 0, 0, 0, 0, 0, 0, 0, 0, 0, 0, 0
2.796, 0.0520829, 0, 0, 0, 0, 0, 0, 0, 0, 0, 0, 0, 0, 0
2.797, 0.0520987, 0, 0, 0, 0, 0, 0, 0, 0, 0, 0, 0, 0, 0
2.798, 0.0521149, 0, 0, 0, 0, 0, 0, 0, 0, 0, 0, 0, 0, 0
2.799, 0.0521314, 0, 0, 0, 0, 0, 0, 0, 0, 0, 0, 0, 0, 0
2.8, 0.0521481, 0, 0, 0, 0, 0, 0, 0, 0, 0, 0, 0, 0, 0
2.801, 0.052165, 0, 0, 0, 0, 0, 0, 0, 0, 0, 0, 0, 0, 0
2.802, 0.052182, 0, 0, 0, 0, 0, 0, 0, 0, 0, 0, 0, 0, 0
2.803, 0.0521991, 0, 0, 0, 0, 0, 0, 0, 0, 0, 0, 0, 0, 0
2.804, 0.0522162, 0, 0, 0, 0, 0, 0, 0, 0, 0, 0, 0, 0, 0
2.805, 0.0522334, 0, 0, 0, 0, 0, 0, 0, 0, 0, 0, 0, 0, 0
2.806, 0.0522504, 0, 0, 0, 0, 0, 0, 0, 0, 0, 0, 0, 0, 0
2.807, 0.0522673, 0, 0, 0, 0, 0, 0, 0, 0, 0, 0, 0, 0, 0
2.808, 0.0522841, 0, 0, 0, 0, 0, 0, 0, 0, 0, 0, 0, 0, 0
2.809, 0.0523005, 0, 0, 0, 0, 0, 0, 0, 0, 0, 0, 0, 0, 0
2.81, 0.0523167, 0, 0, 0, 0, 0, 0, 0, 0, 0, 0, 0, 0, 0
2.811, 0.0523326, 0, 0, 0, 0, 0, 0, 0, 0, 0, 0, 0, 0, 0
2.812, 0.052348, 0, 0, 0, 0, 0, 0, 0, 0, 0, 0, 0, 0, 0
2.813, 0.052363, 0, 0, 0, 0, 0, 0, 0, 0, 0, 0, 0, 0, 0
2.814, 0.0523775, 0, 0, 0, 0, 0, 0, 0, 0, 0, 0, 0, 0, 0
2.815, 0.0523914, 0, 0, 0, 0, 0, 0, 0, 0, 0, 0, 0, 0, 0
2.816, 0.0524046, 0, 0, 0, 0, 0, 0, 0, 0, 0, 0, 0, 0, 0
2.817, 0.0524172, 0, 0, 0, 0, 0, 0, 0, 0, 0, 0, 0, 0, 0
2.818, 0.0524291, 0, 0, 0, 0, 0, 0, 0, 0, 0, 0, 0, 0, 0
2.819, 0.0524402, 0, 0, 0, 0, 0, 0, 0, 0, 0, 0, 0, 0, 0
2.82, 0.0524505, 0, 0, 0, 0, 0, 0, 0, 0, 0, 0, 0, 0, 0
2.821, 0.0524599, 0, 0, 0, 0, 0, 0, 0, 0, 0, 0, 0, 0, 0
2.822, 0.0524684, 0, 0, 0, 0, 0, 0, 0, 0, 0, 0, 0, 0, 0
2.823, 0.0524759, 0, 0, 0, 0, 0, 0, 0, 0, 0, 0, 0, 0, 0
2.824, 0.0524824, 0, 0, 0, 0, 0, 0, 0, 0, 0, 0, 0, 0, 0
2.825, 0.0524879, 0, 0, 0, 0, 0, 0, 0, 0, 0, 0, 0, 0, 0
2.826, 0.0524922, 0, 0, 0, 0, 0, 0, 0, 0, 0, 0, 0, 0, 0
2.827, 0.0524955, 0, 0, 0, 0, 0, 0, 0, 0, 0, 0, 0, 0, 0
2.828, 0.0524976, 0, 0, 0, 0, 0, 0, 0, 0, 0, 0, 0, 0, 0
2.829, 0.0524985, 0, 0, 0, 0, 0, 0, 0, 0, 0, 0, 0, 0, 0
2.83, 0.0524981, 0, 0, 0, 0, 0, 0, 0, 0, 0, 0, 0, 0, 0
2.831, 0.0524966, 0, 0, 0, 0, 0, 0, 0, 0, 0, 0, 0, 0, 0
2.832, 0.0524937, 0, 0, 0, 0, 0, 0, 0, 0, 0, 0, 0, 0, 0
2.833, 0.0524896, 0, 0, 0, 0, 0, 0, 0, 0, 0, 0, 0, 0, 0
2.834, 0.0524841, 0, 0, 0, 0, 0, 0, 0, 0, 0, 0, 0, 0, 0
2.835, 0.0524773, 0, 0, 0, 0, 0, 0, 0, 0, 0, 0, 0, 0, 0
2.836, 0.0524692, 0, 0, 0, 0, 0, 0, 0, 0, 0, 0, 0, 0, 0
2.837, 0.0524597, 0, 0, 0, 0, 0, 0, 0, 0, 0, 0, 0, 0, 0
2.838, 0.0524489, 0, 0, 0, 0, 0, 0, 0, 0, 0, 0, 0, 0, 0
2.839, 0.0524366, 0, 0, 0, 0, 0, 0, 0, 0, 0, 0, 0, 0, 0
2.84, 0.052423, 0, 0, 0, 0, 0, 0, 0, 0, 0, 0, 0, 0, 0
2.841, 0.0524081, 0, 0, 0, 0, 0, 0, 0, 0, 0, 0, 0, 0, 0
2.842, 0.0523917, 0, 0, 0, 0, 0, 0, 0, 0, 0, 0, 0, 0, 0
2.843, 0.052374, 0, 0, 0, 0, 0, 0, 0, 0, 0, 0, 0, 0, 0
2.844, 0.052355, 0, 0, 0, 0, 0, 0, 0, 0, 0, 0, 0, 0, 0
2.845, 0.0523346, 0, 0, 0, 0, 0, 0, 0, 0, 0, 0, 0, 0, 0
2.846, 0.0523129, 0, 0, 0, 0, 0, 0, 0, 0, 0, 0, 0, 0, 0
2.847, 0.0522899, 0, 0, 0, 0, 0, 0, 0, 0, 0, 0, 0, 0, 0
2.848, 0.0522656, 0, 0, 0, 0, 0, 0, 0, 0, 0, 0, 0, 0, 0
2.849, 0.05224, 0, 0, 0, 0, 0, 0, 0, 0, 0, 0, 0, 0, 0
2.85, 0.0522133, 0, 0, 0, 0, 0, 0, 0, 0, 0, 0, 0, 0, 0
2.851, 0.0521853, 0, 0, 0, 0, 0, 0, 0, 0, 0, 0, 0, 0, 0
2.852, 0.0521562, 0, 0, 0, 0, 0, 0, 0, 0, 0, 0, 0, 0, 0
2.853, 0.0521259, 0, 0, 0, 0, 0, 0, 0, 0, 0, 0, 0, 0, 0
2.854, 0.0520946, 0, 0, 0, 0, 0, 0, 0, 0, 0, 0, 0, 0, 0
2.855, 0.0520622, 0, 0, 0, 0, 0, 0, 0, 0, 0, 0, 0, 0, 0
2.856, 0.0520288, 0, 0, 0, 0, 0, 0, 0, 0, 0, 0, 0, 0, 0
2.857, 0.0519944, 0, 0, 0, 0, 0, 0, 0, 0, 0, 0, 0, 0, 0
2.858, 0.0519592, 0, 0, 0, 0, 0, 0, 0, 0, 0, 0, 0, 0, 0
2.859, 0.051923, 0, 0, 0, 0, 0, 0, 0, 0, 0, 0, 0, 0, 0
2.86, 0.0518861, 0, 0, 0, 0, 0, 0, 0, 0, 0, 0, 0, 0, 0
2.861, 0.0518483, 0, 0, 0, 0, 0, 0, 0, 0, 0, 0, 0, 0, 0
2.862, 0.0518099, 0, 0, 0, 0, 0, 0, 0, 0, 0, 0, 0, 0, 0
2.863, 0.0517708, 0, 0, 0, 0, 0, 0, 0, 0, 0, 0, 0, 0, 0
2.864, 0.0517311, 0, 0, 0, 0, 0, 0, 0, 0, 0, 0, 0, 0, 0
2.865, 0.0516909, 0, 0, 0, 0, 0, 0, 0, 0, 0, 0, 0, 0, 0
2.866, 0.0516502, 0, 0, 0, 0, 0, 0, 0, 0, 0, 0, 0, 0, 0
2.867, 0.051609, 0, 0, 0, 0, 0, 0, 0, 0, 0, 0, 0, 0, 0
2.868, 0.0515675, 0, 0, 0, 0, 0, 0, 0, 0, 0, 0, 0, 0, 0
2.869, 0.0515257, 0, 0, 0, 0, 0, 0, 0, 0, 0, 0, 0, 0, 0
2.87, 0.0514837, 0, 0, 0, 0, 0, 0, 0, 0, 0, 0, 0, 0, 0
2.871, 0.0514414, 0, 0, 0, 0, 0, 0, 0, 0, 0, 0, 0, 0, 0
2.872, 0.0513991, 0, 0, 0, 0, 0, 0, 0, 0, 0, 0, 0, 0, 0
2.873, 0.0513567, 0, 0, 0, 0, 0, 0, 0, 0, 0, 0, 0, 0, 0
2.874, 0.0513143, 0, 0, 0, 0, 0, 0, 0, 0, 0, 0, 0, 0, 0
2.875, 0.051272, 0, 0, 0, 0, 0, 0, 0, 0, 0, 0, 0, 0, 0
2.876, 0.0512298, 0, 0, 0, 0, 0, 0, 0, 0, 0, 0, 0, 0, 0
2.877, 0.0511878, 0, 0, 0, 0, 0, 0, 0, 0, 0, 0, 0, 0, 0
2.878, 0.051146, 0, 0, 0, 0, 0, 0, 0, 0, 0, 0, 0, 0, 0
2.879, 0.0511046, 0, 0, 0, 0, 0, 0, 0, 0, 0, 0, 0, 0, 0
2.88, 0.0510635, 0, 0, 0, 0, 0, 0, 0, 0, 0, 0, 0, 0, 0
2.881, 0.0510229, 0, 0, 0, 0, 0, 0, 0, 0, 0, 0, 0, 0, 0
2.882, 0.0509827, 0, 0, 0, 0, 0, 0, 0, 0, 0, 0, 0, 0, 0
2.883, 0.0509431, 0, 0, 0, 0, 0, 0, 0, 0, 0, 0, 0, 0, 0
2.884, 0.0509041, 0, 0, 0, 0, 0, 0, 0, 0, 0, 0, 0, 0, 0
2.885, 0.0508657, 0, 0, 0, 0, 0, 0, 0, 0, 0, 0, 0, 0, 0
2.886, 0.0508281, 0, 0, 0, 0, 0, 0, 0, 0, 0, 0, 0, 0, 0
2.887, 0.0507912, 0, 0, 0, 0, 0, 0, 0, 0, 0, 0, 0, 0, 0
2.888, 0.0507551, 0, 0, 0, 0, 0, 0, 0, 0, 0, 0, 0, 0, 0
2.889, 0.0507198, 0, 0, 0, 0, 0, 0, 0, 0, 0, 0, 0, 0, 0
2.89, 0.0506855, 0, 0, 0, 0, 0, 0, 0, 0, 0, 0, 0, 0, 0
2.891, 0.0506521, 0, 0, 0, 0, 0, 0, 0, 0, 0, 0, 0, 0, 0
2.892, 0.0506198, 0, 0, 0, 0, 0, 0, 0, 0, 0, 0, 0, 0, 0
2.893, 0.0505884, 0, 0, 0, 0, 0, 0, 0, 0, 0, 0, 0, 0, 0
2.894, 0.0505582, 0, 0, 0, 0, 0, 0, 0, 0, 0, 0, 0, 0, 0
2.895, 0.050529, 0, 0, 0, 0, 0, 0, 0, 0, 0, 0, 0, 0, 0
2.896, 0.0505011, 0, 0, 0, 0, 0, 0, 0, 0, 0, 0, 0, 0, 0
2.897, 0.0504743, 0, 0, 0, 0, 0, 0, 0, 0, 0, 0, 0, 0, 0
2.898, 0.0504487, 0, 0, 0, 0, 0, 0, 0, 0, 0, 0, 0, 0, 0
2.899, 0.0504244, 0, 0, 0, 0, 0, 0, 0, 0, 0, 0, 0, 0, 0
2.9, 0.0504014, 0, 0, 0, 0, 0, 0, 0, 0, 0, 0, 0, 0, 0
2.901, 0.0503798, 0, 0, 0, 0, 0, 0, 0, 0, 0, 0, 0, 0, 0
2.902, 0.0503595, 0, 0, 0, 0, 0, 0, 0, 0, 0, 0, 0, 0, 0
2.903, 0.0503405, 0, 0, 0, 0, 0, 0, 0, 0, 0, 0, 0, 0, 0
2.904, 0.050323, 0, 0, 0, 0, 0, 0, 0, 0, 0, 0, 0, 0, 0
2.905, 0.0503069, 0, 0, 0, 0, 0, 0, 0, 0, 0, 0, 0, 0, 0
2.906, 0.0502922, 0, 0, 0, 0, 0, 0, 0, 0, 0, 0, 0, 0, 0
2.907, 0.050279, 0, 0, 0, 0, 0, 0, 0, 0, 0, 0, 0, 0, 0
2.908, 0.0502672, 0, 0, 0, 0, 0, 0, 0, 0, 0, 0, 0, 0, 0
2.909, 0.050257, 0, 0, 0, 0, 0, 0, 0, 0, 0, 0, 0, 0, 0
2.91, 0.0502482, 0, 0, 0, 0, 0, 0, 0, 0, 0, 0, 0, 0, 0
2.911, 0.050241, 0, 0, 0, 0, 0, 0, 0, 0, 0, 0, 0, 0, 0
2.912, 0.0502353, 0, 0, 0, 0, 0, 0, 0, 0, 0, 0, 0, 0, 0
2.913, 0.0502311, 0, 0, 0, 0, 0, 0, 0, 0, 0, 0, 0, 0, 0
2.914, 0.0502285, 0, 0, 0, 0, 0, 0, 0, 0, 0, 0, 0, 0, 0
2.915, 0.0502274, 0, 0, 0, 0, 0, 0, 0, 0, 0, 0, 0, 0, 0
2.916, 0.0502278, 0, 0, 0, 0, 0, 0, 0, 0, 0, 0, 0, 0, 0
2.917, 0.0502298, 0, 0, 0, 0, 0, 0, 0, 0, 0, 0, 0, 0, 0
2.918, 0.0502333, 0, 0, 0, 0, 0, 0, 0, 0, 0, 0, 0, 0, 0
2.919, 0.0502384, 0, 0, 0, 0, 0, 0, 0, 0, 0, 0, 0, 0, 0
2.92, 0.0502449, 0, 0, 0, 0, 0, 0, 0, 0, 0, 0, 0, 0, 0
2.921, 0.050253, 0, 0, 0, 0, 0, 0, 0, 0, 0, 0, 0, 0, 0
2.922, 0.0502626, 0, 0, 0, 0, 0, 0, 0, 0, 0, 0, 0, 0, 0
2.923, 0.0502737, 0, 0, 0, 0, 0, 0, 0, 0, 0, 0, 0, 0, 0
2.924, 0.0502863, 0, 0, 0, 0, 0, 0, 0, 0, 0, 0, 0, 0, 0
2.925, 0.0503004, 0, 0, 0, 0, 0, 0, 0, 0, 0, 0, 0, 0, 0
2.926, 0.0503159, 0, 0, 0, 0, 0, 0, 0, 0, 0, 0, 0, 0, 0
2.927, 0.0503328, 0, 0, 0, 0, 0, 0, 0, 0, 0, 0, 0, 0, 0
2.928, 0.0503512, 0, 0, 0, 0, 0, 0, 0, 0, 0, 0, 0, 0, 0
2.929, 0.0503709, 0, 0, 0, 0, 0, 0, 0, 0, 0, 0, 0, 0, 0
2.93, 0.050392, 0, 0, 0, 0, 0, 0, 0, 0, 0, 0, 0, 0, 0
2.931, 0.0504144, 0, 0, 0, 0, 0, 0, 0, 0, 0, 0, 0, 0, 0
2.932, 0.0504382, 0, 0, 0, 0, 0, 0, 0, 0, 0, 0, 0, 0, 0
2.933, 0.0504632, 0, 0, 0, 0, 0, 0, 0, 0, 0, 0, 0, 0, 0
2.934, 0.0504894, 0, 0, 0, 0, 0, 0, 0, 0, 0, 0, 0, 0, 0
2.935, 0.0505169, 0, 0, 0, 0, 0, 0, 0, 0, 0, 0, 0, 0, 0
2.936, 0.0505455, 0, 0, 0, 0, 0, 0, 0, 0, 0, 0, 0, 0, 0
2.937, 0.0505753, 0, 0, 0, 0, 0, 0, 0, 0, 0, 0, 0, 0, 0
2.938, 0.0506062, 0, 0, 0, 0, 0, 0, 0, 0, 0, 0, 0, 0, 0
2.939, 0.0506382, 0, 0, 0, 0, 0, 0, 0, 0, 0, 0, 0, 0, 0
2.94, 0.0506711, 0, 0, 0, 0, 0, 0, 0, 0, 0, 0, 0, 0, 0
2.941, 0.050705, 0, 0, 0, 0, 0, 0, 0, 0, 0, 0, 0, 0, 0
2.942, 0.0507399, 0, 0, 0, 0, 0, 0, 0, 0, 0, 0, 0, 0, 0
2.943, 0.0507756, 0, 0, 0, 0, 0, 0, 0, 0, 0, 0, 0, 0, 0
2.944, 0.0508122, 0, 0, 0, 0, 0, 0, 0, 0, 0, 0, 0, 0, 0
2.945, 0.0508495, 0, 0, 0, 0, 0, 0, 0, 0, 0, 0, 0, 0, 0
2.946, 0.0508876, 0, 0, 0, 0, 0, 0, 0, 0, 0, 0, 0, 0, 0
2.947, 0.0509263, 0, 0, 0, 0, 0, 0, 0, 0, 0, 0, 0, 0, 0
2.948, 0.0509657, 0, 0, 0, 0, 0, 0, 0, 0, 0, 0, 0, 0, 0
2.949, 0.0510057, 0, 0, 0, 0, 0, 0, 0, 0, 0, 0, 0, 0, 0
2.95, 0.0510461, 0, 0, 0, 0, 0, 0, 0, 0, 0, 0, 0, 0, 0
2.951, 0.051087, 0, 0, 0, 0, 0, 0, 0, 0, 0, 0, 0, 0, 0
2.952, 0.0511283, 0, 0, 0, 0, 0, 0, 0, 0, 0, 0, 0, 0, 0
2.953, 0.0511699, 0, 0, 0, 0, 0, 0, 0, 0, 0, 0, 0, 0, 0
2.954, 0.0512118, 0, 0, 0, 0, 0, 0, 0, 0, 0, 0, 0, 0, 0
2.955, 0.0512539, 0, 0, 0, 0, 0, 0, 0, 0, 0, 0, 0, 0, 0
2.956, 0.0512962, 0, 0, 0, 0, 0, 0, 0, 0, 0, 0, 0, 0, 0
2.957, 0.0513386, 0, 0, 0, 0, 0, 0, 0, 0, 0, 0, 0, 0, 0
2.958, 0.051381, 0, 0, 0, 0, 0, 0, 0, 0, 0, 0, 0, 0, 0
2.959, 0.0514234, 0, 0, 0, 0, 0, 0, 0, 0, 0, 0, 0, 0, 0
2.96, 0.0514656, 0, 0, 0, 0, 0, 0, 0, 0, 0, 0, 0, 0, 0
2.961, 0.0515078, 0, 0, 0, 0, 0, 0, 0, 0, 0, 0, 0, 0, 0
2.962, 0.0515497, 0, 0, 0, 0, 0, 0, 0, 0, 0, 0, 0, 0, 0
2.963, 0.0515913, 0, 0, 0, 0, 0, 0, 0, 0, 0, 0, 0, 0, 0
2.964, 0.0516326, 0, 0, 0, 0, 0, 0, 0, 0, 0, 0, 0, 0, 0
2.965, 0.0516735, 0, 0, 0, 0, 0, 0, 0, 0, 0, 0, 0, 0, 0
2.966, 0.0517139, 0, 0, 0, 0, 0, 0, 0, 0, 0, 0, 0, 0, 0
2.967, 0.0517539, 0, 0, 0, 0, 0, 0, 0, 0, 0, 0, 0, 0, 0
2.968, 0.0517932, 0, 0, 0, 0, 0, 0, 0, 0, 0, 0, 0, 0, 0
2.969, 0.0518319, 0, 0, 0, 0, 0, 0, 0, 0, 0, 0, 0, 0, 0
2.97, 0.0518699, 0, 0, 0, 0, 0, 0, 0, 0, 0, 0, 0, 0, 0
2.971, 0.0519072, 0, 0, 0, 0, 0, 0, 0, 0, 0, 0, 0, 0, 0
2.972, 0.0519437, 0, 0, 0, 0, 0, 0, 0, 0, 0, 0, 0, 0, 0
2.973, 0.0519793, 0, 0, 0, 0, 0, 0, 0, 0, 0, 0, 0, 0, 0
2.974, 0.0520141, 0, 0, 0, 0, 0, 0, 0, 0, 0, 0, 0, 0, 0
2.975, 0.0520479, 0, 0, 0, 0, 0, 0, 0, 0, 0, 0, 0, 0, 0
2.976, 0.0520807, 0, 0, 0, 0, 0, 0, 0, 0, 0, 0, 0, 0, 0
2.977, 0.0521125, 0, 0, 0, 0, 0, 0, 0, 0, 0, 0, 0, 0, 0
2.978, 0.0521432, 0, 0, 0, 0, 0, 0, 0, 0, 0, 0, 0, 0, 0
2.979, 0.0521728, 0, 0, 0, 0, 0, 0, 0, 0, 0, 0, 0, 0, 0
2.98, 0.0522012, 0, 0, 0, 0, 0, 0, 0, 0, 0, 0, 0, 0, 0
2.981, 0.0522285, 0, 0, 0, 0, 0, 0, 0, 0, 0, 0, 0, 0, 0
2.982, 0.0522545, 0, 0, 0, 0, 0, 0, 0, 0, 0, 0, 0, 0, 0
2.983, 0.0522793, 0, 0, 0, 0, 0, 0, 0, 0, 0, 0, 0, 0, 0
2.984, 0.0523029, 0, 0, 0, 0, 0, 0, 0, 0, 0, 0, 0, 0, 0
2.985, 0.0523251, 0, 0, 0, 0, 0, 0, 0, 0, 0, 0, 0, 0, 0
2.986, 0.052346, 0, 0, 0, 0, 0, 0, 0, 0, 0, 0, 0, 0, 0
2.987, 0.0523656, 0, 0, 0, 0, 0, 0, 0, 0, 0, 0, 0, 0, 0
2.988, 0.0523839, 0, 0, 0, 0, 0, 0, 0, 0, 0, 0, 0, 0, 0
2.989, 0.0524008, 0, 0, 0, 0, 0, 0, 0, 0, 0, 0, 0, 0, 0
2.99, 0.0524163, 0, 0, 0, 0, 0, 0, 0, 0, 0, 0, 0, 0, 0
2.991, 0.0524305, 0, 0, 0, 0, 0, 0, 0, 0, 0, 0, 0, 0, 0
2.992, 0.0524432, 0, 0, 0, 0, 0, 0, 0, 0, 0, 0, 0, 0, 0
2.993, 0.0524546, 0, 0, 0, 0, 0, 0, 0, 0, 0, 0, 0, 0, 0
2.994, 0.0524647, 0, 0, 0, 0, 0, 0, 0, 0, 0, 0, 0, 0, 0
2.995, 0.0524733, 0, 0, 0, 0, 0, 0, 0, 0, 0, 0, 0, 0, 0
2.996, 0.0524807, 0, 0, 0, 0, 0, 0, 0, 0, 0, 0, 0, 0, 0
2.997, 0.0524867, 0, 0, 0, 0, 0, 0, 0, 0, 0, 0, 0, 0, 0
2.998, 0.0524913, 0, 0, 0, 0, 0, 0, 0, 0, 0, 0, 0, 0, 0
2.999, 0.0524947, 0, 0, 0, 0, 0, 0, 0, 0, 0, 0, 0, 0, 0
3, 0.0524967, 0, 0, 0, 0, 0, 0, 0, 0, 0, 0, 0, 0, 0
3.001, 0.0524975, 0, 0, 0, 0, 0, 0, 0, 0, 0, 0, 0, 0, 0
3.002, 0.0524971, 0, 0, 0, 0, 0, 0, 0, 0, 0, 0, 0, 0, 0
3.003, 0.0524954, 0, 0, 0, 0, 0, 0, 0, 0, 0, 0, 0, 0, 0
3.004, 0.0524926, 0, 0, 0, 0, 0, 0, 0, 0, 0, 0, 0, 0, 0
3.005, 0.0524887, 0, 0, 0, 0, 0, 0, 0, 0, 0, 0, 0, 0, 0
3.006, 0.0524836, 0, 0, 0, 0, 0, 0, 0, 0, 0, 0, 0, 0, 0
3.007, 0.0524775, 0, 0, 0, 0, 0, 0, 0, 0, 0, 0, 0, 0, 0
3.008, 0.0524703, 0, 0, 0, 0, 0, 0, 0, 0, 0, 0, 0, 0, 0
3.009, 0.0524622, 0, 0, 0, 0, 0, 0, 0, 0, 0, 0, 0, 0, 0
3.01, 0.0524531, 0, 0, 0, 0, 0, 0, 0, 0, 0, 0, 0, 0, 0
3.011, 0.0524432, 0, 0, 0, 0, 0, 0, 0, 0, 0, 0, 0, 0, 0
3.012, 0.0524324, 0, 0, 0, 0, 0, 0, 0, 0, 0, 0, 0, 0, 0
3.013, 0.0524208, 0, 0, 0, 0, 0, 0, 0, 0, 0, 0, 0, 0, 0
3.014, 0.0524084, 0, 0, 0, 0, 0, 0, 0, 0, 0, 0, 0, 0, 0
3.015, 0.0523953, 0, 0, 0, 0, 0, 0, 0, 0, 0, 0, 0, 0, 0
3.016, 0.0523817, 0, 0, 0, 0, 0, 0, 0, 0, 0, 0, 0, 0, 0
3.017, 0.0523674, 0, 0, 0, 0, 0, 0, 0, 0, 0, 0, 0, 0, 0
3.018, 0.0523526, 0, 0, 0, 0, 0, 0, 0, 0, 0, 0, 0, 0, 0
3.019, 0.0523373, 0, 0, 0, 0, 0, 0, 0, 0, 0, 0, 0, 0, 0
3.02, 0.0523215, 0, 0, 0, 0, 0, 0, 0, 0, 0, 0, 0, 0, 0
3.021, 0.0523054, 0, 0, 0, 0, 0, 0, 0, 0, 0, 0, 0, 0, 0
3.022, 0.052289, 0, 0, 0, 0, 0, 0, 0, 0, 0, 0, 0, 0, 0
3.023, 0.0522724, 0, 0, 0, 0, 0, 0, 0, 0, 0, 0, 0, 0, 0
3.024, 0.0522555, 0, 0, 0, 0, 0, 0, 0, 0, 0, 0, 0, 0, 0
3.025, 0.0522385, 0, 0, 0, 0, 0, 0, 0, 0, 0, 0, 0, 0, 0
3.026, 0.0522214, 0, 0, 0, 0, 0, 0, 0, 0, 0, 0, 0, 0, 0
3.027, 0.0522042, 0, 0, 0, 0, 0, 0, 0, 0, 0, 0, 0, 0, 0
3.028, 0.0521871, 0, 0, 0, 0, 0, 0, 0, 0, 0, 0, 0, 0, 0
3.029, 0.05217, 0, 0, 0, 0, 0, 0, 0, 0, 0, 0, 0, 0, 0
3.03, 0.052153, 0, 0, 0, 0, 0, 0, 0, 0, 0, 0, 0, 0, 0
3.031, 0.0521363, 0, 0, 0, 0, 0, 0, 0, 0, 0, 0, 0, 0, 0
3.032, 0.0521197, 0, 0, 0, 0, 0, 0, 0, 0, 0, 0, 0, 0, 0
3.033, 0.0521034, 0, 0, 0, 0, 0, 0, 0, 0, 0, 0, 0, 0, 0
3.034, 0.0520874, 0, 0, 0, 0, 0, 0, 0, 0, 0, 0, 0, 0, 0
3.035, 0.0520718, 0, 0, 0, 0, 0, 0, 0, 0, 0, 0, 0, 0, 0
3.036, 0.0520566, 0, 0, 0, 0, 0, 0, 0, 0, 0, 0, 0, 0, 0
3.037, 0.0520419, 0, 0, 0, 0, 0, 0, 0, 0, 0, 0, 0, 0, 0
3.038, 0.0520276, 0, 0, 0, 0, 0, 0, 0, 0, 0, 0, 0, 0, 0
3.039, 0.0520139, 0, 0, 0, 0, 0, 0, 0, 0, 0, 0, 0, 0, 0
3.04, 0.0520008, 0, 0, 0, 0, 0, 0, 0, 0, 0, 0, 0, 0, 0
3.041, 0.0519883, 0, 0, 0, 0, 0, 0, 0, 0, 0, 0, 0, 0, 0
3.042, 0.0519764, 0, 0, 0, 0, 0, 0, 0, 0, 0, 0, 0, 0, 0
3.043, 0.0519652, 0, 0, 0, 0, 0, 0, 0, 0, 0, 0, 0, 0, 0
3.044, 0.0519547, 0, 0, 0, 0, 0, 0, 0, 0, 0, 0, 0, 0, 0
3.045, 0.0519449, 0, 0, 0, 0, 0, 0, 0, 0, 0, 0, 0, 0, 0
3.046, 0.0519359, 0, 0, 0, 0, 0, 0, 0, 0, 0, 0, 0, 0, 0
3.047, 0.0519277, 0, 0, 0, 0, 0, 0, 0, 0, 0, 0, 0, 0, 0
3.048, 0.0519203, 0, 0, 0, 0, 0, 0, 0, 0, 0, 0, 0, 0, 0
3.049, 0.0519138, 0, 0, 0, 0, 0, 0, 0, 0, 0, 0, 0, 0, 0
3.05, 0.0519081, 0, 0, 0, 0, 0, 0, 0, 0, 0, 0, 0, 0, 0
3.051, 0.0519032, 0, 0, 0, 0, 0, 0, 0, 0, 0, 0, 0, 0, 0
3.052, 0.0518992, 0, 0, 0, 0, 0, 0, 0, 0, 0, 0, 0, 0, 0
3.053, 0.0518961, 0, 0, 0, 0, 0, 0, 0, 0, 0, 0, 0, 0, 0
3.054, 0.0518939, 0, 0, 0, 0, 0, 0, 0, 0, 0, 0, 0, 0, 0
3.055, 0.0518926, 0, 0, 0, 0, 0, 0, 0, 0, 0, 0, 0, 0, 0
3.056, 0.0518922, 0, 0, 0, 0, 0, 0, 0, 0, 0, 0, 0, 0, 0
3.057, 0.0518927, 0, 0, 0, 0, 0, 0, 0, 0, 0, 0, 0, 0, 0
3.058, 0.0518942, 0, 0, 0, 0, 0, 0, 0, 0, 0, 0, 0, 0, 0
3.059, 0.0518965, 0, 0, 0, 0, 0, 0, 0, 0, 0, 0, 0, 0, 0
3.06, 0.0518997, 0, 0, 0, 0, 0, 0, 0, 0, 0, 0, 0, 0, 0
3.061, 0.0519038, 0, 0, 0, 0, 0, 0, 0, 0, 0, 0, 0, 0, 0
3.062, 0.0519087, 0, 0, 0, 0, 0, 0, 0, 0, 0, 0, 0, 0, 0
3.063, 0.0519145, 0, 0, 0, 0, 0, 0, 0, 0, 0, 0, 0, 0, 0
3.064, 0.0519212, 0, 0, 0, 0, 0, 0, 0, 0, 0, 0, 0, 0, 0
3.065, 0.0519287, 0, 0, 0, 0, 0, 0, 0, 0, 0, 0, 0, 0, 0
3.066, 0.051937, 0, 0, 0, 0, 0, 0, 0, 0, 0, 0, 0, 0, 0
3.067, 0.0519461, 0, 0, 0, 0, 0, 0, 0, 0, 0, 0, 0, 0, 0
3.068, 0.0519559, 0, 0, 0, 0, 0, 0, 0, 0, 0, 0, 0, 0, 0
3.069, 0.0519665, 0, 0, 0, 0, 0, 0, 0, 0, 0, 0, 0, 0, 0
3.07, 0.0519778, 0, 0, 0, 0, 0, 0, 0, 0, 0, 0, 0, 0, 0
3.071, 0.0519897, 0, 0, 0, 0, 0, 0, 0, 0, 0, 0, 0, 0, 0
3.072, 0.0520023, 0, 0, 0, 0, 0, 0, 0, 0, 0, 0, 0, 0, 0
3.073, 0.0520155, 0, 0, 0, 0, 0, 0, 0, 0, 0, 0, 0, 0, 0
3.074, 0.0520293, 0, 0, 0, 0, 0, 0, 0, 0, 0, 0, 0, 0, 0
3.075, 0.0520436, 0, 0, 0, 0, 0, 0, 0, 0, 0, 0, 0, 0, 0
3.076, 0.0520584, 0, 0, 0, 0, 0, 0, 0, 0, 0, 0, 0, 0, 0
3.077, 0.0520736, 0, 0, 0, 0, 0, 0, 0, 0, 0, 0, 0, 0, 0
3.078, 0.0520893, 0, 0, 0, 0, 0, 0, 0, 0, 0, 0, 0, 0, 0
3.079, 0.0521053, 0, 0, 0, 0, 0, 0, 0, 0, 0, 0, 0, 0, 0
3.08, 0.0521216, 0, 0, 0, 0, 0, 0, 0, 0, 0, 0, 0, 0, 0
3.081, 0.0521382, 0, 0, 0, 0, 0, 0, 0, 0, 0, 0, 0, 0, 0
3.082, 0.0521549, 0, 0, 0, 0, 0, 0, 0, 0, 0, 0, 0, 0, 0
3.083, 0.0521719, 0, 0, 0, 0, 0, 0, 0, 0, 0, 0, 0, 0, 0
3.084, 0.052189, 0, 0, 0, 0, 0, 0, 0, 0, 0, 0, 0, 0, 0
3.085, 0.0522061, 0, 0, 0, 0, 0, 0, 0, 0, 0, 0, 0, 0, 0
3.086, 0.0522233, 0, 0, 0, 0, 0, 0, 0, 0, 0, 0, 0, 0, 0
3.087, 0.0522404, 0, 0, 0, 0, 0, 0, 0, 0, 0, 0, 0, 0, 0
3.088, 0.0522574, 0, 0, 0, 0, 0, 0, 0, 0, 0, 0, 0, 0, 0
3.089, 0.0522742, 0, 0, 0, 0, 0, 0, 0, 0, 0, 0, 0, 0, 0
3.09, 0.0522908, 0, 0, 0, 0, 0, 0, 0, 0, 0, 0, 0, 0, 0
3.091, 0.0523072, 0, 0, 0, 0, 0, 0, 0, 0, 0, 0, 0, 0, 0
3.092, 0.0523233, 0, 0, 0, 0, 0, 0, 0, 0, 0, 0, 0, 0, 0
3.093, 0.052339, 0, 0, 0, 0, 0, 0, 0, 0, 0, 0, 0, 0, 0
3.094, 0.0523542, 0, 0, 0, 0, 0, 0, 0, 0, 0, 0, 0, 0, 0
3.095, 0.052369, 0, 0, 0, 0, 0, 0, 0, 0, 0, 0, 0, 0, 0
3.096, 0.0523832, 0, 0, 0, 0, 0, 0, 0, 0, 0, 0, 0, 0, 0
3.097, 0.0523969, 0, 0, 0, 0, 0, 0, 0, 0, 0, 0, 0, 0, 0
3.098, 0.0524099, 0, 0, 0, 0, 0, 0, 0, 0, 0, 0, 0, 0, 0
3.099, 0.0524222, 0, 0, 0, 0, 0, 0, 0, 0, 0, 0, 0, 0, 0
3.1, 0.0524338, 0, 0, 0, 0, 0, 0, 0, 0, 0, 0, 0, 0, 0
3.101, 0.0524445, 0, 0, 0, 0, 0, 0, 0, 0, 0, 0, 0, 0, 0
3.102, 0.0524544, 0, 0, 0, 0, 0, 0, 0, 0, 0, 0, 0, 0, 0
3.103, 0.0524635, 0, 0, 0, 0, 0, 0, 0, 0, 0, 0, 0, 0, 0
3.104, 0.0524716, 0, 0, 0, 0, 0, 0, 0, 0, 0, 0, 0, 0, 0
3.105, 0.0524787, 0, 0, 0, 0, 0, 0, 0, 0, 0, 0, 0, 0, 0
3.106, 0.0524847, 0, 0, 0, 0, 0, 0, 0, 0, 0, 0, 0, 0, 0
3.107, 0.0524898, 0, 0, 0, 0, 0, 0, 0, 0, 0, 0, 0, 0, 0
3.108, 0.0524937, 0, 0, 0, 0, 0, 0, 0, 0, 0, 0, 0, 0, 0
3.109, 0.0524965, 0, 0, 0, 0, 0, 0, 0, 0, 0, 0, 0, 0, 0
3.11, 0.0524981, 0, 0, 0, 0, 0, 0, 0, 0, 0, 0, 0, 0, 0
3.111, 0.0524985, 0, 0, 0, 0, 0, 0, 0, 0, 0, 0, 0, 0, 0
3.112, 0.0524976, 0, 0, 0, 0, 0, 0, 0, 0, 0, 0, 0, 0, 0
3.113, 0.0524955, 0, 0, 0, 0, 0, 0, 0, 0, 0, 0, 0, 0, 0
3.114, 0.0524922, 0, 0, 0, 0, 0, 0, 0, 0, 0, 0, 0, 0, 0
3.115, 0.0524875, 0, 0, 0, 0, 0, 0, 0, 0, 0, 0, 0, 0, 0
3.116, 0.0524815, 0, 0, 0, 0, 0, 0, 0, 0, 0, 0, 0, 0, 0
3.117, 0.0524741, 0, 0, 0, 0, 0, 0, 0, 0, 0, 0, 0, 0, 0
3.118, 0.0524654, 0, 0, 0, 0, 0, 0, 0, 0, 0, 0, 0, 0, 0
3.119, 0.0524554, 0, 0, 0, 0, 0, 0, 0, 0, 0, 0, 0, 0, 0
3.12, 0.052444, 0, 0, 0, 0, 0, 0, 0, 0, 0, 0, 0, 0, 0
3.121, 0.0524312, 0, 0, 0, 0, 0, 0, 0, 0, 0, 0, 0, 0, 0
3.122, 0.052417, 0, 0, 0, 0, 0, 0, 0, 0, 0, 0, 0, 0, 0
3.123, 0.0524015, 0, 0, 0, 0, 0, 0, 0, 0, 0, 0, 0, 0, 0
3.124, 0.0523846, 0, 0, 0, 0, 0, 0, 0, 0, 0, 0, 0, 0, 0
3.125, 0.0523663, 0, 0, 0, 0, 0, 0, 0, 0, 0, 0, 0, 0, 0
3.126, 0.0523467, 0, 0, 0, 0, 0, 0, 0, 0, 0, 0, 0, 0, 0
3.127, 0.0523258, 0, 0, 0, 0, 0, 0, 0, 0, 0, 0, 0, 0, 0
3.128, 0.0523036, 0, 0, 0, 0, 0, 0, 0, 0, 0, 0, 0, 0, 0
3.129, 0.05228, 0, 0, 0, 0, 0, 0, 0, 0, 0, 0, 0, 0, 0
3.13, 0.0522552, 0, 0, 0, 0, 0, 0, 0, 0, 0, 0, 0, 0, 0
3.131, 0.0522292, 0, 0, 0, 0, 0, 0, 0, 0, 0, 0, 0, 0, 0
3.132, 0.0522019, 0, 0, 0, 0, 0, 0, 0, 0, 0, 0, 0, 0, 0
3.133, 0.0521735, 0, 0, 0, 0, 0, 0, 0, 0, 0, 0, 0, 0, 0
3.134, 0.0521439, 0, 0, 0, 0, 0, 0, 0, 0, 0, 0, 0, 0, 0
3.135, 0.0521132, 0, 0, 0, 0, 0, 0, 0, 0, 0, 0, 0, 0, 0
3.136, 0.0520814, 0, 0, 0, 0, 0, 0, 0, 0, 0, 0, 0, 0, 0
3.137, 0.0520486, 0, 0, 0, 0, 0, 0, 0, 0, 0, 0, 0, 0, 0
3.138, 0.0520148, 0, 0, 0, 0, 0, 0, 0, 0, 0, 0, 0, 0, 0
3.139, 0.0519801, 0, 0, 0, 0, 0, 0, 0, 0, 0, 0, 0, 0, 0
3.14, 0.0519445, 0, 0, 0, 0, 0, 0, 0, 0, 0, 0, 0, 0, 0
3.141, 0.051908, 0, 0, 0, 0, 0, 0, 0, 0, 0, 0, 0, 0, 0
3.142, 0.0518707, 0, 0, 0, 0, 0, 0, 0, 0, 0, 0, 0, 0, 0
3.143, 0.0518327, 0, 0, 0, 0, 0, 0, 0, 0, 0, 0, 0, 0, 0
3.144, 0.051794, 0, 0, 0, 0, 0, 0, 0, 0, 0, 0, 0, 0, 0
3.145, 0.0517547, 0, 0, 0, 0, 0, 0, 0, 0, 0, 0, 0, 0, 0
3.146, 0.0517148, 0, 0, 0, 0, 0, 0, 0, 0, 0, 0, 0, 0, 0
3.147, 0.0516743, 0, 0, 0, 0, 0, 0, 0, 0, 0, 0, 0, 0, 0
3.148, 0.0516334, 0, 0, 0, 0, 0, 0, 0, 0, 0, 0, 0, 0, 0
3.149, 0.0515921, 0, 0, 0, 0, 0, 0, 0, 0, 0, 0, 0, 0, 0
3.15, 0.0515505, 0, 0, 0, 0, 0, 0, 0, 0, 0, 0, 0, 0, 0
3.151, 0.0515086, 0, 0, 0, 0, 0, 0, 0, 0, 0, 0, 0, 0, 0
3.152, 0.0514665, 0, 0, 0, 0, 0, 0, 0, 0, 0, 0, 0, 0, 0
3.153, 0.0514242, 0, 0, 0, 0, 0, 0, 0, 0, 0, 0, 0, 0, 0
3.154, 0.0513819, 0, 0, 0, 0, 0, 0, 0, 0, 0, 0, 0, 0, 0
3.155, 0.0513395, 0, 0, 0, 0, 0, 0, 0, 0, 0, 0, 0, 0, 0
3.156, 0.0512971, 0, 0, 0, 0, 0, 0, 0, 0, 0, 0, 0, 0, 0
3.157, 0.0512548, 0, 0, 0, 0, 0, 0, 0, 0, 0, 0, 0, 0, 0
3.158, 0.0512127, 0, 0, 0, 0, 0, 0, 0, 0, 0, 0, 0, 0, 0
3.159, 0.0511708, 0, 0, 0, 0, 0, 0, 0, 0, 0, 0, 0, 0, 0
3.16, 0.0511292, 0, 0, 0, 0, 0, 0, 0, 0, 0, 0, 0, 0, 0
3.161, 0.0510879, 0, 0, 0, 0, 0, 0, 0, 0, 0, 0, 0, 0, 0
3.162, 0.051047, 0, 0, 0, 0, 0, 0, 0, 0, 0, 0, 0, 0, 0
3.163, 0.0510065, 0, 0, 0, 0, 0, 0, 0, 0, 0, 0, 0, 0, 0
3.164, 0.0509666, 0, 0, 0, 0, 0, 0, 0, 0, 0, 0, 0, 0, 0
3.165, 0.0509272, 0, 0, 0, 0, 0, 0, 0, 0, 0, 0, 0, 0, 0
3.166, 0.0508885, 0, 0, 0, 0, 0, 0, 0, 0, 0, 0, 0, 0, 0
3.167, 0.0508504, 0, 0, 0, 0, 0, 0, 0, 0, 0, 0, 0, 0, 0
3.168, 0.0508131, 0, 0, 0, 0, 0, 0, 0, 0, 0, 0, 0, 0, 0
3.169, 0.0507765, 0, 0, 0, 0, 0, 0, 0, 0, 0, 0, 0, 0, 0
3.17, 0.0507408, 0, 0, 0, 0, 0, 0, 0, 0, 0, 0, 0, 0, 0
3.171, 0.0507059, 0, 0, 0, 0, 0, 0, 0, 0, 0, 0, 0, 0, 0
3.172, 0.050672, 0, 0, 0, 0, 0, 0, 0, 0, 0, 0, 0, 0, 0
3.173, 0.050639, 0, 0, 0, 0, 0, 0, 0, 0, 0, 0, 0, 0, 0
3.174, 0.050607, 0, 0, 0, 0, 0, 0, 0, 0, 0, 0, 0, 0, 0
3.175, 0.0505761, 0, 0, 0, 0, 0, 0, 0, 0, 0, 0, 0, 0, 0
3.176, 0.0505463, 0, 0, 0, 0, 0, 0, 0, 0, 0, 0, 0, 0, 0
3.177, 0.0505177, 0, 0, 0, 0, 0, 0, 0, 0, 0, 0, 0, 0, 0
3.178, 0.0504902, 0, 0, 0, 0, 0, 0, 0, 0, 0, 0, 0, 0, 0
3.179, 0.0504639, 0, 0, 0, 0, 0, 0, 0, 0, 0, 0, 0, 0, 0
3.18, 0.0504389, 0, 0, 0, 0, 0, 0, 0, 0, 0, 0, 0, 0, 0
3.181, 0.0504151, 0, 0, 0, 0, 0, 0, 0, 0, 0, 0, 0, 0, 0
3.182, 0.0503927, 0, 0, 0, 0, 0, 0, 0, 0, 0, 0, 0, 0, 0
3.183, 0.0503716, 0, 0, 0, 0, 0, 0, 0, 0, 0, 0, 0, 0, 0
3.184, 0.0503518, 0, 0, 0, 0, 0, 0, 0, 0, 0, 0, 0, 0, 0
3.185, 0.0503334, 0, 0, 0, 0, 0, 0, 0, 0, 0, 0, 0, 0, 0
3.186, 0.0503165, 0, 0, 0, 0, 0, 0, 0, 0, 0, 0, 0, 0, 0
3.187, 0.0503009, 0, 0, 0, 0, 0, 0, 0, 0, 0, 0, 0, 0, 0
3.188, 0.0502869, 0, 0, 0, 0, 0, 0, 0, 0, 0, 0, 0, 0, 0
3.189, 0.0502742, 0, 0, 0, 0, 0, 0, 0, 0, 0, 0, 0, 0, 0
3.19, 0.0502631, 0, 0, 0, 0, 0, 0, 0, 0, 0, 0, 0, 0, 0
3.191, 0.0502535, 0, 0, 0, 0, 0, 0, 0, 0, 0, 0, 0, 0, 0
