Time,Stouch_RA5C1,Stouch_RA6D1,Stouch_RA4P2,Stouch_RA5C2,Stouch_RA6D2,Stouch_RA4P3,Stouch_RA5C3,Stouch_RA6D3,Stouch_RA4P4,Stouch_RA5C4,Stouch_RA6D4,Stouch_RA4P5,Stouch_RA5C5,Stouch_RA6D5
0, 0, 0, 0, 0, 0, 0, 0, 0, 0, 0, 0, 0, 0, 0
0.001, 0, 0, 0, 0, 0, 0, 0.185763, 0, 0, 0.430033, 0, 0, 0.164145, 0.580262
0.002, 0, 0, 0, 0, 0, 0, 0.132676, 0, 0, 0.296239, 0, 0, 0, 1.09715
0.003, 0, 0, 0, 0, 0, 0, 0.0302197, 0, 0, 0.17017, 0, 0, 0.294344, 0.50383
0.004, 0, 0, 0, 0, 0, 0, 0.0237336, 0, 0, 0.157472, 0, 0, 0.407775, 0.301724
0.005, 0, 0, 0, 0, 0, 0, 0.023623, 0, 0, 0.143167, 0, 0, 0.374029, 0.240609
0.006, 0, 0, 0, 0, 0, 0, 0.0224531, 0, 0, 0.129805, 0, 0, 0.353673, 0.213948
0.007, 0, 0, 0, 0, 0, 0, 0.0227815, 0, 0, 0.116758, 0, 0, 0.333473, 0.193373
0.008, 0, 0, 0, 0, 0, 0, 0.0226014, 0, 0, 0.104597, 0, 0, 0.312802, 0.177616
0.009, 0, 0, 0, 0, 0, 0, 0.0545787, 0, 0, 0.0946212, 0, 0, 0.295362, 0.162179
0.01, 0, 0, 0, 0, 0, 0, 0.0260681, 0, 0, 0.08393, 0, 0, 0.266158, 0.152749
0.011, 0, 0, 0, 0, 0, 0, 0.0255412, 0, 0, 0.0748944, 0, 0, 0.242032, 0.135814
0.012, 0, 0, 0, 0, 0, 0, 0.0255896, 0, 0, 0.066697, 0, 0, 0.22408, 0.121382
0.013, 0, 0, 0, 0, 0, 0, 0.0254847, 0, 0, 0.0595685, 0, 0, 0.205452, 0.108232
0.014, 0, 0, 0, 0, 0, 0, 0.025449, 0, 0, 0.0528652, 0, 0, 0.193076, 0.0951708
0.015, 0, 0, 0, 0, 0, 0, 0.0251557, 0, 0, 0.0460274, 0, 0, 0.176017, 0.0824762
0.016, 0, 0, 0, 0, 0, 0, 0.0248201, 0, 0, 0.0395181, 0, 0, 0.161703, 0.0726889
0.017, 0, 0, 0, 0, 0, 0, 0.0244585, 0, 0, 0.0339893, 0, 0, 0.147666, 0.0623773
0.018, 0, 0, 0, 0, 0, 0, 0.0241131, 0, 0, 0.0295925, 0, 0, 0.134376, 0.0516923
0.019, 0, 0, 0, 0, 0, 0, 0.0169951, 0, 0, 0.0250339, 0, 0, 0.148168, 0.0248762
0.02, 0, 0, 0, 0, 0, 0, 0.0230894, 0, 0, 0.0210879, 0, 0, 0.111329, 0.0301726
0.021, 0, 0, 0, 0, 0, 0, 0.022688, 0, 0, 0.0162426, 0, 0, 0.0962786, 0.02045
0.022, 0, 0, 0, 0, 0, 0, 0.0221169, 0, 0, 0.0136784, 0, 0, 0.081936, 0.0134651
0.023, 0, 0, 0, 0, 0, 0, 0.0209888, 0, 0, 0.011017, 0, 0, 0.0678142, 0.00754117
0.024, 0, 0, 0, 0, 0, 0, 0.0202883, 0, 0, 0.0083451, 0, 0, 0.0534029, 0.00281022
0.025, 0, 0, 0, 0, 0, 0, 0.0187476, 0, 0, 0.00753368, 0, 0, 0.0418981, 0.00142052
0.026, 0, 0, 0, 0, 0, 0, 0.0180983, 0, 0, 0.00635048, 0, 0, 0.0307328, 0
0.027, 0, 0, 0, 0, 0, 0, 0.0175909, 0, 0, 0.00507344, 0, 0, 0.025516, 0
0.028, 0, 0, 0, 0.0338797, 0, 0, 0.0165533, 0, 0, 0.00349004, 0, 0, 0.0193839, 0
0.029, 0, 0, 0, 0.0342031, 0, 0, 0.0125211, 0, 0, 0, 0, 0, 0.0141155, 0
0.03, 0, 0, 0, 0.033679, 0, 0, 0.0121442, 0, 0, 0, 0, 0, 0.00983816, 0
0.031, 0, 0, 0, 0.0337743, 0, 0, 0.0119031, 0, 0, 0, 0, 0, 0.005801, 0
0.032, 0, 0, 0, 0.0339058, 0, 0, 0.0119113, 0, 0, 0, 0, 0, 0.00378897, 0
0.033, 0, 0, 0, 0.0312332, 0, 0, 0.00850704, 0, 0, 0, 0, 0, 0.00181237, 0
0.034, 0, 0, 0, 0.0306579, 0, 0, 0.00863415, 0, 0, 0, 0, 0, 0.000477307, 0
0.035, 0, 0, 0, 0.0326963, 0, 0, 0.00172444, 0, 0, 0, 0, 0, 0.0197025, 0
0.036, 0, 0, 0, 0, 0, 0, 0, 0, 0, 0, 0, 0, 0, 0
0.037, 0, 0, 0, 0, 0, 0, 0, 0, 0, 0.297669, 0, 0, 0.0390855, 0.401795
0.038, 0, 0, 0, 0, 0, 0, 0, 0, 0, 0.00911653, 0, 0, 0, 0.045413
0.039, 0, 0, 0, 0, 0, 0, 0, 0, 0, 0.052165, 0, 0, 0, 0
0.04, 0, 0, 0, 0.0105423, 0, 0, 0, 0, 0, 0, 0, 0, 0, 0
0.041, 0, 0, 0, 0.0101597, 0, 0, 0, 0, 0, 0, 0, 0, 0, 0
0.042, 0, 0, 0, 0.00966692, 0, 0, 0, 0, 0, 0, 0, 0, 0, 0
0.043, 0, 0, 0, 0.00918592, 0, 0, 0, 0, 0, 0, 0, 0, 0, 0
0.044, 0, 0, 0, 0.00873568, 0, 0, 0, 0, 0, 0, 0, 0, 0, 0
0.045, 0, 0, 0, 0.00830471, 0, 0, 0, 0, 0, 0, 0, 0, 0, 0
0.046, 0, 0, 0, 0.00788821, 0, 0, 0, 0, 0, 0, 0, 0, 0, 0
0.047, 0, 0, 0, 0.0139741, 0, 0, 0, 0, 0, 0, 0, 0, 0, 0
0.048, 0, 0, 0, 0.0129608, 0, 0, 0, 0, 0, 0, 0, 0, 0, 0
0.049, 0, 0, 0, 0.010622, 0, 0, 0, 0, 0, 0, 0, 0, 0, 0
0.05, 0, 0, 0, 0.00992802, 0, 0, 0, 0, 0, 0, 0, 0, 0, 0
0.051, 0, 0, 0, 0.00733109, 0, 0, 0, 0, 0, 0, 0, 0, 0, 0
0.052, 0, 0, 0, 0.00702997, 0, 0, 0, 0, 0, 0, 0, 0, 0, 0
0.053, 0, 0, 0, 0.0750017, 0, 0, 0, 0, 0, 0, 0, 0, 0, 0
0.054, 0, 0, 0, 0.0178261, 0, 0, 0, 0, 0, 0, 0, 0, 0, 0
0.055, 0, 0, 0, 0.0168267, 0, 0, 0, 0, 0, 0, 0, 0, 0, 0
0.056, 0, 0, 0, 0.0169922, 0, 0, 0, 0, 0, 0, 0, 0, 0, 0
0.057, 0, 0, 0, 0, 0, 0, 0, 0, 0, 0, 0, 0, 0, 0
0.058, 0, 0, 0, 0, 0, 0, 0, 0, 0, 0, 0, 0, 0, 0
0.059, 0, 0, 0, 0, 0, 0, 0, 0, 0, 0, 0, 0, 0, 0
0.06, 0, 0, 0, 0, 0, 0, 0, 0, 0, 0, 0, 0, 0, 0
0.061, 0, 0, 0, 0.0192244, 0, 0, 0, 0, 0, 0, 0, 0, 0, 0
0.062, 0, 0, 0, 0.017714, 0.0309067, 0, 0, 0, 0, 0, 0, 0, 0, 0
0.063, 0, 0, 0, 0.775449, 0.575075, 0, 0, 0, 0, 0, 0, 0, 0, 0
0.064, 0, 0, 0, 1.04545, 0.750079, 0, 0, 0, 0, 0, 0, 0, 0, 0
0.065, 0, 0, 0, 0.723885, 0.851507, 0, 0, 0, 0, 0, 0, 0, 0, 0
0.066, 0, 0, 0, 0.836242, 0.734757, 0, 0, 0, 0, 0, 0, 0, 0, 0
0.067, 0, 0, 0, 0.824557, 0.833632, 0, 0, 0, 0, 0, 0, 0, 0, 0
0.068, 0, 0, 0, 1.00491, 0.760583, 0, 0, 0, 0, 0, 0, 0, 0, 0
0.069, 0, 0, 0, 0, 2.34961, 0, 0, 0, 0, 0, 0, 0, 0, 0
0.07, 0, 0, 0, 0, 0.802357, 0, 0, 0, 0, 0, 0, 0, 0, 0
0.071, 0, 0, 0, 0.619564, 1.02043, 0, 0.47435, 0, 0, 0, 0, 0, 0, 0
0.072, 0, 0, 0, 0.438751, 1.09889, 0, 0.948196, 0, 0, 0, 0, 0, 0, 0
0.073, 0, 0, 0, 0.365186, 1.07002, 0, 1.04732, 0, 0, 0.596495, 0, 0, 0, 0
0.074, 0, 0, 0, 0.358125, 1.07842, 0, 1.06322, 0, 0, 0.781965, 0, 0, 0, 0
0.075, 0, 0, 0, 0.333491, 1.20418, 0, 1.06962, 0, 0, 0.834157, 0, 0, 0, 0
0.076, 0, 0, 0, 0.25249, 1.19197, 0, 1.07352, 0, 0, 0.797196, 0, 0, 0, 0
0.077, 0, 0, 0, 0.176895, 1.23835, 0, 1.09437, 0, 0, 0.787328, 0, 0, 0, 0
0.078, 0, 0, 0, 0.151946, 1.19367, 0, 1.05194, 0, 0, 0.758089, 0, 0, 0, 0.80505
0.079, 0, 0, 0, 0.107868, 1.28374, 0, 1.07168, 0, 0, 0.745583, 0, 0, 0, 0.84862
0.08, 0, 0, 0, 0.0908608, 1.2174, 0, 1.02624, 0, 0, 0.706918, 0, 0, 0.0494606, 0.982812
0.081, 0, 0, 0, 0.094261, 1.19542, 0, 1.05464, 0, 0, 0.721092, 0, 0, 0.0319684, 1.00075
0.082, 0, 0, 0, 0.0633659, 1.23873, 0, 1.0483, 0, 0, 0.808873, 0.297094, 0, 0.00932992, 1.05291
0.083, 0, 0, 0, 0.0506461, 1.28934, 0, 1.01982, 0, 0, 0.819097, 0.301213, 0, 0, 1.04261
0.084, 0, 0, 0, 0.0293887, 1.22337, 0, 0.983382, 0, 0, 0.796721, 0.300551, 0, 0, 1.00836
0.085, 0, 0, 0, 0.0323023, 1.26702, 0, 1.00285, 0, 0, 0.79998, 0.31107, 0, 0, 1.02742
0.086, 0, 0, 0, 0.0256041, 1.24673, 0, 1.01518, 0.305376, 0, 0.758567, 0.314101, 0, 0, 1.04219
0.087, 0, 0, 0, 0.0250175, 1.25005, 0, 1.08506, 0.346128, 0, 0.740179, 0.311055, 0, 0, 1.10643
0.088, 0, 0, 0, 0.0236338, 1.24004, 0, 1.09404, 0.404285, 0, 0.722781, 0.30962, 0, 0, 1.10646
0.089, 0, 0, 0, 0.0233987, 1.2431, 0, 1.09635, 0.403343, 0, 0.711813, 0.303267, 0, 0, 1.08149
0.09, 0, 0, 0, 0.0217984, 1.29432, 0, 1.09136, 0.423352, 0, 0.696845, 0.293632, 0, 0, 1.09166
0.091, 0, 0, 0, 0.018817, 1.2195, 0, 1.03921, 0.430581, 0, 0.661298, 0.283468, 0, 0, 1.0482
0.092, 0, 0, 0, 0, 1.26669, 0, 1.05399, 0.447209, 0, 0.672628, 0.289367, 0, 0, 1.05035
0.093, 0, 0, 0, 0, 1.24049, 0, 1.00693, 0.45303, 0, 0.636912, 0.286456, 0, 0, 1.00923
0.094, 0, 0, 0, 0, 1.25542, 0, 0.988848, 0.464562, 0, 0.63243, 0.287893, 0, 0, 0.99351
0.095, 0, 0, 0, 0, 2.34358, 0, 4.89317, 0.407714, 0, 3.61626, 0.238991, 0, 3.97359, 1.40233
0.096, 0, 0, 0, 0, 0.331005, 0, 0.340978, 0.282041, 0, 0.168016, 0.135423, 0, 0.17892, 0.0592187
0.097, 0, 0, 0, 0, 1.70745, 0, 1.6514, 0.500389, 0, 1.07283, 0.27729, 0, 0.24764, 0.483384
0.098, 0, 0, 0, 0, 0.888376, 0, 0.130123, 0.741981, 0, 0.366942, 0.152045, 0, 0, 0.305925
0.099, 0, 0, 0, 0, 1.39103, 0, 0.673873, 0.631303, 0, 0.787486, 0.202966, 0, 0.0473102, 0.456645
0.1, 0, 0, 0, 0, 1.07162, 0, 0.363456, 0.635897, 0, 0.00373456, 0.55286, 0, 0.00106895, 0.362815
0.101, 0, 0, 0, 0, 1.25938, 0, 0.49828, 0.69156, 0, 0.168089, 0.436178, 0, 0.00929292, 0.429784
0.102, 0, 0, 0, 0, 1.16419, 0, 0.363398, 0.697933, 0, 0.205253, 0.343177, 0, 0.00136095, 0.388559
0.103, 0, 0, 0, 0, 1.25712, 0, 0.381107, 0.724485, 0, 0.254728, 0.331374, 0, 0.00647805, 0.403219
0.104, 0, 0, 0, 0, 1.19893, 0, 0.315452, 0.731969, 0, 0.219746, 0.321907, 0, 0.00264691, 0.380173
0.105, 0, 0, 0, 0, 1.23239, 0, 0.322132, 0.753339, 0, 0.236133, 0.324413, 0, 0.00207389, 0.391887
0.106, 0, 0, 0, 0, 1.22022, 0, 0.286413, 0.762302, 0, 0.218981, 0.322467, 0, 0, 0.444475
0.107, 0, 0, 0, 0, 1.19632, 0, 0.281444, 0.765568, 0, 0.22161, 0.320599, 0, 0, 0.441321
0.108, 0, 0, 0, 0, 1.22056, 0, 0.276303, 0.768078, 0, 0.226293, 0.319867, 0, 0, 0.416492
0.109, 0, 0, 0, 0, 1.21634, 0, 0.255045, 0.758821, 0, 0.216402, 0.314759, 0, 0, 0.395443
0.11, 0, 0, 0, 0.0297665, 1.19919, 0, 0.245434, 0.75869, 0, 0.220631, 0.308759, 0, 0, 0.385346
0.111, 0, 0, 0, 0.0505959, 1.19917, 0, 0.242787, 0.753018, 0, 0.229536, 0.303004, 0, 0, 0.383367
0.112, 0, 0, 0, 0.0593064, 1.22051, 0, 0.235012, 0.742419, 0, 0.231724, 0.296893, 0, 0, 0.379559
0.113, 0, 0, 0, 0.0818947, 1.23823, 0, 0.224664, 0.72437, 0, 0.230444, 0.286503, 0, 0, 0.37075
0.114, 0, 0, 0, 0.0720772, 1.23494, 0, 0.218983, 0.703299, 0, 0.234224, 0.27561, 0, 0, 0.365301
0.115, 0, 0, 0, 0.075186, 1.23603, 0, 0.219281, 0.686226, 0, 0.238309, 0.271329, 0, 0, 0.365674
0.116, 0, 0, 0, 0.0882851, 1.22564, 0, 0.218501, 0.66905, 0, 0.242645, 0.261627, 0, 0, 0.364767
0.117, 0, 0, 0, 0.0920624, 1.23402, 0, 0.221773, 0.654325, 0, 0.248743, 0.256994, 0, 0, 0.367785
0.118, 0, 0, 0, 0.0887763, 1.2332, 0, 0.218538, 0.639823, 0, 0.248906, 0.251851, 0, 0, 0.365755
0.119, 0, 0, 0, 0.0841586, 1.22836, 0, 0.220231, 0.625508, 0, 0.254207, 0.242068, 0, 0, 0.365964
0.12, 0, 0, 0, 0.0854064, 1.23406, 0, 0.222864, 0.610802, 0, 0.262266, 0.233791, 0, 0, 0.367784
0.121, 0, 0, 0, 0.0779935, 1.24063, 0, 0.225928, 0.589415, 0, 0.264504, 0.229795, 0, 0, 0.366135
0.122, 0, 0, 0, 0.0765629, 1.23771, 0, 0.229239, 0.564943, 0, 0.264152, 0.22802, 0, 0, 0.363365
0.123, 0, 0, 0, 0.0777373, 1.24059, 0, 0.237569, 0.540842, 0, 0.262158, 0.229495, 0, 0, 0.364484
0.124, 0, 0, 0, 0.0766284, 1.24117, 0, 0.237788, 0.524463, 0, 0.263574, 0.226912, 0, 0, 0.364324
0.125, 0, 0, 0, 0.0765042, 1.24218, 0, 0.240569, 0.510742, 0, 0.266343, 0.22344, 0, 0, 0.364639
0.126, 0, 0, 0, 0.085692, 1.23555, 0, 0.240143, 0.499477, 0, 0.26836, 0.220261, 0, 0, 0.364832
0.127, 0, 0, 0, 0.0898004, 1.23919, 0, 0.244927, 0.488968, 0, 0.27094, 0.217852, 0, 0, 0.36697
0.128, 0, 0, 0, 0.0878139, 1.23999, 0, 0.245348, 0.479776, 0, 0.270373, 0.216766, 0, 0, 0.366572
0.129, 0, 0, 0, 0.0874582, 1.24075, 0, 0.248076, 0.469225, 0, 0.272172, 0.213973, 0, 0, 0.366644
0.13, 0, 0, 0, 0.0868899, 1.24195, 0, 0.250002, 0.460984, 0, 0.274532, 0.210873, 0, 0, 0.366769
0.131, 0, 0, 0, 0.0864452, 1.24254, 0, 0.253611, 0.450246, 0, 0.278023, 0.207336, 0, 0, 0.366738
0.132, 0, 0, 0, 0.0869256, 1.24285, 0, 0.258604, 0.439903, 0, 0.279384, 0.20583, 0, 0, 0.366829
0.133, 0, 0, 0, 0.0913002, 1.24025, 0, 0.264699, 0.426703, 0, 0.28185, 0.203236, 0, 0, 0.366989
0.134, 0, 0, 0, 0.0926077, 1.24275, 0, 0.273527, 0.413545, 0, 0.285331, 0.201008, 0, 0, 0.367544
0.135, 0, 0, 0, 0.0908237, 1.2434, 0, 0.278597, 0.402824, 0, 0.286921, 0.198942, 0, 0, 0.367143
0.136, 0, 0, 0, 0.0904151, 1.24413, 0, 0.278991, 0.398233, 0, 0.290204, 0.196036, 0, 0, 0.367099
0.137, 0, 0, 0, 0.0897128, 1.24514, 0, 0.281793, 0.391624, 0, 0.292102, 0.194163, 0, 0, 0.367064
0.138, 0, 0, 0, 0.08899, 1.24576, 0, 0.29003, 0.380832, 0, 0.294293, 0.192247, 0, 0, 0.366881
0.139, 0, 0, 0, 0.0884682, 1.24646, 0, 0.295185, 0.371535, 0, 0.299684, 0.187927, 0, 0, 0.36685
0.14, 0, 0, 0, 0.0878077, 1.24702, 0, 0.300307, 0.361402, 0, 0.302296, 0.185829, 0, 0, 0.3668
0.141, 0, 0, 0, 0.089449, 1.24598, 0, 0.304414, 0.353299, 0, 0.305826, 0.182693, 0, 0, 0.366715
0.142, 0, 0, 0, 0.0892012, 1.24793, 0, 0.3082, 0.346724, 0, 0.31117, 0.178029, 0, 0, 0.366701
0.143, 0, 0, 0, 0.0885148, 1.24768, 0, 0.313198, 0.33902, 0, 0.314291, 0.174748, 0, 0, 0.366316
0.144, 0, 0, 0, 0.0884131, 1.24844, 0, 0.317995, 0.332876, 0, 0.317906, 0.171891, 0, 0, 0.366137
0.145, 0, 0, 0, 0.087688, 1.24898, 0, 0.320945, 0.328175, 0, 0.320563, 0.169889, 0, 0, 0.366002
0.146, 0, 0, 0, 0.0871503, 1.24946, 0, 0.328884, 0.31746, 0, 0.323321, 0.16781, 0, 0, 0.365901
0.147, 0, 0, 0, 0.0873826, 1.24892, 0, 0.335685, 0.308696, 0, 0.325787, 0.166255, 0, 0, 0.365809
0.148, 0, 0, 0, 0.0872852, 1.24991, 0, 0.341469, 0.300757, 0, 0.32804, 0.165361, 0, 0, 0.365999
0.149, 0, 0, 0, 0.0865138, 1.25025, 0, 0.344274, 0.298123, 0, 0.333811, 0.162033, 0, 0, 0.365776
0.15, 0, 0, 0, 0.0861462, 1.25061, 0, 0.346514, 0.295297, 0, 0.336261, 0.160663, 0, 0, 0.365702
0.151, 0, 0, 0, 0.085795, 1.25071, 0, 0.348918, 0.293197, 0, 0.338542, 0.159381, 0, 0, 0.365633
0.152, 0, 0, 0, 0.0854557, 1.25124, 0, 0.351558, 0.290336, 0, 0.342889, 0.157551, 0, 0, 0.365626
0.153, 0, 0, 0, 0.0849384, 1.25157, 0, 0.354369, 0.286297, 0, 0.344483, 0.156532, 0, 0, 0.365506
0.154, 0, 0, 0, 0.0845289, 1.25193, 0, 0.357267, 0.283393, 0, 0.351715, 0.153383, 0, 0, 0.365418
0.155, 0, 0, 0, 0.0841261, 1.25224, 0, 0.360626, 0.280058, 0, 0.355472, 0.150663, 0, 0, 0.365339
0.156, 0, 0, 0, 0.0837489, 1.25253, 0, 0.363632, 0.277054, 0, 0.357185, 0.149389, 0, 0, 0.365278
0.157, 0, 0, 0, 0.0835468, 1.2523, 0, 0.367166, 0.272992, 0, 0.358821, 0.148458, 0, 0, 0.365184
0.158, 0, 0, 0, 0.0847411, 1.25178, 0, 0.371221, 0.267989, 0, 0.363161, 0.146044, 0, 0, 0.365255
0.159, 0, 0, 0, 0.0845875, 1.25263, 0, 0.377433, 0.262677, 0, 0.36494, 0.145275, 0, 0, 0.365409
0.16, 0, 0, 0, 0.0870369, 1.256, 0, 0.386803, 0.263417, 0, 0.364221, 0.146147, 0, 0, 0.367034
0.161, 0, 0, 0, 0.0821081, 1.24795, 0, 0.388879, 0.243541, 0, 0.36699, 0.142886, 0, 0, 0.361822
0.162, 0, 0, 0, 0.0846633, 1.25462, 0, 0.39968, 0.240457, 0, 0.370946, 0.143065, 0, 0, 0.365434
0.163, 0, 0, 0, 0.0811821, 1.25396, 0, 0.403038, 0.235649, 0, 0.369432, 0.142844, 0, 0, 0.364454
0.164, 0, 0, 0, 0.0821027, 1.25388, 0, 0.40903, 0.23036, 0, 0.370629, 0.142455, 0, 0, 0.364525
0.165, 0, 0, 0, 0.0819581, 1.25439, 0, 0.423152, 0.222836, 0, 0.371638, 0.141979, 0, 0, 0.364555
0.166, 0, 0, 0, 0.0817139, 1.25442, 0, 0.42704, 0.219359, 0, 0.372546, 0.141353, 0, 0, 0.364425
0.167, 0, 0, 0, 0.0816854, 1.2548, 0, 0.431045, 0.216288, 0, 0.375621, 0.138938, 0, 0, 0.364442
0.168, 0, 0, 0, 0.0813536, 1.25485, 0, 0.435057, 0.213132, 0, 0.376792, 0.137967, 0, 0, 0.364288
0.169, 0, 0, 0, 0.0811608, 1.25493, 0, 0.444104, 0.209465, 0, 0.378157, 0.136943, 0, 0, 0.364238
0.17, 0, 0, 0, 0.0808704, 1.25523, 0, 0.447158, 0.207859, 0, 0.380252, 0.135762, 0, 0, 0.364211
0.171, 0, 0, 0, 0.0805339, 1.25544, 0, 0.452795, 0.20302, 0, 0.384581, 0.133992, 0, 0, 0.364119
0.172, 0, 0, 0, 0.0806365, 1.25505, 0, 0.456399, 0.200535, 0, 0.385603, 0.133114, 0, 0, 0.364058
0.173, 0, 0, 0, 0.0805574, 1.25559, 0, 0.459777, 0.198307, 0, 0.386202, 0.132811, 0, 0, 0.364149
0.174, 0, 0, 0, 0.0800823, 1.25573, 0, 0.46351, 0.194973, 0, 0.387971, 0.131354, 0, 0, 0.364009
0.175, 0, 0, 0, 0.0798599, 1.2559, 0, 0.466237, 0.193258, 0, 0.389077, 0.130784, 0, 0, 0.363974
0.176, 0, 0, 0, 0.0795974, 1.25612, 0, 0.469092, 0.191298, 0, 0.389408, 0.130536, 0, 0, 0.363916
0.177, 0, 0, 0, 0.0790779, 1.25527, 0, 0.472591, 0.189243, 0, 0.390696, 0.129454, 0, 0, 0.363839
0.178, 0, 0, 0, 0.0791726, 1.25597, 0, 0.475881, 0.186801, 0, 0.391961, 0.128958, 0, 0, 0.364045
0.179, 0, 0, 0, 0.0785918, 1.25555, 0, 0.478405, 0.184889, 0, 0.392507, 0.128481, 0, 0, 0.363867
0.18, 0, 0, 0, 0.0787039, 1.2556, 0, 0.480859, 0.183581, 0, 0.393308, 0.128116, 0, 0, 0.363942
0.181, 0, 0, 0, 0.0784746, 1.25597, 0, 0.486381, 0.180619, 0, 0.393194, 0.128193, 0, 0, 0.363914
0.182, 0, 0, 0, 0.0781921, 1.25601, 0, 0.489466, 0.178581, 0, 0.393678, 0.127767, 0, 0, 0.363799
0.183, 0, 0, 0, 0.0779611, 1.25634, 0, 0.491641, 0.177585, 0, 0.394297, 0.127421, 0, 0, 0.363751
0.184, 0, 0, 0, 0.0776976, 1.25645, 0, 0.493572, 0.176288, 0, 0.395922, 0.126494, 0, 0, 0.363642
0.185, 0, 0, 0, 0.0775403, 1.25659, 0, 0.495077, 0.175412, 0, 0.396525, 0.126136, 0, 0, 0.363584
0.186, 0, 0, 0, 0.0775688, 1.25581, 0, 0.500647, 0.171796, 0, 0.397202, 0.125767, 0, 0, 0.363519
0.187, 0, 0, 0, 0.0777287, 1.25637, 0, 0.503553, 0.169985, 0, 0.398108, 0.12502, 0, 0, 0.36369
0.188, 0, 0, 0, 0.0773001, 1.25648, 0, 0.505631, 0.168323, 0, 0.398409, 0.1247, 0, 0, 0.3635
0.189, 0, 0, 0, 0.0772023, 1.25657, 0, 0.507855, 0.166772, 0, 0.398667, 0.124567, 0, 0, 0.363427
0.19, 0, 0, 0, 0.0770701, 1.25672, 0, 0.510378, 0.165164, 0, 0.398122, 0.124802, 0, 0, 0.363371
0.191, 0, 0, 0, 0.0769124, 1.25686, 0, 0.512918, 0.163684, 0, 0.398319, 0.12487, 0, 0, 0.363365
0.192, 0, 0, 0, 0.0764653, 1.25812, 0, 0.515284, 0.162238, 0, 0.398788, 0.124586, 0, 0, 0.363294
0.193, 0, 0, 0, 0.070597, 1.24769, 0, 0.513476, 0.153503, 0, 0.400479, 0.122553, 0, 0, 0.361334
0.194, 0, 0, 0, 0.0790244, 1.27054, 0, 0.524703, 0.164815, 0, 0.402029, 0.125357, 0, 0, 0.366672
0.195, 0, 0, 0, 0.0719569, 1.25757, 0, 0.517249, 0.160955, 0, 0.394732, 0.123325, 0, 0, 0.360554
0.196, 0, 0, 0, 0.0791679, 1.25648, 0, 0.524747, 0.158305, 0, 0.40035, 0.123273, 0, 0, 0.362753
0.197, 0, 0, 0, 0.0776678, 1.25791, 0, 0.525429, 0.157248, 0, 0.400794, 0.12296, 0, 0, 0.363137
0.198, 0, 0, 0, 0.0765279, 1.25757, 0, 0.523947, 0.157737, 0, 0.400652, 0.122575, 0, 0, 0.362794
0.199, 0, 0, 0, 0.0764544, 1.25788, 0, 0.525758, 0.156892, 0, 0.40132, 0.122286, 0, 0, 0.362822
0.2, 0, 0, 0, 0.0780252, 1.26127, 0, 0.529134, 0.158337, 0, 0.400567, 0.122731, 0, 0, 0.363439
0.201, 0, 0, 0, 0.0752323, 1.2526, 0, 0.527168, 0.153728, 0, 0.400672, 0.121445, 0, 0, 0.361427
0.202, 0, 0, 0, 0.0780905, 1.25925, 0, 0.532309, 0.154656, 0, 0.404953, 0.121457, 0, 0, 0.363628
0.203, 0, 0, 0, 0.0745684, 1.25834, 0, 0.530937, 0.153937, 0, 0.40276, 0.120961, 0, 0, 0.362302
0.204, 0, 0, 0, 0.075587, 1.25824, 0, 0.533378, 0.153523, 0, 0.403402, 0.120822, 0, 0, 0.362858
0.205, 0, 0, 0, 0.0755386, 1.25864, 0, 0.534811, 0.153074, 0, 0.405054, 0.120441, 0, 0, 0.362899
0.206, 0, 0, 0, 0.075363, 1.25861, 0, 0.536116, 0.152521, 0, 0.405238, 0.120235, 0, 0, 0.362755
0.207, 0, 0, 0, 0.0754004, 1.25869, 0, 0.537546, 0.151906, 0, 0.40547, 0.120099, 0, 0, 0.362709
0.208, 0, 0, 0, 0.0735892, 1.26008, 0, 0.538751, 0.151366, 0, 0.405645, 0.119979, 0, 0, 0.362637
0.209, 0, 0, 0, 0.0731148, 1.2594, 0, 0.539464, 0.150611, 0, 0.404159, 0.120711, 0, 0, 0.362219
0.21, 0, 0, 0, 0.0734991, 1.25962, 0, 0.54104, 0.150179, 0, 0.404517, 0.120653, 0, 0, 0.362311
0.211, 0, 0, 0, 0.0733305, 1.25974, 0, 0.54236, 0.14941, 0, 0.404513, 0.120598, 0, 0, 0.362222
0.212, 0, 0, 0, 0.0732868, 1.25978, 0, 0.543554, 0.148812, 0, 0.404675, 0.120373, 0, 0, 0.362139
0.213, 0, 0, 0, 0.0732638, 1.25987, 0, 0.544627, 0.148328, 0, 0.404899, 0.120147, 0, 0, 0.36208
0.214, 0, 0, 0, 0.0732543, 1.25972, 0, 0.545753, 0.147866, 0, 0.404973, 0.120018, 0, 0, 0.362023
0.215, 0, 0, 0, 0.0734238, 1.25972, 0, 0.546764, 0.147599, 0, 0.405248, 0.119817, 0, 0, 0.362012
0.216, 0, 0, 0, 0.0733767, 1.2599, 0, 0.54792, 0.14703, 0, 0.405462, 0.119616, 0, 0, 0.361973
0.217, 0, 0, 0, 0.0732772, 1.25995, 0, 0.547356, 0.147686, 0, 0.405627, 0.119404, 0, 0, 0.361882
0.218, 0, 0, 0, 0.0732857, 1.25967, 0, 0.548271, 0.147256, 0, 0.40583, 0.119201, 0, 0, 0.36182
0.219, 0, 0, 0, 0.0733818, 1.25991, 0, 0.549257, 0.147034, 0, 0.40612, 0.119038, 0, 0, 0.361848
0.22, 0, 0, 0, 0.0750661, 1.25815, 0, 0.550654, 0.146521, 0, 0.405439, 0.119281, 0, 0, 0.361754
0.221, 0, 0, 0, 0.0756806, 1.25917, 0, 0.552496, 0.146244, 0, 0.406153, 0.119245, 0, 0, 0.36216
0.222, 0, 0, 0, 0.0750946, 1.25909, 0, 0.552879, 0.145826, 0, 0.406554, 0.118971, 0, 0, 0.361899
0.223, 0, 0, 0, 0.0752081, 1.2591, 0, 0.553734, 0.145841, 0, 0.406764, 0.118831, 0, 0, 0.361855
0.224, 0, 0, 0, 0.0751819, 1.25923, 0, 0.554674, 0.145389, 0, 0.406896, 0.118711, 0, 0, 0.361816
0.225, 0, 0, 0, 0.0751023, 1.25929, 0, 0.555453, 0.144991, 0, 0.406985, 0.118587, 0, 0, 0.361745
0.226, 0, 0, 0, 0.0750705, 1.25935, 0, 0.556796, 0.144211, 0, 0.407093, 0.118468, 0, 0, 0.361687
0.227, 0, 0, 0, 0.0750366, 1.25943, 0, 0.557562, 0.14384, 0, 0.407203, 0.118357, 0, 0, 0.361635
0.228, 0, 0, 0, 0.0749649, 1.25958, 0, 0.55833, 0.143468, 0, 0.4073, 0.118246, 0, 0, 0.361576
0.229, 0, 0, 0, 0.0749137, 1.25959, 0, 0.559277, 0.142991, 0, 0.407375, 0.118134, 0, 0, 0.3615
0.23, 0, 0, 0, 0.0749166, 1.25965, 0, 0.56017, 0.142683, 0, 0.407494, 0.118034, 0, 0, 0.361458
0.231, 0, 0, 0, 0.0748847, 1.25972, 0, 0.561007, 0.142295, 0, 0.407589, 0.117937, 0, 0, 0.361408
0.232, 0, 0, 0, 0.0748509, 1.25978, 0, 0.561734, 0.141944, 0, 0.407678, 0.117842, 0, 0, 0.361327
0.233, 0, 0, 0, 0.07482, 1.25985, 0, 0.562421, 0.141668, 0, 0.407732, 0.117791, 0, 0, 0.361277
0.234, 0, 0, 0, 0.0747878, 1.25992, 0, 0.563102, 0.14134, 0, 0.408598, 0.117525, 0, 0, 0.361227
0.235, 0, 0, 0, 0.0747532, 1.25997, 0, 0.563765, 0.14102, 0, 0.408973, 0.117283, 0, 0, 0.36117
0.236, 0, 0, 0, 0.0747221, 1.26004, 0, 0.564437, 0.140678, 0, 0.40916, 0.117123, 0, 0, 0.361113
0.237, 0, 0, 0, 0.0746858, 1.2601, 0, 0.565103, 0.140381, 0, 0.409299, 0.116982, 0, 0, 0.361058
0.238, 0, 0, 0, 0.074653, 1.26016, 0, 0.565696, 0.140105, 0, 0.409437, 0.116846, 0, 0, 0.361007
0.239, 0, 0, 0, 0.0746201, 1.26022, 0, 0.566279, 0.139839, 0, 0.409575, 0.116712, 0, 0, 0.360956
0.24, 0, 0, 0, 0.0745884, 1.26028, 0, 0.565831, 0.139728, 0, 0.409705, 0.116584, 0, 0, 0.360905
0.241, 0, 0, 0, 0.074558, 1.26034, 0, 0.566332, 0.13948, 0, 0.409765, 0.116477, 0, 0, 0.360856
0.242, 0, 0, 0, 0.074545, 1.2603, 0, 0.566879, 0.139243, 0, 0.409888, 0.116357, 0, 0, 0.360807
0.243, 0, 0, 0, 0.0745491, 1.26041, 0, 0.567437, 0.139002, 0, 0.410392, 0.116148, 0, 0, 0.360784
0.244, 0, 0, 0, 0.0744836, 1.26046, 0, 0.568006, 0.138736, 0, 0.410466, 0.116033, 0, 0, 0.360727
0.245, 0, 0, 0, 0.0744646, 1.26051, 0, 0.568524, 0.138484, 0, 0.410552, 0.115927, 0, 0, 0.360681
0.246, 0, 0, 0, 0.0744461, 1.26056, 0, 0.569042, 0.13822, 0, 0.410613, 0.115832, 0, 0, 0.360639
0.247, 0, 0, 0, 0.0744199, 1.26061, 0, 0.569521, 0.137995, 0, 0.410667, 0.11574, 0, 0, 0.360596
0.248, 0, 0, 0, 0.0743907, 1.26067, 0, 0.569908, 0.13785, 0, 0.410126, 0.116357, 0, 0, 0.360551
0.249, 0, 0, 0, 0.0743669, 1.26072, 0, 0.57036, 0.137639, 0, 0.410106, 0.116299, 0, 0, 0.360506
0.25, 0, 0, 0, 0.0743465, 1.26076, 0, 0.570828, 0.137427, 0, 0.410172, 0.116226, 0, 0, 0.360466
0.251, 0, 0, 0, 0.0743258, 1.26081, 0, 0.57128, 0.13722, 0, 0.410411, 0.116014, 0, 0, 0.360427
0.252, 0, 0, 0, 0.0743041, 1.26086, 0, 0.571664, 0.13705, 0, 0.410446, 0.11594, 0, 0, 0.360388
0.253, 0, 0, 0, 0.0742824, 1.26091, 0, 0.572094, 0.13685, 0, 0.410462, 0.115876, 0, 0, 0.360352
0.254, 0, 0, 0, 0.0739516, 1.26145, 0, 0.572518, 0.136656, 0, 0.410483, 0.115813, 0, 0, 0.360315
0.255, 0, 0, 0, 0.0737709, 1.26124, 0, 0.573002, 0.136319, 0, 0.410325, 0.115768, 0, 0, 0.36015
0.256, 0, 0, 0, 0.0739062, 1.26131, 0, 0.573565, 0.136122, 0, 0.410447, 0.115718, 0, 0, 0.360167
0.257, 0, 0, 0, 0.0738533, 1.26138, 0, 0.57392, 0.135942, 0, 0.41044, 0.115665, 0, 0, 0.36013
0.258, 0, 0, 0, 0.0738317, 1.2614, 0, 0.574287, 0.135761, 0, 0.410448, 0.115609, 0, 0, 0.36009
0.259, 0, 0, 0, 0.0738212, 1.26145, 0, 0.574662, 0.135585, 0, 0.410483, 0.115549, 0, 0, 0.36006
0.26, 0, 0, 0, 0.0738, 1.26149, 0, 0.575044, 0.135385, 0, 0.410499, 0.115496, 0, 0, 0.360026
0.261, 0, 0, 0, 0.0737805, 1.26153, 0, 0.575372, 0.135294, 0, 0.411012, 0.115319, 0, 0, 0.359997
0.262, 0, 0, 0, 0.0737611, 1.26157, 0, 0.575721, 0.135119, 0, 0.411034, 0.115262, 0, 0, 0.359965
0.263, 0, 0, 0, 0.0737417, 1.26161, 0, 0.57606, 0.13495, 0, 0.411195, 0.115145, 0, 0, 0.359933
0.264, 0, 0, 0, 0.0737229, 1.26165, 0, 0.576434, 0.134774, 0, 0.411184, 0.115094, 0, 0, 0.359902
0.265, 0, 0, 0, 0.0737034, 1.26169, 0, 0.576761, 0.134613, 0, 0.411176, 0.115052, 0, 0, 0.359871
0.266, 0, 0, 0, 0.0736855, 1.26173, 0, 0.57708, 0.134456, 0, 0.411172, 0.115012, 0, 0, 0.359841
0.267, 0, 0, 0, 0.0736668, 1.26176, 0, 0.577357, 0.134333, 0, 0.411405, 0.114915, 0, 0, 0.359812
0.268, 0, 0, 0, 0.0736493, 1.2618, 0, 0.577659, 0.134184, 0, 0.411447, 0.114862, 0, 0, 0.359783
0.269, 0, 0, 0, 0.0736316, 1.26184, 0, 0.57796, 0.134035, 0, 0.411471, 0.114817, 0, 0, 0.359754
0.27, 0, 0, 0, 0.0736152, 1.26187, 0, 0.578253, 0.133891, 0, 0.411374, 0.1148, 0, 0, 0.359725
0.271, 0, 0, 0, 0.0735991, 1.26191, 0, 0.57854, 0.133749, 0, 0.411376, 0.114764, 0, 0, 0.359698
0.272, 0, 0, 0, 0.0735827, 1.26194, 0, 0.578828, 0.13361, 0, 0.411399, 0.114724, 0, 0, 0.359356
0.273, 0, 0, 0, 0.0735683, 1.26198, 0, 0.579108, 0.133472, 0, 0.411425, 0.114687, 0, 0, 0.359327
0.274, 0, 0, 0, 0.07355, 1.26201, 0, 0.579377, 0.133337, 0, 0.411545, 0.114619, 0, 0, 0.359306
0.275, 0, 0, 0, 0.0735378, 1.26204, 0, 0.579648, 0.133206, 0, 0.411597, 0.114573, 0, 0, 0.359746
0.276, 0, 0, 0, 0.0735212, 1.26207, 0, 0.57991, 0.133075, 0, 0.41164, 0.11453, 0, 0, 0.359732
0.277, 0, 0, 0, 0.0735093, 1.2621, 0, 0.580126, 0.132973, 0, 0.411683, 0.11449, 0, 0, 0.359701
0.278, 0, 0, 0, 0.0727461, 1.26269, 0, 0.58142, 0.132488, 0, 0.411724, 0.114451, 0, 0, 0.359669
0.279, 0, 0, 0, 0.0725425, 1.26243, 0, 0.581445, 0.132296, 0, 0.41159, 0.114364, 0, 0, 0.359496
0.28, 0, 0, 0, 0.0722086, 1.26155, 0, 0.58144, 0.13171, 0, 0.411942, 0.114154, 0, 0, 0.359444
0.281, 0, 0, 0, 0.0730972, 1.26422, 0, 0.58265, 0.132667, 0, 0.412171, 0.114482, 0, 0, 0.359833
0.282, 0, 0, 0, 0.0720936, 1.26203, 0, 0.581628, 0.131878, 0, 0.411425, 0.114137, 0, 0, 0.359056
0.283, 0, 0, 0, 0.0731097, 1.26253, 0, 0.582972, 0.131795, 0, 0.412399, 0.114164, 0, 0, 0.359527
0.284, 0, 0, 0, 0.0726539, 1.26264, 0, 0.582756, 0.13171, 0, 0.412193, 0.114128, 0, 0, 0.359424
0.285, 0, 0, 0, 0.0726252, 1.26259, 0, 0.58195, 0.131967, 0, 0.412214, 0.114081, 0, 0, 0.359364
0.286, 0, 0, 0, 0.0726339, 1.26267, 0, 0.582201, 0.131871, 0, 0.412283, 0.114052, 0, 0, 0.359354
0.287, 0, 0, 0, 0.0725813, 1.2627, 0, 0.582395, 0.131778, 0, 0.412298, 0.114019, 0, 0, 0.359315
0.288, 0, 0, 0, 0.0725622, 1.26273, 0, 0.582613, 0.131669, 0, 0.412233, 0.114084, 0, 0, 0.359284
0.289, 0, 0, 0, 0.0725363, 1.26279, 0, 0.58283, 0.131563, 0, 0.412262, 0.114051, 0, 0, 0.359256
0.29, 0, 0, 0, 0.0725325, 1.26278, 0, 0.58303, 0.131457, 0, 0.412218, 0.114044, 0, 0, 0.35922
0.291, 0, 0, 0, 0.0725386, 1.26283, 0, 0.583266, 0.131353, 0, 0.412273, 0.11401, 0, 0, 0.359203
0.292, 0, 0, 0, 0.0725206, 1.26285, 0, 0.583612, 0.131188, 0, 0.412309, 0.113974, 0, 0, 0.359174
0.293, 0, 0, 0, 0.0725135, 1.26287, 0, 0.583843, 0.131074, 0, 0.412352, 0.113937, 0, 0, 0.359149
0.294, 0, 0, 0, 0.0725091, 1.2629, 0, 0.584056, 0.130957, 0, 0.412397, 0.113903, 0, 0, 0.359126
0.295, 0, 0, 0, 0.0725018, 1.26292, 0, 0.58425, 0.130864, 0, 0.412544, 0.11382, 0, 0, 0.359102
0.296, 0, 0, 0, 0.0724953, 1.26294, 0, 0.585483, 0.130417, 0, 0.412583, 0.113785, 0, 0, 0.359079
0.297, 0, 0, 0, 0.0724612, 1.2629, 0, 0.585669, 0.130289, 0, 0.412623, 0.113743, 0, 0, 0.359056
0.298, 0, 0, 0, 0.0725117, 1.26309, 0, 0.58589, 0.13026, 0, 0.412656, 0.11374, 0, 0, 0.359052
0.299, 0, 0, 0, 0.0724442, 1.26298, 0, 0.585986, 0.130132, 0, 0.41264, 0.113689, 0, 0, 0.358986
0.3, 0, 0, 0, 0.0725064, 1.26303, 0, 0.58517, 0.130407, 0, 0.412724, 0.113667, 0, 0, 0.35889
0.301, 0, 0, 0, 0.0724746, 1.26306, 0, 0.585276, 0.130345, 0, 0.412737, 0.113639, 0, 0, 0.358858
0.302, 0, 0, 0, 0.0724702, 1.26307, 0, 0.585442, 0.130265, 0, 0.412767, 0.113611, 0, 0, 0.358836
0.303, 0, 0, 0, 0.072466, 1.26309, 0, 0.585613, 0.130186, 0, 0.412799, 0.113584, 0, 0, 0.358007
0.304, 0, 0, 0, 0.072461, 1.26312, 0, 0.585781, 0.130108, 0, 0.412825, 0.113564, 0, 0, 0.357974
0.305, 0, 0, 0, 0.0724497, 1.26314, 0, 0.585907, 0.130109, 0, 0.412835, 0.113549, 0, 0, 0.357967
0.306, 0, 0, 0, 0.072448, 1.26316, 0, 0.587127, 0.129672, 0, 0.412851, 0.113536, 0, 0, 0.358686
0.307, 0, 0, 0, 0.0724414, 1.26318, 0, 0.587309, 0.129574, 0, 0.412861, 0.113523, 0, 0, 0.3587
0.308, 0, 0, 0, 0.0726334, 1.26222, 0, 0.587462, 0.129488, 0, 0.412873, 0.113512, 0, 0, 0.358685
0.309, 0, 0, 0, 0.0729464, 1.26278, 0, 0.586983, 0.129857, 0, 0.413199, 0.113584, 0, 0, 0.35892
0.31, 0, 0, 0, 0.0726298, 1.26271, 0, 0.586789, 0.12978, 0, 0.413032, 0.113529, 0, 0, 0.358788
0.311, 0, 0, 0, 0.0727062, 1.2627, 0, 0.587015, 0.129697, 0, 0.413099, 0.113514, 0, 0, 0.358781
0.312, 0, 0, 0, 0.0726998, 1.26275, 0, 0.587179, 0.129625, 0, 0.413119, 0.113507, 0, 0, 0.358772
0.313, 0, 0, 0, 0.0726783, 1.26276, 0, 0.587322, 0.129542, 0, 0.413121, 0.113494, 0, 0, 0.357934
0.314, 0, 0, 0, 0.0726798, 1.26279, 0, 0.58853, 0.129113, 0, 0.413139, 0.113486, 0, 0, 0.357905
0.315, 0, 0, 0, 0.0726718, 1.26281, 0, 0.588684, 0.12903, 0, 0.413148, 0.113475, 0, 0, 0.357903
0.316, 0, 0, 0, 0.0726702, 1.26283, 0, 0.58886, 0.128933, 0, 0.413159, 0.113465, 0, 0, 0.357905
0.317, 0, 0, 0, 0.0726712, 1.26285, 0, 0.587943, 0.129216, 0, 0.41317, 0.113457, 0, 0, 0.357908
0.318, 0, 0, 0, 0.0734134, 1.26231, 0, 0.588053, 0.129158, 0, 0.413179, 0.113448, 0, 0, 0.357909
0.319, 0, 0, 0, 0.0736045, 1.26262, 0, 0.588432, 0.129149, 0, 0.41337, 0.113486, 0, 0, 0.358055
0.32, 0, 0, 0, 0.0734348, 1.26259, 0, 0.588392, 0.129081, 0, 0.413256, 0.113469, 0, 0, 0.357995
0.321, 0, 0, 0, 0.073478, 1.26259, 0, 0.588619, 0.128984, 0, 0.414871, 0.113099, 0, 0, 0.358001
0.322, 0, 0, 0, 0.0734742, 1.26262, 0, 0.589831, 0.128564, 0, 0.414958, 0.113053, 0, 0, 0.358005
0.323, 0, 0, 0, 0.0734659, 1.26264, 0, 0.589977, 0.12849, 0, 0.414957, 0.113039, 0, 0, 0.358002
0.324, 0, 0, 0, 0.0734612, 1.26266, 0, 0.590098, 0.128415, 0, 0.415202, 0.112953, 0, 0, 0.357999
0.325, 0, 0, 0, 0.0734598, 1.26268, 0, 0.589164, 0.128704, 0, 0.415179, 0.112947, 0, 0, 0.357995
0.326, 0, 0, 0, 0.0727079, 1.26324, 0, 0.589259, 0.128657, 0, 0.415148, 0.112944, 0, 0, 0.35799
0.327, 0, 0, 0, 0.0725148, 1.26297, 0, 0.589134, 0.12855, 0, 0.414922, 0.112903, 0, 0, 0.357844
0.328, 0, 0, 0, 0.0726729, 1.26304, 0, 0.590484, 0.128152, 0, 0.415015, 0.11291, 0, 0, 0.3579
0.329, 0, 0, 0, 0.0726221, 1.26308, 0, 0.590577, 0.128089, 0, 0.414956, 0.112912, 0, 0, 0.357888
0.33, 0, 0, 0, 0.0726145, 1.26308, 0, 0.589623, 0.128377, 0, 0.414917, 0.11291, 0, 0, 0.357874
0.331, 0, 0, 0, 0.0728122, 1.26303, 0, 0.590267, 0.128596, 0, 0.414483, 0.112954, 0, 0, 0.358212
0.332, 0, 0, 0, 0.0726853, 1.26333, 0, 0.589359, 0.128277, 0, 0.414788, 0.113041, 0, 0, 0.357595
0.333, 0, 0, 0, 0.0724627, 1.26289, 0, 0.590804, 0.12768, 0, 0.415067, 0.112791, 0, 0, 0.357678
0.334, 0, 0, 0, 0.0726655, 1.26319, 0, 0.59126, 0.127773, 0, 0.41507, 0.112859, 0, 0, 0.357894
0.335, 0, 0, 0, 0.0732829, 1.26263, 0, 0.590145, 0.128119, 0, 0.414793, 0.1129, 0, 0, 0.357851
0.336, 0, 0, 0, 0.0735248, 1.26291, 0, 0.590496, 0.128146, 0, 0.414912, 0.112966, 0, 0, 0.357987
0.337, 0, 0, 0, 0.0733717, 1.26288, 0, 0.590427, 0.128123, 0, 0.414757, 0.112965, 0, 0, 0.357938
0.338, 0, 0, 0, 0.0734114, 1.26287, 0, 0.591618, 0.127722, 0, 0.414757, 0.112964, 0, 0, 0.358107
0.339, 0, 0, 0, 0.0726714, 1.26345, 0, 0.591841, 0.127654, 0, 0.414746, 0.112966, 0, 0, 0.358102
0.34, 0, 0, 0, 0.0724715, 1.26318, 0, 0.590635, 0.127899, 0, 0.414539, 0.11292, 0, 0, 0.35794
0.341, 0, 0, 0, 0.0726364, 1.26323, 0, 0.590888, 0.127873, 0, 0.414614, 0.112971, 0, 0, 0.357984
0.342, 0, 0, 0, 0.0725863, 1.26327, 0, 0.591993, 0.127492, 0, 0.414564, 0.112958, 0, 0, 0.357964
0.343, 0, 0, 0, 0.072579, 1.26327, 0, 0.592093, 0.127439, 0, 0.414532, 0.112977, 0, 0, 0.357942
0.344, 0, 0, 0, 0.0725831, 1.26329, 0, 0.59113, 0.127747, 0, 0.414517, 0.112978, 0, 0, 0.357929
0.345, 0, 0, 0, 0.0732525, 1.26188, 0, 0.590809, 0.127314, 0, 0.414579, 0.112878, 0, 0, 0.357716
0.346, 0, 0, 0, 0.0737932, 1.26326, 0, 0.591687, 0.127681, 0, 0.414931, 0.11306, 0, 0, 0.358179
0.347, 0, 0, 0, 0.0731606, 1.2629, 0, 0.592168, 0.127252, 0, 0.414334, 0.113016, 0, 0, 0.357863
0.348, 0, 0, 0, 0.0735062, 1.26295, 0, 0.592594, 0.127232, 0, 0.414455, 0.113039, 0, 0, 0.357924
0.349, 0, 0, 0, 0.073507, 1.263, 0, 0.592677, 0.127217, 0, 0.414397, 0.113052, 0, 0, 0.357919
0.35, 0, 0, 0, 0.073453, 1.26287, 0, 0.591639, 0.127476, 0, 0.4144, 0.11303, 0, 0, 0.35788
0.351, 0, 0, 0, 0.072791, 1.26355, 0, 0.591767, 0.127505, 0, 0.414424, 0.113051, 0, 0, 0.357914
0.352, 0, 0, 0, 0.072567, 1.26324, 0, 0.591546, 0.127428, 0, 0.414198, 0.112993, 0, 0, 0.357737
0.353, 0, 0, 0, 0.072726, 1.26334, 0, 0.59185, 0.127419, 0, 0.414329, 0.113004, 0, 0, 0.357806
0.354, 0, 0, 0, 0.0726735, 1.26336, 0, 0.592927, 0.127051, 0, 0.414263, 0.113008, 0, 0, 0.357782
0.355, 0, 0, 0, 0.0726936, 1.26333, 0, 0.593013, 0.127001, 0, 0.41424, 0.11301, 0, 0, 0.357761
0.356, 0, 0, 0, 0.072693, 1.26335, 0, 0.593185, 0.126926, 0, 0.414239, 0.113012, 0, 0, 0.357758
0.357, 0, 0, 0, 0.072688, 1.2634, 0, 0.592214, 0.127253, 0, 0.414209, 0.113019, 0, 0, 0.357752
0.358, 0, 0, 0, 0.0726727, 1.26337, 0, 0.592242, 0.127222, 0, 0.414267, 0.112993, 0, 0, 0.357726
0.359, 0, 0, 0, 0.0726691, 1.26338, 0, 0.592325, 0.127186, 0, 0.414278, 0.112989, 0, 0, 0.357721
0.36, 0, 0, 0, 0.0726289, 1.2634, 0, 0.59239, 0.127155, 0, 0.414272, 0.112986, 0, 0, 0.357712
0.361, 0, 0, 0, 0.0726058, 1.26343, 0, 0.593515, 0.126785, 0, 0.414242, 0.112989, 0, 0, 0.357702
0.362, 0, 0, 0, 0.0725991, 1.26347, 0, 0.593615, 0.126761, 0, 0.414203, 0.112998, 0, 0, 0.357695
0.363, 0, 0, 0, 0.0725943, 1.26351, 0, 0.593689, 0.126746, 0, 0.414156, 0.113007, 0, 0, 0.357684
0.364, 0, 0, 0, 0.0725812, 1.26352, 0, 0.593759, 0.126724, 0, 0.414128, 0.11301, 0, 0, 0.357674
0.365, 0, 0, 0, 0.0725582, 1.26346, 0, 0.592732, 0.127013, 0, 0.414122, 0.113003, 0, 0, 0.357649
0.366, 0, 0, 0, 0.0725595, 1.2635, 0, 0.592792, 0.127002, 0, 0.414135, 0.113007, 0, 0, 0.357657
0.367, 0, 0, 0, 0.0732686, 1.26296, 0, 0.592833, 0.126982, 0, 0.414185, 0.112996, 0, 0, 0.357644
0.368, 0, 0, 0, 0.0734485, 1.26327, 0, 0.593147, 0.127015, 0, 0.414344, 0.113044, 0, 0, 0.357776
0.369, 0, 0, 0, 0.0732766, 1.26324, 0, 0.593043, 0.12699, 0, 0.414195, 0.113039, 0, 0, 0.357706
0.37, 0, 0, 0, 0.0733186, 1.26322, 0, 0.594212, 0.126615, 0, 0.414197, 0.113042, 0, 0, 0.357702
0.371, 0, 0, 0, 0.0733225, 1.26325, 0, 0.594308, 0.126584, 0, 0.41418, 0.113049, 0, 0, 0.3577
0.372, 0, 0, 0, 0.0725682, 1.26381, 0, 0.594359, 0.126558, 0, 0.414149, 0.113054, 0, 0, 0.357687
0.373, 0, 0, 0, 0.0723833, 1.26353, 0, 0.594173, 0.12648, 0, 0.41395, 0.113012, 0, 0, 0.357537
0.374, 0, 0, 0, 0.07255, 1.26359, 0, 0.594401, 0.126462, 0, 0.414052, 0.113026, 0, 0, 0.35759
0.375, 0, 0, 0, 0.0725049, 1.26362, 0, 0.593351, 0.126794, 0, 0.414001, 0.113033, 0, 0, 0.357576
0.376, 0, 0, 0, 0.0725018, 1.2636, 0, 0.593375, 0.126783, 0, 0.413973, 0.113035, 0, 0, 0.357561
0.377, 0, 0, 0, 0.0725119, 1.26362, 0, 0.59344, 0.126767, 0, 0.41396, 0.11304, 0, 0, 0.357558
0.378, 0, 0, 0, 0.0725074, 1.26363, 0, 0.593496, 0.126748, 0, 0.413936, 0.113044, 0, 0, 0.357549
0.379, 0, 0, 0, 0.0725072, 1.26363, 0, 0.593558, 0.126728, 0, 0.413981, 0.113017, 0, 0, 0.357541
0.38, 0, 0, 0, 0.072498, 1.26363, 0, 0.594691, 0.126354, 0, 0.413962, 0.113019, 0, 0, 0.357533
0.381, 0, 0, 0, 0.0732453, 1.26309, 0, 0.594771, 0.126321, 0, 0.413944, 0.113024, 0, 0, 0.357528
0.382, 0, 0, 0, 0.073431, 1.26339, 0, 0.595062, 0.126351, 0, 0.414132, 0.113063, 0, 0, 0.35766
0.383, 0, 0, 0, 0.0732661, 1.26335, 0, 0.594931, 0.126325, 0, 0.413989, 0.113057, 0, 0, 0.357591
0.384, 0, 0, 0, 0.0733135, 1.26334, 0, 0.593959, 0.126651, 0, 0.413997, 0.11306, 0, 0, 0.35759
0.385, 0, 0, 0, 0.0725682, 1.26391, 0, 0.593994, 0.126647, 0, 0.413982, 0.113066, 0, 0, 0.357587
0.386, 0, 0, 0, 0.0723698, 1.26362, 0, 0.593793, 0.126578, 0, 0.413779, 0.113022, 0, 0, 0.357435
0.387, 0, 0, 0, 0.0725347, 1.26368, 0, 0.594027, 0.126565, 0, 0.413884, 0.113036, 0, 0, 0.357489
0.388, 0, 0, 0, 0.0724831, 1.2637, 0, 0.595096, 0.126202, 0, 0.413835, 0.113041, 0, 0, 0.357476
0.389, 0, 0, 0, 0.0724791, 1.2637, 0, 0.595156, 0.12617, 0, 0.413809, 0.113044, 0, 0, 0.357464
0.39, 0, 0, 0, 0.0724832, 1.26371, 0, 0.595206, 0.126149, 0, 0.413793, 0.113048, 0, 0, 0.357459
0.391, 0, 0, 0, 0.0724801, 1.26372, 0, 0.595241, 0.12613, 0, 0.413772, 0.113052, 0, 0, 0.357451
0.392, 0, 0, 0, 0.0724808, 1.26373, 0, 0.594221, 0.126461, 0, 0.413752, 0.113057, 0, 0, 0.357443
0.393, 0, 0, 0, 0.0724788, 1.26373, 0, 0.59424, 0.126456, 0, 0.413732, 0.11306, 0, 0, 0.357436
0.394, 0, 0, 0, 0.0732246, 1.26318, 0, 0.594285, 0.126443, 0, 0.413716, 0.113064, 0, 0, 0.35743
0.395, 0, 0, 0, 0.0734131, 1.26348, 0, 0.594577, 0.126482, 0, 0.413875, 0.113114, 0, 0, 0.357566
0.396, 0, 0, 0, 0.0732451, 1.26344, 0, 0.595504, 0.126114, 0, 0.413785, 0.113073, 0, 0, 0.357498
0.397, 0, 0, 0, 0.0725462, 1.26398, 0, 0.59564, 0.126055, 0, 0.413768, 0.113087, 0, 0, 0.357497
0.398, 0, 0, 0, 0.0723568, 1.26371, 0, 0.595444, 0.125983, 0, 0.413563, 0.113051, 0, 0, 0.357354
0.399, 0, 0, 0, 0.0725134, 1.26376, 0, 0.595651, 0.125968, 0, 0.41367, 0.11306, 0, 0, 0.357405
0.4, 0, 0, 0, 0.0724691, 1.26379, 0, 0.594587, 0.126305, 0, 0.413626, 0.113065, 0, 0, 0.357394
0.401, 0, 0, 0, 0.0724634, 1.26377, 0, 0.594594, 0.1263, 0, 0.413604, 0.113066, 0, 0, 0.357381
0.402, 0, 0, 0, 0.0724716, 1.26379, 0, 0.594643, 0.12629, 0, 0.413595, 0.11307, 0, 0, 0.357379
0.403, 0, 0, 0, 0.073211, 1.26324, 0, 0.594682, 0.126277, 0, 0.413576, 0.113073, 0, 0, 0.357372
0.404, 0, 0, 0, 0.0733995, 1.26353, 0, 0.596027, 0.125967, 0, 0.41374, 0.113122, 0, 0, 0.357508
0.405, 0, 0, 0, 0.0724893, 1.26405, 0, 0.595911, 0.125939, 0, 0.413602, 0.113117, 0, 0, 0.357442
0.406, 0, 0, 0, 0.0723426, 1.26374, 0, 0.59574, 0.125864, 0, 0.413435, 0.113071, 0, 0, 0.357298
0.407, 0, 0, 0, 0.0725115, 1.26381, 0, 0.595956, 0.125854, 0, 0.413552, 0.113086, 0, 0, 0.35736
0.408, 0, 0, 0, 0.0724572, 1.26383, 0, 0.594876, 0.126193, 0, 0.413502, 0.113091, 0, 0, 0.357345
0.409, 0, 0, 0, 0.0731999, 1.26327, 0, 0.594881, 0.126188, 0, 0.413484, 0.11309, 0, 0, 0.357333
0.41, 0, 0, 0, 0.0726541, 1.26412, 0, 0.595172, 0.126235, 0, 0.413812, 0.113092, 0, 0, 0.357475
0.411, 0, 0, 0, 0.0722911, 1.26378, 0, 0.59584, 0.125817, 0, 0.413493, 0.113036, 0, 0, 0.357264
0.412, 0, 0, 0, 0.0732493, 1.26327, 0, 0.596114, 0.125792, 0, 0.413628, 0.113046, 0, 0, 0.357327
0.413, 0, 0, 0, 0.0726494, 1.26415, 0, 0.595299, 0.126186, 0, 0.413762, 0.113101, 0, 0, 0.357462
0.414, 0, 0, 0, 0.0722803, 1.26379, 0, 0.595927, 0.125775, 0, 0.413429, 0.113043, 0, 0, 0.357243
0.415, 0, 0, 0, 0.073253, 1.26329, 0, 0.595154, 0.126103, 0, 0.413573, 0.113056, 0, 0, 0.357311
0.416, 0, 0, 0, 0.0726452, 1.26416, 0, 0.595372, 0.126162, 0, 0.41369, 0.113113, 0, 0, 0.357446
0.417, 0, 0, 0, 0.0722796, 1.26381, 0, 0.596025, 0.125744, 0, 0.41336, 0.113057, 0, 0, 0.357229
0.418, 0, 0, 0, 0.0725029, 1.26385, 0, 0.596308, 0.125722, 0, 0.413503, 0.113069, 0, 0, 0.357296
0.419, 0, 0, 0, 0.0724519, 1.26389, 0, 0.596295, 0.125714, 0, 0.413458, 0.113076, 0, 0, 0.357289
0.42, 0, 0, 0, 0.0731883, 1.26332, 0, 0.595246, 0.126047, 0, 0.413429, 0.113076, 0, 0, 0.357274
0.421, 0, 0, 0, 0.0733888, 1.26362, 0, 0.595508, 0.126102, 0, 0.413598, 0.113126, 0, 0, 0.357415
0.422, 0, 0, 0, 0.072476, 1.26413, 0, 0.59536, 0.126093, 0, 0.413457, 0.113121, 0, 0, 0.35735
0.423, 0, 0, 0, 0.0723289, 1.26382, 0, 0.596245, 0.125677, 0, 0.41329, 0.113074, 0, 0, 0.357208
0.424, 0, 0, 0, 0.0724638, 1.26359, 0, 0.596339, 0.125519, 0, 0.413444, 0.113051, 0, 0, 0.357201
0.425, 0, 0, 0, 0.0725441, 1.26401, 0, 0.596521, 0.125645, 0, 0.413451, 0.113107, 0, 0, 0.357311
0.426, 0, 0, 0, 0.0731519, 1.26332, 0, 0.596359, 0.125617, 0, 0.413247, 0.113099, 0, 0, 0.357207
0.427, 0, 0, 0, 0.0734707, 1.26359, 0, 0.595672, 0.126002, 0, 0.413467, 0.113154, 0, 0, 0.357368
0.428, 0, 0, 0, 0.0725274, 1.26397, 0, 0.595429, 0.125934, 0, 0.413358, 0.113129, 0, 0, 0.357276
0.429, 0, 0, 0, 0.0724488, 1.26384, 0, 0.595335, 0.125932, 0, 0.41322, 0.113104, 0, 0, 0.357189
0.43, 0, 0, 0, 0.0725676, 1.26385, 0, 0.595477, 0.125928, 0, 0.413253, 0.113114, 0, 0, 0.357212
0.431, 0, 0, 0, 0.0725677, 1.26385, 0, 0.596555, 0.125569, 0, 0.413225, 0.113119, 0, 0, 0.357207
0.432, 0, 0, 0, 0.0725811, 1.26385, 0, 0.596599, 0.125547, 0, 0.413209, 0.113122, 0, 0, 0.357202
0.433, 0, 0, 0, 0.072589, 1.26384, 0, 0.596617, 0.125532, 0, 0.413196, 0.113124, 0, 0, 0.357197
0.434, 0, 0, 0, 0.0733365, 1.26329, 0, 0.596628, 0.125516, 0, 0.413187, 0.113124, 0, 0, 0.357192
0.435, 0, 0, 0, 0.073531, 1.26359, 0, 0.59583, 0.12591, 0, 0.413354, 0.113174, 0, 0, 0.357332
0.436, 0, 0, 0, 0.0726155, 1.26409, 0, 0.595644, 0.125909, 0, 0.413215, 0.113165, 0, 0, 0.357264
0.437, 0, 0, 0, 0.0724731, 1.26378, 0, 0.595465, 0.125845, 0, 0.413057, 0.113118, 0, 0, 0.357124
0.438, 0, 0, 0, 0.0726367, 1.26385, 0, 0.595673, 0.125846, 0, 0.413173, 0.113131, 0, 0, 0.357187
0.439, 0, 0, 0, 0.0725755, 1.26387, 0, 0.596703, 0.125493, 0, 0.413126, 0.113133, 0, 0, 0.357173
0.44, 0, 0, 0, 0.0725743, 1.26386, 0, 0.596741, 0.125471, 0, 0.413111, 0.113133, 0, 0, 0.357165
0.441, 0, 0, 0, 0.0725768, 1.26387, 0, 0.596766, 0.12546, 0, 0.413203, 0.113126, 0, 0, 0.357164
0.442, 0, 0, 0, 0.0725714, 1.26388, 0, 0.596773, 0.12545, 0, 0.413204, 0.113121, 0, 0, 0.357158
0.443, 0, 0, 0, 0.0726374, 1.26344, 0, 0.596784, 0.125443, 0, 0.413252, 0.113095, 0, 0, 0.357154
0.444, 0, 0, 0, 0.0735387, 1.26312, 0, 0.595933, 0.125826, 0, 0.413385, 0.113133, 0, 0, 0.357265
0.445, 0, 0, 0, 0.0736022, 1.26337, 0, 0.596032, 0.125882, 0, 0.413452, 0.113174, 0, 0, 0.357356
0.446, 0, 0, 0, 0.0727336, 1.26386, 0, 0.59591, 0.125874, 0, 0.413341, 0.113166, 0, 0, 0.357298
0.447, 0, 0, 0, 0.0733373, 1.26302, 0, 0.595738, 0.125814, 0, 0.413183, 0.113121, 0, 0, 0.357162
0.448, 0, 0, 0, 0.0729465, 1.26393, 0, 0.596191, 0.12587, 0, 0.413473, 0.113182, 0, 0, 0.357366
0.449, 0, 0, 0, 0.0725378, 1.26361, 0, 0.596805, 0.125462, 0, 0.413124, 0.113129, 0, 0, 0.357147
0.45, 0, 0, 0, 0.0734983, 1.26308, 0, 0.597063, 0.125442, 0, 0.41326, 0.113138, 0, 0, 0.357206
0.451, 0, 0, 0, 0.0729044, 1.26396, 0, 0.597296, 0.125491, 0, 0.413407, 0.113192, 0, 0, 0.357346
0.452, 0, 0, 0, 0.0732807, 1.26306, 0, 0.596867, 0.125423, 0, 0.413081, 0.113135, 0, 0, 0.357129
0.453, 0, 0, 0, 0.0729484, 1.26394, 0, 0.59735, 0.125469, 0, 0.413408, 0.113193, 0, 0, 0.357338
0.454, 0, 0, 0, 0.0725456, 1.26364, 0, 0.595843, 0.125761, 0, 0.41307, 0.113143, 0, 0, 0.35713
0.455, 0, 0, 0, 0.0734891, 1.2631, 0, 0.596037, 0.125763, 0, 0.413199, 0.113149, 0, 0, 0.357184
0.456, 0, 0, 0, 0.0736471, 1.26343, 0, 0.596279, 0.125822, 0, 0.413352, 0.113204, 0, 0, 0.357328
0.457, 0, 0, 0, 0.0727198, 1.26393, 0, 0.596105, 0.125813, 0, 0.413202, 0.113195, 0, 0, 0.357253
0.458, 0, 0, 0, 0.0725846, 1.26363, 0, 0.596992, 0.125403, 0, 0.413048, 0.113149, 0, 0, 0.357116
0.459, 0, 0, 0, 0.0727514, 1.2637, 0, 0.597215, 0.125392, 0, 0.413165, 0.113164, 0, 0, 0.35718
0.46, 0, 0, 0, 0.0734389, 1.26316, 0, 0.597176, 0.125385, 0, 0.413117, 0.113166, 0, 0, 0.357166
0.461, 0, 0, 0, 0.0736318, 1.26344, 0, 0.597426, 0.12543, 0, 0.413282, 0.113214, 0, 0, 0.357301
0.462, 0, 0, 0, 0.0734749, 1.26341, 0, 0.596209, 0.125771, 0, 0.413153, 0.113209, 0, 0, 0.357239
0.463, 0, 0, 0, 0.0727719, 1.26394, 0, 0.596239, 0.125774, 0, 0.413168, 0.113209, 0, 0, 0.35724
0.464, 0, 0, 0, 0.0725869, 1.26367, 0, 0.596021, 0.125722, 0, 0.412988, 0.113167, 0, 0, 0.357101
0.465, 0, 0, 0, 0.0727408, 1.26372, 0, 0.597266, 0.125373, 0, 0.413132, 0.113163, 0, 0, 0.357156
0.466, 0, 0, 0, 0.0726976, 1.26375, 0, 0.597266, 0.125361, 0, 0.41312, 0.113159, 0, 0, 0.357149
0.467, 0, 0, 0, 0.0726918, 1.26374, 0, 0.597267, 0.12535, 0, 0.4131, 0.113159, 0, 0, 0.357138
0.468, 0, 0, 0, 0.0734476, 1.26319, 0, 0.596227, 0.125693, 0, 0.413095, 0.113162, 0, 0, 0.357139
0.469, 0, 0, 0, 0.0736344, 1.26348, 0, 0.59646, 0.125754, 0, 0.413258, 0.11321, 0, 0, 0.357277
0.47, 0, 0, 0, 0.0734691, 1.26343, 0, 0.597355, 0.1254, 0, 0.413126, 0.113202, 0, 0, 0.357213
0.471, 0, 0, 0, 0.0727711, 1.26398, 0, 0.597431, 0.125382, 0, 0.413144, 0.113203, 0, 0, 0.357217
0.472, 0, 0, 0, 0.0725823, 1.26371, 0, 0.596147, 0.125673, 0, 0.412958, 0.113161, 0, 0, 0.357075
0.473, 0, 0, 0, 0.0727395, 1.26375, 0, 0.596302, 0.125685, 0, 0.413065, 0.11317, 0, 0, 0.35713
0.474, 0, 0, 0, 0.0734402, 1.26322, 0, 0.597334, 0.125338, 0, 0.413031, 0.113173, 0, 0, 0.357124
0.475, 0, 0, 0, 0.0736274, 1.2635, 0, 0.597603, 0.125375, 0, 0.413192, 0.113221, 0, 0, 0.357258
0.476, 0, 0, 0, 0.0727229, 1.26402, 0, 0.596387, 0.125714, 0, 0.413061, 0.113215, 0, 0, 0.357196
0.477, 0, 0, 0, 0.0725753, 1.2637, 0, 0.596169, 0.125664, 0, 0.412901, 0.113166, 0, 0, 0.357054
0.478, 0, 0, 0, 0.0727438, 1.26377, 0, 0.597426, 0.12532, 0, 0.413024, 0.113178, 0, 0, 0.357121
0.479, 0, 0, 0, 0.0734322, 1.26324, 0, 0.597407, 0.125308, 0, 0.412979, 0.113182, 0, 0, 0.357109
0.48, 0, 0, 0, 0.0736209, 1.26352, 0, 0.597654, 0.125352, 0, 0.413142, 0.113228, 0, 0, 0.357243
0.481, 0, 0, 0, 0.07272, 1.26403, 0, 0.596436, 0.125694, 0, 0.413015, 0.113222, 0, 0, 0.357182
0.482, 0, 0, 0, 0.0725719, 1.26372, 0, 0.596218, 0.125645, 0, 0.412853, 0.113174, 0, 0, 0.357041
0.483, 0, 0, 0, 0.0727426, 1.26379, 0, 0.596419, 0.125651, 0, 0.412976, 0.113187, 0, 0, 0.357107
0.484, 0, 0, 0, 0.0734298, 1.26325, 0, 0.597441, 0.125302, 0, 0.412932, 0.113188, 0, 0, 0.357096
0.485, 0, 0, 0, 0.0736218, 1.26353, 0, 0.597714, 0.125338, 0, 0.413098, 0.113236, 0, 0, 0.357231
0.486, 0, 0, 0, 0.0727166, 1.26405, 0, 0.597553, 0.125329, 0, 0.41297, 0.113229, 0, 0, 0.35717
0.487, 0, 0, 0, 0.072572, 1.26374, 0, 0.597352, 0.125267, 0, 0.41281, 0.113182, 0, 0, 0.35703
0.488, 0, 0, 0, 0.0734884, 1.26326, 0, 0.596484, 0.125618, 0, 0.41293, 0.113195, 0, 0, 0.357094
0.489, 0, 0, 0, 0.0728787, 1.26411, 0, 0.596666, 0.125684, 0, 0.413065, 0.113243, 0, 0, 0.357225
0.49, 0, 0, 0, 0.0725253, 1.26376, 0, 0.596252, 0.125625, 0, 0.412754, 0.113187, 0, 0, 0.357014
0.491, 0, 0, 0, 0.0734885, 1.26324, 0, 0.596496, 0.125623, 0, 0.412904, 0.113196, 0, 0, 0.357083
0.492, 0, 0, 0, 0.0728825, 1.26412, 0, 0.597776, 0.12533, 0, 0.413138, 0.113219, 0, 0, 0.357222
0.493, 0, 0, 0, 0.0732611, 1.26322, 0, 0.597371, 0.125255, 0, 0.412822, 0.113161, 0, 0, 0.357008
0.494, 0, 0, 0, 0.0729259, 1.2641, 0, 0.597853, 0.125303, 0, 0.413152, 0.113218, 0, 0, 0.357218
0.495, 0, 0, 0, 0.0725229, 1.2638, 0, 0.597397, 0.125247, 0, 0.41282, 0.113167, 0, 0, 0.357011
0.496, 0, 0, 0, 0.0734699, 1.26326, 0, 0.597602, 0.12524, 0, 0.412955, 0.113173, 0, 0, 0.357068
0.497, 0, 0, 0, 0.0736284, 1.26359, 0, 0.596769, 0.125647, 0, 0.413111, 0.113227, 0, 0, 0.357212
0.498, 0, 0, 0, 0.0727019, 1.26407, 0, 0.596558, 0.125651, 0, 0.412968, 0.113217, 0, 0, 0.357138
0.499, 0, 0, 0, 0.0725703, 1.26377, 0, 0.596378, 0.125596, 0, 0.412822, 0.11317, 0, 0, 0.357004
0.5, 0, 0, 0, 0.0727348, 1.26384, 0, 0.596578, 0.125603, 0, 0.412943, 0.113184, 0, 0, 0.35707
0.501, 0, 0, 0, 0.0726786, 1.26386, 0, 0.596544, 0.125604, 0, 0.412901, 0.113187, 0, 0, 0.357057
0.502, 0, 0, 0, 0.0734245, 1.26329, 0, 0.597615, 0.125249, 0, 0.412893, 0.113186, 0, 0, 0.357051
0.503, 0, 0, 0, 0.0736241, 1.26359, 0, 0.5979, 0.125289, 0, 0.413072, 0.113236, 0, 0, 0.357196
0.504, 0, 0, 0, 0.073453, 1.26354, 0, 0.597725, 0.125278, 0, 0.412939, 0.113228, 0, 0, 0.35713
0.505, 0, 0, 0, 0.0727606, 1.26409, 0, 0.597778, 0.125278, 0, 0.41333, 0.113147, 0, 0, 0.357138
0.506, 0, 0, 0, 0.072569, 1.2638, 0, 0.597533, 0.125217, 0, 0.413165, 0.113092, 0, 0, 0.356993
0.507, 0, 0, 0, 0.0727347, 1.26385, 0, 0.597709, 0.125216, 0, 0.413286, 0.113101, 0, 0, 0.357053
0.508, 0, 0, 0, 0.0726864, 1.26388, 0, 0.596608, 0.125567, 0, 0.413248, 0.113105, 0, 0, 0.357045
0.509, 0, 0, 0, 0.0726785, 1.26385, 0, 0.59658, 0.125572, 0, 0.413233, 0.113103, 0, 0, 0.357036
0.51, 0, 0, 0, 0.0734319, 1.26331, 0, 0.596599, 0.125574, 0, 0.413234, 0.113105, 0, 0, 0.35704
0.511, 0, 0, 0, 0.0736148, 1.2636, 0, 0.596852, 0.125627, 0, 0.413399, 0.113154, 0, 0, 0.357179
0.512, 0, 0, 0, 0.0734481, 1.26356, 0, 0.596692, 0.125622, 0, 0.413266, 0.113147, 0, 0, 0.357116
0.513, 0, 0, 0, 0.0727483, 1.26409, 0, 0.597807, 0.125268, 0, 0.413286, 0.113146, 0, 0, 0.35712
0.514, 0, 0, 0, 0.0725621, 1.26382, 0, 0.597603, 0.125203, 0, 0.413106, 0.113104, 0, 0, 0.356982
0.515, 0, 0, 0, 0.0727184, 1.26387, 0, 0.597778, 0.125201, 0, 0.413213, 0.113114, 0, 0, 0.357038
0.516, 0, 0, 0, 0.072676, 1.26389, 0, 0.597742, 0.125201, 0, 0.413178, 0.113118, 0, 0, 0.357031
0.517, 0, 0, 0, 0.0734197, 1.26332, 0, 0.597733, 0.125195, 0, 0.413164, 0.113118, 0, 0, 0.357024
0.518, 0, 0, 0, 0.0736202, 1.26362, 0, 0.597984, 0.125247, 0, 0.41334, 0.113168, 0, 0, 0.357169
0.519, 0, 0, 0, 0.0727094, 1.26413, 0, 0.596746, 0.125592, 0, 0.413206, 0.113162, 0, 0, 0.357105
0.52, 0, 0, 0, 0.0725666, 1.26381, 0, 0.596525, 0.125545, 0, 0.413049, 0.113114, 0, 0, 0.356965
0.521, 0, 0, 0, 0.072751, 1.26385, 0, 0.596709, 0.125543, 0, 0.413171, 0.113127, 0, 0, 0.357026
0.522, 0, 0, 0, 0.0734465, 1.26332, 0, 0.596679, 0.125543, 0, 0.41314, 0.113131, 0, 0, 0.357021
0.523, 0, 0, 0, 0.0736293, 1.26361, 0, 0.596931, 0.125598, 0, 0.413301, 0.113178, 0, 0, 0.357157
0.524, 0, 0, 0, 0.0727219, 1.26412, 0, 0.59783, 0.125244, 0, 0.413172, 0.113171, 0, 0, 0.357094
0.525, 0, 0, 0, 0.0725813, 1.26382, 0, 0.597659, 0.125174, 0, 0.413016, 0.113125, 0, 0, 0.356957
0.526, 0, 0, 0, 0.072748, 1.26388, 0, 0.597848, 0.125174, 0, 0.413137, 0.113138, 0, 0, 0.357021
0.527, 0, 0, 0, 0.0734409, 1.26334, 0, 0.597799, 0.125173, 0, 0.413097, 0.11314, 0, 0, 0.357011
0.528, 0, 0, 0, 0.0736327, 1.26362, 0, 0.598037, 0.12522, 0, 0.413229, 0.113201, 0, 0, 0.357147
0.529, 0, 0, 0, 0.0727309, 1.26413, 0, 0.596809, 0.125566, 0, 0.413103, 0.113197, 0, 0, 0.357088
0.53, 0, 0, 0, 0.0725835, 1.26382, 0, 0.596584, 0.125519, 0, 0.412944, 0.11315, 0, 0, 0.356948
0.531, 0, 0, 0, 0.0727551, 1.26388, 0, 0.596779, 0.125527, 0, 0.41307, 0.113163, 0, 0, 0.357015
0.532, 0, 0, 0, 0.0727, 1.2639, 0, 0.596741, 0.12553, 0, 0.413029, 0.113166, 0, 0, 0.357005
0.533, 0, 0, 0, 0.0734439, 1.26333, 0, 0.597804, 0.125176, 0, 0.41302, 0.113165, 0, 0, 0.356998
0.534, 0, 0, 0, 0.0736447, 1.26363, 0, 0.598087, 0.125217, 0, 0.413199, 0.113215, 0, 0, 0.357144
0.535, 0, 0, 0, 0.0734742, 1.26358, 0, 0.597908, 0.125207, 0, 0.413067, 0.113207, 0, 0, 0.357078
0.536, 0, 0, 0, 0.0727787, 1.26411, 0, 0.59795, 0.1252, 0, 0.413092, 0.113208, 0, 0, 0.357083
0.537, 0, 0, 0, 0.0725922, 1.26384, 0, 0.597711, 0.125146, 0, 0.412915, 0.113164, 0, 0, 0.356945
0.538, 0, 0, 0, 0.0727519, 1.26389, 0, 0.59682, 0.125497, 0, 0.413028, 0.113175, 0, 0, 0.357002
0.539, 0, 0, 0, 0.0727071, 1.2639, 0, 0.596762, 0.125512, 0, 0.412996, 0.113178, 0, 0, 0.356994
0.54, 0, 0, 0, 0.0727067, 1.26389, 0, 0.596762, 0.125512, 0, 0.412987, 0.113178, 0, 0, 0.356989
0.541, 0, 0, 0, 0.0734585, 1.26334, 0, 0.59678, 0.125512, 0, 0.412988, 0.11318, 0, 0, 0.356991
0.542, 0, 0, 0, 0.0736459, 1.26363, 0, 0.598091, 0.125215, 0, 0.413159, 0.113228, 0, 0, 0.357131
0.543, 0, 0, 0, 0.0727367, 1.26414, 0, 0.597941, 0.125198, 0, 0.413033, 0.113221, 0, 0, 0.357069
0.544, 0, 0, 0, 0.0725919, 1.26383, 0, 0.597739, 0.125135, 0, 0.412879, 0.113174, 0, 0, 0.35693
0.545, 0, 0, 0, 0.0735073, 1.26334, 0, 0.597924, 0.125137, 0, 0.413005, 0.113186, 0, 0, 0.356996
0.546, 0, 0, 0, 0.0728992, 1.2642, 0, 0.597059, 0.125542, 0, 0.413145, 0.113236, 0, 0, 0.357128
0.547, 0, 0, 0, 0.0725431, 1.26385, 0, 0.596613, 0.125492, 0, 0.412835, 0.113179, 0, 0, 0.356917
0.548, 0, 0, 0, 0.0735118, 1.26333, 0, 0.596849, 0.125495, 0, 0.412991, 0.113189, 0, 0, 0.356988
0.549, 0, 0, 0, 0.0729074, 1.2642, 0, 0.598123, 0.125206, 0, 0.413141, 0.11324, 0, 0, 0.357129
0.55, 0, 0, 0, 0.0732882, 1.2633, 0, 0.597711, 0.125132, 0, 0.412777, 0.113219, 0, 0, 0.356915
0.551, 0, 0, 0, 0.072956, 1.26417, 0, 0.598187, 0.125181, 0, 0.413114, 0.113276, 0, 0, 0.357126
0.552, 0, 0, 0, 0.0725563, 1.26387, 0, 0.596672, 0.125478, 0, 0.412787, 0.113225, 0, 0, 0.356921
0.553, 0, 0, 0, 0.0727585, 1.26388, 0, 0.596856, 0.125484, 0, 0.412924, 0.113231, 0, 0, 0.356977
0.554, 0, 0, 0, 0.0734728, 1.26336, 0, 0.596842, 0.125492, 0, 0.412911, 0.113236, 0, 0, 0.356981
0.555, 0, 0, 0, 0.0736485, 1.26363, 0, 0.598133, 0.125195, 0, 0.413093, 0.113275, 0, 0, 0.357114
0.556, 0, 0, 0, 0.072751, 1.26415, 0, 0.597993, 0.125179, 0, 0.412978, 0.113267, 0, 0, 0.357055
0.557, 0, 0, 0, 0.0726178, 1.2638, 0, 0.597775, 0.125104, 0, 0.412823, 0.113217, 0, 0, 0.356908
0.558, 0, 0, 0, 0.0727993, 1.2639, 0, 0.597976, 0.125114, 0, 0.412963, 0.113232, 0, 0, 0.356985
0.559, 0, 0, 0, 0.0734866, 1.26335, 0, 0.596848, 0.125461, 0, 0.412912, 0.113233, 0, 0, 0.356965
0.56, 0, 0, 0, 0.0736865, 1.26362, 0, 0.597078, 0.125522, 0, 0.413093, 0.113277, 0, 0, 0.357104
0.561, 0, 0, 0, 0.0727823, 1.26413, 0, 0.596913, 0.125522, 0, 0.412977, 0.113269, 0, 0, 0.357046
0.562, 0, 0, 0, 0.0726316, 1.26382, 0, 0.59777, 0.125115, 0, 0.412835, 0.113215, 0, 0, 0.356907
0.563, 0, 0, 0, 0.072801, 1.26389, 0, 0.597981, 0.125108, 0, 0.412966, 0.113227, 0, 0, 0.356974
0.564, 0, 0, 0, 0.0727458, 1.2639, 0, 0.597927, 0.125104, 0, 0.412929, 0.113227, 0, 0, 0.356962
0.565, 0, 0, 0, 0.0734953, 1.26334, 0, 0.596869, 0.125451, 0, 0.412927, 0.113226, 0, 0, 0.356959
0.566, 0, 0, 0, 0.0736881, 1.26363, 0, 0.597098, 0.125515, 0, 0.413108, 0.113272, 0, 0, 0.357101
0.567, 0, 0, 0, 0.0727763, 1.26413, 0, 0.597982, 0.125165, 0, 0.412987, 0.113262, 0, 0, 0.35704
0.568, 0, 0, 0, 0.072632, 1.26383, 0, 0.597801, 0.125096, 0, 0.412839, 0.113213, 0, 0, 0.356903
0.569, 0, 0, 0, 0.0728058, 1.26389, 0, 0.596924, 0.125441, 0, 0.412968, 0.113222, 0, 0, 0.356966
0.57, 0, 0, 0, 0.0734974, 1.26336, 0, 0.596862, 0.125459, 0, 0.412935, 0.113223, 0, 0, 0.356958
0.571, 0, 0, 0, 0.0736851, 1.26363, 0, 0.59816, 0.125164, 0, 0.413107, 0.113267, 0, 0, 0.357094
0.572, 0, 0, 0, 0.072785, 1.26415, 0, 0.598018, 0.125151, 0, 0.41299, 0.11326, 0, 0, 0.357037
0.573, 0, 0, 0, 0.0726371, 1.26384, 0, 0.597811, 0.12509, 0, 0.412837, 0.11321, 0, 0, 0.356897
0.574, 0, 0, 0, 0.0728095, 1.2639, 0, 0.596939, 0.125444, 0, 0.412968, 0.113222, 0, 0, 0.356964
0.575, 0, 0, 0, 0.0727539, 1.26392, 0, 0.59687, 0.125459, 0, 0.412934, 0.113221, 0, 0, 0.356953
0.576, 0, 0, 0, 0.0735011, 1.26335, 0, 0.596871, 0.125459, 0, 0.412932, 0.113219, 0, 0, 0.356949
0.577, 0, 0, 0, 0.0736968, 1.26364, 0, 0.598189, 0.125165, 0, 0.413117, 0.113265, 0, 0, 0.357095
0.578, 0, 0, 0, 0.0727834, 1.26415, 0, 0.598034, 0.125151, 0, 0.412993, 0.113257, 0, 0, 0.357033
0.579, 0, 0, 0, 0.0726377, 1.26384, 0, 0.59783, 0.125089, 0, 0.412842, 0.113207, 0, 0, 0.356893
0.58, 0, 0, 0, 0.073554, 1.26336, 0, 0.596959, 0.125442, 0, 0.412974, 0.113218, 0, 0, 0.356961
0.581, 0, 0, 0, 0.0729424, 1.26421, 0, 0.597135, 0.125511, 0, 0.413117, 0.113265, 0, 0, 0.357093
0.582, 0, 0, 0, 0.0725863, 1.26386, 0, 0.597769, 0.125106, 0, 0.412815, 0.113205, 0, 0, 0.356884
0.583, 0, 0, 0, 0.0735526, 1.26334, 0, 0.59802, 0.125094, 0, 0.412974, 0.113214, 0, 0, 0.356956
0.584, 0, 0, 0, 0.0729507, 1.26423, 0, 0.597173, 0.125501, 0, 0.413125, 0.113265, 0, 0, 0.357096
0.585, 0, 0, 0, 0.0725815, 1.26386, 0, 0.59777, 0.125102, 0, 0.412813, 0.113204, 0, 0, 0.35688
0.586, 0, 0, 0, 0.0735557, 1.26335, 0, 0.596969, 0.125442, 0, 0.412977, 0.113213, 0, 0, 0.356954
0.587, 0, 0, 0, 0.0729463, 1.26422, 0, 0.598214, 0.125162, 0, 0.413128, 0.113261, 0, 0, 0.357093
0.588, 0, 0, 0, 0.0733291, 1.26332, 0, 0.596743, 0.125442, 0, 0.412818, 0.113203, 0, 0, 0.356881
0.589, 0, 0, 0, 0.0729926, 1.26419, 0, 0.598257, 0.125156, 0, 0.413155, 0.113256, 0, 0, 0.357093
0.59, 0, 0, 0, 0.0725945, 1.2639, 0, 0.596767, 0.125446, 0, 0.412833, 0.113205, 0, 0, 0.35689
0.591, 0, 0, 0, 0.0727899, 1.2639, 0, 0.598007, 0.125103, 0, 0.412971, 0.113208, 0, 0, 0.356945
0.592, 0, 0, 0, 0.073506, 1.26339, 0, 0.598008, 0.1251, 0, 0.41296, 0.113212, 0, 0, 0.356952
0.593, 0, 0, 0, 0.073681, 1.26366, 0, 0.597175, 0.125497, 0, 0.413122, 0.113257, 0, 0, 0.357083
0.594, 0, 0, 0, 0.0727807, 1.26417, 0, 0.596992, 0.125505, 0, 0.413007, 0.113247, 0, 0, 0.357023
0.595, 0, 0, 0, 0.0726354, 1.26386, 0, 0.597849, 0.125102, 0, 0.41286, 0.113197, 0, 0, 0.356888
0.596, 0, 0, 0, 0.0728026, 1.26393, 0, 0.598057, 0.125098, 0, 0.41299, 0.113209, 0, 0, 0.356955
0.597, 0, 0, 0, 0.0734923, 1.26339, 0, 0.596951, 0.125446, 0, 0.412954, 0.113209, 0, 0, 0.356944
0.598, 0, 0, 0, 0.0736816, 1.26366, 0, 0.598229, 0.125158, 0, 0.41313, 0.113252, 0, 0, 0.35708
0.599, 0, 0, 0, 0.0727825, 1.26418, 0, 0.597027, 0.125497, 0, 0.413015, 0.113246, 0, 0, 0.357024
0.6, 0, 0, 0, 0.0726293, 1.26386, 0, 0.597857, 0.125099, 0, 0.412862, 0.113194, 0, 0, 0.356883
0.601, 0, 0, 0, 0.0728047, 1.26394, 0, 0.597012, 0.125446, 0, 0.412995, 0.113207, 0, 0, 0.356953
0.602, 0, 0, 0, 0.0727429, 1.26394, 0, 0.597999, 0.125109, 0, 0.412958, 0.113205, 0, 0, 0.356941
0.603, 0, 0, 0, 0.0734923, 1.26338, 0, 0.598016, 0.125097, 0, 0.412958, 0.113204, 0, 0, 0.356938
0.604, 0, 0, 0, 0.073688, 1.26367, 0, 0.597211, 0.125497, 0, 0.414065, 0.112937, 0, 0, 0.357083
0.605, 0, 0, 0, 0.0727744, 1.26418, 0, 0.597012, 0.125506, 0, 0.413922, 0.112927, 0, 0, 0.357019
0.606, 0, 0, 0, 0.0726299, 1.26387, 0, 0.597869, 0.125102, 0, 0.413758, 0.112876, 0, 0, 0.356882
0.607, 0, 0, 0, 0.0728003, 1.26394, 0, 0.598081, 0.125098, 0, 0.413872, 0.112887, 0, 0, 0.356951
0.608, 0, 0, 0, 0.0734886, 1.2634, 0, 0.596972, 0.125446, 0, 0.413816, 0.112888, 0, 0, 0.356939
0.609, 0, 0, 0, 0.0736808, 1.26367, 0, 0.597197, 0.125507, 0, 0.413973, 0.112933, 0, 0, 0.357076
0.61, 0, 0, 0, 0.0727773, 1.26418, 0, 0.59809, 0.125159, 0, 0.413839, 0.112925, 0, 0, 0.357019
0.611, 0, 0, 0, 0.0726299, 1.26388, 0, 0.597906, 0.125091, 0, 0.413667, 0.112879, 0, 0, 0.356881
0.612, 0, 0, 0, 0.0727965, 1.26394, 0, 0.59809, 0.125093, 0, 0.413775, 0.112891, 0, 0, 0.356947
0.613, 0, 0, 0, 0.0734894, 1.26341, 0, 0.596982, 0.125444, 0, 0.413721, 0.112895, 0, 0, 0.356938
0.614, 0, 0, 0, 0.0729436, 1.26421, 0, 0.597202, 0.125507, 0, 0.413874, 0.112943, 0, 0, 0.357074
0.615, 0, 0, 0, 0.0733446, 1.26334, 0, 0.596801, 0.125455, 0, 0.413565, 0.112891, 0, 0, 0.356878
0.616, 0, 0, 0, 0.0729901, 1.26421, 0, 0.59832, 0.125161, 0, 0.413869, 0.112948, 0, 0, 0.357085
0.617, 0, 0, 0, 0.0725909, 1.26391, 0, 0.59789, 0.125098, 0, 0.413593, 0.112881, 0, 0, 0.356881
0.618, 0, 0, 0, 0.0735352, 1.26337, 0, 0.598092, 0.12509, 0, 0.413718, 0.112885, 0, 0, 0.356937
0.619, 0, 0, 0, 0.0729473, 1.26425, 0, 0.598311, 0.125149, 0, 0.413862, 0.11294, 0, 0, 0.357084
0.62, 0, 0, 0, 0.073323, 1.26334, 0, 0.596808, 0.125437, 0, 0.413525, 0.112886, 0, 0, 0.356869
0.621, 0, 0, 0, 0.0729909, 1.26421, 0, 0.597262, 0.125503, 0, 0.413842, 0.112945, 0, 0, 0.357082
0.622, 0, 0, 0, 0.0725897, 1.26391, 0, 0.59681, 0.125456, 0, 0.413498, 0.112897, 0, 0, 0.356878
0.623, 0, 0, 0, 0.0727883, 1.26392, 0, 0.598075, 0.125104, 0, 0.413618, 0.112905, 0, 0, 0.356936
0.624, 0, 0, 0, 0.0735014, 1.26341, 0, 0.598078, 0.125099, 0, 0.413584, 0.112915, 0, 0, 0.35694
0.625, 0, 0, 0, 0.0736764, 1.26368, 0, 0.598302, 0.125146, 0, 0.413727, 0.112963, 0, 0, 0.357072
0.626, 0, 0, 0, 0.0727791, 1.26419, 0, 0.597077, 0.125491, 0, 0.413593, 0.11296, 0, 0, 0.357013
0.627, 0, 0, 0, 0.0726318, 1.26388, 0, 0.596851, 0.125445, 0, 0.413423, 0.112915, 0, 0, 0.356875
0.628, 0, 0, 0, 0.072802, 1.26395, 0, 0.597043, 0.125454, 0, 0.413537, 0.112931, 0, 0, 0.356943
0.629, 0, 0, 0, 0.0734895, 1.2634, 0, 0.598056, 0.125109, 0, 0.413484, 0.112936, 0, 0, 0.356934
0.63, 0, 0, 0, 0.0736818, 1.26368, 0, 0.598322, 0.125148, 0, 0.413642, 0.112986, 0, 0, 0.357072
0.631, 0, 0, 0, 0.0727761, 1.26419, 0, 0.598151, 0.125142, 0, 0.413506, 0.112983, 0, 0, 0.357012
0.632, 0, 0, 0, 0.0726307, 1.26388, 0, 0.597941, 0.125082, 0, 0.413339, 0.112938, 0, 0, 0.356874
0.633, 0, 0, 0, 0.0728007, 1.26395, 0, 0.597067, 0.125438, 0, 0.413452, 0.112955, 0, 0, 0.356941
0.634, 0, 0, 0, 0.0734885, 1.26341, 0, 0.596994, 0.125451, 0, 0.413401, 0.112959, 0, 0, 0.35693
0.635, 0, 0, 0, 0.0729366, 1.26424, 0, 0.597241, 0.125507, 0, 0.413563, 0.113009, 0, 0, 0.357069
0.636, 0, 0, 0, 0.0733289, 1.26335, 0, 0.597888, 0.125102, 0, 0.413252, 0.112957, 0, 0, 0.356868
0.637, 0, 0, 0, 0.0729853, 1.26423, 0, 0.598375, 0.125144, 0, 0.413566, 0.113017, 0, 0, 0.357078
0.638, 0, 0, 0, 0.0725834, 1.26392, 0, 0.597917, 0.125089, 0, 0.413226, 0.112968, 0, 0, 0.356872
0.639, 0, 0, 0, 0.0735337, 1.26338, 0, 0.597061, 0.125433, 0, 0.413354, 0.112978, 0, 0, 0.35693
0.64, 0, 0, 0, 0.0729442, 1.26426, 0, 0.597264, 0.125505, 0, 0.413503, 0.113033, 0, 0, 0.357075
0.641, 0, 0, 0, 0.0725747, 1.2639, 0, 0.597882, 0.125099, 0, 0.413178, 0.112977, 0, 0, 0.356862
0.642, 0, 0, 0, 0.0735434, 1.26339, 0, 0.598134, 0.125088, 0, 0.413326, 0.11299, 0, 0, 0.356934
0.643, 0, 0, 0, 0.0736866, 1.26371, 0, 0.597286, 0.125494, 0, 0.413465, 0.113045, 0, 0, 0.357074
0.644, 0, 0, 0, 0.0727631, 1.26419, 0, 0.598129, 0.125148, 0, 0.413319, 0.113035, 0, 0, 0.357002
0.645, 0, 0, 0, 0.0726356, 1.2639, 0, 0.596903, 0.125432, 0, 0.413169, 0.112993, 0, 0, 0.356872
0.646, 0, 0, 0, 0.0727959, 1.26395, 0, 0.597066, 0.125448, 0, 0.413283, 0.113007, 0, 0, 0.356936
0.647, 0, 0, 0, 0.072742, 1.26397, 0, 0.598079, 0.125105, 0, 0.413241, 0.11301, 0, 0, 0.356928
0.648, 0, 0, 0, 0.0734868, 1.26341, 0, 0.598096, 0.12509, 0, 0.413227, 0.113012, 0, 0, 0.356923
0.649, 0, 0, 0, 0.0736836, 1.2637, 0, 0.598348, 0.12514, 0, 0.413399, 0.113063, 0, 0, 0.357067
0.65, 0, 0, 0, 0.0735172, 1.26365, 0, 0.597108, 0.125484, 0, 0.413265, 0.113058, 0, 0, 0.357005
0.651, 0, 0, 0, 0.0728183, 1.26418, 0, 0.597129, 0.125492, 0, 0.413284, 0.113059, 0, 0, 0.357009
0.652, 0, 0, 0, 0.0726316, 1.26391, 0, 0.597954, 0.125095, 0, 0.413107, 0.113016, 0, 0, 0.356874
0.653, 0, 0, 0, 0.0727888, 1.26396, 0, 0.598145, 0.125088, 0, 0.413216, 0.113028, 0, 0, 0.356932
0.654, 0, 0, 0, 0.0727443, 1.26397, 0, 0.597045, 0.125434, 0, 0.413179, 0.113033, 0, 0, 0.356924
0.655, 0, 0, 0, 0.0727446, 1.26396, 0, 0.597023, 0.125445, 0, 0.413167, 0.113034, 0, 0, 0.35692
0.656, 0, 0, 0, 0.0734945, 1.26341, 0, 0.598088, 0.125099, 0, 0.413164, 0.113036, 0, 0, 0.356922
0.657, 0, 0, 0, 0.0736849, 1.2637, 0, 0.598353, 0.125141, 0, 0.413334, 0.113087, 0, 0, 0.357065
0.658, 0, 0, 0, 0.0727727, 1.2642, 0, 0.598174, 0.125134, 0, 0.413202, 0.11308, 0, 0, 0.357002
0.659, 0, 0, 0, 0.0726323, 1.2639, 0, 0.596911, 0.125424, 0, 0.413047, 0.113034, 0, 0, 0.356864
0.66, 0, 0, 0, 0.0735446, 1.2634, 0, 0.597076, 0.125441, 0, 0.41317, 0.113046, 0, 0, 0.356931
0.661, 0, 0, 0, 0.0729368, 1.26426, 0, 0.597276, 0.125502, 0, 0.413309, 0.113097, 0, 0, 0.357065
0.662, 0, 0, 0, 0.0733216, 1.26336, 0, 0.597912, 0.125094, 0, 0.412999, 0.11304, 0, 0, 0.356856
0.663, 0, 0, 0, 0.072987, 1.26424, 0, 0.598408, 0.125137, 0, 0.41333, 0.113098, 0, 0, 0.35707
0.664, 0, 0, 0, 0.0725819, 1.26393, 0, 0.597948, 0.125082, 0, 0.412997, 0.113047, 0, 0, 0.356864
0.665, 0, 0, 0, 0.0727848, 1.26394, 0, 0.598146, 0.125077, 0, 0.413133, 0.113054, 0, 0, 0.356921
0.666, 0, 0, 0, 0.0734982, 1.26343, 0, 0.597062, 0.125432, 0, 0.413113, 0.113061, 0, 0, 0.356925
0.667, 0, 0, 0, 0.0736739, 1.2637, 0, 0.597265, 0.125494, 0, 0.413271, 0.113106, 0, 0, 0.357057
0.668, 0, 0, 0, 0.0727757, 1.26421, 0, 0.597105, 0.125496, 0, 0.413154, 0.1131, 0, 0, 0.357001
0.669, 0, 0, 0, 0.0726263, 1.2639, 0, 0.597961, 0.12509, 0, 0.412998, 0.113052, 0, 0, 0.356863
0.67, 0, 0, 0, 0.0727955, 1.26397, 0, 0.598171, 0.125085, 0, 0.413124, 0.113065, 0, 0, 0.35693
0.671, 0, 0, 0, 0.0734837, 1.26343, 0, 0.598118, 0.125083, 0, 0.413084, 0.113067, 0, 0, 0.35692
0.672, 0, 0, 0, 0.0736776, 1.2637, 0, 0.597299, 0.125482, 0, 0.413255, 0.113114, 0, 0, 0.357057
0.673, 0, 0, 0, 0.0727729, 1.26421, 0, 0.597109, 0.125491, 0, 0.413134, 0.113107, 0, 0, 0.356998
0.674, 0, 0, 0, 0.0726278, 1.2639, 0, 0.596909, 0.125437, 0, 0.412981, 0.11306, 0, 0, 0.356862
0.675, 0, 0, 0, 0.0727937, 1.26396, 0, 0.598157, 0.125095, 0, 0.413107, 0.113071, 0, 0, 0.356929
0.676, 0, 0, 0, 0.0727398, 1.26399, 0, 0.598132, 0.125087, 0, 0.41307, 0.113074, 0, 0, 0.35692
0.677, 0, 0, 0, 0.0734825, 1.26341, 0, 0.598123, 0.125079, 0, 0.413061, 0.113073, 0, 0, 0.356913
0.678, 0, 0, 0, 0.0736842, 1.26371, 0, 0.598374, 0.125132, 0, 0.413244, 0.113122, 0, 0, 0.35706
0.679, 0, 0, 0, 0.0735155, 1.26366, 0, 0.59713, 0.125477, 0, 0.413114, 0.113114, 0, 0, 0.356997
0.68, 0, 0, 0, 0.0728172, 1.26419, 0, 0.597151, 0.125485, 0, 0.41314, 0.113113, 0, 0, 0.357001
0.681, 0, 0, 0, 0.0726319, 1.26392, 0, 0.59692, 0.125438, 0, 0.412969, 0.113069, 0, 0, 0.356866
0.682, 0, 0, 0, 0.0727861, 1.26396, 0, 0.598151, 0.125093, 0, 0.413084, 0.113077, 0, 0, 0.356924
0.683, 0, 0, 0, 0.0727428, 1.26399, 0, 0.598136, 0.125085, 0, 0.413056, 0.113081, 0, 0, 0.356919
0.684, 0, 0, 0, 0.0727376, 1.26397, 0, 0.598126, 0.125079, 0, 0.413046, 0.11308, 0, 0, 0.356912
0.685, 0, 0, 0, 0.073493, 1.26342, 0, 0.597073, 0.125426, 0, 0.41305, 0.113081, 0, 0, 0.356915
0.686, 0, 0, 0, 0.0736808, 1.26371, 0, 0.597295, 0.125491, 0, 0.413223, 0.113128, 0, 0, 0.357056
0.687, 0, 0, 0, 0.0727703, 1.26421, 0, 0.598178, 0.125142, 0, 0.4131, 0.11312, 0, 0, 0.356995
0.688, 0, 0, 0, 0.0726274, 1.26391, 0, 0.597996, 0.125074, 0, 0.41295, 0.113072, 0, 0, 0.356859
0.689, 0, 0, 0, 0.0735405, 1.26342, 0, 0.597123, 0.125425, 0, 0.413076, 0.113084, 0, 0, 0.356925
0.69, 0, 0, 0, 0.073677, 1.26372, 0, 0.5973, 0.125492, 0, 0.413218, 0.113132, 0, 0, 0.357058
0.691, 0, 0, 0, 0.0727661, 1.26421, 0, 0.598179, 0.125141, 0, 0.413092, 0.113121, 0, 0, 0.356992
0.692, 0, 0, 0, 0.0726301, 1.26391, 0, 0.598005, 0.125073, 0, 0.412948, 0.113074, 0, 0, 0.356859
0.693, 0, 0, 0, 0.0727932, 1.26397, 0, 0.598185, 0.125075, 0, 0.413072, 0.113086, 0, 0, 0.356924
0.694, 0, 0, 0, 0.0727413, 1.26399, 0, 0.597075, 0.125427, 0, 0.413036, 0.113088, 0, 0, 0.356915
0.695, 0, 0, 0, 0.0727406, 1.26397, 0, 0.597049, 0.125436, 0, 0.413031, 0.113085, 0, 0, 0.356909
0.696, 0, 0, 0, 0.0734949, 1.26342, 0, 0.597062, 0.12544, 0, 0.413038, 0.113087, 0, 0, 0.356914
0.697, 0, 0, 0, 0.073679, 1.26371, 0, 0.598365, 0.125145, 0, 0.413212, 0.113133, 0, 0, 0.357054
0.698, 0, 0, 0, 0.0735157, 1.26367, 0, 0.598213, 0.12513, 0, 0.413089, 0.113125, 0, 0, 0.356994
0.699, 0, 0, 0, 0.0728153, 1.2642, 0, 0.598253, 0.125122, 0, 0.413116, 0.113123, 0, 0, 0.356998
0.7, 0, 0, 0, 0.0726287, 1.26392, 0, 0.598011, 0.125069, 0, 0.412944, 0.113078, 0, 0, 0.356861
0.701, 0, 0, 0, 0.072788, 1.26397, 0, 0.597119, 0.125421, 0, 0.413061, 0.113088, 0, 0, 0.356919
0.702, 0, 0, 0, 0.0727423, 1.26399, 0, 0.597057, 0.125437, 0, 0.413033, 0.113089, 0, 0, 0.356913
0.703, 0, 0, 0, 0.0734862, 1.26342, 0, 0.597054, 0.125438, 0, 0.413029, 0.113087, 0, 0, 0.356909
0.704, 0, 0, 0, 0.0736818, 1.26371, 0, 0.598369, 0.125144, 0, 0.413212, 0.113134, 0, 0, 0.357054
0.705, 0, 0, 0, 0.0727693, 1.26422, 0, 0.598212, 0.125129, 0, 0.413086, 0.113126, 0, 0, 0.356993
0.706, 0, 0, 0, 0.0726248, 1.26391, 0, 0.598007, 0.125068, 0, 0.412935, 0.113078, 0, 0, 0.356854
0.707, 0, 0, 0, 0.0727959, 1.26398, 0, 0.597133, 0.125422, 0, 0.413064, 0.11309, 0, 0, 0.356921
0.708, 0, 0, 0, 0.073485, 1.26343, 0, 0.597061, 0.125435, 0, 0.413029, 0.113089, 0, 0, 0.356911
0.709, 0, 0, 0, 0.073677, 1.26371, 0, 0.598362, 0.12514, 0, 0.413206, 0.113134, 0, 0, 0.35705
0.71, 0, 0, 0, 0.0727737, 1.26422, 0, 0.598214, 0.125128, 0, 0.413088, 0.113127, 0, 0, 0.356993
0.711, 0, 0, 0, 0.0726259, 1.26392, 0, 0.59695, 0.125417, 0, 0.412934, 0.113079, 0, 0, 0.356854
0.712, 0, 0, 0, 0.0727938, 1.26397, 0, 0.597116, 0.125433, 0, 0.413063, 0.113089, 0, 0, 0.356919
0.713, 0, 0, 0, 0.0734855, 1.26343, 0, 0.598127, 0.125089, 0, 0.413033, 0.113089, 0, 0, 0.356912
0.714, 0, 0, 0, 0.0729302, 1.26427, 0, 0.598388, 0.125131, 0, 0.413206, 0.113135, 0, 0, 0.35705
0.715, 0, 0, 0, 0.0733243, 1.26338, 0, 0.59797, 0.125069, 0, 0.412908, 0.113079, 0, 0, 0.356848
0.716, 0, 0, 0, 0.0729826, 1.26425, 0, 0.597372, 0.125472, 0, 0.413236, 0.113135, 0, 0, 0.357057
0.717, 0, 0, 0, 0.0725814, 1.26394, 0, 0.596894, 0.125432, 0, 0.412912, 0.113081, 0, 0, 0.356852
0.718, 0, 0, 0, 0.0735313, 1.2634, 0, 0.597102, 0.125431, 0, 0.413055, 0.113086, 0, 0, 0.356911
0.719, 0, 0, 0, 0.0729412, 1.26428, 0, 0.598388, 0.125145, 0, 0.413218, 0.113137, 0, 0, 0.357058
0.72, 0, 0, 0, 0.0725711, 1.26393, 0, 0.59797, 0.125074, 0, 0.412903, 0.113079, 0, 0, 0.356845
0.721, 0, 0, 0, 0.0735374, 1.26341, 0, 0.598196, 0.125068, 0, 0.413061, 0.113086, 0, 0, 0.356913
0.722, 0, 0, 0, 0.0736841, 1.26373, 0, 0.598403, 0.125127, 0, 0.413217, 0.113137, 0, 0, 0.357057
0.723, 0, 0, 0, 0.0727626, 1.26422, 0, 0.597145, 0.12547, 0, 0.41308, 0.113126, 0, 0, 0.356985
0.724, 0, 0, 0, 0.0726292, 1.26391, 0, 0.596931, 0.125424, 0, 0.412939, 0.113077, 0, 0, 0.356851
0.725, 0, 0, 0, 0.0727965, 1.26398, 0, 0.597119, 0.125435, 0, 0.413069, 0.113088, 0, 0, 0.35692
0.726, 0, 0, 0, 0.0727381, 1.26399, 0, 0.59813, 0.12509, 0, 0.413034, 0.113088, 0, 0, 0.35691
0.727, 0, 0, 0, 0.0734831, 1.26342, 0, 0.598146, 0.125072, 0, 0.413033, 0.113086, 0, 0, 0.356904
0.728, 0, 0, 0, 0.0736831, 1.26372, 0, 0.598401, 0.125126, 0, 0.413216, 0.113135, 0, 0, 0.357052
0.729, 0, 0, 0, 0.0727688, 1.26423, 0, 0.597156, 0.125471, 0, 0.413086, 0.113126, 0, 0, 0.356987
0.73, 0, 0, 0, 0.0726281, 1.26391, 0, 0.596933, 0.125423, 0, 0.412938, 0.113076, 0, 0, 0.356849
0.731, 0, 0, 0, 0.0735461, 1.26342, 0, 0.597126, 0.125433, 0, 0.413071, 0.113087, 0, 0, 0.356919
0.732, 0, 0, 0, 0.0729323, 1.26428, 0, 0.598382, 0.125142, 0, 0.413213, 0.113135, 0, 0, 0.357051
0.733, 0, 0, 0, 0.0725785, 1.26393, 0, 0.59798, 0.125072, 0, 0.41291, 0.113077, 0, 0, 0.356843
0.734, 0, 0, 0, 0.0735412, 1.26341, 0, 0.598204, 0.125066, 0, 0.413066, 0.113085, 0, 0, 0.356912
0.735, 0, 0, 0, 0.0736866, 1.26373, 0, 0.598408, 0.125124, 0, 0.413221, 0.113135, 0, 0, 0.357054
0.736, 0, 0, 0, 0.0727667, 1.26422, 0, 0.597151, 0.125467, 0, 0.413086, 0.113124, 0, 0, 0.356983
0.737, 0, 0, 0, 0.0726329, 1.26391, 0, 0.596937, 0.125422, 0, 0.412945, 0.113075, 0, 0, 0.356849
0.738, 0, 0, 0, 0.0728004, 1.26397, 0, 0.597124, 0.125431, 0, 0.413075, 0.113086, 0, 0, 0.356917
0.739, 0, 0, 0, 0.0727432, 1.26399, 0, 0.598136, 0.125087, 0, 0.41304, 0.113086, 0, 0, 0.356908
0.74, 0, 0, 0, 0.0734884, 1.26342, 0, 0.598153, 0.125072, 0, 0.413036, 0.113085, 0, 0, 0.356903
0.741, 0, 0, 0, 0.0736863, 1.26372, 0, 0.598405, 0.125122, 0, 0.413219, 0.113132, 0, 0, 0.357048
0.742, 0, 0, 0, 0.0727747, 1.26423, 0, 0.597164, 0.125467, 0, 0.413094, 0.113124, 0, 0, 0.356986
0.743, 0, 0, 0, 0.0726306, 1.26391, 0, 0.596939, 0.125421, 0, 0.412945, 0.113074, 0, 0, 0.356847
0.744, 0, 0, 0, 0.0728002, 1.26397, 0, 0.598185, 0.125081, 0, 0.413078, 0.113084, 0, 0, 0.356916
0.745, 0, 0, 0, 0.0734899, 1.26344, 0, 0.598155, 0.125073, 0, 0.413043, 0.113085, 0, 0, 0.356908
0.746, 0, 0, 0, 0.0736809, 1.26372, 0, 0.597337, 0.12547, 0, 0.413216, 0.113131, 0, 0, 0.357044
0.747, 0, 0, 0, 0.0727762, 1.26422, 0, 0.598204, 0.125129, 0, 0.413099, 0.113121, 0, 0, 0.356985
0.748, 0, 0, 0, 0.0726343, 1.26392, 0, 0.596962, 0.125413, 0, 0.412951, 0.113074, 0, 0, 0.356849
0.749, 0, 0, 0, 0.0727972, 1.26397, 0, 0.598182, 0.125078, 0, 0.413078, 0.113083, 0, 0, 0.356914
0.75, 0, 0, 0, 0.0727487, 1.264, 0, 0.597099, 0.125422, 0, 0.413047, 0.113085, 0, 0, 0.356907
0.751, 0, 0, 0, 0.0734877, 1.26342, 0, 0.598129, 0.125079, 0, 0.41304, 0.113081, 0, 0, 0.3569
0.752, 0, 0, 0, 0.073692, 1.26372, 0, 0.597348, 0.125473, 0, 0.413227, 0.113131, 0, 0, 0.357048
0.753, 0, 0, 0, 0.0735179, 1.26366, 0, 0.598204, 0.125129, 0, 0.4131, 0.113119, 0, 0, 0.356984
0.754, 0, 0, 0, 0.0728244, 1.2642, 0, 0.598267, 0.125116, 0, 0.413133, 0.113119, 0, 0, 0.356991
0.755, 0, 0, 0, 0.0726354, 1.26393, 0, 0.59697, 0.125412, 0, 0.412959, 0.113074, 0, 0, 0.356853
0.756, 0, 0, 0, 0.0727928, 1.26397, 0, 0.59712, 0.125426, 0, 0.413077, 0.113081, 0, 0, 0.35691
0.757, 0, 0, 0, 0.0727492, 1.26399, 0, 0.598142, 0.125083, 0, 0.413053, 0.113082, 0, 0, 0.356907
0.758, 0, 0, 0, 0.0727458, 1.26398, 0, 0.598155, 0.125071, 0, 0.413048, 0.113081, 0, 0, 0.356902
0.759, 0, 0, 0, 0.073496, 1.26343, 0, 0.598158, 0.125066, 0, 0.413051, 0.113081, 0, 0, 0.356903
0.76, 0, 0, 0, 0.073688, 1.26372, 0, 0.59734, 0.125469, 0, 0.413228, 0.113129, 0, 0, 0.357045
0.761, 0, 0, 0, 0.0727761, 1.26422, 0, 0.597141, 0.125477, 0, 0.413105, 0.113119, 0, 0, 0.356983
0.762, 0, 0, 0, 0.0726352, 1.26391, 0, 0.596943, 0.125423, 0, 0.412959, 0.11307, 0, 0, 0.356847
0.763, 0, 0, 0, 0.0735461, 1.26342, 0, 0.59819, 0.12508, 0, 0.413088, 0.113079, 0, 0, 0.356914
0.764, 0, 0, 0, 0.0729377, 1.26428, 0, 0.598409, 0.125127, 0, 0.413233, 0.113129, 0, 0, 0.357048
0.765, 0, 0, 0, 0.07258, 1.26393, 0, 0.597979, 0.125063, 0, 0.412926, 0.11307, 0, 0, 0.356837
0.766, 0, 0, 0, 0.0735471, 1.26341, 0, 0.598201, 0.125061, 0, 0.413086, 0.113078, 0, 0, 0.356909
0.767, 0, 0, 0, 0.0736923, 1.26374, 0, 0.597346, 0.12547, 0, 0.413238, 0.113129, 0, 0, 0.35705
0.768, 0, 0, 0, 0.0727708, 1.26421, 0, 0.59713, 0.125475, 0, 0.413103, 0.113116, 0, 0, 0.356978
0.769, 0, 0, 0, 0.0726419, 1.26391, 0, 0.596944, 0.125423, 0, 0.412965, 0.113069, 0, 0, 0.356847
0.77, 0, 0, 0, 0.072805, 1.26398, 0, 0.597132, 0.12543, 0, 0.413092, 0.113079, 0, 0, 0.356913
0.771, 0, 0, 0, 0.0727488, 1.26399, 0, 0.598147, 0.125084, 0, 0.413058, 0.113079, 0, 0, 0.356904
0.772, 0, 0, 0, 0.0734959, 1.26342, 0, 0.598166, 0.125069, 0, 0.413056, 0.113078, 0, 0, 0.3569
0.773, 0, 0, 0, 0.0736924, 1.26372, 0, 0.598417, 0.125119, 0, 0.413238, 0.113125, 0, 0, 0.357044
0.774, 0, 0, 0, 0.0727797, 1.26422, 0, 0.598232, 0.125115, 0, 0.413113, 0.113116, 0, 0, 0.356982
0.775, 0, 0, 0, 0.0726365, 1.26391, 0, 0.598021, 0.125056, 0, 0.412965, 0.113067, 0, 0, 0.356845
0.776, 0, 0, 0, 0.0728076, 1.26398, 0, 0.597144, 0.125411, 0, 0.413095, 0.113078, 0, 0, 0.356912
0.777, 0, 0, 0, 0.0734961, 1.26344, 0, 0.59707, 0.125425, 0, 0.41306, 0.113078, 0, 0, 0.356902
0.778, 0, 0, 0, 0.0736898, 1.26371, 0, 0.597314, 0.125481, 0, 0.413237, 0.113123, 0, 0, 0.357041
0.779, 0, 0, 0, 0.072785, 1.26422, 0, 0.597152, 0.12548, 0, 0.413119, 0.113115, 0, 0, 0.356983
0.78, 0, 0, 0, 0.0726365, 1.26391, 0, 0.59801, 0.125074, 0, 0.412968, 0.113065, 0, 0, 0.356845
0.781, 0, 0, 0, 0.0728068, 1.26398, 0, 0.59822, 0.125068, 0, 0.413099, 0.113077, 0, 0, 0.356913
0.782, 0, 0, 0, 0.0734951, 1.26344, 0, 0.598167, 0.125066, 0, 0.413063, 0.113077, 0, 0, 0.356903
0.783, 0, 0, 0, 0.0729423, 1.26427, 0, 0.598403, 0.125116, 0, 0.413238, 0.113123, 0, 0, 0.35704
0.784, 0, 0, 0, 0.0733387, 1.26338, 0, 0.597981, 0.125058, 0, 0.412943, 0.113067, 0, 0, 0.35684
0.785, 0, 0, 0, 0.0729957, 1.26425, 0, 0.597378, 0.125462, 0, 0.413271, 0.113122, 0, 0, 0.357048
0.786, 0, 0, 0, 0.0725952, 1.26394, 0, 0.596899, 0.125423, 0, 0.412947, 0.113068, 0, 0, 0.356843
0.787, 0, 0, 0, 0.0735447, 1.2634, 0, 0.597106, 0.125423, 0, 0.413091, 0.113073, 0, 0, 0.356903
0.788, 0, 0, 0, 0.072955, 1.26428, 0, 0.597335, 0.125486, 0, 0.413253, 0.113124, 0, 0, 0.35705
0.789, 0, 0, 0, 0.0725836, 1.26392, 0, 0.597957, 0.125077, 0, 0.413081, 0.113024, 0, 0, 0.356835
0.79, 0, 0, 0, 0.0735534, 1.26341, 0, 0.598212, 0.125065, 0, 0.413253, 0.113026, 0, 0, 0.356907
0.791, 0, 0, 0, 0.0736954, 1.26373, 0, 0.598418, 0.125121, 0, 0.413405, 0.113076, 0, 0, 0.357048
0.792, 0, 0, 0, 0.072775, 1.26422, 0, 0.59822, 0.125113, 0, 0.413268, 0.113064, 0, 0, 0.356977
0.793, 0, 0, 0, 0.0726446, 1.26391, 0, 0.596966, 0.125405, 0, 0.413124, 0.113017, 0, 0, 0.356845
0.794, 0, 0, 0, 0.0728086, 1.26397, 0, 0.597126, 0.125423, 0, 0.413248, 0.113027, 0, 0, 0.356911
0.795, 0, 0, 0, 0.0727557, 1.26399, 0, 0.59708, 0.12543, 0, 0.413212, 0.113029, 0, 0, 0.356902
0.796, 0, 0, 0, 0.0734986, 1.26342, 0, 0.598136, 0.125079, 0, 0.413205, 0.113026, 0, 0, 0.356897
0.797, 0, 0, 0, 0.0736985, 1.26372, 0, 0.598413, 0.125121, 0, 0.413386, 0.113075, 0, 0, 0.357044
0.798, 0, 0, 0, 0.0727825, 1.26422, 0, 0.59823, 0.125115, 0, 0.413256, 0.113066, 0, 0, 0.35698
0.799, 0, 0, 0, 0.0726426, 1.26391, 0, 0.596967, 0.125405, 0, 0.413104, 0.113018, 0, 0, 0.356843
0.8, 0, 0, 0, 0.0728105, 1.26397, 0, 0.597131, 0.125422, 0, 0.413231, 0.113028, 0, 0, 0.35691
0.801, 0, 0, 0, 0.0735009, 1.26343, 0, 0.59814, 0.125079, 0, 0.413196, 0.113029, 0, 0, 0.356902
0.802, 0, 0, 0, 0.0736925, 1.26371, 0, 0.598401, 0.12512, 0, 0.413367, 0.113075, 0, 0, 0.35704
0.803, 0, 0, 0, 0.0727872, 1.26422, 0, 0.598228, 0.125114, 0, 0.413245, 0.113067, 0, 0, 0.356981
0.804, 0, 0, 0, 0.0726434, 1.26392, 0, 0.596961, 0.125405, 0, 0.413091, 0.11302, 0, 0, 0.356843
0.805, 0, 0, 0, 0.0728113, 1.26397, 0, 0.597125, 0.125422, 0, 0.413218, 0.11303, 0, 0, 0.35691
0.806, 0, 0, 0, 0.0735036, 1.26344, 0, 0.597079, 0.125429, 0, 0.413182, 0.113032, 0, 0, 0.356902
0.807, 0, 0, 0, 0.0729465, 1.26426, 0, 0.598381, 0.125132, 0, 0.413353, 0.113077, 0, 0, 0.357039
0.808, 0, 0, 0, 0.0733438, 1.26338, 0, 0.59799, 0.125064, 0, 0.413056, 0.113022, 0, 0, 0.356839
0.809, 0, 0, 0, 0.0729974, 1.26425, 0, 0.598449, 0.125114, 0, 0.413379, 0.113077, 0, 0, 0.357047
0.81, 0, 0, 0, 0.0726007, 1.26395, 0, 0.596932, 0.125411, 0, 0.413053, 0.113026, 0, 0, 0.356843
0.811, 0, 0, 0, 0.0735472, 1.2634, 0, 0.597114, 0.125418, 0, 0.413191, 0.11303, 0, 0, 0.3569
0.812, 0, 0, 0, 0.0729596, 1.26428, 0, 0.598397, 0.125134, 0, 0.413353, 0.113082, 0, 0, 0.357048
0.813, 0, 0, 0, 0.0725898, 1.26393, 0, 0.597975, 0.125063, 0, 0.413035, 0.113025, 0, 0, 0.356835
0.814, 0, 0, 0, 0.0735582, 1.26341, 0, 0.597147, 0.125408, 0, 0.41319, 0.113033, 0, 0, 0.356905
0.815, 0, 0, 0, 0.0737008, 1.26372, 0, 0.598391, 0.125129, 0, 0.413342, 0.113083, 0, 0, 0.357046
0.816, 0, 0, 0, 0.072784, 1.26422, 0, 0.597161, 0.125465, 0, 0.413207, 0.113074, 0, 0, 0.356977
0.817, 0, 0, 0, 0.0726457, 1.2639, 0, 0.598005, 0.125067, 0, 0.413061, 0.113024, 0, 0, 0.356842
0.818, 0, 0, 0, 0.072817, 1.26398, 0, 0.597154, 0.125414, 0, 0.413189, 0.113038, 0, 0, 0.356911
0.819, 0, 0, 0, 0.0727559, 1.26398, 0, 0.598138, 0.125077, 0, 0.413148, 0.113038, 0, 0, 0.356899
0.82, 0, 0, 0, 0.0735075, 1.26343, 0, 0.5971, 0.125415, 0, 0.413145, 0.113038, 0, 0, 0.356897
0.821, 0, 0, 0, 0.0736995, 1.26371, 0, 0.598388, 0.125128, 0, 0.413324, 0.113084, 0, 0, 0.35704
0.822, 0, 0, 0, 0.0727907, 1.26422, 0, 0.598229, 0.125116, 0, 0.4132, 0.113077, 0, 0, 0.356981
0.823, 0, 0, 0, 0.0726458, 1.26391, 0, 0.596965, 0.125405, 0, 0.413045, 0.113029, 0, 0, 0.356842
0.824, 0, 0, 0, 0.0728147, 1.26397, 0, 0.597132, 0.125422, 0, 0.413173, 0.11304, 0, 0, 0.356909
0.825, 0, 0, 0, 0.0735054, 1.26343, 0, 0.598141, 0.125079, 0, 0.413139, 0.113041, 0, 0, 0.356901
0.826, 0, 0, 0, 0.0736967, 1.26371, 0, 0.598402, 0.125119, 0, 0.413311, 0.113087, 0, 0, 0.357039
0.827, 0, 0, 0, 0.0727919, 1.26422, 0, 0.598229, 0.125113, 0, 0.413189, 0.113079, 0, 0, 0.35698
0.828, 0, 0, 0, 0.072649, 1.26391, 0, 0.596963, 0.125404, 0, 0.413037, 0.113032, 0, 0, 0.356842
0.829, 0, 0, 0, 0.0728165, 1.26397, 0, 0.597126, 0.125422, 0, 0.413163, 0.113042, 0, 0, 0.356908
0.83, 0, 0, 0, 0.0727642, 1.26399, 0, 0.597081, 0.125429, 0, 0.413129, 0.113044, 0, 0, 0.356901
0.831, 0, 0, 0, 0.0735065, 1.26341, 0, 0.598137, 0.125077, 0, 0.413123, 0.113042, 0, 0, 0.356895
0.832, 0, 0, 0, 0.0737067, 1.26371, 0, 0.598414, 0.12512, 0, 0.413306, 0.113091, 0, 0, 0.357042
0.833, 0, 0, 0, 0.0735356, 1.26367, 0, 0.59823, 0.125113, 0, 0.413177, 0.113082, 0, 0, 0.356979
0.834, 0, 0, 0, 0.0728392, 1.2642, 0, 0.598267, 0.125108, 0, 0.413205, 0.113081, 0, 0, 0.356984
0.835, 0, 0, 0, 0.0726539, 1.26393, 0, 0.596968, 0.125406, 0, 0.413032, 0.113037, 0, 0, 0.356848
0.836, 0, 0, 0, 0.07281, 1.26397, 0, 0.597114, 0.125421, 0, 0.413147, 0.113045, 0, 0, 0.356905
0.837, 0, 0, 0, 0.0727679, 1.26399, 0, 0.59708, 0.125428, 0, 0.413121, 0.113047, 0, 0, 0.356901
0.838, 0, 0, 0, 0.0727634, 1.26397, 0, 0.597079, 0.125428, 0, 0.413112, 0.113046, 0, 0, 0.356895
0.839, 0, 0, 0, 0.0735143, 1.26342, 0, 0.59815, 0.125079, 0, 0.413116, 0.113046, 0, 0, 0.356898
0.84, 0, 0, 0, 0.0737043, 1.26371, 0, 0.598417, 0.125121, 0, 0.413291, 0.113094, 0, 0, 0.357041
0.841, 0, 0, 0, 0.0727917, 1.26422, 0, 0.598237, 0.125114, 0, 0.413164, 0.113086, 0, 0, 0.356978
0.842, 0, 0, 0, 0.0726501, 1.26391, 0, 0.59803, 0.125054, 0, 0.413015, 0.113037, 0, 0, 0.356841
0.843, 0, 0, 0, 0.0735644, 1.26342, 0, 0.598208, 0.125058, 0, 0.413143, 0.113048, 0, 0, 0.356909
0.844, 0, 0, 0, 0.0729564, 1.26428, 0, 0.597339, 0.125465, 0, 0.413285, 0.113098, 0, 0, 0.357042
0.845, 0, 0, 0, 0.0725997, 1.26392, 0, 0.596888, 0.125417, 0, 0.412978, 0.113039, 0, 0, 0.356832
0.846, 0, 0, 0, 0.0735679, 1.2634, 0, 0.59712, 0.125421, 0, 0.413137, 0.113048, 0, 0, 0.356905
0.847, 0, 0, 0, 0.0729638, 1.26428, 0, 0.597334, 0.125484, 0, 0.413287, 0.113099, 0, 0, 0.357046
0.848, 0, 0, 0, 0.0733406, 1.26336, 0, 0.597959, 0.125074, 0, 0.412973, 0.113039, 0, 0, 0.356832
0.849, 0, 0, 0, 0.0730119, 1.26425, 0, 0.59846, 0.125117, 0, 0.413311, 0.113096, 0, 0, 0.357047
0.85, 0, 0, 0, 0.0726062, 1.26394, 0, 0.597998, 0.125062, 0, 0.412982, 0.113044, 0, 0, 0.356841
0.851, 0, 0, 0, 0.0728095, 1.26396, 0, 0.598197, 0.125058, 0, 0.413121, 0.113049, 0, 0, 0.3569
0.852, 0, 0, 0, 0.0735206, 1.26344, 0, 0.598165, 0.125062, 0, 0.413105, 0.113053, 0, 0, 0.356903
0.853, 0, 0, 0, 0.0737005, 1.26371, 0, 0.597328, 0.125463, 0, 0.413269, 0.113099, 0, 0, 0.357037
0.854, 0, 0, 0, 0.0727986, 1.26421, 0, 0.597138, 0.125472, 0, 0.413151, 0.11309, 0, 0, 0.356978
0.855, 0, 0, 0, 0.0726545, 1.26391, 0, 0.596936, 0.125419, 0, 0.413001, 0.113042, 0, 0, 0.356842
0.856, 0, 0, 0, 0.0728213, 1.26397, 0, 0.597128, 0.125427, 0, 0.413129, 0.113053, 0, 0, 0.356909
0.857, 0, 0, 0, 0.0735101, 1.26343, 0, 0.598142, 0.125081, 0, 0.413094, 0.113053, 0, 0, 0.3569
0.858, 0, 0, 0, 0.0737026, 1.26371, 0, 0.598407, 0.12512, 0, 0.413267, 0.1131, 0, 0, 0.357038
0.859, 0, 0, 0, 0.0727972, 1.26422, 0, 0.598235, 0.125114, 0, 0.413147, 0.113092, 0, 0, 0.356979
0.86, 0, 0, 0, 0.0726519, 1.26391, 0, 0.598024, 0.125055, 0, 0.412995, 0.113043, 0, 0, 0.356841
0.861, 0, 0, 0, 0.0728227, 1.26398, 0, 0.597147, 0.12541, 0, 0.413123, 0.113055, 0, 0, 0.356909
0.862, 0, 0, 0, 0.0727668, 1.26399, 0, 0.597074, 0.125425, 0, 0.413087, 0.113055, 0, 0, 0.356899
0.863, 0, 0, 0, 0.0735142, 1.26342, 0, 0.597073, 0.125426, 0, 0.413084, 0.113054, 0, 0, 0.356895
0.864, 0, 0, 0, 0.0737102, 1.26371, 0, 0.598388, 0.125132, 0, 0.413267, 0.113101, 0, 0, 0.357041
0.865, 0, 0, 0, 0.0727973, 1.26422, 0, 0.598231, 0.125118, 0, 0.413141, 0.113093, 0, 0, 0.356979
0.866, 0, 0, 0, 0.0726523, 1.26391, 0, 0.598025, 0.125056, 0, 0.412989, 0.113044, 0, 0, 0.356841
0.867, 0, 0, 0, 0.0735694, 1.26342, 0, 0.597151, 0.125409, 0, 0.413118, 0.113056, 0, 0, 0.356909
0.868, 0, 0, 0, 0.0729585, 1.26427, 0, 0.597325, 0.125479, 0, 0.41326, 0.113104, 0, 0, 0.357041
0.869, 0, 0, 0, 0.0726032, 1.26392, 0, 0.597956, 0.125073, 0, 0.412957, 0.113045, 0, 0, 0.356833
0.87, 0, 0, 0, 0.0735689, 1.2634, 0, 0.598205, 0.125062, 0, 0.413114, 0.113054, 0, 0, 0.356905
0.871, 0, 0, 0, 0.072966, 1.26428, 0, 0.597354, 0.125469, 0, 0.413263, 0.113106, 0, 0, 0.357045
0.872, 0, 0, 0, 0.0725985, 1.26392, 0, 0.59795, 0.12507, 0, 0.41295, 0.113046, 0, 0, 0.356831
0.873, 0, 0, 0, 0.0735728, 1.26341, 0, 0.597146, 0.125411, 0, 0.413112, 0.113056, 0, 0, 0.356905
0.874, 0, 0, 0, 0.0737097, 1.26372, 0, 0.598388, 0.12513, 0, 0.413261, 0.113105, 0, 0, 0.357044
0.875, 0, 0, 0, 0.0727944, 1.26422, 0, 0.597161, 0.125465, 0, 0.413128, 0.113095, 0, 0, 0.356976
0.876, 0, 0, 0, 0.0726557, 1.2639, 0, 0.598005, 0.125067, 0, 0.412984, 0.113045, 0, 0, 0.356841
0.877, 0, 0, 0, 0.0728256, 1.26397, 0, 0.598209, 0.125065, 0, 0.413114, 0.113058, 0, 0, 0.35691
0.878, 0, 0, 0, 0.0727687, 1.26399, 0, 0.597097, 0.125415, 0, 0.413075, 0.11306, 0, 0, 0.356899
0.879, 0, 0, 0, 0.0735145, 1.26341, 0, 0.597072, 0.125422, 0, 0.413071, 0.113057, 0, 0, 0.356893
0.88, 0, 0, 0, 0.073714, 1.26371, 0, 0.598386, 0.125131, 0, 0.413256, 0.113104, 0, 0, 0.357041
0.881, 0, 0, 0, 0.0727997, 1.26422, 0, 0.598225, 0.125117, 0, 0.413129, 0.113096, 0, 0, 0.356979
0.882, 0, 0, 0, 0.0726563, 1.26391, 0, 0.596964, 0.125406, 0, 0.412977, 0.113048, 0, 0, 0.35684
0.883, 0, 0, 0, 0.0728253, 1.26397, 0, 0.597131, 0.125423, 0, 0.413107, 0.113059, 0, 0, 0.356907
0.884, 0, 0, 0, 0.0735158, 1.26343, 0, 0.59814, 0.125079, 0, 0.413074, 0.113059, 0, 0, 0.3569
0.885, 0, 0, 0, 0.0737072, 1.26371, 0, 0.598401, 0.12512, 0, 0.413247, 0.113105, 0, 0, 0.357038
0.886, 0, 0, 0, 0.0728019, 1.26422, 0, 0.598229, 0.125113, 0, 0.413127, 0.113097, 0, 0, 0.356978
0.887, 0, 0, 0, 0.0726583, 1.26391, 0, 0.596962, 0.125404, 0, 0.412975, 0.113049, 0, 0, 0.356841
0.888, 0, 0, 0, 0.072826, 1.26397, 0, 0.597126, 0.125422, 0, 0.413104, 0.113059, 0, 0, 0.356907
0.889, 0, 0, 0, 0.0727735, 1.26398, 0, 0.597081, 0.125429, 0, 0.413071, 0.113061, 0, 0, 0.3569
0.89, 0, 0, 0, 0.0735158, 1.26341, 0, 0.598137, 0.125078, 0, 0.413066, 0.113058, 0, 0, 0.356894
0.891, 0, 0, 0, 0.0737159, 1.26371, 0, 0.598414, 0.125121, 0, 0.413249, 0.113107, 0, 0, 0.357041
0.892, 0, 0, 0, 0.073545, 1.26366, 0, 0.59823, 0.125113, 0, 0.413121, 0.113097, 0, 0, 0.356978
0.893, 0, 0, 0, 0.0728488, 1.26419, 0, 0.598268, 0.125108, 0, 0.413151, 0.113096, 0, 0, 0.356983
0.894, 0, 0, 0, 0.0726633, 1.26392, 0, 0.596968, 0.125406, 0, 0.412978, 0.113052, 0, 0, 0.356847
0.895, 0, 0, 0, 0.0728196, 1.26396, 0, 0.597115, 0.125421, 0, 0.413095, 0.113059, 0, 0, 0.356904
0.896, 0, 0, 0, 0.0727775, 1.26398, 0, 0.59708, 0.125429, 0, 0.41307, 0.113062, 0, 0, 0.3569
0.897, 0, 0, 0, 0.0727715, 1.26397, 0, 0.598133, 0.125078, 0, 0.413063, 0.113059, 0, 0, 0.356894
0.898, 0, 0, 0, 0.0735253, 1.26342, 0, 0.598164, 0.125067, 0, 0.413068, 0.113061, 0, 0, 0.356898
0.899, 0, 0, 0, 0.0737118, 1.26371, 0, 0.598403, 0.125117, 0, 0.413241, 0.113107, 0, 0, 0.357039
0.9, 0, 0, 0, 0.0728044, 1.26422, 0, 0.597165, 0.125462, 0, 0.413118, 0.113099, 0, 0, 0.356977
0.901, 0, 0, 0, 0.0726602, 1.2639, 0, 0.596941, 0.125416, 0, 0.412968, 0.11305, 0, 0, 0.35684
0.902, 0, 0, 0, 0.0728293, 1.26396, 0, 0.598186, 0.125076, 0, 0.4131, 0.11306, 0, 0, 0.356909
0.903, 0, 0, 0, 0.0735194, 1.26343, 0, 0.598156, 0.125068, 0, 0.413064, 0.113062, 0, 0, 0.3569
0.904, 0, 0, 0, 0.0737104, 1.26371, 0, 0.597337, 0.125465, 0, 0.413235, 0.113108, 0, 0, 0.357036
0.905, 0, 0, 0, 0.0728072, 1.26421, 0, 0.597149, 0.125474, 0, 0.413118, 0.113099, 0, 0, 0.356978
0.906, 0, 0, 0, 0.0726609, 1.2639, 0, 0.598003, 0.12507, 0, 0.412968, 0.11305, 0, 0, 0.356841
0.907, 0, 0, 0, 0.0728299, 1.26397, 0, 0.59821, 0.125066, 0, 0.413097, 0.113062, 0, 0, 0.356909
0.908, 0, 0, 0, 0.0735183, 1.26343, 0, 0.598155, 0.125064, 0, 0.41306, 0.113062, 0, 0, 0.356899
0.909, 0, 0, 0, 0.0737126, 1.26371, 0, 0.597335, 0.125464, 0, 0.413234, 0.113108, 0, 0, 0.357036
0.91, 0, 0, 0, 0.0728078, 1.26421, 0, 0.597146, 0.125474, 0, 0.413116, 0.1131, 0, 0, 0.356978
0.911, 0, 0, 0, 0.0726615, 1.2639, 0, 0.596942, 0.12542, 0, 0.412965, 0.113051, 0, 0, 0.356841
0.912, 0, 0, 0, 0.0728288, 1.26396, 0, 0.598191, 0.125078, 0, 0.413096, 0.113061, 0, 0, 0.356909
0.913, 0, 0, 0, 0.0727744, 1.26399, 0, 0.598164, 0.12507, 0, 0.413061, 0.113063, 0, 0, 0.3569
0.914, 0, 0, 0, 0.0735177, 1.26342, 0, 0.598155, 0.125063, 0, 0.413054, 0.113061, 0, 0, 0.356894
0.915, 0, 0, 0, 0.073718, 1.26371, 0, 0.598403, 0.125115, 0, 0.413238, 0.113109, 0, 0, 0.35704
0.916, 0, 0, 0, 0.0728058, 1.26422, 0, 0.59716, 0.125462, 0, 0.413112, 0.113101, 0, 0, 0.356978
0.917, 0, 0, 0, 0.0726617, 1.2639, 0, 0.596934, 0.125416, 0, 0.412962, 0.113051, 0, 0, 0.35684
0.918, 0, 0, 0, 0.0728328, 1.26397, 0, 0.597125, 0.125426, 0, 0.413094, 0.113063, 0, 0, 0.356909
0.919, 0, 0, 0, 0.0735195, 1.26343, 0, 0.598135, 0.125081, 0, 0.413058, 0.113063, 0, 0, 0.356899
0.92, 0, 0, 0, 0.0737123, 1.26371, 0, 0.598399, 0.12512, 0, 0.413233, 0.113109, 0, 0, 0.357038
0.921, 0, 0, 0, 0.0728069, 1.26421, 0, 0.598227, 0.125114, 0, 0.413113, 0.1131, 0, 0, 0.356978
0.922, 0, 0, 0, 0.0726629, 1.26391, 0, 0.59696, 0.125405, 0, 0.412961, 0.113052, 0, 0, 0.35684
0.923, 0, 0, 0, 0.0728309, 1.26397, 0, 0.597124, 0.125423, 0, 0.41309, 0.113063, 0, 0, 0.356907
0.924, 0, 0, 0, 0.0735232, 1.26343, 0, 0.597079, 0.125429, 0, 0.413057, 0.113064, 0, 0, 0.356899
0.925, 0, 0, 0, 0.072966, 1.26425, 0, 0.598381, 0.125133, 0, 0.413231, 0.113108, 0, 0, 0.357037
0.926, 0, 0, 0, 0.0733634, 1.26337, 0, 0.59799, 0.125064, 0, 0.412935, 0.113054, 0, 0, 0.356837
0.927, 0, 0, 0, 0.0730169, 1.26424, 0, 0.598448, 0.125114, 0, 0.413261, 0.113108, 0, 0, 0.357045
0.928, 0, 0, 0, 0.0726186, 1.26394, 0, 0.597987, 0.125061, 0, 0.412937, 0.113056, 0, 0, 0.35684
0.929, 0, 0, 0, 0.0728229, 1.26395, 0, 0.597128, 0.125407, 0, 0.413077, 0.113061, 0, 0, 0.356899
0.93, 0, 0, 0, 0.0735332, 1.26343, 0, 0.597082, 0.125425, 0, 0.413061, 0.113064, 0, 0, 0.356902
0.931, 0, 0, 0, 0.0737128, 1.2637, 0, 0.597312, 0.12548, 0, 0.413227, 0.113109, 0, 0, 0.357036
0.932, 0, 0, 0, 0.0728098, 1.26421, 0, 0.598207, 0.125129, 0, 0.413111, 0.1131, 0, 0, 0.356978
0.933, 0, 0, 0, 0.072665, 1.26391, 0, 0.598025, 0.125061, 0, 0.41296, 0.113053, 0, 0, 0.356842
0.934, 0, 0, 0, 0.0728312, 1.26397, 0, 0.598207, 0.125063, 0, 0.413087, 0.113063, 0, 0, 0.356908
0.935, 0, 0, 0, 0.0735243, 1.26344, 0, 0.597098, 0.125414, 0, 0.413053, 0.113065, 0, 0, 0.356899
0.936, 0, 0, 0, 0.0737131, 1.2637, 0, 0.597314, 0.125476, 0, 0.413225, 0.113109, 0, 0, 0.357035
0.937, 0, 0, 0, 0.0728113, 1.26421, 0, 0.598207, 0.125128, 0, 0.413112, 0.113101, 0, 0, 0.356979
0.938, 0, 0, 0, 0.0726643, 1.2639, 0, 0.598019, 0.12506, 0, 0.412959, 0.113053, 0, 0, 0.356842
0.939, 0, 0, 0, 0.0728336, 1.26397, 0, 0.597147, 0.125412, 0, 0.413086, 0.113064, 0, 0, 0.356908
0.94, 0, 0, 0, 0.0727786, 1.26398, 0, 0.597077, 0.125426, 0, 0.413051, 0.113065, 0, 0, 0.356898
0.941, 0, 0, 0, 0.0735246, 1.26341, 0, 0.598132, 0.125077, 0, 0.413049, 0.113062, 0, 0, 0.356894
0.942, 0, 0, 0, 0.0737235, 1.26371, 0, 0.598406, 0.12512, 0, 0.413233, 0.113111, 0, 0, 0.357041
0.943, 0, 0, 0, 0.0728072, 1.26421, 0, 0.598222, 0.125114, 0, 0.413105, 0.113102, 0, 0, 0.356977
0.944, 0, 0, 0, 0.0726672, 1.26391, 0, 0.596958, 0.125405, 0, 0.412956, 0.113053, 0, 0, 0.35684
0.945, 0, 0, 0, 0.0735802, 1.26341, 0, 0.597122, 0.125421, 0, 0.413085, 0.113063, 0, 0, 0.356907
0.946, 0, 0, 0, 0.0729727, 1.26427, 0, 0.597322, 0.125483, 0, 0.41323, 0.113112, 0, 0, 0.357042
0.947, 0, 0, 0, 0.0726139, 1.26391, 0, 0.597956, 0.125075, 0, 0.412924, 0.113053, 0, 0, 0.356832
0.948, 0, 0, 0, 0.0735797, 1.2634, 0, 0.598206, 0.125062, 0, 0.413083, 0.113062, 0, 0, 0.356904
0.949, 0, 0, 0, 0.0729768, 1.26428, 0, 0.598413, 0.12512, 0, 0.413234, 0.113113, 0, 0, 0.357045
0.95, 0, 0, 0, 0.0726107, 1.26392, 0, 0.597967, 0.125058, 0, 0.41292, 0.113054, 0, 0, 0.356831
0.951, 0, 0, 0, 0.0735831, 1.2634, 0, 0.597136, 0.125406, 0, 0.41308, 0.113063, 0, 0, 0.356903
0.952, 0, 0, 0, 0.0737254, 1.26372, 0, 0.597321, 0.125478, 0, 0.413232, 0.113113, 0, 0, 0.357044
0.953, 0, 0, 0, 0.0728061, 1.26421, 0, 0.597131, 0.125477, 0, 0.413099, 0.113101, 0, 0, 0.356974
0.954, 0, 0, 0, 0.0726711, 1.2639, 0, 0.598002, 0.125071, 0, 0.412958, 0.113052, 0, 0, 0.356841
0.955, 0, 0, 0, 0.0728373, 1.26397, 0, 0.598207, 0.125067, 0, 0.413085, 0.113065, 0, 0, 0.356909
0.956, 0, 0, 0, 0.0727802, 1.26398, 0, 0.598153, 0.125066, 0, 0.413048, 0.113065, 0, 0, 0.356898
0.957, 0, 0, 0, 0.073529, 1.26342, 0, 0.597088, 0.125411, 0, 0.413044, 0.113064, 0, 0, 0.356893
0.958, 0, 0, 0, 0.0737266, 1.2637, 0, 0.597319, 0.125476, 0, 0.413227, 0.113111, 0, 0, 0.357039
0.959, 0, 0, 0, 0.0728145, 1.26421, 0, 0.597144, 0.125477, 0, 0.413104, 0.113102, 0, 0, 0.356978
0.96, 0, 0, 0, 0.0726687, 1.2639, 0, 0.598002, 0.125072, 0, 0.412954, 0.113053, 0, 0, 0.35684
0.961, 0, 0, 0, 0.0728388, 1.26397, 0, 0.598212, 0.125066, 0, 0.413084, 0.113065, 0, 0, 0.356909
0.962, 0, 0, 0, 0.0735261, 1.26343, 0, 0.59816, 0.125067, 0, 0.413047, 0.113066, 0, 0, 0.356899
0.963, 0, 0, 0, 0.0737166, 1.2637, 0, 0.598392, 0.125115, 0, 0.413221, 0.11311, 0, 0, 0.357035
0.964, 0, 0, 0, 0.0728169, 1.26421, 0, 0.597163, 0.125462, 0, 0.413105, 0.113103, 0, 0, 0.356979
0.965, 0, 0, 0, 0.0726675, 1.2639, 0, 0.596933, 0.125416, 0, 0.412952, 0.113053, 0, 0, 0.35684
0.966, 0, 0, 0, 0.0728384, 1.26397, 0, 0.597123, 0.125426, 0, 0.413084, 0.113064, 0, 0, 0.356909
0.967, 0, 0, 0, 0.0727807, 1.26398, 0, 0.598135, 0.125082, 0, 0.413049, 0.113065, 0, 0, 0.356899
0.968, 0, 0, 0, 0.0735268, 1.26341, 0, 0.598152, 0.125067, 0, 0.413045, 0.113063, 0, 0, 0.356895
0.969, 0, 0, 0, 0.0737238, 1.26371, 0, 0.598402, 0.125118, 0, 0.413226, 0.113111, 0, 0, 0.35704
0.97, 0, 0, 0, 0.0728126, 1.26422, 0, 0.597162, 0.125463, 0, 0.413101, 0.113103, 0, 0, 0.356978
0.971, 0, 0, 0, 0.0726685, 1.2639, 0, 0.596937, 0.125417, 0, 0.412951, 0.113053, 0, 0, 0.35684
0.972, 0, 0, 0, 0.0735831, 1.26341, 0, 0.598183, 0.125076, 0, 0.413084, 0.113063, 0, 0, 0.356909
0.973, 0, 0, 0, 0.0729733, 1.26427, 0, 0.598398, 0.125124, 0, 0.413226, 0.113113, 0, 0, 0.357043
0.974, 0, 0, 0, 0.0726167, 1.26392, 0, 0.596912, 0.12541, 0, 0.412918, 0.113055, 0, 0, 0.356832
0.975, 0, 0, 0, 0.0735811, 1.26339, 0, 0.598175, 0.125071, 0, 0.413077, 0.113061, 0, 0, 0.356902
0.976, 0, 0, 0, 0.0729836, 1.26428, 0, 0.597347, 0.125473, 0, 0.413232, 0.113115, 0, 0, 0.357047
0.977, 0, 0, 0, 0.0726126, 1.26392, 0, 0.596888, 0.125422, 0, 0.412915, 0.113054, 0, 0, 0.35683
0.978, 0, 0, 0, 0.0735837, 1.26339, 0, 0.598181, 0.125075, 0, 0.413079, 0.113062, 0, 0, 0.356904
0.979, 0, 0, 0, 0.073727, 1.26372, 0, 0.598411, 0.125124, 0, 0.413232, 0.113114, 0, 0, 0.357047
0.98, 0, 0, 0, 0.0728031, 1.26421, 0, 0.598213, 0.125115, 0, 0.413094, 0.113102, 0, 0, 0.356974
0.981, 0, 0, 0, 0.072674, 1.26391, 0, 0.596962, 0.125406, 0, 0.412954, 0.113054, 0, 0, 0.356841
0.982, 0, 0, 0, 0.0728379, 1.26396, 0, 0.597123, 0.125423, 0, 0.41308, 0.113065, 0, 0, 0.356908
0.983, 0, 0, 0, 0.0727832, 1.26398, 0, 0.598131, 0.125081, 0, 0.413047, 0.113065, 0, 0, 0.356899
0.984, 0, 0, 0, 0.0735291, 1.26341, 0, 0.598147, 0.125067, 0, 0.413044, 0.113064, 0, 0, 0.356895
0.985, 0, 0, 0, 0.0737272, 1.26371, 0, 0.597341, 0.125467, 0, 0.413224, 0.113112, 0, 0, 0.35704
0.986, 0, 0, 0, 0.0728131, 1.26421, 0, 0.597142, 0.125475, 0, 0.413099, 0.113103, 0, 0, 0.356977
0.987, 0, 0, 0, 0.0726706, 1.2639, 0, 0.597999, 0.125072, 0, 0.412952, 0.113053, 0, 0, 0.356841
0.988, 0, 0, 0, 0.0728394, 1.26397, 0, 0.598206, 0.125067, 0, 0.413082, 0.113065, 0, 0, 0.356909
0.989, 0, 0, 0, 0.0735272, 1.26343, 0, 0.598151, 0.125066, 0, 0.413045, 0.113066, 0, 0, 0.356899
0.99, 0, 0, 0, 0.0737218, 1.2637, 0, 0.597331, 0.125466, 0, 0.413219, 0.113112, 0, 0, 0.357037
0.991, 0, 0, 0, 0.0728172, 1.26421, 0, 0.59714, 0.125475, 0, 0.413101, 0.113103, 0, 0, 0.356978
0.992, 0, 0, 0, 0.0726723, 1.2639, 0, 0.596938, 0.125421, 0, 0.412951, 0.113054, 0, 0, 0.356841
0.993, 0, 0, 0, 0.0728384, 1.26396, 0, 0.598186, 0.125079, 0, 0.413081, 0.113064, 0, 0, 0.356909
0.994, 0, 0, 0, 0.0727848, 1.26398, 0, 0.598159, 0.125072, 0, 0.413046, 0.113066, 0, 0, 0.3569
0.995, 0, 0, 0, 0.0735279, 1.26341, 0, 0.59815, 0.125064, 0, 0.41304, 0.113064, 0, 0, 0.356894
0.996, 0, 0, 0, 0.0737282, 1.26371, 0, 0.598399, 0.125117, 0, 0.413225, 0.113112, 0, 0, 0.35704
0.997, 0, 0, 0, 0.073561, 1.26366, 0, 0.597155, 0.125462, 0, 0.413098, 0.113103, 0, 0, 0.356978
0.998, 0, 0, 0, 0.0728622, 1.26419, 0, 0.597175, 0.125471, 0, 0.413127, 0.113101, 0, 0, 0.356982
0.999, 0, 0, 0, 0.0726769, 1.26391, 0, 0.596943, 0.125423, 0, 0.412958, 0.113056, 0, 0, 0.356847
1, 0, 0, 0, 0.0728316, 1.26396, 0, 0.598174, 0.125079, 0, 0.413075, 0.113064, 0, 0, 0.356905
1.001, 0, 0, 0, 0.0727881, 1.26398, 0, 0.598158, 0.125071, 0, 0.413048, 0.113066, 0, 0, 0.356901
1.002, 0, 0, 0, 0.0727832, 1.26397, 0, 0.598146, 0.125065, 0, 0.41304, 0.113064, 0, 0, 0.356894
1.003, 0, 0, 0, 0.0727937, 1.26397, 0, 0.597094, 0.125414, 0, 0.413045, 0.113066, 0, 0, 0.356897
1.004, 0, 0, 0, 0.073535, 1.26341, 0, 0.597068, 0.125425, 0, 0.413042, 0.113065, 0, 0, 0.356896
1.005, 0, 0, 0, 0.0737288, 1.2637, 0, 0.597318, 0.125482, 0, 0.413222, 0.113112, 0, 0, 0.35704
1.006, 0, 0, 0, 0.0735608, 1.26365, 0, 0.598203, 0.12513, 0, 0.413099, 0.113102, 0, 0, 0.356978
1.007, 0, 0, 0, 0.073609, 1.26364, 0, 0.598269, 0.125115, 0, 0.413128, 0.113101, 0, 0, 0.356985
1.008, 0, 0, 0, 0.0728646, 1.26421, 0, 0.598275, 0.125114, 0, 0.413133, 0.113103, 0, 0, 0.356989
1.009, 0, 0, 0, 0.0726675, 1.26391, 0, 0.598017, 0.125058, 0, 0.41295, 0.113055, 0, 0, 0.356843
1.01, 0, 0, 0, 0.0728374, 1.26396, 0, 0.597135, 0.125411, 0, 0.413075, 0.113065, 0, 0, 0.356906
1.011, 0, 0, 0, 0.0727884, 1.26398, 0, 0.59707, 0.125426, 0, 0.413046, 0.113066, 0, 0, 0.356899
1.012, 0, 0, 0, 0.0727875, 1.26396, 0, 0.597066, 0.125428, 0, 0.413041, 0.113065, 0, 0, 0.356895
1.013, 0, 0, 0, 0.0727924, 1.26396, 0, 0.598135, 0.125081, 0, 0.413046, 0.113065, 0, 0, 0.356898
1.014, 0, 0, 0, 0.0727909, 1.26397, 0, 0.598155, 0.12507, 0, 0.413044, 0.113065, 0, 0, 0.356898
1.015, 0, 0, 0, 0.0735346, 1.26342, 0, 0.598151, 0.125065, 0, 0.413042, 0.113065, 0, 0, 0.356896
1.016, 0, 0, 0, 0.0737294, 1.26371, 0, 0.597336, 0.125467, 0, 0.41322, 0.113113, 0, 0, 0.357039
1.017, 0, 0, 0, 0.0735625, 1.26365, 0, 0.597137, 0.125474, 0, 0.413096, 0.113103, 0, 0, 0.356977
1.018, 0, 0, 0, 0.0736106, 1.26363, 0, 0.598239, 0.125124, 0, 0.413128, 0.1131, 0, 0, 0.356984
1.019, 0, 0, 0, 0.0728682, 1.26421, 0, 0.598268, 0.125117, 0, 0.413134, 0.113103, 0, 0, 0.356991
1.02, 0, 0, 0, 0.0726689, 1.26391, 0, 0.596957, 0.125409, 0, 0.412948, 0.113056, 0, 0, 0.356843
1.021, 0, 0, 0, 0.0728373, 1.26396, 0, 0.597119, 0.125424, 0, 0.413074, 0.113064, 0, 0, 0.356905
1.022, 0, 0, 0, 0.07279, 1.26398, 0, 0.598137, 0.125082, 0, 0.413048, 0.113066, 0, 0, 0.356901
1.023, 0, 0, 0, 0.0727866, 1.26397, 0, 0.598149, 0.125069, 0, 0.413041, 0.113065, 0, 0, 0.356895
1.024, 0, 0, 0, 0.0727927, 1.26397, 0, 0.598153, 0.125066, 0, 0.413044, 0.113065, 0, 0, 0.356897
1.025, 0, 0, 0, 0.0735379, 1.26342, 0, 0.597089, 0.125413, 0, 0.413042, 0.113066, 0, 0, 0.356897
1.026, 0, 0, 0, 0.0737285, 1.2637, 0, 0.597312, 0.125478, 0, 0.413219, 0.113112, 0, 0, 0.357038
1.027, 0, 0, 0, 0.0728201, 1.26421, 0, 0.59714, 0.125479, 0, 0.413098, 0.113103, 0, 0, 0.356978
1.028, 0, 0, 0, 0.0726738, 1.2639, 0, 0.597998, 0.125074, 0, 0.412949, 0.113054, 0, 0, 0.356841
1.029, 0, 0, 0, 0.0735889, 1.26341, 0, 0.598207, 0.125067, 0, 0.413079, 0.113065, 0, 0, 0.356909
1.03, 0, 0, 0, 0.0737229, 1.26371, 0, 0.598399, 0.12512, 0, 0.41322, 0.113113, 0, 0, 0.357042
1.031, 0, 0, 0, 0.0728135, 1.2642, 0, 0.598212, 0.125113, 0, 0.413094, 0.113102, 0, 0, 0.356975
1.032, 0, 0, 0, 0.0726792, 1.2639, 0, 0.596954, 0.125406, 0, 0.41295, 0.113055, 0, 0, 0.356842
1.033, 0, 0, 0, 0.0728431, 1.26396, 0, 0.597114, 0.125423, 0, 0.413077, 0.113065, 0, 0, 0.356907
1.034, 0, 0, 0, 0.0727905, 1.26398, 0, 0.597068, 0.125431, 0, 0.413044, 0.113066, 0, 0, 0.3569
1.035, 0, 0, 0, 0.072788, 1.26396, 0, 0.598124, 0.12508, 0, 0.41304, 0.113064, 0, 0, 0.356894
1.036, 0, 0, 0, 0.0735417, 1.26342, 0, 0.598155, 0.125069, 0, 0.413045, 0.113065, 0, 0, 0.356899
1.037, 0, 0, 0, 0.0737278, 1.2637, 0, 0.598393, 0.125119, 0, 0.413219, 0.113112, 0, 0, 0.357039
1.038, 0, 0, 0, 0.0735656, 1.26366, 0, 0.597156, 0.125463, 0, 0.413096, 0.113103, 0, 0, 0.356978
1.039, 0, 0, 0, 0.0728668, 1.26419, 0, 0.597177, 0.125472, 0, 0.413125, 0.113101, 0, 0, 0.356983
1.04, 0, 0, 0, 0.072681, 1.26391, 0, 0.596945, 0.125424, 0, 0.412955, 0.113056, 0, 0, 0.356847
1.041, 0, 0, 0, 0.0728358, 1.26395, 0, 0.598177, 0.125079, 0, 0.413073, 0.113064, 0, 0, 0.356905
1.042, 0, 0, 0, 0.0727926, 1.26398, 0, 0.598161, 0.125072, 0, 0.413046, 0.113067, 0, 0, 0.356901
1.043, 0, 0, 0, 0.0735325, 1.26341, 0, 0.59815, 0.125065, 0, 0.413038, 0.113064, 0, 0, 0.356894
1.044, 0, 0, 0, 0.0737326, 1.2637, 0, 0.598398, 0.125117, 0, 0.413222, 0.113112, 0, 0, 0.35704
1.045, 0, 0, 0, 0.0728207, 1.26421, 0, 0.597155, 0.125463, 0, 0.413096, 0.113104, 0, 0, 0.356978
1.046, 0, 0, 0, 0.0726762, 1.2639, 0, 0.596929, 0.125417, 0, 0.412946, 0.113054, 0, 0, 0.35684
1.047, 0, 0, 0, 0.0728473, 1.26396, 0, 0.597119, 0.125427, 0, 0.413078, 0.113065, 0, 0, 0.356909
1.048, 0, 0, 0, 0.0727891, 1.26397, 0, 0.59813, 0.125083, 0, 0.413043, 0.113066, 0, 0, 0.3569
1.049, 0, 0, 0, 0.0735356, 1.26341, 0, 0.598148, 0.125068, 0, 0.413039, 0.113064, 0, 0, 0.356895
1.05, 0, 0, 0, 0.0737325, 1.2637, 0, 0.598398, 0.125119, 0, 0.413221, 0.113112, 0, 0, 0.35704
1.051, 0, 0, 0, 0.0735663, 1.26366, 0, 0.597157, 0.125463, 0, 0.413096, 0.113104, 0, 0, 0.356978
1.052, 0, 0, 0, 0.0728676, 1.26419, 0, 0.597178, 0.125471, 0, 0.413124, 0.113101, 0, 0, 0.356983
1.053, 0, 0, 0, 0.0726807, 1.26391, 0, 0.598001, 0.125074, 0, 0.412955, 0.113055, 0, 0, 0.356847
1.054, 0, 0, 0, 0.0728381, 1.26396, 0, 0.598191, 0.125067, 0, 0.413073, 0.113065, 0, 0, 0.356906
1.055, 0, 0, 0, 0.0727932, 1.26398, 0, 0.597093, 0.125417, 0, 0.413043, 0.113067, 0, 0, 0.3569
1.056, 0, 0, 0, 0.0727902, 1.26396, 0, 0.597066, 0.125426, 0, 0.413037, 0.113065, 0, 0, 0.356893
1.057, 0, 0, 0, 0.0727982, 1.26396, 0, 0.598134, 0.12508, 0, 0.413045, 0.113065, 0, 0, 0.356898
1.058, 0, 0, 0, 0.0735406, 1.26342, 0, 0.598151, 0.125069, 0, 0.413042, 0.113065, 0, 0, 0.356898
1.059, 0, 0, 0, 0.0737303, 1.2637, 0, 0.598392, 0.125118, 0, 0.413218, 0.113112, 0, 0, 0.357039
1.06, 0, 0, 0, 0.0735681, 1.26366, 0, 0.597155, 0.125463, 0, 0.413095, 0.113104, 0, 0, 0.356978
1.061, 0, 0, 0, 0.0736141, 1.26363, 0, 0.597175, 0.125471, 0, 0.413124, 0.113101, 0, 0, 0.356983
1.062, 0, 0, 0, 0.0728738, 1.2642, 0, 0.597189, 0.125478, 0, 0.413132, 0.113103, 0, 0, 0.35699
1.063, 0, 0, 0, 0.0726722, 1.2639, 0, 0.597997, 0.125076, 0, 0.412949, 0.113055, 0, 0, 0.356844
1.064, 0, 0, 0, 0.0728416, 1.26396, 0, 0.598202, 0.125068, 0, 0.413075, 0.113065, 0, 0, 0.356907
1.065, 0, 0, 0, 0.0727918, 1.26398, 0, 0.598157, 0.125068, 0, 0.413044, 0.113066, 0, 0, 0.3569
1.066, 0, 0, 0, 0.0727898, 1.26396, 0, 0.598143, 0.125064, 0, 0.413038, 0.113065, 0, 0, 0.356894
1.067, 0, 0, 0, 0.0727997, 1.26397, 0, 0.597088, 0.125414, 0, 0.413043, 0.113066, 0, 0, 0.356898
1.068, 0, 0, 0, 0.0727957, 1.26397, 0, 0.597061, 0.125425, 0, 0.41304, 0.113065, 0, 0, 0.356896
1.069, 0, 0, 0, 0.0735435, 1.26341, 0, 0.597065, 0.125429, 0, 0.413042, 0.113065, 0, 0, 0.356897
1.07, 0, 0, 0, 0.0737324, 1.2637, 0, 0.598372, 0.125134, 0, 0.413219, 0.113111, 0, 0, 0.35704
1.071, 0, 0, 0, 0.0735679, 1.26365, 0, 0.598217, 0.125119, 0, 0.413097, 0.113103, 0, 0, 0.356979
1.072, 0, 0, 0, 0.0736133, 1.26363, 0, 0.598257, 0.125112, 0, 0.413124, 0.113101, 0, 0, 0.356984
1.073, 0, 0, 0, 0.0728737, 1.26421, 0, 0.597205, 0.125463, 0, 0.41313, 0.113104, 0, 0, 0.356989
1.074, 0, 0, 0, 0.0726745, 1.26391, 0, 0.596931, 0.12542, 0, 0.412947, 0.113055, 0, 0, 0.356843
1.075, 0, 0, 0, 0.0728455, 1.26396, 0, 0.597117, 0.125428, 0, 0.413074, 0.113065, 0, 0, 0.356907
1.076, 0, 0, 0, 0.0727945, 1.26397, 0, 0.598136, 0.125084, 0, 0.413045, 0.113066, 0, 0, 0.356901
1.077, 0, 0, 0, 0.0727923, 1.26396, 0, 0.598151, 0.12507, 0, 0.413039, 0.113065, 0, 0, 0.356895
1.078, 0, 0, 0, 0.0727978, 1.26397, 0, 0.598156, 0.125066, 0, 0.413043, 0.113065, 0, 0, 0.356897
1.079, 0, 0, 0, 0.0735415, 1.26341, 0, 0.598147, 0.125064, 0, 0.413041, 0.113065, 0, 0, 0.356897
1.08, 0, 0, 0, 0.0737348, 1.2637, 0, 0.597329, 0.125466, 0, 0.413218, 0.113113, 0, 0, 0.357039
1.081, 0, 0, 0, 0.0728231, 1.2642, 0, 0.59713, 0.125475, 0, 0.413095, 0.113103, 0, 0, 0.356977
1.082, 0, 0, 0, 0.0726818, 1.2639, 0, 0.596931, 0.125422, 0, 0.412948, 0.113054, 0, 0, 0.356842
1.083, 0, 0, 0, 0.0735931, 1.2634, 0, 0.598178, 0.125079, 0, 0.413077, 0.113064, 0, 0, 0.356909
1.084, 0, 0, 0, 0.0737308, 1.26371, 0, 0.598397, 0.125125, 0, 0.413221, 0.113113, 0, 0, 0.357043
1.085, 0, 0, 0, 0.0728177, 1.2642, 0, 0.598211, 0.125115, 0, 0.413091, 0.113102, 0, 0, 0.356975
1.086, 0, 0, 0, 0.0726848, 1.2639, 0, 0.596956, 0.125407, 0, 0.412948, 0.113055, 0, 0, 0.356842
1.087, 0, 0, 0, 0.0728487, 1.26396, 0, 0.597117, 0.125424, 0, 0.413075, 0.113065, 0, 0, 0.356908
1.088, 0, 0, 0, 0.0727944, 1.26397, 0, 0.598126, 0.125082, 0, 0.413043, 0.113066, 0, 0, 0.3569
1.089, 0, 0, 0, 0.072795, 1.26396, 0, 0.598142, 0.125069, 0, 0.413039, 0.113065, 0, 0, 0.356895
1.09, 0, 0, 0, 0.0735469, 1.26342, 0, 0.59709, 0.125415, 0, 0.413042, 0.113066, 0, 0, 0.356897
1.091, 0, 0, 0, 0.0737351, 1.2637, 0, 0.597313, 0.125479, 0, 0.413217, 0.113112, 0, 0, 0.357039
1.092, 0, 0, 0, 0.0735705, 1.26365, 0, 0.598196, 0.125129, 0, 0.413097, 0.113102, 0, 0, 0.356978
1.093, 0, 0, 0, 0.0728729, 1.26419, 0, 0.598259, 0.125115, 0, 0.413126, 0.113102, 0, 0, 0.356985
1.094, 0, 0, 0, 0.0726829, 1.26391, 0, 0.598018, 0.12506, 0, 0.412952, 0.113056, 0, 0, 0.356847
1.095, 0, 0, 0, 0.0728438, 1.26396, 0, 0.597128, 0.125412, 0, 0.41307, 0.113065, 0, 0, 0.356905
1.096, 0, 0, 0, 0.0727982, 1.26397, 0, 0.597067, 0.125427, 0, 0.413043, 0.113066, 0, 0, 0.356899
1.097, 0, 0, 0, 0.0735421, 1.26341, 0, 0.597063, 0.125428, 0, 0.413039, 0.113064, 0, 0, 0.356895
1.098, 0, 0, 0, 0.0729923, 1.26425, 0, 0.598378, 0.125135, 0, 0.413222, 0.113112, 0, 0, 0.357041
1.099, 0, 0, 0, 0.0733791, 1.26336, 0, 0.597975, 0.125066, 0, 0.412919, 0.113056, 0, 0, 0.356837
1.1, 0, 0, 0, 0.0730362, 1.26423, 0, 0.598437, 0.125116, 0, 0.413247, 0.11311, 0, 0, 0.357045
1.101, 0, 0, 0, 0.0726377, 1.26393, 0, 0.597976, 0.125063, 0, 0.412924, 0.113058, 0, 0, 0.356841
1.102, 0, 0, 0, 0.0735866, 1.26339, 0, 0.597116, 0.125408, 0, 0.413064, 0.113063, 0, 0, 0.356899
1.103, 0, 0, 0, 0.073743, 1.26371, 0, 0.597315, 0.12548, 0, 0.413226, 0.113114, 0, 0, 0.357045
1.104, 0, 0, 0, 0.0728202, 1.2642, 0, 0.597124, 0.125479, 0, 0.413091, 0.113103, 0, 0, 0.356975
1.105, 0, 0, 0, 0.0726843, 1.26389, 0, 0.597993, 0.125074, 0, 0.412949, 0.113053, 0, 0, 0.356842
1.106, 0, 0, 0, 0.072851, 1.26396, 0, 0.598199, 0.125069, 0, 0.413078, 0.113066, 0, 0, 0.35691
1.107, 0, 0, 0, 0.0727936, 1.26398, 0, 0.598145, 0.125068, 0, 0.41304, 0.113066, 0, 0, 0.356899
1.108, 0, 0, 0, 0.0735423, 1.26341, 0, 0.59708, 0.125413, 0, 0.413037, 0.113065, 0, 0, 0.356894
1.109, 0, 0, 0, 0.0729942, 1.26425, 0, 0.597311, 0.12548, 0, 0.41322, 0.113112, 0, 0, 0.35704
1.11, 0, 0, 0, 0.0733815, 1.26336, 0, 0.59689, 0.125425, 0, 0.412918, 0.113056, 0, 0, 0.356836
1.111, 0, 0, 0, 0.073038, 1.26423, 0, 0.598417, 0.125131, 0, 0.413248, 0.11311, 0, 0, 0.357046
1.112, 0, 0, 0, 0.0733837, 1.26338, 0, 0.597984, 0.125068, 0, 0.412925, 0.113058, 0, 0, 0.356842
1.113, 0, 0, 0, 0.0730296, 1.26423, 0, 0.59843, 0.125116, 0, 0.413241, 0.11311, 0, 0, 0.357042
1.114, 0, 0, 0, 0.0726415, 1.26393, 0, 0.59798, 0.125063, 0, 0.412926, 0.113058, 0, 0, 0.356842
1.115, 0, 0, 0, 0.0728421, 1.26395, 0, 0.597117, 0.125409, 0, 0.413064, 0.113063, 0, 0, 0.3569
1.116, 0, 0, 0, 0.0735523, 1.26342, 0, 0.597071, 0.125427, 0, 0.413048, 0.113067, 0, 0, 0.356902
1.117, 0, 0, 0, 0.0737322, 1.26369, 0, 0.597302, 0.125482, 0, 0.413214, 0.113111, 0, 0, 0.357037
1.118, 0, 0, 0, 0.0728288, 1.2642, 0, 0.598197, 0.125131, 0, 0.413098, 0.113102, 0, 0, 0.356979
1.119, 0, 0, 0, 0.0726836, 1.2639, 0, 0.598014, 0.125063, 0, 0.412948, 0.113054, 0, 0, 0.356843
1.12, 0, 0, 0, 0.0728498, 1.26396, 0, 0.598196, 0.125065, 0, 0.413075, 0.113065, 0, 0, 0.356908
1.121, 0, 0, 0, 0.0727982, 1.26398, 0, 0.597086, 0.125417, 0, 0.413041, 0.113067, 0, 0, 0.356899
1.122, 0, 0, 0, 0.0735422, 1.2634, 0, 0.597059, 0.125425, 0, 0.413036, 0.113064, 0, 0, 0.356893
1.123, 0, 0, 0, 0.0737415, 1.2637, 0, 0.598372, 0.125133, 0, 0.413222, 0.113111, 0, 0, 0.357041
1.124, 0, 0, 0, 0.0735725, 1.26365, 0, 0.598212, 0.125119, 0, 0.413097, 0.113103, 0, 0, 0.35698
1.125, 0, 0, 0, 0.0728743, 1.26419, 0, 0.597195, 0.125462, 0, 0.413123, 0.113102, 0, 0, 0.356984
1.126, 0, 0, 0, 0.0726871, 1.26391, 0, 0.59694, 0.125421, 0, 0.412952, 0.113056, 0, 0, 0.356846
1.127, 0, 0, 0, 0.072845, 1.26395, 0, 0.598169, 0.125079, 0, 0.413072, 0.113064, 0, 0, 0.356906
1.128, 0, 0, 0, 0.0728005, 1.26398, 0, 0.598151, 0.125072, 0, 0.413045, 0.113067, 0, 0, 0.356902
1.129, 0, 0, 0, 0.0727954, 1.26396, 0, 0.598139, 0.125066, 0, 0.413037, 0.113065, 0, 0, 0.356894
1.13, 0, 0, 0, 0.072806, 1.26397, 0, 0.597086, 0.125415, 0, 0.413042, 0.113066, 0, 0, 0.356898
1.131, 0, 0, 0, 0.0735472, 1.26341, 0, 0.597061, 0.125426, 0, 0.413039, 0.113065, 0, 0, 0.356896
1.132, 0, 0, 0, 0.073741, 1.2637, 0, 0.59731, 0.125483, 0, 0.413219, 0.113112, 0, 0, 0.35704
1.133, 0, 0, 0, 0.073573, 1.26365, 0, 0.598195, 0.125131, 0, 0.413096, 0.113102, 0, 0, 0.356979
1.134, 0, 0, 0, 0.0736212, 1.26363, 0, 0.59826, 0.125116, 0, 0.413125, 0.113101, 0, 0, 0.356985
1.135, 0, 0, 0, 0.072877, 1.2642, 0, 0.598267, 0.125115, 0, 0.41313, 0.113103, 0, 0, 0.35699
1.136, 0, 0, 0, 0.0726796, 1.26391, 0, 0.598009, 0.125059, 0, 0.412947, 0.113055, 0, 0, 0.356844
1.137, 0, 0, 0, 0.0728496, 1.26396, 0, 0.597127, 0.125412, 0, 0.413073, 0.113065, 0, 0, 0.356906
1.138, 0, 0, 0, 0.0728006, 1.26397, 0, 0.597062, 0.125428, 0, 0.413043, 0.113066, 0, 0, 0.3569
1.139, 0, 0, 0, 0.0727993, 1.26396, 0, 0.597057, 0.12543, 0, 0.413039, 0.113065, 0, 0, 0.356895
1.14, 0, 0, 0, 0.0728043, 1.26396, 0, 0.598127, 0.125082, 0, 0.413044, 0.113065, 0, 0, 0.356898
1.141, 0, 0, 0, 0.0728026, 1.26397, 0, 0.598146, 0.125071, 0, 0.413042, 0.113066, 0, 0, 0.356898
1.142, 0, 0, 0, 0.0735462, 1.26341, 0, 0.598142, 0.125066, 0, 0.413039, 0.113065, 0, 0, 0.356897
1.143, 0, 0, 0, 0.0737411, 1.2637, 0, 0.597327, 0.125468, 0, 0.413218, 0.113113, 0, 0, 0.35704
1.144, 0, 0, 0, 0.0735743, 1.26365, 0, 0.597128, 0.125476, 0, 0.413094, 0.113103, 0, 0, 0.356977
1.145, 0, 0, 0, 0.0736237, 1.26363, 0, 0.597175, 0.125476, 0, 0.413125, 0.113101, 0, 0, 0.356985
1.146, 0, 0, 0, 0.0728785, 1.26419, 0, 0.598246, 0.125131, 0, 0.413132, 0.113102, 0, 0, 0.35699
1.147, 0, 0, 0, 0.0726809, 1.26391, 0, 0.598017, 0.125065, 0, 0.412949, 0.113055, 0, 0, 0.356845
1.148, 0, 0, 0, 0.0728472, 1.26395, 0, 0.598195, 0.125065, 0, 0.413072, 0.113064, 0, 0, 0.356906
1.149, 0, 0, 0, 0.0728007, 1.26397, 0, 0.598148, 0.125067, 0, 0.413044, 0.113066, 0, 0, 0.356901
1.15, 0, 0, 0, 0.0727992, 1.26396, 0, 0.597077, 0.125414, 0, 0.413037, 0.113065, 0, 0, 0.356895
1.151, 0, 0, 0, 0.072806, 1.26396, 0, 0.597062, 0.125426, 0, 0.413042, 0.113065, 0, 0, 0.356897
1.152, 0, 0, 0, 0.0728053, 1.26396, 0, 0.597063, 0.12543, 0, 0.413042, 0.113065, 0, 0, 0.356898
1.153, 0, 0, 0, 0.0735479, 1.26341, 0, 0.598123, 0.125081, 0, 0.413041, 0.113064, 0, 0, 0.356898
1.154, 0, 0, 0, 0.073741, 1.2637, 0, 0.598392, 0.125124, 0, 0.41322, 0.113112, 0, 0, 0.357041
1.155, 0, 0, 0, 0.0735733, 1.26365, 0, 0.598211, 0.125116, 0, 0.413094, 0.113103, 0, 0, 0.356978
1.156, 0, 0, 0, 0.0736236, 1.26363, 0, 0.597193, 0.12546, 0, 0.413124, 0.113101, 0, 0, 0.356984
1.157, 0, 0, 0, 0.0728802, 1.2642, 0, 0.597181, 0.125475, 0, 0.41313, 0.113103, 0, 0, 0.356989
1.158, 0, 0, 0, 0.072682, 1.2639, 0, 0.597987, 0.125075, 0, 0.412949, 0.113054, 0, 0, 0.356845
1.159, 0, 0, 0, 0.0728503, 1.26396, 0, 0.598189, 0.125068, 0, 0.413075, 0.113065, 0, 0, 0.356908
1.16, 0, 0, 0, 0.0728018, 1.26398, 0, 0.597088, 0.125418, 0, 0.413043, 0.113067, 0, 0, 0.356901
1.161, 0, 0, 0, 0.0727986, 1.26396, 0, 0.59706, 0.125427, 0, 0.413037, 0.113064, 0, 0, 0.356894
1.162, 0, 0, 0, 0.0728071, 1.26396, 0, 0.598128, 0.125081, 0, 0.413045, 0.113065, 0, 0, 0.356899
1.163, 0, 0, 0, 0.0735492, 1.26341, 0, 0.598145, 0.12507, 0, 0.413042, 0.113065, 0, 0, 0.356899
1.164, 0, 0, 0, 0.0737389, 1.2637, 0, 0.598386, 0.12512, 0, 0.413218, 0.113112, 0, 0, 0.35704
1.165, 0, 0, 0, 0.0735767, 1.26365, 0, 0.597149, 0.125464, 0, 0.413095, 0.113103, 0, 0, 0.356979
1.166, 0, 0, 0, 0.0728773, 1.26418, 0, 0.597169, 0.125473, 0, 0.413123, 0.113101, 0, 0, 0.356983
1.167, 0, 0, 0, 0.0726917, 1.26391, 0, 0.596938, 0.125425, 0, 0.412954, 0.113056, 0, 0, 0.356848
1.168, 0, 0, 0, 0.0728464, 1.26395, 0, 0.598169, 0.125081, 0, 0.413072, 0.113064, 0, 0, 0.356906
1.169, 0, 0, 0, 0.0728031, 1.26397, 0, 0.598153, 0.125073, 0, 0.413045, 0.113066, 0, 0, 0.356902
1.17, 0, 0, 0, 0.072798, 1.26396, 0, 0.598142, 0.125067, 0, 0.413037, 0.113064, 0, 0, 0.356895
1.171, 0, 0, 0, 0.073552, 1.26341, 0, 0.598144, 0.125065, 0, 0.413043, 0.113065, 0, 0, 0.356898
1.172, 0, 0, 0, 0.0737424, 1.2637, 0, 0.597323, 0.125468, 0, 0.413218, 0.113113, 0, 0, 0.35704
1.173, 0, 0, 0, 0.0735757, 1.26365, 0, 0.597123, 0.125476, 0, 0.413094, 0.113102, 0, 0, 0.356978
1.174, 0, 0, 0, 0.0728801, 1.26418, 0, 0.59717, 0.125477, 0, 0.413126, 0.113101, 0, 0, 0.356985
1.175, 0, 0, 0, 0.0726892, 1.26391, 0, 0.597995, 0.125077, 0, 0.412954, 0.113055, 0, 0, 0.356848
1.176, 0, 0, 0, 0.0728479, 1.26396, 0, 0.598188, 0.125069, 0, 0.413072, 0.113065, 0, 0, 0.356907
1.177, 0, 0, 0, 0.0728015, 1.26397, 0, 0.598146, 0.125069, 0, 0.413043, 0.113066, 0, 0, 0.3569
1.178, 0, 0, 0, 0.0728013, 1.26396, 0, 0.597077, 0.125415, 0, 0.413037, 0.113065, 0, 0, 0.356895
1.179, 0, 0, 0, 0.0735528, 1.26341, 0, 0.597063, 0.125426, 0, 0.413042, 0.113065, 0, 0, 0.356897
1.18, 0, 0, 0, 0.0737433, 1.2637, 0, 0.59731, 0.125484, 0, 0.41322, 0.113112, 0, 0, 0.357041
1.181, 0, 0, 0, 0.073575, 1.26364, 0, 0.598194, 0.125132, 0, 0.413096, 0.113102, 0, 0, 0.356979
1.182, 0, 0, 0, 0.0728784, 1.26419, 0, 0.59826, 0.125118, 0, 0.413126, 0.113101, 0, 0, 0.356986
1.183, 0, 0, 0, 0.0726885, 1.26391, 0, 0.598021, 0.125062, 0, 0.412952, 0.113056, 0, 0, 0.356847
1.184, 0, 0, 0, 0.0728475, 1.26395, 0, 0.598185, 0.125064, 0, 0.413071, 0.113064, 0, 0, 0.356906
1.185, 0, 0, 0, 0.0728049, 1.26398, 0, 0.597084, 0.125417, 0, 0.413044, 0.113067, 0, 0, 0.356901
1.186, 0, 0, 0, 0.0728006, 1.26396, 0, 0.597052, 0.125426, 0, 0.413037, 0.113064, 0, 0, 0.356894
1.187, 0, 0, 0, 0.0735553, 1.26341, 0, 0.597064, 0.12543, 0, 0.413044, 0.113065, 0, 0, 0.356899
1.188, 0, 0, 0, 0.0737408, 1.26369, 0, 0.598368, 0.125136, 0, 0.41322, 0.113111, 0, 0, 0.357041
1.189, 0, 0, 0, 0.0728313, 1.2642, 0, 0.598214, 0.125121, 0, 0.413097, 0.113103, 0, 0, 0.35698
1.19, 0, 0, 0, 0.0726862, 1.26389, 0, 0.598008, 0.12506, 0, 0.412946, 0.113054, 0, 0, 0.356842
1.191, 0, 0, 0, 0.0736027, 1.26341, 0, 0.597133, 0.125413, 0, 0.413076, 0.113065, 0, 0, 0.356909
1.192, 0, 0, 0, 0.0729919, 1.26426, 0, 0.597307, 0.125483, 0, 0.413218, 0.113113, 0, 0, 0.357042
1.193, 0, 0, 0, 0.0726364, 1.2639, 0, 0.597939, 0.125077, 0, 0.412916, 0.113054, 0, 0, 0.356834
1.194, 0, 0, 0, 0.073602, 1.26339, 0, 0.598187, 0.125066, 0, 0.413074, 0.113063, 0, 0, 0.356906
1.195, 0, 0, 0, 0.0729991, 1.26427, 0, 0.597336, 0.125473, 0, 0.413224, 0.113115, 0, 0, 0.357046
1.196, 0, 0, 0, 0.0733774, 1.26335, 0, 0.596878, 0.125423, 0, 0.412911, 0.113055, 0, 0, 0.356832
1.197, 0, 0, 0, 0.0730478, 1.26423, 0, 0.598415, 0.125131, 0, 0.413252, 0.11311, 0, 0, 0.357047
1.198, 0, 0, 0, 0.0726438, 1.26393, 0, 0.597976, 0.12507, 0, 0.412925, 0.113058, 0, 0, 0.356843
1.199, 0, 0, 0, 0.0728439, 1.26394, 0, 0.598175, 0.125063, 0, 0.413064, 0.113062, 0, 0, 0.3569
1.2, 0, 0, 0, 0.0735589, 1.26343, 0, 0.597092, 0.125417, 0, 0.413049, 0.113067, 0, 0, 0.356904
1.201, 0, 0, 0, 0.0737348, 1.26369, 0, 0.597295, 0.12548, 0, 0.413212, 0.113111, 0, 0, 0.357036
1.202, 0, 0, 0, 0.0728366, 1.2642, 0, 0.597134, 0.125481, 0, 0.413099, 0.113103, 0, 0, 0.35698
1.203, 0, 0, 0, 0.0726874, 1.26389, 0, 0.59799, 0.125076, 0, 0.412948, 0.113053, 0, 0, 0.356842
1.204, 0, 0, 0, 0.0728567, 1.26396, 0, 0.598199, 0.12507, 0, 0.413077, 0.113065, 0, 0, 0.35691
1.205, 0, 0, 0, 0.0735451, 1.26342, 0, 0.598146, 0.125069, 0, 0.413041, 0.113066, 0, 0, 0.3569
1.206, 0, 0, 0, 0.0729921, 1.26425, 0, 0.598381, 0.125119, 0, 0.413216, 0.113111, 0, 0, 0.357038
1.207, 0, 0, 0, 0.07339, 1.26336, 0, 0.596903, 0.125411, 0, 0.41292, 0.113056, 0, 0, 0.356837
1.208, 0, 0, 0, 0.0730441, 1.26423, 0, 0.597342, 0.125477, 0, 0.413247, 0.11311, 0, 0, 0.357045
1.209, 0, 0, 0, 0.0726464, 1.26393, 0, 0.59689, 0.12543, 0, 0.412925, 0.113058, 0, 0, 0.356842
1.21, 0, 0, 0, 0.0728457, 1.26393, 0, 0.598155, 0.125079, 0, 0.413065, 0.113062, 0, 0, 0.356901
1.211, 0, 0, 0, 0.0735582, 1.26342, 0, 0.598155, 0.125073, 0, 0.413051, 0.113067, 0, 0, 0.356905
1.212, 0, 0, 0, 0.0737335, 1.26369, 0, 0.598378, 0.12512, 0, 0.413213, 0.113111, 0, 0, 0.357037
1.213, 0, 0, 0, 0.0728362, 1.26421, 0, 0.597151, 0.125466, 0, 0.413097, 0.113104, 0, 0, 0.356979
1.214, 0, 0, 0, 0.0726888, 1.26389, 0, 0.596924, 0.12542, 0, 0.412946, 0.113054, 0, 0, 0.356841
1.215, 0, 0, 0, 0.072859, 1.26396, 0, 0.597114, 0.12543, 0, 0.413077, 0.113065, 0, 0, 0.35691
1.216, 0, 0, 0, 0.0735466, 1.26342, 0, 0.598126, 0.125085, 0, 0.413043, 0.113065, 0, 0, 0.356901
1.217, 0, 0, 0, 0.0737389, 1.26369, 0, 0.598389, 0.125124, 0, 0.413217, 0.113111, 0, 0, 0.357039
1.218, 0, 0, 0, 0.0728334, 1.2642, 0, 0.598218, 0.125118, 0, 0.413098, 0.113103, 0, 0, 0.35698
1.219, 0, 0, 0, 0.0726878, 1.26389, 0, 0.598006, 0.125059, 0, 0.412947, 0.113054, 0, 0, 0.356842
1.22, 0, 0, 0, 0.0728586, 1.26396, 0, 0.597129, 0.125414, 0, 0.413076, 0.113066, 0, 0, 0.356909
1.221, 0, 0, 0, 0.0728025, 1.26397, 0, 0.597057, 0.125429, 0, 0.413041, 0.113066, 0, 0, 0.356899
1.222, 0, 0, 0, 0.0735497, 1.2634, 0, 0.597055, 0.12543, 0, 0.413039, 0.113064, 0, 0, 0.356896
1.223, 0, 0, 0, 0.0737456, 1.26369, 0, 0.59837, 0.125136, 0, 0.413222, 0.113111, 0, 0, 0.357042
1.224, 0, 0, 0, 0.0728324, 1.2642, 0, 0.598213, 0.125122, 0, 0.413097, 0.113103, 0, 0, 0.35698
1.225, 0, 0, 0, 0.0726873, 1.26389, 0, 0.598007, 0.12506, 0, 0.412946, 0.113054, 0, 0, 0.356842
1.226, 0, 0, 0, 0.0728591, 1.26396, 0, 0.597133, 0.125415, 0, 0.413076, 0.113066, 0, 0, 0.356909
1.227, 0, 0, 0, 0.0735477, 1.26342, 0, 0.59706, 0.125429, 0, 0.413041, 0.113066, 0, 0, 0.356899
1.228, 0, 0, 0, 0.0737396, 1.26369, 0, 0.59836, 0.125134, 0, 0.413217, 0.11311, 0, 0, 0.357038
1.229, 0, 0, 0, 0.0728362, 1.2642, 0, 0.598212, 0.125121, 0, 0.4131, 0.113103, 0, 0, 0.356981
1.23, 0, 0, 0, 0.0726886, 1.2639, 0, 0.596946, 0.12541, 0, 0.412946, 0.113055, 0, 0, 0.356842
1.231, 0, 0, 0, 0.0728576, 1.26395, 0, 0.597113, 0.125427, 0, 0.413076, 0.113065, 0, 0, 0.356908
1.232, 0, 0, 0, 0.0728033, 1.26397, 0, 0.598123, 0.125084, 0, 0.413044, 0.113066, 0, 0, 0.356901
1.233, 0, 0, 0, 0.0735483, 1.26341, 0, 0.598138, 0.12507, 0, 0.413039, 0.113064, 0, 0, 0.356896
1.234, 0, 0, 0, 0.0737452, 1.2637, 0, 0.598388, 0.125121, 0, 0.413221, 0.113112, 0, 0, 0.357041
1.235, 0, 0, 0, 0.0728339, 1.26421, 0, 0.597147, 0.125466, 0, 0.413095, 0.113104, 0, 0, 0.356979
1.236, 0, 0, 0, 0.0726896, 1.26389, 0, 0.596922, 0.12542, 0, 0.412946, 0.113054, 0, 0, 0.356841
1.237, 0, 0, 0, 0.0736057, 1.2634, 0, 0.597113, 0.125429, 0, 0.413078, 0.113065, 0, 0, 0.35691
1.238, 0, 0, 0, 0.0729929, 1.26426, 0, 0.59837, 0.125139, 0, 0.413221, 0.113113, 0, 0, 0.357043
1.239, 0, 0, 0, 0.072638, 1.26391, 0, 0.597965, 0.125068, 0, 0.412916, 0.113055, 0, 0, 0.356835
1.24, 0, 0, 0, 0.0736016, 1.26339, 0, 0.59819, 0.125064, 0, 0.413072, 0.113063, 0, 0, 0.356904
1.241, 0, 0, 0, 0.0730005, 1.26427, 0, 0.598393, 0.125123, 0, 0.413225, 0.113114, 0, 0, 0.357046
1.242, 0, 0, 0, 0.072636, 1.26391, 0, 0.596891, 0.125411, 0, 0.412912, 0.113056, 0, 0, 0.356833
1.243, 0, 0, 0, 0.073604, 1.26339, 0, 0.597099, 0.125423, 0, 0.413072, 0.113063, 0, 0, 0.356904
1.244, 0, 0, 0, 0.0737494, 1.26371, 0, 0.597312, 0.125487, 0, 0.413227, 0.113114, 0, 0, 0.357047
1.245, 0, 0, 0, 0.0728248, 1.26419, 0, 0.59818, 0.125133, 0, 0.413091, 0.113101, 0, 0, 0.356976
1.246, 0, 0, 0, 0.0726935, 1.26389, 0, 0.598011, 0.125065, 0, 0.412951, 0.113054, 0, 0, 0.356844
1.247, 0, 0, 0, 0.072858, 1.26396, 0, 0.597136, 0.125417, 0, 0.413076, 0.113066, 0, 0, 0.35691
1.248, 0, 0, 0, 0.0728013, 1.26397, 0, 0.598121, 0.125081, 0, 0.413041, 0.113065, 0, 0, 0.356899
1.249, 0, 0, 0, 0.0735505, 1.2634, 0, 0.598136, 0.125069, 0, 0.41304, 0.113064, 0, 0, 0.356897
1.25, 0, 0, 0, 0.0737473, 1.2637, 0, 0.597327, 0.12547, 0, 0.41322, 0.113113, 0, 0, 0.357041
1.251, 0, 0, 0, 0.0728331, 1.2642, 0, 0.597127, 0.125478, 0, 0.413095, 0.113103, 0, 0, 0.356978
1.252, 0, 0, 0, 0.0726906, 1.26389, 0, 0.597984, 0.125075, 0, 0.412949, 0.113053, 0, 0, 0.356843
1.253, 0, 0, 0, 0.0728593, 1.26396, 0, 0.598191, 0.12507, 0, 0.413078, 0.113065, 0, 0, 0.356911
1.254, 0, 0, 0, 0.0735486, 1.26342, 0, 0.597081, 0.125419, 0, 0.413041, 0.113067, 0, 0, 0.3569
1.255, 0, 0, 0, 0.0729945, 1.26424, 0, 0.597303, 0.125481, 0, 0.413215, 0.113111, 0, 0, 0.357037
1.256, 0, 0, 0, 0.073391, 1.26336, 0, 0.597948, 0.125078, 0, 0.412922, 0.113055, 0, 0, 0.356838
1.257, 0, 0, 0, 0.0730463, 1.26423, 0, 0.598431, 0.125121, 0, 0.413249, 0.11311, 0, 0, 0.357048
1.258, 0, 0, 0, 0.0726444, 1.26393, 0, 0.597971, 0.125067, 0, 0.412923, 0.113058, 0, 0, 0.356842
1.259, 0, 0, 0, 0.073595, 1.26339, 0, 0.597114, 0.125411, 0, 0.413065, 0.113063, 0, 0, 0.3569
1.26, 0, 0, 0, 0.0730054, 1.26426, 0, 0.597315, 0.125484, 0, 0.413227, 0.113114, 0, 0, 0.357046
1.261, 0, 0, 0, 0.0726374, 1.26391, 0, 0.596877, 0.125428, 0, 0.412914, 0.113055, 0, 0, 0.356834
1.262, 0, 0, 0, 0.0736033, 1.26338, 0, 0.598169, 0.125079, 0, 0.413073, 0.113062, 0, 0, 0.356905
1.263, 0, 0, 0, 0.0737483, 1.26371, 0, 0.598402, 0.125128, 0, 0.413227, 0.113114, 0, 0, 0.357048
1.264, 0, 0, 0, 0.0728243, 1.2642, 0, 0.598205, 0.125118, 0, 0.41309, 0.113102, 0, 0, 0.356975
1.265, 0, 0, 0, 0.0726934, 1.26389, 0, 0.598008, 0.125059, 0, 0.41295, 0.113054, 0, 0, 0.356843
1.266, 0, 0, 0, 0.0728602, 1.26396, 0, 0.597128, 0.125414, 0, 0.413077, 0.113066, 0, 0, 0.35691
1.267, 0, 0, 0, 0.0728037, 1.26397, 0, 0.597054, 0.125429, 0, 0.413041, 0.113066, 0, 0, 0.356899
1.268, 0, 0, 0, 0.0735516, 1.2634, 0, 0.597054, 0.12543, 0, 0.413039, 0.113064, 0, 0, 0.356896
1.269, 0, 0, 0, 0.0737472, 1.26369, 0, 0.598368, 0.125136, 0, 0.413222, 0.113111, 0, 0, 0.357042
1.27, 0, 0, 0, 0.072834, 1.2642, 0, 0.598211, 0.125122, 0, 0.413097, 0.113103, 0, 0, 0.35698
1.271, 0, 0, 0, 0.0726889, 1.26389, 0, 0.598005, 0.125061, 0, 0.412946, 0.113054, 0, 0, 0.356842
1.272, 0, 0, 0, 0.0728606, 1.26396, 0, 0.597131, 0.125415, 0, 0.413076, 0.113066, 0, 0, 0.35691
1.273, 0, 0, 0, 0.0735493, 1.26342, 0, 0.597058, 0.125429, 0, 0.413041, 0.113066, 0, 0, 0.3569
1.274, 0, 0, 0, 0.0729971, 1.26425, 0, 0.597304, 0.125485, 0, 0.413217, 0.113111, 0, 0, 0.357039
1.275, 0, 0, 0, 0.0733902, 1.26335, 0, 0.597951, 0.125079, 0, 0.412921, 0.113055, 0, 0, 0.356838
1.276, 0, 0, 0, 0.0730468, 1.26423, 0, 0.598436, 0.125122, 0, 0.413249, 0.11311, 0, 0, 0.357048
1.277, 0, 0, 0, 0.0726449, 1.26393, 0, 0.597977, 0.125067, 0, 0.412924, 0.113058, 0, 0, 0.356842
1.278, 0, 0, 0, 0.0735938, 1.26338, 0, 0.598175, 0.125061, 0, 0.413065, 0.113062, 0, 0, 0.3569
1.279, 0, 0, 0, 0.0730073, 1.26427, 0, 0.597335, 0.125471, 0, 0.413227, 0.113115, 0, 0, 0.357047
1.28, 0, 0, 0, 0.072636, 1.26391, 0, 0.59687, 0.125423, 0, 0.412912, 0.113055, 0, 0, 0.356832
1.281, 0, 0, 0, 0.073607, 1.26339, 0, 0.597105, 0.125427, 0, 0.413074, 0.113063, 0, 0, 0.356905
1.282, 0, 0, 0, 0.0737478, 1.26371, 0, 0.598375, 0.125139, 0, 0.413227, 0.113113, 0, 0, 0.357047
1.283, 0, 0, 0, 0.0728269, 1.2642, 0, 0.598204, 0.125122, 0, 0.413092, 0.113102, 0, 0, 0.356977
1.284, 0, 0, 0, 0.0726926, 1.26389, 0, 0.59801, 0.125061, 0, 0.412949, 0.113054, 0, 0, 0.356843
1.285, 0, 0, 0, 0.0728604, 1.26396, 0, 0.597132, 0.125415, 0, 0.413077, 0.113066, 0, 0, 0.35691
1.286, 0, 0, 0, 0.0728041, 1.26397, 0, 0.59706, 0.12543, 0, 0.413041, 0.113066, 0, 0, 0.356899
1.287, 0, 0, 0, 0.0735503, 1.2634, 0, 0.598114, 0.125081, 0, 0.41304, 0.113063, 0, 0, 0.356896
1.288, 0, 0, 0, 0.073749, 1.2637, 0, 0.598388, 0.125124, 0, 0.413223, 0.113112, 0, 0, 0.357043
1.289, 0, 0, 0, 0.0728341, 1.26421, 0, 0.597149, 0.125468, 0, 0.413095, 0.113104, 0, 0, 0.356979
1.29, 0, 0, 0, 0.0726911, 1.26389, 0, 0.596927, 0.125421, 0, 0.412946, 0.113054, 0, 0, 0.356841
1.291, 0, 0, 0, 0.0728604, 1.26395, 0, 0.598173, 0.125081, 0, 0.413079, 0.113064, 0, 0, 0.35691
1.292, 0, 0, 0, 0.0735501, 1.26342, 0, 0.598143, 0.125073, 0, 0.413043, 0.113066, 0, 0, 0.356902
1.293, 0, 0, 0, 0.0729939, 1.26425, 0, 0.598379, 0.125121, 0, 0.413215, 0.113111, 0, 0, 0.357038
1.294, 0, 0, 0, 0.0733929, 1.26336, 0, 0.596905, 0.125412, 0, 0.41292, 0.113056, 0, 0, 0.356837
1.295, 0, 0, 0, 0.0730471, 1.26423, 0, 0.597344, 0.125478, 0, 0.413247, 0.11311, 0, 0, 0.357046
1.296, 0, 0, 0, 0.0726492, 1.26393, 0, 0.596893, 0.125431, 0, 0.412925, 0.113058, 0, 0, 0.356843
1.297, 0, 0, 0, 0.0735938, 1.26338, 0, 0.598157, 0.125079, 0, 0.413066, 0.113061, 0, 0, 0.356901
1.298, 0, 0, 0, 0.0730066, 1.26427, 0, 0.598404, 0.125128, 0, 0.413229, 0.113114, 0, 0, 0.357049
1.299, 0, 0, 0, 0.0726346, 1.26391, 0, 0.597959, 0.125065, 0, 0.412912, 0.113055, 0, 0, 0.356833
1.3, 0, 0, 0, 0.0736048, 1.26339, 0, 0.598184, 0.125062, 0, 0.413073, 0.113063, 0, 0, 0.356904
1.301, 0, 0, 0, 0.0737504, 1.26372, 0, 0.597329, 0.125471, 0, 0.413226, 0.113114, 0, 0, 0.357047
1.302, 0, 0, 0, 0.0728272, 1.26419, 0, 0.597113, 0.125477, 0, 0.41309, 0.113102, 0, 0, 0.356975
1.303, 0, 0, 0, 0.072697, 1.26389, 0, 0.596926, 0.125424, 0, 0.412951, 0.113054, 0, 0, 0.356844
1.304, 0, 0, 0, 0.0728589, 1.26395, 0, 0.59817, 0.125082, 0, 0.413078, 0.113064, 0, 0, 0.356911
1.305, 0, 0, 0, 0.0728048, 1.26397, 0, 0.598142, 0.125074, 0, 0.413043, 0.113066, 0, 0, 0.356902
1.306, 0, 0, 0, 0.0735485, 1.2634, 0, 0.598134, 0.125067, 0, 0.413038, 0.113064, 0, 0, 0.356895
1.307, 0, 0, 0, 0.07375, 1.2637, 0, 0.597327, 0.12547, 0, 0.413221, 0.113112, 0, 0, 0.357042
1.308, 0, 0, 0, 0.0728346, 1.2642, 0, 0.597125, 0.125478, 0, 0.413095, 0.113103, 0, 0, 0.356979
1.309, 0, 0, 0, 0.0726935, 1.26389, 0, 0.596927, 0.125425, 0, 0.412948, 0.113054, 0, 0, 0.356843
1.31, 0, 0, 0, 0.0728595, 1.26395, 0, 0.598175, 0.125083, 0, 0.413078, 0.113064, 0, 0, 0.35691
1.311, 0, 0, 0, 0.0735504, 1.26342, 0, 0.598148, 0.125074, 0, 0.413043, 0.113066, 0, 0, 0.356902
1.312, 0, 0, 0, 0.0729942, 1.26425, 0, 0.598385, 0.125122, 0, 0.413215, 0.113111, 0, 0, 0.357038
1.313, 0, 0, 0, 0.0733916, 1.26336, 0, 0.597965, 0.125063, 0, 0.412921, 0.113055, 0, 0, 0.356837
1.314, 0, 0, 0, 0.0730488, 1.26423, 0, 0.597364, 0.125466, 0, 0.413248, 0.113111, 0, 0, 0.357047
1.315, 0, 0, 0, 0.0726477, 1.26392, 0, 0.596885, 0.125426, 0, 0.412924, 0.113057, 0, 0, 0.356841
1.316, 0, 0, 0, 0.0735973, 1.26338, 0, 0.597093, 0.125427, 0, 0.413066, 0.113062, 0, 0, 0.356901
1.317, 0, 0, 0, 0.073006, 1.26426, 0, 0.598377, 0.12514, 0, 0.413229, 0.113113, 0, 0, 0.357048
1.318, 0, 0, 0, 0.072637, 1.26391, 0, 0.597958, 0.125069, 0, 0.412914, 0.113055, 0, 0, 0.356835
1.319, 0, 0, 0, 0.0736038, 1.26339, 0, 0.598185, 0.125064, 0, 0.413072, 0.113063, 0, 0, 0.356904
1.32, 0, 0, 0, 0.0737506, 1.26372, 0, 0.597334, 0.125472, 0, 0.413226, 0.113114, 0, 0, 0.357047
1.321, 0, 0, 0, 0.0728274, 1.26419, 0, 0.597118, 0.125478, 0, 0.41309, 0.113102, 0, 0, 0.356975
1.322, 0, 0, 0, 0.0726956, 1.26389, 0, 0.597987, 0.125075, 0, 0.412952, 0.113053, 0, 0, 0.356844
1.323, 0, 0, 0, 0.0728606, 1.26396, 0, 0.59819, 0.125071, 0, 0.413079, 0.113065, 0, 0, 0.356911
1.324, 0, 0, 0, 0.0728048, 1.26398, 0, 0.59708, 0.12542, 0, 0.413041, 0.113067, 0, 0, 0.3569
1.325, 0, 0, 0, 0.0735506, 1.2634, 0, 0.597056, 0.125427, 0, 0.413038, 0.113064, 0, 0, 0.356895
1.326, 0, 0, 0, 0.0737497, 1.26369, 0, 0.59837, 0.125136, 0, 0.413224, 0.113111, 0, 0, 0.357043
1.327, 0, 0, 0, 0.0728353, 1.2642, 0, 0.59821, 0.125122, 0, 0.413098, 0.113103, 0, 0, 0.356981
1.328, 0, 0, 0, 0.0726902, 1.26389, 0, 0.598003, 0.125061, 0, 0.412947, 0.113054, 0, 0, 0.356842
1.329, 0, 0, 0, 0.0728621, 1.26396, 0, 0.597129, 0.125415, 0, 0.413077, 0.113066, 0, 0, 0.35691
1.33, 0, 0, 0, 0.0735506, 1.26342, 0, 0.597056, 0.125429, 0, 0.413041, 0.113066, 0, 0, 0.3569
1.331, 0, 0, 0, 0.0729984, 1.26424, 0, 0.597301, 0.125485, 0, 0.413217, 0.113111, 0, 0, 0.357039
1.332, 0, 0, 0, 0.0733915, 1.26335, 0, 0.597948, 0.12508, 0, 0.412922, 0.113055, 0, 0, 0.356838
1.333, 0, 0, 0, 0.073048, 1.26423, 0, 0.598433, 0.125123, 0, 0.41325, 0.11311, 0, 0, 0.357048
1.334, 0, 0, 0, 0.0726461, 1.26393, 0, 0.597974, 0.125068, 0, 0.412924, 0.113057, 0, 0, 0.356842
1.335, 0, 0, 0, 0.073595, 1.26338, 0, 0.598172, 0.125062, 0, 0.413065, 0.113062, 0, 0, 0.356901
1.336, 0, 0, 0, 0.0730085, 1.26427, 0, 0.597332, 0.125472, 0, 0.413228, 0.113115, 0, 0, 0.357048
1.337, 0, 0, 0, 0.0726372, 1.26391, 0, 0.596867, 0.125424, 0, 0.412912, 0.113055, 0, 0, 0.356833
1.338, 0, 0, 0, 0.0736082, 1.26339, 0, 0.597102, 0.125427, 0, 0.413074, 0.113063, 0, 0, 0.356905
1.339, 0, 0, 0, 0.0737505, 1.26371, 0, 0.597317, 0.125489, 0, 0.413226, 0.113114, 0, 0, 0.357048
1.34, 0, 0, 0, 0.0728267, 1.26419, 0, 0.598188, 0.125134, 0, 0.413091, 0.113101, 0, 0, 0.356976
1.341, 0, 0, 0, 0.0726956, 1.26389, 0, 0.598021, 0.125066, 0, 0.412951, 0.113054, 0, 0, 0.356844
1.342, 0, 0, 0, 0.0728584, 1.26396, 0, 0.598201, 0.125068, 0, 0.413077, 0.113065, 0, 0, 0.35691
1.343, 0, 0, 0, 0.0728047, 1.26397, 0, 0.598146, 0.125069, 0, 0.413042, 0.113066, 0, 0, 0.356901
1.344, 0, 0, 0, 0.0735508, 1.2634, 0, 0.598133, 0.125065, 0, 0.413039, 0.113064, 0, 0, 0.356896
1.345, 0, 0, 0, 0.0737511, 1.2637, 0, 0.597322, 0.125468, 0, 0.413222, 0.113112, 0, 0, 0.357042
1.346, 0, 0, 0, 0.0728357, 1.2642, 0, 0.597119, 0.125477, 0, 0.413096, 0.113103, 0, 0, 0.356979
1.347, 0, 0, 0, 0.0726946, 1.26389, 0, 0.59692, 0.125424, 0, 0.412949, 0.113054, 0, 0, 0.356843
1.348, 0, 0, 0, 0.0728619, 1.26396, 0, 0.597112, 0.125432, 0, 0.413078, 0.113065, 0, 0, 0.35691
1.349, 0, 0, 0, 0.0728048, 1.26397, 0, 0.598126, 0.125087, 0, 0.413043, 0.113065, 0, 0, 0.356901
1.35, 0, 0, 0, 0.0735513, 1.2634, 0, 0.598145, 0.125072, 0, 0.41304, 0.113064, 0, 0, 0.356897
1.351, 0, 0, 0, 0.0737481, 1.2637, 0, 0.598396, 0.125122, 0, 0.413221, 0.113112, 0, 0, 0.357042
1.352, 0, 0, 0, 0.0735804, 1.26365, 0, 0.59821, 0.125116, 0, 0.413096, 0.113102, 0, 0, 0.35698
1.353, 0, 0, 0, 0.072883, 1.26418, 0, 0.598245, 0.125112, 0, 0.413126, 0.113101, 0, 0, 0.356985
1.354, 0, 0, 0, 0.0726972, 1.26391, 0, 0.596944, 0.12541, 0, 0.412954, 0.113056, 0, 0, 0.356848
1.355, 0, 0, 0, 0.0728535, 1.26395, 0, 0.59709, 0.125426, 0, 0.413071, 0.113064, 0, 0, 0.356906
1.356, 0, 0, 0, 0.0728111, 1.26397, 0, 0.597055, 0.125434, 0, 0.413046, 0.113066, 0, 0, 0.356902
1.357, 0, 0, 0, 0.0728064, 1.26396, 0, 0.597053, 0.125433, 0, 0.413039, 0.113064, 0, 0, 0.356896
1.358, 0, 0, 0, 0.0735572, 1.2634, 0, 0.598125, 0.125084, 0, 0.413045, 0.113064, 0, 0, 0.3569
1.359, 0, 0, 0, 0.0737468, 1.2637, 0, 0.598391, 0.125126, 0, 0.413221, 0.113112, 0, 0, 0.357042
1.36, 0, 0, 0, 0.0728341, 1.2642, 0, 0.598212, 0.125119, 0, 0.413096, 0.113103, 0, 0, 0.356979
1.361, 0, 0, 0, 0.0726925, 1.26389, 0, 0.598004, 0.12506, 0, 0.412948, 0.113054, 0, 0, 0.356842
1.362, 0, 0, 0, 0.0736079, 1.26341, 0, 0.597127, 0.125414, 0, 0.413077, 0.113065, 0, 0, 0.35691
1.363, 0, 0, 0, 0.072997, 1.26426, 0, 0.597299, 0.125484, 0, 0.413219, 0.113113, 0, 0, 0.357043
1.364, 0, 0, 0, 0.0726431, 1.26391, 0, 0.596876, 0.125428, 0, 0.412916, 0.113055, 0, 0, 0.356835
1.365, 0, 0, 0, 0.0736057, 1.26338, 0, 0.598165, 0.12508, 0, 0.413074, 0.113062, 0, 0, 0.356906
1.366, 0, 0, 0, 0.0730044, 1.26427, 0, 0.598397, 0.125129, 0, 0.413227, 0.113114, 0, 0, 0.357048
1.367, 0, 0, 0, 0.072636, 1.26391, 0, 0.597955, 0.125065, 0, 0.412912, 0.113055, 0, 0, 0.356833
1.368, 0, 0, 0, 0.0736081, 1.26339, 0, 0.597126, 0.125412, 0, 0.413073, 0.113063, 0, 0, 0.356905
1.369, 0, 0, 0, 0.0737502, 1.26371, 0, 0.597312, 0.125484, 0, 0.413225, 0.113113, 0, 0, 0.357046
1.37, 0, 0, 0, 0.0728289, 1.26419, 0, 0.598178, 0.125132, 0, 0.413092, 0.113101, 0, 0, 0.356977
1.371, 0, 0, 0, 0.0726966, 1.26389, 0, 0.598007, 0.125065, 0, 0.412952, 0.113054, 0, 0, 0.356845
1.372, 0, 0, 0, 0.0728609, 1.26396, 0, 0.597131, 0.125417, 0, 0.413076, 0.113066, 0, 0, 0.35691
1.373, 0, 0, 0, 0.0728058, 1.26397, 0, 0.597062, 0.125431, 0, 0.413041, 0.113066, 0, 0, 0.3569
1.374, 0, 0, 0, 0.073552, 1.2634, 0, 0.598117, 0.125082, 0, 0.41304, 0.113063, 0, 0, 0.356896
1.375, 0, 0, 0, 0.0737505, 1.2637, 0, 0.598391, 0.125125, 0, 0.413223, 0.113112, 0, 0, 0.357043
1.376, 0, 0, 0, 0.0728342, 1.2642, 0, 0.598207, 0.125119, 0, 0.413096, 0.113103, 0, 0, 0.356979
1.377, 0, 0, 0, 0.0726941, 1.2639, 0, 0.596943, 0.125409, 0, 0.412947, 0.113054, 0, 0, 0.356842
1.378, 0, 0, 0, 0.0728618, 1.26395, 0, 0.597107, 0.125427, 0, 0.413076, 0.113065, 0, 0, 0.356909
1.379, 0, 0, 0, 0.0735535, 1.26342, 0, 0.597062, 0.125433, 0, 0.413044, 0.113066, 0, 0, 0.356901
1.38, 0, 0, 0, 0.073742, 1.26369, 0, 0.598363, 0.125136, 0, 0.413217, 0.11311, 0, 0, 0.357039
1.381, 0, 0, 0, 0.0728396, 1.2642, 0, 0.598218, 0.125123, 0, 0.4131, 0.113103, 0, 0, 0.356982
1.382, 0, 0, 0, 0.0726906, 1.26389, 0, 0.598008, 0.125061, 0, 0.412947, 0.113054, 0, 0, 0.356842
1.383, 0, 0, 0, 0.0728609, 1.26396, 0, 0.598189, 0.125066, 0, 0.413077, 0.113065, 0, 0, 0.35691
1.384, 0, 0, 0, 0.0728078, 1.26398, 0, 0.597076, 0.125418, 0, 0.413042, 0.113067, 0, 0, 0.356901
1.385, 0, 0, 0, 0.0735517, 1.2634, 0, 0.597048, 0.125427, 0, 0.413038, 0.113064, 0, 0, 0.356895
1.386, 0, 0, 0, 0.0737527, 1.26369, 0, 0.597306, 0.125485, 0, 0.413223, 0.113112, 0, 0, 0.357043
1.387, 0, 0, 0, 0.0728354, 1.2642, 0, 0.598186, 0.125134, 0, 0.413097, 0.113102, 0, 0, 0.35698
1.388, 0, 0, 0, 0.0726934, 1.26389, 0, 0.598006, 0.125065, 0, 0.412949, 0.113054, 0, 0, 0.356844
1.389, 0, 0, 0, 0.0736054, 1.2634, 0, 0.598189, 0.125067, 0, 0.413077, 0.113064, 0, 0, 0.35691
1.39, 0, 0, 0, 0.0729983, 1.26426, 0, 0.597324, 0.125473, 0, 0.41322, 0.113114, 0, 0, 0.357044
1.391, 0, 0, 0, 0.0726412, 1.2639, 0, 0.596875, 0.125424, 0, 0.412914, 0.113055, 0, 0, 0.356833
1.392, 0, 0, 0, 0.0728636, 1.26394, 0, 0.597108, 0.125429, 0, 0.413075, 0.113063, 0, 0, 0.356906
1.393, 0, 0, 0, 0.0735579, 1.26342, 0, 0.598132, 0.125086, 0, 0.413049, 0.113066, 0, 0, 0.356905
1.394, 0, 0, 0, 0.0737401, 1.26369, 0, 0.598384, 0.125125, 0, 0.413215, 0.113111, 0, 0, 0.357039
1.395, 0, 0, 0, 0.0728383, 1.2642, 0, 0.598216, 0.125119, 0, 0.413098, 0.113103, 0, 0, 0.35698
1.396, 0, 0, 0, 0.0726926, 1.26389, 0, 0.598004, 0.12506, 0, 0.412948, 0.113054, 0, 0, 0.356843
1.397, 0, 0, 0, 0.0728629, 1.26396, 0, 0.597127, 0.125415, 0, 0.413077, 0.113066, 0, 0, 0.35691
1.398, 0, 0, 0, 0.0735521, 1.26342, 0, 0.597054, 0.125429, 0, 0.413042, 0.113065, 0, 0, 0.3569
1.399, 0, 0, 0, 0.0737454, 1.26369, 0, 0.597299, 0.125484, 0, 0.413218, 0.113111, 0, 0, 0.357039
1.4, 0, 0, 0, 0.0728389, 1.2642, 0, 0.598191, 0.125134, 0, 0.4131, 0.113102, 0, 0, 0.356981
1.401, 0, 0, 0, 0.072693, 1.26389, 0, 0.598008, 0.125065, 0, 0.412949, 0.113054, 0, 0, 0.356844
1.402, 0, 0, 0, 0.0728598, 1.26396, 0, 0.598191, 0.125067, 0, 0.413077, 0.113065, 0, 0, 0.35691
1.403, 0, 0, 0, 0.0728078, 1.26398, 0, 0.597081, 0.125419, 0, 0.413042, 0.113067, 0, 0, 0.356901
1.404, 0, 0, 0, 0.0735518, 1.2634, 0, 0.597053, 0.125427, 0, 0.413038, 0.113064, 0, 0, 0.356895
1.405, 0, 0, 0, 0.0737511, 1.26369, 0, 0.598366, 0.125135, 0, 0.413224, 0.113111, 0, 0, 0.357043
1.406, 0, 0, 0, 0.0728369, 1.2642, 0, 0.598206, 0.125122, 0, 0.413098, 0.113103, 0, 0, 0.356981
1.407, 0, 0, 0, 0.0726932, 1.2639, 0, 0.596944, 0.125411, 0, 0.412946, 0.113054, 0, 0, 0.356842
1.408, 0, 0, 0, 0.0728621, 1.26395, 0, 0.597111, 0.125427, 0, 0.413076, 0.113065, 0, 0, 0.356909
1.409, 0, 0, 0, 0.0735523, 1.26341, 0, 0.598121, 0.125084, 0, 0.413044, 0.113065, 0, 0, 0.356902
1.41, 0, 0, 0, 0.0737436, 1.26369, 0, 0.598382, 0.125125, 0, 0.413218, 0.113111, 0, 0, 0.35704
1.411, 0, 0, 0, 0.0728381, 1.2642, 0, 0.598209, 0.125119, 0, 0.413098, 0.113103, 0, 0, 0.35698
1.412, 0, 0, 0, 0.0726941, 1.2639, 0, 0.596942, 0.125409, 0, 0.412947, 0.113055, 0, 0, 0.356843
1.413, 0, 0, 0, 0.0728618, 1.26395, 0, 0.597106, 0.125427, 0, 0.413076, 0.113065, 0, 0, 0.356909
1.414, 0, 0, 0, 0.072809, 1.26397, 0, 0.597061, 0.125434, 0, 0.413044, 0.113066, 0, 0, 0.356902
1.415, 0, 0, 0, 0.0735511, 1.2634, 0, 0.598117, 0.125083, 0, 0.413039, 0.113063, 0, 0, 0.356896
1.416, 0, 0, 0, 0.0737511, 1.2637, 0, 0.598394, 0.125126, 0, 0.413224, 0.113112, 0, 0, 0.357043
1.417, 0, 0, 0, 0.07358, 1.26365, 0, 0.59821, 0.125118, 0, 0.413096, 0.113102, 0, 0, 0.35698
1.418, 0, 0, 0, 0.0728836, 1.26418, 0, 0.598248, 0.125113, 0, 0.413126, 0.113101, 0, 0, 0.356985
1.419, 0, 0, 0, 0.0726982, 1.26391, 0, 0.596948, 0.125411, 0, 0.412954, 0.113056, 0, 0, 0.356849
1.42, 0, 0, 0, 0.0728549, 1.26395, 0, 0.597095, 0.125426, 0, 0.413071, 0.113064, 0, 0, 0.356906
1.421, 0, 0, 0, 0.0728124, 1.26397, 0, 0.59706, 0.125434, 0, 0.413046, 0.113066, 0, 0, 0.356902
1.422, 0, 0, 0, 0.0728064, 1.26395, 0, 0.598113, 0.125084, 0, 0.41304, 0.113064, 0, 0, 0.356896
1.423, 0, 0, 0, 0.072815, 1.26396, 0, 0.598144, 0.125073, 0, 0.413045, 0.113065, 0, 0, 0.3569
1.424, 0, 0, 0, 0.0735553, 1.26341, 0, 0.598137, 0.125068, 0, 0.413041, 0.113065, 0, 0, 0.356898
1.425, 0, 0, 0, 0.0737499, 1.2637, 0, 0.597322, 0.12547, 0, 0.413219, 0.113112, 0, 0, 0.357041
1.426, 0, 0, 0, 0.0735835, 1.26364, 0, 0.597123, 0.125478, 0, 0.413096, 0.113102, 0, 0, 0.356979
1.427, 0, 0, 0, 0.0728873, 1.26418, 0, 0.59717, 0.125478, 0, 0.413127, 0.113101, 0, 0, 0.356986
1.428, 0, 0, 0, 0.0726964, 1.2639, 0, 0.597996, 0.125079, 0, 0.412955, 0.113055, 0, 0, 0.356849
1.429, 0, 0, 0, 0.0728546, 1.26395, 0, 0.598189, 0.125071, 0, 0.413073, 0.113064, 0, 0, 0.356908
1.43, 0, 0, 0, 0.0728084, 1.26397, 0, 0.598147, 0.125071, 0, 0.413045, 0.113066, 0, 0, 0.356901
1.431, 0, 0, 0, 0.0735514, 1.2634, 0, 0.598134, 0.125066, 0, 0.413039, 0.113064, 0, 0, 0.356896
1.432, 0, 0, 0, 0.073752, 1.2637, 0, 0.597324, 0.125469, 0, 0.413222, 0.113112, 0, 0, 0.357042
1.433, 0, 0, 0, 0.072837, 1.2642, 0, 0.597121, 0.125478, 0, 0.413096, 0.113103, 0, 0, 0.356979
1.434, 0, 0, 0, 0.0726958, 1.26389, 0, 0.596922, 0.125425, 0, 0.412949, 0.113054, 0, 0, 0.356843
1.435, 0, 0, 0, 0.072862, 1.26395, 0, 0.59817, 0.125083, 0, 0.413078, 0.113064, 0, 0, 0.356911
1.436, 0, 0, 0, 0.0735534, 1.26342, 0, 0.598142, 0.125074, 0, 0.413044, 0.113066, 0, 0, 0.356902
1.437, 0, 0, 0, 0.0737426, 1.26369, 0, 0.598379, 0.125121, 0, 0.413216, 0.113111, 0, 0, 0.357038
1.438, 0, 0, 0, 0.0728422, 1.2642, 0, 0.59715, 0.125467, 0, 0.413099, 0.113103, 0, 0, 0.35698
1.439, 0, 0, 0, 0.072694, 1.26389, 0, 0.596922, 0.125421, 0, 0.412947, 0.113054, 0, 0, 0.356842
1.44, 0, 0, 0, 0.0728633, 1.26395, 0, 0.598168, 0.125081, 0, 0.413079, 0.113064, 0, 0, 0.356911
1.441, 0, 0, 0, 0.0728081, 1.26397, 0, 0.598138, 0.125074, 0, 0.413044, 0.113066, 0, 0, 0.356902
1.442, 0, 0, 0, 0.073552, 1.26341, 0, 0.597073, 0.125417, 0, 0.413037, 0.113064, 0, 0, 0.356895
1.443, 0, 0, 0, 0.0737511, 1.26369, 0, 0.597308, 0.125482, 0, 0.413222, 0.113111, 0, 0, 0.357041
1.444, 0, 0, 0, 0.0728371, 1.2642, 0, 0.598188, 0.125133, 0, 0.413098, 0.113102, 0, 0, 0.35698
1.445, 0, 0, 0, 0.0726942, 1.26389, 0, 0.598005, 0.125065, 0, 0.412949, 0.113054, 0, 0, 0.356844
1.446, 0, 0, 0, 0.0728617, 1.26396, 0, 0.598188, 0.125067, 0, 0.413077, 0.113065, 0, 0, 0.35691
1.447, 0, 0, 0, 0.0735543, 1.26342, 0, 0.597076, 0.125418, 0, 0.413042, 0.113066, 0, 0, 0.356901
1.448, 0, 0, 0, 0.0737448, 1.26369, 0, 0.597295, 0.125481, 0, 0.413215, 0.113111, 0, 0, 0.357038
1.449, 0, 0, 0, 0.0728433, 1.2642, 0, 0.597131, 0.125482, 0, 0.4131, 0.113103, 0, 0, 0.356981
1.45, 0, 0, 0, 0.072693, 1.26389, 0, 0.597986, 0.125077, 0, 0.412949, 0.113053, 0, 0, 0.356843
1.451, 0, 0, 0, 0.0728624, 1.26396, 0, 0.598195, 0.125071, 0, 0.413079, 0.113065, 0, 0, 0.356911
1.452, 0, 0, 0, 0.0728057, 1.26397, 0, 0.598142, 0.125071, 0, 0.413042, 0.113066, 0, 0, 0.356901
1.453, 0, 0, 0, 0.0735522, 1.2634, 0, 0.598131, 0.125066, 0, 0.413039, 0.113064, 0, 0, 0.356896
1.454, 0, 0, 0, 0.0737534, 1.2637, 0, 0.597322, 0.125469, 0, 0.413222, 0.113112, 0, 0, 0.357042
1.455, 0, 0, 0, 0.0728378, 1.2642, 0, 0.597118, 0.125478, 0, 0.413095, 0.113103, 0, 0, 0.356979
1.456, 0, 0, 0, 0.0726971, 1.26389, 0, 0.59692, 0.125425, 0, 0.412949, 0.113054, 0, 0, 0.356843
1.457, 0, 0, 0, 0.0736097, 1.2634, 0, 0.597113, 0.125431, 0, 0.413078, 0.113065, 0, 0, 0.356911
1.458, 0, 0, 0, 0.0729979, 1.26426, 0, 0.598372, 0.12514, 0, 0.413221, 0.113112, 0, 0, 0.357044
1.459, 0, 0, 0, 0.0726427, 1.26391, 0, 0.597969, 0.125069, 0, 0.412917, 0.113055, 0, 0, 0.356835
1.46, 0, 0, 0, 0.0728604, 1.26394, 0, 0.598194, 0.125065, 0, 0.413073, 0.113063, 0, 0, 0.356905
1.461, 0, 0, 0, 0.0735593, 1.26342, 0, 0.598152, 0.125069, 0, 0.413048, 0.113066, 0, 0, 0.356904
1.462, 0, 0, 0, 0.0737408, 1.26369, 0, 0.598373, 0.125119, 0, 0.413214, 0.113111, 0, 0, 0.357038
1.463, 0, 0, 0, 0.0728432, 1.2642, 0, 0.597144, 0.125466, 0, 0.413099, 0.113103, 0, 0, 0.356981
1.464, 0, 0, 0, 0.0726949, 1.26389, 0, 0.596914, 0.12542, 0, 0.412947, 0.113054, 0, 0, 0.356842
1.465, 0, 0, 0, 0.0728657, 1.26395, 0, 0.597104, 0.12543, 0, 0.413078, 0.113065, 0, 0, 0.356911
1.466, 0, 0, 0, 0.0735546, 1.26342, 0, 0.59706, 0.125435, 0, 0.413043, 0.113066, 0, 0, 0.356901
1.467, 0, 0, 0, 0.0737439, 1.26369, 0, 0.598364, 0.125137, 0, 0.413217, 0.11311, 0, 0, 0.357039
1.468, 0, 0, 0, 0.0728415, 1.2642, 0, 0.59822, 0.125123, 0, 0.413101, 0.113103, 0, 0, 0.356982
1.469, 0, 0, 0, 0.0726921, 1.26389, 0, 0.598011, 0.125062, 0, 0.412947, 0.113054, 0, 0, 0.356843
1.47, 0, 0, 0, 0.0728619, 1.26396, 0, 0.598192, 0.125066, 0, 0.413078, 0.113065, 0, 0, 0.35691
1.471, 0, 0, 0, 0.0728075, 1.26397, 0, 0.598134, 0.125068, 0, 0.413043, 0.113066, 0, 0, 0.356901
1.472, 0, 0, 0, 0.0735543, 1.2634, 0, 0.597064, 0.125414, 0, 0.413038, 0.113064, 0, 0, 0.356896
1.473, 0, 0, 0, 0.0737527, 1.26369, 0, 0.597294, 0.125481, 0, 0.413221, 0.113111, 0, 0, 0.357042
1.474, 0, 0, 0, 0.0728403, 1.2642, 0, 0.597118, 0.125482, 0, 0.413098, 0.113103, 0, 0, 0.35698
1.475, 0, 0, 0, 0.0726959, 1.26389, 0, 0.596921, 0.125426, 0, 0.412948, 0.113054, 0, 0, 0.356843
1.476, 0, 0, 0, 0.0728629, 1.26395, 0, 0.598172, 0.125084, 0, 0.413078, 0.113064, 0, 0, 0.356911
1.477, 0, 0, 0, 0.0735538, 1.26342, 0, 0.598145, 0.125075, 0, 0.413044, 0.113066, 0, 0, 0.356902
1.478, 0, 0, 0, 0.0737431, 1.26369, 0, 0.598382, 0.125122, 0, 0.413216, 0.113111, 0, 0, 0.357038
1.479, 0, 0, 0, 0.072841, 1.2642, 0, 0.598209, 0.125118, 0, 0.413099, 0.113103, 0, 0, 0.356981
1.48, 0, 0, 0, 0.0726958, 1.2639, 0, 0.59694, 0.125409, 0, 0.412947, 0.113054, 0, 0, 0.356843
1.481, 0, 0, 0, 0.0728635, 1.26395, 0, 0.597103, 0.125427, 0, 0.413077, 0.113065, 0, 0, 0.356909
1.482, 0, 0, 0, 0.0728105, 1.26397, 0, 0.597058, 0.125435, 0, 0.413044, 0.113066, 0, 0, 0.356902
1.483, 0, 0, 0, 0.073552, 1.2634, 0, 0.598113, 0.125083, 0, 0.41304, 0.113063, 0, 0, 0.356896
1.484, 0, 0, 0, 0.0737525, 1.2637, 0, 0.59839, 0.125126, 0, 0.413224, 0.113112, 0, 0, 0.357043
1.485, 0, 0, 0, 0.0735817, 1.26365, 0, 0.598207, 0.125119, 0, 0.413096, 0.113102, 0, 0, 0.35698
1.486, 0, 0, 0, 0.0728867, 1.26418, 0, 0.597189, 0.125463, 0, 0.413125, 0.113101, 0, 0, 0.356985
1.487, 0, 0, 0, 0.0726983, 1.2639, 0, 0.596931, 0.125423, 0, 0.412953, 0.113055, 0, 0, 0.356848
1.488, 0, 0, 0, 0.0728562, 1.26395, 0, 0.59816, 0.125081, 0, 0.413074, 0.113063, 0, 0, 0.356907
1.489, 0, 0, 0, 0.0728117, 1.26397, 0, 0.598142, 0.125074, 0, 0.413047, 0.113066, 0, 0, 0.356903
1.49, 0, 0, 0, 0.0728079, 1.26396, 0, 0.597075, 0.125418, 0, 0.413038, 0.113065, 0, 0, 0.356896
1.491, 0, 0, 0, 0.0728155, 1.26396, 0, 0.597063, 0.125429, 0, 0.413043, 0.113065, 0, 0, 0.356898
1.492, 0, 0, 0, 0.0735581, 1.2634, 0, 0.59812, 0.125083, 0, 0.413044, 0.113064, 0, 0, 0.356899
1.493, 0, 0, 0, 0.0737495, 1.2637, 0, 0.598385, 0.125125, 0, 0.413221, 0.113112, 0, 0, 0.357042
1.494, 0, 0, 0, 0.0735829, 1.26365, 0, 0.598205, 0.125118, 0, 0.413096, 0.113102, 0, 0, 0.35698
1.495, 0, 0, 0, 0.0728873, 1.26418, 0, 0.597187, 0.125463, 0, 0.413125, 0.113101, 0, 0, 0.356985
1.496, 0, 0, 0, 0.0726987, 1.2639, 0, 0.596928, 0.125423, 0, 0.412953, 0.113055, 0, 0, 0.356848
1.497, 0, 0, 0, 0.0728583, 1.26395, 0, 0.597103, 0.12543, 0, 0.413073, 0.113064, 0, 0, 0.356907
1.498, 0, 0, 0, 0.072811, 1.26397, 0, 0.598125, 0.125086, 0, 0.413046, 0.113065, 0, 0, 0.356902
1.499, 0, 0, 0, 0.0735537, 1.2634, 0, 0.59814, 0.125072, 0, 0.41304, 0.113064, 0, 0, 0.356897
1.5, 0, 0, 0, 0.0737501, 1.26369, 0, 0.59839, 0.125122, 0, 0.413222, 0.113111, 0, 0, 0.357042
1.501, 0, 0, 0, 0.0728383, 1.2642, 0, 0.598206, 0.125117, 0, 0.413097, 0.113103, 0, 0, 0.35698
1.502, 0, 0, 0, 0.0728547, 1.26418, 0, 0.597164, 0.125457, 0, 0.41311, 0.113097, 0, 0, 0.356973
1.503, 0, 0, 0, 0.0726983, 1.26391, 0, 0.596932, 0.125421, 0, 0.412958, 0.113055, 0, 0, 0.356848
1.504, 0, 0, 0, 0.0735964, 1.2634, 0, 0.597097, 0.125429, 0, 0.413072, 0.113063, 0, 0, 0.356907
1.505, 0, 0, 0, 0.0737423, 1.2637, 0, 0.598364, 0.125138, 0, 0.413223, 0.113111, 0, 0, 0.357044
1.506, 0, 0, 0, 0.0728321, 1.2642, 0, 0.598204, 0.125122, 0, 0.413095, 0.113102, 0, 0, 0.356978
1.507, 0, 0, 0, 0.0726945, 1.26389, 0, 0.598006, 0.125061, 0, 0.41295, 0.113054, 0, 0, 0.356843
1.508, 0, 0, 0, 0.0728638, 1.26396, 0, 0.597129, 0.125416, 0, 0.413078, 0.113065, 0, 0, 0.35691
1.509, 0, 0, 0, 0.0728084, 1.26397, 0, 0.597057, 0.125431, 0, 0.413042, 0.113066, 0, 0, 0.3569
1.51, 0, 0, 0, 0.073556, 1.2634, 0, 0.597057, 0.125431, 0, 0.413041, 0.113064, 0, 0, 0.356897
1.511, 0, 0, 0, 0.0737518, 1.26369, 0, 0.598371, 0.125137, 0, 0.413224, 0.113111, 0, 0, 0.357043
1.512, 0, 0, 0, 0.0728394, 1.2642, 0, 0.598215, 0.125123, 0, 0.413099, 0.113103, 0, 0, 0.356981
1.513, 0, 0, 0, 0.0726939, 1.26389, 0, 0.598008, 0.125062, 0, 0.412947, 0.113054, 0, 0, 0.356843
1.514, 0, 0, 0, 0.0728643, 1.26396, 0, 0.59819, 0.125066, 0, 0.413078, 0.113065, 0, 0, 0.35691
1.515, 0, 0, 0, 0.0735559, 1.26342, 0, 0.597076, 0.125417, 0, 0.413043, 0.113066, 0, 0, 0.356901
1.516, 0, 0, 0, 0.0737459, 1.26369, 0, 0.597293, 0.12548, 0, 0.413216, 0.113111, 0, 0, 0.357038
1.517, 0, 0, 0, 0.0728444, 1.2642, 0, 0.597129, 0.125482, 0, 0.413101, 0.113103, 0, 0, 0.356981
1.518, 0, 0, 0, 0.0726943, 1.26389, 0, 0.597984, 0.125077, 0, 0.412949, 0.113053, 0, 0, 0.356843
1.519, 0, 0, 0, 0.0728642, 1.26396, 0, 0.598193, 0.125071, 0, 0.413079, 0.113065, 0, 0, 0.356911
1.52, 0, 0, 0, 0.0728073, 1.26397, 0, 0.59814, 0.125071, 0, 0.413043, 0.113066, 0, 0, 0.356901
1.521, 0, 0, 0, 0.0735552, 1.26341, 0, 0.597074, 0.125416, 0, 0.413039, 0.113064, 0, 0, 0.356896
1.522, 0, 0, 0, 0.0737529, 1.26369, 0, 0.597306, 0.125481, 0, 0.413222, 0.113111, 0, 0, 0.357041
1.523, 0, 0, 0, 0.0735842, 1.26364, 0, 0.598184, 0.125132, 0, 0.413099, 0.113102, 0, 0, 0.35698
1.524, 0, 0, 0, 0.0728864, 1.26418, 0, 0.598247, 0.125118, 0, 0.413128, 0.113101, 0, 0, 0.356987
1.525, 0, 0, 0, 0.0726983, 1.26391, 0, 0.596952, 0.125413, 0, 0.412954, 0.113056, 0, 0, 0.356849
1.526, 0, 0, 0, 0.0728557, 1.26395, 0, 0.597103, 0.125427, 0, 0.413071, 0.113064, 0, 0, 0.356906
1.527, 0, 0, 0, 0.0728118, 1.26397, 0, 0.598124, 0.125085, 0, 0.413047, 0.113065, 0, 0, 0.356902
1.528, 0, 0, 0, 0.0728085, 1.26396, 0, 0.598136, 0.125072, 0, 0.413041, 0.113064, 0, 0, 0.356897
1.529, 0, 0, 0, 0.072814, 1.26396, 0, 0.59814, 0.125069, 0, 0.413044, 0.113065, 0, 0, 0.356899
1.53, 0, 0, 0, 0.0735595, 1.26341, 0, 0.597076, 0.125416, 0, 0.413042, 0.113065, 0, 0, 0.356899
1.531, 0, 0, 0, 0.0737499, 1.26369, 0, 0.597299, 0.125481, 0, 0.413219, 0.113111, 0, 0, 0.35704
1.532, 0, 0, 0, 0.0735867, 1.26365, 0, 0.597127, 0.125482, 0, 0.413098, 0.113102, 0, 0, 0.35698
1.533, 0, 0, 0, 0.0728856, 1.26418, 0, 0.598231, 0.12513, 0, 0.413127, 0.1131, 0, 0, 0.356986
1.534, 0, 0, 0, 0.0726991, 1.26391, 0, 0.598018, 0.125068, 0, 0.412956, 0.113056, 0, 0, 0.35685
1.535, 0, 0, 0, 0.0728547, 1.26395, 0, 0.598184, 0.125067, 0, 0.413072, 0.113064, 0, 0, 0.356907
1.536, 0, 0, 0, 0.0728116, 1.26397, 0, 0.59814, 0.125069, 0, 0.413045, 0.113066, 0, 0, 0.356902
1.537, 0, 0, 0, 0.0735553, 1.26341, 0, 0.597069, 0.125415, 0, 0.413039, 0.113064, 0, 0, 0.356896
1.538, 0, 0, 0, 0.0737528, 1.26369, 0, 0.597299, 0.125481, 0, 0.413222, 0.113111, 0, 0, 0.357041
1.539, 0, 0, 0, 0.072841, 1.2642, 0, 0.597123, 0.125482, 0, 0.413098, 0.113103, 0, 0, 0.35698
1.54, 0, 0, 0, 0.0726947, 1.26389, 0, 0.597981, 0.125077, 0, 0.412949, 0.113053, 0, 0, 0.356843
1.541, 0, 0, 0, 0.0728646, 1.26396, 0, 0.598191, 0.125072, 0, 0.413079, 0.113065, 0, 0, 0.356912
1.542, 0, 0, 0, 0.0735523, 1.26342, 0, 0.598137, 0.12507, 0, 0.413042, 0.113065, 0, 0, 0.356901
1.543, 0, 0, 0, 0.0737466, 1.26369, 0, 0.597317, 0.12547, 0, 0.413217, 0.113111, 0, 0, 0.357039
1.544, 0, 0, 0, 0.072842, 1.2642, 0, 0.597126, 0.125479, 0, 0.413099, 0.113102, 0, 0, 0.35698
1.545, 0, 0, 0, 0.072697, 1.26389, 0, 0.596925, 0.125425, 0, 0.412949, 0.113054, 0, 0, 0.356843
1.546, 0, 0, 0, 0.072863, 1.26395, 0, 0.598172, 0.125083, 0, 0.413079, 0.113064, 0, 0, 0.356911
1.547, 0, 0, 0, 0.0728092, 1.26397, 0, 0.598146, 0.125075, 0, 0.413044, 0.113066, 0, 0, 0.356902
1.548, 0, 0, 0, 0.0735523, 1.2634, 0, 0.598137, 0.125068, 0, 0.413038, 0.113064, 0, 0, 0.356896
1.549, 0, 0, 0, 0.0737526, 1.26369, 0, 0.598386, 0.12512, 0, 0.413223, 0.113111, 0, 0, 0.357042
1.55, 0, 0, 0, 0.0728401, 1.2642, 0, 0.597142, 0.125467, 0, 0.413097, 0.113103, 0, 0, 0.35698
1.551, 0, 0, 0, 0.0726957, 1.26389, 0, 0.596916, 0.125421, 0, 0.412947, 0.113053, 0, 0, 0.356842
1.552, 0, 0, 0, 0.0728667, 1.26395, 0, 0.597107, 0.125431, 0, 0.413079, 0.113065, 0, 0, 0.356911
1.553, 0, 0, 0, 0.0735534, 1.26341, 0, 0.598118, 0.125085, 0, 0.413044, 0.113065, 0, 0, 0.356902
1.554, 0, 0, 0, 0.0737459, 1.26369, 0, 0.598381, 0.125125, 0, 0.413218, 0.113111, 0, 0, 0.35704
1.555, 0, 0, 0, 0.0728404, 1.2642, 0, 0.598209, 0.125119, 0, 0.413099, 0.113103, 0, 0, 0.356981
1.556, 0, 0, 0, 0.0726963, 1.26389, 0, 0.596943, 0.12541, 0, 0.412948, 0.113054, 0, 0, 0.356843
1.557, 0, 0, 0, 0.0728641, 1.26395, 0, 0.597107, 0.125427, 0, 0.413077, 0.113065, 0, 0, 0.356909
1.558, 0, 0, 0, 0.0728097, 1.26397, 0, 0.598116, 0.125085, 0, 0.413045, 0.113065, 0, 0, 0.356902
1.559, 0, 0, 0, 0.0735548, 1.2634, 0, 0.598131, 0.125071, 0, 0.41304, 0.113064, 0, 0, 0.356897
1.56, 0, 0, 0, 0.0737531, 1.2637, 0, 0.597326, 0.125471, 0, 0.413221, 0.113112, 0, 0, 0.357042
1.561, 0, 0, 0, 0.0728389, 1.2642, 0, 0.597126, 0.125479, 0, 0.413096, 0.113102, 0, 0, 0.356979
1.562, 0, 0, 0, 0.0726963, 1.26389, 0, 0.597983, 0.125076, 0, 0.41295, 0.113053, 0, 0, 0.356843
1.563, 0, 0, 0, 0.072865, 1.26396, 0, 0.59819, 0.125071, 0, 0.413079, 0.113065, 0, 0, 0.356912
1.564, 0, 0, 0, 0.0735527, 1.26342, 0, 0.598136, 0.12507, 0, 0.413042, 0.113065, 0, 0, 0.356901
1.565, 0, 0, 0, 0.0737472, 1.26369, 0, 0.597316, 0.125469, 0, 0.413217, 0.113111, 0, 0, 0.357039
1.566, 0, 0, 0, 0.0728425, 1.2642, 0, 0.597125, 0.125479, 0, 0.413099, 0.113102, 0, 0, 0.35698
1.567, 0, 0, 0, 0.0726974, 1.26389, 0, 0.596923, 0.125425, 0, 0.412949, 0.113054, 0, 0, 0.356843
1.568, 0, 0, 0, 0.0728635, 1.26395, 0, 0.598171, 0.125083, 0, 0.413079, 0.113064, 0, 0, 0.356911
1.569, 0, 0, 0, 0.0728097, 1.26397, 0, 0.598144, 0.125075, 0, 0.413044, 0.113066, 0, 0, 0.356902
1.57, 0, 0, 0, 0.0735528, 1.2634, 0, 0.598136, 0.125068, 0, 0.413038, 0.113064, 0, 0, 0.356896
1.571, 0, 0, 0, 0.073753, 1.26369, 0, 0.598384, 0.12512, 0, 0.413223, 0.113111, 0, 0, 0.357042
1.572, 0, 0, 0, 0.0735857, 1.26365, 0, 0.59714, 0.125466, 0, 0.413097, 0.113103, 0, 0, 0.35698
1.573, 0, 0, 0, 0.0728867, 1.26418, 0, 0.59716, 0.125474, 0, 0.413125, 0.1131, 0, 0, 0.356985
1.574, 0, 0, 0, 0.0727013, 1.2639, 0, 0.596928, 0.125427, 0, 0.412956, 0.113056, 0, 0, 0.356849
1.575, 0, 0, 0, 0.0728572, 1.26395, 0, 0.597104, 0.125432, 0, 0.413073, 0.113064, 0, 0, 0.356907
1.576, 0, 0, 0, 0.0728109, 1.26397, 0, 0.59813, 0.125087, 0, 0.413046, 0.113065, 0, 0, 0.356902
1.577, 0, 0, 0, 0.072809, 1.26396, 0, 0.598146, 0.125073, 0, 0.413041, 0.113064, 0, 0, 0.356897
1.578, 0, 0, 0, 0.0728144, 1.26396, 0, 0.598151, 0.12507, 0, 0.413044, 0.113065, 0, 0, 0.356899
1.579, 0, 0, 0, 0.0735583, 1.26341, 0, 0.598143, 0.125067, 0, 0.413042, 0.113064, 0, 0, 0.356899
1.58, 0, 0, 0, 0.0737503, 1.26369, 0, 0.59838, 0.125119, 0, 0.41322, 0.113111, 0, 0, 0.357041
1.581, 0, 0, 0, 0.0735867, 1.26365, 0, 0.597139, 0.125465, 0, 0.413097, 0.113103, 0, 0, 0.35698
1.582, 0, 0, 0, 0.0728874, 1.26418, 0, 0.597158, 0.125474, 0, 0.413125, 0.113101, 0, 0, 0.356985
1.583, 0, 0, 0, 0.0727017, 1.2639, 0, 0.596926, 0.125427, 0, 0.412956, 0.113056, 0, 0, 0.356849
1.584, 0, 0, 0, 0.0728578, 1.26395, 0, 0.597102, 0.125432, 0, 0.413073, 0.113064, 0, 0, 0.356907
1.585, 0, 0, 0, 0.0728116, 1.26397, 0, 0.598127, 0.125087, 0, 0.413046, 0.113065, 0, 0, 0.356902
1.586, 0, 0, 0, 0.0735546, 1.2634, 0, 0.598143, 0.125072, 0, 0.413041, 0.113064, 0, 0, 0.356897
1.587, 0, 0, 0, 0.0737512, 1.26369, 0, 0.598393, 0.125122, 0, 0.413222, 0.113111, 0, 0, 0.357042
1.588, 0, 0, 0, 0.0728388, 1.2642, 0, 0.598208, 0.125118, 0, 0.413097, 0.113103, 0, 0, 0.35698
1.589, 0, 0, 0, 0.0726958, 1.26389, 0, 0.597997, 0.125059, 0, 0.412948, 0.113054, 0, 0, 0.356843
1.59, 0, 0, 0, 0.0728663, 1.26396, 0, 0.597119, 0.125415, 0, 0.413078, 0.113065, 0, 0, 0.35691
1.591, 0, 0, 0, 0.073555, 1.26341, 0, 0.597045, 0.125429, 0, 0.413042, 0.113065, 0, 0, 0.3569
1.592, 0, 0, 0, 0.0737483, 1.26369, 0, 0.597289, 0.125485, 0, 0.413218, 0.113111, 0, 0, 0.357039
1.593, 0, 0, 0, 0.0728433, 1.2642, 0, 0.597127, 0.125484, 0, 0.4131, 0.113103, 0, 0, 0.356981
1.594, 0, 0, 0, 0.0726944, 1.26389, 0, 0.597985, 0.125078, 0, 0.412949, 0.113053, 0, 0, 0.356843
1.595, 0, 0, 0, 0.0728645, 1.26396, 0, 0.598195, 0.125073, 0, 0.413079, 0.113065, 0, 0, 0.356912
1.596, 0, 0, 0, 0.0728076, 1.26397, 0, 0.598142, 0.125072, 0, 0.413042, 0.113066, 0, 0, 0.356901
1.597, 0, 0, 0, 0.0735541, 1.2634, 0, 0.598132, 0.125067, 0, 0.413039, 0.113064, 0, 0, 0.356896
1.598, 0, 0, 0, 0.0737548, 1.2637, 0, 0.597322, 0.12547, 0, 0.413222, 0.113112, 0, 0, 0.357042
1.599, 0, 0, 0, 0.0728393, 1.2642, 0, 0.597119, 0.125479, 0, 0.413096, 0.113102, 0, 0, 0.356979
1.6, 0, 0, 0, 0.0726983, 1.26389, 0, 0.596921, 0.125425, 0, 0.412949, 0.113054, 0, 0, 0.356843
1.601, 0, 0, 0, 0.0728642, 1.26395, 0, 0.598169, 0.125083, 0, 0.413079, 0.113064, 0, 0, 0.356911
1.602, 0, 0, 0, 0.073555, 1.26342, 0, 0.598141, 0.125075, 0, 0.413044, 0.113066, 0, 0, 0.356902
1.603, 0, 0, 0, 0.0737444, 1.26369, 0, 0.598378, 0.125122, 0, 0.413216, 0.113111, 0, 0, 0.357039
1.604, 0, 0, 0, 0.0728438, 1.2642, 0, 0.59715, 0.125468, 0, 0.413099, 0.113103, 0, 0, 0.356981
1.605, 0, 0, 0, 0.0726956, 1.26389, 0, 0.596921, 0.125421, 0, 0.412947, 0.113054, 0, 0, 0.356842
1.606, 0, 0, 0, 0.072865, 1.26395, 0, 0.598167, 0.125082, 0, 0.413079, 0.113064, 0, 0, 0.356911
1.607, 0, 0, 0, 0.0728102, 1.26397, 0, 0.598137, 0.125075, 0, 0.413045, 0.113066, 0, 0, 0.356903
1.608, 0, 0, 0, 0.0735547, 1.2634, 0, 0.597073, 0.125417, 0, 0.413038, 0.113064, 0, 0, 0.356896
1.609, 0, 0, 0, 0.0737536, 1.26369, 0, 0.597307, 0.125482, 0, 0.413222, 0.113111, 0, 0, 0.357041
1.61, 0, 0, 0, 0.0728398, 1.2642, 0, 0.598187, 0.125134, 0, 0.413099, 0.113102, 0, 0, 0.356981
1.611, 0, 0, 0, 0.0726966, 1.26389, 0, 0.598005, 0.125065, 0, 0.412949, 0.113054, 0, 0, 0.356844
1.612, 0, 0, 0, 0.0736086, 1.2634, 0, 0.598187, 0.125067, 0, 0.413077, 0.113064, 0, 0, 0.35691
1.613, 0, 0, 0, 0.0730017, 1.26426, 0, 0.597322, 0.125473, 0, 0.413221, 0.113114, 0, 0, 0.357044
1.614, 0, 0, 0, 0.0726444, 1.2639, 0, 0.596872, 0.125424, 0, 0.412915, 0.113055, 0, 0, 0.356834
1.615, 0, 0, 0, 0.0728668, 1.26394, 0, 0.597105, 0.125429, 0, 0.413075, 0.113063, 0, 0, 0.356906
1.616, 0, 0, 0, 0.0735612, 1.26342, 0, 0.598129, 0.125086, 0, 0.413049, 0.113066, 0, 0, 0.356905
1.617, 0, 0, 0, 0.0737433, 1.26369, 0, 0.598381, 0.125126, 0, 0.413216, 0.113111, 0, 0, 0.357039
1.618, 0, 0, 0, 0.0728415, 1.2642, 0, 0.598213, 0.125119, 0, 0.413099, 0.113103, 0, 0, 0.356981
1.619, 0, 0, 0, 0.0726958, 1.26389, 0, 0.598001, 0.12506, 0, 0.412948, 0.113054, 0, 0, 0.356843
1.62, 0, 0, 0, 0.0728661, 1.26396, 0, 0.597124, 0.125415, 0, 0.413077, 0.113065, 0, 0, 0.35691
1.621, 0, 0, 0, 0.0735553, 1.26341, 0, 0.597051, 0.125429, 0, 0.413042, 0.113065, 0, 0, 0.3569
1.622, 0, 0, 0, 0.0737485, 1.26369, 0, 0.597295, 0.125485, 0, 0.413218, 0.113111, 0, 0, 0.357039
1.623, 0, 0, 0, 0.072842, 1.2642, 0, 0.598188, 0.125134, 0, 0.413101, 0.113102, 0, 0, 0.356981
1.624, 0, 0, 0, 0.0726961, 1.26389, 0, 0.598005, 0.125066, 0, 0.41295, 0.113054, 0, 0, 0.356844
1.625, 0, 0, 0, 0.072863, 1.26395, 0, 0.598187, 0.125068, 0, 0.413077, 0.113065, 0, 0, 0.35691
1.626, 0, 0, 0, 0.072811, 1.26397, 0, 0.597077, 0.12542, 0, 0.413043, 0.113067, 0, 0, 0.356901
1.627, 0, 0, 0, 0.0735549, 1.2634, 0, 0.59705, 0.125428, 0, 0.413038, 0.113063, 0, 0, 0.356895
1.628, 0, 0, 0, 0.0737558, 1.26369, 0, 0.597308, 0.125486, 0, 0.413224, 0.113112, 0, 0, 0.357043
1.629, 0, 0, 0, 0.0728386, 1.2642, 0, 0.598189, 0.125135, 0, 0.413098, 0.113102, 0, 0, 0.35698
1.63, 0, 0, 0, 0.0726966, 1.26389, 0, 0.59801, 0.125066, 0, 0.412949, 0.113054, 0, 0, 0.356844
1.631, 0, 0, 0, 0.0728635, 1.26396, 0, 0.598193, 0.125068, 0, 0.413077, 0.113065, 0, 0, 0.35691
1.632, 0, 0, 0, 0.0735546, 1.26342, 0, 0.598137, 0.125069, 0, 0.413043, 0.113065, 0, 0, 0.356901
1.633, 0, 0, 0, 0.0737478, 1.26369, 0, 0.597315, 0.125469, 0, 0.413217, 0.113111, 0, 0, 0.357039
1.634, 0, 0, 0, 0.0728431, 1.2642, 0, 0.597123, 0.125478, 0, 0.413099, 0.113102, 0, 0, 0.35698
1.635, 0, 0, 0, 0.0726982, 1.26389, 0, 0.596921, 0.125425, 0, 0.412949, 0.113054, 0, 0, 0.356844
1.636, 0, 0, 0, 0.0728641, 1.26395, 0, 0.598168, 0.125083, 0, 0.413079, 0.113064, 0, 0, 0.356911
1.637, 0, 0, 0, 0.0728103, 1.26397, 0, 0.598142, 0.125075, 0, 0.413045, 0.113066, 0, 0, 0.356903
1.638, 0, 0, 0, 0.0735533, 1.2634, 0, 0.598133, 0.125068, 0, 0.413038, 0.113064, 0, 0, 0.356896
1.639, 0, 0, 0, 0.0737551, 1.2637, 0, 0.597326, 0.12547, 0, 0.413222, 0.113112, 0, 0, 0.357042
1.64, 0, 0, 0, 0.0735848, 1.26364, 0, 0.597124, 0.125478, 0, 0.413096, 0.113102, 0, 0, 0.356979
1.641, 0, 0, 0, 0.0728876, 1.26418, 0, 0.598226, 0.125129, 0, 0.413128, 0.1131, 0, 0, 0.356986
1.642, 0, 0, 0, 0.0727001, 1.26391, 0, 0.59801, 0.125067, 0, 0.412956, 0.113056, 0, 0, 0.35685
1.643, 0, 0, 0, 0.0728568, 1.26395, 0, 0.597121, 0.125417, 0, 0.413071, 0.113065, 0, 0, 0.356907
1.644, 0, 0, 0, 0.0728124, 1.26397, 0, 0.597063, 0.125431, 0, 0.413045, 0.113066, 0, 0, 0.356901
1.645, 0, 0, 0, 0.0728097, 1.26395, 0, 0.598114, 0.125083, 0, 0.413041, 0.113063, 0, 0, 0.356897
1.646, 0, 0, 0, 0.0728172, 1.26396, 0, 0.598143, 0.125073, 0, 0.413046, 0.113065, 0, 0, 0.356901
1.647, 0, 0, 0, 0.0735576, 1.26341, 0, 0.598135, 0.125068, 0, 0.413042, 0.113064, 0, 0, 0.356899
1.648, 0, 0, 0, 0.0737523, 1.2637, 0, 0.59732, 0.12547, 0, 0.41322, 0.113112, 0, 0, 0.357041
1.649, 0, 0, 0, 0.0735858, 1.26364, 0, 0.597121, 0.125478, 0, 0.413096, 0.113102, 0, 0, 0.356979
1.65, 0, 0, 0, 0.0728896, 1.26418, 0, 0.597168, 0.125479, 0, 0.413127, 0.113101, 0, 0, 0.356986
1.651, 0, 0, 0, 0.072699, 1.2639, 0, 0.597993, 0.12508, 0, 0.412955, 0.113055, 0, 0, 0.356849
1.652, 0, 0, 0, 0.0728577, 1.26395, 0, 0.598186, 0.125071, 0, 0.413074, 0.113064, 0, 0, 0.356908
1.653, 0, 0, 0, 0.0728113, 1.26397, 0, 0.598144, 0.125071, 0, 0.413045, 0.113066, 0, 0, 0.356902
1.654, 0, 0, 0, 0.0735546, 1.2634, 0, 0.598131, 0.125066, 0, 0.413039, 0.113064, 0, 0, 0.356896
1.655, 0, 0, 0, 0.073755, 1.2637, 0, 0.597321, 0.12547, 0, 0.413222, 0.113112, 0, 0, 0.357042
1.656, 0, 0, 0, 0.0728399, 1.2642, 0, 0.597118, 0.125479, 0, 0.413096, 0.113102, 0, 0, 0.356979
1.657, 0, 0, 0, 0.0726987, 1.26389, 0, 0.596919, 0.125425, 0, 0.412949, 0.113054, 0, 0, 0.356843
1.658, 0, 0, 0, 0.0728645, 1.26395, 0, 0.598167, 0.125083, 0, 0.413079, 0.113064, 0, 0, 0.356911
1.659, 0, 0, 0, 0.0735554, 1.26342, 0, 0.598139, 0.125075, 0, 0.413044, 0.113066, 0, 0, 0.356903
1.66, 0, 0, 0, 0.0729991, 1.26424, 0, 0.598376, 0.125123, 0, 0.413216, 0.113111, 0, 0, 0.357039
1.661, 0, 0, 0, 0.073398, 1.26336, 0, 0.596901, 0.125413, 0, 0.412921, 0.113056, 0, 0, 0.356838
1.662, 0, 0, 0, 0.0730522, 1.26423, 0, 0.597341, 0.125479, 0, 0.413248, 0.11311, 0, 0, 0.357046
1.663, 0, 0, 0, 0.0726544, 1.26392, 0, 0.59689, 0.125432, 0, 0.412927, 0.113057, 0, 0, 0.356843
1.664, 0, 0, 0, 0.073599, 1.26338, 0, 0.598155, 0.12508, 0, 0.413067, 0.113061, 0, 0, 0.356902
1.665, 0, 0, 0, 0.0730117, 1.26426, 0, 0.598401, 0.125129, 0, 0.41323, 0.113114, 0, 0, 0.357049
1.666, 0, 0, 0, 0.0726397, 1.26391, 0, 0.597956, 0.125066, 0, 0.412913, 0.113055, 0, 0, 0.356834
1.667, 0, 0, 0, 0.0736099, 1.26339, 0, 0.598182, 0.125063, 0, 0.413074, 0.113062, 0, 0, 0.356905
1.668, 0, 0, 0, 0.0737555, 1.26371, 0, 0.597327, 0.125472, 0, 0.413227, 0.113114, 0, 0, 0.357048
1.669, 0, 0, 0, 0.0728322, 1.26419, 0, 0.597111, 0.125478, 0, 0.413091, 0.113102, 0, 0, 0.356976
1.67, 0, 0, 0, 0.072702, 1.26389, 0, 0.596924, 0.125425, 0, 0.412952, 0.113054, 0, 0, 0.356844
1.671, 0, 0, 0, 0.072864, 1.26395, 0, 0.598168, 0.125083, 0, 0.413079, 0.113064, 0, 0, 0.356911
1.672, 0, 0, 0, 0.0728098, 1.26397, 0, 0.598141, 0.125075, 0, 0.413044, 0.113066, 0, 0, 0.356902
1.673, 0, 0, 0, 0.0728085, 1.26396, 0, 0.598133, 0.125069, 0, 0.413039, 0.113064, 0, 0, 0.356896
1.674, 0, 0, 0, 0.0735639, 1.26341, 0, 0.59708, 0.125417, 0, 0.413044, 0.113065, 0, 0, 0.3569
1.675, 0, 0, 0, 0.0737508, 1.26369, 0, 0.5973, 0.125482, 0, 0.413219, 0.113111, 0, 0, 0.357041
1.676, 0, 0, 0, 0.0735861, 1.26364, 0, 0.598182, 0.125132, 0, 0.413099, 0.113101, 0, 0, 0.35698
1.677, 0, 0, 0, 0.0728883, 1.26418, 0, 0.598246, 0.125119, 0, 0.413128, 0.113101, 0, 0, 0.356987
1.678, 0, 0, 0, 0.0726998, 1.26391, 0, 0.59695, 0.125414, 0, 0.412953, 0.113056, 0, 0, 0.356849
1.679, 0, 0, 0, 0.0728575, 1.26395, 0, 0.597101, 0.125427, 0, 0.413071, 0.113064, 0, 0, 0.356906
1.68, 0, 0, 0, 0.0728136, 1.26397, 0, 0.598122, 0.125085, 0, 0.413047, 0.113065, 0, 0, 0.356903
1.681, 0, 0, 0, 0.0735553, 1.2634, 0, 0.598134, 0.125072, 0, 0.413041, 0.113064, 0, 0, 0.356898
1.682, 0, 0, 0, 0.0730063, 1.26425, 0, 0.598384, 0.125123, 0, 0.413222, 0.113112, 0, 0, 0.357042
1.683, 0, 0, 0, 0.073395, 1.26336, 0, 0.596897, 0.125413, 0, 0.412919, 0.113056, 0, 0, 0.356837
1.684, 0, 0, 0, 0.0730528, 1.26423, 0, 0.59734, 0.125479, 0, 0.413248, 0.11311, 0, 0, 0.357046
1.685, 0, 0, 0, 0.0726548, 1.26392, 0, 0.596889, 0.125432, 0, 0.412927, 0.113058, 0, 0, 0.356844
1.686, 0, 0, 0, 0.073599, 1.26338, 0, 0.598153, 0.12508, 0, 0.413067, 0.113061, 0, 0, 0.356902
1.687, 0, 0, 0, 0.0737577, 1.26371, 0, 0.5984, 0.125129, 0, 0.41323, 0.113113, 0, 0, 0.357049
1.688, 0, 0, 0, 0.0728306, 1.2642, 0, 0.5982, 0.125119, 0, 0.413091, 0.113102, 0, 0, 0.356977
1.689, 0, 0, 0, 0.072699, 1.26389, 0, 0.598003, 0.12506, 0, 0.412951, 0.113054, 0, 0, 0.356843
1.69, 0, 0, 0, 0.0728666, 1.26396, 0, 0.597123, 0.125416, 0, 0.413078, 0.113066, 0, 0, 0.356911
1.691, 0, 0, 0, 0.0728098, 1.26397, 0, 0.597049, 0.125431, 0, 0.413042, 0.113066, 0, 0, 0.3569
1.692, 0, 0, 0, 0.0728127, 1.26395, 0, 0.597049, 0.125432, 0, 0.41304, 0.113064, 0, 0, 0.356897
1.693, 0, 0, 0, 0.0735637, 1.2634, 0, 0.597064, 0.125434, 0, 0.413045, 0.113065, 0, 0, 0.3569
1.694, 0, 0, 0, 0.0737499, 1.26369, 0, 0.59837, 0.125139, 0, 0.413221, 0.113111, 0, 0, 0.357042
1.695, 0, 0, 0, 0.0735859, 1.26365, 0, 0.598217, 0.125123, 0, 0.413098, 0.113102, 0, 0, 0.356981
1.696, 0, 0, 0, 0.072886, 1.26418, 0, 0.598257, 0.125116, 0, 0.413126, 0.113101, 0, 0, 0.356985
1.697, 0, 0, 0, 0.0726996, 1.26391, 0, 0.598016, 0.125063, 0, 0.412955, 0.113055, 0, 0, 0.356849
1.698, 0, 0, 0, 0.0728575, 1.26395, 0, 0.598178, 0.125065, 0, 0.413073, 0.113064, 0, 0, 0.356907
1.699, 0, 0, 0, 0.0728148, 1.26397, 0, 0.597075, 0.125418, 0, 0.413045, 0.113067, 0, 0, 0.356902
1.7, 0, 0, 0, 0.0728105, 1.26395, 0, 0.597043, 0.125428, 0, 0.413039, 0.113064, 0, 0, 0.356895
1.701, 0, 0, 0, 0.0735651, 1.2634, 0, 0.597055, 0.125432, 0, 0.413046, 0.113065, 0, 0, 0.3569
1.702, 0, 0, 0, 0.073752, 1.26369, 0, 0.597303, 0.125487, 0, 0.413221, 0.113112, 0, 0, 0.357042
1.703, 0, 0, 0, 0.0735847, 1.26364, 0, 0.59819, 0.125134, 0, 0.413098, 0.113102, 0, 0, 0.35698
1.704, 0, 0, 0, 0.0728881, 1.26418, 0, 0.598257, 0.12512, 0, 0.413128, 0.113101, 0, 0, 0.356987
1.705, 0, 0, 0, 0.0726981, 1.26391, 0, 0.598018, 0.125064, 0, 0.412954, 0.113055, 0, 0, 0.356849
1.706, 0, 0, 0, 0.0728572, 1.26395, 0, 0.598183, 0.125066, 0, 0.413073, 0.113064, 0, 0, 0.356907
1.707, 0, 0, 0, 0.072813, 1.26397, 0, 0.598136, 0.125069, 0, 0.413046, 0.113066, 0, 0, 0.356902
1.708, 0, 0, 0, 0.0728115, 1.26396, 0, 0.597063, 0.125416, 0, 0.413039, 0.113065, 0, 0, 0.356896
1.709, 0, 0, 0, 0.073563, 1.2634, 0, 0.597047, 0.125428, 0, 0.413044, 0.113064, 0, 0, 0.356899
1.71, 0, 0, 0, 0.0737535, 1.26369, 0, 0.597293, 0.125486, 0, 0.413222, 0.113112, 0, 0, 0.357042
1.711, 0, 0, 0, 0.0735865, 1.26364, 0, 0.597122, 0.125484, 0, 0.413098, 0.113102, 0, 0, 0.35698
1.712, 0, 0, 0, 0.0728868, 1.26418, 0, 0.59823, 0.125132, 0, 0.413127, 0.1131, 0, 0, 0.356986
1.713, 0, 0, 0, 0.0727001, 1.26391, 0, 0.598017, 0.125069, 0, 0.412956, 0.113056, 0, 0, 0.35685
1.714, 0, 0, 0, 0.0728556, 1.26395, 0, 0.598184, 0.125068, 0, 0.413072, 0.113064, 0, 0, 0.356907
1.715, 0, 0, 0, 0.0728126, 1.26397, 0, 0.59814, 0.12507, 0, 0.413046, 0.113066, 0, 0, 0.356902
1.716, 0, 0, 0, 0.0728112, 1.26396, 0, 0.597069, 0.125417, 0, 0.413039, 0.113065, 0, 0, 0.356896
1.717, 0, 0, 0, 0.0735626, 1.2634, 0, 0.597054, 0.125428, 0, 0.413044, 0.113064, 0, 0, 0.356899
1.718, 0, 0, 0, 0.0737532, 1.26369, 0, 0.597301, 0.125486, 0, 0.413222, 0.113112, 0, 0, 0.357042
1.719, 0, 0, 0, 0.0728396, 1.2642, 0, 0.598185, 0.125135, 0, 0.413098, 0.113102, 0, 0, 0.35698
1.72, 0, 0, 0, 0.0726975, 1.26389, 0, 0.598005, 0.125066, 0, 0.41295, 0.113054, 0, 0, 0.356844
1.721, 0, 0, 0, 0.0728639, 1.26395, 0, 0.598188, 0.125068, 0, 0.413077, 0.113065, 0, 0, 0.35691
1.722, 0, 0, 0, 0.0735568, 1.26342, 0, 0.597078, 0.125419, 0, 0.413043, 0.113066, 0, 0, 0.356901
1.723, 0, 0, 0, 0.0737471, 1.26369, 0, 0.597296, 0.125481, 0, 0.413216, 0.11311, 0, 0, 0.357038
1.724, 0, 0, 0, 0.0728441, 1.2642, 0, 0.598187, 0.125133, 0, 0.413101, 0.113102, 0, 0, 0.356982
1.725, 0, 0, 0, 0.0726971, 1.26389, 0, 0.598001, 0.125065, 0, 0.41295, 0.113054, 0, 0, 0.356844
1.726, 0, 0, 0, 0.0728654, 1.26396, 0, 0.597128, 0.125417, 0, 0.413077, 0.113065, 0, 0, 0.35691
1.727, 0, 0, 0, 0.0735557, 1.26341, 0, 0.597059, 0.125431, 0, 0.413042, 0.113065, 0, 0, 0.3569
1.728, 0, 0, 0, 0.0737473, 1.26368, 0, 0.598359, 0.125136, 0, 0.413219, 0.11311, 0, 0, 0.35704
1.729, 0, 0, 0, 0.0728437, 1.2642, 0, 0.598211, 0.125123, 0, 0.413101, 0.113103, 0, 0, 0.356982
1.73, 0, 0, 0, 0.0726947, 1.26389, 0, 0.598001, 0.125062, 0, 0.412948, 0.113054, 0, 0, 0.356843
1.731, 0, 0, 0, 0.0728666, 1.26396, 0, 0.597127, 0.125416, 0, 0.413078, 0.113065, 0, 0, 0.35691
1.732, 0, 0, 0, 0.0728105, 1.26397, 0, 0.597055, 0.125431, 0, 0.413042, 0.113066, 0, 0, 0.356901
1.733, 0, 0, 0, 0.0735575, 1.2634, 0, 0.597054, 0.125431, 0, 0.41304, 0.113064, 0, 0, 0.356897
1.734, 0, 0, 0, 0.0737535, 1.26369, 0, 0.598369, 0.125138, 0, 0.413224, 0.113111, 0, 0, 0.357043
1.735, 0, 0, 0, 0.0728403, 1.2642, 0, 0.598212, 0.125124, 0, 0.413099, 0.113103, 0, 0, 0.356981
1.736, 0, 0, 0, 0.0726951, 1.26389, 0, 0.598006, 0.125062, 0, 0.412948, 0.113054, 0, 0, 0.356843
1.737, 0, 0, 0, 0.0728654, 1.26395, 0, 0.598187, 0.125066, 0, 0.413078, 0.113065, 0, 0, 0.356911
1.738, 0, 0, 0, 0.0735569, 1.26342, 0, 0.597073, 0.125418, 0, 0.413043, 0.113066, 0, 0, 0.356901
1.739, 0, 0, 0, 0.0730014, 1.26424, 0, 0.59729, 0.125481, 0, 0.413216, 0.113111, 0, 0, 0.357038
1.74, 0, 0, 0, 0.0733996, 1.26336, 0, 0.59688, 0.125428, 0, 0.412923, 0.113055, 0, 0, 0.356839
1.741, 0, 0, 0, 0.0730519, 1.26422, 0, 0.598403, 0.125134, 0, 0.41325, 0.113109, 0, 0, 0.357048
1.742, 0, 0, 0, 0.0726531, 1.26393, 0, 0.59797, 0.125072, 0, 0.412927, 0.113058, 0, 0, 0.356844
1.743, 0, 0, 0, 0.0735986, 1.26338, 0, 0.59817, 0.125064, 0, 0.413066, 0.113062, 0, 0, 0.356901
1.744, 0, 0, 0, 0.0730131, 1.26427, 0, 0.597333, 0.125474, 0, 0.413229, 0.113114, 0, 0, 0.357048
1.745, 0, 0, 0, 0.072642, 1.2639, 0, 0.596869, 0.125425, 0, 0.412913, 0.113055, 0, 0, 0.356833
1.746, 0, 0, 0, 0.0736128, 1.26338, 0, 0.597104, 0.125428, 0, 0.413075, 0.113063, 0, 0, 0.356906
1.747, 0, 0, 0, 0.0737537, 1.26371, 0, 0.598375, 0.12514, 0, 0.413228, 0.113113, 0, 0, 0.357048
1.748, 0, 0, 0, 0.0728328, 1.2642, 0, 0.598204, 0.125123, 0, 0.413093, 0.113102, 0, 0, 0.356978
1.749, 0, 0, 0, 0.0726985, 1.26389, 0, 0.59801, 0.125062, 0, 0.41295, 0.113054, 0, 0, 0.356844
1.75, 0, 0, 0, 0.0728648, 1.26396, 0, 0.598188, 0.125066, 0, 0.413078, 0.113065, 0, 0, 0.356911
1.751, 0, 0, 0, 0.0728114, 1.26397, 0, 0.597074, 0.125419, 0, 0.413043, 0.113067, 0, 0, 0.356901
1.752, 0, 0, 0, 0.0735559, 1.2634, 0, 0.597047, 0.125427, 0, 0.413039, 0.113063, 0, 0, 0.356895
1.753, 0, 0, 0, 0.0737566, 1.26369, 0, 0.597304, 0.125485, 0, 0.413224, 0.113112, 0, 0, 0.357043
1.754, 0, 0, 0, 0.0728393, 1.2642, 0, 0.598185, 0.125135, 0, 0.413098, 0.113102, 0, 0, 0.356981
1.755, 0, 0, 0, 0.0726973, 1.26389, 0, 0.598005, 0.125066, 0, 0.41295, 0.113054, 0, 0, 0.356844
1.756, 0, 0, 0, 0.0728641, 1.26395, 0, 0.598188, 0.125068, 0, 0.413077, 0.113065, 0, 0, 0.35691
1.757, 0, 0, 0, 0.0735567, 1.26342, 0, 0.597078, 0.125419, 0, 0.413043, 0.113066, 0, 0, 0.356901
1.758, 0, 0, 0, 0.0730013, 1.26424, 0, 0.597296, 0.125482, 0, 0.413216, 0.113111, 0, 0, 0.357038
1.759, 0, 0, 0, 0.0733978, 1.26335, 0, 0.597941, 0.125079, 0, 0.412923, 0.113055, 0, 0, 0.356839
1.76, 0, 0, 0, 0.0730532, 1.26423, 0, 0.598423, 0.125122, 0, 0.413251, 0.11311, 0, 0, 0.357049
1.761, 0, 0, 0, 0.0726527, 1.26393, 0, 0.596908, 0.125417, 0, 0.412924, 0.113058, 0, 0, 0.356843
1.762, 0, 0, 0, 0.0736003, 1.26338, 0, 0.597092, 0.125424, 0, 0.413065, 0.113062, 0, 0, 0.3569
1.763, 0, 0, 0, 0.0730124, 1.26426, 0, 0.598375, 0.125139, 0, 0.413231, 0.113113, 0, 0, 0.357049
1.764, 0, 0, 0, 0.0726423, 1.26391, 0, 0.597954, 0.125069, 0, 0.412915, 0.113055, 0, 0, 0.356835
1.765, 0, 0, 0, 0.0736091, 1.26338, 0, 0.59818, 0.125064, 0, 0.413073, 0.113062, 0, 0, 0.356905
1.766, 0, 0, 0, 0.0737559, 1.26371, 0, 0.597329, 0.125473, 0, 0.413227, 0.113114, 0, 0, 0.357048
1.767, 0, 0, 0, 0.0728327, 1.26419, 0, 0.597113, 0.125478, 0, 0.413091, 0.113102, 0, 0, 0.356976
1.768, 0, 0, 0, 0.0727024, 1.26389, 0, 0.596926, 0.125425, 0, 0.412952, 0.113054, 0, 0, 0.356844
1.769, 0, 0, 0, 0.0728644, 1.26395, 0, 0.598171, 0.125084, 0, 0.413079, 0.113064, 0, 0, 0.356911
1.77, 0, 0, 0, 0.0728103, 1.26397, 0, 0.598143, 0.125075, 0, 0.413044, 0.113066, 0, 0, 0.356902
1.771, 0, 0, 0, 0.073554, 1.2634, 0, 0.598135, 0.125068, 0, 0.413039, 0.113064, 0, 0, 0.356896
1.772, 0, 0, 0, 0.073754, 1.26369, 0, 0.598383, 0.125121, 0, 0.413223, 0.113111, 0, 0, 0.357042
1.773, 0, 0, 0, 0.0728414, 1.2642, 0, 0.59714, 0.125467, 0, 0.413097, 0.113103, 0, 0, 0.35698
1.774, 0, 0, 0, 0.0726971, 1.26389, 0, 0.596914, 0.125421, 0, 0.412947, 0.113053, 0, 0, 0.356842
1.775, 0, 0, 0, 0.072868, 1.26395, 0, 0.597105, 0.125431, 0, 0.413079, 0.113065, 0, 0, 0.356911
1.776, 0, 0, 0, 0.0728097, 1.26397, 0, 0.598116, 0.125087, 0, 0.413044, 0.113065, 0, 0, 0.356902
1.777, 0, 0, 0, 0.0735561, 1.2634, 0, 0.598133, 0.125072, 0, 0.41304, 0.113064, 0, 0, 0.356897
1.778, 0, 0, 0, 0.073753, 1.26369, 0, 0.598384, 0.125122, 0, 0.413222, 0.113111, 0, 0, 0.357042
1.779, 0, 0, 0, 0.0735867, 1.26365, 0, 0.597143, 0.125467, 0, 0.413097, 0.113103, 0, 0, 0.35698
1.78, 0, 0, 0, 0.0728879, 1.26418, 0, 0.597163, 0.125475, 0, 0.413125, 0.1131, 0, 0, 0.356985
1.781, 0, 0, 0, 0.0727024, 1.2639, 0, 0.596932, 0.125428, 0, 0.412956, 0.113056, 0, 0, 0.35685
1.782, 0, 0, 0, 0.0728569, 1.26395, 0, 0.598163, 0.125083, 0, 0.413074, 0.113063, 0, 0, 0.356908
1.783, 0, 0, 0, 0.0728136, 1.26397, 0, 0.598148, 0.125076, 0, 0.413047, 0.113066, 0, 0, 0.356903
1.784, 0, 0, 0, 0.0728084, 1.26396, 0, 0.598137, 0.125069, 0, 0.413039, 0.113064, 0, 0, 0.356896
1.785, 0, 0, 0, 0.0735623, 1.26341, 0, 0.598139, 0.125067, 0, 0.413045, 0.113064, 0, 0, 0.3569
1.786, 0, 0, 0, 0.0737526, 1.2637, 0, 0.597318, 0.12547, 0, 0.41322, 0.113112, 0, 0, 0.357042
1.787, 0, 0, 0, 0.0728407, 1.2642, 0, 0.597118, 0.125479, 0, 0.413096, 0.113102, 0, 0, 0.356979
1.788, 0, 0, 0, 0.0726997, 1.26389, 0, 0.59692, 0.125425, 0, 0.41295, 0.113054, 0, 0, 0.356844
1.789, 0, 0, 0, 0.0736103, 1.2634, 0, 0.598167, 0.125082, 0, 0.413079, 0.113064, 0, 0, 0.356911
1.79, 0, 0, 0, 0.0730016, 1.26426, 0, 0.598386, 0.125129, 0, 0.413222, 0.113113, 0, 0, 0.357045
1.791, 0, 0, 0, 0.0726436, 1.26391, 0, 0.597955, 0.125065, 0, 0.412915, 0.113055, 0, 0, 0.356834
1.792, 0, 0, 0, 0.073612, 1.26339, 0, 0.597122, 0.125413, 0, 0.413074, 0.113063, 0, 0, 0.356906
1.793, 0, 0, 0, 0.0730085, 1.26426, 0, 0.597309, 0.125485, 0, 0.413226, 0.113114, 0, 0, 0.357047
1.794, 0, 0, 0, 0.0726426, 1.2639, 0, 0.597929, 0.125079, 0, 0.412915, 0.113054, 0, 0, 0.356834
1.795, 0, 0, 0, 0.0736118, 1.26339, 0, 0.598181, 0.125068, 0, 0.413076, 0.113063, 0, 0, 0.356907
1.796, 0, 0, 0, 0.0737544, 1.26371, 0, 0.59733, 0.125474, 0, 0.413226, 0.113114, 0, 0, 0.357047
1.797, 0, 0, 0, 0.0728327, 1.26419, 0, 0.597117, 0.125479, 0, 0.413091, 0.113102, 0, 0, 0.356976
1.798, 0, 0, 0, 0.0727009, 1.26389, 0, 0.597986, 0.125076, 0, 0.412953, 0.113053, 0, 0, 0.356844
1.799, 0, 0, 0, 0.0728657, 1.26396, 0, 0.59819, 0.125072, 0, 0.41308, 0.113065, 0, 0, 0.356912
1.8, 0, 0, 0, 0.0728084, 1.26397, 0, 0.598135, 0.125071, 0, 0.413042, 0.113066, 0, 0, 0.356901
1.801, 0, 0, 0, 0.0735572, 1.2634, 0, 0.59707, 0.125416, 0, 0.413039, 0.113064, 0, 0, 0.356896
1.802, 0, 0, 0, 0.0737546, 1.26369, 0, 0.597301, 0.125482, 0, 0.413222, 0.113111, 0, 0, 0.357042
1.803, 0, 0, 0, 0.0728422, 1.2642, 0, 0.597125, 0.125483, 0, 0.413098, 0.113103, 0, 0, 0.356981
1.804, 0, 0, 0, 0.0726962, 1.26389, 0, 0.597984, 0.125077, 0, 0.412949, 0.113053, 0, 0, 0.356843
1.805, 0, 0, 0, 0.0728662, 1.26396, 0, 0.598194, 0.125072, 0, 0.413079, 0.113065, 0, 0, 0.356912
1.806, 0, 0, 0, 0.0735539, 1.26342, 0, 0.59814, 0.125071, 0, 0.413043, 0.113065, 0, 0, 0.356901
1.807, 0, 0, 0, 0.073001, 1.26424, 0, 0.598375, 0.125121, 0, 0.413217, 0.113111, 0, 0, 0.357039
1.808, 0, 0, 0, 0.0733989, 1.26336, 0, 0.596897, 0.125413, 0, 0.412921, 0.113056, 0, 0, 0.356838
1.809, 0, 0, 0, 0.073053, 1.26423, 0, 0.597336, 0.125479, 0, 0.413249, 0.11311, 0, 0, 0.357046
1.81, 0, 0, 0, 0.0726552, 1.26392, 0, 0.596884, 0.125432, 0, 0.412927, 0.113057, 0, 0, 0.356844
1.811, 0, 0, 0, 0.0736012, 1.26338, 0, 0.597095, 0.125429, 0, 0.413067, 0.113062, 0, 0, 0.356902
1.812, 0, 0, 0, 0.0730111, 1.26426, 0, 0.598382, 0.125142, 0, 0.41323, 0.113113, 0, 0, 0.357049
1.813, 0, 0, 0, 0.0726422, 1.26391, 0, 0.597964, 0.12507, 0, 0.412915, 0.113055, 0, 0, 0.356835
1.814, 0, 0, 0, 0.0736089, 1.26339, 0, 0.598192, 0.125065, 0, 0.413073, 0.113062, 0, 0, 0.356905
1.815, 0, 0, 0, 0.0737543, 1.26371, 0, 0.598396, 0.125123, 0, 0.413227, 0.113113, 0, 0, 0.357048
1.816, 0, 0, 0, 0.0728325, 1.2642, 0, 0.598194, 0.125116, 0, 0.413092, 0.113102, 0, 0, 0.356977
1.817, 0, 0, 0, 0.0727019, 1.26389, 0, 0.596939, 0.125408, 0, 0.412951, 0.113054, 0, 0, 0.356844
1.818, 0, 0, 0, 0.0728657, 1.26395, 0, 0.597099, 0.125427, 0, 0.413077, 0.113065, 0, 0, 0.35691
1.819, 0, 0, 0, 0.0728125, 1.26397, 0, 0.597052, 0.125434, 0, 0.413044, 0.113066, 0, 0, 0.356902
1.82, 0, 0, 0, 0.0735567, 1.2634, 0, 0.597054, 0.125433, 0, 0.41304, 0.113064, 0, 0, 0.356897
1.821, 0, 0, 0, 0.0737534, 1.26369, 0, 0.598371, 0.125138, 0, 0.413224, 0.113111, 0, 0, 0.357043
1.822, 0, 0, 0, 0.0728403, 1.2642, 0, 0.598215, 0.125124, 0, 0.413099, 0.113103, 0, 0, 0.356981
1.823, 0, 0, 0, 0.0726951, 1.26389, 0, 0.598009, 0.125062, 0, 0.412948, 0.113054, 0, 0, 0.356843
1.824, 0, 0, 0, 0.0728654, 1.26395, 0, 0.59819, 0.125067, 0, 0.413078, 0.113065, 0, 0, 0.356911
1.825, 0, 0, 0, 0.0735554, 1.26342, 0, 0.598132, 0.125068, 0, 0.413043, 0.113065, 0, 0, 0.356901
1.826, 0, 0, 0, 0.0730029, 1.26425, 0, 0.597308, 0.125469, 0, 0.413217, 0.113112, 0, 0, 0.357039
1.827, 0, 0, 0, 0.0733978, 1.26335, 0, 0.59687, 0.125424, 0, 0.412921, 0.113055, 0, 0, 0.356837
1.828, 0, 0, 0, 0.0730552, 1.26423, 0, 0.597335, 0.125483, 0, 0.413251, 0.11311, 0, 0, 0.357048
1.829, 0, 0, 0, 0.0726538, 1.26392, 0, 0.596886, 0.125433, 0, 0.412926, 0.113057, 0, 0, 0.356843
1.83, 0, 0, 0, 0.0735994, 1.26338, 0, 0.598153, 0.125081, 0, 0.413067, 0.113061, 0, 0, 0.356902
1.831, 0, 0, 0, 0.0730123, 1.26426, 0, 0.5984, 0.12513, 0, 0.41323, 0.113114, 0, 0, 0.357049
1.832, 0, 0, 0, 0.0726401, 1.26391, 0, 0.597955, 0.125066, 0, 0.412913, 0.113055, 0, 0, 0.356834
1.833, 0, 0, 0, 0.0736104, 1.26338, 0, 0.598181, 0.125064, 0, 0.413074, 0.113062, 0, 0, 0.356905
1.834, 0, 0, 0, 0.0737561, 1.26371, 0, 0.597327, 0.125473, 0, 0.413227, 0.113114, 0, 0, 0.357048
1.835, 0, 0, 0, 0.0728328, 1.26419, 0, 0.59711, 0.125478, 0, 0.413091, 0.113102, 0, 0, 0.356976
1.836, 0, 0, 0, 0.0727026, 1.26389, 0, 0.596924, 0.125425, 0, 0.412952, 0.113054, 0, 0, 0.356844
1.837, 0, 0, 0, 0.0728646, 1.26395, 0, 0.598168, 0.125084, 0, 0.413079, 0.113064, 0, 0, 0.356911
1.838, 0, 0, 0, 0.0728104, 1.26397, 0, 0.598141, 0.125076, 0, 0.413044, 0.113066, 0, 0, 0.356902
1.839, 0, 0, 0, 0.0728091, 1.26395, 0, 0.598133, 0.125069, 0, 0.413039, 0.113064, 0, 0, 0.356896
1.84, 0, 0, 0, 0.0735645, 1.26341, 0, 0.59708, 0.125417, 0, 0.413044, 0.113065, 0, 0, 0.3569
1.841, 0, 0, 0, 0.0737514, 1.26369, 0, 0.5973, 0.125482, 0, 0.413219, 0.113111, 0, 0, 0.357041
1.842, 0, 0, 0, 0.0735867, 1.26364, 0, 0.598183, 0.125132, 0, 0.413099, 0.113101, 0, 0, 0.356981
1.843, 0, 0, 0, 0.0728889, 1.26418, 0, 0.598246, 0.125119, 0, 0.413128, 0.113101, 0, 0, 0.356987
1.844, 0, 0, 0, 0.0727004, 1.26391, 0, 0.596951, 0.125414, 0, 0.412954, 0.113056, 0, 0, 0.356849
1.845, 0, 0, 0, 0.0728581, 1.26395, 0, 0.597101, 0.125428, 0, 0.413072, 0.113064, 0, 0, 0.356906
1.846, 0, 0, 0, 0.0728142, 1.26396, 0, 0.598122, 0.125086, 0, 0.413047, 0.113065, 0, 0, 0.356903
1.847, 0, 0, 0, 0.0735559, 1.2634, 0, 0.598135, 0.125072, 0, 0.413041, 0.113064, 0, 0, 0.356898
1.848, 0, 0, 0, 0.0737526, 1.26369, 0, 0.598384, 0.125122, 0, 0.413222, 0.113111, 0, 0, 0.357042
1.849, 0, 0, 0, 0.0728417, 1.2642, 0, 0.597144, 0.125468, 0, 0.413097, 0.113103, 0, 0, 0.35698
1.85, 0, 0, 0, 0.0726971, 1.26389, 0, 0.596918, 0.125421, 0, 0.412948, 0.113053, 0, 0, 0.356842
1.851, 0, 0, 0, 0.0728679, 1.26395, 0, 0.59711, 0.125431, 0, 0.413079, 0.113065, 0, 0, 0.356911
1.852, 0, 0, 0, 0.0728097, 1.26397, 0, 0.598121, 0.125087, 0, 0.413044, 0.113065, 0, 0, 0.356902
1.853, 0, 0, 0, 0.0735561, 1.2634, 0, 0.598139, 0.125072, 0, 0.413041, 0.113064, 0, 0, 0.356897
1.854, 0, 0, 0, 0.073753, 1.26369, 0, 0.598389, 0.125122, 0, 0.413222, 0.113111, 0, 0, 0.357042
1.855, 0, 0, 0, 0.0735852, 1.26365, 0, 0.598203, 0.125117, 0, 0.413097, 0.113102, 0, 0, 0.35698
1.856, 0, 0, 0, 0.0728892, 1.26418, 0, 0.597183, 0.125463, 0, 0.413126, 0.113101, 0, 0, 0.356986
1.857, 0, 0, 0, 0.0727005, 1.2639, 0, 0.596924, 0.125423, 0, 0.412954, 0.113055, 0, 0, 0.356848
1.858, 0, 0, 0, 0.07286, 1.26395, 0, 0.597098, 0.125431, 0, 0.413074, 0.113064, 0, 0, 0.356908
1.859, 0, 0, 0, 0.0728125, 1.26396, 0, 0.59812, 0.125087, 0, 0.413047, 0.113065, 0, 0, 0.356903
1.86, 0, 0, 0, 0.0728104, 1.26396, 0, 0.598135, 0.125073, 0, 0.413041, 0.113064, 0, 0, 0.356898
1.861, 0, 0, 0, 0.0728159, 1.26396, 0, 0.598139, 0.12507, 0, 0.413044, 0.113065, 0, 0, 0.356899
1.862, 0, 0, 0, 0.0735612, 1.26341, 0, 0.597075, 0.125417, 0, 0.413042, 0.113065, 0, 0, 0.356899
1.863, 0, 0, 0, 0.0737518, 1.26369, 0, 0.597299, 0.125482, 0, 0.413219, 0.113111, 0, 0, 0.357041
1.864, 0, 0, 0, 0.0735885, 1.26364, 0, 0.597127, 0.125482, 0, 0.413098, 0.113102, 0, 0, 0.356981
1.865, 0, 0, 0, 0.0728874, 1.26418, 0, 0.598231, 0.125131, 0, 0.413127, 0.1131, 0, 0, 0.356986
1.866, 0, 0, 0, 0.0727009, 1.26391, 0, 0.598018, 0.125068, 0, 0.412956, 0.113056, 0, 0, 0.35685
1.867, 0, 0, 0, 0.0728565, 1.26395, 0, 0.598184, 0.125068, 0, 0.413072, 0.113064, 0, 0, 0.356907
1.868, 0, 0, 0, 0.0728135, 1.26397, 0, 0.59814, 0.12507, 0, 0.413046, 0.113066, 0, 0, 0.356902
1.869, 0, 0, 0, 0.0735571, 1.2634, 0, 0.597069, 0.125416, 0, 0.413039, 0.113064, 0, 0, 0.356896
1.87, 0, 0, 0, 0.0737546, 1.26369, 0, 0.597299, 0.125481, 0, 0.413222, 0.113111, 0, 0, 0.357042
1.871, 0, 0, 0, 0.0728428, 1.2642, 0, 0.597124, 0.125483, 0, 0.413099, 0.113103, 0, 0, 0.356981
1.872, 0, 0, 0, 0.0726964, 1.26389, 0, 0.597982, 0.125077, 0, 0.412949, 0.113053, 0, 0, 0.356843
1.873, 0, 0, 0, 0.0728664, 1.26396, 0, 0.598191, 0.125072, 0, 0.41308, 0.113065, 0, 0, 0.356912
1.874, 0, 0, 0, 0.0735541, 1.26342, 0, 0.598137, 0.125071, 0, 0.413043, 0.113065, 0, 0, 0.356901
1.875, 0, 0, 0, 0.0737484, 1.26369, 0, 0.597318, 0.12547, 0, 0.413217, 0.113111, 0, 0, 0.357039
1.876, 0, 0, 0, 0.0728437, 1.2642, 0, 0.597127, 0.125479, 0, 0.413099, 0.113102, 0, 0, 0.35698
1.877, 0, 0, 0, 0.0726972, 1.26389, 0, 0.59798, 0.125076, 0, 0.41295, 0.113053, 0, 0, 0.356844
1.878, 0, 0, 0, 0.0728661, 1.26396, 0, 0.598186, 0.125071, 0, 0.41308, 0.113065, 0, 0, 0.356912
1.879, 0, 0, 0, 0.0728106, 1.26397, 0, 0.597078, 0.125421, 0, 0.413042, 0.113067, 0, 0, 0.356901
1.88, 0, 0, 0, 0.0735558, 1.2634, 0, 0.597053, 0.125428, 0, 0.413038, 0.113063, 0, 0, 0.356895
1.881, 0, 0, 0, 0.0737551, 1.26369, 0, 0.598366, 0.125136, 0, 0.413225, 0.113111, 0, 0, 0.357043
1.882, 0, 0, 0, 0.0728407, 1.2642, 0, 0.598207, 0.125123, 0, 0.413099, 0.113103, 0, 0, 0.356981
1.883, 0, 0, 0, 0.0726955, 1.26389, 0, 0.598, 0.125062, 0, 0.412948, 0.113054, 0, 0, 0.356843
1.884, 0, 0, 0, 0.0728675, 1.26396, 0, 0.597126, 0.125416, 0, 0.413078, 0.113065, 0, 0, 0.356911
1.885, 0, 0, 0, 0.0735559, 1.26341, 0, 0.597053, 0.12543, 0, 0.413042, 0.113065, 0, 0, 0.356901
1.886, 0, 0, 0, 0.0737494, 1.26369, 0, 0.597298, 0.125485, 0, 0.413218, 0.113111, 0, 0, 0.357039
1.887, 0, 0, 0, 0.072843, 1.2642, 0, 0.598191, 0.125135, 0, 0.413101, 0.113102, 0, 0, 0.356982
1.888, 0, 0, 0, 0.0726971, 1.26389, 0, 0.598008, 0.125066, 0, 0.41295, 0.113054, 0, 0, 0.356844
1.889, 0, 0, 0, 0.0728641, 1.26395, 0, 0.598191, 0.125068, 0, 0.413077, 0.113065, 0, 0, 0.35691
1.89, 0, 0, 0, 0.0728106, 1.26397, 0, 0.598136, 0.12507, 0, 0.413043, 0.113066, 0, 0, 0.356901
1.891, 0, 0, 0, 0.0735575, 1.2634, 0, 0.597067, 0.125416, 0, 0.413039, 0.113064, 0, 0, 0.356896
1.892, 0, 0, 0, 0.0737551, 1.26369, 0, 0.597297, 0.125481, 0, 0.413222, 0.113111, 0, 0, 0.357042
1.893, 0, 0, 0, 0.0728428, 1.2642, 0, 0.597121, 0.125483, 0, 0.413098, 0.113103, 0, 0, 0.356981
1.894, 0, 0, 0, 0.0726967, 1.26389, 0, 0.59798, 0.125077, 0, 0.412949, 0.113053, 0, 0, 0.356843
1.895, 0, 0, 0, 0.0736118, 1.2634, 0, 0.598189, 0.125071, 0, 0.41308, 0.113065, 0, 0, 0.356912
1.896, 0, 0, 0, 0.0729998, 1.26426, 0, 0.598381, 0.125125, 0, 0.413221, 0.113113, 0, 0, 0.357044
1.897, 0, 0, 0, 0.0726467, 1.26391, 0, 0.596893, 0.125414, 0, 0.412916, 0.113055, 0, 0, 0.356835
1.898, 0, 0, 0, 0.072866, 1.26394, 0, 0.597099, 0.125426, 0, 0.413073, 0.113063, 0, 0, 0.356905
1.899, 0, 0, 0, 0.0735652, 1.26342, 0, 0.597066, 0.125435, 0, 0.41305, 0.113066, 0, 0, 0.356905
1.9, 0, 0, 0, 0.0737434, 1.26369, 0, 0.598357, 0.125137, 0, 0.413216, 0.11311, 0, 0, 0.357039
1.901, 0, 0, 0, 0.0728446, 1.2642, 0, 0.598215, 0.125124, 0, 0.413101, 0.113103, 0, 0, 0.356982
1.902, 0, 0, 0, 0.0726956, 1.26389, 0, 0.598006, 0.125062, 0, 0.412948, 0.113054, 0, 0, 0.356843
1.903, 0, 0, 0, 0.0728655, 1.26395, 0, 0.598186, 0.125066, 0, 0.413078, 0.113065, 0, 0, 0.35691
1.904, 0, 0, 0, 0.0735577, 1.26342, 0, 0.597073, 0.125418, 0, 0.413043, 0.113066, 0, 0, 0.356901
1.905, 0, 0, 0, 0.0737476, 1.26369, 0, 0.597291, 0.125481, 0, 0.413216, 0.11311, 0, 0, 0.357038
1.906, 0, 0, 0, 0.0728462, 1.2642, 0, 0.597127, 0.125483, 0, 0.413101, 0.113103, 0, 0, 0.356982
1.907, 0, 0, 0, 0.0726962, 1.26389, 0, 0.597981, 0.125077, 0, 0.412949, 0.113053, 0, 0, 0.356844
1.908, 0, 0, 0, 0.0728661, 1.26396, 0, 0.59819, 0.125072, 0, 0.413079, 0.113065, 0, 0, 0.356912
1.909, 0, 0, 0, 0.0728093, 1.26397, 0, 0.598137, 0.125072, 0, 0.413043, 0.113066, 0, 0, 0.356901
1.91, 0, 0, 0, 0.0735572, 1.2634, 0, 0.597072, 0.125416, 0, 0.413039, 0.113064, 0, 0, 0.356896
1.911, 0, 0, 0, 0.0737549, 1.26369, 0, 0.597303, 0.125482, 0, 0.413222, 0.113111, 0, 0, 0.357042
1.912, 0, 0, 0, 0.0728411, 1.2642, 0, 0.598182, 0.125133, 0, 0.413099, 0.113102, 0, 0, 0.356981
1.913, 0, 0, 0, 0.072698, 1.26389, 0, 0.598, 0.125065, 0, 0.41295, 0.113054, 0, 0, 0.356844
1.914, 0, 0, 0, 0.0728663, 1.26396, 0, 0.597127, 0.125417, 0, 0.413077, 0.113065, 0, 0, 0.35691
1.915, 0, 0, 0, 0.0735561, 1.26341, 0, 0.597057, 0.125431, 0, 0.413042, 0.113065, 0, 0, 0.3569
1.916, 0, 0, 0, 0.073748, 1.26368, 0, 0.598358, 0.125136, 0, 0.413219, 0.11311, 0, 0, 0.35704
1.917, 0, 0, 0, 0.0728444, 1.2642, 0, 0.59821, 0.125123, 0, 0.413101, 0.113103, 0, 0, 0.356982
1.918, 0, 0, 0, 0.0726953, 1.26389, 0, 0.597999, 0.125062, 0, 0.412948, 0.113054, 0, 0, 0.356843
1.919, 0, 0, 0, 0.0728672, 1.26396, 0, 0.597125, 0.125416, 0, 0.413078, 0.113065, 0, 0, 0.35691
1.92, 0, 0, 0, 0.0728112, 1.26397, 0, 0.597053, 0.125431, 0, 0.413043, 0.113066, 0, 0, 0.356901
1.921, 0, 0, 0, 0.0735582, 1.2634, 0, 0.597052, 0.125432, 0, 0.41304, 0.113064, 0, 0, 0.356897
1.922, 0, 0, 0, 0.0737542, 1.26369, 0, 0.598367, 0.125138, 0, 0.413224, 0.113111, 0, 0, 0.357043
1.923, 0, 0, 0, 0.072841, 1.2642, 0, 0.59821, 0.125124, 0, 0.413099, 0.113103, 0, 0, 0.356981
1.924, 0, 0, 0, 0.0726959, 1.26389, 0, 0.598004, 0.125062, 0, 0.412948, 0.113054, 0, 0, 0.356843
1.925, 0, 0, 0, 0.0736113, 1.2634, 0, 0.598185, 0.125066, 0, 0.413078, 0.113064, 0, 0, 0.356911
1.926, 0, 0, 0, 0.0730031, 1.26426, 0, 0.597317, 0.125472, 0, 0.413221, 0.113114, 0, 0, 0.357044
1.927, 0, 0, 0, 0.0726459, 1.2639, 0, 0.596867, 0.125424, 0, 0.412915, 0.113055, 0, 0, 0.356834
1.928, 0, 0, 0, 0.0736136, 1.26338, 0, 0.597099, 0.125428, 0, 0.413076, 0.113063, 0, 0, 0.356906
1.929, 0, 0, 0, 0.0730096, 1.26426, 0, 0.597314, 0.125491, 0, 0.413227, 0.113114, 0, 0, 0.357048
1.93, 0, 0, 0, 0.0726414, 1.2639, 0, 0.597939, 0.125082, 0, 0.412914, 0.113054, 0, 0, 0.356834
1.931, 0, 0, 0, 0.0736118, 1.26339, 0, 0.598195, 0.125069, 0, 0.413076, 0.113063, 0, 0, 0.356907
1.932, 0, 0, 0, 0.0737529, 1.26371, 0, 0.5984, 0.125125, 0, 0.413226, 0.113113, 0, 0, 0.357047
1.933, 0, 0, 0, 0.0728326, 1.26419, 0, 0.598202, 0.125117, 0, 0.413092, 0.113102, 0, 0, 0.356977
1.934, 0, 0, 0, 0.0727006, 1.26389, 0, 0.598003, 0.125059, 0, 0.412951, 0.113054, 0, 0, 0.356844
1.935, 0, 0, 0, 0.0728672, 1.26396, 0, 0.597122, 0.125415, 0, 0.413078, 0.113066, 0, 0, 0.356911
1.936, 0, 0, 0, 0.0728108, 1.26397, 0, 0.597048, 0.12543, 0, 0.413042, 0.113066, 0, 0, 0.3569
1.937, 0, 0, 0, 0.0728136, 1.26395, 0, 0.597047, 0.125432, 0, 0.413041, 0.113064, 0, 0, 0.356897
1.938, 0, 0, 0, 0.0735645, 1.2634, 0, 0.597061, 0.125433, 0, 0.413045, 0.113065, 0, 0, 0.3569
1.939, 0, 0, 0, 0.0737507, 1.26369, 0, 0.598367, 0.125138, 0, 0.413221, 0.113111, 0, 0, 0.357042
1.94, 0, 0, 0, 0.0735867, 1.26365, 0, 0.598214, 0.125123, 0, 0.413099, 0.113102, 0, 0, 0.356981
1.941, 0, 0, 0, 0.0728868, 1.26418, 0, 0.598254, 0.125116, 0, 0.413126, 0.113101, 0, 0, 0.356986
1.942, 0, 0, 0, 0.0727004, 1.26391, 0, 0.598012, 0.125063, 0, 0.412955, 0.113055, 0, 0, 0.356849
1.943, 0, 0, 0, 0.0728583, 1.26395, 0, 0.598174, 0.125065, 0, 0.413073, 0.113064, 0, 0, 0.356907
1.944, 0, 0, 0, 0.0728156, 1.26397, 0, 0.597071, 0.125418, 0, 0.413045, 0.113067, 0, 0, 0.356902
1.945, 0, 0, 0, 0.0735563, 1.2634, 0, 0.597039, 0.125427, 0, 0.413039, 0.113064, 0, 0, 0.356896
1.946, 0, 0, 0, 0.073757, 1.26369, 0, 0.597296, 0.125486, 0, 0.413224, 0.113112, 0, 0, 0.357043
1.947, 0, 0, 0, 0.0728416, 1.2642, 0, 0.597123, 0.125485, 0, 0.413098, 0.113103, 0, 0, 0.356981
1.948, 0, 0, 0, 0.0726964, 1.26389, 0, 0.597984, 0.125078, 0, 0.412949, 0.113053, 0, 0, 0.356843
1.949, 0, 0, 0, 0.0728664, 1.26396, 0, 0.598194, 0.125073, 0, 0.41308, 0.113065, 0, 0, 0.356912
1.95, 0, 0, 0, 0.072809, 1.26397, 0, 0.598141, 0.125072, 0, 0.413043, 0.113066, 0, 0, 0.356901
1.951, 0, 0, 0, 0.0735558, 1.2634, 0, 0.598131, 0.125067, 0, 0.413039, 0.113064, 0, 0, 0.356896
1.952, 0, 0, 0, 0.0737565, 1.2637, 0, 0.597321, 0.12547, 0, 0.413223, 0.113112, 0, 0, 0.357043
1.953, 0, 0, 0, 0.072841, 1.2642, 0, 0.597118, 0.125479, 0, 0.413096, 0.113102, 0, 0, 0.356979
1.954, 0, 0, 0, 0.0727, 1.26389, 0, 0.59692, 0.125425, 0, 0.412949, 0.113054, 0, 0, 0.356844
1.955, 0, 0, 0, 0.073611, 1.2634, 0, 0.598167, 0.125083, 0, 0.413079, 0.113064, 0, 0, 0.356911
1.956, 0, 0, 0, 0.0730022, 1.26426, 0, 0.598386, 0.125129, 0, 0.413223, 0.113113, 0, 0, 0.357045
1.957, 0, 0, 0, 0.0726441, 1.26391, 0, 0.597955, 0.125065, 0, 0.412915, 0.113055, 0, 0, 0.356834
1.958, 0, 0, 0, 0.0736126, 1.26339, 0, 0.597123, 0.125413, 0, 0.413074, 0.113063, 0, 0, 0.356906
1.959, 0, 0, 0, 0.073009, 1.26426, 0, 0.597309, 0.125485, 0, 0.413226, 0.113114, 0, 0, 0.357047
1.96, 0, 0, 0, 0.0726431, 1.2639, 0, 0.59793, 0.125079, 0, 0.412915, 0.113054, 0, 0, 0.356834
1.961, 0, 0, 0, 0.0736123, 1.26339, 0, 0.598181, 0.125068, 0, 0.413076, 0.113063, 0, 0, 0.356907
1.962, 0, 0, 0, 0.0737549, 1.26371, 0, 0.597331, 0.125474, 0, 0.413226, 0.113114, 0, 0, 0.357048
1.963, 0, 0, 0, 0.0728332, 1.26419, 0, 0.597118, 0.125479, 0, 0.413091, 0.113102, 0, 0, 0.356976
1.964, 0, 0, 0, 0.0727014, 1.26389, 0, 0.597987, 0.125076, 0, 0.412953, 0.113053, 0, 0, 0.356844
1.965, 0, 0, 0, 0.0728662, 1.26396, 0, 0.59819, 0.125072, 0, 0.41308, 0.113065, 0, 0, 0.356912
1.966, 0, 0, 0, 0.0728089, 1.26397, 0, 0.598136, 0.125071, 0, 0.413042, 0.113066, 0, 0, 0.356901
1.967, 0, 0, 0, 0.0735577, 1.2634, 0, 0.597071, 0.125416, 0, 0.413039, 0.113064, 0, 0, 0.356896
1.968, 0, 0, 0, 0.0737551, 1.26369, 0, 0.597302, 0.125482, 0, 0.413222, 0.113111, 0, 0, 0.357042
1.969, 0, 0, 0, 0.0728427, 1.2642, 0, 0.597126, 0.125483, 0, 0.413098, 0.113103, 0, 0, 0.356981
1.97, 0, 0, 0, 0.0726967, 1.26389, 0, 0.597984, 0.125077, 0, 0.412949, 0.113053, 0, 0, 0.356843
1.971, 0, 0, 0, 0.0728667, 1.26396, 0, 0.598194, 0.125072, 0, 0.41308, 0.113065, 0, 0, 0.356912
1.972, 0, 0, 0, 0.0735544, 1.26342, 0, 0.598141, 0.125071, 0, 0.413043, 0.113065, 0, 0, 0.356901
1.973, 0, 0, 0, 0.0730015, 1.26424, 0, 0.598376, 0.125121, 0, 0.413217, 0.113111, 0, 0, 0.357039
1.974, 0, 0, 0, 0.0733994, 1.26336, 0, 0.596898, 0.125412, 0, 0.412922, 0.113056, 0, 0, 0.356838
1.975, 0, 0, 0, 0.0730535, 1.26423, 0, 0.597337, 0.125478, 0, 0.413249, 0.11311, 0, 0, 0.357046
1.976, 0, 0, 0, 0.0726557, 1.26392, 0, 0.596885, 0.125431, 0, 0.412927, 0.113057, 0, 0, 0.356844
1.977, 0, 0, 0, 0.0736002, 1.26338, 0, 0.59815, 0.12508, 0, 0.413067, 0.113061, 0, 0, 0.356902
1.978, 0, 0, 0, 0.0730129, 1.26426, 0, 0.598396, 0.125129, 0, 0.41323, 0.113114, 0, 0, 0.357049
1.979, 0, 0, 0, 0.0726409, 1.26391, 0, 0.59795, 0.125066, 0, 0.412913, 0.113055, 0, 0, 0.356834
1.98, 0, 0, 0, 0.0736126, 1.26339, 0, 0.597121, 0.125413, 0, 0.413073, 0.113063, 0, 0, 0.356905
1.981, 0, 0, 0, 0.0730096, 1.26426, 0, 0.597308, 0.125485, 0, 0.413226, 0.113114, 0, 0, 0.357047
1.982, 0, 0, 0, 0.0733891, 1.26335, 0, 0.596873, 0.125428, 0, 0.412915, 0.113054, 0, 0, 0.356834
1.983, 0, 0, 0, 0.0730563, 1.26422, 0, 0.598411, 0.125135, 0, 0.413253, 0.113109, 0, 0, 0.357049
1.984, 0, 0, 0, 0.0726536, 1.26393, 0, 0.597975, 0.125073, 0, 0.412927, 0.113058, 0, 0, 0.356845
1.985, 0, 0, 0, 0.0728536, 1.26394, 0, 0.598175, 0.125065, 0, 0.413065, 0.113062, 0, 0, 0.356901
1.986, 0, 0, 0, 0.073567, 1.26342, 0, 0.598148, 0.125069, 0, 0.413051, 0.113066, 0, 0, 0.356906
1.987, 0, 0, 0, 0.0737458, 1.26369, 0, 0.597311, 0.125469, 0, 0.413215, 0.113111, 0, 0, 0.357038
1.988, 0, 0, 0, 0.0728444, 1.2642, 0, 0.597122, 0.125478, 0, 0.413099, 0.113102, 0, 0, 0.35698
1.989, 0, 0, 0, 0.0727001, 1.26389, 0, 0.596921, 0.125425, 0, 0.41295, 0.113054, 0, 0, 0.356844
1.99, 0, 0, 0, 0.0728653, 1.26395, 0, 0.598167, 0.125083, 0, 0.413079, 0.113064, 0, 0, 0.356911
1.991, 0, 0, 0, 0.0735568, 1.26342, 0, 0.59814, 0.125075, 0, 0.413045, 0.113066, 0, 0, 0.356903
1.992, 0, 0, 0, 0.0730003, 1.26424, 0, 0.598377, 0.125123, 0, 0.413217, 0.113111, 0, 0, 0.357039
1.993, 0, 0, 0, 0.0733992, 1.26336, 0, 0.596903, 0.125413, 0, 0.412921, 0.113056, 0, 0, 0.356838
1.994, 0, 0, 0, 0.0730535, 1.26423, 0, 0.597343, 0.125479, 0, 0.413249, 0.11311, 0, 0, 0.357047
1.995, 0, 0, 0, 0.072654, 1.26392, 0, 0.597946, 0.125082, 0, 0.412927, 0.113057, 0, 0, 0.356844
1.996, 0, 0, 0, 0.0736015, 1.26338, 0, 0.59817, 0.125068, 0, 0.413068, 0.113062, 0, 0, 0.356903
1.997, 0, 0, 0, 0.0730126, 1.26427, 0, 0.597333, 0.125475, 0, 0.413228, 0.113114, 0, 0, 0.357048
1.998, 0, 0, 0, 0.0726426, 1.2639, 0, 0.596872, 0.125426, 0, 0.412913, 0.113055, 0, 0, 0.356833
1.999, 0, 0, 0, 0.0736119, 1.26338, 0, 0.598163, 0.125079, 0, 0.413076, 0.113062, 0, 0, 0.356906
2, 0, 0, 0, 0.07301, 1.26427, 0, 0.598393, 0.125129, 0, 0.413228, 0.113114, 0, 0, 0.357049
2.001, 0, 0, 0, 0.0733854, 1.26335, 0, 0.597949, 0.125064, 0, 0.412913, 0.113054, 0, 0, 0.356834
2.002, 0, 0, 0, 0.0730585, 1.26423, 0, 0.597365, 0.125467, 0, 0.413252, 0.113111, 0, 0, 0.357048
2.003, 0, 0, 0, 0, 0.237015, 0, 0.029506, 0, 0, 0, 0, 0, 0, 0
2.004, 0, 0, 0, 0, 0.102827, 0, 0.0204025, 0.00124783, 0, 0.00157871, 0, 0, 0, 0.00244615
2.005, 0, 0, 0, 0, 0.0810196, 0, 0.0281021, 0.00209443, 0, 0.00759532, 0, 0, 0, 0.00436956
2.006, 0, 0, 0, 0, 0.0731794, 0, 0.0270006, 0.00191945, 0, 0.00715774, 0, 0, 0, 0.0043638
2.007, 0, 0, 0, 0, 0.066641, 0, 0.0246625, 0.00166148, 0, 0.00576805, 0, 0, 0, 0.00404369
2.008, 0, 0, 0, 0, 0.060209, 0, 0.0220582, 0.00143042, 0, 0.00450028, 0, 0, 0, 0.00371474
2.009, 0, 0, 0, 0, 0.0542587, 0, 0.0202086, 0.00121814, 0, 0.00343249, 0, 0, 0, 0.0034082
2.01, 0, 0, 0, 0, 0.0492782, 0, 0.018486, 0.00105752, 0, 0.00232158, 0, 0, 0, 0.00316702
2.011, 0, 0, 0, 0, 0.0451315, 0, 0.0166529, 0.000888345, 0, 0.00125739, 0, 0, 0, 0.00310072
2.012, 0, 0, 0, 0, 0.0406951, 0, 0.0147899, 0.000707882, 0, 0.000449131, 0, 0, 0, 0.00301829
2.013, 0, 0, 0, 0, 0.0363053, 0, 0.0130532, 0.000560681, 0, 0, 0, 0, 0, 0.00294556
2.014, 0, 0, 0, 0, 0.0297686, 0, 0.0114776, 0.000434145, 0, 0, 0, 0, 0, 0.00287957
2.015, 0, 0, 0, 0, 0.0282137, 0, 0.0103399, 0.000538813, 0, 0, 0, 0, 0, 0.00284866
2.016, 0, 0, 0, 0, 0.0274923, 0, 0.00982038, 0.000538249, 0, 0, 0, 0, 0, 0.00276143
2.017, 0, 0, 0, 0, 0.0263257, 0, 0.00939925, 0.000516649, 0, 0, 0, 0, 0, 0.00268353
2.018, 0, 0, 0, 0, 0.0244622, 0, 0.00915991, 0.000527837, 0, 0, 0, 0, 0, 0.00261986
2.019, 0, 0, 0, 0, 0.0217074, 0, 0.0085809, 0.000517244, 0, 0, 0, 0, 0, 0.00257606
2.02, 0, 0, 0, 0, 0.019982, 0, 0.00639947, 0.000552591, 0, 0, 0, 0, 0, 0.00249966
2.021, 0, 0, 0, 0, 0.0188361, 0, 0.00619207, 0.000597976, 0, 0, 0, 0, 0, 0.00244894
2.022, 0, 0, 0, 0, 0.016071, 0, 0.00424026, 0.000644803, 0, 0, 0, 0, 0, 0.00231837
2.023, 0, 0, 0, 0, 0.00982426, 0, 0.00428289, 0.000741596, 0, 0, 0, 0, 0, 0.00231164
2.024, 0, 0, 0, 0, 0.00895501, 0, 0.000861054, 0.000881582, 0, 0, 0, 0, 0, 0.00232295
2.025, 0, 0, 0, 0, 0, 0, 0.000831356, 0.000949383, 0, 0, 0, 0, 0, 0.00233131
2.026, 0, 0, 0, 0, 0, 0, 0.000911148, 0.0012339, 0, 0, 0, 0, 0, 0.00214694
2.027, 0, 0, 0, 0, 0, 0, 0, 0.00117533, 0, 0, 0, 0, 0, 0.00179682
2.028, 0, 0, 0, 0, 0, 0, 0, 0.0012127, 0, 0, 0, 0, 0, 0.00142975
2.029, 0, 0, 0, 0, 0, 0, 0, 0.00127244, 0, 0, 0, 0, 0, 0.00106011
2.03, 0, 0, 0, 0, 0, 0, 0, 0.00130334, 0, 0, 0, 0, 0, 0.000683424
2.031, 0, 0, 0, 0, 0, 0, 0, 0.00133285, 0, 0, 0, 0, 0, 0
2.032, 0, 0, 0, 0, 0, 0, 0, 0.00135776, 0, 0, 0, 0, 0, 0
2.033, 0, 0, 0, 0, 0, 0, 0, 0, 0, 0, 0, 0, 0, 0
2.034, 0, 0, 0, 0, 0, 0, 0, 0, 0, 0, 0, 0, 0, 0
2.035, 0, 0, 0, 0, 0, 0, 0, 0, 0, 0, 0, 0, 0, 0
2.036, 0, 0, 0, 0, 0, 0, 0, 0, 0, 0, 0, 0, 0, 0
2.037, 0, 0, 0, 0, 0, 0, 0, 0, 0, 0, 0, 0, 0, 0
2.038, 0, 0, 0, 0, 0, 0, 0, 0, 0, 0, 0, 0, 0, 0
2.039, 0, 0, 0, 0, 0, 0, 0, 0, 0, 0, 0, 0, 0, 0
2.04, 0, 0, 0, 0, 0, 0, 0, 0, 0, 0, 0, 0, 0, 0
2.041, 0, 0, 0, 0, 0, 0, 0, 0, 0, 0, 0, 0, 0, 0
2.042, 0, 0, 0, 0, 0, 0, 0, 0, 0, 0, 0, 0, 0, 0
2.043, 0, 0, 0, 0, 0, 0, 0, 0, 0, 0, 0, 0, 0, 0
2.044, 0, 0, 0, 0, 0, 0, 0, 0, 0, 0, 0, 0, 0, 0
2.045, 0, 0, 0, 0, 0, 0, 0, 0, 0, 0, 0, 0, 0, 0
2.046, 0, 0, 0, 0, 0, 0, 0, 0, 0, 0, 0, 0, 0, 0
2.047, 0, 0, 0, 0, 0, 0, 0, 0, 0, 0, 0, 0, 0, 0
2.048, 0, 0, 0, 0, 0, 0, 0, 0, 0, 0, 0, 0, 0, 0
2.049, 0, 0, 0, 0, 0, 0, 0, 0, 0, 0, 0, 0, 0, 0
2.05, 0, 0, 0, 0, 0, 0, 0, 0, 0, 0, 0, 0, 0, 0
2.051, 0, 0, 0, 0, 0, 0, 0, 0, 0, 0, 0, 0, 0, 0
2.052, 0, 0, 0, 0, 0, 0, 0, 0, 0, 0, 0, 0, 0, 0
2.053, 0, 0, 0, 0, 0, 0, 0, 0, 0, 0, 0, 0, 0, 0
2.054, 0, 0, 0, 0, 0, 0, 0, 0, 0, 0, 0, 0, 0, 0
2.055, 0, 0, 0, 0, 0, 0, 0, 0, 0, 0, 0, 0, 0, 0
2.056, 0, 0, 0, 0, 0, 0, 0, 0, 0, 0, 0, 0, 0, 0
2.057, 0, 0, 0, 0, 0, 0, 0, 0, 0, 0, 0, 0, 0, 0
2.058, 0, 0, 0, 0, 0, 0, 0, 0, 0, 0, 0, 0, 0, 0
2.059, 0, 0, 0, 0, 0, 0, 0, 0, 0, 0, 0, 0, 0, 0
2.06, 0, 0, 0, 0, 0, 0, 0, 0, 0, 0, 0, 0, 0, 0
2.061, 0, 0, 0, 0, 0, 0, 0, 0, 0, 0, 0, 0, 0, 0
2.062, 0, 0, 0, 0, 0, 0, 0, 0, 0, 0, 0, 0, 0, 0
2.063, 0, 0, 0, 0, 0, 0, 0, 0, 0, 0, 0, 0, 0, 0
2.064, 0, 0, 0, 0, 0, 0, 0, 0, 0, 0, 0, 0, 0, 0
2.065, 0, 0, 0, 0, 0, 0, 0, 0, 0, 0, 0, 0, 0, 0
2.066, 0, 0, 0, 0, 0, 0, 0, 0, 0, 0, 0, 0, 0, 0
2.067, 0, 0, 0, 0, 0, 0, 0, 0, 0, 0, 0, 0, 0, 0
2.068, 0, 0, 0, 0, 0, 0, 0, 0, 0, 0, 0, 0, 0, 0
2.069, 0, 0, 0, 0, 0, 0, 0, 0, 0, 0, 0, 0, 0, 0
2.07, 0, 0, 0, 0, 0, 0, 0, 0, 0, 0, 0, 0, 0, 0
2.071, 0, 0, 0, 0, 0, 0, 0, 0, 0, 0, 0, 0, 0, 0
2.072, 0, 0, 0, 0, 0, 0, 0, 0, 0, 0, 0, 0, 0, 0
2.073, 0, 0, 0, 0, 0, 0, 0, 0, 0, 0, 0, 0, 0, 0
2.074, 0, 0, 0, 0, 0, 0, 0, 0, 0, 0, 0, 0, 0, 0
2.075, 0, 0, 0, 0, 0, 0, 0, 0, 0, 0, 0, 0, 0, 0
2.076, 0, 0, 0, 0, 0, 0, 0, 0, 0, 0, 0, 0, 0, 0
2.077, 0, 0, 0, 0, 0, 0, 0, 0, 0, 0, 0, 0, 0, 0
2.078, 0, 0, 0, 0, 0, 0, 0, 0, 0, 0, 0, 0, 0, 0
2.079, 0, 0, 0, 0, 0, 0, 0, 0, 0, 0, 0, 0, 0, 0
2.08, 0, 0, 0, 0, 0, 0, 0, 0, 0, 0, 0, 0, 0, 0
2.081, 0, 0, 0, 0, 0, 0, 0, 0, 0, 0, 0, 0, 0, 0
2.082, 0, 0, 0, 0, 0, 0, 0, 0, 0, 0, 0, 0, 0, 0
2.083, 0, 0, 0, 0, 0, 0, 0, 0, 0, 0, 0, 0, 0, 0
2.084, 0, 0, 0, 0, 0, 0, 0, 0, 0, 0, 0, 0, 0, 0
2.085, 0, 0, 0, 0, 0, 0, 0, 0, 0, 0, 0, 0, 0, 0
2.086, 0, 0, 0, 0, 0, 0, 0, 0, 0, 0, 0, 0, 0, 0
2.087, 0, 0, 0, 0, 0, 0, 0, 0, 0, 0, 0, 0, 0, 0
2.088, 0, 0, 0, 0, 0, 0, 0, 0, 0, 0, 0, 0, 0, 0
2.089, 0, 0, 0, 0, 0, 0, 0, 0, 0, 0, 0, 0, 0, 0
2.09, 0, 0, 0, 0, 0, 0, 0, 0, 0, 0, 0, 0, 0, 0
2.091, 0, 0, 0, 0, 0, 0, 0, 0, 0, 0, 0, 0, 0, 0
2.092, 0, 0, 0, 0, 0, 0, 0, 0, 0, 0, 0, 0, 0, 0
2.093, 0, 0, 0, 0, 0, 0, 0, 0, 0, 0, 0, 0, 0, 0
2.094, 0, 0, 0, 0, 0, 0, 0, 0, 0, 0, 0, 0, 0, 0
2.095, 0, 0, 0, 0, 0, 0, 0, 0, 0, 0, 0, 0, 0, 0
2.096, 0, 0, 0, 0, 0, 0, 0, 0, 0, 0, 0, 0, 0, 0
2.097, 0, 0, 0, 0, 0, 0, 0, 0, 0, 0, 0, 0, 0, 0
2.098, 0, 0, 0, 0, 0, 0, 0, 0, 0, 0, 0, 0, 0, 0
2.099, 0, 0, 0, 0, 0, 0, 0, 0, 0, 0, 0, 0, 0, 0
2.1, 0, 0, 0, 0, 0, 0, 0, 0, 0, 0, 0, 0, 0, 0
2.101, 0, 0, 0, 0, 0, 0, 0, 0, 0, 0, 0, 0, 0, 0
2.102, 0, 0, 0, 0, 0, 0, 0, 0, 0, 0, 0, 0, 0, 0
2.103, 0, 0, 0, 0, 0, 0, 0, 0, 0, 0, 0, 0, 0, 0
2.104, 0, 0, 0, 0, 0, 0, 0, 0, 0, 0, 0, 0, 0, 0
2.105, 0, 0, 0, 0, 0, 0, 0, 0, 0, 0, 0, 0, 0, 0
2.106, 0, 0, 0, 0, 0, 0, 0, 0, 0, 0, 0, 0, 0, 0
2.107, 0, 0, 0, 0, 0, 0, 0, 0, 0, 0, 0, 0, 0, 0
2.108, 0, 0, 0, 0, 0, 0, 0, 0, 0, 0, 0, 0, 0, 0
2.109, 0, 0, 0, 0, 0, 0, 0, 0, 0, 0, 0, 0, 0, 0
2.11, 0, 0, 0, 0, 0, 0, 0, 0, 0, 0, 0, 0, 0, 0
2.111, 0, 0, 0, 0, 0, 0, 0, 0, 0, 0, 0, 0, 0, 0
2.112, 0, 0, 0, 0, 0, 0, 0, 0, 0, 0, 0, 0, 0, 0
2.113, 0, 0, 0, 0, 0, 0, 0, 0, 0, 0, 0, 0, 0, 0
2.114, 0, 0, 0, 0, 0, 0, 0, 0, 0, 0, 0, 0, 0, 0
2.115, 0, 0, 0, 0, 0, 0, 0, 0, 0, 0, 0, 0, 0, 0
2.116, 0, 0, 0, 0, 0, 0, 0, 0, 0, 0, 0, 0, 0, 0
2.117, 0, 0, 0, 0, 0, 0, 0, 0, 0, 0, 0, 0, 0, 0
2.118, 0, 0, 0, 0, 0, 0, 0, 0, 0, 0, 0, 0, 0, 0
2.119, 0, 0, 0, 0, 0, 0, 0, 0, 0, 0, 0, 0, 0, 0
2.12, 0, 0, 0, 0, 0, 0, 0, 0, 0, 0, 0, 0, 0, 0
2.121, 0, 0, 0, 0, 0, 0, 0, 0, 0, 0, 0, 0, 0, 0
2.122, 0, 0, 0, 0, 0, 0, 0, 0, 0, 0, 0, 0, 0, 0
2.123, 0, 0, 0, 0, 0, 0, 0, 0, 0, 0, 0, 0, 0, 0
2.124, 0, 0, 0, 0, 0, 0, 0, 0, 0, 0, 0, 0, 0, 0
2.125, 0, 0, 0, 0, 0, 0, 0, 0, 0, 0, 0, 0, 0, 0
2.126, 0, 0, 0, 0, 0, 0, 0, 0, 0, 0, 0, 0, 0, 0
2.127, 0, 0, 0, 0, 0, 0, 0, 0, 0, 0, 0, 0, 0, 0
2.128, 0, 0, 0, 0, 0, 0, 0, 0, 0, 0, 0, 0, 0, 0
2.129, 0, 0, 0, 0, 0, 0, 0, 0, 0, 0, 0, 0, 0, 0
2.13, 0, 0, 0, 0, 0, 0, 0, 0, 0, 0, 0, 0, 0, 0
2.131, 0, 0, 0, 0, 0, 0, 0, 0, 0, 0, 0, 0, 0, 0
2.132, 0, 0, 0, 0, 0, 0, 0, 0, 0, 0, 0, 0, 0, 0
2.133, 0, 0, 0, 0, 0, 0, 0, 0, 0, 0, 0, 0, 0, 0
2.134, 0, 0, 0, 0, 0, 0, 0, 0, 0, 0, 0, 0, 0, 0
2.135, 0, 0, 0, 0, 0, 0, 0, 0, 0, 0, 0, 0, 0, 0
2.136, 0, 0, 0, 0, 0, 0, 0, 0, 0, 0, 0, 0, 0, 0
2.137, 0, 0, 0, 0, 0, 0, 0, 0, 0, 0, 0, 0, 0, 0
2.138, 0, 0, 0, 0, 0, 0, 0, 0, 0, 0, 0, 0, 0, 0
2.139, 0, 0, 0, 0, 0, 0, 0, 0, 0, 0, 0, 0, 0, 0
2.14, 0, 0, 0, 0, 0, 0, 0, 0, 0, 0, 0, 0, 0, 0
2.141, 0, 0, 0, 0, 0, 0, 0, 0, 0, 0, 0, 0, 0, 0
2.142, 0, 0, 0, 0, 0, 0, 0, 0, 0, 0, 0, 0, 0, 0
2.143, 0, 0, 0, 0, 0, 0, 0, 0, 0, 0, 0, 0, 0, 0
2.144, 0, 0, 0, 0, 0, 0, 0, 0, 0, 0, 0, 0, 0, 0
2.145, 0, 0, 0, 0, 0, 0, 0, 0, 0, 0, 0, 0, 0, 0
2.146, 0, 0, 0, 0, 0, 0, 0, 0, 0, 0, 0, 0, 0, 0
2.147, 0, 0, 0, 0, 0, 0, 0, 0, 0, 0, 0, 0, 0, 0
2.148, 0, 0, 0, 0, 0, 0, 0, 0, 0, 0, 0, 0, 0, 0
2.149, 0, 0, 0, 0, 0, 0, 0, 0, 0, 0, 0, 0, 0, 0
2.15, 0, 0, 0, 0, 0, 0, 0, 0, 0, 0, 0, 0, 0, 0
2.151, 0, 0, 0, 0, 0, 0, 0, 0, 0, 0, 0, 0, 0, 0
2.152, 0, 0, 0, 0, 0, 0, 0, 0, 0, 0, 0, 0, 0, 0
2.153, 0, 0, 0, 0, 0, 0, 0, 0, 0, 0, 0, 0, 0, 0
2.154, 0, 0, 0, 0, 0, 0, 0, 0, 0, 0, 0, 0, 0, 0
2.155, 0, 0, 0, 0, 0, 0, 0, 0, 0, 0, 0, 0, 0, 0
2.156, 0, 0, 0, 0, 0, 0, 0, 0, 0, 0, 0, 0, 0, 0
2.157, 0, 0, 0, 0, 0, 0, 0, 0, 0, 0, 0, 0, 0, 0
2.158, 0, 0, 0, 0, 0, 0, 0, 0, 0, 0, 0, 0, 0, 0
2.159, 0, 0, 0, 0, 0, 0, 0, 0, 0, 0, 0, 0, 0, 0
2.16, 0, 0, 0, 0, 0, 0, 0, 0, 0, 0, 0, 0, 0, 0
2.161, 0, 0, 0, 0, 0, 0, 0, 0, 0, 0, 0, 0, 0, 0
2.162, 0, 0, 0, 0, 0, 0, 0, 0, 0, 0, 0, 0, 0, 0
2.163, 0, 0, 0, 0, 0, 0, 0, 0, 0, 0, 0, 0, 0, 0
2.164, 0, 0, 0, 0, 0, 0, 0, 0, 0, 0, 0, 0, 0, 0
2.165, 0, 0, 0, 0, 0, 0, 0, 0, 0, 0, 0, 0, 0, 0
2.166, 0, 0, 0, 0, 0, 0, 0, 0, 0, 0, 0, 0, 0, 0
2.167, 0, 0, 0, 0, 0, 0, 0, 0, 0, 0, 0, 0, 0, 0
2.168, 0, 0, 0, 0, 0, 0, 0, 0, 0, 0, 0, 0, 0, 0
2.169, 0, 0, 0, 0, 0, 0, 0, 0, 0, 0, 0, 0, 0, 0
2.17, 0, 0, 0, 0, 0, 0, 0, 0, 0, 0, 0, 0, 0, 0
2.171, 0, 0, 0, 0, 0, 0, 0, 0, 0, 0, 0, 0, 0, 0
2.172, 0, 0, 0, 0, 0, 0, 0, 0, 0, 0, 0, 0, 0, 0
2.173, 0, 0, 0, 0, 0, 0, 0, 0, 0, 0, 0, 0, 0, 0
2.174, 0, 0, 0, 0, 0, 0, 0, 0, 0, 0, 0, 0, 0, 0
2.175, 0, 0, 0, 0, 0, 0, 0, 0, 0, 0, 0, 0, 0, 0
2.176, 0, 0, 0, 0, 0, 0, 0, 0, 0, 0, 0, 0, 0, 0
2.177, 0, 0, 0, 0, 0, 0, 0, 0, 0, 0, 0, 0, 0, 0
2.178, 0, 0, 0, 0, 0, 0, 0, 0, 0, 0, 0, 0, 0, 0
2.179, 0, 0, 0, 0, 0, 0, 0, 0, 0, 0, 0, 0, 0, 0
2.18, 0, 0, 0, 0, 0, 0, 0, 0, 0, 0, 0, 0, 0, 0
2.181, 0, 0, 0, 0, 0, 0, 0, 0, 0, 0, 0, 0, 0, 0
2.182, 0, 0, 0, 0, 0, 0, 0, 0, 0, 0, 0, 0, 0, 0
2.183, 0, 0, 0, 0, 0, 0, 0, 0, 0, 0, 0, 0, 0, 0
2.184, 0, 0, 0, 0, 0, 0, 0, 0, 0, 0, 0, 0, 0, 0
2.185, 0, 0, 0, 0, 0, 0, 0, 0, 0, 0, 0, 0, 0, 0
2.186, 0, 0, 0, 0, 0, 0, 0, 0, 0, 0, 0, 0, 0, 0
2.187, 0, 0, 0, 0, 0, 0, 0, 0, 0, 0, 0, 0, 0, 0
2.188, 0, 0, 0, 0, 0, 0, 0, 0, 0, 0, 0, 0, 0, 0
2.189, 0, 0, 0, 0, 0, 0, 0, 0, 0, 0, 0, 0, 0, 0
2.19, 0, 0, 0, 0, 0, 0, 0, 0, 0, 0, 0, 0, 0, 0
2.191, 0, 0, 0, 0, 0, 0, 0, 0, 0, 0, 0, 0, 0, 0
2.192, 0, 0, 0, 0, 0, 0, 0, 0, 0, 0, 0, 0, 0, 0
2.193, 0, 0, 0, 0, 0, 0, 0, 0, 0, 0, 0, 0, 0, 0
2.194, 0, 0, 0, 0, 0, 0, 0, 0, 0, 0, 0, 0, 0, 0
2.195, 0, 0, 0, 0, 0, 0, 0, 0, 0, 0, 0, 0, 0, 0
2.196, 0, 0, 0, 0, 0, 0, 0, 0, 0, 0, 0, 0, 0, 0
2.197, 0, 0, 0, 0, 0, 0, 0, 0, 0, 0, 0, 0, 0, 0
2.198, 0, 0, 0, 0, 0, 0, 0, 0, 0, 0, 0, 0, 0, 0
2.199, 0, 0, 0, 0, 0, 0, 0, 0, 0, 0, 0, 0, 0, 0
2.2, 0, 0, 0, 0, 0, 0, 0, 0, 0, 0, 0, 0, 0, 0
2.201, 0, 0, 0, 0, 0, 0, 0, 0, 0, 0, 0, 0, 0, 0
2.202, 0, 0, 0, 0, 0, 0, 0, 0, 0, 0, 0, 0, 0, 0
2.203, 0, 0, 0, 0, 0, 0, 0, 0, 0, 0, 0, 0, 0, 0
2.204, 0, 0, 0, 0, 0, 0, 0, 0, 0, 0, 0, 0, 0, 0
2.205, 0, 0, 0, 0, 0, 0, 0, 0, 0, 0, 0, 0, 0, 0
2.206, 0, 0, 0, 0, 0, 0, 0, 0, 0, 0, 0, 0, 0, 0
2.207, 0, 0, 0, 0, 0, 0, 0, 0, 0, 0, 0, 0, 0, 0
2.208, 0, 0, 0, 0, 0, 0, 0, 0, 0, 0, 0, 0, 0, 0
2.209, 0, 0, 0, 0, 0, 0, 0, 0, 0, 0, 0, 0, 0, 0
2.21, 0, 0, 0, 0, 0, 0, 0, 0, 0, 0, 0, 0, 0, 0
2.211, 0, 0, 0, 0, 0, 0, 0, 0, 0, 0, 0, 0, 0, 0
2.212, 0, 0, 0, 0, 0, 0, 0, 0, 0, 0, 0, 0, 0, 0
2.213, 0, 0, 0, 0, 0, 0, 0, 0, 0, 0, 0, 0, 0, 0
2.214, 0, 0, 0, 0, 0, 0, 0, 0, 0, 0, 0, 0, 0, 0
2.215, 0, 0, 0, 0, 0, 0, 0, 0, 0, 0, 0, 0, 0, 0
2.216, 0, 0, 0, 0, 0, 0, 0, 0, 0, 0, 0, 0, 0, 0
2.217, 0, 0, 0, 0, 0, 0, 0, 0, 0, 0, 0, 0, 0, 0
2.218, 0, 0, 0, 0, 0, 0, 0, 0, 0, 0, 0, 0, 0, 0
2.219, 0, 0, 0, 0, 0, 0, 0, 0, 0, 0, 0, 0, 0, 0
2.22, 0, 0, 0, 0, 0, 0, 0, 0, 0, 0, 0, 0, 0, 0
2.221, 0, 0, 0, 0, 0, 0, 0, 0, 0, 0, 0, 0, 0, 0
2.222, 0, 0, 0, 0, 0, 0, 0, 0, 0, 0, 0, 0, 0, 0
2.223, 0, 0, 0, 0, 0, 0, 0, 0, 0, 0, 0, 0, 0, 0
2.224, 0, 0, 0, 0, 0, 0, 0, 0, 0, 0, 0, 0, 0, 0
2.225, 0, 0, 0, 0, 0, 0, 0, 0, 0, 0, 0, 0, 0, 0
2.226, 0, 0, 0, 0, 0, 0, 0, 0, 0, 0, 0, 0, 0, 0
2.227, 0, 0, 0, 0, 0, 0, 0, 0, 0, 0, 0, 0, 0, 0
2.228, 0, 0, 0, 0, 0, 0, 0, 0, 0, 0, 0, 0, 0, 0
2.229, 0, 0, 0, 0, 0, 0, 0, 0, 0, 0, 0, 0, 0, 0
2.23, 0, 0, 0, 0, 0, 0, 0, 0, 0, 0, 0, 0, 0, 0
2.231, 0, 0, 0, 0, 0, 0, 0, 0, 0, 0, 0, 0, 0, 0
2.232, 0, 0, 0, 0, 0, 0, 0, 0, 0, 0, 0, 0, 0, 0
2.233, 0, 0, 0, 0, 0, 0, 0, 0, 0, 0, 0, 0, 0, 0
2.234, 0, 0, 0, 0, 0, 0, 0, 0, 0, 0, 0, 0, 0, 0
2.235, 0, 0, 0, 0, 0, 0, 0, 0, 0, 0, 0, 0, 0, 0
2.236, 0, 0, 0, 0, 0, 0, 0, 0, 0, 0, 0, 0, 0, 0
2.237, 0, 0, 0, 0, 0, 0, 0, 0, 0, 0, 0, 0, 0, 0
2.238, 0, 0, 0, 0, 0, 0, 0, 0, 0, 0, 0, 0, 0, 0
2.239, 0, 0, 0, 0, 0, 0, 0, 0, 0, 0, 0, 0, 0, 0
2.24, 0, 0, 0, 0, 0, 0, 0, 0, 0, 0, 0, 0, 0, 0
2.241, 0, 0, 0, 0, 0, 0, 0, 0, 0, 0, 0, 0, 0, 0
2.242, 0, 0, 0, 0, 0, 0, 0, 0, 0, 0, 0, 0, 0, 0
2.243, 0, 0, 0, 0, 0, 0, 0, 0, 0, 0, 0, 0, 0, 0
2.244, 0, 0, 0, 0, 0, 0, 0, 0, 0, 0, 0, 0, 0, 0
2.245, 0, 0, 0, 0, 0, 0, 0, 0, 0, 0, 0, 0, 0, 0
2.246, 0, 0, 0, 0, 0, 0, 0, 0, 0, 0, 0, 0, 0, 0
2.247, 0, 0, 0, 0, 0, 0, 0, 0, 0, 0, 0, 0, 0, 0
2.248, 0, 0, 0, 0, 0, 0, 0, 0, 0, 0, 0, 0, 0, 0
2.249, 0, 0, 0, 0, 0, 0, 0, 0, 0, 0, 0, 0, 0, 0
2.25, 0, 0, 0, 0, 0, 0, 0, 0, 0, 0, 0, 0, 0, 0
2.251, 0, 0, 0, 0, 0, 0, 0, 0, 0, 0, 0, 0, 0, 0
2.252, 0, 0, 0, 0, 0, 0, 0, 0, 0, 0, 0, 0, 0, 0
2.253, 0, 0, 0, 0, 0, 0, 0, 0, 0, 0, 0, 0, 0, 0
2.254, 0, 0, 0, 0, 0, 0, 0, 0, 0, 0, 0, 0, 0, 0
2.255, 0, 0, 0, 0, 0, 0, 0, 0, 0, 0, 0, 0, 0, 0
2.256, 0, 0, 0, 0, 0, 0, 0, 0, 0, 0, 0, 0, 0, 0
2.257, 0, 0, 0, 0, 0, 0, 0, 0, 0, 0, 0, 0, 0, 0
2.258, 0, 0, 0, 0, 0, 0, 0, 0, 0, 0, 0, 0, 0, 0
