Time,Stouch_RA5C1,Stouch_RA6D1,Stouch_RA4P2,Stouch_RA5C2,Stouch_RA6D2,Stouch_RA4P3,Stouch_RA5C3,Stouch_RA6D3,Stouch_RA4P4,Stouch_RA5C4,Stouch_RA6D4,Stouch_RA4P5,Stouch_RA5C5,Stouch_RA6D5
0, 0, 0, 0, 0, 0, 0, 0, 0, 0, 0, 0, 0, 0, 0
0.001, 0, 0, 0, 0, 0, 0, 0.162957, 0, 0, 0.344365, 0, 0, 0.127785, 0.485098
0.002, 0, 0, 0, 0, 0, 0, 0.111518, 0, 0, 0.240469, 0, 0, 0.00216473, 0.935014
0.003, 0, 0, 0, 0, 0, 0, 0.0215116, 0, 0, 0.129046, 0, 0, 0.169918, 0.39723
0.004, 0, 0, 0, 0, 0, 0, 0.0169323, 0, 0, 0.117592, 0, 0, 0.269104, 0.230986
0.005, 0, 0, 0, 0, 0, 0, 0.0171247, 0, 0, 0.105396, 0, 0, 0.251735, 0.190053
0.006, 0, 0, 0, 0, 0, 0, 0.0167256, 0, 0, 0.0949292, 0, 0, 0.243358, 0.173039
0.007, 0, 0, 0, 0, 0, 0, 0.0173483, 0, 0, 0.0845383, 0, 0, 0.235712, 0.159179
0.008, 0, 0, 0, 0, 0, 0, 0.0174709, 0, 0, 0.0755294, 0, 0, 0.218781, 0.130417
0.009, 0, 0, 0, 0, 0, 0, 0.042964, 0, 0, 0.0671733, 0, 0, 0.212493, 0.117226
0.01, 0, 0, 0, 0, 0, 0, 0.0227962, 0, 0, 0.0595673, 0, 0, 0.202673, 0.107507
0.011, 0, 0, 0, 0, 0, 0, 0.0224528, 0, 0, 0.0510349, 0, 0, 0.195178, 0.0983503
0.012, 0, 0, 0, 0, 0, 0, 0.0227701, 0, 0, 0.0448307, 0, 0, 0.184883, 0.086943
0.013, 0, 0, 0, 0, 0, 0, 0.0230063, 0, 0, 0.0397729, 0, 0, 0.172017, 0.0763123
0.014, 0, 0, 0, 0, 0, 0, 0.0231571, 0, 0, 0.0348874, 0, 0, 0.157857, 0.0693475
0.015, 0, 0, 0, 0, 0, 0, 0.0231893, 0, 0, 0.0306384, 0, 0, 0.147266, 0.0616495
0.016, 0, 0, 0, 0, 0, 0, 0.0232014, 0, 0, 0.0273313, 0, 0, 0.136962, 0.0553643
0.017, 0, 0, 0, 0, 0, 0, 0.0226954, 0, 0, 0.0241753, 0, 0, 0.127803, 0.0488913
0.018, 0, 0, 0, 0, 0, 0, 0.0224377, 0, 0, 0.0212241, 0, 0, 0.11536, 0.0412333
0.019, 0, 0, 0, 0, 0, 0, 0.0165193, 0, 0, 0.0181288, 0, 0, 0.121358, 0.0236458
0.02, 0, 0, 0, 0, 0, 0, 0.021516, 0, 0, 0.0151704, 0, 0, 0.086547, 0.022101
0.021, 0, 0, 0, 0, 0, 0, 0.0211496, 0, 0, 0.0121651, 0, 0, 0.0713223, 0.0157746
0.022, 0, 0, 0, 0, 0, 0, 0.0207136, 0, 0, 0.0101818, 0, 0, 0.0587542, 0.0113389
0.023, 0, 0, 0, 0, 0, 0, 0.0191574, 0, 0, 0.00852772, 0, 0, 0.0489603, 0.0101329
0.024, 0, 0, 0, 0, 0, 0, 0.017053, 0, 0, 0.00714996, 0, 0, 0.0437573, 0.00134229
0.025, 0, 0, 0, 0, 0, 0, 0.0165316, 0, 0, 0.00592362, 0, 0, 0.0395233, 0.001269
0.026, 0, 0, 0, 0, 0, 0, 0.016074, 0, 0, 0.00499088, 0, 0, 0.0353046, 0.0012055
0.027, 0, 0, 0, 0, 0, 0, 0.0157334, 0, 0, 0.00408465, 0, 0, 0.031251, 0.00120702
0.028, 0, 0, 0, 0, 0, 0, 0.0155571, 0, 0, 0.00345144, 0, 0, 0.0273291, 0.00116055
0.029, 0, 0, 0, 0, 0, 0, 0.0154759, 0, 0, 0.00282064, 0, 0, 0.0234667, 0.000471269
0.03, 0, 0, 0, 0, 0, 0, 0.0115656, 0, 0, 0.0023302, 0, 0, 0.0188646, 0
0.031, 0, 0, 0, 0, 0, 0, 0.0115096, 0, 0, 0.00134732, 0, 0, 0.0130409, 0
0.032, 0, 0, 0, 0, 0, 0, 0.0115935, 0, 0, 0.000394654, 0, 0, 0.00824457, 0
0.033, 0, 0, 0, 0, 0, 0, 0.00769122, 0, 0, 0.000148536, 0, 0, 0.00291254, 0
0.034, 0, 0, 0, 0, 0, 0, 0.00782992, 0, 0, 0, 0, 0, 0.000520968, 0
0.035, 0, 0, 0, 0, 0, 0, 0, 0, 0, 0, 0, 0, 0.0251607, 0
0.036, 0, 0, 0, 0.037973, 0, 0, 0, 0, 0, 0, 0, 0, 0, 0
0.037, 0, 0, 0, 0.0391665, 0, 0, 0, 0, 0, 0, 0, 0, 0.00827376, 0
0.038, 0, 0, 0, 0.199654, 0, 0, 0, 0, 0, 0.547291, 0, 0, 0.0361883, 0.456378
0.039, 0, 0, 0, 0.00897878, 0, 0, 0, 0, 0, 0.0857703, 0, 0, 0, 0.00537325
0.04, 0, 0, 0, 0.0120654, 0, 0, 0, 0, 0, 0, 0, 0, 0, 0
0.041, 0, 0, 0, 0.0119076, 0, 0, 0, 0, 0, 0, 0, 0, 0, 0
0.042, 0, 0, 0, 0.0117373, 0, 0, 0, 0, 0, 0, 0, 0, 0, 0
0.043, 0, 0, 0, 0.0106561, 0, 0, 0, 0, 0, 0, 0, 0, 0, 0
0.044, 0, 0, 0, 0.0098042, 0, 0, 0, 0, 0, 0, 0, 0, 0, 0
0.045, 0, 0, 0, 0.00924486, 0, 0, 0, 0, 0, 0, 0, 0, 0, 0
0.046, 0, 0, 0, 0.00871618, 0, 0, 0, 0, 0, 0, 0, 0, 0, 0
0.047, 0, 0, 0, 0, 0, 0, 0, 0, 0, 0, 0, 0, 0, 0
0.048, 0, 0, 0, 0, 0, 0, 0, 0, 0, 0, 0, 0, 0, 0
0.049, 0, 0, 0, 0, 0, 0, 0, 0, 0, 0, 0, 0, 0, 0
0.05, 0, 0, 0, 0, 0, 0, 0, 0, 0, 0, 0, 0, 0, 0
0.051, 0, 0, 0, 0, 0, 0, 0, 0, 0, 0, 0, 0, 0, 0
0.052, 0, 0, 0, 0, 0, 0, 0, 0, 0, 0, 0, 0, 0, 0
0.053, 0, 0, 0, 0, 0, 0, 0, 0, 0, 0, 0, 0, 0, 0
0.054, 0, 0, 0, 0, 0, 0, 0, 0, 0, 0, 0, 0, 0, 0
0.055, 0, 0, 0, 0, 0, 0, 0, 0, 0, 0, 0, 0, 0, 0
0.056, 0, 0, 0, 0, 0, 0, 0, 0, 0, 0, 0, 0, 0, 0
0.057, 0, 0, 0, 0, 0, 0, 0, 0, 0, 0, 0, 0, 0, 0
0.058, 0, 0, 0, 0.0197323, 0, 0, 0, 0, 0, 0, 0, 0, 0, 0
0.059, 0, 0, 0, 0.017807, 0.0348784, 0, 0, 0, 0, 0, 0, 0, 0, 0
0.06, 0, 0, 0, 0.996453, 0.759564, 0, 0, 0, 0, 0, 0, 0, 0, 0
0.061, 0, 0, 0, 0.749987, 0.699739, 0, 0, 0, 0, 0, 0, 0, 0, 0
0.062, 0, 0, 0, 0.88157, 0.86532, 0, 0, 0, 0, 0, 0, 0, 0, 0
0.063, 0, 0, 0, 0.893373, 0.770328, 0, 0, 0, 0, 0, 0, 0, 0, 0
0.064, 0, 0, 0, 1.1049, 0.697812, 0, 0, 0, 0, 0, 0, 0, 0, 0
0.065, 0, 0, 0, 1.14159, 0.732549, 0, 0, 0, 0, 0, 0, 0, 0, 0
0.066, 0, 0, 0, 1.07732, 0.743102, 0, 0, 0, 0, 0, 0, 0, 0, 0
0.067, 0, 0, 0, 0, 2.29971, 0, 0.480877, 0, 0, 0, 0, 0, 0, 0
0.068, 0, 0, 0, 0, 0.80285, 0, 0.468493, 0, 0, 0, 0, 0, 0, 0
0.069, 0, 0, 0, 0.567748, 1.1157, 0, 1.08482, 0, 0, 0, 0, 0, 0, 0
0.07, 0, 0, 0, 0.371362, 1.17797, 0, 1.01169, 0, 0, 0.757531, 0, 0, 0, 0
0.071, 0, 0, 0, 0.287991, 1.07267, 0, 1.06698, 0, 0, 0.791555, 0, 0, 0, 0
0.072, 0, 0, 0, 0.270708, 1.1505, 0, 1.13541, 0, 0, 0.869133, 0, 0, 0, 0
0.073, 0, 0, 0, 0.216764, 1.15816, 0, 1.10418, 0, 0, 0.839841, 0, 0, 0, 0
0.074, 0, 0, 0, 0.196948, 1.14958, 0, 1.10353, 0, 0, 0.820371, 0, 0, 0, 0.703397
0.075, 0, 0, 0, 0.136551, 1.19046, 0, 1.11841, 0, 0, 0.809316, 0, 0, 0.0740619, 0.820163
0.076, 0, 0, 0, 0.0903226, 1.19108, 0, 1.08394, 0, 0, 0.771949, 0, 0, 0.105443, 0.661335
0.077, 0, 0, 0, 0.0847674, 1.17782, 0, 1.07712, 0, 0, 0.749405, 0, 0, 0.0874249, 0.896751
0.078, 0, 0, 0, 0.0684349, 1.34461, 0, 1.06452, 0, 0, 0.741215, 0, 0, 0.0519919, 0.941132
0.079, 0, 0, 0, 0.0523821, 1.21901, 0, 0.97547, 0, 0, 0.677341, 0, 0, 0.00875365, 0.919829
0.08, 0, 0, 0, 0.0634784, 1.2933, 0, 1.01008, 0, 0, 0.817304, 0.366195, 0, 0.00406877, 1.06896
0.081, 0, 0, 0, 0.0477279, 1.23736, 0, 0.968878, 0, 0, 0.793001, 0.360411, 0, 0, 1.03689
0.082, 0, 0, 0, 0.0345727, 1.28989, 0, 0.98644, 0, 0, 0.788795, 0.355813, 0, 0, 1.03214
0.083, 0, 0, 0, 0.0277986, 1.25476, 0, 0.971314, 0.305101, 0, 0.75394, 0.334286, 0, 0, 0.977027
0.084, 0, 0, 0, 0.0277497, 1.26892, 0, 1.02378, 0.385713, 0, 0.746447, 0.328021, 0, 0, 0.953097
0.085, 0, 0, 0, 0.0241725, 1.24364, 0, 1.06567, 0.421721, 0, 0.713569, 0.334683, 0, 0, 0.934618
0.086, 0, 0, 0, 0.0244706, 1.25419, 0, 1.07916, 0.42649, 0, 0.70574, 0.32693, 0, 0, 0.935625
0.087, 0, 0, 0, 0.0235185, 1.24308, 0, 1.0651, 0.429306, 0, 0.689472, 0.320386, 0, 0, 0.897583
0.088, 0, 0, 0, 0.0230184, 1.244, 0, 1.05075, 0.431994, 0, 0.675696, 0.319387, 0, 0, 0.88502
0.089, 0, 0, 0, 0.0219887, 1.24239, 0, 1.02979, 0.433744, 0, 0.654239, 0.314081, 0, 0, 0.866933
0.09, 0, 0, 0, 0.0213492, 1.24022, 0, 1.00401, 0.437151, 0, 0.642187, 0.312776, 0, 0, 0.853909
0.091, 0, 0, 0, 0.0208536, 1.30539, 0, 0.986769, 0.446001, 0, 0.616649, 0.329199, 0, 0, 0.832631
0.092, 0, 0, 0, 0.0184632, 1.25394, 0, 0.93485, 0.447639, 0, 0.575519, 0.319501, 0, 0, 0.787506
0.093, 0, 0, 0, 0.166986, 2.20737, 0, 4.00222, 0.362007, 0, 3.04001, 0.221224, 0, 2.17347, 1.10823
0.094, 0, 0, 0, 0.0119102, 0.517888, 0, 0.612928, 0.25446, 0, 0.363607, 0.131189, 0, 0.215858, 0.125873
0.095, 0, 0, 0, 0.155835, 1.5896, 0, 1.24642, 0.484502, 0, 0.995911, 0.279067, 0, 0.179755, 0.461961
0.096, 0, 0, 0, 0, 1.00924, 0, 0.349681, 0.559514, 0, 0.459748, 0.18517, 0, 0.00165522, 0.316496
0.097, 0, 0, 0, 0, 1.39827, 0, 0.649673, 0.622798, 0, 0.172158, 0.492746, 0, 0.038719, 0.424834
0.098, 0, 0, 0, 0, 1.15649, 0, 0.393569, 0.644881, 0, 0.0687268, 0.442903, 0, 0.00229815, 0.350454
0.099, 0, 0, 0, 0, 1.33252, 0, 0.498654, 0.691266, 0, 0.2718, 0.366367, 0, 0.00985417, 0.401356
0.1, 0, 0, 0, 0, 1.2078, 0, 0.373511, 0.69518, 0, 0.221104, 0.339995, 0, 0.00265472, 0.358775
0.101, 0, 0, 0, 0, 1.30278, 0, 0.41493, 0.717444, 0, 0.269287, 0.341841, 0, 0.00511032, 0.384379
0.102, 0, 0, 0, 0, 1.24193, 0, 0.34572, 0.738373, 0, 0.231504, 0.334432, 0, 0.000671132, 0.407703
0.103, 0, 0, 0, 0, 1.28801, 0, 0.359575, 0.750475, 0, 0.251349, 0.334025, 0, 0, 0.395583
0.104, 0, 0, 0, 0, 1.25764, 0, 0.326963, 0.740447, 0, 0.230203, 0.329017, 0, 0, 0.365132
0.105, 0, 0, 0, 0, 1.27702, 0, 0.335559, 0.734731, 0, 0.237796, 0.328859, 0, 0, 0.369833
0.106, 0, 0, 0, 0, 1.27136, 0, 0.308374, 0.734358, 0, 0.231686, 0.3231, 0, 0.000509688, 0.355599
0.107, 0, 0, 0, 0, 1.27568, 0, 0.30565, 0.729598, 0, 0.233417, 0.320078, 0, 0, 0.355917
0.108, 0, 0, 0, 0.0221879, 1.2357, 0, 0.297576, 0.722759, 0, 0.233753, 0.311354, 0, 0, 0.353694
0.109, 0, 0, 0, 0.0575437, 1.24163, 0, 0.301454, 0.717728, 0, 0.252278, 0.30477, 0, 0, 0.364036
0.11, 0, 0, 0, 0.0740833, 1.22873, 0, 0.290392, 0.70793, 0, 0.250052, 0.300119, 0, 0, 0.363212
0.111, 0, 0, 0, 0.0776981, 1.23886, 0, 0.291242, 0.696895, 0, 0.253837, 0.299358, 0, 0, 0.366011
0.112, 0, 0, 0, 0.0714298, 1.24243, 0, 0.284439, 0.679936, 0, 0.250798, 0.294599, 0, 0, 0.362143
0.113, 0, 0, 0, 0.0806668, 1.23291, 0, 0.281531, 0.666722, 0, 0.253576, 0.286877, 0, 0, 0.361116
0.114, 0, 0, 0, 0.0836564, 1.24066, 0, 0.283913, 0.65604, 0, 0.261584, 0.2793, 0, 0, 0.363353
0.115, 0, 0, 0, 0.0810897, 1.23941, 0, 0.278882, 0.643273, 0, 0.260421, 0.274113, 0, 0, 0.362245
0.116, 0, 0, 0, 0.0815442, 1.24141, 0, 0.278343, 0.630945, 0, 0.262411, 0.271713, 0, 0, 0.361991
0.117, 0, 0, 0, 0.0827827, 1.24061, 0, 0.277004, 0.618219, 0, 0.258333, 0.271707, 0, 0, 0.362254
0.118, 0, 0, 0, 0.0830453, 1.24278, 0, 0.27837, 0.603996, 0, 0.260115, 0.269419, 0, 0, 0.363135
0.119, 0, 0, 0, 0.0820402, 1.24361, 0, 0.277109, 0.594103, 0, 0.263979, 0.263652, 0, 0, 0.36297
0.12, 0, 0, 0, 0.0826739, 1.24318, 0, 0.278325, 0.580762, 0, 0.269334, 0.256066, 0, 0, 0.36323
0.121, 0, 0, 0, 0.0853038, 1.24283, 0, 0.279457, 0.569245, 0, 0.272149, 0.252152, 0, 0, 0.363851
0.122, 0, 0, 0, 0.0852856, 1.24486, 0, 0.280117, 0.558548, 0, 0.272987, 0.251032, 0, 0, 0.364312
0.123, 0, 0, 0, 0.0853122, 1.24475, 0, 0.280592, 0.546473, 0, 0.272913, 0.249534, 0, 0, 0.364059
0.124, 0, 0, 0, 0.0854129, 1.24602, 0, 0.282571, 0.53353, 0, 0.274494, 0.247392, 0, 0, 0.36423
0.125, 0, 0, 0, 0.0856933, 1.24606, 0, 0.287126, 0.516471, 0, 0.277427, 0.244382, 0, 0, 0.364624
0.126, 0, 0, 0, 0.0856225, 1.24706, 0, 0.29534, 0.492361, 0, 0.280831, 0.240853, 0, 0, 0.365105
0.127, 0, 0, 0, 0.0852399, 1.2476, 0, 0.302881, 0.469376, 0, 0.286085, 0.23495, 0, 0, 0.364337
0.128, 0, 0, 0, 0.0885538, 1.24463, 0, 0.307443, 0.453872, 0, 0.290598, 0.229944, 0, 0, 0.364651
0.129, 0, 0, 0, 0.0872171, 1.25102, 0, 0.312035, 0.443374, 0, 0.297272, 0.225849, 0, 0, 0.365896
0.13, 0, 0, 0, 0.0850104, 1.24827, 0, 0.311313, 0.435977, 0, 0.301037, 0.218139, 0, 0, 0.364777
0.131, 0, 0, 0, 0.085948, 1.26692, 0, 0.317004, 0.426102, 0, 0.307025, 0.213352, 0, 0, 0.365758
0.132, 0, 0, 0, 0.0799395, 1.25704, 0, 0.315154, 0.413996, 0, 0.306972, 0.207659, 0, 0, 0.361672
0.133, 0, 0, 0, 0.0907268, 1.25558, 0, 0.322905, 0.407909, 0, 0.315348, 0.203976, 0, 0, 0.36415
0.134, 0, 0, 0, 0.0905142, 1.25888, 0, 0.324484, 0.40193, 0, 0.31973, 0.201154, 0, 0, 0.365091
0.135, 0, 0, 0, 0.089064, 1.25824, 0, 0.325807, 0.396494, 0, 0.321535, 0.198366, 0, 0, 0.36447
0.136, 0, 0, 0, 0.0896387, 1.25892, 0, 0.327492, 0.392154, 0, 0.325366, 0.195652, 0, 0, 0.364859
0.137, 0, 0, 0, 0.0893341, 1.25947, 0, 0.32869, 0.389284, 0, 0.327779, 0.194006, 0, 0, 0.364978
0.138, 0, 0, 0, 0.089179, 1.25989, 0, 0.332276, 0.382188, 0, 0.330388, 0.192435, 0, 0, 0.36508
0.139, 0, 0, 0, 0.0915188, 1.25821, 0, 0.340061, 0.370664, 0, 0.333686, 0.19087, 0, 0, 0.365189
0.14, 0, 0, 0, 0.0921718, 1.26, 0, 0.348079, 0.358981, 0, 0.336828, 0.189169, 0, 0, 0.365822
0.141, 0, 0, 0, 0.0913395, 1.26009, 0, 0.359249, 0.343644, 0, 0.33777, 0.188489, 0, 0, 0.36554
0.142, 0, 0, 0, 0.0916301, 1.26033, 0, 0.365186, 0.334332, 0, 0.339863, 0.187144, 0, 0, 0.365606
0.143, 0, 0, 0, 0.0913769, 1.26106, 0, 0.36996, 0.327718, 0, 0.343617, 0.184132, 0, 0, 0.365473
0.144, 0, 0, 0, 0.0906278, 1.26176, 0, 0.373305, 0.323342, 0, 0.346098, 0.181805, 0, 0, 0.365408
0.145, 0, 0, 0, 0.0902999, 1.26195, 0, 0.375333, 0.320122, 0, 0.347235, 0.180573, 0, 0, 0.365607
0.146, 0, 0, 0, 0.0901495, 1.26253, 0, 0.378088, 0.316636, 0, 0.351159, 0.177422, 0, 0, 0.365628
0.147, 0, 0, 0, 0.0899478, 1.2624, 0, 0.381135, 0.312761, 0, 0.356655, 0.172963, 0, 0, 0.365549
0.148, 0, 0, 0, 0.0893855, 1.26547, 0, 0.385789, 0.30887, 0, 0.360403, 0.170743, 0, 0, 0.365654
0.149, 0, 0, 0, 0.0884344, 1.26417, 0, 0.388016, 0.304902, 0, 0.361916, 0.168787, 0, 0, 0.364945
0.15, 0, 0, 0, 0.0891339, 1.26497, 0, 0.3924, 0.30046, 0, 0.364203, 0.168391, 0, 0, 0.365073
0.151, 0, 0, 0, 0.0895964, 1.26452, 0, 0.39525, 0.297006, 0, 0.365651, 0.167881, 0, 0, 0.365023
0.152, 0, 0, 0, 0.0897397, 1.26522, 0, 0.39928, 0.29294, 0, 0.367157, 0.167416, 0, 0, 0.365062
0.153, 0, 0, 0, 0.0891902, 1.26601, 0, 0.405647, 0.285002, 0, 0.370831, 0.164778, 0, 0, 0.364904
0.154, 0, 0, 0, 0.0887957, 1.26608, 0, 0.410709, 0.27897, 0, 0.371908, 0.164279, 0, 0, 0.364695
0.155, 0, 0, 0, 0.0886995, 1.26649, 0, 0.415652, 0.273766, 0, 0.374472, 0.16344, 0, 0, 0.364654
0.156, 0, 0, 0, 0.0884954, 1.26634, 0, 0.41978, 0.26995, 0, 0.375373, 0.163309, 0, 0, 0.364119
0.157, 0, 0, 0, 0.0884596, 1.26691, 0, 0.424132, 0.265848, 0, 0.376549, 0.162964, 0, 0, 0.364206
0.158, 0, 0, 0, 0.0880087, 1.26728, 0, 0.431813, 0.25862, 0, 0.377486, 0.162544, 0, 0, 0.36435
0.159, 0, 0, 0, 0.0881336, 1.26721, 0, 0.436107, 0.255052, 0, 0.378482, 0.16212, 0, 0, 0.364135
0.16, 0, 0, 0, 0.0880801, 1.26759, 0, 0.440472, 0.251047, 0, 0.379651, 0.161765, 0, 0, 0.364135
0.161, 0, 0, 0, 0.0877807, 1.2679, 0, 0.446396, 0.246613, 0, 0.380653, 0.161277, 0, 0, 0.364003
0.162, 0, 0, 0, 0.0878794, 1.2671, 0, 0.449545, 0.244038, 0, 0.381555, 0.160767, 0, 0, 0.363878
0.163, 0, 0, 0, 0.0881212, 1.26788, 0, 0.453176, 0.241533, 0, 0.383408, 0.16017, 0, 0, 0.364035
0.164, 0, 0, 0, 0.0897465, 1.27341, 0, 0.462154, 0.246614, 0, 0.380962, 0.16202, 0, 0, 0.366771
0.165, 0, 0, 0, 0.0853522, 1.26133, 0, 0.457753, 0.226333, 0, 0.385444, 0.157111, 0, 0, 0.359758
0.166, 0, 0, 0, 0.0898369, 1.27006, 0, 0.467759, 0.228771, 0, 0.390251, 0.158075, 0, 0, 0.364261
0.167, 0, 0, 0, 0.0849159, 1.26948, 0, 0.467169, 0.227654, 0, 0.387301, 0.157472, 0, 0, 0.362992
0.168, 0, 0, 0, 0.0861001, 1.26909, 0, 0.474282, 0.223955, 0, 0.388683, 0.156784, 0, 0, 0.363104
0.169, 0, 0, 0, 0.0863468, 1.26967, 0, 0.478229, 0.22147, 0, 0.389791, 0.156149, 0, 0, 0.363284
0.17, 0, 0, 0, 0.0861237, 1.26972, 0, 0.481747, 0.218151, 0, 0.394535, 0.154534, 0, 0, 0.363075
0.171, 0, 0, 0, 0.0932091, 1.26432, 0, 0.485267, 0.21568, 0, 0.396163, 0.153314, 0, 0, 0.362964
0.172, 0, 0, 0, 0.0955535, 1.26688, 0, 0.491031, 0.213874, 0, 0.399553, 0.152638, 0, 0, 0.36413
0.173, 0, 0, 0, 0.0938323, 1.26687, 0, 0.493182, 0.211834, 0, 0.400531, 0.150719, 0, 0, 0.363564
0.174, 0, 0, 0, 0.0869404, 1.27234, 0, 0.496745, 0.209009, 0, 0.401318, 0.150025, 0, 0, 0.363423
0.175, 0, 0, 0, 0.0846956, 1.26977, 0, 0.49829, 0.205446, 0, 0.400593, 0.148819, 0, 0, 0.361929
0.176, 0, 0, 0, 0.0858498, 1.26913, 0, 0.503429, 0.203434, 0, 0.402435, 0.148292, 0, 0, 0.362362
0.177, 0, 0, 0, 0.0856898, 1.2702, 0, 0.505897, 0.202203, 0, 0.404761, 0.147431, 0, 0, 0.362476
0.178, 0, 0, 0, 0.085065, 1.27015, 0, 0.508093, 0.199973, 0, 0.405073, 0.146738, 0, 0, 0.362018
0.179, 0, 0, 0, 0.0850783, 1.27029, 0, 0.510898, 0.197982, 0, 0.406167, 0.146023, 0, 0, 0.361961
0.18, 0, 0, 0, 0.0849114, 1.27053, 0, 0.513092, 0.196585, 0, 0.40679, 0.14558, 0, 0, 0.361834
0.181, 0, 0, 0, 0.0847174, 1.27069, 0, 0.515194, 0.19522, 0, 0.407338, 0.145156, 0, 0, 0.361843
0.182, 0, 0, 0, 0.084822, 1.27078, 0, 0.517438, 0.194243, 0, 0.408112, 0.144665, 0, 0, 0.36169
0.183, 0, 0, 0, 0.0847341, 1.27097, 0, 0.519821, 0.192591, 0, 0.408979, 0.144143, 0, 0, 0.361551
0.184, 0, 0, 0, 0.0845869, 1.27113, 0, 0.521676, 0.191423, 0, 0.409632, 0.143716, 0, 0, 0.361389
0.185, 0, 0, 0, 0.0844658, 1.27128, 0, 0.523604, 0.19008, 0, 0.410276, 0.143236, 0, 0, 0.361231
0.186, 0, 0, 0, 0.0843277, 1.27146, 0, 0.525407, 0.188768, 0, 0.410886, 0.142788, 0, 0, 0.361077
0.187, 0, 0, 0, 0.0841982, 1.27157, 0, 0.527206, 0.187554, 0, 0.41239, 0.141919, 0, 0, 0.360915
0.188, 0, 0, 0, 0.0841064, 1.27174, 0, 0.528815, 0.186447, 0, 0.413053, 0.141487, 0, 0, 0.360792
0.189, 0, 0, 0, 0.0839871, 1.27191, 0, 0.530112, 0.185552, 0, 0.413997, 0.140635, 0, 0, 0.360632
0.19, 0, 0, 0, 0.0838762, 1.27203, 0, 0.531545, 0.184757, 0, 0.414566, 0.140239, 0, 0, 0.359669
0.191, 0, 0, 0, 0.0837805, 1.27219, 0, 0.532908, 0.184187, 0, 0.415114, 0.139878, 0, 0, 0.359537
0.192, 0, 0, 0, 0.0836851, 1.2723, 0, 0.534426, 0.182985, 0, 0.415567, 0.139528, 0, 0, 0.359455
0.193, 0, 0, 0, 0.0836251, 1.27242, 0, 0.535952, 0.181812, 0, 0.416114, 0.139188, 0, 0, 0.359351
0.194, 0, 0, 0, 0.0836362, 1.27212, 0, 0.538133, 0.180476, 0, 0.41656, 0.13886, 0, 0, 0.359341
0.195, 0, 0, 0, 0.0798342, 1.26257, 0, 0.534177, 0.171236, 0, 0.420148, 0.1356, 0, 0, 0.35726
0.196, 0, 0, 0, 0.0855509, 1.28599, 0, 0.548018, 0.183838, 0, 0.41949, 0.140504, 0, 0, 0.363147
0.197, 0, 0, 0, 0.0779849, 1.27274, 0, 0.539886, 0.1794, 0, 0.412004, 0.138321, 0, 0, 0.356986
0.198, 0, 0, 0, 0.0863681, 1.2704, 0, 0.543945, 0.178622, 0, 0.417163, 0.138377, 0, 0, 0.359001
0.199, 0, 0, 0, 0.0856056, 1.2726, 0, 0.547368, 0.177452, 0, 0.418108, 0.138226, 0, 0, 0.359578
0.2, 0, 0, 0, 0.0839878, 1.27231, 0, 0.54723, 0.176284, 0, 0.417746, 0.137744, 0, 0, 0.358682
0.201, 0, 0, 0, 0.0839783, 1.27256, 0, 0.548776, 0.17526, 0, 0.418562, 0.137253, 0, 0, 0.358612
0.202, 0, 0, 0, 0.0835776, 1.27296, 0, 0.549916, 0.174081, 0, 0.41932, 0.136691, 0, 0, 0.358774
0.203, 0, 0, 0, 0.0832381, 1.27315, 0, 0.551122, 0.172999, 0, 0.419946, 0.136087, 0, 0, 0.358596
0.204, 0, 0, 0, 0.0846405, 1.27713, 0, 0.555064, 0.174733, 0, 0.419224, 0.136788, 0, 0, 0.359554
0.205, 0, 0, 0, 0.0814115, 1.26756, 0, 0.550177, 0.16823, 0, 0.421366, 0.133738, 0, 0, 0.356402
0.206, 0, 0, 0, 0.0851495, 1.27539, 0, 0.557009, 0.170151, 0, 0.424802, 0.134668, 0, 0, 0.359564
0.207, 0, 0, 0, 0.0813572, 1.27457, 0, 0.554757, 0.170895, 0, 0.421868, 0.134199, 0, 0, 0.358326
0.208, 0, 0, 0, 0.0822262, 1.27303, 0, 0.555811, 0.168634, 0, 0.423591, 0.133461, 0, 0, 0.3575
0.209, 0, 0, 0, 0.0827191, 1.27422, 0, 0.557668, 0.168326, 0, 0.424622, 0.133135, 0, 0, 0.357946
0.21, 0, 0, 0, 0.0821314, 1.27421, 0, 0.55831, 0.167553, 0, 0.424472, 0.132755, 0, 0, 0.357694
0.211, 0, 0, 0, 0.0823189, 1.27417, 0, 0.559489, 0.166824, 0, 0.424838, 0.132402, 0, 0, 0.357607
0.212, 0, 0, 0, 0.0823852, 1.27428, 0, 0.560692, 0.165887, 0, 0.425232, 0.132047, 0, 0, 0.357526
0.213, 0, 0, 0, 0.082506, 1.2737, 0, 0.561687, 0.165065, 0, 0.425648, 0.131636, 0, 0, 0.35733
0.214, 0, 0, 0, 0.0827343, 1.27409, 0, 0.56286, 0.164529, 0, 0.426064, 0.131482, 0, 0, 0.357391
0.215, 0, 0, 0, 0.0825014, 1.27414, 0, 0.563624, 0.16385, 0, 0.426179, 0.131266, 0, 0, 0.357218
0.216, 0, 0, 0, 0.0825039, 1.2742, 0, 0.564956, 0.162776, 0, 0.426425, 0.131017, 0, 0, 0.357108
0.217, 0, 0, 0, 0.0824706, 1.2743, 0, 0.565885, 0.16213, 0, 0.426609, 0.13082, 0, 0, 0.357008
0.218, 0, 0, 0, 0.0824149, 1.27439, 0, 0.566767, 0.161445, 0, 0.426727, 0.130655, 0, 0, 0.356914
0.219, 0, 0, 0, 0.0823701, 1.27447, 0, 0.56763, 0.160785, 0, 0.426878, 0.130465, 0, 0, 0.356812
0.22, 0, 0, 0, 0.0823234, 1.27456, 0, 0.568466, 0.160148, 0, 0.426708, 0.130719, 0, 0, 0.356718
0.221, 0, 0, 0, 0.0822769, 1.27464, 0, 0.569385, 0.159462, 0, 0.426818, 0.130502, 0, 0, 0.356619
0.222, 0, 0, 0, 0.0821474, 1.27482, 0, 0.57042, 0.158855, 0, 0.427349, 0.130209, 0, 0, 0.356523
0.223, 0, 0, 0, 0.0820734, 1.27485, 0, 0.57124, 0.158225, 0, 0.427436, 0.129977, 0, 0, 0.356345
0.224, 0, 0, 0, 0.0820701, 1.27493, 0, 0.572018, 0.157641, 0, 0.427559, 0.129763, 0, 0, 0.356259
0.225, 0, 0, 0, 0.0820297, 1.27501, 0, 0.573177, 0.157068, 0, 0.42765, 0.129552, 0, 0, 0.356167
0.226, 0, 0, 0, 0.0820305, 1.27487, 0, 0.573854, 0.156672, 0, 0.427736, 0.129343, 0, 0, 0.356074
0.227, 0, 0, 0, 0.0820842, 1.27503, 0, 0.574638, 0.156157, 0, 0.427781, 0.129345, 0, 0, 0.356038
0.228, 0, 0, 0, 0.0819954, 1.2751, 0, 0.575358, 0.1556, 0, 0.427917, 0.129064, 0, 0, 0.355932
0.229, 0, 0, 0, 0.0819794, 1.27516, 0, 0.575979, 0.155371, 0, 0.428102, 0.128785, 0, 0, 0.355845
0.23, 0, 0, 0, 0.0819554, 1.27523, 0, 0.576664, 0.154757, 0, 0.428279, 0.128514, 0, 0, 0.355762
0.231, 0, 0, 0, 0.0819445, 1.27527, 0, 0.577235, 0.154145, 0, 0.428442, 0.128249, 0, 0, 0.355676
0.232, 0, 0, 0, 0.0819296, 1.27533, 0, 0.578215, 0.153331, 0, 0.428608, 0.127993, 0, 0, 0.3556
0.233, 0, 0, 0, 0.0818962, 1.27541, 0, 0.57881, 0.152887, 0, 0.42876, 0.127742, 0, 0, 0.355523
0.234, 0, 0, 0, 0.0818569, 1.27547, 0, 0.579441, 0.152328, 0, 0.428897, 0.127496, 0, 0, 0.355111
0.235, 0, 0, 0, 0.0818279, 1.27554, 0, 0.580082, 0.151774, 0, 0.429032, 0.127256, 0, 0, 0.355072
0.236, 0, 0, 0, 0.0818105, 1.27574, 0, 0.580712, 0.151234, 0, 0.429158, 0.127022, 0, 0, 0.355366
0.237, 0, 0, 0, 0.0817407, 1.27573, 0, 0.581276, 0.150693, 0, 0.429239, 0.126783, 0, 0, 0.355171
0.238, 0, 0, 0, 0.0817783, 1.27572, 0, 0.58207, 0.15009, 0, 0.429381, 0.126566, 0, 0, 0.355057
0.239, 0, 0, 0, 0.0817892, 1.27581, 0, 0.582682, 0.14958, 0, 0.429755, 0.126256, 0, 0, 0.354954
0.24, 0, 0, 0, 0.0817547, 1.27586, 0, 0.584465, 0.148892, 0, 0.429844, 0.126042, 0, 0, 0.354811
0.241, 0, 0, 0, 0.0817445, 1.27591, 0, 0.585005, 0.148555, 0, 0.429689, 0.126182, 0, 0, 0.354692
0.242, 0, 0, 0, 0.0817296, 1.27597, 0, 0.585572, 0.148032, 0, 0.429839, 0.125983, 0, 0, 0.354578
0.243, 0, 0, 0, 0.0817083, 1.27602, 0, 0.586094, 0.147553, 0, 0.42992, 0.125778, 0, 0, 0.354466
0.244, 0, 0, 0, 0.0816891, 1.27608, 0, 0.586658, 0.147073, 0, 0.429995, 0.125579, 0, 0, 0.354373
0.245, 0, 0, 0, 0.081668, 1.27613, 0, 0.587014, 0.146926, 0, 0.430062, 0.125386, 0, 0, 0.354282
0.246, 0, 0, 0, 0.0816471, 1.27619, 0, 0.587488, 0.146568, 0, 0.429937, 0.125462, 0, 0, 0.354192
0.247, 0, 0, 0, 0.0816255, 1.27623, 0, 0.588309, 0.146138, 0, 0.429985, 0.125271, 0, 0, 0.354104
0.248, 0, 0, 0, 0.081688, 1.27563, 0, 0.588519, 0.145823, 0, 0.430042, 0.12508, 0, 0, 0.354021
0.249, 0, 0, 0, 0.0819513, 1.27597, 0, 0.589218, 0.145568, 0, 0.430513, 0.1249, 0, 0, 0.354102
0.25, 0, 0, 0, 0.0817708, 1.27598, 0, 0.589636, 0.144701, 0, 0.430695, 0.124631, 0, 0, 0.353968
0.251, 0, 0, 0, 0.0818201, 1.27599, 0, 0.590107, 0.144366, 0, 0.430821, 0.124445, 0, 0, 0.353905
0.252, 0, 0, 0, 0.0818311, 1.27605, 0, 0.590553, 0.144046, 0, 0.430878, 0.124277, 0, 0, 0.353852
0.253, 0, 0, 0, 0.0818136, 1.27609, 0, 0.591023, 0.143722, 0, 0.430904, 0.124134, 0, 0, 0.353419
0.254, 0, 0, 0, 0.0818064, 1.27614, 0, 0.591413, 0.143423, 0, 0.431039, 0.123943, 0, 0, 0.353365
0.255, 0, 0, 0, 0.0817946, 1.27619, 0, 0.591807, 0.143129, 0, 0.431167, 0.12372, 0, 0, 0.353324
0.256, 0, 0, 0, 0.0817816, 1.27623, 0, 0.592197, 0.142838, 0, 0.431218, 0.123571, 0, 0, 0.353281
0.257, 0, 0, 0, 0.0817681, 1.27628, 0, 0.592355, 0.142605, 0, 0.431266, 0.123426, 0, 0, 0.353237
0.258, 0, 0, 0, 0.0817484, 1.27634, 0, 0.592725, 0.142332, 0, 0.431311, 0.123284, 0, 0, 0.353199
0.259, 0, 0, 0, 0.0817211, 1.27639, 0, 0.593071, 0.142181, 0, 0.431352, 0.123146, 0, 0, 0.35315
0.26, 0, 0, 0, 0.0817017, 1.27643, 0, 0.593421, 0.141928, 0, 0.431394, 0.123012, 0, 0, 0.353103
0.261, 0, 0, 0, 0.0816842, 1.27648, 0, 0.593764, 0.141682, 0, 0.431432, 0.122883, 0, 0, 0.353056
0.262, 0, 0, 0, 0.0816718, 1.27652, 0, 0.594706, 0.140783, 0, 0.431468, 0.122757, 0, 0, 0.353008
0.263, 0, 0, 0, 0.0817215, 1.27629, 0, 0.595075, 0.140551, 0, 0.431335, 0.122871, 0, 0, 0.352961
0.264, 0, 0, 0, 0.0818093, 1.27647, 0, 0.595517, 0.140369, 0, 0.431511, 0.12268, 0, 0, 0.352985
0.265, 0, 0, 0, 0.0817057, 1.2765, 0, 0.595699, 0.140246, 0, 0.431558, 0.12246, 0, 0, 0.35291
0.266, 0, 0, 0, 0.0817106, 1.27653, 0, 0.595879, 0.140086, 0, 0.431604, 0.122339, 0, 0, 0.352864
0.267, 0, 0, 0, 0.0817042, 1.27656, 0, 0.596183, 0.139886, 0, 0.43164, 0.122227, 0, 0, 0.352822
0.268, 0, 0, 0, 0.0816948, 1.27661, 0, 0.596485, 0.139687, 0, 0.431667, 0.122125, 0, 0, 0.35288
0.269, 0, 0, 0, 0.0816791, 1.27665, 0, 0.597007, 0.139476, 0, 0.43167, 0.122045, 0, 0, 0.352826
0.27, 0, 0, 0, 0.0816706, 1.27668, 0, 0.597332, 0.139281, 0, 0.431582, 0.122098, 0, 0, 0.352772
0.271, 0, 0, 0, 0.0816618, 1.27675, 0, 0.597642, 0.139093, 0, 0.431608, 0.121983, 0, 0, 0.352721
0.272, 0, 0, 0, 0.0816395, 1.27677, 0, 0.597903, 0.138919, 0, 0.431591, 0.121915, 0, 0, 0.35266
0.273, 0, 0, 0, 0.0816496, 1.27677, 0, 0.598201, 0.138744, 0, 0.431629, 0.121801, 0, 0, 0.352613
0.274, 0, 0, 0, 0.0816662, 1.27681, 0, 0.598499, 0.138577, 0, 0.431667, 0.121698, 0, 0, 0.352573
0.275, 0, 0, 0, 0.0816568, 1.27684, 0, 0.598766, 0.138409, 0, 0.431692, 0.121587, 0, 0, 0.352522
0.276, 0, 0, 0, 0.0816638, 1.27686, 0, 0.599039, 0.138245, 0, 0.431377, 0.121525, 0, 0, 0.352474
0.277, 0, 0, 0, 0.081662, 1.2769, 0, 0.599309, 0.138086, 0, 0.431382, 0.121438, 0, 0, 0.352429
0.278, 0, 0, 0, 0.0816474, 1.27694, 0, 0.599565, 0.137929, 0, 0.431422, 0.121306, 0, 0, 0.352468
0.279, 0, 0, 0, 0.0816387, 1.27697, 0, 0.599783, 0.137827, 0, 0.431442, 0.12121, 0, 0, 0.352417
0.28, 0, 0, 0, 0.0816297, 1.27701, 0, 0.600033, 0.137671, 0, 0.431459, 0.121117, 0, 0, 0.352364
0.281, 0, 0, 0, 0.0815734, 1.27705, 0, 0.598823, 0.137754, 0, 0.431471, 0.121025, 0, 0, 0.352312
0.282, 0, 0, 0, 0.081574, 1.27707, 0, 0.598956, 0.137651, 0, 0.431346, 0.121126, 0, 0, 0.352257
0.283, 0, 0, 0, 0.0815874, 1.27709, 0, 0.599187, 0.137517, 0, 0.431495, 0.120841, 0, 0, 0.352211
0.284, 0, 0, 0, 0.0815908, 1.27712, 0, 0.599439, 0.137377, 0, 0.431515, 0.120756, 0, 0, 0.352165
0.285, 0, 0, 0, 0.0815904, 1.27715, 0, 0.599669, 0.137257, 0, 0.431379, 0.120879, 0, 0, 0.352117
0.286, 0, 0, 0, 0.0815888, 1.27717, 0, 0.599896, 0.137125, 0, 0.431378, 0.120798, 0, 0, 0.352071
0.287, 0, 0, 0, 0.0815853, 1.2772, 0, 0.600116, 0.136997, 0, 0.431384, 0.120715, 0, 0, 0.352025
0.288, 0, 0, 0, 0.0815866, 1.27719, 0, 0.600346, 0.13687, 0, 0.43139, 0.120634, 0, 0, 0.35198
0.289, 0, 0, 0, 0.0816044, 1.27723, 0, 0.600573, 0.13675, 0, 0.431407, 0.120556, 0, 0, 0.351944
0.29, 0, 0, 0, 0.0815973, 1.27725, 0, 0.600771, 0.13663, 0, 0.431178, 0.120667, 0, 0, 0.351899
0.291, 0, 0, 0, 0.0815975, 1.27728, 0, 0.600973, 0.136513, 0, 0.431112, 0.120668, 0, 0, 0.351856
0.292, 0, 0, 0, 0.0815943, 1.27731, 0, 0.60114, 0.136387, 0, 0.431132, 0.120564, 0, 0, 0.351813
0.293, 0, 0, 0, 0.081466, 1.27699, 0, 0.601172, 0.1362, 0, 0.431158, 0.120398, 0, 0, 0.351751
0.294, 0, 0, 0, 0.0817218, 1.27797, 0, 0.601733, 0.136302, 0, 0.431262, 0.120413, 0, 0, 0.351833
0.295, 0, 0, 0, 0.0813512, 1.27718, 0, 0.601474, 0.135999, 0, 0.431023, 0.120175, 0, 0, 0.351548
0.296, 0, 0, 0, 0.0817614, 1.27737, 0, 0.603464, 0.135754, 0, 0.431244, 0.120118, 0, 0, 0.351694
0.297, 0, 0, 0, 0.0815884, 1.27745, 0, 0.603586, 0.135618, 0, 0.431172, 0.120024, 0, 0, 0.351631
0.298, 0, 0, 0, 0.0815637, 1.27744, 0, 0.603743, 0.135502, 0, 0.43118, 0.119925, 0, 0, 0.351575
0.299, 0, 0, 0, 0.0815677, 1.27748, 0, 0.604009, 0.135403, 0, 0.431217, 0.119835, 0, 0, 0.351543
0.3, 0, 0, 0, 0.0815459, 1.27752, 0, 0.604186, 0.135292, 0, 0.431235, 0.119747, 0, 0, 0.351504
0.301, 0, 0, 0, 0.0815338, 1.27754, 0, 0.604341, 0.135193, 0, 0.431256, 0.119661, 0, 0, 0.351463
0.302, 0, 0, 0, 0.081528, 1.27757, 0, 0.604461, 0.135151, 0, 0.431278, 0.119579, 0, 0, 0.351453
0.303, 0, 0, 0, 0.0815212, 1.27759, 0, 0.604612, 0.135054, 0, 0.431298, 0.1195, 0, 0, 0.351414
0.304, 0, 0, 0, 0.0815146, 1.27762, 0, 0.604691, 0.135299, 0, 0.431317, 0.119424, 0, 0, 0.351375
0.305, 0, 0, 0, 0.0815102, 1.27764, 0, 0.604834, 0.135205, 0, 0.431392, 0.119361, 0, 0, 0.351338
0.306, 0, 0, 0, 0.0815051, 1.27766, 0, 0.605253, 0.135003, 0, 0.43142, 0.119285, 0, 0, 0.351301
0.307, 0, 0, 0, 0.0815015, 1.27769, 0, 0.605394, 0.13491, 0, 0.431438, 0.119217, 0, 0, 0.351239
0.308, 0, 0, 0, 0.0814974, 1.2777, 0, 0.605524, 0.134821, 0, 0.431449, 0.119152, 0, 0, 0.350838
0.309, 0, 0, 0, 0.081495, 1.27773, 0, 0.605652, 0.134736, 0, 0.43146, 0.119113, 0, 0, 0.35081
0.31, 0, 0, 0, 0.0814908, 1.27772, 0, 0.605776, 0.134652, 0, 0.431417, 0.119064, 0, 0, 0.350793
0.311, 0, 0, 0, 0.0814975, 1.27776, 0, 0.60591, 0.134575, 0, 0.431434, 0.119009, 0, 0, 0.350783
0.312, 0, 0, 0, 0.0814847, 1.27778, 0, 0.606021, 0.134496, 0, 0.431437, 0.118953, 0, 0, 0.350762
0.313, 0, 0, 0, 0.0814821, 1.2778, 0, 0.60614, 0.134418, 0, 0.431444, 0.1189, 0, 0, 0.350753
0.314, 0, 0, 0, 0.0814784, 1.27782, 0, 0.606204, 0.134341, 0, 0.43145, 0.11885, 0, 0, 0.350732
0.315, 0, 0, 0, 0.0814734, 1.27784, 0, 0.606305, 0.134273, 0, 0.431471, 0.118835, 0, 0, 0.35071
0.316, 0, 0, 0, 0.0814685, 1.27786, 0, 0.606415, 0.134201, 0, 0.432497, 0.118578, 0, 0, 0.350689
0.317, 0, 0, 0, 0.081464, 1.27788, 0, 0.60652, 0.134133, 0, 0.432503, 0.118518, 0, 0, 0.350665
0.318, 0, 0, 0, 0.0814605, 1.27789, 0, 0.604796, 0.134315, 0, 0.43248, 0.11847, 0, 0, 0.350763
0.319, 0, 0, 0, 0.0814592, 1.27791, 0, 0.60478, 0.134308, 0, 0.432457, 0.118427, 0, 0, 0.350739
0.32, 0, 0, 0, 0.0815267, 1.27762, 0, 0.604866, 0.134256, 0, 0.432337, 0.118508, 0, 0, 0.35071
0.321, 0, 0, 0, 0.0816379, 1.2778, 0, 0.605419, 0.134145, 0, 0.432396, 0.1185, 0, 0, 0.350716
0.322, 0, 0, 0, 0.0815334, 1.2778, 0, 0.605427, 0.134084, 0, 0.432299, 0.118459, 0, 0, 0.350665
0.323, 0, 0, 0, 0.0816789, 1.27715, 0, 0.604996, 0.133909, 0, 0.432332, 0.118361, 0, 0, 0.350527
0.324, 0, 0, 0, 0.0819624, 1.27782, 0, 0.605496, 0.133995, 0, 0.432451, 0.118431, 0, 0, 0.35073
0.325, 0, 0, 0, 0.0816661, 1.27775, 0, 0.605341, 0.133905, 0, 0.432134, 0.118383, 0, 0, 0.350576
0.326, 0, 0, 0, 0.0822146, 1.27711, 0, 0.605246, 0.13384, 0, 0.431637, 0.118367, 0, 0, 0.350625
0.327, 0, 0, 0, 0.0821188, 1.27829, 0, 0.605751, 0.133934, 0, 0.432373, 0.118449, 0, 0, 0.350555
0.328, 0, 0, 0, 0.0815608, 1.27754, 0, 0.605432, 0.133664, 0, 0.432068, 0.118222, 0, 0, 0.350297
0.329, 0, 0, 0, 0.0819799, 1.27777, 0, 0.606003, 0.133689, 0, 0.432201, 0.118255, 0, 0, 0.35051
0.33, 0, 0, 0, 0.0818176, 1.2778, 0, 0.60594, 0.133654, 0, 0.432001, 0.118243, 0, 0, 0.350498
0.331, 0, 0, 0, 0.0818088, 1.27778, 0, 0.606019, 0.133602, 0, 0.432145, 0.118179, 0, 0, 0.350462
0.332, 0, 0, 0, 0.081806, 1.27784, 0, 0.606135, 0.133562, 0, 0.432121, 0.118155, 0, 0, 0.350444
0.333, 0, 0, 0, 0.0817794, 1.27781, 0, 0.606206, 0.133512, 0, 0.432057, 0.118131, 0, 0, 0.350403
0.334, 0, 0, 0, 0.0817832, 1.27786, 0, 0.606323, 0.13347, 0, 0.432024, 0.118115, 0, 0, 0.350383
0.335, 0, 0, 0, 0.0817464, 1.27788, 0, 0.606389, 0.133422, 0, 0.431961, 0.118095, 0, 0, 0.350343
0.336, 0, 0, 0, 0.0817309, 1.2779, 0, 0.606472, 0.133377, 0, 0.431913, 0.118076, 0, 0, 0.350375
0.337, 0, 0, 0, 0.0817121, 1.27792, 0, 0.606553, 0.133335, 0, 0.431861, 0.11806, 0, 0, 0.350345
0.338, 0, 0, 0, 0.0816939, 1.27796, 0, 0.606638, 0.133295, 0, 0.431871, 0.117955, 0, 0, 0.350314
0.339, 0, 0, 0, 0.0816781, 1.27798, 0, 0.606721, 0.133256, 0, 0.431815, 0.117943, 0, 0, 0.350283
0.34, 0, 0, 0, 0.0816766, 1.27793, 0, 0.606803, 0.133217, 0, 0.431758, 0.117933, 0, 0, 0.350254
0.341, 0, 0, 0, 0.0817053, 1.27797, 0, 0.606918, 0.133187, 0, 0.431723, 0.117931, 0, 0, 0.350246
0.342, 0, 0, 0, 0.0816845, 1.27799, 0, 0.60698, 0.13315, 0, 0.431654, 0.117923, 0, 0, 0.350216
0.343, 0, 0, 0, 0.081686, 1.278, 0, 0.607061, 0.133115, 0, 0.431598, 0.117915, 0, 0, 0.350191
0.344, 0, 0, 0, 0.0816829, 1.27802, 0, 0.60714, 0.133081, 0, 0.431542, 0.117909, 0, 0, 0.350169
0.345, 0, 0, 0, 0.0816756, 1.27804, 0, 0.607218, 0.133024, 0, 0.431483, 0.117903, 0, 0, 0.350146
0.346, 0, 0, 0, 0.081667, 1.27805, 0, 0.607292, 0.132991, 0, 0.431424, 0.117897, 0, 0, 0.350123
0.347, 0, 0, 0, 0.0816591, 1.27807, 0, 0.607366, 0.132959, 0, 0.431367, 0.117891, 0, 0, 0.350101
0.348, 0, 0, 0, 0.0816509, 1.27809, 0, 0.607439, 0.132929, 0, 0.431363, 0.117875, 0, 0, 0.35008
0.349, 0, 0, 0, 0.0816414, 1.27811, 0, 0.607638, 0.132837, 0, 0.431305, 0.117868, 0, 0, 0.350058
0.35, 0, 0, 0, 0.0816343, 1.27813, 0, 0.607766, 0.132808, 0, 0.431244, 0.117863, 0, 0, 0.350038
0.351, 0, 0, 0, 0.0816271, 1.27815, 0, 0.607849, 0.132776, 0, 0.431182, 0.117859, 0, 0, 0.350019
0.352, 0, 0, 0, 0.0816195, 1.27816, 0, 0.607918, 0.132748, 0, 0.431119, 0.117856, 0, 0, 0.349998
0.353, 0, 0, 0, 0.0816142, 1.27818, 0, 0.607987, 0.132722, 0, 0.431058, 0.117853, 0, 0, 0.34998
0.354, 0, 0, 0, 0.0816059, 1.27819, 0, 0.608052, 0.132696, 0, 0.430994, 0.11785, 0, 0, 0.349962
0.355, 0, 0, 0, 0.0815989, 1.27821, 0, 0.608115, 0.132671, 0, 0.430931, 0.117847, 0, 0, 0.349943
0.356, 0, 0, 0, 0.0815929, 1.27822, 0, 0.608179, 0.132646, 0, 0.430869, 0.117844, 0, 0, 0.349926
0.357, 0, 0, 0, 0.0815867, 1.27824, 0, 0.608209, 0.132672, 0, 0.430806, 0.117842, 0, 0, 0.349907
0.358, 0, 0, 0, 0.0815819, 1.27825, 0, 0.608266, 0.132648, 0, 0.430743, 0.11784, 0, 0, 0.349889
0.359, 0, 0, 0, 0.0815776, 1.27826, 0, 0.608323, 0.132623, 0, 0.430714, 0.117828, 0, 0, 0.349872
0.36, 0, 0, 0, 0.0815731, 1.27828, 0, 0.608346, 0.1326, 0, 0.430657, 0.117824, 0, 0, 0.349855
0.361, 0, 0, 0, 0.0815678, 1.27829, 0, 0.608395, 0.132579, 0, 0.430593, 0.117823, 0, 0, 0.349838
0.362, 0, 0, 0, 0.0815643, 1.2783, 0, 0.60845, 0.132556, 0, 0.430529, 0.117822, 0, 0, 0.349823
0.363, 0, 0, 0, 0.0815595, 1.27832, 0, 0.608503, 0.132533, 0, 0.430465, 0.117821, 0, 0, 0.349806
0.364, 0, 0, 0, 0.0815557, 1.27833, 0, 0.608555, 0.132511, 0, 0.430402, 0.11782, 0, 0, 0.34979
0.365, 0, 0, 0, 0.0816621, 1.27788, 0, 0.608608, 0.132489, 0, 0.430338, 0.11782, 0, 0, 0.349776
0.366, 0, 0, 0, 0.0818266, 1.27813, 0, 0.608861, 0.132514, 0, 0.430418, 0.117859, 0, 0, 0.349877
0.367, 0, 0, 0, 0.0816738, 1.27812, 0, 0.608776, 0.132485, 0, 0.430262, 0.117849, 0, 0, 0.349815
0.368, 0, 0, 0, 0.0817029, 1.27808, 0, 0.608848, 0.13246, 0, 0.430212, 0.117847, 0, 0, 0.349799
0.369, 0, 0, 0, 0.0817207, 1.27812, 0, 0.608917, 0.132443, 0, 0.430166, 0.11785, 0, 0, 0.349797
0.37, 0, 0, 0, 0.0817049, 1.27813, 0, 0.60895, 0.132422, 0, 0.430094, 0.117849, 0, 0, 0.349778
0.371, 0, 0, 0, 0.0817085, 1.27814, 0, 0.609, 0.132403, 0, 0.430031, 0.11785, 0, 0, 0.349765
0.372, 0, 0, 0, 0.0817072, 1.27815, 0, 0.609046, 0.132383, 0, 0.429968, 0.11785, 0, 0, 0.349751
0.373, 0, 0, 0, 0.0817059, 1.27816, 0, 0.609089, 0.132363, 0, 0.429905, 0.11785, 0, 0, 0.349737
0.374, 0, 0, 0, 0.0817045, 1.27817, 0, 0.609134, 0.132344, 0, 0.429843, 0.11785, 0, 0, 0.349724
0.375, 0, 0, 0, 0.0817013, 1.27818, 0, 0.609175, 0.132325, 0, 0.42978, 0.11785, 0, 0, 0.34971
0.376, 0, 0, 0, 0.0816992, 1.27819, 0, 0.609215, 0.132307, 0, 0.429718, 0.117851, 0, 0, 0.349696
0.377, 0, 0, 0, 0.0816981, 1.27821, 0, 0.609257, 0.132289, 0, 0.429655, 0.117852, 0, 0, 0.349684
0.378, 0, 0, 0, 0.0816947, 1.27822, 0, 0.609295, 0.132271, 0, 0.429592, 0.117852, 0, 0, 0.34967
0.379, 0, 0, 0, 0.0816954, 1.27823, 0, 0.609337, 0.132255, 0, 0.429531, 0.117854, 0, 0, 0.349659
0.38, 0, 0, 0, 0.0816944, 1.27825, 0, 0.609379, 0.132238, 0, 0.429465, 0.117855, 0, 0, 0.349647
0.381, 0, 0, 0, 0.0817098, 1.27809, 0, 0.60941, 0.132219, 0, 0.429411, 0.117847, 0, 0, 0.34963
0.382, 0, 0, 0, 0.0817883, 1.27816, 0, 0.609515, 0.132217, 0, 0.429281, 0.117842, 0, 0, 0.349658
0.383, 0, 0, 0, 0.0817609, 1.27816, 0, 0.609515, 0.132202, 0, 0.429174, 0.117848, 0, 0, 0.349637
0.384, 0, 0, 0, 0.0817784, 1.27816, 0, 0.609557, 0.132186, 0, 0.42911, 0.11785, 0, 0, 0.349626
0.385, 0, 0, 0, 0.0817868, 1.27817, 0, 0.609596, 0.132171, 0, 0.429049, 0.117851, 0, 0, 0.349618
0.386, 0, 0, 0, 0.0817878, 1.27818, 0, 0.609631, 0.132157, 0, 0.428983, 0.117852, 0, 0, 0.349607
0.387, 0, 0, 0, 0.0818098, 1.27826, 0, 0.609713, 0.132157, 0, 0.428895, 0.117865, 0, 0, 0.349611
0.388, 0, 0, 0, 0.0817838, 1.27816, 0, 0.609687, 0.132119, 0, 0.428826, 0.117851, 0, 0, 0.349569
0.389, 0, 0, 0, 0.0818199, 1.2782, 0, 0.609755, 0.13211, 0, 0.428804, 0.117855, 0, 0, 0.349579
0.39, 0, 0, 0, 0.0817874, 1.27822, 0, 0.609763, 0.132097, 0, 0.428727, 0.117854, 0, 0, 0.349563
0.391, 0, 0, 0, 0.081778, 1.27823, 0, 0.609791, 0.132082, 0, 0.428659, 0.117854, 0, 0, 0.349549
0.392, 0, 0, 0, 0.081774, 1.27824, 0, 0.609824, 0.132068, 0, 0.428593, 0.117855, 0, 0, 0.349538
0.393, 0, 0, 0, 0.0817675, 1.27826, 0, 0.609852, 0.132054, 0, 0.429, 0.117767, 0, 0, 0.349527
0.394, 0, 0, 0, 0.0817645, 1.27827, 0, 0.609882, 0.132041, 0, 0.428939, 0.117761, 0, 0, 0.349516
0.395, 0, 0, 0, 0.0817621, 1.27828, 0, 0.609912, 0.132027, 0, 0.428862, 0.117761, 0, 0, 0.349505
0.396, 0, 0, 0, 0.0817611, 1.27829, 0, 0.609941, 0.132014, 0, 0.428783, 0.117762, 0, 0, 0.349495
0.397, 0, 0, 0, 0.08176, 1.2783, 0, 0.609969, 0.132001, 0, 0.428814, 0.117734, 0, 0, 0.349484
0.398, 0, 0, 0, 0.0817594, 1.2783, 0, 0.609997, 0.131989, 0, 0.428743, 0.117732, 0, 0, 0.349474
0.399, 0, 0, 0, 0.0817588, 1.27831, 0, 0.610024, 0.131977, 0, 0.428664, 0.117733, 0, 0, 0.349464
0.4, 0, 0, 0, 0.0817578, 1.27832, 0, 0.61005, 0.131965, 0, 0.428945, 0.117662, 0, 0, 0.349455
0.401, 0, 0, 0, 0.0817569, 1.27833, 0, 0.610076, 0.131953, 0, 0.428888, 0.117658, 0, 0, 0.349445
0.402, 0, 0, 0, 0.0817557, 1.27834, 0, 0.610102, 0.131941, 0, 0.428821, 0.117659, 0, 0, 0.349435
0.403, 0, 0, 0, 0.0817549, 1.27835, 0, 0.610127, 0.13193, 0, 0.428754, 0.117661, 0, 0, 0.349426
0.404, 0, 0, 0, 0.0817537, 1.27835, 0, 0.610152, 0.131919, 0, 0.428687, 0.117663, 0, 0, 0.349515
0.405, 0, 0, 0, 0.0817525, 1.27836, 0, 0.610176, 0.131908, 0, 0.42862, 0.117665, 0, 0, 0.349503
0.406, 0, 0, 0, 0.0817515, 1.27837, 0, 0.6102, 0.131897, 0, 0.428554, 0.117667, 0, 0, 0.349488
0.407, 0, 0, 0, 0.08175, 1.27838, 0, 0.610223, 0.131886, 0, 0.428497, 0.117675, 0, 0, 0.349474
0.408, 0, 0, 0, 0.0817494, 1.27839, 0, 0.610246, 0.131876, 0, 0.428318, 0.117673, 0, 0, 0.349461
0.409, 0, 0, 0, 0.0817477, 1.27839, 0, 0.610268, 0.131866, 0, 0.42825, 0.117677, 0, 0, 0.349447
0.41, 0, 0, 0, 0.0817469, 1.2784, 0, 0.610291, 0.131856, 0, 0.428184, 0.11768, 0, 0, 0.349437
0.411, 0, 0, 0, 0.0817455, 1.27841, 0, 0.610312, 0.131846, 0, 0.428118, 0.117683, 0, 0, 0.349425
0.412, 0, 0, 0, 0.0817442, 1.27841, 0, 0.610333, 0.131836, 0, 0.428053, 0.117686, 0, 0, 0.349413
0.413, 0, 0, 0, 0.0817429, 1.27842, 0, 0.610354, 0.131827, 0, 0.427989, 0.117689, 0, 0, 0.349401
0.414, 0, 0, 0, 0.0817422, 1.27843, 0, 0.610376, 0.131817, 0, 0.427902, 0.117734, 0, 0, 0.34939
0.415, 0, 0, 0, 0.081741, 1.27843, 0, 0.610396, 0.131808, 0, 0.427837, 0.117738, 0, 0, 0.349376
0.416, 0, 0, 0, 0.0817399, 1.27844, 0, 0.610416, 0.131799, 0, 0.427775, 0.117742, 0, 0, 0.349366
0.417, 0, 0, 0, 0.0817385, 1.27845, 0, 0.610435, 0.13179, 0, 0.427713, 0.117746, 0, 0, 0.349355
0.418, 0, 0, 0, 0.0817373, 1.27845, 0, 0.610454, 0.131782, 0, 0.427653, 0.11775, 0, 0, 0.349345
0.419, 0, 0, 0, 0.0817363, 1.27846, 0, 0.610474, 0.131773, 0, 0.427552, 0.117798, 0, 0, 0.349335
0.42, 0, 0, 0, 0.0817352, 1.27847, 0, 0.610495, 0.131767, 0, 0.42749, 0.117802, 0, 0, 0.349326
0.421, 0, 0, 0, 0.0817342, 1.27847, 0, 0.610513, 0.131759, 0, 0.427431, 0.117805, 0, 0, 0.349316
0.422, 0, 0, 0, 0.081733, 1.27848, 0, 0.61053, 0.131752, 0, 0.427373, 0.117808, 0, 0, 0.349307
0.423, 0, 0, 0, 0.0817319, 1.27848, 0, 0.610548, 0.131744, 0, 0.427317, 0.117811, 0, 0, 0.349298
0.424, 0, 0, 0, 0.0817309, 1.27849, 0, 0.610566, 0.131736, 0, 0.427261, 0.117814, 0, 0, 0.349289
0.425, 0, 0, 0, 0.0817298, 1.27849, 0, 0.610583, 0.131729, 0, 0.427206, 0.117817, 0, 0, 0.34928
0.426, 0, 0, 0, 0.0817288, 1.2785, 0, 0.6106, 0.131721, 0, 0.427152, 0.11782, 0, 0, 0.349272
0.427, 0, 0, 0, 0.0817278, 1.27851, 0, 0.610616, 0.131714, 0, 0.427098, 0.117823, 0, 0, 0.349264
0.428, 0, 0, 0, 0.0817268, 1.27851, 0, 0.610633, 0.131707, 0, 0.427045, 0.117826, 0, 0, 0.349255
0.429, 0, 0, 0, 0.0817259, 1.27852, 0, 0.610649, 0.1317, 0, 0.426994, 0.117829, 0, 0, 0.349247
0.43, 0, 0, 0, 0.0817249, 1.27852, 0, 0.610665, 0.131693, 0, 0.426942, 0.117832, 0, 0, 0.34924
0.431, 0, 0, 0, 0.081724, 1.27853, 0, 0.61068, 0.131687, 0, 0.426892, 0.117835, 0, 0, 0.349232
0.432, 0, 0, 0, 0.0817231, 1.27853, 0, 0.610695, 0.13168, 0, 0.426843, 0.117838, 0, 0, 0.349224
0.433, 0, 0, 0, 0.0817222, 1.27854, 0, 0.61071, 0.131674, 0, 0.426794, 0.117841, 0, 0, 0.349217
0.434, 0, 0, 0, 0.0817212, 1.27854, 0, 0.610725, 0.131667, 0, 0.426745, 0.117843, 0, 0, 0.349157
0.435, 0, 0, 0, 0.0817204, 1.27855, 0, 0.61074, 0.131661, 0, 0.426699, 0.117846, 0, 0, 0.349151
0.436, 0, 0, 0, 0.0817193, 1.27855, 0, 0.610754, 0.131655, 0, 0.426652, 0.117849, 0, 0, 0.349148
0.437, 0, 0, 0, 0.0817187, 1.27856, 0, 0.610768, 0.131649, 0, 0.426606, 0.117852, 0, 0, 0.349144
0.438, 0, 0, 0, 0.081718, 1.27856, 0, 0.610782, 0.131643, 0, 0.42656, 0.117855, 0, 0, 0.34914
0.439, 0, 0, 0, 0.0817172, 1.27857, 0, 0.610796, 0.131638, 0, 0.426516, 0.117857, 0, 0, 0.349136
0.44, 0, 0, 0, 0.0817165, 1.27857, 0, 0.610809, 0.131632, 0, 0.426461, 0.117859, 0, 0, 0.349131
0.441, 0, 0, 0, 0.0817157, 1.27857, 0, 0.610822, 0.131627, 0, 0.42639, 0.117861, 0, 0, 0.349142
0.442, 0, 0, 0, 0.0817151, 1.27858, 0, 0.610835, 0.131621, 0, 0.426325, 0.117864, 0, 0, 0.349136
0.443, 0, 0, 0, 0.0817144, 1.27858, 0, 0.610848, 0.131616, 0, 0.426261, 0.117867, 0, 0, 0.34913
0.444, 0, 0, 0, 0.0817138, 1.27859, 0, 0.61086, 0.131611, 0, 0.426198, 0.11787, 0, 0, 0.349125
0.445, 0, 0, 0, 0.0817181, 1.27856, 0, 0.610872, 0.131606, 0, 0.426135, 0.117872, 0, 0, 0.349119
0.446, 0, 0, 0, 0.08173, 1.27858, 0, 0.610898, 0.131604, 0, 0.426083, 0.117878, 0, 0, 0.349141
0.447, 0, 0, 0, 0.0817207, 1.27858, 0, 0.610901, 0.131599, 0, 0.426015, 0.11788, 0, 0, 0.349126
0.448, 0, 0, 0, 0.0817226, 1.27858, 0, 0.610914, 0.131594, 0, 0.425954, 0.117882, 0, 0, 0.349114
0.449, 0, 0, 0, 0.0817233, 1.27859, 0, 0.610927, 0.131589, 0, 0.425893, 0.117885, 0, 0, 0.349103
0.45, 0, 0, 0, 0.0817225, 1.27859, 0, 0.610937, 0.131585, 0, 0.425831, 0.117888, 0, 0, 0.349091
0.451, 0, 0, 0, 0.0817223, 1.2786, 0, 0.610949, 0.13158, 0, 0.425769, 0.11789, 0, 0, 0.349078
0.452, 0, 0, 0, 0.0817219, 1.2786, 0, 0.61096, 0.131576, 0, 0.425707, 0.117893, 0, 0, 0.349069
0.453, 0, 0, 0, 0.0817215, 1.2786, 0, 0.61097, 0.131572, 0, 0.425645, 0.117896, 0, 0, 0.34906
0.454, 0, 0, 0, 0.0817208, 1.27861, 0, 0.610981, 0.131567, 0, 0.425645, 0.117893, 0, 0, 0.349051
0.455, 0, 0, 0, 0.0817202, 1.27861, 0, 0.610991, 0.131563, 0, 0.425583, 0.117895, 0, 0, 0.349043
0.456, 0, 0, 0, 0.0817199, 1.27861, 0, 0.611001, 0.131559, 0, 0.425521, 0.117898, 0, 0, 0.349035
0.457, 0, 0, 0, 0.0817195, 1.27862, 0, 0.611011, 0.131555, 0, 0.425459, 0.117901, 0, 0, 0.349028
0.458, 0, 0, 0, 0.0817191, 1.27862, 0, 0.611021, 0.131551, 0, 0.425397, 0.117903, 0, 0, 0.34902
0.459, 0, 0, 0, 0.0817188, 1.27863, 0, 0.611031, 0.131548, 0, 0.425335, 0.117906, 0, 0, 0.349013
0.46, 0, 0, 0, 0.0817184, 1.27863, 0, 0.61104, 0.131544, 0, 0.425273, 0.117909, 0, 0, 0.349007
0.461, 0, 0, 0, 0.0817181, 1.27863, 0, 0.61105, 0.13154, 0, 0.425211, 0.117911, 0, 0, 0.349
0.462, 0, 0, 0, 0.0817179, 1.27864, 0, 0.61106, 0.131537, 0, 0.425149, 0.117914, 0, 0, 0.348994
0.463, 0, 0, 0, 0.0817176, 1.27864, 0, 0.611069, 0.131533, 0, 0.425087, 0.117916, 0, 0, 0.348988
0.464, 0, 0, 0, 0.0817174, 1.27864, 0, 0.611078, 0.13153, 0, 0.425025, 0.117919, 0, 0, 0.348983
0.465, 0, 0, 0, 0.0817171, 1.27865, 0, 0.611087, 0.131526, 0, 0.424962, 0.117922, 0, 0, 0.348977
0.466, 0, 0, 0, 0.0817169, 1.27865, 0, 0.611095, 0.131523, 0, 0.425019, 0.1179, 0, 0, 0.348972
0.467, 0, 0, 0, 0.0817166, 1.27865, 0, 0.611103, 0.131519, 0, 0.424967, 0.117897, 0, 0, 0.348966
0.468, 0, 0, 0, 0.0817166, 1.27865, 0, 0.611112, 0.131516, 0, 0.424905, 0.1179, 0, 0, 0.348962
0.469, 0, 0, 0, 0.0817162, 1.27866, 0, 0.61112, 0.131513, 0, 0.424841, 0.117903, 0, 0, 0.348957
0.47, 0, 0, 0, 0.081716, 1.27866, 0, 0.611128, 0.13151, 0, 0.424777, 0.117907, 0, 0, 0.348952
0.471, 0, 0, 0, 0.0817159, 1.27866, 0, 0.611136, 0.131507, 0, 0.424711, 0.11791, 0, 0, 0.348947
0.472, 0, 0, 0, 0.0817158, 1.27867, 0, 0.611144, 0.131504, 0, 0.424647, 0.117913, 0, 0, 0.348943
0.473, 0, 0, 0, 0.0817158, 1.27867, 0, 0.611151, 0.131501, 0, 0.424748, 0.117849, 0, 0, 0.348939
0.474, 0, 0, 0, 0.0817156, 1.27867, 0, 0.611158, 0.131498, 0, 0.424803, 0.117822, 0, 0, 0.348935
0.475, 0, 0, 0, 0.0817155, 1.27867, 0, 0.611165, 0.131496, 0, 0.424729, 0.117823, 0, 0, 0.348931
0.476, 0, 0, 0, 0.0817153, 1.27868, 0, 0.611173, 0.131493, 0, 0.42465, 0.117827, 0, 0, 0.348927
0.477, 0, 0, 0, 0.0817153, 1.27868, 0, 0.61118, 0.13149, 0, 0.42457, 0.117831, 0, 0, 0.348923
0.478, 0, 0, 0, 0.0817153, 1.27868, 0, 0.611187, 0.131488, 0, 0.424489, 0.117835, 0, 0, 0.348919
0.479, 0, 0, 0, 0.0817153, 1.27868, 0, 0.611194, 0.131485, 0, 0.424408, 0.11784, 0, 0, 0.348915
0.48, 0, 0, 0, 0.0817153, 1.27869, 0, 0.611201, 0.131483, 0, 0.424327, 0.117845, 0, 0, 0.348912
0.481, 0, 0, 0, 0.0817152, 1.27869, 0, 0.611207, 0.13148, 0, 0.424246, 0.117849, 0, 0, 0.348908
0.482, 0, 0, 0, 0.0817152, 1.27869, 0, 0.611214, 0.131478, 0, 0.424165, 0.117854, 0, 0, 0.348905
0.483, 0, 0, 0, 0.0817152, 1.27869, 0, 0.61122, 0.131475, 0, 0.424083, 0.117859, 0, 0, 0.348902
0.484, 0, 0, 0, 0.0817152, 1.2787, 0, 0.611227, 0.131473, 0, 0.424002, 0.117865, 0, 0, 0.348898
0.485, 0, 0, 0, 0.0817152, 1.2787, 0, 0.611233, 0.131471, 0, 0.42392, 0.11787, 0, 0, 0.348895
0.486, 0, 0, 0, 0.0817153, 1.2787, 0, 0.611239, 0.131469, 0, 0.423838, 0.117875, 0, 0, 0.348892
0.487, 0, 0, 0, 0.0817692, 1.27846, 0, 0.61103, 0.131435, 0, 0.423782, 0.117859, 0, 0, 0.348825
0.488, 0, 0, 0, 0.0818698, 1.27874, 0, 0.611212, 0.131488, 0, 0.42374, 0.117904, 0, 0, 0.348915
0.489, 0, 0, 0, 0.0817567, 1.27867, 0, 0.611106, 0.131467, 0, 0.423545, 0.1179, 0, 0, 0.348853
0.49, 0, 0, 0, 0.0818306, 1.27864, 0, 0.611164, 0.131459, 0, 0.423492, 0.117906, 0, 0, 0.34886
0.491, 0, 0, 0, 0.0818476, 1.27865, 0, 0.611177, 0.131457, 0, 0.423418, 0.117914, 0, 0, 0.348864
0.492, 0, 0, 0, 0.0818473, 1.27864, 0, 0.611171, 0.131452, 0, 0.423333, 0.117918, 0, 0, 0.348859
0.493, 0, 0, 0, 0.0818544, 1.27864, 0, 0.611178, 0.131448, 0, 0.423254, 0.117923, 0, 0, 0.348859
0.494, 0, 0, 0, 0.081854, 1.27864, 0, 0.611181, 0.131445, 0, 0.423172, 0.117927, 0, 0, 0.348857
0.495, 0, 0, 0, 0.0818513, 1.27865, 0, 0.611185, 0.131441, 0, 0.42309, 0.117932, 0, 0, 0.348855
0.496, 0, 0, 0, 0.0818474, 1.27865, 0, 0.611191, 0.131438, 0, 0.423008, 0.117937, 0, 0, 0.348853
0.497, 0, 0, 0, 0.0818423, 1.27865, 0, 0.611196, 0.131435, 0, 0.422925, 0.117942, 0, 0, 0.348851
0.498, 0, 0, 0, 0.0818371, 1.27866, 0, 0.611204, 0.131432, 0, 0.422842, 0.117947, 0, 0, 0.348849
0.499, 0, 0, 0, 0.0818327, 1.27867, 0, 0.611208, 0.131429, 0, 0.422757, 0.117953, 0, 0, 0.348847
0.5, 0, 0, 0, 0.0818455, 1.27852, 0, 0.611083, 0.131404, 0, 0.422713, 0.117939, 0, 0, 0.348801
0.501, 0, 0, 0, 0.081902, 1.2787, 0, 0.611202, 0.131438, 0, 0.422692, 0.11797, 0, 0, 0.348857
0.502, 0, 0, 0, 0.0818275, 1.27866, 0, 0.611136, 0.131424, 0, 0.422574, 0.117968, 0, 0, 0.348818
0.503, 0, 0, 0, 0.0818743, 1.27865, 0, 0.611176, 0.131419, 0, 0.422548, 0.117974, 0, 0, 0.348822
0.504, 0, 0, 0, 0.0818841, 1.27865, 0, 0.611186, 0.131417, 0, 0.42251, 0.11798, 0, 0, 0.348825
0.505, 0, 0, 0, 0.0818839, 1.27865, 0, 0.611184, 0.131414, 0, 0.422466, 0.117984, 0, 0, 0.348822
0.506, 0, 0, 0, 0.0818874, 1.27864, 0, 0.611186, 0.131411, 0, 0.422428, 0.117987, 0, 0, 0.34882
0.507, 0, 0, 0, 0.0818886, 1.27865, 0, 0.61119, 0.131409, 0, 0.42239, 0.117992, 0, 0, 0.348819
0.508, 0, 0, 0, 0.0818853, 1.27865, 0, 0.611192, 0.131407, 0, 0.422349, 0.117995, 0, 0, 0.348817
0.509, 0, 0, 0, 0.0818528, 1.27864, 0, 0.611186, 0.131397, 0, 0.422331, 0.117992, 0, 0, 0.348811
0.51, 0, 0, 0, 0.0818372, 1.27875, 0, 0.611272, 0.131411, 0, 0.422282, 0.118005, 0, 0, 0.348912
0.511, 0, 0, 0, 0.0818021, 1.27867, 0, 0.611221, 0.131396, 0, 0.422203, 0.118, 0, 0, 0.348879
0.512, 0, 0, 0, 0.0818481, 1.27868, 0, 0.611261, 0.1314, 0, 0.42216, 0.11801, 0, 0, 0.348891
0.513, 0, 0, 0, 0.0818397, 1.27869, 0, 0.611254, 0.131402, 0, 0.422153, 0.118004, 0, 0, 0.348886
0.514, 0, 0, 0, 0.0818419, 1.27869, 0, 0.611251, 0.1314, 0, 0.422107, 0.118005, 0, 0, 0.348878
0.515, 0, 0, 0, 0.0818504, 1.27869, 0, 0.611259, 0.131401, 0, 0.422063, 0.11801, 0, 0, 0.348876
0.516, 0, 0, 0, 0.0818518, 1.27869, 0, 0.61126, 0.1314, 0, 0.422015, 0.118014, 0, 0, 0.348871
0.517, 0, 0, 0, 0.0818552, 1.27869, 0, 0.611264, 0.1314, 0, 0.42197, 0.118017, 0, 0, 0.348867
0.518, 0, 0, 0, 0.0818569, 1.27869, 0, 0.611267, 0.131399, 0, 0.421926, 0.118021, 0, 0, 0.348864
0.519, 0, 0, 0, 0.0818578, 1.27869, 0, 0.611267, 0.131397, 0, 0.421883, 0.118023, 0, 0, 0.348859
0.52, 0, 0, 0, 0.0818593, 1.2787, 0, 0.611276, 0.131398, 0, 0.42184, 0.118027, 0, 0, 0.348858
0.521, 0, 0, 0, 0.0818563, 1.27869, 0, 0.611275, 0.131396, 0, 0.421794, 0.11803, 0, 0, 0.348853
0.522, 0, 0, 0, 0.0818608, 1.27867, 0, 0.611256, 0.131391, 0, 0.42176, 0.118029, 0, 0, 0.348843
0.523, 0, 0, 0, 0.0818703, 1.2787, 0, 0.611276, 0.131397, 0, 0.421723, 0.118036, 0, 0, 0.34885
0.524, 0, 0, 0, 0.0818572, 1.2787, 0, 0.611266, 0.131395, 0, 0.421668, 0.118038, 0, 0, 0.348841
0.525, 0, 0, 0, 0.0818652, 1.27869, 0, 0.611273, 0.131393, 0, 0.42163, 0.118041, 0, 0, 0.348839
0.526, 0, 0, 0, 0.0818678, 1.2787, 0, 0.611277, 0.131393, 0, 0.42159, 0.118044, 0, 0, 0.348838
0.527, 0, 0, 0, 0.0818686, 1.27869, 0, 0.611277, 0.131392, 0, 0.42188, 0.117974, 0, 0, 0.348835
0.528, 0, 0, 0, 0.0818714, 1.2787, 0, 0.61128, 0.131392, 0, 0.421843, 0.11797, 0, 0, 0.348833
0.529, 0, 0, 0, 0.081873, 1.2787, 0, 0.611283, 0.131391, 0, 0.42179, 0.117972, 0, 0, 0.348831
0.53, 0, 0, 0, 0.0818688, 1.27871, 0, 0.611284, 0.131391, 0, 0.421736, 0.117975, 0, 0, 0.348829
0.531, 0, 0, 0, 0.0818683, 1.2787, 0, 0.611281, 0.131389, 0, 0.421678, 0.117977, 0, 0, 0.348823
0.532, 0, 0, 0, 0.081877, 1.2787, 0, 0.611289, 0.131389, 0, 0.421628, 0.11798, 0, 0, 0.348824
0.533, 0, 0, 0, 0.0818792, 1.2787, 0, 0.61129, 0.131388, 0, 0.421574, 0.117988, 0, 0, 0.348822
0.534, 0, 0, 0, 0.0818818, 1.2787, 0, 0.611293, 0.131388, 0, 0.421522, 0.117991, 0, 0, 0.348821
0.535, 0, 0, 0, 0.0818839, 1.2787, 0, 0.611294, 0.131388, 0, 0.42147, 0.117994, 0, 0, 0.348819
0.536, 0, 0, 0, 0.0818855, 1.27871, 0, 0.611299, 0.131388, 0, 0.421419, 0.117997, 0, 0, 0.348818
0.537, 0, 0, 0, 0.0818869, 1.27871, 0, 0.611301, 0.131387, 0, 0.421366, 0.118001, 0, 0, 0.348816
0.538, 0, 0, 0, 0.0818889, 1.27871, 0, 0.611304, 0.131387, 0, 0.421315, 0.118004, 0, 0, 0.348815
0.539, 0, 0, 0, 0.0818906, 1.27871, 0, 0.611306, 0.131386, 0, 0.421261, 0.118005, 0, 0, 0.348813
0.54, 0, 0, 0, 0.0818919, 1.27871, 0, 0.611309, 0.131386, 0, 0.421209, 0.118009, 0, 0, 0.348812
0.541, 0, 0, 0, 0.0819074, 1.27871, 0, 0.611309, 0.131389, 0, 0.421151, 0.118015, 0, 0, 0.34881
0.542, 0, 0, 0, 0.0819119, 1.2787, 0, 0.611303, 0.131386, 0, 0.421101, 0.118017, 0, 0, 0.348806
0.543, 0, 0, 0, 0.0819172, 1.2787, 0, 0.611305, 0.131386, 0, 0.421059, 0.118019, 0, 0, 0.348805
0.544, 0, 0, 0, 0.0819143, 1.2787, 0, 0.611303, 0.131385, 0, 0.421011, 0.118022, 0, 0, 0.348803
0.545, 0, 0, 0, 0.0819115, 1.2787, 0, 0.611303, 0.131384, 0, 0.420962, 0.118024, 0, 0, 0.348801
0.546, 0, 0, 0, 0.08191, 1.2787, 0, 0.611306, 0.131383, 0, 0.420914, 0.118027, 0, 0, 0.3488
0.547, 0, 0, 0, 0.0819081, 1.2787, 0, 0.611308, 0.131383, 0, 0.420864, 0.118029, 0, 0, 0.348799
0.548, 0, 0, 0, 0.0819073, 1.27871, 0, 0.611311, 0.131382, 0, 0.420815, 0.118032, 0, 0, 0.348798
0.549, 0, 0, 0, 0.0819066, 1.27871, 0, 0.611313, 0.131382, 0, 0.420766, 0.118035, 0, 0, 0.348797
0.55, 0, 0, 0, 0.0819066, 1.27871, 0, 0.611316, 0.131382, 0, 0.420717, 0.118038, 0, 0, 0.348796
0.551, 0, 0, 0, 0.0819064, 1.27871, 0, 0.611318, 0.131381, 0, 0.420669, 0.118041, 0, 0, 0.348795
0.552, 0, 0, 0, 0.0819068, 1.27871, 0, 0.611321, 0.131381, 0, 0.420621, 0.118044, 0, 0, 0.348795
0.553, 0, 0, 0, 0.0819071, 1.27871, 0, 0.611323, 0.131381, 0, 0.42056, 0.11804, 0, 0, 0.348794
0.554, 0, 0, 0, 0.0819077, 1.27871, 0, 0.611325, 0.131381, 0, 0.420512, 0.118044, 0, 0, 0.348793
0.555, 0, 0, 0, 0.0819082, 1.27871, 0, 0.611327, 0.131381, 0, 0.420464, 0.118047, 0, 0, 0.348792
0.556, 0, 0, 0, 0.0819087, 1.27871, 0, 0.61133, 0.131381, 0, 0.420417, 0.11805, 0, 0, 0.348791
0.557, 0, 0, 0, 0.0819096, 1.27872, 0, 0.611332, 0.131381, 0, 0.420369, 0.118053, 0, 0, 0.34879
0.558, 0, 0, 0, 0.0819105, 1.27872, 0, 0.611334, 0.131381, 0, 0.420321, 0.118056, 0, 0, 0.348789
0.559, 0, 0, 0, 0.0819115, 1.27872, 0, 0.611336, 0.131381, 0, 0.420275, 0.118059, 0, 0, 0.348779
0.56, 0, 0, 0, 0.0819125, 1.27872, 0, 0.611338, 0.131381, 0, 0.420227, 0.118061, 0, 0, 0.348778
0.561, 0, 0, 0, 0.0819133, 1.27872, 0, 0.61134, 0.131381, 0, 0.42018, 0.118064, 0, 0, 0.348777
0.562, 0, 0, 0, 0.0819142, 1.27872, 0, 0.611341, 0.131381, 0, 0.420134, 0.118067, 0, 0, 0.348776
0.563, 0, 0, 0, 0.0819147, 1.27872, 0, 0.611343, 0.131381, 0, 0.420087, 0.11807, 0, 0, 0.348775
0.564, 0, 0, 0, 0.0819155, 1.27872, 0, 0.611344, 0.131381, 0, 0.42004, 0.118072, 0, 0, 0.348774
0.565, 0, 0, 0, 0.0819165, 1.27872, 0, 0.611346, 0.131381, 0, 0.419993, 0.118075, 0, 0, 0.348773
0.566, 0, 0, 0, 0.0819164, 1.27872, 0, 0.611348, 0.131381, 0, 0.419947, 0.118078, 0, 0, 0.348773
0.567, 0, 0, 0, 0.0819163, 1.27872, 0, 0.611349, 0.13138, 0, 0.4199, 0.11808, 0, 0, 0.348772
0.568, 0, 0, 0, 0.0819155, 1.27872, 0, 0.61135, 0.13138, 0, 0.419854, 0.118082, 0, 0, 0.348771
0.569, 0, 0, 0, 0.0819144, 1.27872, 0, 0.611352, 0.13138, 0, 0.419809, 0.118085, 0, 0, 0.34877
0.57, 0, 0, 0, 0.081912, 1.27873, 0, 0.611355, 0.13138, 0, 0.419762, 0.118087, 0, 0, 0.34877
0.571, 0, 0, 0, 0.0819109, 1.27873, 0, 0.611356, 0.13138, 0, 0.419714, 0.11809, 0, 0, 0.348769
0.572, 0, 0, 0, 0.08191, 1.27873, 0, 0.611361, 0.13138, 0, 0.419668, 0.118093, 0, 0, 0.348769
0.573, 0, 0, 0, 0.0819091, 1.27873, 0, 0.611363, 0.13138, 0, 0.41962, 0.118095, 0, 0, 0.348768
0.574, 0, 0, 0, 0.081909, 1.27873, 0, 0.611367, 0.131381, 0, 0.419574, 0.118098, 0, 0, 0.348768
0.575, 0, 0, 0, 0.081908, 1.27873, 0, 0.611369, 0.131381, 0, 0.419527, 0.1181, 0, 0, 0.348767
0.576, 0, 0, 0, 0.0819092, 1.27873, 0, 0.611372, 0.131381, 0, 0.41948, 0.118103, 0, 0, 0.348767
0.577, 0, 0, 0, 0.0819087, 1.27873, 0, 0.611374, 0.131381, 0, 0.419433, 0.118105, 0, 0, 0.348767
0.578, 0, 0, 0, 0.0819093, 1.27873, 0, 0.611376, 0.131382, 0, 0.419386, 0.118108, 0, 0, 0.348766
0.579, 0, 0, 0, 0.0819092, 1.27874, 0, 0.611381, 0.131382, 0, 0.419339, 0.118111, 0, 0, 0.348766
0.58, 0, 0, 0, 0.0819088, 1.27874, 0, 0.611382, 0.131382, 0, 0.419291, 0.118113, 0, 0, 0.348765
0.581, 0, 0, 0, 0.0819105, 1.27874, 0, 0.611385, 0.131382, 0, 0.419244, 0.118116, 0, 0, 0.348765
0.582, 0, 0, 0, 0.0819096, 1.27876, 0, 0.611386, 0.131383, 0, 0.419197, 0.118118, 0, 0, 0.348764
0.583, 0, 0, 0, 0.0819021, 1.27875, 0, 0.611377, 0.131381, 0, 0.419143, 0.118119, 0, 0, 0.348757
0.584, 0, 0, 0, 0.0819112, 1.27875, 0, 0.611386, 0.131381, 0, 0.419101, 0.118122, 0, 0, 0.348759
0.585, 0, 0, 0, 0.0819107, 1.27875, 0, 0.611385, 0.131382, 0, 0.419053, 0.118124, 0, 0, 0.348758
0.586, 0, 0, 0, 0.0819111, 1.27875, 0, 0.611386, 0.131382, 0, 0.419006, 0.118127, 0, 0, 0.348757
0.587, 0, 0, 0, 0.0819117, 1.27875, 0, 0.611388, 0.131382, 0, 0.418959, 0.118129, 0, 0, 0.348757
0.588, 0, 0, 0, 0.0819109, 1.27875, 0, 0.611389, 0.131382, 0, 0.418912, 0.118131, 0, 0, 0.348756
0.589, 0, 0, 0, 0.0819102, 1.27875, 0, 0.611391, 0.131382, 0, 0.418865, 0.118134, 0, 0, 0.348755
0.59, 0, 0, 0, 0.0819078, 1.27875, 0, 0.611392, 0.131382, 0, 0.418809, 0.118136, 0, 0, 0.347826
0.591, 0, 0, 0, 0.0819098, 1.27877, 0, 0.611393, 0.131385, 0, 0.41878, 0.118141, 0, 0, 0.348761
0.592, 0, 0, 0, 0.0819023, 1.27875, 0, 0.611393, 0.13138, 0, 0.41872, 0.118139, 0, 0, 0.348801
0.593, 0, 0, 0, 0.0819127, 1.27876, 0, 0.611402, 0.131382, 0, 0.418746, 0.118133, 0, 0, 0.348801
0.594, 0, 0, 0, 0.0819085, 1.27876, 0, 0.611401, 0.131383, 0, 0.4187, 0.118133, 0, 0, 0.348795
0.595, 0, 0, 0, 0.0818891, 1.27879, 0, 0.611428, 0.131385, 0, 0.418652, 0.118136, 0, 0, 0.348799
0.596, 0, 0, 0, 0.0818762, 1.27877, 0, 0.611416, 0.131381, 0, 0.418596, 0.118135, 0, 0, 0.348787
0.597, 0, 0, 0, 0.0818857, 1.27877, 0, 0.61143, 0.131383, 0, 0.418554, 0.118139, 0, 0, 0.34879
0.598, 0, 0, 0, 0.0818802, 1.27878, 0, 0.611429, 0.131384, 0, 0.418501, 0.118141, 0, 0, 0.348786
0.599, 0, 0, 0, 0.0818802, 1.27878, 0, 0.611431, 0.131384, 0, 0.418449, 0.118144, 0, 0, 0.348784
0.6, 0, 0, 0, 0.0818812, 1.27878, 0, 0.611434, 0.131385, 0, 0.418398, 0.118147, 0, 0, 0.348781
0.601, 0, 0, 0, 0.0818817, 1.27878, 0, 0.611435, 0.131386, 0, 0.418348, 0.11815, 0, 0, 0.348779
0.602, 0, 0, 0, 0.0818823, 1.27878, 0, 0.611437, 0.131386, 0, 0.418307, 0.11814, 0, 0, 0.348777
0.603, 0, 0, 0, 0.0818829, 1.27878, 0, 0.611438, 0.131387, 0, 0.418258, 0.118142, 0, 0, 0.348774
0.604, 0, 0, 0, 0.0818833, 1.27878, 0, 0.61144, 0.131387, 0, 0.418207, 0.118145, 0, 0, 0.348772
0.605, 0, 0, 0, 0.0819011, 1.27875, 0, 0.611415, 0.131386, 0, 0.418155, 0.118147, 0, 0, 0.348762
0.606, 0, 0, 0, 0.081913, 1.27877, 0, 0.61143, 0.13139, 0, 0.41811, 0.118153, 0, 0, 0.348768
0.607, 0, 0, 0, 0.0819031, 1.27877, 0, 0.611421, 0.131389, 0, 0.418051, 0.118155, 0, 0, 0.348761
0.608, 0, 0, 0, 0.081927, 1.27875, 0, 0.611414, 0.13139, 0, 0.417995, 0.118159, 0, 0, 0.348756
0.609, 0, 0, 0, 0.0819342, 1.27875, 0, 0.611411, 0.131389, 0, 0.417948, 0.118162, 0, 0, 0.348754
0.61, 0, 0, 0, 0.0819353, 1.27875, 0, 0.611409, 0.131388, 0, 0.418174, 0.118103, 0, 0, 0.348753
0.611, 0, 0, 0, 0.0819205, 1.27874, 0, 0.611403, 0.131384, 0, 0.418135, 0.118096, 0, 0, 0.348748
0.612, 0, 0, 0, 0.0819293, 1.27876, 0, 0.611415, 0.131389, 0, 0.41807, 0.118102, 0, 0, 0.348753
0.613, 0, 0, 0, 0.0819233, 1.27875, 0, 0.611403, 0.131386, 0, 0.418001, 0.118104, 0, 0, 0.348745
0.614, 0, 0, 0, 0.0819323, 1.27875, 0, 0.61141, 0.131386, 0, 0.417946, 0.118108, 0, 0, 0.348747
0.615, 0, 0, 0, 0.0819301, 1.27875, 0, 0.611407, 0.131385, 0, 0.417905, 0.118118, 0, 0, 0.348745
0.616, 0, 0, 0, 0.0819302, 1.27875, 0, 0.611407, 0.131385, 0, 0.417851, 0.118119, 0, 0, 0.348743
0.617, 0, 0, 0, 0.0819303, 1.27875, 0, 0.611408, 0.131385, 0, 0.417791, 0.118122, 0, 0, 0.348742
0.618, 0, 0, 0, 0.0819308, 1.27875, 0, 0.611408, 0.131384, 0, 0.417728, 0.118126, 0, 0, 0.348741
0.619, 0, 0, 0, 0.081931, 1.27875, 0, 0.611409, 0.131384, 0, 0.417666, 0.11813, 0, 0, 0.34874
0.62, 0, 0, 0, 0.0819304, 1.27875, 0, 0.61141, 0.131383, 0, 0.417717, 0.118134, 0, 0, 0.34874
0.621, 0, 0, 0, 0.0819309, 1.27875, 0, 0.61141, 0.131383, 0, 0.417691, 0.118127, 0, 0, 0.348739
0.622, 0, 0, 0, 0.0819513, 1.27873, 0, 0.611386, 0.131383, 0, 0.417628, 0.11813, 0, 0, 0.34873
0.623, 0, 0, 0, 0.0819631, 1.27874, 0, 0.611397, 0.131385, 0, 0.417571, 0.118136, 0, 0, 0.348735
0.624, 0, 0, 0, 0.0819476, 1.27875, 0, 0.611401, 0.131384, 0, 0.417502, 0.11814, 0, 0, 0.348735
0.625, 0, 0, 0, 0.0819527, 1.27873, 0, 0.611385, 0.13138, 0, 0.417437, 0.118142, 0, 0, 0.348726
0.626, 0, 0, 0, 0.0819639, 1.27874, 0, 0.611397, 0.131383, 0, 0.41738, 0.118149, 0, 0, 0.348732
0.627, 0, 0, 0, 0.0819569, 1.27874, 0, 0.61139, 0.131382, 0, 0.41731, 0.118153, 0, 0, 0.348729
0.628, 0, 0, 0, 0.081959, 1.27874, 0, 0.611391, 0.131381, 0, 0.417247, 0.118157, 0, 0, 0.348728
0.629, 0, 0, 0, 0.0819594, 1.27874, 0, 0.611392, 0.13138, 0, 0.417184, 0.118162, 0, 0, 0.348728
0.63, 0, 0, 0, 0.0819589, 1.27874, 0, 0.611392, 0.13138, 0, 0.417119, 0.118166, 0, 0, 0.348727
0.631, 0, 0, 0, 0.0819572, 1.27873, 0, 0.611393, 0.13138, 0, 0.417055, 0.11817, 0, 0, 0.348727
0.632, 0, 0, 0, 0.081962, 1.27873, 0, 0.611399, 0.131381, 0, 0.416995, 0.118176, 0, 0, 0.34873
0.633, 0, 0, 0, 0.0819583, 1.27873, 0, 0.611395, 0.13138, 0, 0.416873, 0.118151, 0, 0, 0.348727
0.634, 0, 0, 0, 0.0819589, 1.27873, 0, 0.611396, 0.13138, 0, 0.416792, 0.118162, 0, 0, 0.348727
0.635, 0, 0, 0, 0.0819602, 1.27873, 0, 0.611397, 0.13138, 0, 0.41672, 0.11817, 0, 0, 0.348728
0.636, 0, 0, 0, 0.0819596, 1.27873, 0, 0.611397, 0.13138, 0, 0.416652, 0.118174, 0, 0, 0.348727
0.637, 0, 0, 0, 0.0819596, 1.27873, 0, 0.611398, 0.13138, 0, 0.416585, 0.118179, 0, 0, 0.348727
0.638, 0, 0, 0, 0.0819599, 1.27873, 0, 0.611399, 0.131379, 0, 0.416518, 0.118184, 0, 0, 0.348726
0.639, 0, 0, 0, 0.08196, 1.27873, 0, 0.611399, 0.131379, 0, 0.41645, 0.118189, 0, 0, 0.348726
0.64, 0, 0, 0, 0.0819603, 1.27873, 0, 0.6114, 0.131379, 0, 0.416381, 0.118195, 0, 0, 0.348726
0.641, 0, 0, 0, 0.0819606, 1.27873, 0, 0.611401, 0.131379, 0, 0.416313, 0.1182, 0, 0, 0.348726
0.642, 0, 0, 0, 0.0819609, 1.27873, 0, 0.611401, 0.131379, 0, 0.416244, 0.118206, 0, 0, 0.348725
0.643, 0, 0, 0, 0.0819611, 1.27873, 0, 0.611402, 0.131379, 0, 0.416175, 0.118211, 0, 0, 0.348725
0.644, 0, 0, 0, 0.0819613, 1.27874, 0, 0.611403, 0.131379, 0, 0.416106, 0.118217, 0, 0, 0.348725
0.645, 0, 0, 0, 0.0819615, 1.27874, 0, 0.611403, 0.131379, 0, 0.416037, 0.118222, 0, 0, 0.348725
0.646, 0, 0, 0, 0.0819618, 1.27874, 0, 0.611404, 0.13138, 0, 0.415968, 0.118228, 0, 0, 0.348724
0.647, 0, 0, 0, 0.081962, 1.27874, 0, 0.611405, 0.13138, 0, 0.415899, 0.118233, 0, 0, 0.348724
0.648, 0, 0, 0, 0.0819624, 1.27874, 0, 0.611406, 0.13138, 0, 0.415829, 0.118239, 0, 0, 0.348724
0.649, 0, 0, 0, 0.0819626, 1.27874, 0, 0.611406, 0.13138, 0, 0.41576, 0.118245, 0, 0, 0.348724
0.65, 0, 0, 0, 0.0819618, 1.27873, 0, 0.611407, 0.131379, 0, 0.415682, 0.11825, 0, 0, 0.347795
0.651, 0, 0, 0, 0.0819646, 1.27875, 0, 0.611406, 0.131383, 0, 0.415632, 0.118259, 0, 0, 0.34873
0.652, 0, 0, 0, 0.0819578, 1.27873, 0, 0.611405, 0.131378, 0, 0.415551, 0.11826, 0, 0, 0.34877
0.653, 0, 0, 0, 0.0819721, 1.27873, 0, 0.611406, 0.131379, 0, 0.415485, 0.118267, 0, 0, 0.348768
0.654, 0, 0, 0, 0.0819713, 1.27874, 0, 0.611407, 0.131382, 0, 0.415416, 0.118274, 0, 0, 0.348765
0.655, 0, 0, 0, 0.081967, 1.27874, 0, 0.611403, 0.131381, 0, 0.415343, 0.118279, 0, 0, 0.348758
0.656, 0, 0, 0, 0.0819691, 1.27874, 0, 0.611406, 0.131381, 0, 0.415275, 0.118285, 0, 0, 0.348755
0.657, 0, 0, 0, 0.0819695, 1.27874, 0, 0.611407, 0.131381, 0, 0.415206, 0.11829, 0, 0, 0.348753
0.658, 0, 0, 0, 0.0819698, 1.27874, 0, 0.611407, 0.131381, 0, 0.415136, 0.118296, 0, 0, 0.34875
0.659, 0, 0, 0, 0.0819707, 1.27874, 0, 0.611408, 0.131381, 0, 0.415068, 0.118301, 0, 0, 0.348748
0.66, 0, 0, 0, 0.0819711, 1.27874, 0, 0.611408, 0.131381, 0, 0.414998, 0.118307, 0, 0, 0.348746
0.661, 0, 0, 0, 0.0819717, 1.27874, 0, 0.611409, 0.131382, 0, 0.414929, 0.118312, 0, 0, 0.348744
0.662, 0, 0, 0, 0.0819723, 1.27874, 0, 0.61141, 0.131382, 0, 0.41486, 0.118318, 0, 0, 0.348742
0.663, 0, 0, 0, 0.0819728, 1.27874, 0, 0.61141, 0.131382, 0, 0.414791, 0.118323, 0, 0, 0.348741
0.664, 0, 0, 0, 0.0819733, 1.27874, 0, 0.61141, 0.131382, 0, 0.414722, 0.118328, 0, 0, 0.348739
0.665, 0, 0, 0, 0.0819737, 1.27874, 0, 0.611411, 0.131382, 0, 0.414653, 0.118334, 0, 0, 0.348737
0.666, 0, 0, 0, 0.0819741, 1.27874, 0, 0.611411, 0.131382, 0, 0.414642, 0.118326, 0, 0, 0.348736
0.667, 0, 0, 0, 0.0819745, 1.27874, 0, 0.611411, 0.131382, 0, 0.414577, 0.118329, 0, 0, 0.348735
0.668, 0, 0, 0, 0.081975, 1.27874, 0, 0.611412, 0.131383, 0, 0.414507, 0.118334, 0, 0, 0.348733
0.669, 0, 0, 0, 0.0819753, 1.27874, 0, 0.611412, 0.131383, 0, 0.414437, 0.11834, 0, 0, 0.348732
0.67, 0, 0, 0, 0.0819757, 1.27874, 0, 0.611413, 0.131383, 0, 0.414367, 0.118345, 0, 0, 0.348731
0.671, 0, 0, 0, 0.0819761, 1.27874, 0, 0.611413, 0.131383, 0, 0.414366, 0.118337, 0, 0, 0.34873
0.672, 0, 0, 0, 0.0819765, 1.27874, 0, 0.611413, 0.131383, 0, 0.414297, 0.11834, 0, 0, 0.348729
0.673, 0, 0, 0, 0.0819769, 1.27874, 0, 0.611413, 0.131383, 0, 0.414297, 0.118329, 0, 0, 0.348728
0.674, 0, 0, 0, 0.0819774, 1.27874, 0, 0.611414, 0.131383, 0, 0.414223, 0.118334, 0, 0, 0.348727
0.675, 0, 0, 0, 0.0819778, 1.27874, 0, 0.611414, 0.131384, 0, 0.414169, 0.118339, 0, 0, 0.348726
0.676, 0, 0, 0, 0.0819781, 1.27874, 0, 0.611414, 0.131384, 0, 0.41413, 0.118343, 0, 0, 0.348725
0.677, 0, 0, 0, 0.0819787, 1.27874, 0, 0.611414, 0.131384, 0, 0.413933, 0.118378, 0, 0, 0.348725
0.678, 0, 0, 0, 0.0819794, 1.27874, 0, 0.611414, 0.131384, 0, 0.413806, 0.118461, 0, 0, 0.348724
0.679, 0, 0, 0, 0.0819795, 1.27874, 0, 0.611414, 0.131384, 0, 0.41373, 0.118467, 0, 0, 0.348723
0.68, 0, 0, 0, 0.0819803, 1.27874, 0, 0.611415, 0.131385, 0, 0.413706, 0.118462, 0, 0, 0.348722
0.681, 0, 0, 0, 0.0819808, 1.27874, 0, 0.611415, 0.131385, 0, 0.413717, 0.118446, 0, 0, 0.348722
0.682, 0, 0, 0, 0.0819811, 1.27874, 0, 0.611415, 0.131385, 0, 0.413679, 0.118447, 0, 0, 0.348731
0.683, 0, 0, 0, 0.0819818, 1.27874, 0, 0.611415, 0.131385, 0, 0.413611, 0.11846, 0, 0, 0.348726
0.684, 0, 0, 0, 0.0819821, 1.27874, 0, 0.611416, 0.131385, 0, 0.413579, 0.118459, 0, 0, 0.348721
0.685, 0, 0, 0, 0.0819822, 1.27874, 0, 0.611416, 0.131385, 0, 0.413543, 0.118461, 0, 0, 0.348715
0.686, 0, 0, 0, 0.0819829, 1.27874, 0, 0.611416, 0.131385, 0, 0.413504, 0.118463, 0, 0, 0.348711
0.687, 0, 0, 0, 0.0819833, 1.27874, 0, 0.611417, 0.131386, 0, 0.413466, 0.118465, 0, 0, 0.348706
0.688, 0, 0, 0, 0.0819838, 1.27874, 0, 0.611417, 0.131386, 0, 0.413425, 0.118467, 0, 0, 0.348702
0.689, 0, 0, 0, 0.0819842, 1.27874, 0, 0.611417, 0.131386, 0, 0.413388, 0.118468, 0, 0, 0.348698
0.69, 0, 0, 0, 0.0819845, 1.27874, 0, 0.611417, 0.131386, 0, 0.413352, 0.11847, 0, 0, 0.348695
0.691, 0, 0, 0, 0.0819849, 1.27874, 0, 0.611418, 0.131386, 0, 0.413316, 0.118471, 0, 0, 0.348692
0.692, 0, 0, 0, 0.0819853, 1.27874, 0, 0.611418, 0.131386, 0, 0.413281, 0.118473, 0, 0, 0.348689
0.693, 0, 0, 0, 0.0819856, 1.27874, 0, 0.611418, 0.131387, 0, 0.413246, 0.118474, 0, 0, 0.348687
0.694, 0, 0, 0, 0.0819859, 1.27874, 0, 0.611418, 0.131387, 0, 0.413213, 0.118475, 0, 0, 0.348684
0.695, 0, 0, 0, 0.0819863, 1.27874, 0, 0.611419, 0.131387, 0, 0.41318, 0.118476, 0, 0, 0.348682
0.696, 0, 0, 0, 0.0819866, 1.27874, 0, 0.611419, 0.131387, 0, 0.413148, 0.118477, 0, 0, 0.34868
0.697, 0, 0, 0, 0.081987, 1.27874, 0, 0.611419, 0.131387, 0, 0.413116, 0.118478, 0, 0, 0.348679
0.698, 0, 0, 0, 0.0819873, 1.27874, 0, 0.611419, 0.131387, 0, 0.413087, 0.118479, 0, 0, 0.348677
0.699, 0, 0, 0, 0.0819876, 1.27874, 0, 0.611419, 0.131387, 0, 0.413058, 0.11848, 0, 0, 0.348676
0.7, 0, 0, 0, 0.081988, 1.27874, 0, 0.61142, 0.131388, 0, 0.41303, 0.118481, 0, 0, 0.348675
0.701, 0, 0, 0, 0.0819883, 1.27874, 0, 0.61142, 0.131388, 0, 0.413003, 0.118481, 0, 0, 0.348673
0.702, 0, 0, 0, 0.0819871, 1.27873, 0, 0.61142, 0.131387, 0, 0.412968, 0.118481, 0, 0, 0.347744
0.703, 0, 0, 0, 0.08199, 1.27875, 0, 0.611419, 0.13139, 0, 0.412961, 0.118485, 0, 0, 0.348678
0.704, 0, 0, 0, 0.0819834, 1.27873, 0, 0.611418, 0.131386, 0, 0.412924, 0.11848, 0, 0, 0.348718
0.705, 0, 0, 0, 0.0819944, 1.27874, 0, 0.611426, 0.131388, 0, 0.412903, 0.118483, 0, 0, 0.348718
0.706, 0, 0, 0, 0.0819909, 1.27874, 0, 0.611422, 0.131389, 0, 0.412876, 0.118483, 0, 0, 0.348712
0.707, 0, 0, 0, 0.0819903, 1.27874, 0, 0.611421, 0.131389, 0, 0.412853, 0.118483, 0, 0, 0.348707
0.708, 0, 0, 0, 0.0819909, 1.27874, 0, 0.611421, 0.131389, 0, 0.412831, 0.118483, 0, 0, 0.348704
0.709, 0, 0, 0, 0.0819909, 1.27874, 0, 0.611421, 0.131389, 0, 0.412809, 0.118483, 0, 0, 0.348701
0.71, 0, 0, 0, 0.0819881, 1.27875, 0, 0.611421, 0.131389, 0, 0.412788, 0.118483, 0, 0, 0.348698
0.711, 0, 0, 0, 0.081979, 1.27875, 0, 0.611417, 0.131388, 0, 0.412764, 0.118482, 0, 0, 0.348694
0.712, 0, 0, 0, 0.0819748, 1.27875, 0, 0.611417, 0.131388, 0, 0.412743, 0.118481, 0, 0, 0.348691
0.713, 0, 0, 0, 0.0819715, 1.27875, 0, 0.611417, 0.131387, 0, 0.412723, 0.11848, 0, 0, 0.348689
0.714, 0, 0, 0, 0.0819697, 1.27875, 0, 0.611417, 0.131387, 0, 0.412703, 0.11848, 0, 0, 0.348687
0.715, 0, 0, 0, 0.0819687, 1.27875, 0, 0.611417, 0.131387, 0, 0.412683, 0.118479, 0, 0, 0.348685
0.716, 0, 0, 0, 0.0819713, 1.27875, 0, 0.611417, 0.131388, 0, 0.412665, 0.118486, 0, 0, 0.348684
0.717, 0, 0, 0, 0.0819812, 1.27874, 0, 0.611421, 0.131388, 0, 0.412653, 0.118484, 0, 0, 0.348685
0.718, 0, 0, 0, 0.0819865, 1.27874, 0, 0.611422, 0.131389, 0, 0.412637, 0.118484, 0, 0, 0.348685
0.719, 0, 0, 0, 0.0819902, 1.27874, 0, 0.611422, 0.13139, 0, 0.41262, 0.118484, 0, 0, 0.348685
0.72, 0, 0, 0, 0.0819935, 1.27874, 0, 0.611423, 0.13139, 0, 0.412603, 0.118483, 0, 0, 0.348684
0.721, 0, 0, 0, 0.0819955, 1.27874, 0, 0.611424, 0.13139, 0, 0.412587, 0.118483, 0, 0, 0.348684
0.722, 0, 0, 0, 0.0819968, 1.27874, 0, 0.611424, 0.131391, 0, 0.412571, 0.118482, 0, 0, 0.348684
0.723, 0, 0, 0, 0.0819977, 1.27874, 0, 0.611424, 0.131391, 0, 0.412556, 0.118481, 0, 0, 0.348683
0.724, 0, 0, 0, 0.0819981, 1.27874, 0, 0.611424, 0.131391, 0, 0.41254, 0.11848, 0, 0, 0.348683
0.725, 0, 0, 0, 0.0819984, 1.27874, 0, 0.611425, 0.131391, 0, 0.412525, 0.11848, 0, 0, 0.348682
0.726, 0, 0, 0, 0.0819955, 1.27875, 0, 0.611424, 0.131391, 0, 0.41251, 0.118478, 0, 0, 0.348682
0.727, 0, 0, 0, 0.0819858, 1.27875, 0, 0.611421, 0.13139, 0, 0.412493, 0.118477, 0, 0, 0.348679
0.728, 0, 0, 0, 0.0819808, 1.27875, 0, 0.61142, 0.13139, 0, 0.412479, 0.118475, 0, 0, 0.348678
0.729, 0, 0, 0, 0.0819807, 1.27874, 0, 0.611421, 0.13139, 0, 0.412465, 0.118474, 0, 0, 0.348677
0.73, 0, 0, 0, 0.081988, 1.27874, 0, 0.611424, 0.13139, 0, 0.412454, 0.118473, 0, 0, 0.348679
0.731, 0, 0, 0, 0.0819917, 1.27874, 0, 0.611424, 0.131391, 0, 0.412441, 0.118472, 0, 0, 0.34868
0.732, 0, 0, 0, 0.0819943, 1.27874, 0, 0.611425, 0.131391, 0, 0.412429, 0.118471, 0, 0, 0.34868
0.733, 0, 0, 0, 0.0819966, 1.27874, 0, 0.611425, 0.131391, 0, 0.412417, 0.11847, 0, 0, 0.34868
0.734, 0, 0, 0, 0.0819952, 1.27875, 0, 0.611425, 0.131391, 0, 0.412404, 0.118469, 0, 0, 0.348681
0.735, 0, 0, 0, 0.0819869, 1.27875, 0, 0.611421, 0.131391, 0, 0.41239, 0.118467, 0, 0, 0.348678
0.736, 0, 0, 0, 0.0819862, 1.27874, 0, 0.611422, 0.131391, 0, 0.412378, 0.118466, 0, 0, 0.348678
0.737, 0, 0, 0, 0.0819928, 1.27874, 0, 0.611425, 0.131391, 0, 0.412369, 0.118464, 0, 0, 0.348679
0.738, 0, 0, 0, 0.081996, 1.27874, 0, 0.611425, 0.131392, 0, 0.412359, 0.118463, 0, 0, 0.34868
0.739, 0, 0, 0, 0.0819981, 1.27874, 0, 0.611425, 0.131392, 0, 0.412348, 0.118462, 0, 0, 0.348681
0.74, 0, 0, 0, 0.0819954, 1.27874, 0, 0.611425, 0.131391, 0, 0.412329, 0.11846, 0, 0, 0.347752
0.741, 0, 0, 0, 0.0819895, 1.27876, 0, 0.611421, 0.131394, 0, 0.412336, 0.118461, 0, 0, 0.348686
0.742, 0, 0, 0, 0.0819814, 1.27874, 0, 0.61142, 0.131389, 0, 0.412313, 0.118455, 0, 0, 0.348725
0.743, 0, 0, 0, 0.0819992, 1.27874, 0, 0.611431, 0.131391, 0, 0.412309, 0.118456, 0, 0, 0.348727
0.744, 0, 0, 0, 0.0819984, 1.27874, 0, 0.611427, 0.131393, 0, 0.412317, 0.118429, 0, 0, 0.348723
0.745, 0, 0, 0, 0.0819995, 1.27874, 0, 0.611426, 0.131393, 0, 0.412309, 0.118427, 0, 0, 0.348719
0.746, 0, 0, 0, 0.0819987, 1.27874, 0, 0.611426, 0.131393, 0, 0.412301, 0.118425, 0, 0, 0.348717
0.747, 0, 0, 0, 0.0819899, 1.27875, 0, 0.611423, 0.131392, 0, 0.41229, 0.118423, 0, 0, 0.348712
0.748, 0, 0, 0, 0.0819886, 1.27874, 0, 0.611423, 0.131392, 0, 0.412282, 0.118421, 0, 0, 0.348709
0.749, 0, 0, 0, 0.0819957, 1.27874, 0, 0.611427, 0.131392, 0, 0.412276, 0.11842, 0, 0, 0.348709
0.75, 0, 0, 0, 0.0819987, 1.27874, 0, 0.611427, 0.131393, 0, 0.412268, 0.118418, 0, 0, 0.348708
0.751, 0, 0, 0, 0.0820008, 1.27874, 0, 0.611427, 0.131393, 0, 0.412261, 0.118417, 0, 0, 0.348707
0.752, 0, 0, 0, 0.0819997, 1.27874, 0, 0.611427, 0.131393, 0, 0.412253, 0.118415, 0, 0, 0.348706
0.753, 0, 0, 0, 0.0819913, 1.27875, 0, 0.611424, 0.131393, 0, 0.412243, 0.118413, 0, 0, 0.348702
0.754, 0, 0, 0, 0.0819901, 1.27874, 0, 0.611424, 0.131392, 0, 0.412236, 0.118411, 0, 0, 0.3487
0.755, 0, 0, 0, 0.0819972, 1.27874, 0, 0.611427, 0.131393, 0, 0.412231, 0.118409, 0, 0, 0.348701
0.756, 0, 0, 0, 0.0820005, 1.27874, 0, 0.611427, 0.131393, 0, 0.412225, 0.118407, 0, 0, 0.3487
0.757, 0, 0, 0, 0.082, 1.27874, 0, 0.611427, 0.131394, 0, 0.412218, 0.118405, 0, 0, 0.3487
0.758, 0, 0, 0, 0.0819919, 1.27875, 0, 0.611423, 0.131393, 0, 0.412209, 0.118403, 0, 0, 0.348697
0.759, 0, 0, 0, 0.0819913, 1.27874, 0, 0.611424, 0.131393, 0, 0.412202, 0.118401, 0, 0, 0.348695
0.76, 0, 0, 0, 0.0819985, 1.27874, 0, 0.611427, 0.131393, 0, 0.412199, 0.118399, 0, 0, 0.348696
0.761, 0, 0, 0, 0.0820018, 1.27874, 0, 0.611428, 0.131394, 0, 0.412193, 0.118397, 0, 0, 0.348696
0.762, 0, 0, 0, 0.082004, 1.27873, 0, 0.611427, 0.131394, 0, 0.412187, 0.118395, 0, 0, 0.348696
0.763, 0, 0, 0, 0.082003, 1.27874, 0, 0.611427, 0.131394, 0, 0.412182, 0.118393, 0, 0, 0.348695
0.764, 0, 0, 0, 0.0819944, 1.27875, 0, 0.611424, 0.131394, 0, 0.412174, 0.118391, 0, 0, 0.348693
0.765, 0, 0, 0, 0.0819933, 1.27874, 0, 0.611424, 0.131393, 0, 0.412168, 0.118388, 0, 0, 0.348691
0.766, 0, 0, 0, 0.0820004, 1.27874, 0, 0.611427, 0.131394, 0, 0.412165, 0.118386, 0, 0, 0.348692
0.767, 0, 0, 0, 0.0820034, 1.27874, 0, 0.611428, 0.131394, 0, 0.41216, 0.118384, 0, 0, 0.348693
0.768, 0, 0, 0, 0.0820024, 1.27874, 0, 0.611427, 0.131394, 0, 0.412155, 0.118382, 0, 0, 0.348693
0.769, 0, 0, 0, 0.0819948, 1.27875, 0, 0.611424, 0.131394, 0, 0.412148, 0.11838, 0, 0, 0.348691
0.77, 0, 0, 0, 0.0819938, 1.27874, 0, 0.611424, 0.131394, 0, 0.412143, 0.118377, 0, 0, 0.348689
0.771, 0, 0, 0, 0.0820012, 1.27874, 0, 0.611427, 0.131394, 0, 0.412141, 0.118375, 0, 0, 0.348691
0.772, 0, 0, 0, 0.0820043, 1.27874, 0, 0.611428, 0.131394, 0, 0.412137, 0.118373, 0, 0, 0.348691
0.773, 0, 0, 0, 0.0820034, 1.27874, 0, 0.611427, 0.131394, 0, 0.412133, 0.118371, 0, 0, 0.348691
0.774, 0, 0, 0, 0.0819957, 1.27875, 0, 0.611424, 0.131394, 0, 0.412126, 0.118368, 0, 0, 0.348689
0.775, 0, 0, 0, 0.0819949, 1.27874, 0, 0.611424, 0.131394, 0, 0.412122, 0.118366, 0, 0, 0.348688
0.776, 0, 0, 0, 0.0820022, 1.27874, 0, 0.611428, 0.131394, 0, 0.41212, 0.118364, 0, 0, 0.34869
0.777, 0, 0, 0, 0.0820054, 1.27874, 0, 0.611428, 0.131395, 0, 0.412117, 0.118362, 0, 0, 0.348691
0.778, 0, 0, 0, 0.0820075, 1.27873, 0, 0.611428, 0.131395, 0, 0.412113, 0.11836, 0, 0, 0.348691
0.779, 0, 0, 0, 0.0820065, 1.27874, 0, 0.611428, 0.131395, 0, 0.41211, 0.118357, 0, 0, 0.348691
0.78, 0, 0, 0, 0.081998, 1.27875, 0, 0.611424, 0.131395, 0, 0.412104, 0.118354, 0, 0, 0.348689
0.781, 0, 0, 0, 0.0819938, 1.27875, 0, 0.611424, 0.131394, 0, 0.4121, 0.118352, 0, 0, 0.348688
0.782, 0, 0, 0, 0.0819941, 1.27874, 0, 0.611424, 0.131394, 0, 0.412096, 0.118349, 0, 0, 0.348687
0.783, 0, 0, 0, 0.0820017, 1.27874, 0, 0.611427, 0.131394, 0, 0.412095, 0.118347, 0, 0, 0.348689
0.784, 0, 0, 0, 0.0820055, 1.27874, 0, 0.611428, 0.131395, 0, 0.412093, 0.118345, 0, 0, 0.34869
0.785, 0, 0, 0, 0.0820081, 1.27873, 0, 0.611428, 0.131395, 0, 0.41209, 0.118343, 0, 0, 0.34869
0.786, 0, 0, 0, 0.0820074, 1.27874, 0, 0.611428, 0.131395, 0, 0.412087, 0.118341, 0, 0, 0.348691
0.787, 0, 0, 0, 0.0819991, 1.27875, 0, 0.611424, 0.131395, 0, 0.412082, 0.118338, 0, 0, 0.348689
0.788, 0, 0, 0, 0.0819981, 1.27874, 0, 0.611424, 0.131395, 0, 0.412079, 0.118335, 0, 0, 0.348688
0.789, 0, 0, 0, 0.0820052, 1.27874, 0, 0.611428, 0.131395, 0, 0.412079, 0.118333, 0, 0, 0.348689
0.79, 0, 0, 0, 0.0820081, 1.27874, 0, 0.611428, 0.131396, 0, 0.412077, 0.118331, 0, 0, 0.34869
0.791, 0, 0, 0, 0.0820071, 1.27874, 0, 0.611427, 0.131396, 0, 0.412074, 0.118329, 0, 0, 0.34869
0.792, 0, 0, 0, 0.0819993, 1.27875, 0, 0.611424, 0.131395, 0, 0.412069, 0.118326, 0, 0, 0.348689
0.793, 0, 0, 0, 0.0819962, 1.27875, 0, 0.611423, 0.131395, 0, 0.411899, 0.118336, 0, 0, 0.348687
0.794, 0, 0, 0, 0.0819969, 1.27874, 0, 0.611424, 0.131395, 0, 0.411897, 0.118334, 0, 0, 0.348687
0.795, 0, 0, 0, 0.0820047, 1.27874, 0, 0.611427, 0.131395, 0, 0.411897, 0.118332, 0, 0, 0.348689
0.796, 0, 0, 0, 0.0820086, 1.27873, 0, 0.611427, 0.131396, 0, 0.411896, 0.118331, 0, 0, 0.34869
0.797, 0, 0, 0, 0.0820112, 1.27873, 0, 0.611427, 0.131396, 0, 0.411894, 0.118329, 0, 0, 0.34869
0.798, 0, 0, 0, 0.082012, 1.27872, 0, 0.611428, 0.131396, 0, 0.411884, 0.118326, 0, 0, 0.347762
0.799, 0, 0, 0, 0.0820131, 1.27876, 0, 0.611426, 0.131399, 0, 0.411901, 0.118327, 0, 0, 0.348697
0.8, 0, 0, 0, 0.0819974, 1.27874, 0, 0.611421, 0.131393, 0, 0.411839, 0.118381, 0, 0, 0.348736
0.801, 0, 0, 0, 0.0820036, 1.27874, 0, 0.611428, 0.131395, 0, 0.411836, 0.11838, 0, 0, 0.348735
0.802, 0, 0, 0, 0.0819957, 1.27875, 0, 0.611424, 0.131395, 0, 0.412205, 0.118366, 0, 0, 0.34873
0.803, 0, 0, 0, 0.0819956, 1.27874, 0, 0.611423, 0.131395, 0, 0.412223, 0.118354, 0, 0, 0.348725
0.804, 0, 0, 0, 0.0820033, 1.27874, 0, 0.611426, 0.131395, 0, 0.412226, 0.11835, 0, 0, 0.348723
0.805, 0, 0, 0, 0.0820083, 1.27873, 0, 0.611426, 0.131396, 0, 0.412225, 0.118346, 0, 0, 0.348722
0.806, 0, 0, 0, 0.0820119, 1.27873, 0, 0.611427, 0.131396, 0, 0.412224, 0.118343, 0, 0, 0.34872
0.807, 0, 0, 0, 0.0820142, 1.27873, 0, 0.611427, 0.131397, 0, 0.412223, 0.11834, 0, 0, 0.348718
0.808, 0, 0, 0, 0.0820132, 1.27874, 0, 0.611427, 0.131396, 0, 0.412222, 0.118336, 0, 0, 0.348717
0.809, 0, 0, 0, 0.0820046, 1.27874, 0, 0.611423, 0.131396, 0, 0.412219, 0.118332, 0, 0, 0.348713
0.81, 0, 0, 0, 0.0820002, 1.27875, 0, 0.611423, 0.131395, 0, 0.412219, 0.118328, 0, 0, 0.34871
0.811, 0, 0, 0, 0.0820005, 1.27874, 0, 0.611423, 0.131395, 0, 0.412219, 0.118325, 0, 0, 0.348708
0.812, 0, 0, 0, 0.0820078, 1.27873, 0, 0.611426, 0.131396, 0, 0.412222, 0.118322, 0, 0, 0.348709
0.813, 0, 0, 0, 0.0820116, 1.27873, 0, 0.611426, 0.131396, 0, 0.412223, 0.118318, 0, 0, 0.348708
0.814, 0, 0, 0, 0.082011, 1.27874, 0, 0.611426, 0.131396, 0, 0.412224, 0.118315, 0, 0, 0.348707
0.815, 0, 0, 0, 0.0820035, 1.27874, 0, 0.611423, 0.131396, 0, 0.412223, 0.118311, 0, 0, 0.348704
0.816, 0, 0, 0, 0.0820029, 1.27874, 0, 0.611423, 0.131396, 0, 0.412224, 0.118308, 0, 0, 0.348702
0.817, 0, 0, 0, 0.0820103, 1.27873, 0, 0.611426, 0.131396, 0, 0.412228, 0.118305, 0, 0, 0.348703
0.818, 0, 0, 0, 0.0820135, 1.27873, 0, 0.611426, 0.131397, 0, 0.412229, 0.118302, 0, 0, 0.348703
0.819, 0, 0, 0, 0.0820126, 1.27874, 0, 0.611425, 0.131397, 0, 0.412231, 0.118298, 0, 0, 0.348702
0.82, 0, 0, 0, 0.0820048, 1.27874, 0, 0.611422, 0.131396, 0, 0.412231, 0.118295, 0, 0, 0.348699
0.821, 0, 0, 0, 0.082001, 1.27875, 0, 0.611422, 0.131396, 0, 0.412232, 0.118291, 0, 0, 0.348698
0.822, 0, 0, 0, 0.0820016, 1.27874, 0, 0.611422, 0.131396, 0, 0.412234, 0.118288, 0, 0, 0.348697
0.823, 0, 0, 0, 0.0820093, 1.27873, 0, 0.611425, 0.131396, 0, 0.412238, 0.118285, 0, 0, 0.348698
0.824, 0, 0, 0, 0.0820132, 1.27873, 0, 0.611426, 0.131397, 0, 0.412241, 0.118283, 0, 0, 0.348698
0.825, 0, 0, 0, 0.0820159, 1.27873, 0, 0.611426, 0.131397, 0, 0.412243, 0.11828, 0, 0, 0.348698
0.826, 0, 0, 0, 0.0820152, 1.27874, 0, 0.611425, 0.131397, 0, 0.412245, 0.118277, 0, 0, 0.348698
0.827, 0, 0, 0, 0.0820069, 1.27874, 0, 0.611422, 0.131397, 0, 0.412245, 0.118274, 0, 0, 0.348695
0.828, 0, 0, 0, 0.0820027, 1.27874, 0, 0.611421, 0.131396, 0, 0.412247, 0.11827, 0, 0, 0.348694
0.829, 0, 0, 0, 0.0820001, 1.27875, 0, 0.611421, 0.131396, 0, 0.412249, 0.118267, 0, 0, 0.348693
0.83, 0, 0, 0, 0.082001, 1.27874, 0, 0.611421, 0.131396, 0, 0.412251, 0.118264, 0, 0, 0.348692
0.831, 0, 0, 0, 0.0820095, 1.27873, 0, 0.611425, 0.131396, 0, 0.412255, 0.118262, 0, 0, 0.348694
0.832, 0, 0, 0, 0.0820139, 1.27873, 0, 0.611425, 0.131397, 0, 0.412258, 0.11826, 0, 0, 0.348694
0.833, 0, 0, 0, 0.0820169, 1.27873, 0, 0.611425, 0.131397, 0, 0.412261, 0.118257, 0, 0, 0.348695
0.834, 0, 0, 0, 0.0820194, 1.27873, 0, 0.611425, 0.131398, 0, 0.412264, 0.118255, 0, 0, 0.348695
0.835, 0, 0, 0, 0.0820179, 1.27874, 0, 0.611425, 0.131397, 0, 0.412266, 0.118252, 0, 0, 0.348695
0.836, 0, 0, 0, 0.0820092, 1.27874, 0, 0.611421, 0.131397, 0, 0.412266, 0.118249, 0, 0, 0.348692
0.837, 0, 0, 0, 0.0820048, 1.27874, 0, 0.611421, 0.131396, 0, 0.412268, 0.118246, 0, 0, 0.348691
0.838, 0, 0, 0, 0.082002, 1.27875, 0, 0.611421, 0.131396, 0, 0.41227, 0.118244, 0, 0, 0.34869
0.839, 0, 0, 0, 0.0820027, 1.27874, 0, 0.611421, 0.131396, 0, 0.412272, 0.118241, 0, 0, 0.34869
0.84, 0, 0, 0, 0.082011, 1.27873, 0, 0.611424, 0.131397, 0, 0.412277, 0.118239, 0, 0, 0.348691
0.841, 0, 0, 0, 0.0820154, 1.27873, 0, 0.611424, 0.131397, 0, 0.41228, 0.118237, 0, 0, 0.348692
0.842, 0, 0, 0, 0.0820183, 1.27873, 0, 0.611424, 0.131398, 0, 0.412282, 0.118235, 0, 0, 0.348693
0.843, 0, 0, 0, 0.0820177, 1.27874, 0, 0.611424, 0.131398, 0, 0.412285, 0.118233, 0, 0, 0.348693
0.844, 0, 0, 0, 0.0820096, 1.27874, 0, 0.611421, 0.131397, 0, 0.412284, 0.11823, 0, 0, 0.348691
0.845, 0, 0, 0, 0.0820056, 1.27874, 0, 0.61142, 0.131397, 0, 0.412286, 0.118227, 0, 0, 0.34869
0.846, 0, 0, 0, 0.082006, 1.27874, 0, 0.611421, 0.131397, 0, 0.412289, 0.118225, 0, 0, 0.348689
0.847, 0, 0, 0, 0.0820135, 1.27873, 0, 0.611423, 0.131397, 0, 0.412293, 0.118223, 0, 0, 0.348691
0.848, 0, 0, 0, 0.0820174, 1.27873, 0, 0.611424, 0.131398, 0, 0.412296, 0.118222, 0, 0, 0.348692
0.849, 0, 0, 0, 0.0820169, 1.27874, 0, 0.611423, 0.131398, 0, 0.412298, 0.11822, 0, 0, 0.348692
0.85, 0, 0, 0, 0.0820094, 1.27874, 0, 0.61142, 0.131397, 0, 0.412298, 0.118217, 0, 0, 0.34869
0.851, 0, 0, 0, 0.0820058, 1.27874, 0, 0.611419, 0.131397, 0, 0.4123, 0.118215, 0, 0, 0.348689
0.852, 0, 0, 0, 0.0820065, 1.27874, 0, 0.61142, 0.131397, 0, 0.412302, 0.118213, 0, 0, 0.348689
0.853, 0, 0, 0, 0.0820143, 1.27873, 0, 0.611423, 0.131397, 0, 0.412307, 0.118211, 0, 0, 0.34869
0.854, 0, 0, 0, 0.0820182, 1.27873, 0, 0.611423, 0.131398, 0, 0.412309, 0.118209, 0, 0, 0.348691
0.855, 0, 0, 0, 0.0820179, 1.27874, 0, 0.611422, 0.131398, 0, 0.412312, 0.118207, 0, 0, 0.348692
0.856, 0, 0, 0, 0.0820104, 1.27874, 0, 0.611419, 0.131397, 0, 0.412312, 0.118205, 0, 0, 0.34869
0.857, 0, 0, 0, 0.0820098, 1.27873, 0, 0.611419, 0.131397, 0, 0.412313, 0.118203, 0, 0, 0.348689
0.858, 0, 0, 0, 0.0820141, 1.27874, 0, 0.611422, 0.131397, 0, 0.412318, 0.118201, 0, 0, 0.348691
0.859, 0, 0, 0, 0.0820106, 1.27874, 0, 0.611419, 0.131397, 0, 0.412318, 0.118199, 0, 0, 0.348689
0.86, 0, 0, 0, 0.0820173, 1.27873, 0, 0.611422, 0.131397, 0, 0.412322, 0.118198, 0, 0, 0.34869
0.861, 0, 0, 0, 0.0820181, 1.27874, 0, 0.611422, 0.131398, 0, 0.412324, 0.118205, 0, 0, 0.348691
0.862, 0, 0, 0, 0.0820103, 1.27874, 0, 0.611419, 0.131397, 0, 0.412324, 0.118203, 0, 0, 0.348689
0.863, 0, 0, 0, 0.0820101, 1.27873, 0, 0.611419, 0.131397, 0, 0.412326, 0.118201, 0, 0, 0.348688
0.864, 0, 0, 0, 0.0820147, 1.27874, 0, 0.611422, 0.131397, 0, 0.41233, 0.118199, 0, 0, 0.34869
0.865, 0, 0, 0, 0.0820112, 1.27873, 0, 0.611419, 0.131398, 0, 0.412331, 0.118198, 0, 0, 0.348689
0.866, 0, 0, 0, 0.0820166, 1.27872, 0, 0.611422, 0.131397, 0, 0.412326, 0.118196, 0, 0, 0.347762
0.867, 0, 0, 0, 0.0820201, 1.27875, 0, 0.611421, 0.1314, 0, 0.412348, 0.118197, 0, 0, 0.348698
0.868, 0, 0, 0, 0.0820053, 1.27874, 0, 0.611415, 0.131395, 0, 0.412336, 0.11819, 0, 0, 0.348736
0.869, 0, 0, 0, 0.0820159, 1.27873, 0, 0.611423, 0.131397, 0, 0.41234, 0.118191, 0, 0, 0.348735
0.87, 0, 0, 0, 0.0820197, 1.27873, 0, 0.611422, 0.131398, 0, 0.412342, 0.11819, 0, 0, 0.348732
0.871, 0, 0, 0, 0.082019, 1.27874, 0, 0.611421, 0.131398, 0, 0.412344, 0.118188, 0, 0, 0.348728
0.872, 0, 0, 0, 0.0820118, 1.27874, 0, 0.611417, 0.131398, 0, 0.412345, 0.118186, 0, 0, 0.348724
0.873, 0, 0, 0, 0.0820083, 1.27874, 0, 0.611417, 0.131397, 0, 0.412346, 0.118184, 0, 0, 0.34872
0.874, 0, 0, 0, 0.0820092, 1.27873, 0, 0.611418, 0.131397, 0, 0.412349, 0.118183, 0, 0, 0.348717
0.875, 0, 0, 0, 0.0820173, 1.27873, 0, 0.611421, 0.131398, 0, 0.412353, 0.118182, 0, 0, 0.348717
0.876, 0, 0, 0, 0.0820208, 1.27873, 0, 0.61142, 0.131398, 0, 0.412368, 0.118124, 0, 0, 0.348716
0.877, 0, 0, 0, 0.0820236, 1.27873, 0, 0.61142, 0.131399, 0, 0.412371, 0.118122, 0, 0, 0.348715
0.878, 0, 0, 0, 0.0820228, 1.27874, 0, 0.61142, 0.131399, 0, 0.412373, 0.118119, 0, 0, 0.348714
0.879, 0, 0, 0, 0.0820147, 1.27874, 0, 0.611417, 0.131398, 0, 0.412372, 0.118116, 0, 0, 0.34871
0.88, 0, 0, 0, 0.0820107, 1.27874, 0, 0.611416, 0.131398, 0, 0.412374, 0.118113, 0, 0, 0.348708
0.881, 0, 0, 0, 0.0820081, 1.27874, 0, 0.611416, 0.131397, 0, 0.412376, 0.11811, 0, 0, 0.348706
0.882, 0, 0, 0, 0.082009, 1.27874, 0, 0.611416, 0.131397, 0, 0.412378, 0.118108, 0, 0, 0.348704
0.883, 0, 0, 0, 0.0820174, 1.27873, 0, 0.611419, 0.131398, 0, 0.412382, 0.118106, 0, 0, 0.348705
0.884, 0, 0, 0, 0.0820218, 1.27873, 0, 0.611419, 0.131399, 0, 0.412385, 0.118104, 0, 0, 0.348705
0.885, 0, 0, 0, 0.0820217, 1.27874, 0, 0.611419, 0.131399, 0, 0.412387, 0.118102, 0, 0, 0.348704
0.886, 0, 0, 0, 0.0820144, 1.27874, 0, 0.611416, 0.131398, 0, 0.412387, 0.118099, 0, 0, 0.348701
0.887, 0, 0, 0, 0.0820109, 1.27874, 0, 0.611415, 0.131398, 0, 0.412388, 0.118096, 0, 0, 0.348699
0.888, 0, 0, 0, 0.0820116, 1.27873, 0, 0.611416, 0.131398, 0, 0.412391, 0.118094, 0, 0, 0.348698
0.889, 0, 0, 0, 0.0820195, 1.27873, 0, 0.611419, 0.131398, 0, 0.412395, 0.118092, 0, 0, 0.348699
0.89, 0, 0, 0, 0.0820234, 1.27873, 0, 0.611419, 0.131399, 0, 0.412398, 0.11809, 0, 0, 0.348699
0.891, 0, 0, 0, 0.082023, 1.27874, 0, 0.611418, 0.131399, 0, 0.4124, 0.118087, 0, 0, 0.348699
0.892, 0, 0, 0, 0.0820155, 1.27874, 0, 0.611415, 0.131399, 0, 0.4124, 0.118085, 0, 0, 0.348697
0.893, 0, 0, 0, 0.0820118, 1.27874, 0, 0.611415, 0.131398, 0, 0.412402, 0.118082, 0, 0, 0.348695
0.894, 0, 0, 0, 0.0820125, 1.27873, 0, 0.611415, 0.131398, 0, 0.412404, 0.11808, 0, 0, 0.348694
0.895, 0, 0, 0, 0.0820202, 1.27873, 0, 0.611418, 0.131398, 0, 0.412408, 0.118078, 0, 0, 0.348695
0.896, 0, 0, 0, 0.0820211, 1.27874, 0, 0.611418, 0.131399, 0, 0.412411, 0.118076, 0, 0, 0.348696
0.897, 0, 0, 0, 0.082017, 1.27873, 0, 0.611415, 0.131399, 0, 0.412411, 0.118074, 0, 0, 0.348694
0.898, 0, 0, 0, 0.0820208, 1.27874, 0, 0.611417, 0.131398, 0, 0.412415, 0.118072, 0, 0, 0.348695
0.899, 0, 0, 0, 0.0820144, 1.27874, 0, 0.611414, 0.131399, 0, 0.412416, 0.118069, 0, 0, 0.348693
0.9, 0, 0, 0, 0.0820139, 1.27873, 0, 0.611414, 0.131398, 0, 0.412417, 0.118067, 0, 0, 0.348692
0.901, 0, 0, 0, 0.082022, 1.27873, 0, 0.611418, 0.131399, 0, 0.412422, 0.118065, 0, 0, 0.348693
0.902, 0, 0, 0, 0.0820225, 1.27874, 0, 0.611417, 0.131399, 0, 0.412425, 0.118063, 0, 0, 0.348694
0.903, 0, 0, 0, 0.0820152, 1.27874, 0, 0.611413, 0.131399, 0, 0.412424, 0.118061, 0, 0, 0.348692
0.904, 0, 0, 0, 0.0820152, 1.27873, 0, 0.611414, 0.131398, 0, 0.412427, 0.118059, 0, 0, 0.348691
0.905, 0, 0, 0, 0.0820199, 1.27874, 0, 0.611417, 0.131398, 0, 0.412431, 0.118057, 0, 0, 0.348692
0.906, 0, 0, 0, 0.0820166, 1.27873, 0, 0.611414, 0.131399, 0, 0.412432, 0.118055, 0, 0, 0.348691
0.907, 0, 0, 0, 0.0820235, 1.27873, 0, 0.611417, 0.131399, 0, 0.412436, 0.118053, 0, 0, 0.348692
0.908, 0, 0, 0, 0.0820244, 1.27874, 0, 0.611417, 0.131399, 0, 0.412439, 0.118051, 0, 0, 0.348693
0.909, 0, 0, 0, 0.0820166, 1.27874, 0, 0.611413, 0.131399, 0, 0.412438, 0.118049, 0, 0, 0.348691
0.91, 0, 0, 0, 0.0820133, 1.27874, 0, 0.611413, 0.131398, 0, 0.41244, 0.118047, 0, 0, 0.348689
0.911, 0, 0, 0, 0.0820142, 1.27873, 0, 0.611413, 0.131398, 0, 0.412443, 0.118045, 0, 0, 0.348689
0.912, 0, 0, 0, 0.0820221, 1.27873, 0, 0.611416, 0.131399, 0, 0.412447, 0.118044, 0, 0, 0.348691
0.913, 0, 0, 0, 0.0820232, 1.27874, 0, 0.611416, 0.131399, 0, 0.41245, 0.118042, 0, 0, 0.348692
0.914, 0, 0, 0, 0.0820161, 1.27874, 0, 0.611412, 0.131399, 0, 0.41245, 0.11804, 0, 0, 0.34869
0.915, 0, 0, 0, 0.0820163, 1.27873, 0, 0.611413, 0.131399, 0, 0.412452, 0.118038, 0, 0, 0.348689
0.916, 0, 0, 0, 0.0820242, 1.27873, 0, 0.611416, 0.131399, 0, 0.412456, 0.118036, 0, 0, 0.348691
0.917, 0, 0, 0, 0.0820247, 1.27874, 0, 0.611415, 0.131399, 0, 0.412459, 0.118035, 0, 0, 0.348691
0.918, 0, 0, 0, 0.0820173, 1.27874, 0, 0.611412, 0.131399, 0, 0.412459, 0.118033, 0, 0, 0.348689
0.919, 0, 0, 0, 0.0820167, 1.27873, 0, 0.611413, 0.131399, 0, 0.412551, 0.118022, 0, 0, 0.348689
0.92, 0, 0, 0, 0.0820242, 1.27873, 0, 0.611416, 0.131399, 0, 0.412553, 0.118022, 0, 0, 0.34869
0.921, 0, 0, 0, 0.0820248, 1.27874, 0, 0.611416, 0.131399, 0, 0.412555, 0.11802, 0, 0, 0.348691
0.922, 0, 0, 0, 0.0820172, 1.27874, 0, 0.611412, 0.131399, 0, 0.412555, 0.118018, 0, 0, 0.348689
0.923, 0, 0, 0, 0.0820141, 1.27874, 0, 0.611411, 0.131399, 0, 0.412558, 0.118016, 0, 0, 0.348688
0.924, 0, 0, 0, 0.082015, 1.27873, 0, 0.611412, 0.131399, 0, 0.412561, 0.118014, 0, 0, 0.348688
0.925, 0, 0, 0, 0.082023, 1.27873, 0, 0.611415, 0.131399, 0, 0.412567, 0.118013, 0, 0, 0.34869
0.926, 0, 0, 0, 0.0820241, 1.27874, 0, 0.611415, 0.1314, 0, 0.41257, 0.118011, 0, 0, 0.348691
0.927, 0, 0, 0, 0.082017, 1.27874, 0, 0.611411, 0.131399, 0, 0.412571, 0.118009, 0, 0, 0.348689
0.928, 0, 0, 0, 0.0820172, 1.27873, 0, 0.611412, 0.131399, 0, 0.412575, 0.118007, 0, 0, 0.348688
0.929, 0, 0, 0, 0.0820251, 1.27873, 0, 0.611415, 0.131399, 0, 0.412581, 0.118006, 0, 0, 0.34869
0.93, 0, 0, 0, 0.0820255, 1.27874, 0, 0.611415, 0.1314, 0, 0.412585, 0.118004, 0, 0, 0.348691
0.931, 0, 0, 0, 0.0820181, 1.27874, 0, 0.611411, 0.1314, 0, 0.412586, 0.118002, 0, 0, 0.348689
0.932, 0, 0, 0, 0.0820181, 1.27873, 0, 0.611411, 0.131399, 0, 0.41259, 0.118, 0, 0, 0.348688
0.933, 0, 0, 0, 0.0820227, 1.27874, 0, 0.611414, 0.131399, 0, 0.412596, 0.117998, 0, 0, 0.34869
0.934, 0, 0, 0, 0.0820193, 1.27873, 0, 0.611411, 0.1314, 0, 0.412598, 0.117997, 0, 0, 0.348689
0.935, 0, 0, 0, 0.0820232, 1.27874, 0, 0.611413, 0.131399, 0, 0.412604, 0.117995, 0, 0, 0.34869
0.936, 0, 0, 0, 0.0820173, 1.27874, 0, 0.611411, 0.131399, 0, 0.412606, 0.117993, 0, 0, 0.348689
0.937, 0, 0, 0, 0.0820171, 1.27873, 0, 0.611411, 0.131399, 0, 0.412609, 0.117991, 0, 0, 0.348688
0.938, 0, 0, 0, 0.0820253, 1.27873, 0, 0.611414, 0.1314, 0, 0.412616, 0.11799, 0, 0, 0.34869
0.939, 0, 0, 0, 0.0820245, 1.27873, 0, 0.611414, 0.131399, 0, 0.412611, 0.117988, 0, 0, 0.347762
0.94, 0, 0, 0, 0.0820198, 1.27875, 0, 0.611409, 0.131402, 0, 0.412632, 0.117989, 0, 0, 0.348695
0.941, 0, 0, 0, 0.0820128, 1.27873, 0, 0.611408, 0.131397, 0, 0.412624, 0.117983, 0, 0, 0.348734
0.942, 0, 0, 0, 0.0820313, 1.27873, 0, 0.611419, 0.1314, 0, 0.412633, 0.117984, 0, 0, 0.348737
0.943, 0, 0, 0, 0.0820278, 1.27874, 0, 0.611414, 0.131401, 0, 0.412635, 0.117983, 0, 0, 0.348732
0.944, 0, 0, 0, 0.0820194, 1.27874, 0, 0.611409, 0.1314, 0, 0.412636, 0.117981, 0, 0, 0.348726
0.945, 0, 0, 0, 0.0820166, 1.27874, 0, 0.61141, 0.1314, 0, 0.41264, 0.117979, 0, 0, 0.348722
0.946, 0, 0, 0, 0.0820171, 1.27873, 0, 0.61141, 0.131399, 0, 0.412644, 0.117978, 0, 0, 0.348719
0.947, 0, 0, 0, 0.082025, 1.27873, 0, 0.611413, 0.1314, 0, 0.41265, 0.117977, 0, 0, 0.348719
0.948, 0, 0, 0, 0.0820261, 1.27874, 0, 0.611413, 0.1314, 0, 0.412654, 0.117975, 0, 0, 0.348718
0.949, 0, 0, 0, 0.082019, 1.27874, 0, 0.611409, 0.1314, 0, 0.412655, 0.117974, 0, 0, 0.348714
0.95, 0, 0, 0, 0.0820192, 1.27873, 0, 0.61141, 0.1314, 0, 0.412659, 0.117972, 0, 0, 0.348712
0.951, 0, 0, 0, 0.0820271, 1.27873, 0, 0.611413, 0.1314, 0, 0.412665, 0.117971, 0, 0, 0.348712
0.952, 0, 0, 0, 0.0820276, 1.27874, 0, 0.611413, 0.1314, 0, 0.412669, 0.11797, 0, 0, 0.348711
0.953, 0, 0, 0, 0.0820202, 1.27874, 0, 0.611409, 0.1314, 0, 0.41267, 0.117968, 0, 0, 0.348708
0.954, 0, 0, 0, 0.0820171, 1.27874, 0, 0.611409, 0.1314, 0, 0.412673, 0.117967, 0, 0, 0.348706
0.955, 0, 0, 0, 0.082018, 1.27873, 0, 0.611409, 0.1314, 0, 0.412676, 0.117966, 0, 0, 0.348704
0.956, 0, 0, 0, 0.082026, 1.27873, 0, 0.611412, 0.1314, 0, 0.412682, 0.117965, 0, 0, 0.348705
0.957, 0, 0, 0, 0.082027, 1.27874, 0, 0.611412, 0.1314, 0, 0.412685, 0.117964, 0, 0, 0.348704
0.958, 0, 0, 0, 0.08202, 1.27874, 0, 0.611409, 0.1314, 0, 0.412686, 0.117962, 0, 0, 0.348701
0.959, 0, 0, 0, 0.0820201, 1.27873, 0, 0.611409, 0.1314, 0, 0.412689, 0.117961, 0, 0, 0.3487
0.96, 0, 0, 0, 0.082025, 1.27874, 0, 0.611412, 0.1314, 0, 0.412695, 0.11796, 0, 0, 0.348701
0.961, 0, 0, 0, 0.0820222, 1.27873, 0, 0.611409, 0.1314, 0, 0.412605, 0.117967, 0, 0, 0.348698
0.962, 0, 0, 0, 0.0820263, 1.27874, 0, 0.611411, 0.1314, 0, 0.412613, 0.117966, 0, 0, 0.348699
0.963, 0, 0, 0, 0.0820202, 1.27874, 0, 0.611408, 0.1314, 0, 0.412614, 0.117964, 0, 0, 0.348697
0.964, 0, 0, 0, 0.0820201, 1.27873, 0, 0.611408, 0.1314, 0, 0.412616, 0.117963, 0, 0, 0.348695
0.965, 0, 0, 0, 0.0820279, 1.27873, 0, 0.611412, 0.1314, 0, 0.412711, 0.117954, 0, 0, 0.348697
0.966, 0, 0, 0, 0.0820284, 1.27874, 0, 0.611411, 0.1314, 0, 0.412711, 0.117955, 0, 0, 0.348697
0.967, 0, 0, 0, 0.0820213, 1.27874, 0, 0.611408, 0.1314, 0, 0.41271, 0.117954, 0, 0, 0.348695
0.968, 0, 0, 0, 0.0820213, 1.27873, 0, 0.611408, 0.1314, 0, 0.412712, 0.117953, 0, 0, 0.348693
0.969, 0, 0, 0, 0.082026, 1.27874, 0, 0.611411, 0.1314, 0, 0.412716, 0.117952, 0, 0, 0.348695
0.97, 0, 0, 0, 0.0820196, 1.27874, 0, 0.611408, 0.1314, 0, 0.412716, 0.117951, 0, 0, 0.348693
0.971, 0, 0, 0, 0.0820198, 1.27873, 0, 0.611408, 0.1314, 0, 0.412718, 0.11795, 0, 0, 0.348692
0.972, 0, 0, 0, 0.0820282, 1.27873, 0, 0.611411, 0.1314, 0, 0.412723, 0.117949, 0, 0, 0.348693
0.973, 0, 0, 0, 0.0820289, 1.27874, 0, 0.611411, 0.131401, 0, 0.412726, 0.117948, 0, 0, 0.348694
0.974, 0, 0, 0, 0.0820217, 1.27874, 0, 0.611407, 0.1314, 0, 0.412725, 0.117947, 0, 0, 0.348692
0.975, 0, 0, 0, 0.0820218, 1.27873, 0, 0.611408, 0.1314, 0, 0.412728, 0.117946, 0, 0, 0.348691
0.976, 0, 0, 0, 0.0820265, 1.27874, 0, 0.61141, 0.1314, 0, 0.412732, 0.117946, 0, 0, 0.348692
0.977, 0, 0, 0, 0.0820232, 1.27873, 0, 0.611408, 0.131401, 0, 0.412732, 0.117945, 0, 0, 0.348691
0.978, 0, 0, 0, 0.0820276, 1.27873, 0, 0.611409, 0.1314, 0, 0.412646, 0.117953, 0, 0, 0.348692
0.979, 0, 0, 0, 0.0820218, 1.27874, 0, 0.611407, 0.1314, 0, 0.412649, 0.117951, 0, 0, 0.34869
0.98, 0, 0, 0, 0.0820209, 1.27873, 0, 0.611407, 0.1314, 0, 0.412728, 0.11796, 0, 0, 0.348689
0.981, 0, 0, 0, 0.0820291, 1.27873, 0, 0.61141, 0.1314, 0, 0.412729, 0.11796, 0, 0, 0.348691
0.982, 0, 0, 0, 0.08203, 1.27873, 0, 0.61141, 0.131401, 0, 0.412731, 0.11796, 0, 0, 0.348692
0.983, 0, 0, 0, 0.0820226, 1.27874, 0, 0.611406, 0.131401, 0, 0.41273, 0.117958, 0, 0, 0.34869
0.984, 0, 0, 0, 0.0820196, 1.27874, 0, 0.611406, 0.1314, 0, 0.412731, 0.117957, 0, 0, 0.348689
0.985, 0, 0, 0, 0.0820206, 1.27873, 0, 0.611407, 0.1314, 0, 0.412733, 0.117956, 0, 0, 0.348688
0.986, 0, 0, 0, 0.0820291, 1.27873, 0, 0.611409, 0.131401, 0, 0.412647, 0.117964, 0, 0, 0.34869
0.987, 0, 0, 0, 0.0820298, 1.27874, 0, 0.61141, 0.131401, 0, 0.412743, 0.117954, 0, 0, 0.348691
0.988, 0, 0, 0, 0.0820224, 1.27874, 0, 0.611406, 0.131401, 0, 0.41274, 0.117953, 0, 0, 0.348689
0.989, 0, 0, 0, 0.0820198, 1.27874, 0, 0.611406, 0.1314, 0, 0.412741, 0.117952, 0, 0, 0.348688
0.99, 0, 0, 0, 0.0820209, 1.27873, 0, 0.611406, 0.1314, 0, 0.412743, 0.117951, 0, 0, 0.348688
0.991, 0, 0, 0, 0.0820295, 1.27873, 0, 0.611409, 0.131401, 0, 0.412656, 0.117959, 0, 0, 0.34869
0.992, 0, 0, 0, 0.0820303, 1.27874, 0, 0.611409, 0.131401, 0, 0.412751, 0.117949, 0, 0, 0.348691
0.993, 0, 0, 0, 0.0820229, 1.27874, 0, 0.611406, 0.131401, 0, 0.412748, 0.117949, 0, 0, 0.348689
0.994, 0, 0, 0, 0.0820232, 1.27873, 0, 0.611406, 0.1314, 0, 0.412749, 0.117948, 0, 0, 0.348688
0.995, 0, 0, 0, 0.0820311, 1.27873, 0, 0.61141, 0.131401, 0, 0.412754, 0.117948, 0, 0, 0.34869
0.996, 0, 0, 0, 0.0820314, 1.27873, 0, 0.611409, 0.131401, 0, 0.412756, 0.117947, 0, 0, 0.348691
0.997, 0, 0, 0, 0.0820245, 1.27874, 0, 0.611405, 0.131401, 0, 0.412664, 0.117955, 0, 0, 0.348689
0.998, 0, 0, 0, 0.082021, 1.27874, 0, 0.611405, 0.1314, 0, 0.412759, 0.117944, 0, 0, 0.348688
0.999, 0, 0, 0, 0.0820186, 1.27874, 0, 0.611405, 0.1314, 0, 0.412758, 0.117944, 0, 0, 0.348688
1, 0, 0, 0, 0.08202, 1.27873, 0, 0.611405, 0.1314, 0, 0.412759, 0.117943, 0, 0, 0.348687
1.001, 0, 0, 0, 0.0820292, 1.27873, 0, 0.611408, 0.131401, 0, 0.412673, 0.117952, 0, 0, 0.348689
1.002, 0, 0, 0, 0.0820334, 1.27873, 0, 0.611409, 0.131401, 0, 0.412768, 0.117942, 0, 0, 0.34869
1.003, 0, 0, 0, 0.0820329, 1.27873, 0, 0.611408, 0.131401, 0, 0.412767, 0.117942, 0, 0, 0.348691
1.004, 0, 0, 0, 0.0820259, 1.27874, 0, 0.611405, 0.131401, 0, 0.412766, 0.117941, 0, 0, 0.348689
1.005, 0, 0, 0, 0.0820223, 1.27874, 0, 0.611405, 0.131401, 0, 0.412767, 0.11794, 0, 0, 0.348688
1.006, 0, 0, 0, 0.0820199, 1.27874, 0, 0.611405, 0.1314, 0, 0.412768, 0.117939, 0, 0, 0.348688
1.007, 0, 0, 0, 0.082021, 1.27873, 0, 0.611405, 0.1314, 0, 0.41277, 0.117939, 0, 0, 0.348687
1.008, 0, 0, 0, 0.08203, 1.27873, 0, 0.611408, 0.131401, 0, 0.412683, 0.117947, 0, 0, 0.348689
1.009, 0, 0, 0, 0.0820341, 1.27873, 0, 0.611408, 0.131401, 0, 0.412778, 0.117938, 0, 0, 0.34869
1.01, 0, 0, 0, 0.0820335, 1.27873, 0, 0.611408, 0.131401, 0, 0.412777, 0.117938, 0, 0, 0.34869
1.011, 0, 0, 0, 0.0820264, 1.27874, 0, 0.611405, 0.131401, 0, 0.412776, 0.117937, 0, 0, 0.348689
1.012, 0, 0, 0, 0.0820228, 1.27874, 0, 0.611404, 0.131401, 0, 0.412777, 0.117936, 0, 0, 0.348688
1.013, 0, 0, 0, 0.0820209, 1.27874, 0, 0.611404, 0.1314, 0, 0.412688, 0.117944, 0, 0, 0.348687
1.014, 0, 0, 0, 0.0820201, 1.27872, 0, 0.611405, 0.1314, 0, 0.412774, 0.117934, 0, 0, 0.347759
1.015, 0, 0, 0, 0.0820309, 1.27874, 0, 0.611406, 0.131403, 0, 0.412794, 0.117937, 0, 0, 0.348695
1.016, 0, 0, 0, 0.0820255, 1.27873, 0, 0.611404, 0.131399, 0, 0.412784, 0.117932, 0, 0, 0.348737
1.017, 0, 0, 0, 0.0820294, 1.27873, 0, 0.611409, 0.131401, 0, 0.412785, 0.117934, 0, 0, 0.348735
1.018, 0, 0, 0, 0.0820228, 1.27874, 0, 0.611404, 0.131401, 0, 0.412784, 0.117933, 0, 0, 0.348729
1.019, 0, 0, 0, 0.0820237, 1.27873, 0, 0.611403, 0.131401, 0, 0.412694, 0.117941, 0, 0, 0.348725
1.02, 0, 0, 0, 0.0820317, 1.27873, 0, 0.611407, 0.131401, 0, 0.412792, 0.117932, 0, 0, 0.348724
1.021, 0, 0, 0, 0.0820352, 1.27873, 0, 0.611407, 0.131402, 0, 0.412792, 0.117932, 0, 0, 0.348722
1.022, 0, 0, 0, 0.082035, 1.27873, 0, 0.611407, 0.131402, 0, 0.412792, 0.117932, 0, 0, 0.34872
1.023, 0, 0, 0, 0.0820275, 1.27874, 0, 0.611404, 0.131401, 0, 0.412791, 0.117931, 0, 0, 0.348716
1.024, 0, 0, 0, 0.0820243, 1.27874, 0, 0.611403, 0.131401, 0, 0.412702, 0.117939, 0, 0, 0.348713
1.025, 0, 0, 0, 0.0820215, 1.27874, 0, 0.611403, 0.131401, 0, 0.412796, 0.117929, 0, 0, 0.348711
1.026, 0, 0, 0, 0.0820191, 1.27874, 0, 0.611403, 0.1314, 0, 0.412794, 0.117929, 0, 0, 0.348709
1.027, 0, 0, 0, 0.0820212, 1.27873, 0, 0.611403, 0.1314, 0, 0.412795, 0.117929, 0, 0, 0.348707
1.028, 0, 0, 0, 0.0820302, 1.27873, 0, 0.611406, 0.131401, 0, 0.412798, 0.117929, 0, 0, 0.348708
1.029, 0, 0, 0, 0.0820349, 1.27873, 0, 0.611407, 0.131402, 0, 0.4128, 0.117929, 0, 0, 0.348708
1.03, 0, 0, 0, 0.0820356, 1.27873, 0, 0.611406, 0.131402, 0, 0.412711, 0.117937, 0, 0, 0.348707
1.031, 0, 0, 0, 0.0820281, 1.27874, 0, 0.611403, 0.131402, 0, 0.412803, 0.117927, 0, 0, 0.348704
1.032, 0, 0, 0, 0.0820242, 1.27874, 0, 0.611402, 0.131401, 0, 0.412801, 0.117927, 0, 0, 0.348702
1.033, 0, 0, 0, 0.0820223, 1.27874, 0, 0.611403, 0.131401, 0, 0.412801, 0.117927, 0, 0, 0.3487
1.034, 0, 0, 0, 0.0820232, 1.27873, 0, 0.611403, 0.131401, 0, 0.412802, 0.117927, 0, 0, 0.348699
1.035, 0, 0, 0, 0.0820323, 1.27873, 0, 0.611406, 0.131401, 0, 0.412715, 0.117935, 0, 0, 0.3487
1.036, 0, 0, 0, 0.0820364, 1.27872, 0, 0.611406, 0.131402, 0, 0.41281, 0.117926, 0, 0, 0.3487
1.037, 0, 0, 0, 0.0820358, 1.27873, 0, 0.611406, 0.131402, 0, 0.412808, 0.117926, 0, 0, 0.3487
1.038, 0, 0, 0, 0.0820287, 1.27873, 0, 0.611403, 0.131402, 0, 0.412807, 0.117926, 0, 0, 0.348697
1.039, 0, 0, 0, 0.082025, 1.27874, 0, 0.611402, 0.131401, 0, 0.412807, 0.117925, 0, 0, 0.348696
1.04, 0, 0, 0, 0.0820227, 1.27874, 0, 0.611402, 0.131401, 0, 0.412808, 0.117925, 0, 0, 0.348695
1.041, 0, 0, 0, 0.0820207, 1.27874, 0, 0.611402, 0.131401, 0, 0.412808, 0.117924, 0, 0, 0.348694
1.042, 0, 0, 0, 0.082023, 1.27873, 0, 0.611402, 0.131401, 0, 0.412719, 0.117932, 0, 0, 0.348693
1.043, 0, 0, 0, 0.0820322, 1.27873, 0, 0.611405, 0.131401, 0, 0.412725, 0.117932, 0, 0, 0.348694
1.044, 0, 0, 0, 0.0820362, 1.27872, 0, 0.611406, 0.131402, 0, 0.412817, 0.117923, 0, 0, 0.348695
1.045, 0, 0, 0, 0.0820361, 1.27873, 0, 0.611405, 0.131402, 0, 0.412815, 0.117924, 0, 0, 0.348695
1.046, 0, 0, 0, 0.0820293, 1.27873, 0, 0.611402, 0.131402, 0, 0.412813, 0.117924, 0, 0, 0.348693
1.047, 0, 0, 0, 0.0820256, 1.27874, 0, 0.611402, 0.131401, 0, 0.412813, 0.117923, 0, 0, 0.348692
1.048, 0, 0, 0, 0.0820233, 1.27874, 0, 0.611402, 0.131401, 0, 0.412814, 0.117923, 0, 0, 0.348691
1.049, 0, 0, 0, 0.0820244, 1.27873, 0, 0.611402, 0.131401, 0, 0.412815, 0.117922, 0, 0, 0.34869
1.05, 0, 0, 0, 0.0820329, 1.27873, 0, 0.611405, 0.131401, 0, 0.412818, 0.117922, 0, 0, 0.348692
1.051, 0, 0, 0, 0.0820373, 1.27872, 0, 0.611405, 0.131402, 0, 0.412819, 0.117923, 0, 0, 0.348693
1.052, 0, 0, 0, 0.0820371, 1.27873, 0, 0.611405, 0.131402, 0, 0.41282, 0.117922, 0, 0, 0.348693
1.053, 0, 0, 0, 0.0820297, 1.27873, 0, 0.611402, 0.131402, 0, 0.412819, 0.117922, 0, 0, 0.348691
1.054, 0, 0, 0, 0.0820261, 1.27874, 0, 0.611401, 0.131401, 0, 0.412819, 0.117921, 0, 0, 0.34869
1.055, 0, 0, 0, 0.0820243, 1.27874, 0, 0.611401, 0.131401, 0, 0.412729, 0.117929, 0, 0, 0.348689
1.056, 0, 0, 0, 0.0820225, 1.27874, 0, 0.6114, 0.131401, 0, 0.412733, 0.117928, 0, 0, 0.348689
1.057, 0, 0, 0, 0.0820236, 1.27873, 0, 0.611401, 0.131401, 0, 0.412824, 0.117919, 0, 0, 0.348688
1.058, 0, 0, 0, 0.0820325, 1.27873, 0, 0.611404, 0.131401, 0, 0.412825, 0.11792, 0, 0, 0.34869
1.059, 0, 0, 0, 0.0820374, 1.27872, 0, 0.611405, 0.131402, 0, 0.412825, 0.117921, 0, 0, 0.348691
1.06, 0, 0, 0, 0.0820375, 1.27873, 0, 0.611404, 0.131402, 0, 0.412826, 0.117921, 0, 0, 0.348692
1.061, 0, 0, 0, 0.0820303, 1.27873, 0, 0.611401, 0.131402, 0, 0.412824, 0.11792, 0, 0, 0.34869
1.062, 0, 0, 0, 0.0820267, 1.27874, 0, 0.611401, 0.131401, 0, 0.412825, 0.117919, 0, 0, 0.348689
1.063, 0, 0, 0, 0.0820245, 1.27874, 0, 0.611401, 0.131401, 0, 0.412825, 0.117919, 0, 0, 0.348688
1.064, 0, 0, 0, 0.0820224, 1.27874, 0, 0.6114, 0.131401, 0, 0.412826, 0.117919, 0, 0, 0.348688
1.065, 0, 0, 0, 0.0820248, 1.27873, 0, 0.6114, 0.131401, 0, 0.412736, 0.117927, 0, 0, 0.348687
1.066, 0, 0, 0, 0.082034, 1.27872, 0, 0.611404, 0.131402, 0, 0.412742, 0.117926, 0, 0, 0.348689
1.067, 0, 0, 0, 0.0820379, 1.27872, 0, 0.611404, 0.131402, 0, 0.412834, 0.117918, 0, 0, 0.34869
1.068, 0, 0, 0, 0.0820379, 1.27873, 0, 0.611404, 0.131402, 0, 0.412832, 0.117919, 0, 0, 0.348691
1.069, 0, 0, 0, 0.0820309, 1.27873, 0, 0.611401, 0.131402, 0, 0.412829, 0.117919, 0, 0, 0.348689
1.07, 0, 0, 0, 0.0820273, 1.27873, 0, 0.6114, 0.131401, 0, 0.412829, 0.117918, 0, 0, 0.348688
1.071, 0, 0, 0, 0.082025, 1.27874, 0, 0.6114, 0.131401, 0, 0.41283, 0.117918, 0, 0, 0.348688
1.072, 0, 0, 0, 0.0820261, 1.27873, 0, 0.6114, 0.131401, 0, 0.41283, 0.117917, 0, 0, 0.348687
1.073, 0, 0, 0, 0.0820346, 1.27872, 0, 0.611404, 0.131402, 0, 0.412833, 0.117918, 0, 0, 0.348689
1.074, 0, 0, 0, 0.0820359, 1.27873, 0, 0.611403, 0.131402, 0, 0.412834, 0.117918, 0, 0, 0.34869
1.075, 0, 0, 0, 0.0820291, 1.27873, 0, 0.6114, 0.131402, 0, 0.412832, 0.117917, 0, 0, 0.348689
1.076, 0, 0, 0, 0.0820263, 1.27873, 0, 0.6114, 0.131401, 0, 0.412833, 0.117917, 0, 0, 0.348688
1.077, 0, 0, 0, 0.0820281, 1.27873, 0, 0.6114, 0.131401, 0, 0.412743, 0.117925, 0, 0, 0.348687
1.078, 0, 0, 0, 0.0820364, 1.27872, 0, 0.611403, 0.131402, 0, 0.412749, 0.117924, 0, 0, 0.348689
1.079, 0, 0, 0, 0.0820368, 1.27873, 0, 0.611403, 0.131402, 0, 0.412841, 0.117916, 0, 0, 0.34869
1.08, 0, 0, 0, 0.0820297, 1.27873, 0, 0.6114, 0.131402, 0, 0.412836, 0.117916, 0, 0, 0.348688
1.081, 0, 0, 0, 0.082027, 1.27873, 0, 0.611399, 0.131401, 0, 0.412835, 0.117916, 0, 0, 0.348688
1.082, 0, 0, 0, 0.0820281, 1.27873, 0, 0.6114, 0.131401, 0, 0.412836, 0.117916, 0, 0, 0.348687
1.083, 0, 0, 0, 0.0820361, 1.27872, 0, 0.611403, 0.131402, 0, 0.412839, 0.117916, 0, 0, 0.348689
1.084, 0, 0, 0, 0.0820372, 1.27873, 0, 0.611403, 0.131402, 0, 0.412839, 0.117916, 0, 0, 0.34869
1.085, 0, 0, 0, 0.0820302, 1.27873, 0, 0.611399, 0.131402, 0, 0.412838, 0.117916, 0, 0, 0.348688
1.086, 0, 0, 0, 0.0820273, 1.27873, 0, 0.611399, 0.131401, 0, 0.412838, 0.117915, 0, 0, 0.348688
1.087, 0, 0, 0, 0.0820254, 1.27874, 0, 0.611399, 0.131401, 0, 0.412838, 0.117915, 0, 0, 0.348687
1.088, 0, 0, 0, 0.0820272, 1.27873, 0, 0.611399, 0.131401, 0, 0.412748, 0.117923, 0, 0, 0.348687
1.089, 0, 0, 0, 0.0820362, 1.27872, 0, 0.611402, 0.131402, 0, 0.412754, 0.117923, 0, 0, 0.348689
1.09, 0, 0, 0, 0.082037, 1.27873, 0, 0.611402, 0.131402, 0, 0.412846, 0.117914, 0, 0, 0.34869
1.091, 0, 0, 0, 0.0820286, 1.27873, 0, 0.611399, 0.131401, 0, 0.412832, 0.117914, 0, 0, 0.34776
1.092, 0, 0, 0, 0.0820318, 1.27874, 0, 0.611398, 0.131404, 0, 0.412852, 0.117917, 0, 0, 0.348694
1.093, 0, 0, 0, 0.0820297, 1.27873, 0, 0.611399, 0.131399, 0, 0.412842, 0.117913, 0, 0, 0.348736
1.094, 0, 0, 0, 0.0820342, 1.27873, 0, 0.611404, 0.131402, 0, 0.412843, 0.117914, 0, 0, 0.348735
1.095, 0, 0, 0, 0.0820306, 1.27873, 0, 0.611399, 0.131402, 0, 0.412841, 0.117915, 0, 0, 0.348729
1.096, 0, 0, 0, 0.0820351, 1.27873, 0, 0.611401, 0.131402, 0, 0.412843, 0.117914, 0, 0, 0.348727
1.097, 0, 0, 0, 0.0820324, 1.27873, 0, 0.611399, 0.131402, 0, 0.412843, 0.117914, 0, 0, 0.348722
1.098, 0, 0, 0, 0.0820361, 1.27873, 0, 0.611401, 0.131402, 0, 0.412845, 0.117914, 0, 0, 0.348721
1.099, 0, 0, 0, 0.0820302, 1.27873, 0, 0.611399, 0.131402, 0, 0.412844, 0.117914, 0, 0, 0.348718
1.1, 0, 0, 0, 0.0820276, 1.27873, 0, 0.611398, 0.131402, 0, 0.412753, 0.117922, 0, 0, 0.348715
1.101, 0, 0, 0, 0.0820294, 1.27873, 0, 0.611399, 0.131402, 0, 0.412757, 0.117921, 0, 0, 0.348713
1.102, 0, 0, 0, 0.0820369, 1.27872, 0, 0.611402, 0.131402, 0, 0.412851, 0.117913, 0, 0, 0.348713
1.103, 0, 0, 0, 0.0820381, 1.27873, 0, 0.611402, 0.131402, 0, 0.412849, 0.117914, 0, 0, 0.348712
1.104, 0, 0, 0, 0.0820314, 1.27873, 0, 0.611398, 0.131402, 0, 0.412846, 0.117913, 0, 0, 0.348709
1.105, 0, 0, 0, 0.0820286, 1.27873, 0, 0.611398, 0.131402, 0, 0.412846, 0.117913, 0, 0, 0.348707
1.106, 0, 0, 0, 0.0820297, 1.27873, 0, 0.611399, 0.131402, 0, 0.412846, 0.117913, 0, 0, 0.348705
1.107, 0, 0, 0, 0.0820348, 1.27873, 0, 0.611401, 0.131402, 0, 0.412849, 0.117913, 0, 0, 0.348706
1.108, 0, 0, 0, 0.0820322, 1.27873, 0, 0.611399, 0.131402, 0, 0.412847, 0.117913, 0, 0, 0.348703
1.109, 0, 0, 0, 0.0820365, 1.27873, 0, 0.611401, 0.131402, 0, 0.41285, 0.117913, 0, 0, 0.348703
1.11, 0, 0, 0, 0.0820313, 1.27873, 0, 0.611398, 0.131402, 0, 0.412758, 0.117921, 0, 0, 0.348701
1.111, 0, 0, 0, 0.082028, 1.27873, 0, 0.611397, 0.131402, 0, 0.412851, 0.117911, 0, 0, 0.348699
1.112, 0, 0, 0, 0.0820293, 1.27873, 0, 0.611398, 0.131402, 0, 0.412849, 0.117912, 0, 0, 0.348698
1.113, 0, 0, 0, 0.0820379, 1.27872, 0, 0.611401, 0.131402, 0, 0.412851, 0.117913, 0, 0, 0.348699
1.114, 0, 0, 0, 0.0820396, 1.27873, 0, 0.611401, 0.131403, 0, 0.412761, 0.117921, 0, 0, 0.3487
1.115, 0, 0, 0, 0.0820324, 1.27873, 0, 0.611398, 0.131402, 0, 0.412853, 0.117911, 0, 0, 0.348697
1.116, 0, 0, 0, 0.0820292, 1.27873, 0, 0.611397, 0.131402, 0, 0.41285, 0.117912, 0, 0, 0.348695
1.117, 0, 0, 0, 0.0820306, 1.27873, 0, 0.611398, 0.131402, 0, 0.41285, 0.117912, 0, 0, 0.348695
1.118, 0, 0, 0, 0.0820386, 1.27872, 0, 0.611401, 0.131402, 0, 0.412853, 0.117912, 0, 0, 0.348696
1.119, 0, 0, 0, 0.0820397, 1.27873, 0, 0.611401, 0.131403, 0, 0.412853, 0.117912, 0, 0, 0.348696
1.12, 0, 0, 0, 0.0820327, 1.27873, 0, 0.611397, 0.131402, 0, 0.412851, 0.117912, 0, 0, 0.348694
1.121, 0, 0, 0, 0.0820303, 1.27873, 0, 0.611397, 0.131402, 0, 0.412761, 0.11792, 0, 0, 0.348693
1.122, 0, 0, 0, 0.082028, 1.27873, 0, 0.611397, 0.131402, 0, 0.412855, 0.11791, 0, 0, 0.348692
1.123, 0, 0, 0, 0.082029, 1.27873, 0, 0.611397, 0.131402, 0, 0.412852, 0.117911, 0, 0, 0.348691
1.124, 0, 0, 0, 0.082038, 1.27872, 0, 0.611401, 0.131402, 0, 0.412855, 0.117912, 0, 0, 0.348693
1.125, 0, 0, 0, 0.0820395, 1.27873, 0, 0.6114, 0.131403, 0, 0.412855, 0.117912, 0, 0, 0.348694
1.126, 0, 0, 0, 0.0820332, 1.27873, 0, 0.611397, 0.131402, 0, 0.412763, 0.11792, 0, 0, 0.348692
1.127, 0, 0, 0, 0.0820302, 1.27873, 0, 0.611397, 0.131402, 0, 0.412856, 0.11791, 0, 0, 0.348691
1.128, 0, 0, 0, 0.082031, 1.27873, 0, 0.611397, 0.131402, 0, 0.412854, 0.117911, 0, 0, 0.34869
1.129, 0, 0, 0, 0.0820364, 1.27873, 0, 0.6114, 0.131402, 0, 0.412856, 0.117911, 0, 0, 0.348692
1.13, 0, 0, 0, 0.0820338, 1.27872, 0, 0.611397, 0.131402, 0, 0.412855, 0.117911, 0, 0, 0.34869
1.131, 0, 0, 0, 0.0820381, 1.27873, 0, 0.6114, 0.131402, 0, 0.412857, 0.117911, 0, 0, 0.348692
1.132, 0, 0, 0, 0.0820329, 1.27873, 0, 0.611397, 0.131402, 0, 0.412765, 0.117919, 0, 0, 0.34869
1.133, 0, 0, 0, 0.0820296, 1.27873, 0, 0.611396, 0.131402, 0, 0.412858, 0.117909, 0, 0, 0.348689
1.134, 0, 0, 0, 0.0820309, 1.27873, 0, 0.611397, 0.131402, 0, 0.412856, 0.11791, 0, 0, 0.348689
1.135, 0, 0, 0, 0.0820395, 1.27872, 0, 0.6114, 0.131402, 0, 0.412858, 0.117911, 0, 0, 0.348691
1.136, 0, 0, 0, 0.0820407, 1.27873, 0, 0.6114, 0.131403, 0, 0.412858, 0.117911, 0, 0, 0.348692
1.137, 0, 0, 0, 0.0820343, 1.27873, 0, 0.611396, 0.131403, 0, 0.412766, 0.117919, 0, 0, 0.34869
1.138, 0, 0, 0, 0.0820312, 1.27873, 0, 0.611396, 0.131402, 0, 0.412859, 0.117909, 0, 0, 0.348689
1.139, 0, 0, 0, 0.0820319, 1.27873, 0, 0.611397, 0.131402, 0, 0.412857, 0.11791, 0, 0, 0.348688
1.14, 0, 0, 0, 0.0820371, 1.27873, 0, 0.611399, 0.131402, 0, 0.412859, 0.11791, 0, 0, 0.34869
1.141, 0, 0, 0, 0.0820316, 1.27873, 0, 0.611396, 0.131402, 0, 0.412857, 0.11791, 0, 0, 0.348689
1.142, 0, 0, 0, 0.0820321, 1.27872, 0, 0.611396, 0.131402, 0, 0.412857, 0.11791, 0, 0, 0.348688
1.143, 0, 0, 0, 0.0820408, 1.27872, 0, 0.6114, 0.131403, 0, 0.41286, 0.11791, 0, 0, 0.34869
1.144, 0, 0, 0, 0.0820422, 1.27873, 0, 0.611399, 0.131403, 0, 0.41277, 0.117919, 0, 0, 0.348691
1.145, 0, 0, 0, 0.0820352, 1.27873, 0, 0.611396, 0.131403, 0, 0.412771, 0.117918, 0, 0, 0.348689
1.146, 0, 0, 0, 0.0820316, 1.27873, 0, 0.611396, 0.131402, 0, 0.412861, 0.117909, 0, 0, 0.348688
1.147, 0, 0, 0, 0.0820295, 1.27873, 0, 0.611396, 0.131402, 0, 0.412858, 0.117909, 0, 0, 0.348688
1.148, 0, 0, 0, 0.082028, 1.27873, 0, 0.611395, 0.131402, 0, 0.412858, 0.117909, 0, 0, 0.348688
1.149, 0, 0, 0, 0.08203, 1.27873, 0, 0.611396, 0.131402, 0, 0.412858, 0.11791, 0, 0, 0.348687
1.15, 0, 0, 0, 0.0820391, 1.27872, 0, 0.611399, 0.131402, 0, 0.41286, 0.11791, 0, 0, 0.348689
1.151, 0, 0, 0, 0.0820439, 1.27872, 0, 0.6114, 0.131403, 0, 0.412861, 0.11791, 0, 0, 0.348691
1.152, 0, 0, 0, 0.082044, 1.27873, 0, 0.611399, 0.131403, 0, 0.412862, 0.11791, 0, 0, 0.348691
1.153, 0, 0, 0, 0.0820368, 1.27873, 0, 0.611396, 0.131403, 0, 0.41286, 0.11791, 0, 0, 0.348689
1.154, 0, 0, 0, 0.0820332, 1.27873, 0, 0.611396, 0.131402, 0, 0.412859, 0.117909, 0, 0, 0.348688
1.155, 0, 0, 0, 0.0820308, 1.27873, 0, 0.611396, 0.131402, 0, 0.41286, 0.117909, 0, 0, 0.348688
1.156, 0, 0, 0, 0.0820292, 1.27873, 0, 0.611395, 0.131402, 0, 0.41286, 0.117909, 0, 0, 0.348687
1.157, 0, 0, 0, 0.0820318, 1.27872, 0, 0.611395, 0.131402, 0, 0.41277, 0.117917, 0, 0, 0.348687
1.158, 0, 0, 0, 0.0820406, 1.27872, 0, 0.611398, 0.131403, 0, 0.412775, 0.117917, 0, 0, 0.348689
1.159, 0, 0, 0, 0.0820418, 1.27873, 0, 0.611398, 0.131403, 0, 0.412867, 0.117909, 0, 0, 0.34869
1.16, 0, 0, 0, 0.082035, 1.27873, 0, 0.611395, 0.131403, 0, 0.412862, 0.117909, 0, 0, 0.348688
1.161, 0, 0, 0, 0.0820327, 1.27873, 0, 0.611395, 0.131402, 0, 0.412861, 0.117909, 0, 0, 0.348688
1.162, 0, 0, 0, 0.0820339, 1.27872, 0, 0.611395, 0.131402, 0, 0.412861, 0.117909, 0, 0, 0.348687
1.163, 0, 0, 0, 0.082039, 1.27873, 0, 0.611398, 0.131402, 0, 0.412864, 0.117909, 0, 0, 0.348689
1.164, 0, 0, 0, 0.0820365, 1.27872, 0, 0.611395, 0.131403, 0, 0.412862, 0.117909, 0, 0, 0.348688
1.165, 0, 0, 0, 0.0820408, 1.27873, 0, 0.611397, 0.131403, 0, 0.412864, 0.117909, 0, 0, 0.34869
1.166, 0, 0, 0, 0.0820351, 1.27873, 0, 0.611395, 0.131403, 0, 0.412863, 0.117909, 0, 0, 0.348688
1.167, 0, 0, 0, 0.0820326, 1.27873, 0, 0.611394, 0.131402, 0, 0.412772, 0.117917, 0, 0, 0.348688
1.168, 0, 0, 0, 0.0820344, 1.27872, 0, 0.611395, 0.131402, 0, 0.412775, 0.117916, 0, 0, 0.348687
1.169, 0, 0, 0, 0.082042, 1.27872, 0, 0.611398, 0.131403, 0, 0.412868, 0.117908, 0, 0, 0.348689
1.17, 0, 0, 0, 0.0820432, 1.27873, 0, 0.611398, 0.131403, 0, 0.412866, 0.117909, 0, 0, 0.34869
1.171, 0, 0, 0, 0.082035, 1.27872, 0, 0.611394, 0.131402, 0, 0.412855, 0.117908, 0, 0, 0.34776
1.172, 0, 0, 0, 0.0820347, 1.27875, 0, 0.611393, 0.131405, 0, 0.412874, 0.117911, 0, 0, 0.348694
1.173, 0, 0, 0, 0.0820258, 1.27873, 0, 0.611391, 0.1314, 0, 0.412862, 0.117906, 0, 0, 0.348734
1.174, 0, 0, 0, 0.0820349, 1.27873, 0, 0.611399, 0.131402, 0, 0.412864, 0.117908, 0, 0, 0.348734
1.175, 0, 0, 0, 0.0820331, 1.27872, 0, 0.611395, 0.131403, 0, 0.412862, 0.117909, 0, 0, 0.348729
1.176, 0, 0, 0, 0.0820413, 1.27872, 0, 0.611397, 0.131403, 0, 0.412864, 0.117909, 0, 0, 0.348726
1.177, 0, 0, 0, 0.0820464, 1.27872, 0, 0.611398, 0.131404, 0, 0.412866, 0.117909, 0, 0, 0.348725
1.178, 0, 0, 0, 0.0820461, 1.27873, 0, 0.611397, 0.131404, 0, 0.412867, 0.117909, 0, 0, 0.348722
1.179, 0, 0, 0, 0.0820393, 1.27873, 0, 0.611394, 0.131403, 0, 0.412774, 0.117917, 0, 0, 0.348718
1.18, 0, 0, 0, 0.082036, 1.27873, 0, 0.611394, 0.131403, 0, 0.412777, 0.117916, 0, 0, 0.348715
1.181, 0, 0, 0, 0.0820329, 1.27873, 0, 0.611394, 0.131402, 0, 0.412868, 0.117907, 0, 0, 0.348713
1.182, 0, 0, 0, 0.0820308, 1.27873, 0, 0.611393, 0.131402, 0, 0.412865, 0.117908, 0, 0, 0.348711
1.183, 0, 0, 0, 0.0820298, 1.27873, 0, 0.611393, 0.131402, 0, 0.412864, 0.117908, 0, 0, 0.348709
1.184, 0, 0, 0, 0.0820321, 1.27872, 0, 0.611394, 0.131402, 0, 0.412864, 0.117908, 0, 0, 0.348708
1.185, 0, 0, 0, 0.0820413, 1.27872, 0, 0.611397, 0.131403, 0, 0.412867, 0.117908, 0, 0, 0.348708
1.186, 0, 0, 0, 0.0820464, 1.27872, 0, 0.611398, 0.131403, 0, 0.412868, 0.117909, 0, 0, 0.348708
1.187, 0, 0, 0, 0.0820465, 1.27873, 0, 0.611397, 0.131404, 0, 0.412868, 0.117909, 0, 0, 0.348707
1.188, 0, 0, 0, 0.0820394, 1.27873, 0, 0.611394, 0.131403, 0, 0.412866, 0.117908, 0, 0, 0.348704
1.189, 0, 0, 0, 0.0820358, 1.27873, 0, 0.611394, 0.131403, 0, 0.412866, 0.117908, 0, 0, 0.348702
1.19, 0, 0, 0, 0.0820341, 1.27873, 0, 0.611393, 0.131402, 0, 0.412775, 0.117916, 0, 0, 0.348701
1.191, 0, 0, 0, 0.0820323, 1.27873, 0, 0.611393, 0.131402, 0, 0.412778, 0.117915, 0, 0, 0.348699
1.192, 0, 0, 0, 0.0820303, 1.27873, 0, 0.611393, 0.131402, 0, 0.412869, 0.117906, 0, 0, 0.348698
1.193, 0, 0, 0, 0.0820325, 1.27872, 0, 0.611393, 0.131402, 0, 0.412866, 0.117907, 0, 0, 0.348697
1.194, 0, 0, 0, 0.082042, 1.27872, 0, 0.611397, 0.131403, 0, 0.412868, 0.117908, 0, 0, 0.348699
1.195, 0, 0, 0, 0.0820469, 1.27872, 0, 0.611397, 0.131404, 0, 0.412869, 0.117909, 0, 0, 0.348699
1.196, 0, 0, 0, 0.0820471, 1.27873, 0, 0.611397, 0.131404, 0, 0.412869, 0.117908, 0, 0, 0.348699
1.197, 0, 0, 0, 0.08204, 1.27873, 0, 0.611394, 0.131403, 0, 0.412867, 0.117908, 0, 0, 0.348696
1.198, 0, 0, 0, 0.0820364, 1.27873, 0, 0.611393, 0.131403, 0, 0.412867, 0.117908, 0, 0, 0.348695
1.199, 0, 0, 0, 0.0820341, 1.27873, 0, 0.611393, 0.131403, 0, 0.412867, 0.117907, 0, 0, 0.348694
1.2, 0, 0, 0, 0.0820321, 1.27873, 0, 0.611393, 0.131402, 0, 0.412867, 0.117907, 0, 0, 0.348693
1.201, 0, 0, 0, 0.0820314, 1.27873, 0, 0.611392, 0.131402, 0, 0.412776, 0.117916, 0, 0, 0.348692
1.202, 0, 0, 0, 0.0820339, 1.27872, 0, 0.611393, 0.131403, 0, 0.412779, 0.117915, 0, 0, 0.348692
1.203, 0, 0, 0, 0.0820425, 1.27872, 0, 0.611396, 0.131403, 0, 0.412873, 0.117907, 0, 0, 0.348693
1.204, 0, 0, 0, 0.0820473, 1.27872, 0, 0.611397, 0.131404, 0, 0.412871, 0.117908, 0, 0, 0.348694
1.205, 0, 0, 0, 0.0820477, 1.27873, 0, 0.611396, 0.131404, 0, 0.41287, 0.117908, 0, 0, 0.348694
1.206, 0, 0, 0, 0.0820406, 1.27873, 0, 0.611393, 0.131404, 0, 0.412868, 0.117908, 0, 0, 0.348692
1.207, 0, 0, 0, 0.082037, 1.27873, 0, 0.611393, 0.131403, 0, 0.412868, 0.117907, 0, 0, 0.348691
1.208, 0, 0, 0, 0.0820347, 1.27873, 0, 0.611393, 0.131403, 0, 0.412868, 0.117907, 0, 0, 0.348691
1.209, 0, 0, 0, 0.0820327, 1.27873, 0, 0.611392, 0.131402, 0, 0.412867, 0.117907, 0, 0, 0.34869
1.21, 0, 0, 0, 0.0820315, 1.27873, 0, 0.611392, 0.131402, 0, 0.412867, 0.117907, 0, 0, 0.348689
1.211, 0, 0, 0, 0.0820338, 1.27872, 0, 0.611392, 0.131403, 0, 0.412868, 0.117907, 0, 0, 0.348689
1.212, 0, 0, 0, 0.0820436, 1.27872, 0, 0.611395, 0.131403, 0, 0.41278, 0.117916, 0, 0, 0.348691
1.213, 0, 0, 0, 0.0820487, 1.27872, 0, 0.611396, 0.131404, 0, 0.412784, 0.117916, 0, 0, 0.348692
1.214, 0, 0, 0, 0.0820482, 1.27873, 0, 0.611396, 0.131404, 0, 0.412875, 0.117907, 0, 0, 0.348692
1.215, 0, 0, 0, 0.082041, 1.27873, 0, 0.611393, 0.131404, 0, 0.41287, 0.117908, 0, 0, 0.34869
1.216, 0, 0, 0, 0.0820377, 1.27873, 0, 0.611392, 0.131403, 0, 0.412869, 0.117907, 0, 0, 0.348689
1.217, 0, 0, 0, 0.0820354, 1.27873, 0, 0.611392, 0.131403, 0, 0.412868, 0.117907, 0, 0, 0.348689
1.218, 0, 0, 0, 0.0820334, 1.27873, 0, 0.611392, 0.131403, 0, 0.412868, 0.117907, 0, 0, 0.348689
1.219, 0, 0, 0, 0.0820321, 1.27873, 0, 0.611392, 0.131402, 0, 0.412868, 0.117907, 0, 0, 0.348688
1.22, 0, 0, 0, 0.0820344, 1.27872, 0, 0.611392, 0.131403, 0, 0.412868, 0.117907, 0, 0, 0.348688
1.221, 0, 0, 0, 0.0820437, 1.27872, 0, 0.611395, 0.131403, 0, 0.412871, 0.117907, 0, 0, 0.34869
1.222, 0, 0, 0, 0.0820457, 1.27873, 0, 0.611395, 0.131404, 0, 0.412872, 0.117907, 0, 0, 0.348691
1.223, 0, 0, 0, 0.0820397, 1.27873, 0, 0.611391, 0.131403, 0, 0.412779, 0.117916, 0, 0, 0.348689
1.224, 0, 0, 0, 0.0820369, 1.27873, 0, 0.611392, 0.131403, 0, 0.412872, 0.117906, 0, 0, 0.348689
1.225, 0, 0, 0, 0.0820349, 1.27873, 0, 0.611392, 0.131403, 0, 0.41287, 0.117907, 0, 0, 0.348688
1.226, 0, 0, 0, 0.0820371, 1.27872, 0, 0.611392, 0.131403, 0, 0.412779, 0.117915, 0, 0, 0.348688
1.227, 0, 0, 0, 0.0820456, 1.27872, 0, 0.611395, 0.131403, 0, 0.412875, 0.117906, 0, 0, 0.34869
1.228, 0, 0, 0, 0.0820467, 1.27873, 0, 0.611395, 0.131404, 0, 0.412873, 0.117907, 0, 0, 0.348691
1.229, 0, 0, 0, 0.0820402, 1.27873, 0, 0.611392, 0.131404, 0, 0.41287, 0.117907, 0, 0, 0.348689
1.23, 0, 0, 0, 0.0820374, 1.27873, 0, 0.611391, 0.131403, 0, 0.41287, 0.117907, 0, 0, 0.348688
1.231, 0, 0, 0, 0.0820386, 1.27872, 0, 0.611392, 0.131403, 0, 0.41287, 0.117907, 0, 0, 0.348688
1.232, 0, 0, 0, 0.0820435, 1.27873, 0, 0.611395, 0.131403, 0, 0.412872, 0.117907, 0, 0, 0.34869
1.233, 0, 0, 0, 0.0820386, 1.27873, 0, 0.611391, 0.131403, 0, 0.41278, 0.117915, 0, 0, 0.348689
1.234, 0, 0, 0, 0.0820357, 1.27873, 0, 0.611391, 0.131403, 0, 0.412873, 0.117906, 0, 0, 0.348688
1.235, 0, 0, 0, 0.0820372, 1.27872, 0, 0.611392, 0.131403, 0, 0.412871, 0.117907, 0, 0, 0.348688
1.236, 0, 0, 0, 0.082046, 1.27872, 0, 0.611395, 0.131403, 0, 0.412873, 0.117907, 0, 0, 0.34869
1.237, 0, 0, 0, 0.0820474, 1.27873, 0, 0.611395, 0.131404, 0, 0.412873, 0.117907, 0, 0, 0.348691
1.238, 0, 0, 0, 0.0820411, 1.27873, 0, 0.611391, 0.131404, 0, 0.41278, 0.117916, 0, 0, 0.348689
1.239, 0, 0, 0, 0.082038, 1.27873, 0, 0.611391, 0.131403, 0, 0.412874, 0.117906, 0, 0, 0.348688
1.24, 0, 0, 0, 0.0820358, 1.27873, 0, 0.611391, 0.131403, 0, 0.412871, 0.117906, 0, 0, 0.348688
1.241, 0, 0, 0, 0.0820344, 1.27873, 0, 0.611391, 0.131403, 0, 0.412871, 0.117906, 0, 0, 0.348688
1.242, 0, 0, 0, 0.0820364, 1.27872, 0, 0.611391, 0.131403, 0, 0.412871, 0.117907, 0, 0, 0.348688
1.243, 0, 0, 0, 0.0820456, 1.27872, 0, 0.611394, 0.131403, 0, 0.412873, 0.117907, 0, 0, 0.34869
1.244, 0, 0, 0, 0.0820508, 1.27872, 0, 0.611395, 0.131404, 0, 0.412783, 0.117916, 0, 0, 0.348691
1.245, 0, 0, 0, 0.0820506, 1.27872, 0, 0.611394, 0.131404, 0, 0.412877, 0.117907, 0, 0, 0.348691
1.246, 0, 0, 0, 0.082043, 1.27873, 0, 0.611391, 0.131404, 0, 0.412872, 0.117907, 0, 0, 0.348689
1.247, 0, 0, 0, 0.0820397, 1.27873, 0, 0.611391, 0.131403, 0, 0.412872, 0.117907, 0, 0, 0.348688
1.248, 0, 0, 0, 0.0820373, 1.27873, 0, 0.611391, 0.131403, 0, 0.412871, 0.117906, 0, 0, 0.348688
1.249, 0, 0, 0, 0.0820358, 1.27873, 0, 0.61139, 0.131403, 0, 0.412781, 0.117915, 0, 0, 0.348688
1.25, 0, 0, 0, 0.0820342, 1.27873, 0, 0.61139, 0.131403, 0, 0.412874, 0.117905, 0, 0, 0.348687
1.251, 0, 0, 0, 0.0820331, 1.27873, 0, 0.61139, 0.131403, 0, 0.412871, 0.117906, 0, 0, 0.348687
1.252, 0, 0, 0, 0.082036, 1.27872, 0, 0.61139, 0.131403, 0, 0.412871, 0.117906, 0, 0, 0.348687
1.253, 0, 0, 0, 0.0820441, 1.27871, 0, 0.611394, 0.131403, 0, 0.412865, 0.117906, 0, 0, 0.347761
1.254, 0, 0, 0, 0.0820487, 1.27874, 0, 0.611392, 0.131406, 0, 0.412885, 0.117909, 0, 0, 0.348697
1.255, 0, 0, 0, 0.0820359, 1.27872, 0, 0.611387, 0.131401, 0, 0.41278, 0.117913, 0, 0, 0.348735
1.256, 0, 0, 0, 0.0820439, 1.27873, 0, 0.611395, 0.131403, 0, 0.412876, 0.117906, 0, 0, 0.348735
1.257, 0, 0, 0, 0.0820411, 1.27872, 0, 0.611391, 0.131404, 0, 0.412872, 0.117907, 0, 0, 0.34873
1.258, 0, 0, 0, 0.0820486, 1.27872, 0, 0.611394, 0.131404, 0, 0.412873, 0.117907, 0, 0, 0.348727
1.259, 0, 0, 0, 0.08205, 1.27872, 0, 0.611394, 0.131404, 0, 0.412875, 0.117907, 0, 0, 0.348725
1.26, 0, 0, 0, 0.082043, 1.27873, 0, 0.61139, 0.131404, 0, 0.412782, 0.117915, 0, 0, 0.348721
1.261, 0, 0, 0, 0.0820396, 1.27873, 0, 0.61139, 0.131403, 0, 0.412875, 0.117906, 0, 0, 0.348718
1.262, 0, 0, 0, 0.0820374, 1.27873, 0, 0.61139, 0.131403, 0, 0.412873, 0.117906, 0, 0, 0.348715
1.263, 0, 0, 0, 0.0820358, 1.27873, 0, 0.61139, 0.131403, 0, 0.412872, 0.117906, 0, 0, 0.348713
1.264, 0, 0, 0, 0.0820348, 1.27873, 0, 0.611389, 0.131403, 0, 0.412872, 0.117906, 0, 0, 0.348711
1.265, 0, 0, 0, 0.0820373, 1.27872, 0, 0.61139, 0.131403, 0, 0.412872, 0.117906, 0, 0, 0.34871
1.266, 0, 0, 0, 0.0820472, 1.27872, 0, 0.611393, 0.131404, 0, 0.412784, 0.117915, 0, 0, 0.34871
1.267, 0, 0, 0, 0.0820519, 1.27872, 0, 0.611394, 0.131404, 0, 0.412878, 0.117906, 0, 0, 0.34871
1.268, 0, 0, 0, 0.0820518, 1.27872, 0, 0.611393, 0.131404, 0, 0.412876, 0.117907, 0, 0, 0.348709
1.269, 0, 0, 0, 0.082045, 1.27873, 0, 0.61139, 0.131404, 0, 0.412873, 0.117907, 0, 0, 0.348706
1.27, 0, 0, 0, 0.0820414, 1.27873, 0, 0.61139, 0.131404, 0, 0.412873, 0.117906, 0, 0, 0.348704
1.271, 0, 0, 0, 0.0820396, 1.27873, 0, 0.611389, 0.131403, 0, 0.412782, 0.117915, 0, 0, 0.348702
1.272, 0, 0, 0, 0.0820373, 1.27873, 0, 0.611389, 0.131403, 0, 0.412875, 0.117905, 0, 0, 0.348701
1.273, 0, 0, 0, 0.0820357, 1.27873, 0, 0.611389, 0.131403, 0, 0.412873, 0.117906, 0, 0, 0.348699
1.274, 0, 0, 0, 0.0820352, 1.27873, 0, 0.611389, 0.131403, 0, 0.412872, 0.117906, 0, 0, 0.348699
1.275, 0, 0, 0, 0.0820377, 1.27872, 0, 0.611389, 0.131403, 0, 0.412872, 0.117906, 0, 0, 0.348697
1.276, 0, 0, 0, 0.0820474, 1.27872, 0, 0.611393, 0.131404, 0, 0.412875, 0.117907, 0, 0, 0.348699
1.277, 0, 0, 0, 0.0820529, 1.27872, 0, 0.611393, 0.131404, 0, 0.412785, 0.117916, 0, 0, 0.348699
1.278, 0, 0, 0, 0.0820529, 1.27872, 0, 0.611393, 0.131405, 0, 0.412879, 0.117906, 0, 0, 0.348699
1.279, 0, 0, 0, 0.0820454, 1.27873, 0, 0.611389, 0.131404, 0, 0.412874, 0.117907, 0, 0, 0.348697
1.28, 0, 0, 0, 0.0820422, 1.27873, 0, 0.611389, 0.131404, 0, 0.412873, 0.117906, 0, 0, 0.348695
1.281, 0, 0, 0, 0.0820399, 1.27873, 0, 0.611389, 0.131403, 0, 0.412873, 0.117906, 0, 0, 0.348694
1.282, 0, 0, 0, 0.0820383, 1.27873, 0, 0.611388, 0.131403, 0, 0.412782, 0.117915, 0, 0, 0.348693
1.283, 0, 0, 0, 0.0820367, 1.27873, 0, 0.611388, 0.131403, 0, 0.412876, 0.117905, 0, 0, 0.348693
1.284, 0, 0, 0, 0.0820356, 1.27873, 0, 0.611388, 0.131403, 0, 0.412873, 0.117906, 0, 0, 0.348692
1.285, 0, 0, 0, 0.0820384, 1.27872, 0, 0.611389, 0.131403, 0, 0.412873, 0.117906, 0, 0, 0.348692
1.286, 0, 0, 0, 0.082048, 1.27872, 0, 0.611392, 0.131404, 0, 0.412875, 0.117907, 0, 0, 0.348694
1.287, 0, 0, 0, 0.0820531, 1.27872, 0, 0.611393, 0.131404, 0, 0.412876, 0.117907, 0, 0, 0.348694
1.288, 0, 0, 0, 0.0820538, 1.27872, 0, 0.611392, 0.131405, 0, 0.412786, 0.117916, 0, 0, 0.348695
1.289, 0, 0, 0, 0.0820468, 1.27873, 0, 0.611389, 0.131404, 0, 0.412786, 0.117914, 0, 0, 0.348692
1.29, 0, 0, 0, 0.0820427, 1.27873, 0, 0.611389, 0.131404, 0, 0.412877, 0.117905, 0, 0, 0.348691
1.291, 0, 0, 0, 0.0820402, 1.27873, 0, 0.611389, 0.131403, 0, 0.412874, 0.117906, 0, 0, 0.348691
1.292, 0, 0, 0, 0.0820384, 1.27873, 0, 0.611388, 0.131403, 0, 0.412873, 0.117906, 0, 0, 0.34869
1.293, 0, 0, 0, 0.0820371, 1.27873, 0, 0.611388, 0.131403, 0, 0.412873, 0.117906, 0, 0, 0.34869
1.294, 0, 0, 0, 0.0820363, 1.27873, 0, 0.611388, 0.131403, 0, 0.412872, 0.117906, 0, 0, 0.348689
1.295, 0, 0, 0, 0.0820389, 1.27872, 0, 0.611388, 0.131403, 0, 0.412873, 0.117906, 0, 0, 0.348689
1.296, 0, 0, 0, 0.0820485, 1.27872, 0, 0.611392, 0.131404, 0, 0.412875, 0.117907, 0, 0, 0.348691
1.297, 0, 0, 0, 0.0820506, 1.27872, 0, 0.611392, 0.131404, 0, 0.412876, 0.117907, 0, 0, 0.348692
1.298, 0, 0, 0, 0.0820442, 1.27873, 0, 0.611388, 0.131404, 0, 0.412874, 0.117907, 0, 0, 0.34869
1.299, 0, 0, 0, 0.0820418, 1.27873, 0, 0.611388, 0.131404, 0, 0.412874, 0.117906, 0, 0, 0.34869
1.3, 0, 0, 0, 0.0820432, 1.27872, 0, 0.611389, 0.131404, 0, 0.412874, 0.117906, 0, 0, 0.348689
1.301, 0, 0, 0, 0.0820488, 1.27872, 0, 0.611391, 0.131404, 0, 0.412786, 0.117915, 0, 0, 0.348691
1.302, 0, 0, 0, 0.0820434, 1.27873, 0, 0.611388, 0.131404, 0, 0.412787, 0.117914, 0, 0, 0.34869
1.303, 0, 0, 0, 0.0820403, 1.27873, 0, 0.611388, 0.131404, 0, 0.412877, 0.117905, 0, 0, 0.348689
1.304, 0, 0, 0, 0.0820421, 1.27872, 0, 0.611388, 0.131404, 0, 0.412875, 0.117906, 0, 0, 0.348689
1.305, 0, 0, 0, 0.0820509, 1.27872, 0, 0.611392, 0.131404, 0, 0.412876, 0.117907, 0, 0, 0.348691
1.306, 0, 0, 0, 0.0820522, 1.27872, 0, 0.611391, 0.131404, 0, 0.412877, 0.117907, 0, 0, 0.348692
1.307, 0, 0, 0, 0.0820454, 1.27873, 0, 0.611388, 0.131404, 0, 0.412874, 0.117907, 0, 0, 0.34869
1.308, 0, 0, 0, 0.0820426, 1.27873, 0, 0.611388, 0.131404, 0, 0.412874, 0.117906, 0, 0, 0.348689
1.309, 0, 0, 0, 0.0820408, 1.27873, 0, 0.611388, 0.131404, 0, 0.412874, 0.117906, 0, 0, 0.348689
1.31, 0, 0, 0, 0.0820396, 1.27873, 0, 0.611387, 0.131403, 0, 0.412783, 0.117914, 0, 0, 0.348688
1.311, 0, 0, 0, 0.0820383, 1.27873, 0, 0.611387, 0.131403, 0, 0.412877, 0.117905, 0, 0, 0.348688
1.312, 0, 0, 0, 0.0820403, 1.27872, 0, 0.611387, 0.131403, 0, 0.412874, 0.117906, 0, 0, 0.348688
1.313, 0, 0, 0, 0.08205, 1.27872, 0, 0.611391, 0.131404, 0, 0.412877, 0.117906, 0, 0, 0.34869
1.314, 0, 0, 0, 0.0820525, 1.27872, 0, 0.611391, 0.131405, 0, 0.412786, 0.117915, 0, 0, 0.348691
1.315, 0, 0, 0, 0.0820457, 1.27873, 0, 0.611387, 0.131404, 0, 0.412878, 0.117906, 0, 0, 0.34869
1.316, 0, 0, 0, 0.0820428, 1.27873, 0, 0.611387, 0.131404, 0, 0.412875, 0.117906, 0, 0, 0.348689
1.317, 0, 0, 0, 0.0820415, 1.27873, 0, 0.611387, 0.131404, 0, 0.412874, 0.117906, 0, 0, 0.348689
1.318, 0, 0, 0, 0.0820428, 1.27872, 0, 0.611388, 0.131404, 0, 0.412874, 0.117906, 0, 0, 0.348688
1.319, 0, 0, 0, 0.0820515, 1.27872, 0, 0.611391, 0.131404, 0, 0.412877, 0.117907, 0, 0, 0.34869
1.32, 0, 0, 0, 0.0820531, 1.27872, 0, 0.611391, 0.131405, 0, 0.412877, 0.117907, 0, 0, 0.348691
1.321, 0, 0, 0, 0.0820467, 1.27872, 0, 0.611387, 0.131404, 0, 0.412784, 0.117915, 0, 0, 0.348689
1.322, 0, 0, 0, 0.0820442, 1.27873, 0, 0.611387, 0.131404, 0, 0.412787, 0.117914, 0, 0, 0.348689
1.323, 0, 0, 0, 0.0820417, 1.27873, 0, 0.611387, 0.131404, 0, 0.412878, 0.117905, 0, 0, 0.348688
1.324, 0, 0, 0, 0.0820399, 1.27873, 0, 0.611387, 0.131403, 0, 0.412875, 0.117906, 0, 0, 0.348688
1.325, 0, 0, 0, 0.0820392, 1.27873, 0, 0.611387, 0.131403, 0, 0.412874, 0.117906, 0, 0, 0.348688
1.326, 0, 0, 0, 0.0820416, 1.27872, 0, 0.611387, 0.131404, 0, 0.412874, 0.117906, 0, 0, 0.348688
1.327, 0, 0, 0, 0.082051, 1.27872, 0, 0.61139, 0.131404, 0, 0.412876, 0.117907, 0, 0, 0.34869
1.328, 0, 0, 0, 0.082053, 1.27872, 0, 0.61139, 0.131405, 0, 0.412877, 0.117907, 0, 0, 0.348691
1.329, 0, 0, 0, 0.0820465, 1.27872, 0, 0.611387, 0.131404, 0, 0.412875, 0.117907, 0, 0, 0.348689
1.33, 0, 0, 0, 0.0820441, 1.27873, 0, 0.611387, 0.131404, 0, 0.412874, 0.117906, 0, 0, 0.348689
1.331, 0, 0, 0, 0.0820424, 1.27873, 0, 0.611387, 0.131404, 0, 0.412875, 0.117906, 0, 0, 0.348688
1.332, 0, 0, 0, 0.0820409, 1.27873, 0, 0.611386, 0.131404, 0, 0.412874, 0.117906, 0, 0, 0.348688
1.333, 0, 0, 0, 0.0820434, 1.27872, 0, 0.611387, 0.131404, 0, 0.412784, 0.117915, 0, 0, 0.348688
1.334, 0, 0, 0, 0.0820526, 1.27871, 0, 0.61139, 0.131404, 0, 0.412789, 0.117914, 0, 0, 0.34869
1.335, 0, 0, 0, 0.0820538, 1.27872, 0, 0.61139, 0.131405, 0, 0.412881, 0.117906, 0, 0, 0.348691
1.336, 0, 0, 0, 0.082047, 1.27872, 0, 0.611386, 0.131404, 0, 0.412876, 0.117906, 0, 0, 0.348689
1.337, 0, 0, 0, 0.0820448, 1.27873, 0, 0.611386, 0.131404, 0, 0.412875, 0.117906, 0, 0, 0.348689
1.338, 0, 0, 0, 0.0820429, 1.27873, 0, 0.611386, 0.131404, 0, 0.412875, 0.117906, 0, 0, 0.348688
1.339, 0, 0, 0, 0.0820398, 1.27872, 0, 0.611386, 0.131403, 0, 0.412866, 0.117905, 0, 0, 0.34776
1.34, 0, 0, 0, 0.0820445, 1.27873, 0, 0.611385, 0.131406, 0, 0.412886, 0.117908, 0, 0, 0.348694
1.341, 0, 0, 0, 0.0820466, 1.27871, 0, 0.611387, 0.131402, 0, 0.412876, 0.117904, 0, 0, 0.348737
1.342, 0, 0, 0, 0.082059, 1.27872, 0, 0.611394, 0.131405, 0, 0.412879, 0.117907, 0, 0, 0.348738
1.343, 0, 0, 0, 0.0820492, 1.27872, 0, 0.611387, 0.131405, 0, 0.412784, 0.117915, 0, 0, 0.348731
1.344, 0, 0, 0, 0.0820458, 1.27872, 0, 0.611385, 0.131404, 0, 0.412786, 0.117914, 0, 0, 0.348726
1.345, 0, 0, 0, 0.0820436, 1.27873, 0, 0.611386, 0.131404, 0, 0.412878, 0.117905, 0, 0, 0.348723
1.346, 0, 0, 0, 0.0820414, 1.27873, 0, 0.611385, 0.131404, 0, 0.412875, 0.117906, 0, 0, 0.34872
1.347, 0, 0, 0, 0.0820406, 1.27873, 0, 0.611385, 0.131404, 0, 0.412874, 0.117906, 0, 0, 0.348717
1.348, 0, 0, 0, 0.0820431, 1.27872, 0, 0.611386, 0.131404, 0, 0.412875, 0.117906, 0, 0, 0.348715
1.349, 0, 0, 0, 0.0820525, 1.27871, 0, 0.611389, 0.131404, 0, 0.412877, 0.117907, 0, 0, 0.348716
1.35, 0, 0, 0, 0.0820545, 1.27872, 0, 0.611389, 0.131405, 0, 0.412878, 0.117907, 0, 0, 0.348715
1.351, 0, 0, 0, 0.082048, 1.27872, 0, 0.611386, 0.131405, 0, 0.412875, 0.117907, 0, 0, 0.348712
1.352, 0, 0, 0, 0.0820456, 1.27872, 0, 0.611386, 0.131404, 0, 0.412875, 0.117906, 0, 0, 0.348709
1.353, 0, 0, 0, 0.0820439, 1.27873, 0, 0.611386, 0.131404, 0, 0.412875, 0.117906, 0, 0, 0.348708
1.354, 0, 0, 0, 0.0820459, 1.27872, 0, 0.611386, 0.131404, 0, 0.412785, 0.117915, 0, 0, 0.348706
1.355, 0, 0, 0, 0.0820519, 1.27872, 0, 0.611388, 0.131404, 0, 0.41279, 0.117914, 0, 0, 0.348707
1.356, 0, 0, 0, 0.082046, 1.27873, 0, 0.611385, 0.131404, 0, 0.412879, 0.117905, 0, 0, 0.348704
1.357, 0, 0, 0, 0.0820467, 1.27872, 0, 0.611385, 0.131404, 0, 0.412876, 0.117906, 0, 0, 0.348702
1.358, 0, 0, 0, 0.0820528, 1.27872, 0, 0.611389, 0.131404, 0, 0.412878, 0.117907, 0, 0, 0.348703
1.359, 0, 0, 0, 0.0820471, 1.27872, 0, 0.611385, 0.131405, 0, 0.412875, 0.117907, 0, 0, 0.348701
1.36, 0, 0, 0, 0.0820446, 1.27872, 0, 0.611385, 0.131404, 0, 0.412875, 0.117906, 0, 0, 0.348699
1.361, 0, 0, 0, 0.0820436, 1.27873, 0, 0.611385, 0.131404, 0, 0.412875, 0.117906, 0, 0, 0.348698
1.362, 0, 0, 0, 0.0820454, 1.27872, 0, 0.611385, 0.131404, 0, 0.412875, 0.117906, 0, 0, 0.348697
1.363, 0, 0, 0, 0.0820545, 1.27871, 0, 0.611388, 0.131405, 0, 0.412878, 0.117907, 0, 0, 0.348699
1.364, 0, 0, 0, 0.0820567, 1.27872, 0, 0.611388, 0.131405, 0, 0.412788, 0.117915, 0, 0, 0.348699
1.365, 0, 0, 0, 0.0820502, 1.27872, 0, 0.611385, 0.131405, 0, 0.412788, 0.117914, 0, 0, 0.348697
1.366, 0, 0, 0, 0.0820468, 1.27872, 0, 0.611385, 0.131404, 0, 0.412879, 0.117905, 0, 0, 0.348695
1.367, 0, 0, 0, 0.082045, 1.27872, 0, 0.611385, 0.131404, 0, 0.412876, 0.117906, 0, 0, 0.348694
1.368, 0, 0, 0, 0.0820436, 1.27873, 0, 0.611384, 0.131404, 0, 0.412875, 0.117906, 0, 0, 0.348694
1.369, 0, 0, 0, 0.0820426, 1.27873, 0, 0.611384, 0.131404, 0, 0.412875, 0.117906, 0, 0, 0.348693
1.37, 0, 0, 0, 0.082045, 1.27872, 0, 0.611385, 0.131404, 0, 0.412875, 0.117906, 0, 0, 0.348693
1.371, 0, 0, 0, 0.0820512, 1.27872, 0, 0.611387, 0.131404, 0, 0.412877, 0.117906, 0, 0, 0.348694
1.372, 0, 0, 0, 0.0820497, 1.27872, 0, 0.611385, 0.131405, 0, 0.412876, 0.117907, 0, 0, 0.348693
1.373, 0, 0, 0, 0.0820545, 1.27872, 0, 0.611387, 0.131405, 0, 0.412877, 0.117907, 0, 0, 0.348694
1.374, 0, 0, 0, 0.0820492, 1.27872, 0, 0.611385, 0.131405, 0, 0.412876, 0.117906, 0, 0, 0.348693
1.375, 0, 0, 0, 0.0820469, 1.27872, 0, 0.611384, 0.131404, 0, 0.412785, 0.117915, 0, 0, 0.348692
1.376, 0, 0, 0, 0.0820458, 1.27872, 0, 0.611384, 0.131404, 0, 0.412788, 0.117914, 0, 0, 0.348691
1.377, 0, 0, 0, 0.0820467, 1.27872, 0, 0.611384, 0.131404, 0, 0.412879, 0.117905, 0, 0, 0.348691
1.378, 0, 0, 0, 0.0820525, 1.27872, 0, 0.611387, 0.131404, 0, 0.412878, 0.117906, 0, 0, 0.348692
1.379, 0, 0, 0, 0.0820477, 1.27872, 0, 0.611384, 0.131405, 0, 0.412876, 0.117906, 0, 0, 0.348691
1.38, 0, 0, 0, 0.0820455, 1.27872, 0, 0.611384, 0.131404, 0, 0.412875, 0.117906, 0, 0, 0.34869
1.381, 0, 0, 0, 0.0820477, 1.27872, 0, 0.611385, 0.131404, 0, 0.412875, 0.117906, 0, 0, 0.34869
1.382, 0, 0, 0, 0.0820564, 1.27871, 0, 0.611388, 0.131405, 0, 0.412878, 0.117907, 0, 0, 0.348692
1.383, 0, 0, 0, 0.0820579, 1.27872, 0, 0.611388, 0.131405, 0, 0.412878, 0.117907, 0, 0, 0.348693
1.384, 0, 0, 0, 0.0820511, 1.27872, 0, 0.611384, 0.131405, 0, 0.412876, 0.117907, 0, 0, 0.348691
1.385, 0, 0, 0, 0.0820488, 1.27872, 0, 0.611384, 0.131405, 0, 0.412785, 0.117915, 0, 0, 0.34869
1.386, 0, 0, 0, 0.0820472, 1.27872, 0, 0.611384, 0.131404, 0, 0.412788, 0.117914, 0, 0, 0.34869
1.387, 0, 0, 0, 0.0820448, 1.27873, 0, 0.611383, 0.131404, 0, 0.412879, 0.117905, 0, 0, 0.348689
1.388, 0, 0, 0, 0.0820437, 1.27872, 0, 0.611383, 0.131404, 0, 0.412876, 0.117906, 0, 0, 0.348689
1.389, 0, 0, 0, 0.0820433, 1.27873, 0, 0.611383, 0.131404, 0, 0.412875, 0.117906, 0, 0, 0.348689
1.39, 0, 0, 0, 0.082046, 1.27872, 0, 0.611384, 0.131404, 0, 0.412875, 0.117906, 0, 0, 0.348689
1.391, 0, 0, 0, 0.0820556, 1.27871, 0, 0.611387, 0.131405, 0, 0.412877, 0.117907, 0, 0, 0.348691
1.392, 0, 0, 0, 0.0820577, 1.27872, 0, 0.611387, 0.131405, 0, 0.412878, 0.117907, 0, 0, 0.348692
1.393, 0, 0, 0, 0.0820513, 1.27872, 0, 0.611383, 0.131405, 0, 0.412876, 0.117907, 0, 0, 0.34869
1.394, 0, 0, 0, 0.0820489, 1.27872, 0, 0.611383, 0.131405, 0, 0.412876, 0.117906, 0, 0, 0.348689
1.395, 0, 0, 0, 0.0820473, 1.27872, 0, 0.611383, 0.131404, 0, 0.412876, 0.117906, 0, 0, 0.348689
1.396, 0, 0, 0, 0.0820462, 1.27872, 0, 0.611383, 0.131404, 0, 0.412785, 0.117914, 0, 0, 0.348689
1.397, 0, 0, 0, 0.0820485, 1.27872, 0, 0.611383, 0.131404, 0, 0.412788, 0.117914, 0, 0, 0.348689
1.398, 0, 0, 0, 0.0820539, 1.27872, 0, 0.611386, 0.131405, 0, 0.412881, 0.117905, 0, 0, 0.348691
1.399, 0, 0, 0, 0.0820489, 1.27872, 0, 0.611383, 0.131405, 0, 0.412876, 0.117906, 0, 0, 0.348689
1.4, 0, 0, 0, 0.0820502, 1.27871, 0, 0.611383, 0.131405, 0, 0.412876, 0.117907, 0, 0, 0.348689
1.401, 0, 0, 0, 0.082056, 1.27872, 0, 0.611386, 0.131405, 0, 0.412878, 0.117907, 0, 0, 0.348691
1.402, 0, 0, 0, 0.0820505, 1.27872, 0, 0.611383, 0.131405, 0, 0.412876, 0.117907, 0, 0, 0.34869
1.403, 0, 0, 0, 0.0820481, 1.27872, 0, 0.611382, 0.131404, 0, 0.412875, 0.117906, 0, 0, 0.348689
1.404, 0, 0, 0, 0.0820471, 1.27872, 0, 0.611383, 0.131404, 0, 0.412876, 0.117906, 0, 0, 0.348689
1.405, 0, 0, 0, 0.082049, 1.27872, 0, 0.611383, 0.131404, 0, 0.412876, 0.117906, 0, 0, 0.348689
1.406, 0, 0, 0, 0.0820555, 1.27872, 0, 0.611385, 0.131405, 0, 0.412788, 0.117915, 0, 0, 0.348691
1.407, 0, 0, 0, 0.0820507, 1.27872, 0, 0.611382, 0.131405, 0, 0.412789, 0.117914, 0, 0, 0.348689
1.408, 0, 0, 0, 0.0820509, 1.27871, 0, 0.611383, 0.131405, 0, 0.412879, 0.117905, 0, 0, 0.348689
1.409, 0, 0, 0, 0.0820565, 1.27872, 0, 0.611386, 0.131405, 0, 0.412879, 0.117907, 0, 0, 0.348691
1.41, 0, 0, 0, 0.0820513, 1.27872, 0, 0.611383, 0.131405, 0, 0.412876, 0.117907, 0, 0, 0.34869
1.411, 0, 0, 0, 0.0820487, 1.27872, 0, 0.611382, 0.131405, 0, 0.412875, 0.117906, 0, 0, 0.348689
1.412, 0, 0, 0, 0.0820477, 1.27872, 0, 0.611382, 0.131404, 0, 0.412875, 0.117906, 0, 0, 0.348689
1.413, 0, 0, 0, 0.0820495, 1.27871, 0, 0.611382, 0.131405, 0, 0.412875, 0.117906, 0, 0, 0.348689
1.414, 0, 0, 0, 0.0820555, 1.27872, 0, 0.611385, 0.131405, 0, 0.412878, 0.117907, 0, 0, 0.348691
1.415, 0, 0, 0, 0.0820505, 1.27872, 0, 0.611382, 0.131405, 0, 0.412876, 0.117906, 0, 0, 0.348689
1.416, 0, 0, 0, 0.0820485, 1.27872, 0, 0.611381, 0.131405, 0, 0.412876, 0.117906, 0, 0, 0.348689
1.417, 0, 0, 0, 0.0820512, 1.27871, 0, 0.611382, 0.131405, 0, 0.412786, 0.117915, 0, 0, 0.348689
1.418, 0, 0, 0, 0.0820569, 1.27872, 0, 0.611385, 0.131405, 0, 0.412791, 0.117914, 0, 0, 0.348691
1.419, 0, 0, 0, 0.0820511, 1.27872, 0, 0.611382, 0.131405, 0, 0.41288, 0.117906, 0, 0, 0.348689
1.42, 0, 0, 0, 0.0820488, 1.27872, 0, 0.611381, 0.131405, 0, 0.412876, 0.117906, 0, 0, 0.348689
1.421, 0, 0, 0, 0.0820512, 1.27871, 0, 0.611382, 0.131405, 0, 0.412876, 0.117907, 0, 0, 0.348689
1.422, 0, 0, 0, 0.0820567, 1.27872, 0, 0.611385, 0.131405, 0, 0.412878, 0.117907, 0, 0, 0.348691
1.423, 0, 0, 0, 0.0820515, 1.27872, 0, 0.611382, 0.131405, 0, 0.412876, 0.117907, 0, 0, 0.34869
1.424, 0, 0, 0, 0.0820493, 1.27872, 0, 0.611381, 0.131405, 0, 0.412876, 0.117906, 0, 0, 0.348689
1.425, 0, 0, 0, 0.0820485, 1.27872, 0, 0.611381, 0.131405, 0, 0.412876, 0.117906, 0, 0, 0.348689
1.426, 0, 0, 0, 0.0820509, 1.27871, 0, 0.611381, 0.131405, 0, 0.412785, 0.117915, 0, 0, 0.348688
1.427, 0, 0, 0, 0.0820597, 1.27871, 0, 0.611385, 0.131405, 0, 0.412881, 0.117906, 0, 0, 0.348691
1.428, 0, 0, 0, 0.0820611, 1.27872, 0, 0.611385, 0.131406, 0, 0.412879, 0.117907, 0, 0, 0.348692
1.429, 0, 0, 0, 0.0820532, 1.27871, 0, 0.611382, 0.131405, 0, 0.412868, 0.117906, 0, 0, 0.347762
1.43, 0, 0, 0, 0.0820536, 1.27874, 0, 0.61138, 0.131407, 0, 0.412797, 0.117917, 0, 0, 0.348695
1.431, 0, 0, 0, 0.0820446, 1.27872, 0, 0.611378, 0.131402, 0, 0.412878, 0.117903, 0, 0, 0.348735
1.432, 0, 0, 0, 0.0820532, 1.27872, 0, 0.611386, 0.131404, 0, 0.412878, 0.117906, 0, 0, 0.348736
1.433, 0, 0, 0, 0.0820485, 1.27872, 0, 0.611381, 0.131405, 0, 0.412875, 0.117907, 0, 0, 0.34873
1.434, 0, 0, 0, 0.0820472, 1.27872, 0, 0.61138, 0.131405, 0, 0.412874, 0.117906, 0, 0, 0.348726
1.435, 0, 0, 0, 0.082047, 1.27872, 0, 0.61138, 0.131405, 0, 0.412875, 0.117906, 0, 0, 0.348723
1.436, 0, 0, 0, 0.0820501, 1.27871, 0, 0.61138, 0.131405, 0, 0.412785, 0.117915, 0, 0, 0.34872
1.437, 0, 0, 0, 0.0820599, 1.27871, 0, 0.611384, 0.131405, 0, 0.412791, 0.117914, 0, 0, 0.34872
1.438, 0, 0, 0, 0.0820614, 1.27872, 0, 0.611384, 0.131406, 0, 0.412882, 0.117906, 0, 0, 0.348719
1.439, 0, 0, 0, 0.0820549, 1.27872, 0, 0.611381, 0.131405, 0, 0.412877, 0.117907, 0, 0, 0.348715
1.44, 0, 0, 0, 0.0820528, 1.27872, 0, 0.611381, 0.131405, 0, 0.412876, 0.117907, 0, 0, 0.348713
1.441, 0, 0, 0, 0.0820511, 1.27872, 0, 0.611381, 0.131405, 0, 0.412876, 0.117907, 0, 0, 0.348711
1.442, 0, 0, 0, 0.0820496, 1.27872, 0, 0.61138, 0.131405, 0, 0.412875, 0.117906, 0, 0, 0.348709
1.443, 0, 0, 0, 0.0820486, 1.27872, 0, 0.61138, 0.131405, 0, 0.412875, 0.117906, 0, 0, 0.348708
1.444, 0, 0, 0, 0.0820511, 1.27871, 0, 0.611381, 0.131405, 0, 0.412875, 0.117906, 0, 0, 0.348706
1.445, 0, 0, 0, 0.0820605, 1.27871, 0, 0.611384, 0.131405, 0, 0.412878, 0.117907, 0, 0, 0.348707
1.446, 0, 0, 0, 0.0820625, 1.27872, 0, 0.611384, 0.131406, 0, 0.412879, 0.117907, 0, 0, 0.348707
1.447, 0, 0, 0, 0.082056, 1.27872, 0, 0.61138, 0.131406, 0, 0.412876, 0.117907, 0, 0, 0.348704
1.448, 0, 0, 0, 0.082054, 1.27872, 0, 0.61138, 0.131405, 0, 0.412786, 0.117915, 0, 0, 0.348702
1.449, 0, 0, 0, 0.0820525, 1.27872, 0, 0.61138, 0.131405, 0, 0.412789, 0.117914, 0, 0, 0.348701
1.45, 0, 0, 0, 0.0820501, 1.27872, 0, 0.61138, 0.131405, 0, 0.412879, 0.117905, 0, 0, 0.3487
1.451, 0, 0, 0, 0.0820489, 1.27872, 0, 0.611379, 0.131405, 0, 0.412876, 0.117906, 0, 0, 0.348699
1.452, 0, 0, 0, 0.0820487, 1.27872, 0, 0.61138, 0.131405, 0, 0.412876, 0.117906, 0, 0, 0.348698
1.453, 0, 0, 0, 0.0820513, 1.27871, 0, 0.61138, 0.131405, 0, 0.412876, 0.117906, 0, 0, 0.348697
1.454, 0, 0, 0, 0.0820609, 1.27871, 0, 0.611383, 0.131405, 0, 0.412878, 0.117907, 0, 0, 0.348698
1.455, 0, 0, 0, 0.082063, 1.27872, 0, 0.611383, 0.131406, 0, 0.412879, 0.117907, 0, 0, 0.348699
1.456, 0, 0, 0, 0.0820566, 1.27872, 0, 0.61138, 0.131406, 0, 0.412876, 0.117907, 0, 0, 0.348697
1.457, 0, 0, 0, 0.0820546, 1.27872, 0, 0.61138, 0.131405, 0, 0.412786, 0.117915, 0, 0, 0.348695
1.458, 0, 0, 0, 0.082053, 1.27872, 0, 0.61138, 0.131405, 0, 0.412788, 0.117914, 0, 0, 0.348695
1.459, 0, 0, 0, 0.0820509, 1.27872, 0, 0.611379, 0.131405, 0, 0.412879, 0.117905, 0, 0, 0.348694
1.46, 0, 0, 0, 0.0820498, 1.27872, 0, 0.611379, 0.131405, 0, 0.412876, 0.117906, 0, 0, 0.348693
1.461, 0, 0, 0, 0.0820494, 1.27872, 0, 0.611379, 0.131405, 0, 0.412875, 0.117906, 0, 0, 0.348693
1.462, 0, 0, 0, 0.0820521, 1.27871, 0, 0.611379, 0.131405, 0, 0.412875, 0.117907, 0, 0, 0.348692
1.463, 0, 0, 0, 0.0820586, 1.27872, 0, 0.611382, 0.131405, 0, 0.412878, 0.117907, 0, 0, 0.348694
1.464, 0, 0, 0, 0.082054, 1.27872, 0, 0.611379, 0.131405, 0, 0.412876, 0.117907, 0, 0, 0.348693
1.465, 0, 0, 0, 0.0820553, 1.27871, 0, 0.611379, 0.131405, 0, 0.412876, 0.117907, 0, 0, 0.348692
1.466, 0, 0, 0, 0.0820614, 1.27872, 0, 0.611383, 0.131405, 0, 0.412878, 0.117907, 0, 0, 0.348694
1.467, 0, 0, 0, 0.0820559, 1.27872, 0, 0.611379, 0.131406, 0, 0.412876, 0.117907, 0, 0, 0.348692
1.468, 0, 0, 0, 0.082054, 1.27872, 0, 0.611378, 0.131405, 0, 0.412785, 0.117915, 0, 0, 0.348691
1.469, 0, 0, 0, 0.0820532, 1.27872, 0, 0.611379, 0.131405, 0, 0.412789, 0.117914, 0, 0, 0.348691
1.47, 0, 0, 0, 0.0820512, 1.27872, 0, 0.611379, 0.131405, 0, 0.412879, 0.117905, 0, 0, 0.348691
1.471, 0, 0, 0, 0.0820535, 1.27871, 0, 0.611379, 0.131405, 0, 0.412876, 0.117907, 0, 0, 0.34869
1.472, 0, 0, 0, 0.0820631, 1.27871, 0, 0.611382, 0.131406, 0, 0.412878, 0.117907, 0, 0, 0.348692
1.473, 0, 0, 0, 0.0820649, 1.27872, 0, 0.611382, 0.131406, 0, 0.412879, 0.117907, 0, 0, 0.348693
1.474, 0, 0, 0, 0.0820583, 1.27872, 0, 0.611379, 0.131406, 0, 0.412876, 0.117907, 0, 0, 0.348691
1.475, 0, 0, 0, 0.0820558, 1.27872, 0, 0.611379, 0.131405, 0, 0.412876, 0.117907, 0, 0, 0.348691
1.476, 0, 0, 0, 0.082054, 1.27872, 0, 0.611379, 0.131405, 0, 0.412876, 0.117907, 0, 0, 0.34869
1.477, 0, 0, 0, 0.0820529, 1.27872, 0, 0.611378, 0.131405, 0, 0.412785, 0.117915, 0, 0, 0.34869
1.478, 0, 0, 0, 0.0820517, 1.27872, 0, 0.611378, 0.131405, 0, 0.412879, 0.117905, 0, 0, 0.34869
1.479, 0, 0, 0, 0.0820508, 1.27872, 0, 0.611377, 0.131405, 0, 0.412876, 0.117906, 0, 0, 0.348689
1.48, 0, 0, 0, 0.082051, 1.27872, 0, 0.611378, 0.131405, 0, 0.412876, 0.117906, 0, 0, 0.348689
1.481, 0, 0, 0, 0.0820543, 1.27871, 0, 0.611378, 0.131405, 0, 0.412785, 0.117915, 0, 0, 0.348689
1.482, 0, 0, 0, 0.0820606, 1.27872, 0, 0.611381, 0.131405, 0, 0.412881, 0.117906, 0, 0, 0.348691
1.483, 0, 0, 0, 0.0820555, 1.27872, 0, 0.611378, 0.131405, 0, 0.412877, 0.117907, 0, 0, 0.34869
1.484, 0, 0, 0, 0.0820572, 1.27871, 0, 0.611378, 0.131405, 0, 0.412876, 0.117907, 0, 0, 0.34869
1.485, 0, 0, 0, 0.0820632, 1.27872, 0, 0.611381, 0.131406, 0, 0.412879, 0.117907, 0, 0, 0.348692
1.486, 0, 0, 0, 0.0820582, 1.27872, 0, 0.611378, 0.131406, 0, 0.412786, 0.117915, 0, 0, 0.34869
1.487, 0, 0, 0, 0.0820555, 1.27872, 0, 0.611378, 0.131405, 0, 0.412879, 0.117906, 0, 0, 0.34869
1.488, 0, 0, 0, 0.0820541, 1.27872, 0, 0.611378, 0.131405, 0, 0.412877, 0.117906, 0, 0, 0.348689
1.489, 0, 0, 0, 0.082053, 1.27872, 0, 0.611378, 0.131405, 0, 0.412876, 0.117907, 0, 0, 0.348689
1.49, 0, 0, 0, 0.0820551, 1.27871, 0, 0.611378, 0.131405, 0, 0.412876, 0.117907, 0, 0, 0.348689
1.491, 0, 0, 0, 0.0820621, 1.27872, 0, 0.61138, 0.131406, 0, 0.412788, 0.117915, 0, 0, 0.348691
1.492, 0, 0, 0, 0.0820568, 1.27872, 0, 0.611378, 0.131406, 0, 0.412879, 0.117906, 0, 0, 0.34869
1.493, 0, 0, 0, 0.0820545, 1.27872, 0, 0.611377, 0.131405, 0, 0.412876, 0.117907, 0, 0, 0.348689
1.494, 0, 0, 0, 0.0820571, 1.27871, 0, 0.611378, 0.131405, 0, 0.412876, 0.117907, 0, 0, 0.348689
1.495, 0, 0, 0, 0.0820628, 1.27872, 0, 0.611381, 0.131406, 0, 0.412878, 0.117907, 0, 0, 0.348691
1.496, 0, 0, 0, 0.0820576, 1.27872, 0, 0.611378, 0.131406, 0, 0.412876, 0.117907, 0, 0, 0.34869
1.497, 0, 0, 0, 0.082056, 1.27872, 0, 0.611377, 0.131405, 0, 0.412786, 0.117915, 0, 0, 0.348689
1.498, 0, 0, 0, 0.0820553, 1.27872, 0, 0.611377, 0.131405, 0, 0.412788, 0.117914, 0, 0, 0.348689
1.499, 0, 0, 0, 0.0820536, 1.27872, 0, 0.611376, 0.131405, 0, 0.412879, 0.117906, 0, 0, 0.348689
1.5, 0, 0, 0, 0.0820561, 1.27871, 0, 0.611377, 0.131405, 0, 0.412876, 0.117907, 0, 0, 0.348689
1.501, 0, 0, 0, 0.0820656, 1.27871, 0, 0.61138, 0.131406, 0, 0.412878, 0.117907, 0, 0, 0.348691
1.502, 0, 0, 0, 0.0820662, 1.27871, 0, 0.611379, 0.131406, 0, 0.412877, 0.117907, 0, 0, 0.348691
1.503, 0, 0, 0, 0.0820624, 1.27872, 0, 0.611378, 0.131406, 0, 0.412877, 0.117907, 0, 0, 0.348691
1.504, 0, 0, 0, 0.0820582, 1.27872, 0, 0.611377, 0.131406, 0, 0.412876, 0.117907, 0, 0, 0.34869
1.505, 0, 0, 0, 0.0820565, 1.27872, 0, 0.611377, 0.131405, 0, 0.412876, 0.117907, 0, 0, 0.348689
1.506, 0, 0, 0, 0.0820551, 1.27872, 0, 0.611376, 0.131405, 0, 0.412876, 0.117907, 0, 0, 0.348689
1.507, 0, 0, 0, 0.082054, 1.27872, 0, 0.611376, 0.131405, 0, 0.412876, 0.117906, 0, 0, 0.348689
1.508, 0, 0, 0, 0.0820539, 1.27872, 0, 0.611376, 0.131405, 0, 0.412785, 0.117915, 0, 0, 0.348689
1.509, 0, 0, 0, 0.0820538, 1.27872, 0, 0.611376, 0.131405, 0, 0.412788, 0.117914, 0, 0, 0.348689
1.51, 0, 0, 0, 0.082053, 1.27872, 0, 0.611376, 0.131405, 0, 0.412879, 0.117906, 0, 0, 0.348689
1.511, 0, 0, 0, 0.082053, 1.27872, 0, 0.611375, 0.131405, 0, 0.412876, 0.117906, 0, 0, 0.348689
1.512, 0, 0, 0, 0.0820566, 1.27871, 0, 0.611376, 0.131405, 0, 0.412876, 0.117907, 0, 0, 0.348689
1.513, 0, 0, 0, 0.0820664, 1.27871, 0, 0.611379, 0.131406, 0, 0.412878, 0.117907, 0, 0, 0.348691
1.514, 0, 0, 0, 0.0820686, 1.27871, 0, 0.61138, 0.131406, 0, 0.412879, 0.117908, 0, 0, 0.348692
1.515, 0, 0, 0, 0.0820622, 1.27872, 0, 0.611376, 0.131406, 0, 0.412876, 0.117907, 0, 0, 0.34869
1.516, 0, 0, 0, 0.0820599, 1.27872, 0, 0.611376, 0.131406, 0, 0.412876, 0.117907, 0, 0, 0.34869
1.517, 0, 0, 0, 0.0820581, 1.27872, 0, 0.611376, 0.131406, 0, 0.412876, 0.117907, 0, 0, 0.34869
1.518, 0, 0, 0, 0.082057, 1.27872, 0, 0.611375, 0.131405, 0, 0.412786, 0.117915, 0, 0, 0.348689
1.519, 0, 0, 0, 0.0820562, 1.27872, 0, 0.611375, 0.131405, 0, 0.412788, 0.117914, 0, 0, 0.348689
1.52, 0, 0, 0, 0.0820549, 1.27872, 0, 0.611375, 0.131405, 0, 0.412879, 0.117906, 0, 0, 0.348689
1.521, 0, 0, 0, 0.0820574, 1.27871, 0, 0.611376, 0.131405, 0, 0.412876, 0.117907, 0, 0, 0.348689
1.522, 0, 0, 0, 0.0820644, 1.27871, 0, 0.611378, 0.131406, 0, 0.412878, 0.117907, 0, 0, 0.348691
1.523, 0, 0, 0, 0.0820599, 1.27872, 0, 0.611375, 0.131406, 0, 0.412876, 0.117907, 0, 0, 0.34869
1.524, 0, 0, 0, 0.0820565, 1.27871, 0, 0.611375, 0.131405, 0, 0.412867, 0.117906, 0, 0, 0.347761
1.525, 0, 0, 0, 0.0820585, 1.27873, 0, 0.611374, 0.131408, 0, 0.412887, 0.117909, 0, 0, 0.348695
1.526, 0, 0, 0, 0.0820535, 1.2787, 0, 0.611372, 0.131403, 0, 0.412875, 0.117905, 0, 0, 0.348736
1.527, 0, 0, 0, 0.082071, 1.27871, 0, 0.611383, 0.131406, 0, 0.41279, 0.117916, 0, 0, 0.348738
1.528, 0, 0, 0, 0.0820624, 1.27872, 0, 0.611375, 0.131407, 0, 0.412788, 0.117915, 0, 0, 0.348732
1.529, 0, 0, 0, 0.0820585, 1.27872, 0, 0.611374, 0.131406, 0, 0.412878, 0.117906, 0, 0, 0.348727
1.53, 0, 0, 0, 0.0820577, 1.27872, 0, 0.611375, 0.131406, 0, 0.412876, 0.117907, 0, 0, 0.348724
1.531, 0, 0, 0, 0.0820597, 1.27871, 0, 0.611375, 0.131406, 0, 0.412876, 0.117907, 0, 0, 0.348721
1.532, 0, 0, 0, 0.0820656, 1.27871, 0, 0.611378, 0.131406, 0, 0.412878, 0.117907, 0, 0, 0.348721
1.533, 0, 0, 0, 0.0820606, 1.27872, 0, 0.611375, 0.131406, 0, 0.412876, 0.117907, 0, 0, 0.348718
1.534, 0, 0, 0, 0.0820586, 1.27872, 0, 0.611374, 0.131406, 0, 0.412875, 0.117907, 0, 0, 0.348715
1.535, 0, 0, 0, 0.0820578, 1.27872, 0, 0.611373, 0.131405, 0, 0.412876, 0.117907, 0, 0, 0.348713
1.536, 0, 0, 0, 0.0820576, 1.27872, 0, 0.611374, 0.131406, 0, 0.412876, 0.117907, 0, 0, 0.348712
1.537, 0, 0, 0, 0.0820591, 1.27871, 0, 0.611374, 0.131406, 0, 0.412876, 0.117907, 0, 0, 0.34871
1.538, 0, 0, 0, 0.0820665, 1.27871, 0, 0.611377, 0.131406, 0, 0.412788, 0.117916, 0, 0, 0.34871
1.539, 0, 0, 0, 0.0820623, 1.27872, 0, 0.611374, 0.131406, 0, 0.412789, 0.117915, 0, 0, 0.348708
1.54, 0, 0, 0, 0.0820597, 1.27872, 0, 0.611374, 0.131406, 0, 0.412879, 0.117906, 0, 0, 0.348706
1.541, 0, 0, 0, 0.0820588, 1.27872, 0, 0.611373, 0.131406, 0, 0.412876, 0.117907, 0, 0, 0.348704
1.542, 0, 0, 0, 0.0820585, 1.27872, 0, 0.611374, 0.131406, 0, 0.412876, 0.117907, 0, 0, 0.348703
1.543, 0, 0, 0, 0.0820605, 1.27871, 0, 0.611374, 0.131406, 0, 0.412876, 0.117907, 0, 0, 0.348702
1.544, 0, 0, 0, 0.0820672, 1.27871, 0, 0.611376, 0.131406, 0, 0.412878, 0.117907, 0, 0, 0.348703
1.545, 0, 0, 0, 0.0820625, 1.27872, 0, 0.611374, 0.131406, 0, 0.412876, 0.117907, 0, 0, 0.348701
1.546, 0, 0, 0, 0.0820608, 1.27871, 0, 0.611372, 0.131406, 0, 0.412785, 0.117915, 0, 0, 0.348699
1.547, 0, 0, 0, 0.0820602, 1.27872, 0, 0.611374, 0.131406, 0, 0.412879, 0.117906, 0, 0, 0.348699
1.548, 0, 0, 0, 0.0820584, 1.27872, 0, 0.611373, 0.131406, 0, 0.412876, 0.117907, 0, 0, 0.348698
1.549, 0, 0, 0, 0.0820614, 1.27871, 0, 0.611374, 0.131406, 0, 0.412876, 0.117907, 0, 0, 0.348697
1.55, 0, 0, 0, 0.0820682, 1.27871, 0, 0.611376, 0.131406, 0, 0.412788, 0.117916, 0, 0, 0.348698
1.551, 0, 0, 0, 0.0820631, 1.27872, 0, 0.611373, 0.131406, 0, 0.412879, 0.117907, 0, 0, 0.348697
1.552, 0, 0, 0, 0.0820608, 1.27872, 0, 0.611372, 0.131406, 0, 0.412876, 0.117907, 0, 0, 0.348695
1.553, 0, 0, 0, 0.0820603, 1.27872, 0, 0.611373, 0.131406, 0, 0.412876, 0.117907, 0, 0, 0.348695
1.554, 0, 0, 0, 0.0820591, 1.27872, 0, 0.611373, 0.131406, 0, 0.412876, 0.117907, 0, 0, 0.348694
1.555, 0, 0, 0, 0.0820618, 1.27871, 0, 0.611373, 0.131406, 0, 0.412876, 0.117907, 0, 0, 0.348694
1.556, 0, 0, 0, 0.0820686, 1.27871, 0, 0.611376, 0.131406, 0, 0.412788, 0.117916, 0, 0, 0.348696
1.557, 0, 0, 0, 0.082064, 1.27871, 0, 0.611373, 0.131406, 0, 0.412789, 0.117915, 0, 0, 0.348694
1.558, 0, 0, 0, 0.0820614, 1.27872, 0, 0.611372, 0.131406, 0, 0.412879, 0.117906, 0, 0, 0.348693
1.559, 0, 0, 0, 0.0820606, 1.27872, 0, 0.611373, 0.131406, 0, 0.412876, 0.117907, 0, 0, 0.348693
1.56, 0, 0, 0, 0.0820599, 1.27872, 0, 0.611372, 0.131406, 0, 0.412876, 0.117907, 0, 0, 0.348692
1.561, 0, 0, 0, 0.0820625, 1.27871, 0, 0.611372, 0.131406, 0, 0.412876, 0.117907, 0, 0, 0.348692
1.562, 0, 0, 0, 0.0820691, 1.27871, 0, 0.611375, 0.131406, 0, 0.412878, 0.117908, 0, 0, 0.348694
1.563, 0, 0, 0, 0.0820642, 1.27871, 0, 0.611372, 0.131406, 0, 0.412876, 0.117908, 0, 0, 0.348692
1.564, 0, 0, 0, 0.0820623, 1.27871, 0, 0.611372, 0.131406, 0, 0.412875, 0.117907, 0, 0, 0.348692
1.565, 0, 0, 0, 0.0820614, 1.27871, 0, 0.611372, 0.131406, 0, 0.412876, 0.117907, 0, 0, 0.348691
1.566, 0, 0, 0, 0.0820606, 1.27872, 0, 0.611372, 0.131406, 0, 0.412876, 0.117907, 0, 0, 0.348691
1.567, 0, 0, 0, 0.0820605, 1.27871, 0, 0.611371, 0.131406, 0, 0.412785, 0.117915, 0, 0, 0.348691
1.568, 0, 0, 0, 0.0820634, 1.27871, 0, 0.611372, 0.131406, 0, 0.412788, 0.117915, 0, 0, 0.348691
1.569, 0, 0, 0, 0.0820692, 1.27871, 0, 0.611375, 0.131406, 0, 0.412881, 0.117906, 0, 0, 0.348693
1.57, 0, 0, 0, 0.0820645, 1.27871, 0, 0.611372, 0.131406, 0, 0.412877, 0.117907, 0, 0, 0.348691
1.571, 0, 0, 0, 0.082063, 1.27871, 0, 0.611371, 0.131406, 0, 0.412876, 0.117907, 0, 0, 0.348691
1.572, 0, 0, 0, 0.0820626, 1.27871, 0, 0.611372, 0.131406, 0, 0.412876, 0.117907, 0, 0, 0.348691
1.573, 0, 0, 0, 0.0820614, 1.27872, 0, 0.611371, 0.131406, 0, 0.412876, 0.117907, 0, 0, 0.34869
1.574, 0, 0, 0, 0.0820638, 1.27871, 0, 0.611372, 0.131406, 0, 0.412876, 0.117907, 0, 0, 0.34869
1.575, 0, 0, 0, 0.0820704, 1.27871, 0, 0.611375, 0.131406, 0, 0.412878, 0.117907, 0, 0, 0.348692
1.576, 0, 0, 0, 0.0820659, 1.27871, 0, 0.611371, 0.131407, 0, 0.412786, 0.117916, 0, 0, 0.348691
1.577, 0, 0, 0, 0.0820641, 1.27871, 0, 0.61137, 0.131406, 0, 0.412788, 0.117915, 0, 0, 0.34869
1.578, 0, 0, 0, 0.0820631, 1.27871, 0, 0.611371, 0.131406, 0, 0.412879, 0.117906, 0, 0, 0.34869
1.579, 0, 0, 0, 0.0820616, 1.27872, 0, 0.611371, 0.131406, 0, 0.412876, 0.117907, 0, 0, 0.34869
1.58, 0, 0, 0, 0.0820612, 1.27871, 0, 0.611371, 0.131406, 0, 0.412875, 0.117907, 0, 0, 0.34869
1.581, 0, 0, 0, 0.0820642, 1.27871, 0, 0.611371, 0.131406, 0, 0.412876, 0.117907, 0, 0, 0.34869
1.582, 0, 0, 0, 0.0820708, 1.27871, 0, 0.611374, 0.131407, 0, 0.412878, 0.117908, 0, 0, 0.348692
1.583, 0, 0, 0, 0.0820659, 1.27871, 0, 0.611371, 0.131407, 0, 0.412876, 0.117908, 0, 0, 0.348691
1.584, 0, 0, 0, 0.082064, 1.27871, 0, 0.61137, 0.131406, 0, 0.412876, 0.117907, 0, 0, 0.34869
1.585, 0, 0, 0, 0.0820636, 1.27871, 0, 0.611371, 0.131406, 0, 0.412876, 0.117907, 0, 0, 0.34869
1.586, 0, 0, 0, 0.0820633, 1.27871, 0, 0.61137, 0.131406, 0, 0.412786, 0.117916, 0, 0, 0.34869
1.587, 0, 0, 0, 0.0820627, 1.27871, 0, 0.61137, 0.131406, 0, 0.412788, 0.117915, 0, 0, 0.34869
1.588, 0, 0, 0, 0.0820646, 1.27871, 0, 0.611371, 0.131406, 0, 0.412879, 0.117906, 0, 0, 0.34869
1.589, 0, 0, 0, 0.0820713, 1.27871, 0, 0.611373, 0.131406, 0, 0.412879, 0.117908, 0, 0, 0.348692
1.59, 0, 0, 0, 0.082067, 1.27871, 0, 0.611371, 0.131407, 0, 0.412876, 0.117908, 0, 0, 0.348691
1.591, 0, 0, 0, 0.082065, 1.27871, 0, 0.61137, 0.131406, 0, 0.412876, 0.117908, 0, 0, 0.34869
1.592, 0, 0, 0, 0.0820644, 1.27871, 0, 0.61137, 0.131406, 0, 0.412876, 0.117907, 0, 0, 0.34869
1.593, 0, 0, 0, 0.0820632, 1.27871, 0, 0.61137, 0.131406, 0, 0.412876, 0.117907, 0, 0, 0.34869
1.594, 0, 0, 0, 0.0820659, 1.27871, 0, 0.611371, 0.131406, 0, 0.412876, 0.117907, 0, 0, 0.34869
1.595, 0, 0, 0, 0.0820728, 1.27871, 0, 0.611372, 0.131407, 0, 0.412788, 0.117916, 0, 0, 0.348692
1.596, 0, 0, 0, 0.0820684, 1.27871, 0, 0.61137, 0.131407, 0, 0.412789, 0.117915, 0, 0, 0.348691
1.597, 0, 0, 0, 0.0820655, 1.27871, 0, 0.611369, 0.131407, 0, 0.412879, 0.117907, 0, 0, 0.34869
1.598, 0, 0, 0, 0.0820646, 1.27871, 0, 0.61137, 0.131406, 0, 0.412876, 0.117907, 0, 0, 0.34869
1.599, 0, 0, 0, 0.0820638, 1.27871, 0, 0.61137, 0.131406, 0, 0.412876, 0.117907, 0, 0, 0.34869
1.6, 0, 0, 0, 0.0820629, 1.27871, 0, 0.611369, 0.131406, 0, 0.412875, 0.117907, 0, 0, 0.34869
1.601, 0, 0, 0, 0.0820629, 1.27871, 0, 0.611369, 0.131406, 0, 0.412875, 0.117907, 0, 0, 0.34869
1.602, 0, 0, 0, 0.0820629, 1.27871, 0, 0.611369, 0.131406, 0, 0.412875, 0.117907, 0, 0, 0.34869
1.603, 0, 0, 0, 0.0820657, 1.27871, 0, 0.61137, 0.131407, 0, 0.412875, 0.117907, 0, 0, 0.34869
1.604, 0, 0, 0, 0.0820726, 1.27871, 0, 0.611372, 0.131407, 0, 0.412878, 0.117908, 0, 0, 0.348692
1.605, 0, 0, 0, 0.0820686, 1.27871, 0, 0.61137, 0.131407, 0, 0.412786, 0.117916, 0, 0, 0.348691
1.606, 0, 0, 0, 0.0820668, 1.27871, 0, 0.611369, 0.131407, 0, 0.412788, 0.117915, 0, 0, 0.34869
1.607, 0, 0, 0, 0.0820656, 1.27871, 0, 0.611369, 0.131407, 0, 0.412879, 0.117906, 0, 0, 0.34869
1.608, 0, 0, 0, 0.0820646, 1.27871, 0, 0.611369, 0.131406, 0, 0.412876, 0.117907, 0, 0, 0.34869
1.609, 0, 0, 0, 0.0820675, 1.2787, 0, 0.61137, 0.131407, 0, 0.412876, 0.117908, 0, 0, 0.34869
1.61, 0, 0, 0, 0.0820738, 1.27871, 0, 0.611372, 0.131407, 0, 0.412878, 0.117908, 0, 0, 0.348692
1.611, 0, 0, 0, 0.0820691, 1.27871, 0, 0.611369, 0.131407, 0, 0.412876, 0.117908, 0, 0, 0.348691
1.612, 0, 0, 0, 0.0820672, 1.27871, 0, 0.611369, 0.131407, 0, 0.412876, 0.117908, 0, 0, 0.34869
1.613, 0, 0, 0, 0.0820665, 1.27871, 0, 0.611369, 0.131407, 0, 0.412876, 0.117907, 0, 0, 0.34869
1.614, 0, 0, 0, 0.0820661, 1.27871, 0, 0.611368, 0.131407, 0, 0.412785, 0.117916, 0, 0, 0.34869
1.615, 0, 0, 0, 0.0820656, 1.27871, 0, 0.611368, 0.131407, 0, 0.412788, 0.117915, 0, 0, 0.34869
1.616, 0, 0, 0, 0.0820644, 1.27871, 0, 0.611368, 0.131406, 0, 0.412879, 0.117906, 0, 0, 0.34869
1.617, 0, 0, 0, 0.0820644, 1.27871, 0, 0.611368, 0.131406, 0, 0.412876, 0.117907, 0, 0, 0.34869
1.618, 0, 0, 0, 0.0820677, 1.2787, 0, 0.611369, 0.131407, 0, 0.412876, 0.117908, 0, 0, 0.34869
1.619, 0, 0, 0, 0.0820743, 1.27871, 0, 0.611371, 0.131407, 0, 0.412878, 0.117908, 0, 0, 0.348692
1.62, 0, 0, 0, 0.0820699, 1.27871, 0, 0.611368, 0.131407, 0, 0.412876, 0.117908, 0, 0, 0.348691
1.621, 0, 0, 0, 0.0820681, 1.27871, 0, 0.611368, 0.131407, 0, 0.412875, 0.117908, 0, 0, 0.34869
1.622, 0, 0, 0, 0.0820673, 1.27871, 0, 0.611368, 0.131407, 0, 0.412876, 0.117908, 0, 0, 0.34869
1.623, 0, 0, 0, 0.0820672, 1.27871, 0, 0.611367, 0.131407, 0, 0.412785, 0.117916, 0, 0, 0.34869
1.624, 0, 0, 0, 0.0820664, 1.27871, 0, 0.611368, 0.131407, 0, 0.412879, 0.117907, 0, 0, 0.34869
1.625, 0, 0, 0, 0.0820686, 1.2787, 0, 0.611368, 0.131407, 0, 0.412876, 0.117908, 0, 0, 0.34869
1.626, 0, 0, 0, 0.0820759, 1.27871, 0, 0.611371, 0.131407, 0, 0.412788, 0.117917, 0, 0, 0.348692
1.627, 0, 0, 0, 0.0820707, 1.27871, 0, 0.611368, 0.131407, 0, 0.412879, 0.117907, 0, 0, 0.348691
1.628, 0, 0, 0, 0.0820686, 1.27871, 0, 0.611367, 0.131407, 0, 0.412876, 0.117908, 0, 0, 0.34869
1.629, 0, 0, 0, 0.0820666, 1.2787, 0, 0.611368, 0.131406, 0, 0.412867, 0.117907, 0, 0, 0.347762
1.63, 0, 0, 0, 0.0820682, 1.27873, 0, 0.611366, 0.131409, 0, 0.412887, 0.11791, 0, 0, 0.348696
1.631, 0, 0, 0, 0.0820604, 1.27871, 0, 0.611365, 0.131404, 0, 0.412874, 0.117905, 0, 0, 0.348736
1.632, 0, 0, 0, 0.0820709, 1.27871, 0, 0.611372, 0.131406, 0, 0.412787, 0.117916, 0, 0, 0.348737
1.633, 0, 0, 0, 0.082067, 1.27871, 0, 0.611368, 0.131407, 0, 0.412878, 0.117907, 0, 0, 0.348732
1.634, 0, 0, 0, 0.0820657, 1.27871, 0, 0.611367, 0.131407, 0, 0.412875, 0.117908, 0, 0, 0.348727
1.635, 0, 0, 0, 0.0820696, 1.2787, 0, 0.611367, 0.131407, 0, 0.412785, 0.117916, 0, 0, 0.348724
1.636, 0, 0, 0, 0.0820758, 1.27871, 0, 0.61137, 0.131407, 0, 0.412881, 0.117907, 0, 0, 0.348724
1.637, 0, 0, 0, 0.0820709, 1.27871, 0, 0.611367, 0.131407, 0, 0.412876, 0.117908, 0, 0, 0.34872
1.638, 0, 0, 0, 0.0820694, 1.27871, 0, 0.611367, 0.131407, 0, 0.412876, 0.117908, 0, 0, 0.348718
1.639, 0, 0, 0, 0.0820688, 1.27871, 0, 0.611367, 0.131407, 0, 0.412876, 0.117908, 0, 0, 0.348716
1.64, 0, 0, 0, 0.0820679, 1.27871, 0, 0.611367, 0.131407, 0, 0.412876, 0.117908, 0, 0, 0.348714
1.641, 0, 0, 0, 0.0820674, 1.27871, 0, 0.611367, 0.131407, 0, 0.412876, 0.117908, 0, 0, 0.348712
1.642, 0, 0, 0, 0.0820707, 1.2787, 0, 0.611367, 0.131407, 0, 0.412785, 0.117916, 0, 0, 0.34871
1.643, 0, 0, 0, 0.0820774, 1.27871, 0, 0.61137, 0.131407, 0, 0.412791, 0.117916, 0, 0, 0.348711
1.644, 0, 0, 0, 0.082072, 1.27871, 0, 0.611367, 0.131408, 0, 0.412879, 0.117907, 0, 0, 0.348709
1.645, 0, 0, 0, 0.0820701, 1.27871, 0, 0.611366, 0.131407, 0, 0.412876, 0.117908, 0, 0, 0.348707
1.646, 0, 0, 0, 0.0820697, 1.27871, 0, 0.611367, 0.131407, 0, 0.412876, 0.117908, 0, 0, 0.348705
1.647, 0, 0, 0, 0.0820686, 1.27871, 0, 0.611366, 0.131407, 0, 0.412875, 0.117908, 0, 0, 0.348704
1.648, 0, 0, 0, 0.0820681, 1.27871, 0, 0.611366, 0.131407, 0, 0.412875, 0.117908, 0, 0, 0.348703
1.649, 0, 0, 0, 0.0820678, 1.27871, 0, 0.611366, 0.131407, 0, 0.412875, 0.117908, 0, 0, 0.348702
1.65, 0, 0, 0, 0.0820677, 1.27871, 0, 0.611366, 0.131407, 0, 0.412875, 0.117908, 0, 0, 0.348701
1.651, 0, 0, 0, 0.0820677, 1.27871, 0, 0.611366, 0.131407, 0, 0.412875, 0.117908, 0, 0, 0.3487
1.652, 0, 0, 0, 0.0820713, 1.2787, 0, 0.611366, 0.131407, 0, 0.412785, 0.117916, 0, 0, 0.348699
1.653, 0, 0, 0, 0.0820783, 1.27871, 0, 0.611369, 0.131408, 0, 0.41279, 0.117916, 0, 0, 0.348701
1.654, 0, 0, 0, 0.0820731, 1.27871, 0, 0.611366, 0.131408, 0, 0.412879, 0.117907, 0, 0, 0.348699
1.655, 0, 0, 0, 0.0820712, 1.27871, 0, 0.611366, 0.131407, 0, 0.412876, 0.117908, 0, 0, 0.348697
1.656, 0, 0, 0, 0.0820709, 1.27871, 0, 0.611366, 0.131407, 0, 0.412876, 0.117908, 0, 0, 0.348697
1.657, 0, 0, 0, 0.0820699, 1.27871, 0, 0.611366, 0.131407, 0, 0.412875, 0.117908, 0, 0, 0.348696
1.658, 0, 0, 0, 0.0820694, 1.27871, 0, 0.611365, 0.131407, 0, 0.412875, 0.117908, 0, 0, 0.348696
1.659, 0, 0, 0, 0.0820691, 1.27871, 0, 0.611365, 0.131407, 0, 0.412875, 0.117908, 0, 0, 0.348695
1.66, 0, 0, 0, 0.0820694, 1.27871, 0, 0.611365, 0.131407, 0, 0.412785, 0.117916, 0, 0, 0.348695
1.661, 0, 0, 0, 0.0820691, 1.27871, 0, 0.611365, 0.131407, 0, 0.412878, 0.117907, 0, 0, 0.348694
1.662, 0, 0, 0, 0.0820718, 1.2787, 0, 0.611365, 0.131407, 0, 0.412876, 0.117908, 0, 0, 0.348694
1.663, 0, 0, 0, 0.0820794, 1.27871, 0, 0.611368, 0.131408, 0, 0.412788, 0.117917, 0, 0, 0.348696
1.664, 0, 0, 0, 0.0820745, 1.27871, 0, 0.611366, 0.131408, 0, 0.412879, 0.117908, 0, 0, 0.348694
1.665, 0, 0, 0, 0.082072, 1.27871, 0, 0.611365, 0.131407, 0, 0.412876, 0.117908, 0, 0, 0.348693
1.666, 0, 0, 0, 0.0820713, 1.27871, 0, 0.611365, 0.131407, 0, 0.412876, 0.117908, 0, 0, 0.348693
1.667, 0, 0, 0, 0.0820705, 1.27871, 0, 0.611365, 0.131407, 0, 0.412876, 0.117908, 0, 0, 0.348693
1.668, 0, 0, 0, 0.0820698, 1.27871, 0, 0.611365, 0.131407, 0, 0.412875, 0.117908, 0, 0, 0.348693
1.669, 0, 0, 0, 0.08207, 1.27871, 0, 0.611365, 0.131407, 0, 0.412785, 0.117916, 0, 0, 0.348692
1.67, 0, 0, 0, 0.0820695, 1.27871, 0, 0.611365, 0.131407, 0, 0.412878, 0.117907, 0, 0, 0.348692
1.671, 0, 0, 0, 0.0820721, 1.2787, 0, 0.611365, 0.131407, 0, 0.412876, 0.117908, 0, 0, 0.348692
1.672, 0, 0, 0, 0.0820792, 1.27871, 0, 0.611368, 0.131408, 0, 0.412878, 0.117908, 0, 0, 0.348694
1.673, 0, 0, 0, 0.0820752, 1.27871, 0, 0.611365, 0.131408, 0, 0.412786, 0.117917, 0, 0, 0.348693
1.674, 0, 0, 0, 0.082073, 1.27871, 0, 0.611365, 0.131408, 0, 0.412878, 0.117907, 0, 0, 0.348692
1.675, 0, 0, 0, 0.0820721, 1.27871, 0, 0.611365, 0.131407, 0, 0.412876, 0.117908, 0, 0, 0.348692
1.676, 0, 0, 0, 0.0820714, 1.27871, 0, 0.611365, 0.131407, 0, 0.412876, 0.117908, 0, 0, 0.348691
1.677, 0, 0, 0, 0.0820709, 1.27871, 0, 0.611365, 0.131407, 0, 0.412875, 0.117908, 0, 0, 0.348691
1.678, 0, 0, 0, 0.0820711, 1.27871, 0, 0.611364, 0.131407, 0, 0.412785, 0.117916, 0, 0, 0.348691
1.679, 0, 0, 0, 0.0820706, 1.27871, 0, 0.611364, 0.131407, 0, 0.412878, 0.117907, 0, 0, 0.348691
1.68, 0, 0, 0, 0.0820702, 1.27871, 0, 0.611364, 0.131407, 0, 0.412876, 0.117908, 0, 0, 0.348691
1.681, 0, 0, 0, 0.0820705, 1.27871, 0, 0.611364, 0.131407, 0, 0.412875, 0.117908, 0, 0, 0.348691
1.682, 0, 0, 0, 0.0820711, 1.27871, 0, 0.611364, 0.131407, 0, 0.412785, 0.117917, 0, 0, 0.348691
1.683, 0, 0, 0, 0.0820739, 1.2787, 0, 0.611365, 0.131408, 0, 0.412878, 0.117907, 0, 0, 0.348691
1.684, 0, 0, 0, 0.0820804, 1.27871, 0, 0.611367, 0.131408, 0, 0.412878, 0.117908, 0, 0, 0.348693
1.685, 0, 0, 0, 0.0820762, 1.27871, 0, 0.611364, 0.131408, 0, 0.412876, 0.117909, 0, 0, 0.348692
1.686, 0, 0, 0, 0.0820744, 1.27871, 0, 0.611364, 0.131408, 0, 0.412876, 0.117908, 0, 0, 0.348691
1.687, 0, 0, 0, 0.0820743, 1.27871, 0, 0.611364, 0.131408, 0, 0.412785, 0.117917, 0, 0, 0.348691
1.688, 0, 0, 0, 0.0820731, 1.27871, 0, 0.611364, 0.131408, 0, 0.412878, 0.117907, 0, 0, 0.348691
1.689, 0, 0, 0, 0.0820721, 1.27871, 0, 0.611363, 0.131408, 0, 0.412876, 0.117908, 0, 0, 0.348691
1.69, 0, 0, 0, 0.0820721, 1.27871, 0, 0.611363, 0.131408, 0, 0.412875, 0.117908, 0, 0, 0.348691
1.691, 0, 0, 0, 0.0820722, 1.27871, 0, 0.611363, 0.131408, 0, 0.412785, 0.117917, 0, 0, 0.348691
1.692, 0, 0, 0, 0.0820715, 1.27871, 0, 0.611363, 0.131408, 0, 0.412878, 0.117907, 0, 0, 0.348691
1.693, 0, 0, 0, 0.0820713, 1.27871, 0, 0.611363, 0.131407, 0, 0.412876, 0.117908, 0, 0, 0.348691
1.694, 0, 0, 0, 0.0820745, 1.2787, 0, 0.611364, 0.131408, 0, 0.412875, 0.117908, 0, 0, 0.348691
1.695, 0, 0, 0, 0.0820813, 1.2787, 0, 0.611367, 0.131408, 0, 0.412878, 0.117909, 0, 0, 0.348693
1.696, 0, 0, 0, 0.0820768, 1.27871, 0, 0.611364, 0.131408, 0, 0.412876, 0.117909, 0, 0, 0.348692
1.697, 0, 0, 0, 0.0820756, 1.27871, 0, 0.611363, 0.131408, 0, 0.412785, 0.117917, 0, 0, 0.348691
1.698, 0, 0, 0, 0.0820753, 1.27871, 0, 0.611363, 0.131408, 0, 0.412788, 0.117916, 0, 0, 0.348691
1.699, 0, 0, 0, 0.0820736, 1.27871, 0, 0.611363, 0.131408, 0, 0.412879, 0.117907, 0, 0, 0.348691
1.7, 0, 0, 0, 0.082073, 1.27871, 0, 0.611363, 0.131408, 0, 0.412876, 0.117908, 0, 0, 0.348691
1.701, 0, 0, 0, 0.082073, 1.27871, 0, 0.611363, 0.131408, 0, 0.412875, 0.117908, 0, 0, 0.348691
1.702, 0, 0, 0, 0.0820727, 1.27871, 0, 0.611363, 0.131408, 0, 0.412875, 0.117908, 0, 0, 0.348691
1.703, 0, 0, 0, 0.0820727, 1.27871, 0, 0.611363, 0.131408, 0, 0.412875, 0.117908, 0, 0, 0.348691
1.704, 0, 0, 0, 0.0820728, 1.27871, 0, 0.611362, 0.131408, 0, 0.412875, 0.117908, 0, 0, 0.348691
1.705, 0, 0, 0, 0.0820729, 1.27871, 0, 0.611362, 0.131408, 0, 0.412875, 0.117908, 0, 0, 0.348691
1.706, 0, 0, 0, 0.082076, 1.2787, 0, 0.611363, 0.131408, 0, 0.412875, 0.117908, 0, 0, 0.348691
1.707, 0, 0, 0, 0.0820834, 1.2787, 0, 0.611365, 0.131408, 0, 0.412787, 0.117917, 0, 0, 0.348693
1.708, 0, 0, 0, 0.0820791, 1.27871, 0, 0.611363, 0.131409, 0, 0.412789, 0.117916, 0, 0, 0.348692
1.709, 0, 0, 0, 0.0820767, 1.27871, 0, 0.611362, 0.131408, 0, 0.412879, 0.117908, 0, 0, 0.348691
1.71, 0, 0, 0, 0.082076, 1.27871, 0, 0.611362, 0.131408, 0, 0.412876, 0.117908, 0, 0, 0.348691
1.711, 0, 0, 0, 0.0820753, 1.27871, 0, 0.611362, 0.131408, 0, 0.412875, 0.117908, 0, 0, 0.348691
1.712, 0, 0, 0, 0.0820748, 1.27871, 0, 0.611362, 0.131408, 0, 0.412875, 0.117908, 0, 0, 0.348691
1.713, 0, 0, 0, 0.0820745, 1.27871, 0, 0.611362, 0.131408, 0, 0.412875, 0.117908, 0, 0, 0.348691
1.714, 0, 0, 0, 0.0820743, 1.27871, 0, 0.611361, 0.131408, 0, 0.412875, 0.117908, 0, 0, 0.348691
1.715, 0, 0, 0, 0.0820748, 1.27871, 0, 0.611361, 0.131408, 0, 0.412785, 0.117917, 0, 0, 0.348691
1.716, 0, 0, 0, 0.0820751, 1.27871, 0, 0.611361, 0.131408, 0, 0.412788, 0.117916, 0, 0, 0.348691
1.717, 0, 0, 0, 0.0820744, 1.27871, 0, 0.611361, 0.131408, 0, 0.412878, 0.117907, 0, 0, 0.348691
1.718, 0, 0, 0, 0.0820742, 1.27871, 0, 0.611361, 0.131408, 0, 0.412875, 0.117908, 0, 0, 0.348691
1.719, 0, 0, 0, 0.0820743, 1.27871, 0, 0.611361, 0.131408, 0, 0.412875, 0.117908, 0, 0, 0.348691
1.72, 0, 0, 0, 0.0820745, 1.27871, 0, 0.611361, 0.131408, 0, 0.412875, 0.117908, 0, 0, 0.348691
1.721, 0, 0, 0, 0.0820776, 1.2787, 0, 0.611362, 0.131408, 0, 0.412875, 0.117909, 0, 0, 0.348691
1.722, 0, 0, 0, 0.0820845, 1.2787, 0, 0.611365, 0.131408, 0, 0.412877, 0.117909, 0, 0, 0.348693
1.723, 0, 0, 0, 0.08208, 1.27871, 0, 0.611362, 0.131409, 0, 0.412876, 0.117909, 0, 0, 0.348692
1.724, 0, 0, 0, 0.0820783, 1.27871, 0, 0.611361, 0.131408, 0, 0.412875, 0.117909, 0, 0, 0.348691
1.725, 0, 0, 0, 0.0820782, 1.27871, 0, 0.611361, 0.131408, 0, 0.412785, 0.117917, 0, 0, 0.348691
1.726, 0, 0, 0, 0.0820775, 1.27871, 0, 0.611361, 0.131408, 0, 0.412788, 0.117916, 0, 0, 0.348691
1.727, 0, 0, 0, 0.0820762, 1.27871, 0, 0.611361, 0.131408, 0, 0.412879, 0.117907, 0, 0, 0.348691
1.728, 0, 0, 0, 0.0820758, 1.27871, 0, 0.611361, 0.131408, 0, 0.412876, 0.117908, 0, 0, 0.348691
1.729, 0, 0, 0, 0.0820759, 1.27871, 0, 0.611361, 0.131408, 0, 0.412875, 0.117909, 0, 0, 0.348691
1.73, 0, 0, 0, 0.0820758, 1.27871, 0, 0.61136, 0.131408, 0, 0.412875, 0.117909, 0, 0, 0.348691
1.731, 0, 0, 0, 0.0820758, 1.27871, 0, 0.61136, 0.131408, 0, 0.412875, 0.117908, 0, 0, 0.348691
1.732, 0, 0, 0, 0.0820759, 1.27871, 0, 0.61136, 0.131408, 0, 0.412875, 0.117908, 0, 0, 0.348691
1.733, 0, 0, 0, 0.0820766, 1.27871, 0, 0.61136, 0.131408, 0, 0.412785, 0.117917, 0, 0, 0.348691
1.734, 0, 0, 0, 0.0820769, 1.27871, 0, 0.61136, 0.131408, 0, 0.412788, 0.117916, 0, 0, 0.348691
1.735, 0, 0, 0, 0.082076, 1.27871, 0, 0.61136, 0.131408, 0, 0.412878, 0.117908, 0, 0, 0.348691
1.736, 0, 0, 0, 0.0820787, 1.2787, 0, 0.611361, 0.131408, 0, 0.412876, 0.117909, 0, 0, 0.348691
1.737, 0, 0, 0, 0.082086, 1.2787, 0, 0.611364, 0.131409, 0, 0.412878, 0.117909, 0, 0, 0.348693
1.738, 0, 0, 0, 0.0820814, 1.2787, 0, 0.611361, 0.131409, 0, 0.412876, 0.117909, 0, 0, 0.348692
1.739, 0, 0, 0, 0.0820796, 1.2787, 0, 0.61136, 0.131409, 0, 0.412875, 0.117909, 0, 0, 0.348691
1.74, 0, 0, 0, 0.082079, 1.27871, 0, 0.611361, 0.131408, 0, 0.412875, 0.117909, 0, 0, 0.348691
1.741, 0, 0, 0, 0.0820781, 1.27871, 0, 0.61136, 0.131408, 0, 0.412875, 0.117909, 0, 0, 0.348691
1.742, 0, 0, 0, 0.0820776, 1.27871, 0, 0.61136, 0.131408, 0, 0.412875, 0.117909, 0, 0, 0.348691
1.743, 0, 0, 0, 0.082078, 1.27871, 0, 0.611359, 0.131408, 0, 0.412785, 0.117917, 0, 0, 0.348691
1.744, 0, 0, 0, 0.0820781, 1.27871, 0, 0.611359, 0.131408, 0, 0.412788, 0.117916, 0, 0, 0.348691
1.745, 0, 0, 0, 0.0820773, 1.27871, 0, 0.611359, 0.131408, 0, 0.412878, 0.117908, 0, 0, 0.348691
1.746, 0, 0, 0, 0.0820773, 1.27871, 0, 0.611359, 0.131408, 0, 0.412876, 0.117909, 0, 0, 0.34869
1.747, 0, 0, 0, 0.0820761, 1.2787, 0, 0.611359, 0.131408, 0, 0.412867, 0.117908, 0, 0, 0.347762
1.748, 0, 0, 0, 0.0820788, 1.27872, 0, 0.611358, 0.131411, 0, 0.412886, 0.117911, 0, 0, 0.348697
1.749, 0, 0, 0, 0.0820719, 1.2787, 0, 0.611356, 0.131406, 0, 0.412874, 0.117906, 0, 0, 0.348737
1.75, 0, 0, 0, 0.0820833, 1.2787, 0, 0.611363, 0.131408, 0, 0.412786, 0.117917, 0, 0, 0.348738
1.751, 0, 0, 0, 0.0820793, 1.27871, 0, 0.611359, 0.131409, 0, 0.412877, 0.117908, 0, 0, 0.348732
1.752, 0, 0, 0, 0.0820782, 1.2787, 0, 0.611358, 0.131409, 0, 0.412874, 0.117909, 0, 0, 0.348728
1.753, 0, 0, 0, 0.0820789, 1.2787, 0, 0.611359, 0.131408, 0, 0.412875, 0.117909, 0, 0, 0.348725
1.754, 0, 0, 0, 0.0820792, 1.2787, 0, 0.611358, 0.131408, 0, 0.412785, 0.117917, 0, 0, 0.348722
1.755, 0, 0, 0, 0.0820819, 1.2787, 0, 0.611359, 0.131409, 0, 0.412878, 0.117908, 0, 0, 0.34872
1.756, 0, 0, 0, 0.0820884, 1.2787, 0, 0.611362, 0.131409, 0, 0.412878, 0.117909, 0, 0, 0.34872
1.757, 0, 0, 0, 0.0820842, 1.2787, 0, 0.611359, 0.131409, 0, 0.412876, 0.117909, 0, 0, 0.348717
1.758, 0, 0, 0, 0.0820824, 1.2787, 0, 0.611358, 0.131409, 0, 0.412875, 0.117909, 0, 0, 0.348715
1.759, 0, 0, 0, 0.082082, 1.2787, 0, 0.611359, 0.131409, 0, 0.412785, 0.117917, 0, 0, 0.348713
1.76, 0, 0, 0, 0.0820804, 1.2787, 0, 0.611358, 0.131409, 0, 0.412878, 0.117908, 0, 0, 0.348711
1.761, 0, 0, 0, 0.0820796, 1.2787, 0, 0.611358, 0.131408, 0, 0.412876, 0.117909, 0, 0, 0.34871
1.762, 0, 0, 0, 0.08208, 1.2787, 0, 0.611358, 0.131408, 0, 0.412785, 0.117917, 0, 0, 0.348708
1.763, 0, 0, 0, 0.0820795, 1.27871, 0, 0.611358, 0.131408, 0, 0.412878, 0.117908, 0, 0, 0.348707
1.764, 0, 0, 0, 0.0820791, 1.2787, 0, 0.611358, 0.131408, 0, 0.412875, 0.117909, 0, 0, 0.348706
1.765, 0, 0, 0, 0.0820794, 1.2787, 0, 0.611358, 0.131408, 0, 0.412875, 0.117909, 0, 0, 0.348705
1.766, 0, 0, 0, 0.0820795, 1.2787, 0, 0.611358, 0.131408, 0, 0.412875, 0.117909, 0, 0, 0.348704
1.767, 0, 0, 0, 0.0820797, 1.2787, 0, 0.611357, 0.131408, 0, 0.412875, 0.117909, 0, 0, 0.348703
1.768, 0, 0, 0, 0.0820804, 1.2787, 0, 0.611357, 0.131409, 0, 0.412785, 0.117917, 0, 0, 0.348702
1.769, 0, 0, 0, 0.0820803, 1.2787, 0, 0.611357, 0.131409, 0, 0.412878, 0.117908, 0, 0, 0.348701
1.77, 0, 0, 0, 0.0820801, 1.2787, 0, 0.611357, 0.131408, 0, 0.412875, 0.117909, 0, 0, 0.3487
1.771, 0, 0, 0, 0.0820803, 1.2787, 0, 0.611358, 0.131409, 0, 0.412875, 0.117909, 0, 0, 0.348699
1.772, 0, 0, 0, 0.0820806, 1.2787, 0, 0.611357, 0.131409, 0, 0.412785, 0.117917, 0, 0, 0.348699
1.773, 0, 0, 0, 0.0820806, 1.2787, 0, 0.611357, 0.131409, 0, 0.412878, 0.117908, 0, 0, 0.348698
1.774, 0, 0, 0, 0.0820802, 1.2787, 0, 0.611357, 0.131409, 0, 0.412875, 0.117909, 0, 0, 0.348698
1.775, 0, 0, 0, 0.0820806, 1.2787, 0, 0.611357, 0.131409, 0, 0.412875, 0.117909, 0, 0, 0.348697
1.776, 0, 0, 0, 0.0820813, 1.2787, 0, 0.611357, 0.131409, 0, 0.412785, 0.117917, 0, 0, 0.348697
1.777, 0, 0, 0, 0.082081, 1.2787, 0, 0.611357, 0.131409, 0, 0.412878, 0.117908, 0, 0, 0.348696
1.778, 0, 0, 0, 0.0820808, 1.2787, 0, 0.611357, 0.131409, 0, 0.412875, 0.117909, 0, 0, 0.348696
1.779, 0, 0, 0, 0.0820812, 1.2787, 0, 0.611357, 0.131409, 0, 0.412875, 0.117909, 0, 0, 0.348695
1.78, 0, 0, 0, 0.0820813, 1.2787, 0, 0.611357, 0.131409, 0, 0.412875, 0.117909, 0, 0, 0.348695
1.781, 0, 0, 0, 0.0820849, 1.27869, 0, 0.611357, 0.131409, 0, 0.412785, 0.117918, 0, 0, 0.348695
1.782, 0, 0, 0, 0.0820919, 1.2787, 0, 0.61136, 0.131409, 0, 0.41279, 0.117917, 0, 0, 0.348697
1.783, 0, 0, 0, 0.0820867, 1.2787, 0, 0.611357, 0.13141, 0, 0.412879, 0.117909, 0, 0, 0.348695
1.784, 0, 0, 0, 0.0820845, 1.2787, 0, 0.611357, 0.131409, 0, 0.412875, 0.117909, 0, 0, 0.348694
1.785, 0, 0, 0, 0.0820838, 1.2787, 0, 0.611357, 0.131409, 0, 0.412875, 0.117909, 0, 0, 0.348694
1.786, 0, 0, 0, 0.0820829, 1.2787, 0, 0.611357, 0.131409, 0, 0.412875, 0.117909, 0, 0, 0.348694
1.787, 0, 0, 0, 0.0820822, 1.2787, 0, 0.611357, 0.131409, 0, 0.412875, 0.117909, 0, 0, 0.348693
1.788, 0, 0, 0, 0.0820819, 1.2787, 0, 0.611357, 0.131409, 0, 0.412874, 0.117909, 0, 0, 0.348693
1.789, 0, 0, 0, 0.0820817, 1.2787, 0, 0.611356, 0.131409, 0, 0.412874, 0.117909, 0, 0, 0.348693
1.79, 0, 0, 0, 0.0820817, 1.2787, 0, 0.611356, 0.131409, 0, 0.412875, 0.117909, 0, 0, 0.348693
1.791, 0, 0, 0, 0.0820823, 1.2787, 0, 0.611356, 0.131409, 0, 0.412784, 0.117917, 0, 0, 0.348693
1.792, 0, 0, 0, 0.0820826, 1.2787, 0, 0.611356, 0.131409, 0, 0.412787, 0.117917, 0, 0, 0.348692
1.793, 0, 0, 0, 0.082082, 1.2787, 0, 0.611356, 0.131409, 0, 0.412878, 0.117908, 0, 0, 0.348692
1.794, 0, 0, 0, 0.0820821, 1.2787, 0, 0.611356, 0.131409, 0, 0.412875, 0.117909, 0, 0, 0.348692
1.795, 0, 0, 0, 0.0820826, 1.2787, 0, 0.611356, 0.131409, 0, 0.412875, 0.117909, 0, 0, 0.348692
1.796, 0, 0, 0, 0.0820827, 1.2787, 0, 0.611356, 0.131409, 0, 0.412875, 0.117909, 0, 0, 0.348692
1.797, 0, 0, 0, 0.0820829, 1.2787, 0, 0.611356, 0.131409, 0, 0.412875, 0.117909, 0, 0, 0.348692
1.798, 0, 0, 0, 0.0820831, 1.2787, 0, 0.611355, 0.131409, 0, 0.412875, 0.117909, 0, 0, 0.348692
1.799, 0, 0, 0, 0.0820838, 1.2787, 0, 0.611355, 0.131409, 0, 0.412784, 0.117918, 0, 0, 0.348692
1.8, 0, 0, 0, 0.0820836, 1.2787, 0, 0.611356, 0.131409, 0, 0.412787, 0.117917, 0, 0, 0.348692
1.801, 0, 0, 0, 0.0820825, 1.2787, 0, 0.611355, 0.131409, 0, 0.412878, 0.117908, 0, 0, 0.348692
1.802, 0, 0, 0, 0.0820828, 1.2787, 0, 0.611356, 0.131409, 0, 0.412875, 0.117909, 0, 0, 0.348692
1.803, 0, 0, 0, 0.082083, 1.2787, 0, 0.611356, 0.131409, 0, 0.412875, 0.117909, 0, 0, 0.348692
1.804, 0, 0, 0, 0.082083, 1.2787, 0, 0.611356, 0.131409, 0, 0.412874, 0.117909, 0, 0, 0.348692
1.805, 0, 0, 0, 0.0820832, 1.2787, 0, 0.611356, 0.131409, 0, 0.412874, 0.117909, 0, 0, 0.348692
1.806, 0, 0, 0, 0.0820834, 1.2787, 0, 0.611356, 0.131409, 0, 0.412875, 0.117909, 0, 0, 0.348692
1.807, 0, 0, 0, 0.0820835, 1.2787, 0, 0.611355, 0.131409, 0, 0.412875, 0.117909, 0, 0, 0.348692
1.808, 0, 0, 0, 0.0820842, 1.2787, 0, 0.611355, 0.131409, 0, 0.412784, 0.117918, 0, 0, 0.348692
1.809, 0, 0, 0, 0.0820845, 1.2787, 0, 0.611355, 0.131409, 0, 0.412787, 0.117917, 0, 0, 0.348692
1.81, 0, 0, 0, 0.082084, 1.2787, 0, 0.611355, 0.131409, 0, 0.412878, 0.117908, 0, 0, 0.348692
1.811, 0, 0, 0, 0.082084, 1.2787, 0, 0.611355, 0.131409, 0, 0.412875, 0.117909, 0, 0, 0.348692
1.812, 0, 0, 0, 0.0820844, 1.2787, 0, 0.611355, 0.131409, 0, 0.412875, 0.117909, 0, 0, 0.348692
1.813, 0, 0, 0, 0.0820845, 1.2787, 0, 0.611355, 0.131409, 0, 0.412875, 0.117909, 0, 0, 0.348692
1.814, 0, 0, 0, 0.0820846, 1.2787, 0, 0.611355, 0.131409, 0, 0.412875, 0.117909, 0, 0, 0.348692
1.815, 0, 0, 0, 0.0820848, 1.2787, 0, 0.611355, 0.131409, 0, 0.412875, 0.117909, 0, 0, 0.348692
1.816, 0, 0, 0, 0.0820849, 1.2787, 0, 0.611354, 0.131409, 0, 0.412875, 0.117909, 0, 0, 0.348692
1.817, 0, 0, 0, 0.0820856, 1.2787, 0, 0.611354, 0.131409, 0, 0.412785, 0.117918, 0, 0, 0.348692
1.818, 0, 0, 0, 0.0820859, 1.2787, 0, 0.611354, 0.131409, 0, 0.412787, 0.117917, 0, 0, 0.348692
1.819, 0, 0, 0, 0.0820853, 1.2787, 0, 0.611354, 0.131409, 0, 0.412878, 0.117908, 0, 0, 0.348692
1.82, 0, 0, 0, 0.0820854, 1.2787, 0, 0.611354, 0.131409, 0, 0.412875, 0.117909, 0, 0, 0.348692
1.821, 0, 0, 0, 0.0820857, 1.2787, 0, 0.611354, 0.131409, 0, 0.412875, 0.117909, 0, 0, 0.348692
1.822, 0, 0, 0, 0.0820858, 1.2787, 0, 0.611354, 0.131409, 0, 0.412875, 0.117909, 0, 0, 0.348692
1.823, 0, 0, 0, 0.082086, 1.2787, 0, 0.611354, 0.131409, 0, 0.412875, 0.117909, 0, 0, 0.348692
1.824, 0, 0, 0, 0.0820862, 1.2787, 0, 0.611354, 0.131409, 0, 0.412875, 0.117909, 0, 0, 0.348692
1.825, 0, 0, 0, 0.0820868, 1.2787, 0, 0.611353, 0.131409, 0, 0.412785, 0.117918, 0, 0, 0.348692
1.826, 0, 0, 0, 0.0820872, 1.2787, 0, 0.611353, 0.13141, 0, 0.412787, 0.117917, 0, 0, 0.348692
1.827, 0, 0, 0, 0.0820866, 1.2787, 0, 0.611353, 0.131409, 0, 0.412878, 0.117908, 0, 0, 0.348692
1.828, 0, 0, 0, 0.0820867, 1.2787, 0, 0.611353, 0.131409, 0, 0.412875, 0.117909, 0, 0, 0.348692
1.829, 0, 0, 0, 0.0820871, 1.2787, 0, 0.611353, 0.131409, 0, 0.412875, 0.11791, 0, 0, 0.348692
1.83, 0, 0, 0, 0.0820867, 1.2787, 0, 0.611353, 0.131409, 0, 0.412875, 0.11791, 0, 0, 0.348692
1.831, 0, 0, 0, 0.0820863, 1.2787, 0, 0.611353, 0.131409, 0, 0.412875, 0.117909, 0, 0, 0.348692
1.832, 0, 0, 0, 0.0820867, 1.2787, 0, 0.611353, 0.131409, 0, 0.412875, 0.117909, 0, 0, 0.348692
1.833, 0, 0, 0, 0.0820866, 1.2787, 0, 0.611353, 0.131409, 0, 0.412875, 0.117909, 0, 0, 0.348692
1.834, 0, 0, 0, 0.0820873, 1.2787, 0, 0.611353, 0.13141, 0, 0.412784, 0.117918, 0, 0, 0.348692
1.835, 0, 0, 0, 0.0820876, 1.2787, 0, 0.611353, 0.13141, 0, 0.412787, 0.117917, 0, 0, 0.348692
1.836, 0, 0, 0, 0.0820871, 1.2787, 0, 0.611353, 0.13141, 0, 0.412878, 0.117908, 0, 0, 0.348692
1.837, 0, 0, 0, 0.0820871, 1.2787, 0, 0.611353, 0.131409, 0, 0.412875, 0.117909, 0, 0, 0.348692
1.838, 0, 0, 0, 0.0820876, 1.2787, 0, 0.611353, 0.13141, 0, 0.412875, 0.11791, 0, 0, 0.348692
1.839, 0, 0, 0, 0.0820877, 1.2787, 0, 0.611352, 0.13141, 0, 0.412875, 0.11791, 0, 0, 0.348692
1.84, 0, 0, 0, 0.0820879, 1.2787, 0, 0.611352, 0.13141, 0, 0.412875, 0.11791, 0, 0, 0.348692
1.841, 0, 0, 0, 0.082088, 1.2787, 0, 0.611352, 0.13141, 0, 0.412875, 0.117909, 0, 0, 0.348692
1.842, 0, 0, 0, 0.0820887, 1.2787, 0, 0.611352, 0.13141, 0, 0.412784, 0.117918, 0, 0, 0.348692
1.843, 0, 0, 0, 0.082089, 1.2787, 0, 0.611352, 0.13141, 0, 0.412787, 0.117917, 0, 0, 0.348692
1.844, 0, 0, 0, 0.0820884, 1.2787, 0, 0.611352, 0.13141, 0, 0.412878, 0.117909, 0, 0, 0.348692
1.845, 0, 0, 0, 0.0820885, 1.2787, 0, 0.611352, 0.13141, 0, 0.412875, 0.11791, 0, 0, 0.348692
1.846, 0, 0, 0, 0.0820889, 1.2787, 0, 0.611352, 0.13141, 0, 0.412875, 0.11791, 0, 0, 0.348692
1.847, 0, 0, 0, 0.082089, 1.2787, 0, 0.611351, 0.13141, 0, 0.412875, 0.11791, 0, 0, 0.348692
1.848, 0, 0, 0, 0.0820892, 1.2787, 0, 0.611351, 0.13141, 0, 0.412875, 0.11791, 0, 0, 0.348692
1.849, 0, 0, 0, 0.0820893, 1.2787, 0, 0.611351, 0.13141, 0, 0.412875, 0.11791, 0, 0, 0.348692
1.85, 0, 0, 0, 0.0820895, 1.2787, 0, 0.611351, 0.13141, 0, 0.412875, 0.11791, 0, 0, 0.348692
1.851, 0, 0, 0, 0.0820902, 1.2787, 0, 0.611351, 0.13141, 0, 0.412784, 0.117918, 0, 0, 0.348692
1.852, 0, 0, 0, 0.0820905, 1.2787, 0, 0.61135, 0.13141, 0, 0.412787, 0.117917, 0, 0, 0.348692
1.853, 0, 0, 0, 0.0820897, 1.2787, 0, 0.611351, 0.13141, 0, 0.412878, 0.117909, 0, 0, 0.348692
1.854, 0, 0, 0, 0.0820893, 1.2787, 0, 0.611351, 0.13141, 0, 0.412875, 0.11791, 0, 0, 0.348692
1.855, 0, 0, 0, 0.0820899, 1.2787, 0, 0.611351, 0.13141, 0, 0.412875, 0.11791, 0, 0, 0.348692
1.856, 0, 0, 0, 0.0820899, 1.2787, 0, 0.611351, 0.13141, 0, 0.412875, 0.11791, 0, 0, 0.348692
1.857, 0, 0, 0, 0.08209, 1.2787, 0, 0.611351, 0.13141, 0, 0.412875, 0.11791, 0, 0, 0.348692
1.858, 0, 0, 0, 0.0820908, 1.2787, 0, 0.61135, 0.13141, 0, 0.412784, 0.117918, 0, 0, 0.348692
1.859, 0, 0, 0, 0.0820906, 1.2787, 0, 0.61135, 0.13141, 0, 0.412878, 0.117909, 0, 0, 0.348692
1.86, 0, 0, 0, 0.0820904, 1.2787, 0, 0.61135, 0.13141, 0, 0.412875, 0.11791, 0, 0, 0.348692
1.861, 0, 0, 0, 0.082091, 1.2787, 0, 0.61135, 0.13141, 0, 0.412875, 0.11791, 0, 0, 0.348692
1.862, 0, 0, 0, 0.0820918, 1.2787, 0, 0.61135, 0.13141, 0, 0.412784, 0.117918, 0, 0, 0.348692
1.863, 0, 0, 0, 0.0820916, 1.2787, 0, 0.61135, 0.13141, 0, 0.412878, 0.117909, 0, 0, 0.348692
1.864, 0, 0, 0, 0.0820908, 1.2787, 0, 0.61135, 0.13141, 0, 0.412875, 0.11791, 0, 0, 0.348692
1.865, 0, 0, 0, 0.0820906, 1.2787, 0, 0.61135, 0.13141, 0, 0.412875, 0.11791, 0, 0, 0.348692
1.866, 0, 0, 0, 0.0820915, 1.2787, 0, 0.61135, 0.13141, 0, 0.412785, 0.117918, 0, 0, 0.348692
1.867, 0, 0, 0, 0.082091, 1.2787, 0, 0.61135, 0.13141, 0, 0.412878, 0.117909, 0, 0, 0.348692
1.868, 0, 0, 0, 0.0820907, 1.2787, 0, 0.61135, 0.13141, 0, 0.412875, 0.11791, 0, 0, 0.348692
1.869, 0, 0, 0, 0.0820912, 1.2787, 0, 0.61135, 0.13141, 0, 0.412875, 0.11791, 0, 0, 0.348692
1.87, 0, 0, 0, 0.0820919, 1.2787, 0, 0.611349, 0.13141, 0, 0.412784, 0.117918, 0, 0, 0.348692
1.871, 0, 0, 0, 0.0820917, 1.2787, 0, 0.61135, 0.13141, 0, 0.412877, 0.117909, 0, 0, 0.348692
1.872, 0, 0, 0, 0.0820916, 1.2787, 0, 0.611349, 0.13141, 0, 0.412875, 0.11791, 0, 0, 0.348692
1.873, 0, 0, 0, 0.082092, 1.2787, 0, 0.611349, 0.13141, 0, 0.412875, 0.11791, 0, 0, 0.348692
1.874, 0, 0, 0, 0.0820922, 1.2787, 0, 0.611349, 0.13141, 0, 0.412875, 0.11791, 0, 0, 0.348692
1.875, 0, 0, 0, 0.0820928, 1.2787, 0, 0.611349, 0.13141, 0, 0.412784, 0.117918, 0, 0, 0.348692
1.876, 0, 0, 0, 0.0820932, 1.2787, 0, 0.611349, 0.13141, 0, 0.412787, 0.117918, 0, 0, 0.348692
1.877, 0, 0, 0, 0.0820926, 1.2787, 0, 0.611349, 0.13141, 0, 0.412878, 0.117909, 0, 0, 0.348692
1.878, 0, 0, 0, 0.0820927, 1.2787, 0, 0.611348, 0.13141, 0, 0.412875, 0.11791, 0, 0, 0.348692
1.879, 0, 0, 0, 0.0820931, 1.2787, 0, 0.611348, 0.13141, 0, 0.412874, 0.11791, 0, 0, 0.348692
1.88, 0, 0, 0, 0.0820929, 1.2787, 0, 0.611349, 0.13141, 0, 0.412874, 0.11791, 0, 0, 0.348692
1.881, 0, 0, 0, 0.0820926, 1.2787, 0, 0.611348, 0.13141, 0, 0.412874, 0.11791, 0, 0, 0.348692
1.882, 0, 0, 0, 0.0820928, 1.2787, 0, 0.611349, 0.13141, 0, 0.412874, 0.11791, 0, 0, 0.348692
1.883, 0, 0, 0, 0.0820926, 1.2787, 0, 0.611348, 0.13141, 0, 0.412874, 0.11791, 0, 0, 0.348692
1.884, 0, 0, 0, 0.0820934, 1.2787, 0, 0.611348, 0.13141, 0, 0.412784, 0.117918, 0, 0, 0.348692
1.885, 0, 0, 0, 0.0820932, 1.2787, 0, 0.611348, 0.13141, 0, 0.412877, 0.117909, 0, 0, 0.348692
1.886, 0, 0, 0, 0.0820935, 1.2787, 0, 0.611348, 0.13141, 0, 0.412784, 0.117918, 0, 0, 0.348692
1.887, 0, 0, 0, 0.0820937, 1.2787, 0, 0.611348, 0.13141, 0, 0.412877, 0.117909, 0, 0, 0.348692
1.888, 0, 0, 0, 0.0820935, 1.2787, 0, 0.611348, 0.13141, 0, 0.412875, 0.11791, 0, 0, 0.348692
1.889, 0, 0, 0, 0.0820939, 1.2787, 0, 0.611348, 0.13141, 0, 0.412874, 0.11791, 0, 0, 0.348692
1.89, 0, 0, 0, 0.0820941, 1.2787, 0, 0.611348, 0.13141, 0, 0.412874, 0.11791, 0, 0, 0.348692
1.891, 0, 0, 0, 0.0820943, 1.2787, 0, 0.611347, 0.13141, 0, 0.412874, 0.11791, 0, 0, 0.348692
1.892, 0, 0, 0, 0.0820945, 1.2787, 0, 0.611348, 0.13141, 0, 0.412784, 0.117918, 0, 0, 0.348692
1.893, 0, 0, 0, 0.0820944, 1.2787, 0, 0.611347, 0.13141, 0, 0.412787, 0.117918, 0, 0, 0.348692
1.894, 0, 0, 0, 0.0820941, 1.2787, 0, 0.611348, 0.13141, 0, 0.412878, 0.117909, 0, 0, 0.348692
1.895, 0, 0, 0, 0.0820924, 1.27869, 0, 0.611348, 0.13141, 0, 0.412866, 0.117909, 0, 0, 0.347763
1.896, 0, 0, 0, 0.0820954, 1.27871, 0, 0.611346, 0.131413, 0, 0.412885, 0.117912, 0, 0, 0.348698
1.897, 0, 0, 0, 0.0820886, 1.27869, 0, 0.611344, 0.131408, 0, 0.412873, 0.117908, 0, 0, 0.348738
1.898, 0, 0, 0, 0.0820995, 1.27869, 0, 0.611352, 0.13141, 0, 0.412876, 0.11791, 0, 0, 0.348739
1.899, 0, 0, 0, 0.0820959, 1.2787, 0, 0.611348, 0.131411, 0, 0.412873, 0.11791, 0, 0, 0.348733
1.9, 0, 0, 0, 0.0820952, 1.2787, 0, 0.611346, 0.131411, 0, 0.412873, 0.11791, 0, 0, 0.348729
1.901, 0, 0, 0, 0.0820962, 1.2787, 0, 0.611346, 0.131411, 0, 0.412784, 0.117919, 0, 0, 0.348726
1.902, 0, 0, 0, 0.0820961, 1.2787, 0, 0.611346, 0.131411, 0, 0.412787, 0.117918, 0, 0, 0.348723
1.903, 0, 0, 0, 0.0820955, 1.2787, 0, 0.611346, 0.13141, 0, 0.412878, 0.117909, 0, 0, 0.348721
1.904, 0, 0, 0, 0.0820956, 1.2787, 0, 0.611346, 0.13141, 0, 0.412875, 0.11791, 0, 0, 0.348719
1.905, 0, 0, 0, 0.082096, 1.2787, 0, 0.611346, 0.13141, 0, 0.412874, 0.11791, 0, 0, 0.348717
1.906, 0, 0, 0, 0.0820961, 1.2787, 0, 0.611346, 0.13141, 0, 0.412874, 0.11791, 0, 0, 0.348715
1.907, 0, 0, 0, 0.0820964, 1.2787, 0, 0.611346, 0.13141, 0, 0.412874, 0.11791, 0, 0, 0.348714
1.908, 0, 0, 0, 0.0820971, 1.27869, 0, 0.611345, 0.13141, 0, 0.412784, 0.117919, 0, 0, 0.348712
1.909, 0, 0, 0, 0.0820975, 1.27869, 0, 0.611345, 0.131411, 0, 0.412787, 0.117918, 0, 0, 0.348711
1.91, 0, 0, 0, 0.082097, 1.2787, 0, 0.611345, 0.13141, 0, 0.412878, 0.117909, 0, 0, 0.348709
1.911, 0, 0, 0, 0.0820965, 1.2787, 0, 0.611346, 0.13141, 0, 0.412875, 0.11791, 0, 0, 0.348708
1.912, 0, 0, 0, 0.0820964, 1.2787, 0, 0.611345, 0.13141, 0, 0.412874, 0.11791, 0, 0, 0.348707
1.913, 0, 0, 0, 0.0820967, 1.2787, 0, 0.611346, 0.13141, 0, 0.412874, 0.11791, 0, 0, 0.348706
1.914, 0, 0, 0, 0.0820967, 1.2787, 0, 0.611345, 0.13141, 0, 0.412874, 0.11791, 0, 0, 0.348705
1.915, 0, 0, 0, 0.0820969, 1.2787, 0, 0.611345, 0.13141, 0, 0.412874, 0.11791, 0, 0, 0.348704
1.916, 0, 0, 0, 0.0820972, 1.2787, 0, 0.611345, 0.131411, 0, 0.412874, 0.11791, 0, 0, 0.348703
1.917, 0, 0, 0, 0.0820979, 1.27869, 0, 0.611345, 0.131411, 0, 0.412784, 0.117919, 0, 0, 0.348702
1.918, 0, 0, 0, 0.0820984, 1.27869, 0, 0.611344, 0.131411, 0, 0.412787, 0.117918, 0, 0, 0.348701
1.919, 0, 0, 0, 0.0820979, 1.2787, 0, 0.611344, 0.131411, 0, 0.412877, 0.117909, 0, 0, 0.3487
1.92, 0, 0, 0, 0.0820979, 1.27869, 0, 0.611344, 0.131411, 0, 0.412874, 0.11791, 0, 0, 0.3487
1.921, 0, 0, 0, 0.0820982, 1.27869, 0, 0.611344, 0.131411, 0, 0.412874, 0.11791, 0, 0, 0.348699
1.922, 0, 0, 0, 0.0820984, 1.27869, 0, 0.611344, 0.131411, 0, 0.412874, 0.11791, 0, 0, 0.348698
1.923, 0, 0, 0, 0.0820985, 1.27869, 0, 0.611344, 0.131411, 0, 0.412874, 0.11791, 0, 0, 0.348698
1.924, 0, 0, 0, 0.0820986, 1.27869, 0, 0.611344, 0.131411, 0, 0.412874, 0.11791, 0, 0, 0.348697
1.925, 0, 0, 0, 0.0820993, 1.27869, 0, 0.611344, 0.131411, 0, 0.412784, 0.117919, 0, 0, 0.348697
1.926, 0, 0, 0, 0.0820996, 1.27869, 0, 0.611343, 0.131411, 0, 0.412787, 0.117918, 0, 0, 0.348696
1.927, 0, 0, 0, 0.082099, 1.27869, 0, 0.611344, 0.131411, 0, 0.412877, 0.117909, 0, 0, 0.348696
1.928, 0, 0, 0, 0.0820984, 1.27869, 0, 0.611344, 0.131411, 0, 0.412875, 0.11791, 0, 0, 0.348696
1.929, 0, 0, 0, 0.0820982, 1.27869, 0, 0.611344, 0.13141, 0, 0.412874, 0.11791, 0, 0, 0.348695
1.93, 0, 0, 0, 0.0820985, 1.27869, 0, 0.611344, 0.131411, 0, 0.412874, 0.11791, 0, 0, 0.348695
1.931, 0, 0, 0, 0.0820984, 1.27869, 0, 0.611344, 0.131411, 0, 0.412874, 0.11791, 0, 0, 0.348695
1.932, 0, 0, 0, 0.0820986, 1.27869, 0, 0.611344, 0.131411, 0, 0.412874, 0.11791, 0, 0, 0.348695
1.933, 0, 0, 0, 0.0820993, 1.27869, 0, 0.611343, 0.131411, 0, 0.412784, 0.117919, 0, 0, 0.348695
1.934, 0, 0, 0, 0.0820998, 1.27869, 0, 0.611343, 0.131411, 0, 0.412786, 0.117918, 0, 0, 0.348694
1.935, 0, 0, 0, 0.0820993, 1.27869, 0, 0.611343, 0.131411, 0, 0.412877, 0.117909, 0, 0, 0.348694
1.936, 0, 0, 0, 0.0820994, 1.27869, 0, 0.611343, 0.131411, 0, 0.412874, 0.11791, 0, 0, 0.348694
1.937, 0, 0, 0, 0.0820998, 1.27869, 0, 0.611343, 0.131411, 0, 0.412874, 0.117911, 0, 0, 0.348694
1.938, 0, 0, 0, 0.0820995, 1.27869, 0, 0.611344, 0.131411, 0, 0.412874, 0.117911, 0, 0, 0.348694
1.939, 0, 0, 0, 0.0820993, 1.27869, 0, 0.611343, 0.131411, 0, 0.412874, 0.11791, 0, 0, 0.348693
1.94, 0, 0, 0, 0.0820997, 1.27869, 0, 0.611343, 0.131411, 0, 0.412874, 0.11791, 0, 0, 0.348693
1.941, 0, 0, 0, 0.0821002, 1.27869, 0, 0.611343, 0.131411, 0, 0.412784, 0.117919, 0, 0, 0.348693
1.942, 0, 0, 0, 0.0821006, 1.27869, 0, 0.611343, 0.131411, 0, 0.412786, 0.117918, 0, 0, 0.348693
1.943, 0, 0, 0, 0.0821002, 1.27869, 0, 0.611343, 0.131411, 0, 0.412877, 0.117909, 0, 0, 0.348693
1.944, 0, 0, 0, 0.0821003, 1.27869, 0, 0.611342, 0.131411, 0, 0.412874, 0.11791, 0, 0, 0.348693
1.945, 0, 0, 0, 0.0821008, 1.27869, 0, 0.611342, 0.131411, 0, 0.412874, 0.117911, 0, 0, 0.348693
1.946, 0, 0, 0, 0.082101, 1.27869, 0, 0.611342, 0.131411, 0, 0.412874, 0.117911, 0, 0, 0.348693
1.947, 0, 0, 0, 0.0821012, 1.27869, 0, 0.611342, 0.131411, 0, 0.412874, 0.117911, 0, 0, 0.348693
1.948, 0, 0, 0, 0.082101, 1.27869, 0, 0.611342, 0.131411, 0, 0.412874, 0.11791, 0, 0, 0.348693
1.949, 0, 0, 0, 0.0821013, 1.27869, 0, 0.611342, 0.131411, 0, 0.412784, 0.117919, 0, 0, 0.348693
1.95, 0, 0, 0, 0.0821018, 1.27869, 0, 0.611342, 0.131411, 0, 0.412786, 0.117918, 0, 0, 0.348693
1.951, 0, 0, 0, 0.0821012, 1.27869, 0, 0.611342, 0.131411, 0, 0.412877, 0.11791, 0, 0, 0.348693
1.952, 0, 0, 0, 0.0821013, 1.27869, 0, 0.611342, 0.131411, 0, 0.412874, 0.117911, 0, 0, 0.348693
1.953, 0, 0, 0, 0.0821022, 1.27869, 0, 0.611341, 0.131411, 0, 0.412874, 0.117911, 0, 0, 0.348693
1.954, 0, 0, 0, 0.0821028, 1.27869, 0, 0.611341, 0.131411, 0, 0.412874, 0.117911, 0, 0, 0.348693
1.955, 0, 0, 0, 0.0821023, 1.27869, 0, 0.611341, 0.131411, 0, 0.412874, 0.117911, 0, 0, 0.348693
1.956, 0, 0, 0, 0.0821022, 1.27869, 0, 0.611341, 0.131411, 0, 0.412874, 0.117911, 0, 0, 0.348692
1.957, 0, 0, 0, 0.0821031, 1.27869, 0, 0.611341, 0.131411, 0, 0.412784, 0.117919, 0, 0, 0.348693
1.958, 0, 0, 0, 0.0821032, 1.27869, 0, 0.611341, 0.131411, 0, 0.412786, 0.117918, 0, 0, 0.348693
1.959, 0, 0, 0, 0.0821027, 1.27869, 0, 0.61134, 0.131411, 0, 0.412877, 0.11791, 0, 0, 0.348692
1.96, 0, 0, 0, 0.0821028, 1.27869, 0, 0.61134, 0.131411, 0, 0.412874, 0.117911, 0, 0, 0.348692
1.961, 0, 0, 0, 0.0821033, 1.27869, 0, 0.61134, 0.131411, 0, 0.412874, 0.117911, 0, 0, 0.348693
1.962, 0, 0, 0, 0.0821035, 1.27869, 0, 0.61134, 0.131411, 0, 0.412874, 0.117911, 0, 0, 0.348693
1.963, 0, 0, 0, 0.0821017, 1.2787, 0, 0.611343, 0.131411, 0, 0.412874, 0.117911, 0, 0, 0.348693
1.964, 0, 0, 0, 0.0821, 1.27869, 0, 0.611341, 0.131411, 0, 0.412873, 0.11791, 0, 0, 0.348693
1.965, 0, 0, 0, 0.0821013, 1.27869, 0, 0.611342, 0.131411, 0, 0.412784, 0.117919, 0, 0, 0.348693
1.966, 0, 0, 0, 0.082101, 1.27869, 0, 0.611342, 0.131411, 0, 0.412786, 0.117918, 0, 0, 0.348693
1.967, 0, 0, 0, 0.0821004, 1.27869, 0, 0.611342, 0.131411, 0, 0.412877, 0.11791, 0, 0, 0.348693
1.968, 0, 0, 0, 0.0821008, 1.27869, 0, 0.611342, 0.131411, 0, 0.412874, 0.117911, 0, 0, 0.348693
1.969, 0, 0, 0, 0.0821011, 1.27869, 0, 0.611342, 0.131411, 0, 0.412873, 0.117911, 0, 0, 0.348693
1.97, 0, 0, 0, 0.0821014, 1.27869, 0, 0.611342, 0.131411, 0, 0.412873, 0.117911, 0, 0, 0.348693
1.971, 0, 0, 0, 0.0821016, 1.27869, 0, 0.611342, 0.131412, 0, 0.412873, 0.117911, 0, 0, 0.348693
1.972, 0, 0, 0, 0.0821018, 1.27869, 0, 0.611342, 0.131412, 0, 0.412873, 0.117911, 0, 0, 0.348693
1.973, 0, 0, 0, 0.0821025, 1.27869, 0, 0.611341, 0.131412, 0, 0.412783, 0.117919, 0, 0, 0.348693
1.974, 0, 0, 0, 0.0821027, 1.27869, 0, 0.611342, 0.131412, 0, 0.412786, 0.117918, 0, 0, 0.348693
1.975, 0, 0, 0, 0.0821019, 1.27869, 0, 0.611341, 0.131412, 0, 0.412877, 0.11791, 0, 0, 0.348693
1.976, 0, 0, 0, 0.0821021, 1.27869, 0, 0.611342, 0.131412, 0, 0.412874, 0.117911, 0, 0, 0.348693
1.977, 0, 0, 0, 0.0821023, 1.27869, 0, 0.611342, 0.131412, 0, 0.412874, 0.117911, 0, 0, 0.348693
1.978, 0, 0, 0, 0.0821023, 1.27869, 0, 0.611341, 0.131412, 0, 0.412873, 0.117911, 0, 0, 0.348693
1.979, 0, 0, 0, 0.0821024, 1.27869, 0, 0.611341, 0.131412, 0, 0.412873, 0.117911, 0, 0, 0.348693
1.98, 0, 0, 0, 0.0821026, 1.27869, 0, 0.611341, 0.131412, 0, 0.412874, 0.117911, 0, 0, 0.348693
1.981, 0, 0, 0, 0.0821032, 1.27869, 0, 0.611341, 0.131412, 0, 0.412783, 0.117919, 0, 0, 0.348693
1.982, 0, 0, 0, 0.0821035, 1.27869, 0, 0.611341, 0.131412, 0, 0.412786, 0.117918, 0, 0, 0.348693
1.983, 0, 0, 0, 0.0821028, 1.27869, 0, 0.611341, 0.131412, 0, 0.412877, 0.11791, 0, 0, 0.348693
1.984, 0, 0, 0, 0.0821027, 1.27869, 0, 0.611341, 0.131412, 0, 0.412874, 0.117911, 0, 0, 0.348693
1.985, 0, 0, 0, 0.0821031, 1.27869, 0, 0.611341, 0.131412, 0, 0.412873, 0.117911, 0, 0, 0.348693
1.986, 0, 0, 0, 0.0821032, 1.27869, 0, 0.611341, 0.131412, 0, 0.412873, 0.117911, 0, 0, 0.348693
1.987, 0, 0, 0, 0.0821032, 1.27869, 0, 0.611341, 0.131412, 0, 0.412873, 0.117911, 0, 0, 0.348693
1.988, 0, 0, 0, 0.0821033, 1.27869, 0, 0.611341, 0.131412, 0, 0.412873, 0.117911, 0, 0, 0.348693
1.989, 0, 0, 0, 0.082104, 1.27869, 0, 0.61134, 0.131412, 0, 0.412783, 0.117919, 0, 0, 0.348693
1.99, 0, 0, 0, 0.0821043, 1.27869, 0, 0.61134, 0.131412, 0, 0.412786, 0.117919, 0, 0, 0.348693
1.991, 0, 0, 0, 0.0821036, 1.27869, 0, 0.61134, 0.131412, 0, 0.412877, 0.11791, 0, 0, 0.348693
1.992, 0, 0, 0, 0.0821037, 1.27869, 0, 0.61134, 0.131412, 0, 0.412874, 0.117911, 0, 0, 0.348693
1.993, 0, 0, 0, 0.0821041, 1.27869, 0, 0.61134, 0.131412, 0, 0.412873, 0.117911, 0, 0, 0.348693
1.994, 0, 0, 0, 0.0821042, 1.27869, 0, 0.61134, 0.131412, 0, 0.412873, 0.117911, 0, 0, 0.348693
1.995, 0, 0, 0, 0.0821043, 1.27869, 0, 0.61134, 0.131412, 0, 0.412873, 0.117911, 0, 0, 0.348693
1.996, 0, 0, 0, 0.0821044, 1.27869, 0, 0.61134, 0.131412, 0, 0.412873, 0.117911, 0, 0, 0.348693
1.997, 0, 0, 0, 0.0821051, 1.27869, 0, 0.611339, 0.131412, 0, 0.412783, 0.117919, 0, 0, 0.348693
1.998, 0, 0, 0, 0.0821054, 1.27869, 0, 0.611339, 0.131412, 0, 0.412786, 0.117919, 0, 0, 0.348693
1.999, 0, 0, 0, 0.0821048, 1.27869, 0, 0.611339, 0.131412, 0, 0.412877, 0.11791, 0, 0, 0.348693
2, 0, 0, 0, 0.0821047, 1.27869, 0, 0.61134, 0.131412, 0, 0.412874, 0.117911, 0, 0, 0.348693
2.001, 0, 0, 0, 0.0821048, 1.27869, 0, 0.611339, 0.131412, 0, 0.412873, 0.117911, 0, 0, 0.348693
2.002, 0, 0, 0, 0.0821051, 1.27869, 0, 0.611339, 0.131412, 0, 0.412873, 0.117911, 0, 0, 0.348693
2.003, 0, 0, 0, 0, 0.338374, 0, 0.0340758, 0.000422565, 0, 0, 0, 0, 0, 0
2.004, 0, 0, 0, 0, 0.18631, 0, 0.0247181, 0.000194644, 0, 0, 0, 0, 0, 0.00149684
2.005, 0, 0, 0, 0, 0.131187, 0, 0.0308411, 0, 0, 0.000251586, 0, 0, 0, 0.00325861
2.006, 0, 0, 0, 0, 0.114363, 0, 0.0315636, 0.00036837, 0, 0.000921127, 0, 0, 0, 0.00374056
2.007, 0, 0, 0, 0, 0.10691, 0, 0.0295161, 0.000173446, 0, 0.00057699, 0, 0, 0, 0.00350987
2.008, 0, 0, 0, 0, 0.0897363, 0, 0.0269422, 0, 0, 1.78551e-05, 0, 0, 0, 0.00311666
2.009, 0, 0, 0, 0, 0.0838046, 0, 0.0248988, 0, 0, 0, 0, 0, 0, 0.00287109
2.01, 0, 0, 0, 0, 0.0713839, 0, 0.0224017, 0, 0, 0, 0, 0, 0, 0.00253409
2.011, 0, 0, 0, 0, 0.0582036, 0, 0.0206014, 0, 0, 0, 0, 0, 0, 0.00243819
2.012, 0, 0, 0, 0, 0.043719, 0, 0.0194191, 0, 0, 0, 0, 0, 0, 0.00251831
2.013, 0, 0, 0, 0, 0.0404426, 0, 0.0183069, 0, 0, 0, 0, 0, 0, 0.0026007
2.014, 0, 0, 0, 0, 0.0391442, 0, 0.0180779, 0, 0, 0, 0, 0, 0, 0.00246015
2.015, 0, 0, 0, 0, 0.0379077, 0, 0.0164963, 0, 0, 0, 0, 0, 0, 0.00248958
2.016, 0, 0, 0, 0, 0.0366786, 0, 0.0155423, 0, 0, 0, 0, 0, 0, 0.00214364
2.017, 0, 0, 0, 0, 0.035767, 0, 0.0146341, 0, 0, 0, 0, 0, 0, 0.00183424
2.018, 0, 0, 0, 0, 0.0359045, 0, 0.0139828, 0, 0, 0, 0, 0, 0, 0.00150363
2.019, 0, 0, 0, 0, 0.0354792, 0, 0.0130733, 0, 0, 0, 0, 0, 0, 0.0011059
2.02, 0, 0, 0, 0, 0.0357417, 0, 0.0124679, 0, 0, 0, 0, 0, 0, 0.000821763
2.021, 0, 0, 0, 0, 0.031364, 0, 0.0117201, 0, 0, 0, 0, 0, 0, 0.000562432
2.022, 0, 0, 0, 0, 0.0211954, 0, 0.0109899, 0, 0, 0, 0, 0, 0, 0.000343635
2.023, 0, 0, 0, 0, 0.0169545, 0, 0.0101476, 0, 0, 0, 0, 0, 0, 0.000138125
2.024, 0, 0, 0, 0, 0.00909997, 0, 0.00554596, 0, 0, 0, 0, 0, 0, 0.000230833
2.025, 0, 0, 0, 0, 0.00712886, 0, 0.00558575, 0, 0, 0, 0, 0, 0, 0.000343808
2.026, 0, 0, 0, 0, 0.00609287, 0, 0.00346503, 0, 0, 0, 0, 0, 0, 0.000438896
2.027, 0, 0, 0, 0, 0, 0, 0, 0, 0, 0, 0, 0, 0, 0.000546508
2.028, 0, 0, 0, 0, 0, 0, 0, 0, 0, 0, 0, 0, 0, 0.000682503
2.029, 0, 0, 0, 0, 0, 0, 0, 0, 0, 0, 0, 0, 0, 0
2.03, 0, 0, 0, 0, 0, 0, 0, 0, 0, 0, 0, 0, 0, 0
2.031, 0, 0, 0, 0, 0, 0, 0, 0, 0, 0, 0, 0, 0, 0
2.032, 0, 0, 0, 0, 0, 0, 0, 0, 0, 0, 0, 0, 0, 0
2.033, 0, 0, 0, 0, 0, 0, 0, 0, 0, 0, 0, 0, 0, 0
2.034, 0, 0, 0, 0, 0, 0, 0, 0, 0, 0, 0, 0, 0, 0
2.035, 0, 0, 0, 0, 0, 0, 0, 0, 0, 0, 0, 0, 0, 0
2.036, 0, 0, 0, 0, 0, 0, 0, 0, 0, 0, 0, 0, 0, 0
2.037, 0, 0, 0, 0, 0, 0, 0, 0, 0, 0, 0, 0, 0, 0
2.038, 0, 0, 0, 0, 0, 0, 0, 0, 0, 0, 0, 0, 0, 0
2.039, 0, 0, 0, 0, 0, 0, 0, 0, 0, 0, 0, 0, 0, 0
2.04, 0, 0, 0, 0, 0, 0, 0, 0, 0, 0, 0, 0, 0, 0
2.041, 0, 0, 0, 0, 0, 0, 0, 0, 0, 0, 0, 0, 0, 0
2.042, 0, 0, 0, 0, 0, 0, 0, 0, 0, 0, 0, 0, 0, 0
2.043, 0, 0, 0, 0, 0, 0, 0, 0, 0, 0, 0, 0, 0, 0
2.044, 0, 0, 0, 0, 0, 0, 0, 0, 0, 0, 0, 0, 0, 0
2.045, 0, 0, 0, 0, 0, 0, 0, 0, 0, 0, 0, 0, 0, 0
2.046, 0, 0, 0, 0, 0, 0, 0, 0, 0, 0, 0, 0, 0, 0
2.047, 0, 0, 0, 0, 0, 0, 0, 0, 0, 0, 0, 0, 0, 0
2.048, 0, 0, 0, 0, 0, 0, 0, 0, 0, 0, 0, 0, 0, 0
2.049, 0, 0, 0, 0, 0, 0, 0, 0, 0, 0, 0, 0, 0, 0
2.05, 0, 0, 0, 0, 0, 0, 0, 0, 0, 0, 0, 0, 0, 0
2.051, 0, 0, 0, 0, 0, 0, 0, 0, 0, 0, 0, 0, 0, 0
2.052, 0, 0, 0, 0, 0, 0, 0, 0, 0, 0, 0, 0, 0, 0
2.053, 0, 0, 0, 0, 0, 0, 0, 0, 0, 0, 0, 0, 0, 0
2.054, 0, 0, 0, 0, 0, 0, 0, 0, 0, 0, 0, 0, 0, 0
2.055, 0, 0, 0, 0, 0, 0, 0, 0, 0, 0, 0, 0, 0, 0
2.056, 0, 0, 0, 0, 0, 0, 0, 0, 0, 0, 0, 0, 0, 0
2.057, 0, 0, 0, 0, 0, 0, 0, 0, 0, 0, 0, 0, 0, 0
2.058, 0, 0, 0, 0, 0, 0, 0, 0, 0, 0, 0, 0, 0, 0
2.059, 0, 0, 0, 0, 0, 0, 0, 0, 0, 0, 0, 0, 0, 0
2.06, 0, 0, 0, 0, 0, 0, 0, 0, 0, 0, 0, 0, 0, 0
