Time,Stouch_RA5C1,Stouch_RA6D1,Stouch_RA4P2,Stouch_RA5C2,Stouch_RA6D2,Stouch_RA4P3,Stouch_RA5C3,Stouch_RA6D3,Stouch_RA4P4,Stouch_RA5C4,Stouch_RA6D4,Stouch_RA4P5,Stouch_RA5C5,Stouch_RA6D5
0, 0, 0, 0, 0, 0, 0, 0, 0, 0, 0, 0, 0, 0, 0
0.001, 0, 0, 0, 0, 0, 0, 0, 0, 0, 0.166289, 0, 0, 0.0317356, 0.147027
0.002, 0, 0, 0, 0, 0, 0, 0, 0, 0, 0.133525, 0, 0, 0.0315788, 0.200752
0.003, 0, 0, 0, 0, 0, 0, 0, 0, 0, 0.0382224, 0, 0, 0.0277305, 0.0944435
0.005, 0, 0, 0, 0, 0, 0, 0, 0, 0, 0.0290025, 0, 0, 0.0546074, 0.0166301
0.007, 0, 0, 0, 0, 0, 0, 0, 0, 0, 0.0224955, 0, 0, 0.0515555, 0.0112367
0.008, 0, 0, 0, 0, 0, 0, 0, 0, 0, 0.0197333, 0, 0, 0.0495466, 0.00942629
0.01, 0, 0, 0, 0, 0, 0, 0, 0, 0, 0.0153578, 0, 0, 0.0461152, 0.00618901
0.012, 0, 0, 0, 0, 0, 0, 0, 0, 0, 0.0129528, 0, 0, 0.0427275, 0.00473272
0.014, 0, 0, 0, 0, 0, 0, 0, 0, 0, 0.0109352, 0, 0, 0.0401232, 0.00463424
0.017, 0, 0, 0, 0, 0, 0, 0, 0, 0, 0.00808786, 0, 0, 0.0356913, 0.00457898
0.019, 0, 0, 0, 0, 0, 0, 0, 0, 0, 0.00719263, 0, 0, 0.045884, 0.000153474
0.021, 0, 0, 0, 0, 0, 0, 0, 0, 0, 0.00656746, 0, 0, 0.0322538, 0
0.022, 0, 0, 0, 0, 0, 0, 0, 0, 0, 0.00638796, 0, 0, 0.030742, 0
0.024, 0, 0, 0, 0, 0, 0, 0, 0, 0, 0.00570304, 0, 0, 0.0268435, 0
0.026, 0, 0, 0, 0, 0, 0, 0, 0, 0, 0.00519414, 0, 0, 0.0235461, 0
0.028, 0, 0, 0, 0, 0, 0, 0, 0, 0, 0.00436499, 0, 0, 0.0219805, 0
0.029, 0, 0, 0, 0, 0, 0, 0, 0, 0, 0.00407904, 0, 0, 0.0203706, 0
0.031, 0, 0, 0, 0, 0, 0, 0, 0, 0, 0.00346527, 0, 0, 0.019527, 0
0.033, 0, 0, 0, 0, 0, 0, 0, 0, 0, 0.00283454, 0, 0, 0.0137637, 0
0.035, 0, 0, 0, 0, 0, 0, 0, 0, 0, 0.00378144, 0, 0, 0.0194095, 0
0.036, 0, 0, 0, 0, 0, 0, 0, 0, 0, 0.00169804, 0, 0, 0.00428974, 0
0.038, 0, 0, 0, 0, 0, 0, 0, 0, 0, 0.340616, 0, 0, 0.0387273, 0.206682
0.039, 0, 0, 0, 0, 0, 0, 0, 0, 0, 0.0682876, 0, 0, 0, 0.00765401
0.041, 0, 0, 0, 0, 0, 0, 0, 0, 0, 0, 0, 0, 0, 0
0.043, 0, 0, 0, 0, 0, 0, 0, 0, 0, 0, 0, 0, 0, 0
0.044, 0, 0, 0, 0, 0, 0, 0, 0, 0, 0, 0, 0, 0, 0
0.046, 0, 0, 0, 0, 0, 0, 0, 0, 0, 0, 0, 0, 0, 0
0.048, 0, 0, 0, 0, 0, 0, 0, 0, 0, 0, 0, 0, 0, 0
0.05, 0, 0, 0, 0, 0, 0, 0, 0, 0, 0, 0, 0, 0, 0
0.051, 0, 0, 0, 0, 0, 0, 0, 0, 0, 0, 0, 0, 0, 0
0.053, 0, 0, 0, 0, 0, 0, 0, 0, 0, 0, 0, 0, 0, 0
0.055, 0, 0, 0, 0, 0, 0, 0, 0, 0, 0, 0, 0, 0, 0
0.057, 0, 0, 0, 0, 0, 0, 0, 0, 0, 0, 0, 0, 0, 0
0.058, 0, 0, 0, 0, 0, 0, 0, 0, 0, 0, 0, 0, 0, 0
0.06, 0, 0, 0, 0, 0, 0, 0, 0, 0, 0, 0, 0, 0, 0
0.062, 0, 0, 0, 0, 0, 0, 0, 0, 0, 0, 0, 0, 0, 0
0.064, 0, 0, 0, 0, 0, 0, 0, 0, 0, 0, 0, 0, 0, 0
0.066, 0, 0, 0, 0.0249107, 0.0531473, 0, 0, 0, 0, 0, 0, 0, 0, 0
0.067, 0, 0, 0, 0.741893, 0.649232, 0, 0, 0, 0, 0, 0, 0, 0, 0
0.069, 0, 0, 0, 0.742353, 0.980851, 0, 0.333335, 0, 0, 0, 0, 0, 0, 0
0.071, 0, 0, 0, 0, 1.65038, 0, 0.594473, 0, 0, 0, 0, 0, 0, 0
0.073, 0, 0, 0, 0.103109, 0.775047, 0, 0.455538, 0, 0, 0, 0, 0, 0, 0
0.074, 0, 0, 0, 0.300236, 1.69635, 0, 0.94125, 0, 0, 0, 0, 0, 0, 0
0.076, 0, 0, 0, 0.0915517, 1.07248, 0, 0.606375, 0, 0, 0, 0, 0, 0, 0
0.077, 0, 0, 0, 0.194622, 1.48185, 0, 0.871665, 0, 0, 0.370503, 0, 0, 0, 0
0.079, 0, 0, 0, 0.132254, 1.15737, 0, 0.713356, 0, 0, 0.582072, 0, 0, 0, 0.514101
0.081, 0, 0, 0, 0.172161, 1.35863, 0, 0.849242, 0, 0, 0.738258, 0, 0, 0, 0.72
0.082, 0, 0, 0, 0.121016, 1.14438, 0, 0.755095, 0, 0, 0.664631, 0, 0, 0.0211223, 0.650202
0.084, 0, 0, 0, 0.145963, 1.17629, 0, 0.839213, 0, 0, 0.70264, 0, 0, 0.00953389, 0.701334
0.086, 0, 0, 0, 0.104126, 1.20355, 0, 0.811432, 0, 0, 0.658479, 0, 0, 0.0113273, 0.765161
0.088, 0, 0, 0, 0.0625333, 1.52681, 0, 0.79434, 0, 0, 0.612188, 0.290316, 0, 0.00307204, 0.836989
0.089, 0, 0, 0, 0.0303724, 1.32109, 0, 0.657553, 0, 0, 0.515577, 0.335076, 0, 0, 0.746355
0.091, 0, 0, 0, 0.0466688, 1.41034, 0, 0.753372, 0, 0, 0.599942, 0.340836, 0, 0, 0.769303
0.093, 0, 0, 0, 0.0334514, 1.32767, 0, 0.786565, 0.361384, 0, 0.551047, 0.316599, 0, 0, 0.6929
0.095, 0, 0, 0, 0.0280008, 1.37815, 0, 0.821297, 0.37462, 0, 0.550952, 0.333461, 0, 0, 0.673367
0.096, 0, 0, 0, 0.255855, 3.03652, 0, 2.71032, 0.21369, 0, 2.92955, 0.159901, 0, 0.323167, 1.37469
0.097, 0, 0, 0, 0, 0.159205, 0, 0.0484131, 0.229633, 0, 0.00911912, 0.101756, 0, 0, 0.0130171
0.098, 0, 0, 0, 0.351563, 1.45311, 0, 1.37977, 0.410098, 0, 0.957423, 0.331374, 0, 0, 0.490833
0.099, 0, 0, 0, 0, 1.23472, 0, 0.225423, 0.725083, 0, 0.158026, 0.400745, 0, 0, 0.298979
0.1, 0, 0, 0, 0, 1.30246, 0, 0.429061, 0.566676, 0, 0.349072, 0.279775, 0, 0, 0.327225
0.102, 0, 0, 0, 0, 1.26304, 0, 0.363221, 0.626992, 0, 0.327148, 0.267346, 0, 0, 0.318804
0.104, 0, 0, 0, 0, 1.30996, 0, 0.29448, 0.746692, 0, 0.324236, 0.266913, 0, 0, 0.330192
0.105, 0, 0, 0, 0, 1.27314, 0, 0.256523, 0.767798, 0, 0.310044, 0.258665, 0, 0, 0.318943
0.106, 0, 0, 0, 0, 1.30459, 0, 0.242328, 0.832668, 0, 0.310597, 0.268918, 0, 0, 0.424481
0.107, 0, 0, 0, 0, 1.28379, 0, 0.222584, 0.857835, 0, 0.289539, 0.270268, 0, 0, 0.352548
0.109, 0, 0, 0, 0, 1.30882, 0, 0.196814, 0.911115, 0, 0.289271, 0.270428, 0, 0, 0.321888
0.111, 0, 0, 0, 0, 1.29163, 0, 0.181174, 0.910579, 0, 0.281133, 0.263662, 0, 0, 0.313408
0.112, 0, 0, 0, 0, 1.31011, 0, 0.176034, 0.944994, 0, 0.284617, 0.263822, 0, 0, 0.319301
0.114, 0, 0, 0, 0, 1.3017, 0, 0.146686, 0.991612, 0, 0.280852, 0.25571, 0, 0, 0.313537
0.116, 0, 0, 0, 0, 1.31667, 0, 0.139579, 1.00342, 0, 0.284338, 0.25124, 0, 0, 0.319377
0.118, 0, 0, 0, 0, 1.30789, 0, 0.124033, 0.986974, 0, 0.283167, 0.243176, 0, 0, 0.318107
0.119, 0, 0, 0, 0, 1.29587, 0, 0.123586, 0.981432, 0, 0.285479, 0.242727, 0, 0, 0.321118
0.121, 0, 0, 0, 0, 1.31305, 0, 0.134514, 0.958065, 0, 0.289206, 0.241132, 0, 0, 0.326521
0.123, 0, 0, 0, 0, 1.30124, 0, 0.129318, 0.922726, 0, 0.293399, 0.228292, 0, 0, 0.323527
0.125, 0, 0, 0, 0.0249244, 1.29585, 0, 0.135185, 0.891058, 0, 0.301769, 0.223355, 0, 0, 0.327047
0.126, 0, 0, 0, 0.0256476, 1.30074, 0, 0.137512, 0.876037, 0, 0.303863, 0.222206, 0, 0, 0.328841
0.128, 0, 0, 0, 0.0251129, 1.30061, 0, 0.136712, 0.853258, 0, 0.304284, 0.218098, 0, 0, 0.329049
0.13, 0, 0, 0, 0.0248955, 1.30493, 0, 0.136372, 0.835878, 0, 0.312811, 0.207269, 0, 0, 0.329904
0.132, 0, 0, 0, 0.0236918, 1.29446, 0, 0.140566, 0.813378, 0, 0.317231, 0.199097, 0, 0, 0.329615
0.133, 0, 0, 0, 0.0251716, 1.30194, 0, 0.142897, 0.808167, 0, 0.318974, 0.199105, 0, 0, 0.331864
0.135, 0, 0, 0, 0.0254623, 1.29836, 0, 0.141993, 0.784068, 0, 0.323194, 0.191035, 0, 0, 0.331095
0.137, 0, 0, 0, 0.0256828, 1.30338, 0, 0.149255, 0.754414, 0, 0.325381, 0.189526, 0, 0, 0.332523
0.139, 0, 0, 0, 0.0252067, 1.30241, 0, 0.153686, 0.719103, 0, 0.32745, 0.185164, 0, 0, 0.331746
0.14, 0, 0, 0, 0.0254435, 1.30358, 0, 0.155594, 0.706371, 0, 0.329887, 0.182999, 0, 0, 0.33217
0.142, 0, 0, 0, 0.0255953, 1.30388, 0, 0.159624, 0.687398, 0, 0.335316, 0.17817, 0, 0, 0.332366
0.144, 0, 0, 0, 0.0259381, 1.30451, 0, 0.165101, 0.669703, 0, 0.339433, 0.173985, 0, 0, 0.332691
0.146, 0, 0, 0, 0.026158, 1.30561, 0, 0.165719, 0.660651, 0, 0.348068, 0.167428, 0, 0, 0.332905
0.149, 0, 0, 0, 0.0293476, 1.30403, 0, 0.173745, 0.637637, 0, 0.350421, 0.164958, 0, 0, 0.333054
0.151, 0, 0, 0, 0.0319766, 1.30531, 0, 0.180874, 0.619179, 0, 0.351707, 0.164296, 0, 0, 0.332757
0.153, 0, 0, 0, 0.0314496, 1.30587, 0, 0.186856, 0.598441, 0, 0.354019, 0.161627, 0, 0, 0.332756
0.154, 0, 0, 0, 0.0312268, 1.30609, 0, 0.190256, 0.587605, 0, 0.358086, 0.157273, 0, 0, 0.332753
0.156, 0, 0, 0, 0.0310168, 1.30687, 0, 0.196958, 0.57281, 0, 0.358964, 0.156535, 0, 0, 0.332859
0.158, 0, 0, 0, 0.0307165, 1.30779, 0, 0.201573, 0.560703, 0, 0.359489, 0.156346, 0, 0, 0.332796
0.16, 0, 0, 0, 0.030345, 1.30822, 0, 0.207334, 0.549258, 0, 0.360855, 0.155396, 0, 0, 0.332638
0.161, 0, 0, 0, 0.0301614, 1.30846, 0, 0.211474, 0.542835, 0, 0.361901, 0.154517, 0, 0, 0.332551
0.163, 0, 0, 0, 0.0299753, 1.30912, 0, 0.222556, 0.520026, 0, 0.363888, 0.153133, 0, 0, 0.332464
0.165, 0, 0, 0, 0.0305592, 1.30932, 0, 0.23176, 0.506616, 0, 0.364386, 0.15325, 0, 0, 0.333385
0.167, 0, 0, 0, 0.0293761, 1.3101, 0, 0.234151, 0.494913, 0, 0.370326, 0.148154, 0, 0, 0.331567
0.168, 0, 0, 0, 0.0291989, 1.31028, 0, 0.242815, 0.485087, 0, 0.371081, 0.147923, 0, 0, 0.331566
0.17, 0, 0, 0, 0.0281961, 1.3054, 0, 0.255714, 0.467813, 0, 0.373273, 0.146529, 0, 0, 0.33179
0.172, 0, 0, 0, 0.0290312, 1.30921, 0, 0.265261, 0.457208, 0, 0.378771, 0.144118, 0, 0, 0.332971
0.174, 0, 0, 0, 0.0284461, 1.30704, 0, 0.281825, 0.435424, 0, 0.38047, 0.141651, 0, 0, 0.33161
0.177, 0, 0, 0, 0.0285287, 1.30933, 0, 0.298835, 0.414125, 0, 0.385027, 0.138896, 0, 0, 0.331741
0.179, 0, 0, 0, 0.0282501, 1.30826, 0, 0.30991, 0.396005, 0, 0.386969, 0.136879, 0, 0, 0.331057
0.181, 0, 0, 0, 0.0283411, 1.30994, 0, 0.317995, 0.38687, 0, 0.389313, 0.135981, 0, 0, 0.331154
0.182, 0, 0, 0, 0.0279643, 1.30966, 0, 0.32264, 0.379977, 0, 0.389743, 0.135366, 0, 0, 0.33073
0.184, 0, 0, 0, 0.0281336, 1.30993, 0, 0.335406, 0.365544, 0, 0.391758, 0.134318, 0, 0, 0.330584
0.186, 0, 0, 0, 0.0279845, 1.31081, 0, 0.344904, 0.355714, 0, 0.393753, 0.13308, 0, 0, 0.330362
0.188, 0, 0, 0, 0.0278352, 1.31097, 0, 0.364258, 0.334228, 0, 0.394982, 0.132221, 0, 0, 0.32998
0.189, 0, 0, 0, 0.0277746, 1.31069, 0, 0.367414, 0.33184, 0, 0.395336, 0.13199, 0, 0, 0.329861
0.191, 0, 0, 0, 0.0279128, 1.31108, 0, 0.383467, 0.31089, 0, 0.396763, 0.131075, 0, 0, 0.329769
0.193, 0, 0, 0, 0.0277193, 1.31129, 0, 0.401387, 0.287922, 0, 0.397271, 0.130688, 0, 0, 0.329635
0.195, 0, 0, 0, 0.0270174, 1.31373, 0, 0.415193, 0.269588, 0, 0.398521, 0.128216, 0, 0, 0.327816
0.196, 0, 0, 0, 0.0265024, 1.31312, 0, 0.426705, 0.269449, 0, 0.398308, 0.130425, 0, 0, 0.328999
0.198, 0, 0, 0, 0.0280923, 1.31017, 0, 0.435894, 0.25846, 0, 0.399426, 0.129269, 0, 0, 0.32891
0.2, 0, 0, 0, 0.0282161, 1.31246, 0, 0.444849, 0.25191, 0, 0.400604, 0.129258, 0, 0, 0.329081
0.202, 0, 0, 0, 0.0276263, 1.31197, 0, 0.451723, 0.242765, 0, 0.40228, 0.128359, 0, 0, 0.328291
0.203, 0, 0, 0, 0.0276137, 1.31331, 0, 0.45566, 0.239658, 0, 0.402646, 0.128281, 0, 0, 0.328296
0.205, 0, 0, 0, 0.02733, 1.31298, 0, 0.466653, 0.221487, 0, 0.403053, 0.127136, 0, 0, 0.327501
0.207, 0, 0, 0, 0.0272927, 1.31352, 0, 0.479431, 0.211117, 0, 0.403192, 0.127674, 0, 0, 0.327613
0.209, 0, 0, 0, 0.0273087, 1.31339, 0, 0.48798, 0.202852, 0, 0.403391, 0.127425, 0, 0, 0.327122
0.21, 0, 0, 0, 0.0275344, 1.31355, 0, 0.492897, 0.199293, 0, 0.403258, 0.127609, 0, 0, 0.327288
0.212, 0, 0, 0, 0.0272465, 1.31409, 0, 0.499036, 0.192488, 0, 0.40402, 0.126963, 0, 0, 0.326708
0.214, 0, 0, 0, 0.027177, 1.31421, 0, 0.507849, 0.184565, 0, 0.404851, 0.126359, 0, 0, 0.326509
0.216, 0, 0, 0, 0.0272161, 1.31413, 0, 0.514485, 0.18104, 0, 0.405655, 0.125798, 0, 0, 0.326376
0.217, 0, 0, 0, 0.0269966, 1.31322, 0, 0.520623, 0.178409, 0, 0.405982, 0.125654, 0, 0, 0.326328
0.219, 0, 0, 0, 0.0274478, 1.31214, 0, 0.526572, 0.173097, 0, 0.408077, 0.125175, 0, 0, 0.326537
0.221, 0, 0, 0, 0.027525, 1.31333, 0, 0.532805, 0.165834, 0, 0.407654, 0.125294, 0, 0, 0.326667
0.223, 0, 0, 0, 0.02755, 1.31151, 0, 0.53849, 0.159455, 0, 0.407743, 0.124936, 0, 0, 0.326239
0.226, 0, 0, 0, 0.0277392, 1.31343, 0, 0.547418, 0.152153, 0, 0.408753, 0.124793, 0, 0, 0.326481
0.228, 0, 0, 0, 0.0274938, 1.31251, 0, 0.549683, 0.14991, 0, 0.410434, 0.123708, 0, 0, 0.325896
0.23, 0, 0, 0, 0.0276713, 1.31339, 0, 0.559995, 0.142966, 0, 0.410882, 0.123594, 0, 0, 0.325981
0.231, 0, 0, 0, 0.0274988, 1.31313, 0, 0.561103, 0.142162, 0, 0.410703, 0.123391, 0, 0, 0.325822
0.233, 0, 0, 0, 0.0275876, 1.31342, 0, 0.563677, 0.140349, 0, 0.411148, 0.123043, 0, 0, 0.325752
0.235, 0, 0, 0, 0.0275318, 1.31357, 0, 0.566307, 0.139266, 0, 0.411418, 0.122674, 0, 0, 0.325576
0.236, 0, 0, 0, 0.0275021, 1.31364, 0, 0.567321, 0.138895, 0, 0.411623, 0.122454, 0, 0, 0.325493
0.238, 0, 0, 0, 0.0274952, 1.31387, 0, 0.569896, 0.137882, 0, 0.411887, 0.122159, 0, 0, 0.32537
0.239, 0, 0, 0, 0.0274359, 1.31397, 0, 0.570854, 0.137526, 0, 0.411956, 0.122004, 0, 0, 0.325275
0.241, 0, 0, 0, 0.0274708, 1.314, 0, 0.569899, 0.138105, 0, 0.412242, 0.121691, 0, 0, 0.325145
0.243, 0, 0, 0, 0.0274743, 1.31422, 0, 0.573422, 0.135561, 0, 0.412481, 0.121434, 0, 0, 0.325045
0.245, 0, 0, 0, 0.0274716, 1.31414, 0, 0.576839, 0.133219, 0, 0.41271, 0.121139, 0, 0, 0.324905
0.246, 0, 0, 0, 0.0274822, 1.31431, 0, 0.57843, 0.132488, 0, 0.41274, 0.121088, 0, 0, 0.324877
0.248, 0, 0, 0, 0.0274415, 1.31449, 0, 0.580077, 0.132439, 0, 0.412906, 0.120852, 0, 0, 0.324758
0.25, 0, 0, 0, 0.0274121, 1.31462, 0, 0.581668, 0.132333, 0, 0.413014, 0.120654, 0, 0, 0.324913
0.252, 0, 0, 0, 0.0273868, 1.31478, 0, 0.583137, 0.132239, 0, 0.413272, 0.120383, 0, 0, 0.324813
0.253, 0, 0, 0, 0.0273535, 1.31481, 0, 0.583943, 0.132135, 0, 0.41331, 0.12028, 0, 0, 0.324745
0.255, 0, 0, 0, 0.0273554, 1.31498, 0, 0.585942, 0.131552, 0, 0.413486, 0.120087, 0, 0, 0.324663
0.257, 0, 0, 0, 0.0273533, 1.31493, 0, 0.587699, 0.131156, 0, 0.413157, 0.119963, 0, 0, 0.324555
0.259, 0, 0, 0, 0.0273269, 1.31532, 0, 0.589904, 0.130329, 0, 0.413368, 0.11983, 0, 0, 0.323972
0.26, 0, 0, 0, 0.0272614, 1.31519, 0, 0.590517, 0.130233, 0, 0.413337, 0.119748, 0, 0, 0.323851
0.262, 0, 0, 0, 0.02731, 1.31537, 0, 0.592044, 0.130128, 0, 0.413528, 0.11966, 0, 0, 0.323797
0.264, 0, 0, 0, 0.0273085, 1.31533, 0, 0.59352, 0.129668, 0, 0.414125, 0.119448, 0, 0, 0.323691
0.266, 0, 0, 0, 0.0272916, 1.31557, 0, 0.594934, 0.129565, 0, 0.415726, 0.119057, 0, 0, 0.323637
0.267, 0, 0, 0, 0.0272375, 1.31555, 0, 0.595535, 0.129489, 0, 0.415658, 0.118998, 0, 0, 0.323557
0.269, 0, 0, 0, 0.0272899, 1.31542, 0, 0.596898, 0.12938, 0, 0.415779, 0.118888, 0, 0, 0.323494
0.271, 0, 0, 0, 0.0272857, 1.31571, 0, 0.598126, 0.129645, 0, 0.419102, 0.118233, 0, 0, 0.323471
0.273, 0, 0, 0, 0.0272562, 1.31561, 0, 0.599309, 0.129482, 0, 0.418929, 0.118111, 0, 0, 0.32335
0.276, 0, 0, 0, 0.02724, 1.31594, 0, 0.601217, 0.129292, 0, 0.41882, 0.117991, 0, 0, 0.323293
0.278, 0, 0, 0, 0.0271881, 1.31587, 0, 0.602422, 0.128952, 0, 0.418651, 0.117879, 0, 0, 0.323163
0.28, 0, 0, 0, 0.0271963, 1.31604, 0, 0.603636, 0.128826, 0, 0.418726, 0.117662, 0, 0, 0.323129
0.281, 0, 0, 0, 0.0271497, 1.31605, 0, 0.601157, 0.131017, 0, 0.418645, 0.11761, 0, 0, 0.323072
0.283, 0, 0, 0, 0.0271478, 1.31615, 0, 0.60217, 0.130859, 0, 0.418599, 0.117538, 0, 0, 0.32302
0.285, 0, 0, 0, 0.0271273, 1.31621, 0, 0.603237, 0.130619, 0, 0.418523, 0.117462, 0, 0, 0.32295
0.287, 0, 0, 0, 0.0271042, 1.31634, 0, 0.6044, 0.130248, 0, 0.418462, 0.117392, 0, 0, 0.32289
0.288, 0, 0, 0, 0.0271154, 1.31609, 0, 0.604903, 0.130101, 0, 0.418404, 0.11735, 0, 0, 0.322841
0.29, 0, 0, 0, 0.0271704, 1.31621, 0, 0.606171, 0.129831, 0, 0.418436, 0.117315, 0, 0, 0.322638
0.292, 0, 0, 0, 0.0270724, 1.31646, 0, 0.607275, 0.129269, 0, 0.418375, 0.117269, 0, 0, 0.322562
0.294, 0, 0, 0, 0.0270486, 1.31636, 0, 0.608232, 0.129062, 0, 0.418131, 0.11737, 0, 0, 0.322465
0.295, 0, 0, 0, 0.0270707, 1.31645, 0, 0.608782, 0.128982, 0, 0.418141, 0.117354, 0, 0, 0.322466
0.297, 0, 0, 0, 0.0270476, 1.3165, 0, 0.609786, 0.128802, 0, 0.418089, 0.117295, 0, 0, 0.322415
0.299, 0, 0, 0, 0.0270276, 1.31657, 0, 0.612919, 0.128086, 0, 0.418048, 0.11724, 0, 0, 0.322368
0.301, 0, 0, 0, 0.0270083, 1.31662, 0, 0.614011, 0.127846, 0, 0.418007, 0.117186, 0, 0, 0.322318
0.302, 0, 0, 0, 0.0269931, 1.31664, 0, 0.614528, 0.127734, 0, 0.41798, 0.117158, 0, 0, 0.32229
0.304, 0, 0, 0, 0.0272745, 1.31616, 0, 0.615239, 0.127645, 0, 0.417039, 0.117348, 0, 0, 0.322082
0.306, 0, 0, 0, 0.0273125, 1.31658, 0, 0.61664, 0.127367, 0, 0.417158, 0.117255, 0, 0, 0.322163
0.308, 0, 0, 0, 0.0272479, 1.31637, 0, 0.617483, 0.127101, 0, 0.417037, 0.117082, 0, 0, 0.322028
0.309, 0, 0, 0, 0.0272799, 1.31652, 0, 0.618079, 0.127008, 0, 0.417104, 0.117044, 0, 0, 0.322063
0.311, 0, 0, 0, 0.0272204, 1.31656, 0, 0.619105, 0.126714, 0, 0.417083, 0.116927, 0, 0, 0.322019
0.313, 0, 0, 0, 0.0272056, 1.3166, 0, 0.620074, 0.126496, 0, 0.417088, 0.116826, 0, 0, 0.32198
0.315, 0, 0, 0, 0.0271703, 1.31668, 0, 0.621072, 0.126255, 0, 0.41711, 0.11674, 0, 0, 0.321953
0.316, 0, 0, 0, 0.0271346, 1.31672, 0, 0.621287, 0.126115, 0, 0.4171, 0.116696, 0, 0, 0.321928
0.318, 0, 0, 0, 0.027105, 1.31679, 0, 0.622275, 0.125966, 0, 0.417127, 0.116625, 0, 0, 0.3219
0.32, 0, 0, 0, 0.027186, 1.31614, 0, 0.623212, 0.125797, 0, 0.417147, 0.11656, 0, 0, 0.32187
0.322, 0, 0, 0, 0.0272282, 1.31673, 0, 0.624364, 0.125729, 0, 0.417461, 0.116495, 0, 0, 0.322011
0.325, 0, 0, 0, 0.0271121, 1.31651, 0, 0.625705, 0.125329, 0, 0.417363, 0.116372, 0, 0, 0.321847
0.327, 0, 0, 0, 0.0271226, 1.31676, 0, 0.626624, 0.125245, 0, 0.417461, 0.116356, 0, 0, 0.321883
0.329, 0, 0, 0, 0.0270706, 1.31669, 0, 0.627378, 0.125108, 0, 0.417433, 0.1163, 0, 0, 0.321811
0.33, 0, 0, 0, 0.0270781, 1.31676, 0, 0.627814, 0.125062, 0, 0.41747, 0.116291, 0, 0, 0.321815
0.332, 0, 0, 0, 0.0270665, 1.31672, 0, 0.628602, 0.124956, 0, 0.417488, 0.116257, 0, 0, 0.321785
0.334, 0, 0, 0, 0.0270623, 1.31682, 0, 0.629412, 0.124857, 0, 0.417529, 0.116236, 0, 0, 0.321776
0.336, 0, 0, 0, 0.0270227, 1.31689, 0, 0.630174, 0.124745, 0, 0.417536, 0.116203, 0, 0, 0.321736
0.337, 0, 0, 0, 0.0270057, 1.31689, 0, 0.630543, 0.124689, 0, 0.417533, 0.116187, 0, 0, 0.321714
0.338, 0, 0, 0, 0.027076, 1.31647, 0, 0.630935, 0.12464, 0, 0.417547, 0.116177, 0, 0, 0.321703
0.34, 0, 0, 0, 0.0271026, 1.31689, 0, 0.631842, 0.124601, 0, 0.417689, 0.116199, 0, 0, 0.321787
0.342, 0, 0, 0, 0.0270261, 1.31672, 0, 0.633265, 0.124412, 0, 0.417608, 0.116141, 0, 0, 0.321675
0.344, 0, 0, 0, 0.0270431, 1.31689, 0, 0.633972, 0.124493, 0, 0.417683, 0.116141, 0, 0, 0.321697
0.345, 0, 0, 0, 0.0270036, 1.31684, 0, 0.63433, 0.124454, 0, 0.417646, 0.116118, 0, 0, 0.321653
0.347, 0, 0, 0, 0.027013, 1.31691, 0, 0.635147, 0.124395, 0, 0.417685, 0.116106, 0, 0, 0.321642
0.349, 0, 0, 0, 0.0270273, 1.31681, 0, 0.635088, 0.124404, 0, 0.417685, 0.116086, 0, 0, 0.321607
0.351, 0, 0, 0, 0.026992, 1.31718, 0, 0.635751, 0.124345, 0, 0.417729, 0.116082, 0, 0, 0.321613
0.352, 0, 0, 0, 0.0269151, 1.31708, 0, 0.63593, 0.124265, 0, 0.417629, 0.116043, 0, 0, 0.321526
0.354, 0, 0, 0, 0.0269473, 1.31714, 0, 0.636613, 0.124193, 0, 0.417674, 0.116035, 0, 0, 0.321517
0.356, 0, 0, 0, 0.0269619, 1.31694, 0, 0.637305, 0.124089, 0, 0.417667, 0.116017, 0, 0, 0.321483
0.358, 0, 0, 0, 0.0269901, 1.3171, 0, 0.638018, 0.124032, 0, 0.417729, 0.116024, 0, 0, 0.32148
0.359, 0, 0, 0, 0.0269551, 1.31705, 0, 0.638277, 0.123975, 0, 0.417687, 0.116004, 0, 0, 0.321435
0.36, 0, 0, 0, 0.02697, 1.31708, 0, 0.638626, 0.123936, 0, 0.417709, 0.116001, 0, 0, 0.321432
0.362, 0, 0, 0, 0.0270404, 1.31667, 0, 0.640152, 0.123819, 0, 0.417698, 0.11599, 0, 0, 0.321407
0.364, 0, 0, 0, 0.0270781, 1.31701, 0, 0.640861, 0.123799, 0, 0.41782, 0.116013, 0, 0, 0.321487
0.366, 0, 0, 0, 0.0270513, 1.3166, 0, 0.641373, 0.123676, 0, 0.417742, 0.115971, 0, 0, 0.321402
0.367, 0, 0, 0, 0.0271289, 1.31683, 0, 0.641479, 0.123634, 0, 0.417848, 0.11599, 0, 0, 0.321478
0.369, 0, 0, 0, 0.0270685, 1.31682, 0, 0.641941, 0.123557, 0, 0.417785, 0.115961, 0, 0, 0.321424
0.371, 0, 0, 0, 0.0270656, 1.31688, 0, 0.64253, 0.123482, 0, 0.417795, 0.115948, 0, 0, 0.321412
0.373, 0, 0, 0, 0.0270548, 1.3169, 0, 0.64276, 0.123453, 0, 0.417783, 0.115928, 0, 0, 0.321381
0.374, 0, 0, 0, 0.0270524, 1.31691, 0, 0.643057, 0.123425, 0, 0.417783, 0.115921, 0, 0, 0.321371
0.376, 0, 0, 0, 0.0270491, 1.31695, 0, 0.643654, 0.123366, 0, 0.417783, 0.115905, 0, 0, 0.321351
0.378, 0, 0, 0, 0.0270416, 1.31698, 0, 0.644736, 0.123277, 0, 0.417775, 0.115889, 0, 0, 0.321329
0.38, 0, 0, 0, 0.0270341, 1.31701, 0, 0.644803, 0.12328, 0, 0.417776, 0.115873, 0, 0, 0.321308
0.381, 0, 0, 0, 0.0270283, 1.31702, 0, 0.645091, 0.123253, 0, 0.417769, 0.115863, 0, 0, 0.321294
0.383, 0, 0, 0, 0.0269873, 1.31713, 0, 0.645128, 0.12327, 0, 0.417794, 0.115856, 0, 0, 0.321307
0.385, 0, 0, 0, 0.0270223, 1.31675, 0, 0.645672, 0.123218, 0, 0.417772, 0.11583, 0, 0, 0.321261
0.387, 0, 0, 0, 0.0270553, 1.31709, 0, 0.646403, 0.123221, 0, 0.417859, 0.115902, 0, 0, 0.321339
0.388, 0, 0, 0, 0.0269819, 1.31696, 0, 0.646566, 0.123165, 0, 0.417763, 0.115868, 0, 0, 0.321264
0.39, 0, 0, 0, 0.0270167, 1.31704, 0, 0.646912, 0.12318, 0, 0.417802, 0.115866, 0, 0, 0.321269
0.392, 0, 0, 0, 0.0270064, 1.31703, 0, 0.646779, 0.123226, 0, 0.41778, 0.115849, 0, 0, 0.321239
0.394, 0, 0, 0, 0.0270843, 1.31692, 0, 0.647171, 0.123259, 0, 0.41774, 0.115808, 0, 0, 0.321158
0.395, 0, 0, 0, 0.0271054, 1.31701, 0, 0.647459, 0.123249, 0, 0.417759, 0.115829, 0, 0, 0.321181
0.397, 0, 0, 0, 0.0270974, 1.31698, 0, 0.648091, 0.123194, 0, 0.41772, 0.115815, 0, 0, 0.321158
0.399, 0, 0, 0, 0.0271047, 1.31702, 0, 0.648526, 0.12306, 0, 0.417727, 0.115805, 0, 0, 0.32115
0.401, 0, 0, 0, 0.0271005, 1.31703, 0, 0.649011, 0.123027, 0, 0.417705, 0.115789, 0, 0, 0.321068
0.402, 0, 0, 0, 0.0270978, 1.31704, 0, 0.648917, 0.123063, 0, 0.417699, 0.115783, 0, 0, 0.321058
0.404, 0, 0, 0, 0.0270914, 1.31707, 0, 0.649542, 0.123035, 0, 0.417689, 0.115771, 0, 0, 0.32104
0.406, 0, 0, 0, 0.0270832, 1.31709, 0, 0.65017, 0.123006, 0, 0.417677, 0.115758, 0, 0, 0.321021
0.407, 0, 0, 0, 0.0271514, 1.31661, 0, 0.650273, 0.123015, 0, 0.417667, 0.115751, 0, 0, 0.32101
0.409, 0, 0, 0, 0.027197, 1.31701, 0, 0.651043, 0.123049, 0, 0.417797, 0.115789, 0, 0, 0.321116
0.41, 0, 0, 0, 0.0271101, 1.31685, 0, 0.651163, 0.122969, 0, 0.41768, 0.11575, 0, 0, 0.321029
0.412, 0, 0, 0, 0.0271537, 1.31693, 0, 0.651325, 0.123039, 0, 0.417724, 0.115752, 0, 0, 0.321041
0.413, 0, 0, 0, 0.0271934, 1.31657, 0, 0.651606, 0.12302, 0, 0.417701, 0.115742, 0, 0, 0.32102
0.414, 0, 0, 0, 0.027259, 1.31678, 0, 0.652056, 0.123045, 0, 0.417802, 0.115768, 0, 0, 0.321087
0.416, 0, 0, 0, 0.027202, 1.31677, 0, 0.652253, 0.123062, 0, 0.417739, 0.115744, 0, 0, 0.321041
0.417, 0, 0, 0, 0.0271262, 1.31695, 0, 0.651724, 0.12313, 0, 0.417783, 0.115764, 0, 0, 0.321094
0.419, 0, 0, 0, 0.0271009, 1.31688, 0, 0.652127, 0.123086, 0, 0.417741, 0.115726, 0, 0, 0.321032
0.421, 0, 0, 0, 0.0271063, 1.31699, 0, 0.652663, 0.123053, 0, 0.41776, 0.115728, 0, 0, 0.321037
0.423, 0, 0, 0, 0.0270593, 1.31717, 0, 0.653759, 0.122913, 0, 0.417732, 0.115713, 0, 0, 0.321004
0.424, 0, 0, 0, 0.0270238, 1.3171, 0, 0.653949, 0.122864, 0, 0.417679, 0.115694, 0, 0, 0.320961
0.426, 0, 0, 0, 0.027062, 1.31703, 0, 0.654042, 0.122892, 0, 0.4177, 0.115693, 0, 0, 0.320962
0.428, 0, 0, 0, 0.0270744, 1.31711, 0, 0.653327, 0.123021, 0, 0.417716, 0.115694, 0, 0, 0.320969
0.43, 0, 0, 0, 0.0270624, 1.31709, 0, 0.653414, 0.123016, 0, 0.417693, 0.11568, 0, 0, 0.32094
0.431, 0, 0, 0, 0.0271483, 1.31695, 0, 0.653481, 0.123051, 0, 0.417647, 0.115653, 0, 0, 0.320874
0.433, 0, 0, 0, 0.0271712, 1.31707, 0, 0.653858, 0.123023, 0, 0.417671, 0.115674, 0, 0, 0.320905
0.435, 0, 0, 0, 0.0271577, 1.31701, 0, 0.654236, 0.122951, 0, 0.417631, 0.115653, 0, 0, 0.320866
0.437, 0, 0, 0, 0.0271684, 1.31707, 0, 0.654814, 0.122948, 0, 0.417639, 0.115651, 0, 0, 0.320867
0.438, 0, 0, 0, 0.0271534, 1.31706, 0, 0.65501, 0.122901, 0, 0.417621, 0.115642, 0, 0, 0.320848
0.44, 0, 0, 0, 0.0272274, 1.31694, 0, 0.654404, 0.123035, 0, 0.417586, 0.11561, 0, 0, 0.320782
0.442, 0, 0, 0, 0.0270915, 1.31734, 0, 0.655016, 0.122847, 0, 0.417683, 0.115676, 0, 0, 0.320923
0.444, 0, 0, 0, 0.0270348, 1.31709, 0, 0.655222, 0.122787, 0, 0.417586, 0.115603, 0, 0, 0.320801
0.445, 0, 0, 0, 0.0270795, 1.31724, 0, 0.655528, 0.122795, 0, 0.417657, 0.115622, 0, 0, 0.320844
0.447, 0, 0, 0, 0.0270367, 1.31723, 0, 0.655113, 0.122872, 0, 0.417613, 0.115609, 0, 0, 0.32081
0.449, 0, 0, 0, 0.027034, 1.31727, 0, 0.655698, 0.122808, 0, 0.417616, 0.115606, 0, 0, 0.320805
0.451, 0, 0, 0, 0.0272193, 1.31639, 0, 0.65593, 0.122825, 0, 0.417556, 0.115577, 0, 0, 0.32073
0.452, 0, 0, 0, 0.0273922, 1.31684, 0, 0.656477, 0.12289, 0, 0.417797, 0.115661, 0, 0, 0.320912
0.454, 0, 0, 0, 0.0272807, 1.31673, 0, 0.655768, 0.122948, 0, 0.417659, 0.115622, 0, 0, 0.32083
0.456, 0, 0, 0, 0.0272989, 1.31683, 0, 0.656187, 0.122931, 0, 0.417686, 0.115625, 0, 0, 0.320844
0.458, 0, 0, 0, 0.0271976, 1.31698, 0, 0.656658, 0.122844, 0, 0.417713, 0.115622, 0, 0, 0.320867
0.461, 0, 0, 0, 0.0272256, 1.31682, 0, 0.656811, 0.122868, 0, 0.417617, 0.115599, 0, 0, 0.320774
0.462, 0, 0, 0, 0.0273176, 1.31679, 0, 0.656948, 0.122906, 0, 0.417629, 0.115595, 0, 0, 0.320766
0.464, 0, 0, 0, 0.0273188, 1.31685, 0, 0.657296, 0.122879, 0, 0.417624, 0.115597, 0, 0, 0.320769
0.466, 0, 0, 0, 0.0273131, 1.31683, 0, 0.657596, 0.122842, 0, 0.4176, 0.115583, 0, 0, 0.32074
0.467, 0, 0, 0, 0.0272736, 1.31694, 0, 0.65784, 0.122801, 0, 0.417626, 0.115592, 0, 0, 0.320767
0.469, 0, 0, 0, 0.0273016, 1.31681, 0, 0.657602, 0.122864, 0, 0.417569, 0.115559, 0, 0, 0.320696
0.471, 0, 0, 0, 0.0272813, 1.31699, 0, 0.658045, 0.12282, 0, 0.417612, 0.115583, 0, 0, 0.320746
0.473, 0, 0, 0, 0.0272927, 1.31683, 0, 0.658214, 0.122801, 0, 0.417544, 0.115546, 0, 0, 0.320668
0.474, 0, 0, 0, 0.0273248, 1.31693, 0, 0.658443, 0.122799, 0, 0.417584, 0.115563, 0, 0, 0.320699
0.476, 0, 0, 0, 0.0272666, 1.31698, 0, 0.658456, 0.122749, 0, 0.417573, 0.115563, 0, 0, 0.320704
0.478, 0, 0, 0, 0.0272889, 1.31691, 0, 0.658445, 0.122735, 0, 0.417542, 0.115539, 0, 0, 0.320659
0.48, 0, 0, 0, 0.0272958, 1.31699, 0, 0.658786, 0.122711, 0, 0.417555, 0.11555, 0, 0, 0.320676
0.481, 0, 0, 0, 0.0272444, 1.31704, 0, 0.658965, 0.122666, 0, 0.417551, 0.115551, 0, 0, 0.320683
0.483, 0, 0, 0, 0.0272392, 1.31703, 0, 0.659241, 0.122636, 0, 0.417543, 0.115543, 0, 0, 0.320667
0.485, 0, 0, 0, 0.0272689, 1.31701, 0, 0.659466, 0.122634, 0, 0.41753, 0.115533, 0, 0, 0.320644
0.487, 0, 0, 0, 0.027266, 1.31706, 0, 0.659301, 0.122686, 0, 0.417544, 0.115531, 0, 0, 0.320651
0.488, 0, 0, 0, 0.0272527, 1.31705, 0, 0.659434, 0.122667, 0, 0.417527, 0.11553, 0, 0, 0.320641
0.49, 0, 0, 0, 0.0272517, 1.31708, 0, 0.658321, 0.122835, 0, 0.417534, 0.115526, 0, 0, 0.32064
0.492, 0, 0, 0, 0.027212, 1.31716, 0, 0.658635, 0.122797, 0, 0.417543, 0.115538, 0, 0, 0.320659
0.494, 0, 0, 0, 0.0272325, 1.31706, 0, 0.658793, 0.122795, 0, 0.417505, 0.115518, 0, 0, 0.320611
0.495, 0, 0, 0, 0.0272513, 1.31712, 0, 0.658954, 0.122795, 0, 0.417532, 0.115526, 0, 0, 0.32063
0.497, 0, 0, 0, 0.0272018, 1.31719, 0, 0.659216, 0.122756, 0, 0.417538, 0.115525, 0, 0, 0.32064
0.499, 0, 0, 0, 0.027223, 1.31711, 0, 0.659376, 0.12275, 0, 0.417498, 0.115513, 0, 0, 0.320597
0.5, 0, 0, 0, 0.0272403, 1.31715, 0, 0.659519, 0.122747, 0, 0.417519, 0.11552, 0, 0, 0.320613
0.501, 0, 0, 0, 0.0272291, 1.31714, 0, 0.659607, 0.122735, 0, 0.417506, 0.115516, 0, 0, 0.320605
0.502, 0, 0, 0, 0.0271969, 1.31721, 0, 0.659781, 0.122703, 0, 0.417525, 0.115525, 0, 0, 0.320627
0.503, 0, 0, 0, 0.0271828, 1.31718, 0, 0.659849, 0.122691, 0, 0.417509, 0.115513, 0, 0, 0.320608
0.505, 0, 0, 0, 0.0272206, 1.31715, 0, 0.660004, 0.1227, 0, 0.417499, 0.115503, 0, 0, 0.320582
0.507, 0, 0, 0, 0.0272273, 1.31718, 0, 0.660228, 0.122679, 0, 0.4175, 0.115512, 0, 0, 0.320589
0.508, 0, 0, 0, 0.0271855, 1.31724, 0, 0.660377, 0.122642, 0, 0.417509, 0.115518, 0, 0, 0.320606
0.51, 0, 0, 0, 0.027178, 1.31721, 0, 0.660051, 0.122702, 0, 0.417498, 0.115504, 0, 0, 0.320582
0.512, 0, 0, 0, 0.027218, 1.31718, 0, 0.660204, 0.12271, 0, 0.417479, 0.115501, 0, 0, 0.320561
0.514, 0, 0, 0, 0.0271845, 1.31728, 0, 0.660455, 0.122677, 0, 0.417512, 0.115509, 0, 0, 0.320591
0.515, 0, 0, 0, 0.0271626, 1.31724, 0, 0.660506, 0.12266, 0, 0.417483, 0.115498, 0, 0, 0.320567
0.517, 0, 0, 0, 0.0271723, 1.31726, 0, 0.660719, 0.122641, 0, 0.417488, 0.115506, 0, 0, 0.32057
0.519, 0, 0, 0, 0.027208, 1.31718, 0, 0.660795, 0.122654, 0, 0.417464, 0.115486, 0, 0, 0.320531
0.521, 0, 0, 0, 0.0271788, 1.31732, 0, 0.661079, 0.122614, 0, 0.417502, 0.11551, 0, 0, 0.320579
0.524, 0, 0, 0, 0.0271561, 1.31724, 0, 0.661256, 0.122578, 0, 0.417467, 0.115487, 0, 0, 0.320425
0.526, 0, 0, 0, 0.0272155, 1.31721, 0, 0.660713, 0.122701, 0, 0.417453, 0.115489, 0, 0, 0.320412
0.528, 0, 0, 0, 0.027168, 1.31733, 0, 0.660946, 0.122666, 0, 0.417494, 0.115496, 0, 0, 0.320455
0.529, 0, 0, 0, 0.0271421, 1.31728, 0, 0.660978, 0.122649, 0, 0.417459, 0.115484, 0, 0, 0.32043
0.531, 0, 0, 0, 0.0272122, 1.31719, 0, 0.661078, 0.122668, 0, 0.417433, 0.115481, 0, 0, 0.320406
0.533, 0, 0, 0, 0.0272092, 1.3173, 0, 0.661296, 0.122646, 0, 0.417478, 0.115491, 0, 0, 0.320451
0.535, 0, 0, 0, 0.0271169, 1.31739, 0, 0.661506, 0.122586, 0, 0.417498, 0.115487, 0, 0, 0.320469
0.538, 0, 0, 0, 0.0272343, 1.31707, 0, 0.661485, 0.12264, 0, 0.417383, 0.115454, 0, 0, 0.320358
0.539, 0, 0, 0, 0.0272986, 1.31722, 0, 0.661685, 0.12266, 0, 0.417465, 0.115487, 0, 0, 0.320424
0.541, 0, 0, 0, 0.0271895, 1.31731, 0, 0.661872, 0.122585, 0, 0.417458, 0.11549, 0, 0, 0.320447
0.543, 0, 0, 0, 0.0272853, 1.31704, 0, 0.661752, 0.122645, 0, 0.417377, 0.115441, 0, 0, 0.320341
0.544, 0, 0, 0, 0.0273345, 1.31719, 0, 0.661948, 0.122653, 0, 0.41744, 0.115477, 0, 0, 0.3204
0.546, 0, 0, 0, 0.0273316, 1.31707, 0, 0.661976, 0.122633, 0, 0.417376, 0.115461, 0, 0, 0.320363
0.548, 0, 0, 0, 0.0274044, 1.31703, 0, 0.66202, 0.122667, 0, 0.417369, 0.115451, 0, 0, 0.320345
0.55, 0, 0, 0, 0.0274158, 1.31705, 0, 0.662177, 0.122641, 0, 0.417365, 0.115464, 0, 0, 0.32036
0.551, 0, 0, 0, 0.0274122, 1.31703, 0, 0.662224, 0.122628, 0, 0.417358, 0.11546, 0, 0, 0.320356
0.553, 0, 0, 0, 0.0273485, 1.31717, 0, 0.66247, 0.122563, 0, 0.417396, 0.115478, 0, 0, 0.320407
0.554, 0, 0, 0, 0.0273777, 1.31698, 0, 0.662323, 0.122594, 0, 0.417331, 0.115434, 0, 0, 0.320327
0.556, 0, 0, 0, 0.0274047, 1.3171, 0, 0.66254, 0.122588, 0, 0.417373, 0.115462, 0, 0, 0.320372
0.558, 0, 0, 0, 0.0273839, 1.31703, 0, 0.661833, 0.122686, 0, 0.41734, 0.11545, 0, 0, 0.320349
0.559, 0, 0, 0, 0.0273958, 1.31707, 0, 0.661927, 0.122687, 0, 0.417362, 0.115456, 0, 0, 0.320365
0.561, 0, 0, 0, 0.0273782, 1.31707, 0, 0.662041, 0.122672, 0, 0.417353, 0.115454, 0, 0, 0.320363
0.563, 0, 0, 0, 0.0273708, 1.31708, 0, 0.660847, 0.122842, 0, 0.417353, 0.115455, 0, 0, 0.320476
0.565, 0, 0, 0, 0.027361, 1.31709, 0, 0.660972, 0.122845, 0, 0.417354, 0.115455, 0, 0, 0.320476
0.566, 0, 0, 0, 0.0273549, 1.3171, 0, 0.661041, 0.122841, 0, 0.417354, 0.115455, 0, 0, 0.320473
0.568, 0, 0, 0, 0.0273615, 1.31706, 0, 0.661108, 0.122861, 0, 0.417334, 0.115418, 0, 0, 0.320443
0.57, 0, 0, 0, 0.0273628, 1.3171, 0, 0.661281, 0.122853, 0, 0.417332, 0.115434, 0, 0, 0.320455
0.572, 0, 0, 0, 0.0273504, 1.31708, 0, 0.6614, 0.122839, 0, 0.417323, 0.11543, 0, 0, 0.320447
0.573, 0, 0, 0, 0.0273486, 1.3171, 0, 0.661472, 0.122836, 0, 0.417328, 0.115432, 0, 0, 0.32045
0.575, 0, 0, 0, 0.0273308, 1.31713, 0, 0.661186, 0.122896, 0, 0.417329, 0.115433, 0, 0, 0.320453
0.577, 0, 0, 0, 0.0273185, 1.31713, 0, 0.660805, 0.122977, 0, 0.417325, 0.115432, 0, 0, 0.320449
0.579, 0, 0, 0, 0.0273095, 1.31715, 0, 0.66097, 0.122975, 0, 0.417327, 0.115434, 0, 0, 0.320451
0.58, 0, 0, 0, 0.0273019, 1.31715, 0, 0.661044, 0.122972, 0, 0.417323, 0.115433, 0, 0, 0.320449
0.582, 0, 0, 0, 0.0272955, 1.31716, 0, 0.661205, 0.122969, 0, 0.417326, 0.115435, 0, 0, 0.320451
0.584, 0, 0, 0, 0.0272869, 1.31717, 0, 0.661357, 0.122964, 0, 0.417324, 0.115436, 0, 0, 0.320451
0.586, 0, 0, 0, 0.02728, 1.31718, 0, 0.66151, 0.12296, 0, 0.417325, 0.115437, 0, 0, 0.320452
0.587, 0, 0, 0, 0.0272748, 1.31718, 0, 0.661582, 0.122956, 0, 0.417323, 0.115437, 0, 0, 0.320452
0.589, 0, 0, 0, 0.0272683, 1.31719, 0, 0.661733, 0.122951, 0, 0.417326, 0.115439, 0, 0, 0.320454
0.591, 0, 0, 0, 0.0272596, 1.3172, 0, 0.661879, 0.122943, 0, 0.417326, 0.11544, 0, 0, 0.320454
0.592, 0, 0, 0, 0.027255, 1.3172, 0, 0.66195, 0.12294, 0, 0.417325, 0.11544, 0, 0, 0.320454
0.594, 0, 0, 0, 0.027247, 1.31722, 0, 0.662952, 0.122792, 0, 0.41733, 0.115441, 0, 0, 0.320456
0.595, 0, 0, 0, 0.0272413, 1.31722, 0, 0.663013, 0.122783, 0, 0.417326, 0.115441, 0, 0, 0.320455
0.597, 0, 0, 0, 0.0272353, 1.31723, 0, 0.66314, 0.122771, 0, 0.417329, 0.115442, 0, 0, 0.320458
0.599, 0, 0, 0, 0.0271626, 1.31736, 0, 0.663359, 0.122725, 0, 0.417369, 0.115453, 0, 0, 0.3205
0.601, 0, 0, 0, 0.0271375, 1.3173, 0, 0.663434, 0.122708, 0, 0.417339, 0.11544, 0, 0, 0.320466
0.604, 0, 0, 0, 0.0271528, 1.31727, 0, 0.663835, 0.122675, 0, 0.417361, 0.11545, 0, 0, 0.320483
0.606, 0, 0, 0, 0.0271436, 1.31732, 0, 0.663962, 0.122672, 0, 0.417369, 0.115454, 0, 0, 0.32049
0.608, 0, 0, 0, 0.0271317, 1.3173, 0, 0.664073, 0.122662, 0, 0.417357, 0.11545, 0, 0, 0.320478
0.609, 0, 0, 0, 0.0271349, 1.31731, 0, 0.664107, 0.122668, 0, 0.417363, 0.115452, 0, 0, 0.320481
0.61, 0, 0, 0, 0.0271311, 1.31731, 0, 0.664163, 0.122666, 0, 0.417359, 0.115452, 0, 0, 0.320479
0.612, 0, 0, 0, 0.0271304, 1.31731, 0, 0.664292, 0.122662, 0, 0.417295, 0.115465, 0, 0, 0.320477
0.614, 0, 0, 0, 0.0271288, 1.31732, 0, 0.66442, 0.122658, 0, 0.417297, 0.115465, 0, 0, 0.320475
0.616, 0, 0, 0, 0.0271194, 1.31739, 0, 0.664549, 0.122653, 0, 0.417298, 0.115465, 0, 0, 0.320472
0.617, 0, 0, 0, 0.0271086, 1.31734, 0, 0.664584, 0.122643, 0, 0.417278, 0.115458, 0, 0, 0.320351
0.619, 0, 0, 0, 0.02716, 1.31728, 0, 0.664672, 0.122666, 0, 0.417273, 0.115453, 0, 0, 0.320326
0.621, 0, 0, 0, 0.0271695, 1.31731, 0, 0.664785, 0.122677, 0, 0.417284, 0.11545, 0, 0, 0.32033
0.623, 0, 0, 0, 0.0271691, 1.31729, 0, 0.664937, 0.122659, 0, 0.417267, 0.115457, 0, 0, 0.320335
0.624, 0, 0, 0, 0.0271388, 1.31736, 0, 0.665075, 0.122634, 0, 0.417293, 0.115466, 0, 0, 0.320367
0.626, 0, 0, 0, 0.0271277, 1.31731, 0, 0.66518, 0.122623, 0, 0.417276, 0.115455, 0, 0, 0.320354
0.628, 0, 0, 0, 0.0271305, 1.31735, 0, 0.665336, 0.122624, 0, 0.41729, 0.115457, 0, 0, 0.320366
0.63, 0, 0, 0, 0.0271211, 1.31733, 0, 0.665469, 0.122615, 0, 0.417281, 0.115453, 0, 0, 0.320359
0.633, 0, 0, 0, 0.0271193, 1.31735, 0, 0.665699, 0.12261, 0, 0.417287, 0.115453, 0, 0, 0.320365
0.635, 0, 0, 0, 0.0271148, 1.31734, 0, 0.665847, 0.122603, 0, 0.417283, 0.115451, 0, 0, 0.320362
0.637, 0, 0, 0, 0.0271138, 1.31735, 0, 0.666008, 0.122599, 0, 0.41735, 0.115438, 0, 0, 0.320365
0.638, 0, 0, 0, 0.0271108, 1.31735, 0, 0.666084, 0.122595, 0, 0.417347, 0.115437, 0, 0, 0.320363
0.64, 0, 0, 0, 0.0271429, 1.31728, 0, 0.664936, 0.122784, 0, 0.417323, 0.115425, 0, 0, 0.320336
0.642, 0, 0, 0, 0.0271532, 1.31732, 0, 0.665128, 0.122795, 0, 0.417334, 0.115436, 0, 0, 0.320354
0.644, 0, 0, 0, 0.0271493, 1.31728, 0, 0.66529, 0.122786, 0, 0.417252, 0.115442, 0, 0, 0.320342
0.645, 0, 0, 0, 0.0271571, 1.3173, 0, 0.665392, 0.122788, 0, 0.417262, 0.115444, 0, 0, 0.320348
0.647, 0, 0, 0, 0.0271529, 1.31729, 0, 0.665566, 0.122783, 0, 0.417256, 0.115441, 0, 0, 0.320343
0.649, 0, 0, 0, 0.0271536, 1.31729, 0, 0.665754, 0.122779, 0, 0.417257, 0.11544, 0, 0, 0.320342
0.651, 0, 0, 0, 0.0271533, 1.31729, 0, 0.665944, 0.122773, 0, 0.417256, 0.115439, 0, 0, 0.320339
0.652, 0, 0, 0, 0.0271539, 1.31729, 0, 0.666042, 0.12277, 0, 0.417256, 0.115438, 0, 0, 0.320339
0.654, 0, 0, 0, 0.0271536, 1.31729, 0, 0.66624, 0.122765, 0, 0.417255, 0.115437, 0, 0, 0.320337
0.656, 0, 0, 0, 0.0271538, 1.31729, 0, 0.666443, 0.122758, 0, 0.417255, 0.115436, 0, 0, 0.320336
0.658, 0, 0, 0, 0.0271538, 1.31729, 0, 0.666574, 0.122763, 0, 0.417255, 0.115435, 0, 0, 0.320334
0.659, 0, 0, 0, 0.0271539, 1.31729, 0, 0.666681, 0.122761, 0, 0.417256, 0.115435, 0, 0, 0.320334
0.661, 0, 0, 0, 0.0271536, 1.31729, 0, 0.6669, 0.122755, 0, 0.417256, 0.115434, 0, 0, 0.320333
0.663, 0, 0, 0, 0.0271535, 1.31729, 0, 0.667035, 0.122762, 0, 0.417256, 0.115433, 0, 0, 0.320331
0.665, 0, 0, 0, 0.0271532, 1.31729, 0, 0.667263, 0.122755, 0, 0.417257, 0.115432, 0, 0, 0.32033
0.666, 0, 0, 0, 0.0271529, 1.31729, 0, 0.66738, 0.122752, 0, 0.417257, 0.115432, 0, 0, 0.32033
0.668, 0, 0, 0, 0.0271529, 1.31729, 0, 0.6671, 0.122828, 0, 0.417257, 0.115431, 0, 0, 0.320329
0.67, 0, 0, 0, 0.0271668, 1.31727, 0, 0.667327, 0.122831, 0, 0.417251, 0.115428, 0, 0, 0.32032
0.672, 0, 0, 0, 0.0271676, 1.31728, 0, 0.667597, 0.122826, 0, 0.417257, 0.11543, 0, 0, 0.320381
0.673, 0, 0, 0, 0.0271626, 1.31728, 0, 0.667721, 0.12282, 0, 0.417253, 0.115428, 0, 0, 0.32038
0.675, 0, 0, 0, 0.0271709, 1.31721, 0, 0.66798, 0.122816, 0, 0.417259, 0.115428, 0, 0, 0.320334
0.677, 0, 0, 0, 0.0271699, 1.31728, 0, 0.66828, 0.122817, 0, 0.417281, 0.115435, 0, 0, 0.320344
0.679, 0, 0, 0, 0.0271551, 1.31725, 0, 0.668543, 0.122801, 0, 0.417266, 0.115427, 0, 0, 0.320328
0.68, 0, 0, 0, 0.0271612, 1.31726, 0, 0.668702, 0.122801, 0, 0.417277, 0.11543, 0, 0, 0.320335
0.683, 0, 0, 0, 0.0271321, 1.31732, 0, 0.669188, 0.122776, 0, 0.417295, 0.115432, 0, 0, 0.320352
0.685, 0, 0, 0, 0.0271218, 1.31729, 0, 0.669485, 0.122764, 0, 0.417285, 0.115427, 0, 0, 0.32034
0.687, 0, 0, 0, 0.0271452, 1.31727, 0, 0.668723, 0.12295, 0, 0.41728, 0.115422, 0, 0, 0.320329
0.688, 0, 0, 0, 0.0271292, 1.31733, 0, 0.668924, 0.122937, 0, 0.417302, 0.115436, 0, 0, 0.320355
0.69, 0, 0, 0, 0.0271203, 1.31729, 0, 0.669242, 0.122934, 0, 0.417286, 0.115426, 0, 0, 0.320393
0.692, 0, 0, 0, 0.0271238, 1.31732, 0, 0.669621, 0.122939, 0, 0.417301, 0.115429, 0, 0, 0.320406
0.694, 0, 0, 0, 0.0271179, 1.31731, 0, 0.668321, 0.123178, 0, 0.417293, 0.115429, 0, 0, 0.320346
0.695, 0, 0, 0, 0.0271227, 1.31731, 0, 0.66845, 0.123183, 0, 0.4173, 0.115428, 0, 0, 0.320347
0.697, 0, 0, 0, 0.0271372, 1.31728, 0, 0.668664, 0.123198, 0, 0.417288, 0.115419, 0, 0, 0.320326
0.699, 0, 0, 0, 0.0271206, 1.31735, 0, 0.669087, 0.123196, 0, 0.417312, 0.115434, 0, 0, 0.320356
0.701, 0, 0, 0, 0.0271096, 1.3173, 0, 0.668663, 0.123214, 0, 0.417299, 0.115422, 0, 0, 0.320338
0.702, 0, 0, 0, 0.0271367, 1.31729, 0, 0.668742, 0.123245, 0, 0.417297, 0.115418, 0, 0, 0.320378
0.704, 0, 0, 0, 0.0271152, 1.31735, 0, 0.669077, 0.123221, 0, 0.417313, 0.115429, 0, 0, 0.32041
0.706, 0, 0, 0, 0.0270907, 1.3174, 0, 0.669331, 0.123203, 0, 0.417298, 0.11542, 0, 0, 0.32034
0.708, 0, 0, 0, 0.027068, 1.3174, 0, 0.669643, 0.123168, 0, 0.417305, 0.11542, 0, 0, 0.320343
0.709, 0, 0, 0, 0.0270446, 1.31747, 0, 0.669859, 0.123137, 0, 0.41733, 0.11543, 0, 0, 0.32037
0.711, 0, 0, 0, 0.0270332, 1.31743, 0, 0.670101, 0.123125, 0, 0.417316, 0.115418, 0, 0, 0.320403
0.713, 0, 0, 0, 0.0270342, 1.31747, 0, 0.670394, 0.123119, 0, 0.417329, 0.115423, 0, 0, 0.320416
0.715, 0, 0, 0, 0.0270269, 1.31746, 0, 0.670658, 0.123101, 0, 0.417324, 0.11542, 0, 0, 0.320359
0.716, 0, 0, 0, 0.0270297, 1.31747, 0, 0.670801, 0.123096, 0, 0.41733, 0.115422, 0, 0, 0.320357
0.718, 0, 0, 0, 0.0270255, 1.31747, 0, 0.671067, 0.12308, 0, 0.417328, 0.115421, 0, 0, 0.3204
0.719, 0, 0, 0, 0.0270246, 1.31747, 0, 0.6712, 0.123072, 0, 0.417328, 0.115421, 0, 0, 0.320404
0.721, 0, 0, 0, 0.0270242, 1.31747, 0, 0.671464, 0.123056, 0, 0.417331, 0.11542, 0, 0, 0.320358
0.723, 0, 0, 0, 0.0270226, 1.31747, 0, 0.671724, 0.123039, 0, 0.417332, 0.115419, 0, 0, 0.320354
0.724, 0, 0, 0, 0.0270208, 1.31748, 0, 0.671851, 0.123029, 0, 0.417331, 0.115418, 0, 0, 0.320398
0.726, 0, 0, 0, 0.0270195, 1.31748, 0, 0.672106, 0.123011, 0, 0.417331, 0.115417, 0, 0, 0.320396
0.728, 0, 0, 0, 0.027018, 1.31748, 0, 0.672357, 0.122992, 0, 0.417331, 0.115416, 0, 0, 0.320399
0.73, 0, 0, 0, 0.0270172, 1.31748, 0, 0.672604, 0.122974, 0, 0.417333, 0.115415, 0, 0, 0.320344
0.731, 0, 0, 0, 0.0270164, 1.31748, 0, 0.672727, 0.122964, 0, 0.417333, 0.115414, 0, 0, 0.32034
0.733, 0, 0, 0, 0.0270144, 1.31748, 0, 0.67297, 0.122944, 0, 0.417331, 0.115412, 0, 0, 0.320391
0.734, 0, 0, 0, 0.0270133, 1.31748, 0, 0.673089, 0.122934, 0, 0.41733, 0.115412, 0, 0, 0.320392
0.736, 0, 0, 0, 0.0270124, 1.31749, 0, 0.673328, 0.122915, 0, 0.41733, 0.11541, 0, 0, 0.320391
0.738, 0, 0, 0, 0.0270116, 1.31749, 0, 0.673562, 0.122896, 0, 0.417331, 0.115409, 0, 0, 0.320334
0.739, 0, 0, 0, 0.0270104, 1.31749, 0, 0.673679, 0.122886, 0, 0.41733, 0.115408, 0, 0, 0.32038
0.741, 0, 0, 0, 0.0270098, 1.31749, 0, 0.673909, 0.122866, 0, 0.41733, 0.115406, 0, 0, 0.320334
0.743, 0, 0, 0, 0.0270081, 1.31749, 0, 0.674137, 0.122847, 0, 0.417329, 0.115405, 0, 0, 0.32038
0.745, 0, 0, 0, 0.0270073, 1.31749, 0, 0.674359, 0.122827, 0, 0.417329, 0.115403, 0, 0, 0.320325
0.746, 0, 0, 0, 0.0270064, 1.31749, 0, 0.674469, 0.122817, 0, 0.417328, 0.115402, 0, 0, 0.320371
0.748, 0, 0, 0, 0.0270051, 1.31749, 0, 0.674686, 0.122797, 0, 0.417326, 0.115401, 0, 0, 0.320375
0.75, 0, 0, 0, 0.0270049, 1.31749, 0, 0.6749, 0.122777, 0, 0.417327, 0.115399, 0, 0, 0.320325
0.752, 0, 0, 0, 0.0270039, 1.31749, 0, 0.675112, 0.122758, 0, 0.417327, 0.115398, 0, 0, 0.32032
0.753, 0, 0, 0, 0.0270024, 1.3175, 0, 0.675216, 0.122748, 0, 0.417325, 0.115396, 0, 0, 0.320365
0.755, 0, 0, 0, 0.0270009, 1.3175, 0, 0.675617, 0.122761, 0, 0.417326, 0.115394, 0, 0, 0.320363
0.757, 0, 0, 0, 0.0270002, 1.3175, 0, 0.675822, 0.122741, 0, 0.417325, 0.115393, 0, 0, 0.320365
0.759, 0, 0, 0, 0.0269996, 1.3175, 0, 0.676026, 0.122722, 0, 0.417325, 0.115391, 0, 0, 0.320359
0.76, 0, 0, 0, 0.0269989, 1.3175, 0, 0.676127, 0.122712, 0, 0.417324, 0.11539, 0, 0, 0.320361
0.762, 0, 0, 0, 0.026999, 1.3175, 0, 0.676329, 0.122692, 0, 0.417325, 0.115389, 0, 0, 0.320307
0.764, 0, 0, 0, 0.0269985, 1.3175, 0, 0.675624, 0.122801, 0, 0.41732, 0.115388, 0, 0, 0.320355
0.766, 0, 0, 0, 0.0269976, 1.3175, 0, 0.6758, 0.122804, 0, 0.417385, 0.115373, 0, 0, 0.320357
0.767, 0, 0, 0, 0.026997, 1.3175, 0, 0.675902, 0.122798, 0, 0.417382, 0.115373, 0, 0, 0.320356
0.769, 0, 0, 0, 0.0269972, 1.3175, 0, 0.676105, 0.122788, 0, 0.41738, 0.115371, 0, 0, 0.3203
0.771, 0, 0, 0, 0.0269959, 1.31751, 0, 0.676307, 0.122776, 0, 0.417376, 0.115369, 0, 0, 0.320344
0.773, 0, 0, 0, 0.0269952, 1.31751, 0, 0.676507, 0.122764, 0, 0.417307, 0.11538, 0, 0, 0.320349
0.774, 0, 0, 0, 0.0269951, 1.31751, 0, 0.676606, 0.122758, 0, 0.417308, 0.11538, 0, 0, 0.320349
0.776, 0, 0, 0, 0.0269945, 1.31751, 0, 0.676806, 0.122747, 0, 0.417308, 0.115378, 0, 0, 0.320347
0.778, 0, 0, 0, 0.0269945, 1.31751, 0, 0.677006, 0.122736, 0, 0.417309, 0.115377, 0, 0, 0.320291
0.78, 0, 0, 0, 0.0269933, 1.31751, 0, 0.677205, 0.122725, 0, 0.417307, 0.115376, 0, 0, 0.32034
0.781, 0, 0, 0, 0.0269926, 1.31751, 0, 0.677303, 0.122719, 0, 0.417306, 0.115375, 0, 0, 0.320341
0.783, 0, 0, 0, 0.0269931, 1.31751, 0, 0.677498, 0.122708, 0, 0.417308, 0.115374, 0, 0, 0.320287
0.785, 0, 0, 0, 0.0269919, 1.31751, 0, 0.677692, 0.122696, 0, 0.417306, 0.115373, 0, 0, 0.320336
0.787, 0, 0, 0, 0.0269912, 1.31751, 0, 0.677883, 0.122684, 0, 0.417305, 0.115372, 0, 0, 0.320338
0.79, 0, 0, 0, 0.0269914, 1.31752, 0, 0.678165, 0.122664, 0, 0.417306, 0.11537, 0, 0, 0.320286
0.792, 0, 0, 0, 0.0269912, 1.31752, 0, 0.678198, 0.122622, 0, 0.417304, 0.115369, 0, 0, 0.320277
0.794, 0, 0, 0, 0.02699, 1.31752, 0, 0.678376, 0.12261, 0, 0.417302, 0.115368, 0, 0, 0.320329
0.795, 0, 0, 0, 0.0269891, 1.31752, 0, 0.678463, 0.122603, 0, 0.4173, 0.115367, 0, 0, 0.32033
0.797, 0, 0, 0, 0.026989, 1.31752, 0, 0.678636, 0.122591, 0, 0.4173, 0.115366, 0, 0, 0.320331
0.799, 0, 0, 0, 0.0269892, 1.31752, 0, 0.678805, 0.12258, 0, 0.417301, 0.115366, 0, 0, 0.32028
0.801, 0, 0, 0, 0.0269881, 1.31752, 0, 0.678972, 0.122568, 0, 0.4173, 0.115364, 0, 0, 0.32032
0.802, 0, 0, 0, 0.0269874, 1.31752, 0, 0.679054, 0.122562, 0, 0.417298, 0.115363, 0, 0, 0.320323
0.804, 0, 0, 0, 0.0269874, 1.31752, 0, 0.679218, 0.122551, 0, 0.417298, 0.115363, 0, 0, 0.320325
0.806, 0, 0, 0, 0.0269876, 1.31752, 0, 0.679379, 0.122541, 0, 0.417299, 0.115362, 0, 0, 0.320275
0.808, 0, 0, 0, 0.0269872, 1.31753, 0, 0.679537, 0.12253, 0, 0.417299, 0.115361, 0, 0, 0.320267
0.809, 0, 0, 0, 0.026986, 1.31753, 0, 0.679616, 0.122525, 0, 0.417296, 0.11536, 0, 0, 0.320314
0.811, 0, 0, 0, 0.0269858, 1.31753, 0, 0.679773, 0.122514, 0, 0.417295, 0.115359, 0, 0, 0.32032
0.813, 0, 0, 0, 0.0269854, 1.31753, 0, 0.679928, 0.122504, 0, 0.417295, 0.115358, 0, 0, 0.32032
0.815, 0, 0, 0, 0.0269849, 1.31753, 0, 0.680108, 0.122499, 0, 0.417294, 0.115357, 0, 0, 0.320319
0.816, 0, 0, 0, 0.0269845, 1.31753, 0, 0.680183, 0.122493, 0, 0.417293, 0.115356, 0, 0, 0.320318
0.818, 0, 0, 0, 0.0269849, 1.31753, 0, 0.680333, 0.122484, 0, 0.417295, 0.115356, 0, 0, 0.320262
0.82, 0, 0, 0, 0.0269839, 1.31753, 0, 0.680484, 0.122474, 0, 0.417293, 0.115355, 0, 0, 0.320312
0.822, 0, 0, 0, 0.026984, 1.31753, 0, 0.680629, 0.122464, 0, 0.417293, 0.115354, 0, 0, 0.320265
0.825, 0, 0, 0, 0.0269833, 1.31754, 0, 0.680954, 0.122478, 0, 0.417289, 0.115352, 0, 0, 0.320313
0.827, 0, 0, 0, 0.0269826, 1.31753, 0, 0.681104, 0.122464, 0, 0.417291, 0.115351, 0, 0, 0.320258
0.829, 0, 0, 0, 0.0269823, 1.31754, 0, 0.681241, 0.122454, 0, 0.417289, 0.115351, 0, 0, 0.320308
0.83, 0, 0, 0, 0.0269816, 1.31754, 0, 0.681306, 0.122449, 0, 0.417287, 0.11535, 0, 0, 0.320309
0.832, 0, 0, 0, 0.0269817, 1.31754, 0, 0.68144, 0.122439, 0, 0.417287, 0.115349, 0, 0, 0.32031
0.834, 0, 0, 0, 0.0269813, 1.31754, 0, 0.68157, 0.122429, 0, 0.417285, 0.115349, 0, 0, 0.320309
0.836, 0, 0, 0, 0.0269816, 1.31754, 0, 0.681697, 0.122419, 0, 0.417286, 0.115348, 0, 0, 0.320253
0.837, 0, 0, 0, 0.026981, 1.31754, 0, 0.681782, 0.122428, 0, 0.417127, 0.115454, 0, 0, 0.3203
0.839, 0, 0, 0, 0.0269803, 1.31754, 0, 0.681912, 0.122417, 0, 0.417119, 0.115458, 0, 0, 0.320305
0.841, 0, 0, 0, 0.0269809, 1.31754, 0, 0.682035, 0.122408, 0, 0.417116, 0.115459, 0, 0, 0.320256
0.843, 0, 0, 0, 0.0269801, 1.31754, 0, 0.682164, 0.122401, 0, 0.417111, 0.115459, 0, 0, 0.320302
0.844, 0, 0, 0, 0.0269801, 1.31754, 0, 0.682223, 0.122396, 0, 0.41711, 0.11546, 0, 0, 0.320254
0.846, 0, 0, 0, 0.0269796, 1.31755, 0, 0.68234, 0.122387, 0, 0.417106, 0.11546, 0, 0, 0.320301
0.848, 0, 0, 0, 0.0269791, 1.31755, 0, 0.682452, 0.122378, 0, 0.417101, 0.115461, 0, 0, 0.320302
0.849, 0, 0, 0, 0.0269805, 1.31754, 0, 0.681827, 0.122468, 0, 0.4171, 0.115462, 0, 0, 0.320252
0.85, 0, 0, 0, 0.0269798, 1.31755, 0, 0.681867, 0.122475, 0, 0.417098, 0.115461, 0, 0, 0.320297
0.851, 0.476982, 0, 0, 0.0269279, 1.31784, 0, 0.681001, 0.122831, 0, 0.416493, 0.115126, 0, 0, 0.319901
0.853, 0.272225, 0, 0, 0.0267534, 1.31776, 0, 0.682104, 0.122379, 0, 0.417027, 0.115493, 0, 0, 0.320233
0.854, 0.21518, 0, 0, 0.0269062, 1.31742, 0, 0.682217, 0.12237, 0, 0.417183, 0.115521, 0, 0, 0.320353
0.855, 0.204317, 0, 0, 0.027104, 1.31734, 0, 0.682378, 0.122415, 0, 0.41717, 0.115521, 0, 0, 0.320382
0.857, 0.174076, 0, 0, 0.0271134, 1.31743, 0, 0.682308, 0.12245, 0, 0.417157, 0.115505, 0, 0, 0.320378
0.858, 0.1672, 0, 0, 0.0270666, 1.31747, 0, 0.68229, 0.122452, 0, 0.41712, 0.11549, 0, 0, 0.320299
0.86, 0.142161, 0, 0, 0.0270304, 1.31752, 0, 0.682374, 0.122444, 0, 0.417109, 0.11548, 0, 0, 0.320317
0.862, 0.125158, 0, 0, 0.0269966, 1.31755, 0, 0.682441, 0.122437, 0, 0.417085, 0.115471, 0, 0, 0.320303
0.864, 0.103825, 0, 0, 0.0269869, 1.31754, 0, 0.68253, 0.122427, 0, 0.417075, 0.115467, 0, 0, 0.320295
0.865, 0.0968154, 0, 0, 0.0269832, 1.31756, 0, 0.682573, 0.122427, 0, 0.417072, 0.115467, 0, 0, 0.320295
0.867, 0.0770568, 0, 0, 0.0269768, 1.31755, 0, 0.680394, 0.122797, 0, 0.417083, 0.115472, 0, 0, 0.320249
0.869, 0.0670541, 0, 0, 0.0269828, 1.31756, 0, 0.680522, 0.122809, 0, 0.41706, 0.115464, 0, 0, 0.320282
0.871, 0.0563442, 0, 0, 0.0269797, 1.31756, 0, 0.680658, 0.122812, 0, 0.417057, 0.115463, 0, 0, 0.320288
0.872, 0.0528219, 0, 0, 0.026977, 1.31756, 0, 0.680721, 0.122814, 0, 0.417054, 0.115462, 0, 0, 0.320287
0.874, 0.0471247, 0, 0, 0.0269757, 1.31756, 0, 0.680849, 0.122815, 0, 0.417053, 0.115462, 0, 0, 0.320238
0.876, 0.0360515, 0, 0, 0.0269766, 1.31755, 0, 0.680994, 0.122808, 0, 0.417064, 0.115469, 0, 0, 0.320289
0.878, 0.0332412, 0, 0, 0.0269838, 1.31755, 0, 0.681099, 0.122813, 0, 0.417049, 0.115461, 0, 0, 0.320286
0.879, 0.0323018, 0, 0, 0.0269809, 1.31756, 0, 0.681158, 0.122813, 0, 0.417048, 0.115461, 0, 0, 0.320287
0.881, 0.0313356, 0, 0, 0.0269757, 1.31756, 0, 0.68127, 0.122809, 0, 0.417043, 0.11546, 0, 0, 0.320285
0.883, 0.0235031, 0, 0, 0.0269773, 1.31755, 0, 0.681406, 0.122797, 0, 0.417056, 0.115469, 0, 0, 0.320295
0.885, 0.0270497, 0, 0, 0.0269814, 1.31756, 0, 0.681488, 0.122802, 0, 0.417042, 0.115459, 0, 0, 0.320229
0.886, 0.0280616, 0, 0, 0.0269774, 1.31756, 0, 0.68154, 0.122799, 0, 0.41704, 0.115459, 0, 0, 0.320226
0.888, 0.021578, 0, 0, 0.0269864, 1.31754, 0, 0.681652, 0.122789, 0, 0.417039, 0.115459, 0, 0, 0.320281
0.89, 0.0246414, 0, 0, 0.0269812, 1.31758, 0, 0.681749, 0.122791, 0, 0.41704, 0.115459, 0, 0, 0.320287
0.892, 0.0287338, 0, 0, 0.0269709, 1.31756, 0, 0.681832, 0.12278, 0, 0.417027, 0.115455, 0, 0, 0.320277
0.893, 0.0312691, 0, 0, 0.0269736, 1.31757, 0, 0.681886, 0.122778, 0, 0.417031, 0.115456, 0, 0, 0.32028
0.895, 0.0377678, 0, 0, 0.0269712, 1.31757, 0, 0.681979, 0.122773, 0, 0.417025, 0.115455, 0, 0, 0.320278
0.897, 0.0473915, 0, 0, 0.0269702, 1.31757, 0, 0.682078, 0.12277, 0, 0.417021, 0.115454, 0, 0, 0.320276
0.899, 0.0630811, 0, 0, 0.0269677, 1.31758, 0, 0.682171, 0.122767, 0, 0.417014, 0.115453, 0, 0, 0.320219
0.9, 0.0853915, 0, 0, 0.026965, 1.31758, 0, 0.682209, 0.122767, 0, 0.416998, 0.115448, 0, 0, 0.32021
0.902, 0.11549, 0, 0, 0.0269553, 1.31759, 0, 0.682322, 0.122755, 0, 0.417008, 0.115457, 0, 0, 0.320275
0.904, 0.10512, 0, 0, 0.0269788, 1.31752, 0, 0.682443, 0.122739, 0, 0.417037, 0.115465, 0, 0, 0.320288
0.906, 0.0942307, 0, 0, 0.0270059, 1.31753, 0, 0.682551, 0.122747, 0, 0.41705, 0.115469, 0, 0, 0.320299
0.907, 0.0897377, 0, 0, 0.0270017, 1.31753, 0, 0.682584, 0.122745, 0, 0.417041, 0.115466, 0, 0, 0.320293
0.909, 0.0344968, 0, 0, 0.0271028, 1.31759, 0, 0.682482, 0.122732, 0, 0.416565, 0.115558, 0, 0, 0.320311
0.911, 0.0144114, 0, 0, 0.0269389, 1.31759, 0, 0.682048, 0.122838, 0, 0.417081, 0.115431, 0, 0, 0.320298
0.912, 0.00434488, 0, 0, 0.0269505, 1.31756, 0, 0.682097, 0.122837, 0, 0.417091, 0.115425, 0, 0, 0.320251
0.913, 0, 0.152437, 0, 0.0269656, 1.31756, 0, 0.68216, 0.122841, 0, 0.417084, 0.11543, 0, 0, 0.320234
0.915, 0, 0.140012, 0, 0.026966, 1.31757, 0, 0.682274, 0.122836, 0, 0.417055, 0.115443, 0, 0, 0.320237
0.917, 0, 0.12278, 0, 0.0269739, 1.31755, 0, 0.682391, 0.122825, 0, 0.417041, 0.115455, 0, 0, 0.320257
0.919, 0, 0.10687, 0, 0.0269849, 1.31755, 0, 0.682489, 0.122824, 0, 0.417038, 0.11546, 0, 0, 0.320218
0.92, 0, 0.0998193, 0, 0.0269855, 1.31755, 0, 0.682531, 0.122822, 0, 0.417033, 0.115461, 0, 0, 0.320219
0.922, 0, 0.0872871, 0, 0.0269844, 1.31756, 0, 0.682612, 0.122819, 0, 0.417028, 0.115461, 0, 0, 0.320221
0.924, 0, 0.0765965, 0, 0.0269816, 1.31756, 0, 0.682689, 0.122814, 0, 0.417021, 0.11546, 0, 0, 0.320276
0.926, 0, 0.0666382, 0, 0.0269819, 1.31756, 0, 0.682766, 0.122809, 0, 0.417017, 0.11546, 0, 0, 0.320279
0.927, 0, 0.0631919, 0, 0.0269814, 1.31756, 0, 0.682801, 0.122809, 0, 0.417015, 0.115459, 0, 0, 0.320279
0.929, 0, 0.0601657, 0, 0.0269803, 1.31757, 0, 0.682878, 0.122803, 0, 0.417006, 0.11546, 0, 0, 0.320279
0.931, 0, 0.0576105, 0, 0.0269788, 1.31756, 0, 0.682944, 0.122798, 0, 0.417006, 0.115458, 0, 0, 0.320277
0.933, 0, 0.0553366, 0, 0.0269793, 1.31757, 0, 0.683012, 0.122795, 0, 0.417008, 0.115457, 0, 0, 0.320276
0.934, 0, 0.0542924, 0, 0.0269801, 1.31756, 0, 0.683044, 0.122793, 0, 0.41701, 0.115457, 0, 0, 0.320226
0.936, 0, 0.0525756, 0, 0.0269807, 1.31756, 0, 0.683109, 0.12279, 0, 0.41701, 0.115457, 0, 0, 0.320223
0.938, 0, 0.0515039, 0, 0.02698, 1.31756, 0, 0.683173, 0.122786, 0, 0.417008, 0.115456, 0, 0, 0.320271
0.94, 0, 0.0504882, 0, 0.02698, 1.31756, 0, 0.683228, 0.122787, 0, 0.417007, 0.115456, 0, 0, 0.320274
0.943, 0, 0.0503769, 0, 0.0269778, 1.31757, 0, 0.683308, 0.122785, 0, 0.417007, 0.115452, 0, 0, 0.320265
0.945, 0, 0.0493878, 0, 0.0269782, 1.31756, 0, 0.6834, 0.122769, 0, 0.417005, 0.115455, 0, 0, 0.320271
0.947, 0, 0.0483931, 0, 0.0269808, 1.31756, 0, 0.683463, 0.122763, 0, 0.417006, 0.115455, 0, 0, 0.320269
0.948, 0, 0.0478167, 0, 0.0269815, 1.31756, 0, 0.68349, 0.122762, 0, 0.417006, 0.115455, 0, 0, 0.320271
0.95, 0, 0, 0, 0.0269816, 1.31756, 0, 0.683543, 0.122758, 0, 0.417006, 0.115455, 0, 0, 0.320273
0.952, 0, 0, 0, 0.0269816, 1.31756, 0, 0.683594, 0.122755, 0, 0.417005, 0.115455, 0, 0, 0.320268
0.954, 0, 0, 0, 0.0270335, 1.31743, 0, 0.683583, 0.122758, 0, 0.417033, 0.115446, 0, 0, 0.320272
0.955, 0, 0, 0, 0.0270376, 1.31757, 0, 0.683633, 0.122782, 0, 0.417032, 0.115454, 0, 0, 0.320282
0.957, 0, 0, 0, 0.0268992, 1.31808, 0, 0.68363, 0.122768, 0, 0.416987, 0.115447, 0, 0, 0.320207
0.959, 0, 0, 0, 0.0268432, 1.31768, 0, 0.683563, 0.122682, 0, 0.416884, 0.115416, 0, 0, 0.32016
0.961, 0, 0, 0, 0.0269241, 1.31787, 0, 0.683704, 0.122739, 0, 0.416968, 0.115439, 0, 0, 0.320236
0.962, 0, 0, 0, 0.0268786, 1.31779, 0, 0.68365, 0.122719, 0, 0.416911, 0.115422, 0, 0, 0.320198
0.964, 0, 0, 0, 0.0268943, 1.31781, 0, 0.683732, 0.122721, 0, 0.416935, 0.115428, 0, 0, 0.320212
0.966, 0, 0, 0, 0.0268903, 1.31778, 0, 0.683666, 0.122709, 0, 0.416932, 0.115427, 0, 0, 0.320158
0.968, 0, 0, 0, 0.0269652, 1.3173, 0, 0.683711, 0.122709, 0, 0.416936, 0.115429, 0, 0, 0.320161
0.969, 0, 0, 0, 0.0270469, 1.31756, 0, 0.683916, 0.122758, 0, 0.417075, 0.115471, 0, 0, 0.320309
0.971, 0.156796, 0, 0, 0.0268065, 1.31787, 0, 0.68376, 0.122767, 0, 0.416991, 0.115441, 0, 0, 0.32022
0.973, 0.156189, 0, 0, 0.0269116, 1.31732, 0, 0.683881, 0.122667, 0, 0.416941, 0.115457, 0, 0, 0.320186
0.975, 0.168655, 0, 0, 0.0270555, 1.31753, 0, 0.684074, 0.12274, 0, 0.417085, 0.115497, 0, 0, 0.32036
0.978, 0.173836, 0, 0, 0.0270091, 1.31746, 0, 0.684015, 0.122727, 0, 0.417013, 0.115464, 0, 0, 0.320295
0.98, 0.173432, 0, 0, 0.0270019, 1.31755, 0, 0.684062, 0.122737, 0, 0.417028, 0.115467, 0, 0, 0.320304
0.982, 0.17134, 0, 0, 0.0269794, 1.31752, 0, 0.684061, 0.122725, 0, 0.417001, 0.115456, 0, 0, 0.320278
0.983, 0.169748, 0, 0, 0.0269849, 1.31754, 0, 0.684088, 0.122728, 0, 0.417011, 0.115458, 0, 0, 0.320234
0.985, 0.16574, 0, 0, 0.0269776, 1.31754, 0, 0.684111, 0.122725, 0, 0.417003, 0.115455, 0, 0, 0.320271
0.987, 0.161169, 0, 0, 0.0269767, 1.31754, 0, 0.684141, 0.122723, 0, 0.417001, 0.115455, 0, 0, 0.320276
0.989, 0.155505, 0, 0, 0.0269762, 1.31754, 0, 0.684171, 0.122721, 0, 0.416999, 0.115454, 0, 0, 0.320276
0.99, 0.152277, 0, 0, 0.0269764, 1.31754, 0, 0.684186, 0.12272, 0, 0.416998, 0.115454, 0, 0, 0.320276
0.992, 0.0928362, 0, 0, 0.0269114, 1.31804, 0, 0.684237, 0.122714, 0, 0.416959, 0.115457, 0, 0, 0.320274
0.994, 0.0819081, 0, 0, 0.0268488, 1.31767, 0, 0.684073, 0.122655, 0, 0.416864, 0.115403, 0, 0, 0.320153
0.996, 0.0802522, 0, 0, 0.0269132, 1.31786, 0, 0.684225, 0.122699, 0, 0.416968, 0.115439, 0, 0, 0.320238
0.997, 0.0801794, 0, 0, 0.0268728, 1.31777, 0, 0.684163, 0.122678, 0, 0.416911, 0.115422, 0, 0, 0.320199
0.999, 0.0801521, 0, 0, 0.0269669, 1.31731, 0, 0.684231, 0.122683, 0, 0.416938, 0.11543, 0, 0, 0.320161
1.001, 0.079831, 0, 0, 0.0270111, 1.31766, 0, 0.68441, 0.122739, 0, 0.41706, 0.115475, 0, 0, 0.320324
1.003, 0.0791104, 0, 0, 0.0268816, 1.31794, 0, 0.684322, 0.122696, 0, 0.416967, 0.115442, 0, 0, 0.320249
1.004, 0.0786037, 0, 0, 0.0268394, 1.31777, 0, 0.684227, 0.122664, 0, 0.416883, 0.115416, 0, 0, 0.320186
1.005, 0.0780112, 0, 0, 0.0268963, 1.31779, 0, 0.684319, 0.122676, 0, 0.416936, 0.115428, 0, 0, 0.320213
1.007, 0.076607, 0, 0, 0.0269614, 1.31729, 0, 0.684326, 0.122676, 0, 0.416926, 0.115428, 0, 0, 0.320212
1.009, 0.0747301, 0, 0, 0.0270133, 1.31766, 0, 0.684512, 0.122737, 0, 0.417061, 0.115477, 0, 0, 0.320281
1.011, 0.0529738, 0, 0, 0.0268774, 1.31795, 0, 0.684414, 0.122692, 0, 0.416957, 0.115442, 0, 0, 0.320243
1.012, 0.0518966, 0, 0, 0.0268347, 1.31777, 0, 0.684316, 0.12266, 0, 0.416879, 0.115415, 0, 0, 0.320183
1.013, 0.0515737, 0, 0, 0.0269659, 1.31729, 0, 0.684407, 0.122672, 0, 0.416934, 0.115427, 0, 0, 0.32021
1.014, 0.0516127, 0, 0, 0.0270456, 1.31756, 0, 0.68459, 0.122724, 0, 0.417068, 0.11547, 0, 0, 0.320314
1.016, 0.0520024, 0, 0, 0.0269716, 1.3175, 0, 0.684501, 0.122701, 0, 0.416989, 0.115451, 0, 0, 0.320269
1.018, 0.0523784, 0, 0, 0.0269074, 1.31803, 0, 0.684546, 0.122708, 0, 0.41701, 0.115458, 0, 0, 0.320235
1.021, 0.0526963, 0, 0, 0.0269389, 1.3171, 0, 0.684086, 0.122685, 0, 0.416855, 0.115404, 0, 0, 0.320149
1.023, 0.0528126, 0, 0, 0.0270451, 1.31776, 0, 0.68441, 0.122807, 0, 0.41711, 0.115496, 0, 0, 0.32037
1.025, 0.0530957, 0, 0, 0.0268647, 1.31786, 0, 0.684216, 0.122726, 0, 0.416933, 0.115432, 0, 0, 0.320223
1.026, 0.0531217, 0, 0, 0.0268617, 1.31777, 0, 0.684192, 0.122714, 0, 0.416904, 0.115423, 0, 0, 0.320148
1.028, 0.0531059, 0, 0, 0.0269651, 1.31728, 0, 0.684247, 0.122723, 0, 0.416925, 0.11543, 0, 0, 0.320211
1.03, 0.0530748, 0, 0, 0.0270139, 1.31765, 0, 0.684431, 0.122784, 0, 0.417059, 0.115478, 0, 0, 0.320332
1.032, 0.053029, 0, 0, 0.026885, 1.31792, 0, 0.684334, 0.12274, 0, 0.416961, 0.115443, 0, 0, 0.320249
1.033, 0.0530085, 0, 0, 0.0268459, 1.31775, 0, 0.684244, 0.122711, 0, 0.416886, 0.115419, 0, 0, 0.320141
1.035, 0.052967, 0, 0, 0.0269638, 1.3173, 0, 0.684331, 0.122725, 0, 0.416931, 0.115432, 0, 0, 0.320211
1.037, 0.0529366, 0, 0, 0.0270103, 1.31764, 0, 0.6845, 0.122781, 0, 0.417054, 0.115476, 0, 0, 0.320327
1.039, 0.052908, 0, 0, 0.0268866, 1.31792, 0, 0.68441, 0.122739, 0, 0.416964, 0.115444, 0, 0, 0.320251
1.04, 0.052898, 0, 0, 0.0268437, 1.31775, 0, 0.684313, 0.122709, 0, 0.416883, 0.115419, 0, 0, 0.32019
1.042, 0.0528778, 0, 0, 0.0269678, 1.31729, 0, 0.6844, 0.122723, 0, 0.41693, 0.115432, 0, 0, 0.320218
1.044, 0.0528811, 0, 0, 0.0270134, 1.31763, 0, 0.684571, 0.12278, 0, 0.417059, 0.115478, 0, 0, 0.320282
1.046, 0.0528872, 0, 0, 0.0268823, 1.31793, 0, 0.684474, 0.122737, 0, 0.416966, 0.115444, 0, 0, 0.320245
1.047, 0.0528895, 0, 0, 0.0268396, 1.31775, 0, 0.684374, 0.122705, 0, 0.416881, 0.115418, 0, 0, 0.320185
1.049, 0.0529003, 0, 0, 0.0269673, 1.31728, 0, 0.684462, 0.12272, 0, 0.416929, 0.115432, 0, 0, 0.320218
1.051, 0.052935, 0, 0, 0.027013, 1.31763, 0, 0.684631, 0.122777, 0, 0.417057, 0.115478, 0, 0, 0.320332
1.053, 0.0529678, 0, 0, 0.0268869, 1.31791, 0, 0.684532, 0.122734, 0, 0.416965, 0.115444, 0, 0, 0.320202
1.054, 0.0529872, 0, 0, 0.0268454, 1.31774, 0, 0.684437, 0.122704, 0, 0.416886, 0.11542, 0, 0, 0.320138
1.056, 0.0530235, 0, 0, 0.0269678, 1.31728, 0, 0.684519, 0.122717, 0, 0.416931, 0.115432, 0, 0, 0.320216
1.058, 0.053067, 0, 0, 0.0270128, 1.31763, 0, 0.684686, 0.122774, 0, 0.417058, 0.115478, 0, 0, 0.320333
1.06, 0.0531145, 0, 0, 0.026886, 1.31791, 0, 0.684586, 0.122731, 0, 0.416964, 0.115444, 0, 0, 0.320253
1.061, 0.0531423, 0, 0, 0.0268443, 1.31774, 0, 0.684489, 0.122701, 0, 0.416885, 0.11542, 0, 0, 0.320192
1.063, 0.0531968, 0, 0, 0.026964, 1.31729, 0, 0.68457, 0.122714, 0, 0.416932, 0.115433, 0, 0, 0.32022
1.065, 0.053261, 0, 0, 0.0269383, 1.31811, 0, 0.684732, 0.12277, 0, 0.417059, 0.115478, 0, 0, 0.320276
1.067, 0.0533076, 0, 0, 0.0268349, 1.31754, 0, 0.684471, 0.122667, 0, 0.416831, 0.115396, 0, 0, 0.320131
1.07, 0.0533926, 0, 0, 0.0269826, 1.31743, 0, 0.684676, 0.122736, 0, 0.416984, 0.115452, 0, 0, 0.320269
1.072, 0.0534496, 0, 0, 0.0269127, 1.31803, 0, 0.684727, 0.122749, 0, 0.417017, 0.115463, 0, 0, 0.320298
1.074, 0.0534916, 0, 0, 0.0268467, 1.31759, 0, 0.68454, 0.122673, 0, 0.416852, 0.115404, 0, 0, 0.320148
1.075, 0.0535124, 0, 0, 0.0269397, 1.31778, 0, 0.684712, 0.122717, 0, 0.416976, 0.115441, 0, 0, 0.320238
1.077, 0.0535675, 0, 0, 0.0269584, 1.31725, 0, 0.684635, 0.122702, 0, 0.416917, 0.115428, 0, 0, 0.320205
1.079, 0.053618, 0, 0, 0.0270148, 1.31764, 0, 0.684825, 0.122768, 0, 0.417063, 0.115481, 0, 0, 0.320338
1.081, 0.0536637, 0, 0, 0.0268818, 1.31789, 0, 0.684706, 0.12272, 0, 0.416958, 0.115442, 0, 0, 0.320248
1.082, 0.0536874, 0, 0, 0.0268466, 1.31774, 0, 0.684619, 0.122693, 0, 0.416886, 0.115421, 0, 0, 0.320194
1.084, 0.0537322, 0, 0, 0.026894, 1.31776, 0, 0.684691, 0.122706, 0, 0.416931, 0.115433, 0, 0, 0.320216
1.086, 0.0537819, 0, 0, 0.0269617, 1.31726, 0, 0.68469, 0.122702, 0, 0.416925, 0.115431, 0, 0, 0.320165
1.088, 0.0538317, 0, 0, 0.0270132, 1.31763, 0, 0.684867, 0.122764, 0, 0.417061, 0.11548, 0, 0, 0.320334
1.089, 0.0538649, 0, 0, 0.0268602, 1.31796, 0, 0.68473, 0.122726, 0, 0.416956, 0.115448, 0, 0, 0.320262
1.091, 0.0539012, 0, 0, 0.0268559, 1.31763, 0, 0.68465, 0.122676, 0, 0.41687, 0.115411, 0, 0, 0.320169
1.093, 0.0539482, 0, 0, 0.0269846, 1.31732, 0, 0.684765, 0.122716, 0, 0.416958, 0.115443, 0, 0, 0.320194
1.095, 0.0540074, 0, 0, 0.0270039, 1.31758, 0, 0.684875, 0.122754, 0, 0.417042, 0.115473, 0, 0, 0.320319
1.096, 0.0540414, 0, 0, 0.0268742, 1.31796, 0, 0.684782, 0.122728, 0, 0.41697, 0.115452, 0, 0, 0.320269
1.098, 0.054082, 0, 0, 0.0268551, 1.31762, 0, 0.684677, 0.122673, 0, 0.416869, 0.11541, 0, 0, 0.320163
1.1, 0.0541315, 0, 0, 0.0269849, 1.31733, 0, 0.684797, 0.122714, 0, 0.416958, 0.115443, 0, 0, 0.320245
1.102, 0.0541936, 0, 0, 0.0270032, 1.31758, 0, 0.684903, 0.122752, 0, 0.417041, 0.115473, 0, 0, 0.320321
1.103, 0.0542285, 0, 0, 0.0268757, 1.31796, 0, 0.684812, 0.122727, 0, 0.416973, 0.115452, 0, 0, 0.320222
1.105, 0.0542694, 0, 0, 0.0268552, 1.31762, 0, 0.684706, 0.122672, 0, 0.416869, 0.115411, 0, 0, 0.320166
1.107, 0.0543185, 0, 0, 0.0269855, 1.31732, 0, 0.684823, 0.122713, 0, 0.41696, 0.115444, 0, 0, 0.320196
1.109, 0.0543825, 0, 0, 0.0269306, 1.31807, 0, 0.684931, 0.122751, 0, 0.417044, 0.115474, 0, 0, 0.32032
1.11, 0.0544087, 0, 0, 0.0267908, 1.31769, 0, 0.684652, 0.122674, 0, 0.41683, 0.115409, 0, 0, 0.320167
1.112, 0.0544421, 0, 0, 0.0269705, 1.31728, 0, 0.684819, 0.122703, 0, 0.41694, 0.115436, 0, 0, 0.32023
1.114, 0.0545017, 0, 0, 0.0269356, 1.31809, 0, 0.68496, 0.122755, 0, 0.417054, 0.115478, 0, 0, 0.320326
1.116, 0.0545367, 0, 0, 0.026836, 1.31753, 0, 0.6847, 0.122654, 0, 0.416834, 0.115398, 0, 0, 0.320138
1.119, 0.0545988, 0, 0, 0.0269822, 1.31741, 0, 0.68489, 0.122722, 0, 0.416983, 0.115453, 0, 0, 0.320265
1.121, 0.0546333, 0, 0, 0.0269172, 1.318, 0, 0.684938, 0.122737, 0, 0.417017, 0.115465, 0, 0, 0.3203
1.123, 0.054662, 0, 0, 0.0268498, 1.31758, 0, 0.684748, 0.122663, 0, 0.416858, 0.115407, 0, 0, 0.320109
1.124, 0.0546663, 0, 0, 0.0270121, 1.31728, 0, 0.684912, 0.122706, 0, 0.416975, 0.115442, 0, 0, 0.320238
1.126, 0.0547099, 0, 0, 0.0269378, 1.31809, 0, 0.684998, 0.122754, 0, 0.417055, 0.115478, 0, 0, 0.320332
1.128, 0.0547226, 0, 0, 0.0268365, 1.31753, 0, 0.684734, 0.122652, 0, 0.416835, 0.115399, 0, 0, 0.32009
1.13, 0.0547401, 0, 0, 0.0269936, 1.31738, 0, 0.684924, 0.12272, 0, 0.416983, 0.115453, 0, 0, 0.320265
1.131, 0.054748, 0, 0, 0.0270083, 1.31749, 0, 0.68498, 0.122736, 0, 0.417026, 0.115466, 0, 0, 0.320301
1.133, 0.0547597, 0, 0, 0.0269054, 1.31795, 0, 0.684944, 0.122726, 0, 0.416998, 0.115457, 0, 0, 0.320233
1.135, 0.054763, 0, 0, 0.0268565, 1.31761, 0, 0.684796, 0.122667, 0, 0.41687, 0.115411, 0, 0, 0.320168
1.137, 0.0547626, 0, 0, 0.0269854, 1.31732, 0, 0.684914, 0.122709, 0, 0.41696, 0.115445, 0, 0, 0.320248
1.138, 0.0547665, 0, 0, 0.0270282, 1.31749, 0, 0.685025, 0.12274, 0, 0.417045, 0.11547, 0, 0, 0.320312
1.14, 0.0547666, 0, 0, 0.0269041, 1.31794, 0, 0.684959, 0.122725, 0, 0.416995, 0.115457, 0, 0, 0.320277
1.142, 0.0547578, 0, 0, 0.0268573, 1.31761, 0, 0.684815, 0.122668, 0, 0.416872, 0.115412, 0, 0, 0.320171
1.144, 0.0547498, 0, 0, 0.026981, 1.31732, 0, 0.684929, 0.122708, 0, 0.416962, 0.115445, 0, 0, 0.320244
1.145, 0.0547436, 0, 0, 0.0270241, 1.3175, 0, 0.685038, 0.122739, 0, 0.417043, 0.11547, 0, 0, 0.320308
1.147, 0.0547367, 0, 0, 0.0269001, 1.31796, 0, 0.684974, 0.122724, 0, 0.416995, 0.115457, 0, 0, 0.320282
1.149, 0.054712, 0, 0, 0.026856, 1.3176, 0, 0.684825, 0.122666, 0, 0.41687, 0.115411, 0, 0, 0.32012
1.151, 0.0546929, 0, 0, 0.0269132, 1.31781, 0, 0.684946, 0.122708, 0, 0.416963, 0.115445, 0, 0, 0.320247
1.154, 0.0546601, 0, 0, 0.0269548, 1.31719, 0, 0.684881, 0.122683, 0, 0.416908, 0.115426, 0, 0, 0.320153
1.156, 0.0546361, 0, 0, 0.0270208, 1.31765, 0, 0.68509, 0.12276, 0, 0.417075, 0.115486, 0, 0, 0.320349
1.158, 0.054606, 0, 0, 0.0268787, 1.31786, 0, 0.684944, 0.122705, 0, 0.416953, 0.115442, 0, 0, 0.320247
1.159, 0.0545916, 0, 0, 0.0268516, 1.31772, 0, 0.684867, 0.122682, 0, 0.416894, 0.115423, 0, 0, 0.32015
1.161, 0.0545586, 0, 0, 0.0268945, 1.31774, 0, 0.684927, 0.122694, 0, 0.416932, 0.115434, 0, 0, 0.320222
1.163, 0.0545269, 0, 0, 0.0268927, 1.31772, 0, 0.684921, 0.122691, 0, 0.416926, 0.115432, 0, 0, 0.320219
1.165, 0.0544875, 0, 0, 0.0269677, 1.31724, 0, 0.684929, 0.122694, 0, 0.41693, 0.115434, 0, 0, 0.320219
1.166, 0.0544714, 0, 0, 0.0270488, 1.3175, 0, 0.685113, 0.122743, 0, 0.417068, 0.115476, 0, 0, 0.320322
1.168, 0.0544449, 0, 0, 0.0268979, 1.31794, 0, 0.685007, 0.122722, 0, 0.416993, 0.115456, 0, 0, 0.320281
1.17, 0.0543986, 0, 0, 0.0268566, 1.3176, 0, 0.684865, 0.122666, 0, 0.416873, 0.115413, 0, 0, 0.320123
1.172, 0.05436, 0, 0, 0.0269809, 1.31732, 0, 0.684978, 0.122707, 0, 0.416961, 0.115445, 0, 0, 0.320247
1.173, 0.0543444, 0, 0, 0.0269515, 1.31798, 0, 0.685088, 0.122737, 0, 0.417045, 0.11547, 0, 0, 0.320311
1.175, 0.054298, 0, 0, 0.0268521, 1.31757, 0, 0.684856, 0.122661, 0, 0.41686, 0.115409, 0, 0, 0.320158
1.177, 0.0542575, 0, 0, 0.0269852, 1.31734, 0, 0.684994, 0.12271, 0, 0.416968, 0.115448, 0, 0, 0.320256
1.179, 0.0542221, 0, 0, 0.0269248, 1.31804, 0, 0.685076, 0.122741, 0, 0.417036, 0.115472, 0, 0, 0.320318
1.18, 0.0542011, 0, 0, 0.0267956, 1.31768, 0, 0.684811, 0.122668, 0, 0.416836, 0.115411, 0, 0, 0.320123
1.182, 0.0541485, 0, 0, 0.0268977, 1.31776, 0, 0.684968, 0.122697, 0, 0.416941, 0.115437, 0, 0, 0.32023
1.184, 0.0541064, 0, 0, 0.0268883, 1.3177, 0, 0.684942, 0.122687, 0, 0.416919, 0.11543, 0, 0, 0.320214
1.186, 0.0540579, 0, 0, 0.0269698, 1.31724, 0, 0.684962, 0.122694, 0, 0.416933, 0.115435, 0, 0, 0.320222
1.187, 0.0540382, 0, 0, 0.0270463, 1.3175, 0, 0.685136, 0.122742, 0, 0.417065, 0.115475, 0, 0, 0.320321
1.189, 0.0540048, 0, 0, 0.0268984, 1.31794, 0, 0.685034, 0.122721, 0, 0.416993, 0.115457, 0, 0, 0.320281
1.191, 0.0539526, 0, 0, 0.026856, 1.3176, 0, 0.684891, 0.122665, 0, 0.416871, 0.115412, 0, 0, 0.320168
1.193, 0.0539114, 0, 0, 0.026912, 1.31779, 0, 0.685005, 0.122706, 0, 0.416962, 0.115445, 0, 0, 0.320249
1.194, 0.0538878, 0, 0, 0.0269451, 1.31721, 0, 0.68493, 0.122687, 0, 0.416905, 0.115429, 0, 0, 0.320211
1.196, 0.0538572, 0, 0, 0.0269443, 1.3181, 0, 0.685136, 0.122755, 0, 0.417071, 0.115484, 0, 0, 0.320297
1.198, 0.0538066, 0, 0, 0.0268309, 1.3175, 0, 0.684843, 0.122645, 0, 0.416827, 0.115397, 0, 0, 0.320128
1.2, 0.0537638, 0, 0, 0.0270002, 1.31736, 0, 0.685045, 0.122719, 0, 0.416988, 0.115455, 0, 0, 0.320273
1.201, 0.05375, 0, 0, 0.0270102, 1.31747, 0, 0.685094, 0.122734, 0, 0.417027, 0.115468, 0, 0, 0.320305
1.203, 0.0537137, 0, 0, 0.026906, 1.31794, 0, 0.685058, 0.122724, 0, 0.416999, 0.115459, 0, 0, 0.320287
1.205, 0.0536747, 0, 0, 0.0268566, 1.31759, 0, 0.684905, 0.122665, 0, 0.416871, 0.115413, 0, 0, 0.320173
1.207, 0.0536367, 0, 0, 0.0269862, 1.3173, 0, 0.685021, 0.122707, 0, 0.416963, 0.115446, 0, 0, 0.320252
1.208, 0.0536245, 0, 0, 0.0270291, 1.31748, 0, 0.685129, 0.122738, 0, 0.417048, 0.115472, 0, 0, 0.320265
1.21, 0.0535948, 0, 0, 0.0269049, 1.31793, 0, 0.685061, 0.122723, 0, 0.416998, 0.115458, 0, 0, 0.320278
1.212, 0.0535627, 0, 0, 0.0268578, 1.31759, 0, 0.684914, 0.122666, 0, 0.416874, 0.115413, 0, 0, 0.320174
1.214, 0.0535319, 0, 0, 0.0269855, 1.3173, 0, 0.685026, 0.122707, 0, 0.416962, 0.115446, 0, 0, 0.320252
1.215, 0.0535228, 0, 0, 0.0270291, 1.31748, 0, 0.685137, 0.122738, 0, 0.417048, 0.115472, 0, 0, 0.320316
1.217, 0.0535025, 0, 0, 0.0269055, 1.31793, 0, 0.685067, 0.122723, 0, 0.416999, 0.115459, 0, 0, 0.320236
1.219, 0.0534774, 0, 0, 0.0268581, 1.31759, 0, 0.684921, 0.122666, 0, 0.416875, 0.115414, 0, 0, 0.320173
1.221, 0.0534557, 0, 0, 0.0269861, 1.3173, 0, 0.685031, 0.122707, 0, 0.416964, 0.115446, 0, 0, 0.320202
1.222, 0.05345, 0, 0, 0.0270295, 1.31748, 0, 0.685143, 0.122739, 0, 0.417049, 0.115472, 0, 0, 0.320311
1.224, 0.0534386, 0, 0, 0.0269047, 1.31793, 0, 0.685073, 0.122723, 0, 0.416998, 0.115458, 0, 0, 0.320285
1.226, 0.0534236, 0, 0, 0.0268581, 1.31759, 0, 0.684926, 0.122666, 0, 0.416875, 0.115414, 0, 0, 0.320176
1.228, 0.0534104, 0, 0, 0.0269855, 1.3173, 0, 0.685036, 0.122707, 0, 0.416963, 0.115446, 0, 0, 0.320247
1.231, 0.0534094, 0, 0, 0.0269248, 1.31806, 0, 0.685138, 0.122746, 0, 0.417047, 0.115476, 0, 0, 0.320329
1.233, 0.0534032, 0, 0, 0.0268372, 1.31751, 0, 0.684888, 0.12265, 0, 0.41684, 0.115401, 0, 0, 0.320141
1.235, 0.0534061, 0, 0, 0.0269249, 1.31783, 0, 0.68507, 0.122717, 0, 0.416986, 0.115454, 0, 0, 0.32027
1.236, 0.0534112, 0, 0, 0.026859, 1.31769, 0, 0.684947, 0.122685, 0, 0.416895, 0.115427, 0, 0, 0.320207
1.238, 0.0534132, 0, 0, 0.0269664, 1.31725, 0, 0.685011, 0.122695, 0, 0.416939, 0.115437, 0, 0, 0.320226
1.24, 0.0534286, 0, 0, 0.0269368, 1.31807, 0, 0.68516, 0.122751, 0, 0.417061, 0.115481, 0, 0, 0.320338
1.242, 0.0534313, 0, 0, 0.0268352, 1.3175, 0, 0.684886, 0.122648, 0, 0.416836, 0.1154, 0, 0, 0.320092
1.243, 0.0534317, 0, 0, 0.0269556, 1.31775, 0, 0.685105, 0.122705, 0, 0.416997, 0.115448, 0, 0, 0.320251
1.245, 0.0534496, 0, 0, 0.0269616, 1.31719, 0, 0.68499, 0.122687, 0, 0.416918, 0.11543, 0, 0, 0.320214
1.247, 0.0534798, 0, 0, 0.0269465, 1.3181, 0, 0.685181, 0.122757, 0, 0.417075, 0.115486, 0, 0, 0.320352
1.249, 0.053491, 0, 0, 0.0268297, 1.31748, 0, 0.684878, 0.122644, 0, 0.416827, 0.115396, 0, 0, 0.32013
1.25, 0.0534967, 0, 0, 0.0269608, 1.31776, 0, 0.685116, 0.122706, 0, 0.417003, 0.115449, 0, 0, 0.320256
1.252, 0.0535296, 0, 0, 0.026958, 1.3172, 0, 0.684991, 0.122686, 0, 0.41692, 0.11543, 0, 0, 0.320165
1.254, 0.0535623, 0, 0, 0.0269445, 1.3181, 0, 0.685181, 0.122756, 0, 0.417073, 0.115485, 0, 0, 0.320347
1.256, 0.0535824, 0, 0, 0.0268302, 1.31749, 0, 0.684881, 0.122644, 0, 0.416826, 0.115396, 0, 0, 0.320135
1.257, 0.053592, 0, 0, 0.0269607, 1.31776, 0, 0.685118, 0.122706, 0, 0.417001, 0.115449, 0, 0, 0.320258
1.259, 0.0536322, 0, 0, 0.0268892, 1.31768, 0, 0.684995, 0.122686, 0, 0.41692, 0.11543, 0, 0, 0.320165
1.261, 0.0536602, 0, 0, 0.0269714, 1.31724, 0, 0.685021, 0.122695, 0, 0.416938, 0.115437, 0, 0, 0.320224
1.263, 0.0537083, 0, 0, 0.0269382, 1.31807, 0, 0.68517, 0.122751, 0, 0.417062, 0.115481, 0, 0, 0.32034
1.264, 0.0537281, 0, 0, 0.02678, 1.31766, 0, 0.684853, 0.122665, 0, 0.416822, 0.115409, 0, 0, 0.320168
1.266, 0.0537559, 0, 0, 0.0268986, 1.31775, 0, 0.685035, 0.122698, 0, 0.416946, 0.11544, 0, 0, 0.320237
1.268, 0.0537961, 0, 0, 0.0268873, 1.31768, 0, 0.685002, 0.122687, 0, 0.41692, 0.115431, 0, 0, 0.320215
1.27, 0.0538376, 0, 0, 0.0269677, 1.31724, 0, 0.685024, 0.122695, 0, 0.41694, 0.115438, 0, 0, 0.320182
1.271, 0.0538553, 0, 0, 0.0270425, 1.31749, 0, 0.68519, 0.122741, 0, 0.417066, 0.115476, 0, 0, 0.320269
1.272, 0.0538861, 0, 0, 0.0268935, 1.31794, 0, 0.685079, 0.122725, 0, 0.416991, 0.11546, 0, 0, 0.320281
1.274, 0.0539175, 0, 0, 0.0268545, 1.31758, 0, 0.68494, 0.122663, 0, 0.416868, 0.115412, 0, 0, 0.32017
1.276, 0.0539608, 0, 0, 0.026914, 1.31779, 0, 0.685062, 0.122708, 0, 0.416967, 0.115447, 0, 0, 0.320255
1.278, 0.0540039, 0, 0, 0.0269507, 1.31718, 0, 0.684989, 0.122682, 0, 0.416908, 0.115427, 0, 0, 0.320206
1.279, 0.0540211, 0, 0, 0.0270613, 1.3175, 0, 0.685222, 0.122745, 0, 0.417083, 0.11548, 0, 0, 0.320333
1.281, 0.054068, 0, 0, 0.0269008, 1.31791, 0, 0.685087, 0.12272, 0, 0.41699, 0.115456, 0, 0, 0.320274
1.282, 0.0540906, 0, 0, 0.0268308, 1.31768, 0, 0.684935, 0.122677, 0, 0.416873, 0.11542, 0, 0, 0.32019
1.284, 0.0541283, 0, 0, 0.0268964, 1.31773, 0, 0.68503, 0.122695, 0, 0.416939, 0.115437, 0, 0, 0.320225
1.286, 0.0541707, 0, 0, 0.0268914, 1.31769, 0, 0.685014, 0.12269, 0, 0.416926, 0.115433, 0, 0, 0.32022
1.287, 0.0541909, 0, 0, 0.0268988, 1.31771, 0, 0.685028, 0.122693, 0, 0.416936, 0.115436, 0, 0, 0.320228
1.289, 0.0542265, 0, 0, 0.0269664, 1.31721, 0, 0.685019, 0.122692, 0, 0.416929, 0.115434, 0, 0, 0.320225
1.291, 0.0542771, 0, 0, 0.0269416, 1.31808, 0, 0.685186, 0.122754, 0, 0.417068, 0.115484, 0, 0, 0.320341
1.293, 0.0543067, 0, 0, 0.0268327, 1.31749, 0, 0.684898, 0.122647, 0, 0.416832, 0.115399, 0, 0, 0.320089
1.296, 0.0543624, 0, 0, 0.0269864, 1.31739, 0, 0.685094, 0.12272, 0, 0.416991, 0.115457, 0, 0, 0.320278
1.298, 0.0543967, 0, 0, 0.0269177, 1.31797, 0, 0.685132, 0.122733, 0, 0.417021, 0.115467, 0, 0, 0.320306
1.3, 0.0544256, 0, 0, 0.0268505, 1.31755, 0, 0.684938, 0.12266, 0, 0.416861, 0.115409, 0, 0, 0.320165
1.301, 0.0544379, 0, 0, 0.0269403, 1.31773, 0, 0.685098, 0.122703, 0, 0.416982, 0.115445, 0, 0, 0.320199
1.303, 0.0544665, 0, 0, 0.0269638, 1.31719, 0, 0.685014, 0.122689, 0, 0.416923, 0.115432, 0, 0, 0.320211
1.305, 0.0545064, 0, 0, 0.0269456, 1.31809, 0, 0.685197, 0.122757, 0, 0.417074, 0.115486, 0, 0, 0.32035
1.307, 0.0545226, 0, 0, 0.026831, 1.31748, 0, 0.684899, 0.122645, 0, 0.416828, 0.115398, 0, 0, 0.320138
1.31, 0.0545536, 0, 0, 0.026991, 1.31738, 0, 0.685099, 0.122721, 0, 0.416991, 0.115457, 0, 0, 0.32028
1.312, 0.0545797, 0, 0, 0.0269201, 1.31797, 0, 0.685138, 0.122735, 0, 0.417025, 0.115468, 0, 0, 0.320259
1.314, 0.0545931, 0, 0, 0.0268502, 1.31755, 0, 0.684942, 0.122661, 0, 0.416863, 0.11541, 0, 0, 0.320158
1.315, 0.0545926, 0, 0, 0.0270123, 1.31724, 0, 0.685101, 0.122703, 0, 0.41698, 0.115445, 0, 0, 0.320245
1.316, 0.0546079, 0, 0, 0.0270419, 1.31748, 0, 0.685197, 0.122744, 0, 0.417062, 0.115477, 0, 0, 0.320325
1.318, 0.0546252, 0, 0, 0.0269045, 1.31791, 0, 0.685105, 0.122723, 0, 0.416996, 0.115458, 0, 0, 0.320285
1.32, 0.054633, 0, 0, 0.0268605, 1.31759, 0, 0.684965, 0.122668, 0, 0.416879, 0.115416, 0, 0, 0.32018
1.322, 0.0546436, 0, 0, 0.0269131, 1.31777, 0, 0.68507, 0.122707, 0, 0.416966, 0.115447, 0, 0, 0.320204
1.323, 0.0546486, 0, 0, 0.0268743, 1.31769, 0, 0.684999, 0.122689, 0, 0.416912, 0.115431, 0, 0, 0.320211
1.325, 0.0546539, 0, 0, 0.0269658, 1.31723, 0, 0.685035, 0.122695, 0, 0.416938, 0.115437, 0, 0, 0.32018
1.327, 0.0546643, 0, 0, 0.0269382, 1.31807, 0, 0.685189, 0.122752, 0, 0.417064, 0.115482, 0, 0, 0.32034
1.329, 0.0546579, 0, 0, 0.0268342, 1.31749, 0, 0.68491, 0.122648, 0, 0.416834, 0.1154, 0, 0, 0.320142
1.33, 0.0546529, 0, 0, 0.0269568, 1.31775, 0, 0.685132, 0.122706, 0, 0.416998, 0.115449, 0, 0, 0.320258
1.332, 0.0546607, 0, 0, 0.02689, 1.31767, 0, 0.685016, 0.122688, 0, 0.416922, 0.115432, 0, 0, 0.320167
1.334, 0.0546533, 0, 0, 0.0269716, 1.31723, 0, 0.68504, 0.122696, 0, 0.416939, 0.115438, 0, 0, 0.320226
1.336, 0.0546633, 0, 0, 0.0269388, 1.31807, 0, 0.68519, 0.122752, 0, 0.417064, 0.115482, 0, 0, 0.320341
1.337, 0.0546631, 0, 0, 0.0267802, 1.31765, 0, 0.684872, 0.122666, 0, 0.416823, 0.11541, 0, 0, 0.320169
1.339, 0.0546482, 0, 0, 0.0268991, 1.31775, 0, 0.685053, 0.122699, 0, 0.416948, 0.11544, 0, 0, 0.320239
1.341, 0.054644, 0, 0, 0.0268878, 1.31768, 0, 0.685019, 0.122688, 0, 0.416921, 0.115431, 0, 0, 0.320217
1.343, 0.0546387, 0, 0, 0.0269676, 1.31724, 0, 0.685041, 0.122696, 0, 0.416939, 0.115438, 0, 0, 0.320232
1.344, 0.0546336, 0, 0, 0.0270428, 1.31748, 0, 0.685207, 0.122742, 0, 0.417066, 0.115476, 0, 0, 0.320275
1.346, 0.0546289, 0, 0, 0.0269029, 1.31791, 0, 0.685107, 0.122722, 0, 0.416995, 0.115458, 0, 0, 0.320276
1.348, 0.0546191, 0, 0, 0.0268596, 1.31759, 0, 0.684966, 0.122667, 0, 0.416877, 0.115415, 0, 0, 0.320177
1.35, 0.054613, 0, 0, 0.0269128, 1.31777, 0, 0.685074, 0.122707, 0, 0.416964, 0.115447, 0, 0, 0.320253
1.351, 0.0546115, 0, 0, 0.026874, 1.31769, 0, 0.685001, 0.122688, 0, 0.416911, 0.115431, 0, 0, 0.320216
1.353, 0.0546026, 0, 0, 0.026897, 1.31771, 0, 0.685039, 0.122695, 0, 0.416938, 0.115437, 0, 0, 0.320181
1.355, 0.0545951, 0, 0, 0.0269615, 1.31722, 0, 0.685031, 0.122692, 0, 0.41693, 0.115435, 0, 0, 0.320223
1.357, 0.0545947, 0, 0, 0.0269398, 1.31808, 0, 0.685196, 0.122754, 0, 0.417067, 0.115483, 0, 0, 0.32034
1.358, 0.0545931, 0, 0, 0.0267773, 1.31765, 0, 0.684869, 0.122666, 0, 0.41682, 0.115409, 0, 0, 0.320165
1.36, 0.0545763, 0, 0, 0.0268997, 1.31775, 0, 0.685056, 0.122699, 0, 0.416948, 0.11544, 0, 0, 0.320239
1.362, 0.0545718, 0, 0, 0.0268881, 1.31768, 0, 0.685021, 0.122688, 0, 0.416921, 0.115431, 0, 0, 0.320217
1.364, 0.0545677, 0, 0, 0.0268995, 1.31771, 0, 0.685044, 0.122697, 0, 0.416942, 0.115438, 0, 0, 0.320184
1.365, 0.0545606, 0, 0, 0.0269635, 1.31721, 0, 0.685027, 0.122693, 0, 0.416929, 0.115435, 0, 0, 0.32017
1.367, 0.0545682, 0, 0, 0.0269423, 1.31808, 0, 0.685201, 0.122756, 0, 0.41707, 0.115485, 0, 0, 0.320344
1.369, 0.0545565, 0, 0, 0.0268323, 1.31748, 0, 0.684911, 0.122647, 0, 0.416832, 0.115399, 0, 0, 0.32014
1.371, 0.0545554, 0, 0, 0.0269275, 1.31784, 0, 0.68511, 0.12272, 0, 0.416992, 0.115457, 0, 0, 0.320277
1.372, 0.0545587, 0, 0, 0.0268547, 1.31767, 0, 0.684974, 0.122685, 0, 0.416891, 0.115427, 0, 0, 0.320207
1.374, 0.0545546, 0, 0, 0.0269667, 1.31724, 0, 0.685045, 0.122696, 0, 0.41694, 0.115438, 0, 0, 0.320233
1.376, 0.0545621, 0, 0, 0.0269375, 1.31806, 0, 0.68519, 0.122752, 0, 0.417063, 0.115482, 0, 0, 0.320285
1.378, 0.0545541, 0, 0, 0.0268354, 1.3175, 0, 0.684917, 0.122649, 0, 0.416836, 0.1154, 0, 0, 0.32014
1.381, 0.0545603, 0, 0, 0.026917, 1.31785, 0, 0.685104, 0.12272, 0, 0.416989, 0.115456, 0, 0, 0.320278
1.383, 0.0545629, 0, 0, 0.0268702, 1.31761, 0, 0.684987, 0.122675, 0, 0.416893, 0.115421, 0, 0, 0.320193
1.385, 0.0545634, 0, 0, 0.026981, 1.31726, 0, 0.685066, 0.122704, 0, 0.416957, 0.115444, 0, 0, 0.320198
1.386, 0.0545684, 0, 0, 0.0270352, 1.31747, 0, 0.685196, 0.122741, 0, 0.417058, 0.115475, 0, 0, 0.320267
1.388, 0.0545772, 0, 0, 0.026904, 1.31791, 0, 0.685115, 0.122724, 0, 0.416999, 0.115459, 0, 0, 0.320284
1.39, 0.0545805, 0, 0, 0.0268585, 1.31758, 0, 0.684969, 0.122668, 0, 0.416877, 0.115415, 0, 0, 0.320178
1.392, 0.0545885, 0, 0, 0.0269129, 1.31777, 0, 0.685079, 0.122708, 0, 0.416966, 0.115447, 0, 0, 0.320255
1.393, 0.0545894, 0, 0, 0.0269461, 1.31719, 0, 0.685003, 0.122689, 0, 0.416909, 0.115431, 0, 0, 0.320216
1.395, 0.0546071, 0, 0, 0.0269445, 1.31808, 0, 0.685208, 0.122757, 0, 0.417074, 0.115486, 0, 0, 0.320351
1.397, 0.054606, 0, 0, 0.0268325, 1.31748, 0, 0.684911, 0.122647, 0, 0.416833, 0.115399, 0, 0, 0.320085
1.399, 0.0546144, 0, 0, 0.0269287, 1.31784, 0, 0.685114, 0.122721, 0, 0.416995, 0.115457, 0, 0, 0.320275
1.4, 0.0546225, 0, 0, 0.0268541, 1.31767, 0, 0.684975, 0.122685, 0, 0.416891, 0.115427, 0, 0, 0.320205
1.402, 0.0546268, 0, 0, 0.0269671, 1.31724, 0, 0.685048, 0.122697, 0, 0.416941, 0.115438, 0, 0, 0.320234
1.404, 0.054636, 0, 0, 0.0269406, 1.31805, 0, 0.685193, 0.122752, 0, 0.41706, 0.115481, 0, 0, 0.32034
1.405, 0.0546449, 0, 0, 0.0267864, 1.31765, 0, 0.684885, 0.122669, 0, 0.416829, 0.115411, 0, 0, 0.320173
1.407, 0.0546431, 0, 0, 0.0269008, 1.31774, 0, 0.68506, 0.1227, 0, 0.416951, 0.115441, 0, 0, 0.320185
1.408, 0.0546472, 0, 0, 0.0268824, 1.31769, 0, 0.685022, 0.122691, 0, 0.416923, 0.115433, 0, 0, 0.320214
1.41, 0.0546528, 0, 0, 0.0268956, 1.3177, 0, 0.685042, 0.122695, 0, 0.416936, 0.115437, 0, 0, 0.320228
1.412, 0.0546583, 0, 0, 0.0269629, 1.31722, 0, 0.685038, 0.122693, 0, 0.416933, 0.115436, 0, 0, 0.320227
1.414, 0.0546689, 0, 0, 0.02694, 1.31807, 0, 0.685201, 0.122754, 0, 0.417067, 0.115484, 0, 0, 0.320345
1.415, 0.0546718, 0, 0, 0.0267782, 1.31765, 0, 0.684875, 0.122666, 0, 0.416822, 0.115409, 0, 0, 0.320169
1.417, 0.0546636, 0, 0, 0.0269007, 1.31774, 0, 0.68506, 0.1227, 0, 0.416951, 0.115441, 0, 0, 0.32019
1.419, 0.0546642, 0, 0, 0.0268884, 1.31767, 0, 0.685026, 0.122689, 0, 0.416923, 0.115432, 0, 0, 0.32021
1.421, 0.054664, 0, 0, 0.0268989, 1.31771, 0, 0.685049, 0.122697, 0, 0.416941, 0.115438, 0, 0, 0.320233
1.422, 0.0546585, 0, 0, 0.026963, 1.31721, 0, 0.685032, 0.122693, 0, 0.416928, 0.115435, 0, 0, 0.320225
1.424, 0.0546667, 0, 0, 0.0269425, 1.31808, 0, 0.685205, 0.122756, 0, 0.417071, 0.115485, 0, 0, 0.320349
1.426, 0.0546523, 0, 0, 0.0268326, 1.31748, 0, 0.684916, 0.122648, 0, 0.416833, 0.115399, 0, 0, 0.320141
1.428, 0.0546459, 0, 0, 0.0269283, 1.31783, 0, 0.685113, 0.122721, 0, 0.416995, 0.115457, 0, 0, 0.320223
1.431, 0.0546255, 0, 0, 0.0269527, 1.31711, 0, 0.684995, 0.122676, 0, 0.416895, 0.115422, 0, 0, 0.320193
1.433, 0.0546212, 0, 0, 0.0270308, 1.31764, 0, 0.685235, 0.122767, 0, 0.417094, 0.115494, 0, 0, 0.32037
1.435, 0.0546042, 0, 0, 0.0268757, 1.31781, 0, 0.68506, 0.122703, 0, 0.416952, 0.115442, 0, 0, 0.320247
1.436, 0.0545951, 0, 0, 0.0268569, 1.31769, 0, 0.684999, 0.122684, 0, 0.416903, 0.115427, 0, 0, 0.320208
1.438, 0.0545754, 0, 0, 0.0268952, 1.31771, 0, 0.685045, 0.122695, 0, 0.416937, 0.115436, 0, 0, 0.320224
1.439, 0.0545665, 0, 0, 0.0268933, 1.3177, 0, 0.685038, 0.122693, 0, 0.416932, 0.115435, 0, 0, 0.320223
1.44, 0.0545561, 0, 0, 0.0268966, 1.3177, 0, 0.685043, 0.122694, 0, 0.416935, 0.115436, 0, 0, 0.320227
1.441, 0.0545459, 0, 0, 0.0268965, 1.3177, 0, 0.685042, 0.122694, 0, 0.416936, 0.115436, 0, 0, 0.320178
1.442, 0.0545335, 0, 0, 0.0268955, 1.3177, 0, 0.685042, 0.122694, 0, 0.416935, 0.115436, 0, 0, 0.320224
1.443, 0.0545216, 0, 0, 0.0268947, 1.3177, 0, 0.685041, 0.122694, 0, 0.416935, 0.115436, 0, 0, 0.320226
1.444, 0.0545041, 0, 0, 0.0269671, 1.31721, 0, 0.68504, 0.122694, 0, 0.416933, 0.115436, 0, 0, 0.320227
1.446, 0.05449, 0, 0, 0.0269424, 1.31807, 0, 0.685205, 0.122756, 0, 0.417072, 0.115485, 0, 0, 0.320299
1.448, 0.0544513, 0, 0, 0.0268328, 1.31748, 0, 0.684918, 0.122648, 0, 0.416834, 0.115399, 0, 0, 0.32014
1.45, 0.0544215, 0, 0, 0.0269272, 1.31783, 0, 0.685114, 0.12272, 0, 0.416993, 0.115457, 0, 0, 0.320277
1.451, 0.0544092, 0, 0, 0.0268552, 1.31767, 0, 0.68498, 0.122685, 0, 0.416893, 0.115427, 0, 0, 0.320208
1.453, 0.0543717, 0, 0, 0.0269667, 1.31724, 0, 0.685049, 0.122697, 0, 0.416941, 0.115438, 0, 0, 0.320229
1.455, 0.0543436, 0, 0, 0.0269371, 1.31806, 0, 0.685196, 0.122752, 0, 0.417062, 0.115482, 0, 0, 0.32034
1.457, 0.0542973, 0, 0, 0.0268354, 1.31749, 0, 0.684921, 0.12265, 0, 0.416837, 0.115401, 0, 0, 0.320139
1.458, 0.0542731, 0, 0, 0.0269561, 1.31774, 0, 0.685139, 0.122707, 0, 0.416999, 0.115449, 0, 0, 0.320256
1.46, 0.0542414, 0, 0, 0.0268899, 1.31767, 0, 0.685026, 0.122689, 0, 0.416922, 0.115432, 0, 0, 0.320218
1.462, 0.0542013, 0, 0, 0.0268991, 1.31771, 0, 0.68505, 0.122697, 0, 0.416941, 0.115439, 0, 0, 0.320235
1.464, 0.0541554, 0, 0, 0.0269645, 1.3172, 0, 0.685033, 0.122692, 0, 0.416929, 0.115434, 0, 0, 0.320169
1.465, 0.0541349, 0, 0, 0.0270534, 1.31748, 0, 0.68523, 0.122745, 0, 0.417077, 0.115479, 0, 0, 0.320325
1.467, 0.0540986, 0, 0, 0.0269018, 1.3179, 0, 0.685113, 0.122723, 0, 0.416995, 0.115458, 0, 0, 0.320283
1.469, 0.0540529, 0, 0, 0.0268597, 1.31758, 0, 0.684975, 0.122669, 0, 0.41688, 0.115416, 0, 0, 0.320181
1.471, 0.0540112, 0, 0, 0.026912, 1.31777, 0, 0.68508, 0.122708, 0, 0.416965, 0.115447, 0, 0, 0.320254
1.472, 0.053987, 0, 0, 0.0269471, 1.31719, 0, 0.685008, 0.122689, 0, 0.416911, 0.115431, 0, 0, 0.320217
1.474, 0.0539545, 0, 0, 0.0269445, 1.31808, 0, 0.685211, 0.122758, 0, 0.417074, 0.115486, 0, 0, 0.320351
1.476, 0.0539032, 0, 0, 0.0268328, 1.31747, 0, 0.684914, 0.122647, 0, 0.416833, 0.115399, 0, 0, 0.320085
1.478, 0.0538619, 0, 0, 0.0269289, 1.31784, 0, 0.685117, 0.122721, 0, 0.416995, 0.115458, 0, 0, 0.320276
1.479, 0.0538453, 0, 0, 0.0268544, 1.31767, 0, 0.684978, 0.122685, 0, 0.416892, 0.115427, 0, 0, 0.320206
1.481, 0.0537958, 0, 0, 0.0269709, 1.31722, 0, 0.68505, 0.122697, 0, 0.41694, 0.115438, 0, 0, 0.320234
1.483, 0.0537684, 0, 0, 0.0269395, 1.31806, 0, 0.6852, 0.122754, 0, 0.417066, 0.115483, 0, 0, 0.320344
1.485, 0.0537211, 0, 0, 0.0268355, 1.31749, 0, 0.684921, 0.12265, 0, 0.416839, 0.115401, 0, 0, 0.32009
1.486, 0.0536961, 0, 0, 0.0269568, 1.31774, 0, 0.685142, 0.122708, 0, 0.417001, 0.11545, 0, 0, 0.320252
1.488, 0.0536673, 0, 0, 0.0268895, 1.31767, 0, 0.685027, 0.122689, 0, 0.416922, 0.115432, 0, 0, 0.320217
1.49, 0.0536332, 0, 0, 0.0269683, 1.31724, 0, 0.68505, 0.122697, 0, 0.416942, 0.115439, 0, 0, 0.320235
1.492, 0.0536019, 0, 0, 0.0269406, 1.31805, 0, 0.685195, 0.122752, 0, 0.417061, 0.115481, 0, 0, 0.320341
1.493, 0.0535915, 0, 0, 0.0267861, 1.31764, 0, 0.684887, 0.122669, 0, 0.416829, 0.115411, 0, 0, 0.320173
1.495, 0.0535534, 0, 0, 0.0269, 1.31774, 0, 0.685063, 0.1227, 0, 0.41695, 0.115441, 0, 0, 0.32024
1.497, 0.0535274, 0, 0, 0.026889, 1.31767, 0, 0.685028, 0.122689, 0, 0.416925, 0.115432, 0, 0, 0.320164
1.499, 0.0534977, 0, 0, 0.0269716, 1.31722, 0, 0.68505, 0.122697, 0, 0.41694, 0.115438, 0, 0, 0.32023
1.502, 0.0534727, 0, 0, 0.0269312, 1.31809, 0, 0.685201, 0.122756, 0, 0.417066, 0.115484, 0, 0, 0.320348
1.504, 0.0534523, 0, 0, 0.026926, 1.3181, 0, 0.685205, 0.122757, 0, 0.417068, 0.115484, 0, 0, 0.32035
1.506, 0.0534351, 0, 0, 0.0268303, 1.31746, 0, 0.684915, 0.122646, 0, 0.416831, 0.115398, 0, 0, 0.320082
1.507, 0.0534225, 0, 0, 0.0269657, 1.31774, 0, 0.685158, 0.12271, 0, 0.417011, 0.115452, 0, 0, 0.320256
1.509, 0.05342, 0, 0, 0.0268919, 1.31766, 0, 0.685031, 0.12269, 0, 0.416925, 0.115433, 0, 0, 0.320218
1.511, 0.0534121, 0, 0, 0.0269016, 1.31771, 0, 0.685058, 0.122699, 0, 0.416946, 0.11544, 0, 0, 0.320238
1.513, 0.0534023, 0, 0, 0.0269647, 1.31719, 0, 0.685039, 0.122693, 0, 0.41693, 0.115434, 0, 0, 0.320225
1.514, 0.0534022, 0, 0, 0.0270544, 1.31748, 0, 0.685236, 0.122747, 0, 0.41708, 0.11548, 0, 0, 0.320334
1.516, 0.0534072, 0, 0, 0.0269023, 1.3179, 0, 0.685118, 0.122724, 0, 0.416997, 0.115458, 0, 0, 0.320286
1.518, 0.053407, 0, 0, 0.0268605, 1.31758, 0, 0.684979, 0.12267, 0, 0.416884, 0.115417, 0, 0, 0.320128
1.52, 0.0534138, 0, 0, 0.0269122, 1.31777, 0, 0.685085, 0.122709, 0, 0.416968, 0.115447, 0, 0, 0.320252
1.521, 0.0534154, 0, 0, 0.0269469, 1.31719, 0, 0.685012, 0.12269, 0, 0.416913, 0.115431, 0, 0, 0.320216
1.523, 0.0534362, 0, 0, 0.0269447, 1.31808, 0, 0.685215, 0.122758, 0, 0.417076, 0.115486, 0, 0, 0.320352
1.525, 0.0534408, 0, 0, 0.0268322, 1.31747, 0, 0.684919, 0.122647, 0, 0.416833, 0.115399, 0, 0, 0.320141
1.527, 0.0534579, 0, 0, 0.0269288, 1.31783, 0, 0.685121, 0.122722, 0, 0.416996, 0.115458, 0, 0, 0.320275
1.528, 0.0534712, 0, 0, 0.0268546, 1.31767, 0, 0.684982, 0.122685, 0, 0.416893, 0.115427, 0, 0, 0.320205
1.53, 0.053483, 0, 0, 0.0269709, 1.31722, 0, 0.685053, 0.122697, 0, 0.416942, 0.115438, 0, 0, 0.320229
1.532, 0.0535188, 0, 0, 0.0269396, 1.31806, 0, 0.685204, 0.122754, 0, 0.417067, 0.115483, 0, 0, 0.320344
1.534, 0.0535357, 0, 0, 0.0268349, 1.31749, 0, 0.684925, 0.12265, 0, 0.416838, 0.115401, 0, 0, 0.320145
1.535, 0.0535441, 0, 0, 0.0269567, 1.31774, 0, 0.685145, 0.122707, 0, 0.417001, 0.11545, 0, 0, 0.32026
1.537, 0.0535808, 0, 0, 0.0268903, 1.31766, 0, 0.68503, 0.122689, 0, 0.416925, 0.115432, 0, 0, 0.320169
1.539, 0.0536115, 0, 0, 0.0269683, 1.31724, 0, 0.685053, 0.122698, 0, 0.416943, 0.115439, 0, 0, 0.320228
1.541, 0.0536468, 0, 0, 0.0269406, 1.31805, 0, 0.685198, 0.122752, 0, 0.417062, 0.115481, 0, 0, 0.32034
1.542, 0.0536694, 0, 0, 0.0267863, 1.31764, 0, 0.68489, 0.122669, 0, 0.41683, 0.115411, 0, 0, 0.320174
1.544, 0.0536971, 0, 0, 0.0269, 1.31774, 0, 0.685066, 0.1227, 0, 0.416951, 0.115441, 0, 0, 0.320241
1.546, 0.0537358, 0, 0, 0.0268884, 1.31767, 0, 0.685032, 0.122689, 0, 0.416924, 0.115432, 0, 0, 0.320219
1.548, 0.0537708, 0, 0, 0.0269722, 1.31722, 0, 0.685052, 0.122697, 0, 0.416942, 0.115438, 0, 0, 0.320184
1.549, 0.0537922, 0, 0, 0.0270478, 1.31747, 0, 0.685223, 0.122745, 0, 0.417073, 0.115478, 0, 0, 0.320275
1.551, 0.053837, 0, 0, 0.0269035, 1.3179, 0, 0.68512, 0.122724, 0, 0.416999, 0.115459, 0, 0, 0.320283
1.553, 0.0538756, 0, 0, 0.0268597, 1.31758, 0, 0.684978, 0.122669, 0, 0.41688, 0.115416, 0, 0, 0.320181
1.555, 0.0539191, 0, 0, 0.0269128, 1.31777, 0, 0.685085, 0.122708, 0, 0.416967, 0.115447, 0, 0, 0.320255
1.556, 0.0539424, 0, 0, 0.0268741, 1.31768, 0, 0.685013, 0.12269, 0, 0.416914, 0.115431, 0, 0, 0.320218
1.558, 0.0539842, 0, 0, 0.0269664, 1.31723, 0, 0.685049, 0.122696, 0, 0.416941, 0.115438, 0, 0, 0.320183
1.56, 0.0540274, 0, 0, 0.0269422, 1.31805, 0, 0.685202, 0.122754, 0, 0.417065, 0.115482, 0, 0, 0.320336
1.562, 0.0540671, 0, 0, 0.026837, 1.31749, 0, 0.684928, 0.122651, 0, 0.41684, 0.115401, 0, 0, 0.320146
1.563, 0.0540833, 0, 0, 0.0269559, 1.31774, 0, 0.685143, 0.122707, 0, 0.417, 0.11545, 0, 0, 0.320259
1.565, 0.0541275, 0, 0, 0.0269625, 1.31718, 0, 0.685029, 0.122689, 0, 0.416922, 0.115432, 0, 0, 0.320218
1.567, 0.0541811, 0, 0, 0.0269472, 1.31809, 0, 0.685218, 0.122759, 0, 0.417079, 0.115488, 0, 0, 0.320355
1.569, 0.0542133, 0, 0, 0.0268315, 1.31747, 0, 0.684915, 0.122646, 0, 0.416831, 0.115398, 0, 0, 0.320089
1.57, 0.0542269, 0, 0, 0.0269624, 1.31774, 0, 0.685152, 0.122709, 0, 0.417008, 0.115451, 0, 0, 0.320208
1.572, 0.0542731, 0, 0, 0.0268891, 1.31766, 0, 0.685028, 0.122689, 0, 0.416922, 0.115432, 0, 0, 0.320214
1.574, 0.0543062, 0, 0, 0.0269721, 1.31722, 0, 0.685053, 0.122698, 0, 0.416941, 0.115439, 0, 0, 0.320235
1.576, 0.0543547, 0, 0, 0.0269392, 1.31806, 0, 0.685202, 0.122754, 0, 0.417066, 0.115483, 0, 0, 0.320344
1.577, 0.0543736, 0, 0, 0.0267806, 1.31764, 0, 0.684884, 0.122667, 0, 0.416826, 0.11541, 0, 0, 0.320171
1.579, 0.0543977, 0, 0, 0.0269003, 1.31774, 0, 0.685065, 0.1227, 0, 0.416952, 0.115441, 0, 0, 0.320191
1.581, 0.0544298, 0, 0, 0.0268884, 1.31767, 0, 0.68503, 0.122689, 0, 0.416924, 0.115432, 0, 0, 0.320211
1.583, 0.054456, 0, 0, 0.0269716, 1.31722, 0, 0.685052, 0.122697, 0, 0.41694, 0.115438, 0, 0, 0.320233
1.584, 0.0544723, 0, 0, 0.0270471, 1.31747, 0, 0.685222, 0.122744, 0, 0.41707, 0.115478, 0, 0, 0.320329
1.586, 0.0545041, 0, 0, 0.0269037, 1.3179, 0, 0.685119, 0.122724, 0, 0.416998, 0.115459, 0, 0, 0.320287
1.588, 0.0545259, 0, 0, 0.0268599, 1.31758, 0, 0.684978, 0.122669, 0, 0.41688, 0.115416, 0, 0, 0.320181
1.59, 0.0545505, 0, 0, 0.0269136, 1.31777, 0, 0.685084, 0.122709, 0, 0.416968, 0.115448, 0, 0, 0.320205
1.592, 0.0545703, 0, 0, 0.0268842, 1.31765, 0, 0.685021, 0.122686, 0, 0.416917, 0.115429, 0, 0, 0.320205
1.593, 0.0545741, 0, 0, 0.0269807, 1.31721, 0, 0.685064, 0.122697, 0, 0.416947, 0.115439, 0, 0, 0.320231
1.595, 0.0546052, 0, 0, 0.0269413, 1.31806, 0, 0.685206, 0.122755, 0, 0.417069, 0.115484, 0, 0, 0.320347
1.597, 0.0546114, 0, 0, 0.026834, 1.31748, 0, 0.684923, 0.122649, 0, 0.416836, 0.1154, 0, 0, 0.320144
1.599, 0.0546253, 0, 0, 0.0269271, 1.31783, 0, 0.685117, 0.12272, 0, 0.416993, 0.115457, 0, 0, 0.320277
1.6, 0.0546354, 0, 0, 0.0268566, 1.31767, 0, 0.684983, 0.122686, 0, 0.416896, 0.115428, 0, 0, 0.320159
1.602, 0.0546407, 0, 0, 0.0269671, 1.31723, 0, 0.685053, 0.122697, 0, 0.416942, 0.115439, 0, 0, 0.320227
1.604, 0.054656, 0, 0, 0.0269373, 1.31806, 0, 0.685199, 0.122752, 0, 0.417063, 0.115482, 0, 0, 0.32034
1.606, 0.0546529, 0, 0, 0.0268358, 1.31749, 0, 0.684925, 0.12265, 0, 0.416838, 0.115401, 0, 0, 0.320145
1.609, 0.0546604, 0, 0, 0.0269176, 1.31785, 0, 0.685112, 0.122721, 0, 0.416991, 0.115457, 0, 0, 0.320279
1.611, 0.0546612, 0, 0, 0.0268713, 1.3176, 0, 0.684994, 0.122676, 0, 0.416896, 0.115422, 0, 0, 0.320144
1.613, 0.0546603, 0, 0, 0.0269082, 1.31775, 0, 0.685074, 0.122705, 0, 0.41696, 0.115445, 0, 0, 0.320242
1.614, 0.0546616, 0, 0, 0.0268778, 1.31768, 0, 0.685018, 0.122691, 0, 0.416918, 0.115432, 0, 0, 0.320217
1.616, 0.0546582, 0, 0, 0.0269643, 1.31722, 0, 0.685047, 0.122695, 0, 0.416937, 0.115437, 0, 0, 0.320231
1.618, 0.0546617, 0, 0, 0.0269383, 1.31806, 0, 0.685201, 0.122753, 0, 0.417065, 0.115483, 0, 0, 0.320344
1.62, 0.0546481, 0, 0, 0.0268343, 1.31749, 0, 0.684922, 0.122649, 0, 0.416836, 0.1154, 0, 0, 0.320143
1.621, 0.0546404, 0, 0, 0.0269578, 1.31774, 0, 0.685143, 0.122707, 0, 0.417002, 0.11545, 0, 0, 0.32021
1.623, 0.0546407, 0, 0, 0.0268898, 1.31767, 0, 0.685028, 0.122689, 0, 0.416923, 0.115432, 0, 0, 0.320211
1.625, 0.0546347, 0, 0, 0.0268992, 1.31771, 0, 0.685052, 0.122698, 0, 0.416942, 0.115439, 0, 0, 0.320234
1.627, 0.0546282, 0, 0, 0.0269605, 1.31721, 0, 0.685036, 0.122692, 0, 0.416929, 0.115434, 0, 0, 0.320225
1.628, 0.0546263, 0, 0, 0.0269762, 1.31797, 0, 0.685229, 0.122744, 0, 0.417076, 0.115478, 0, 0, 0.320331
1.63, 0.0546159, 0, 0, 0.0268499, 1.31754, 0, 0.68495, 0.12266, 0, 0.41686, 0.115409, 0, 0, 0.320165
1.632, 0.0546034, 0, 0, 0.0269909, 1.3173, 0, 0.685094, 0.122713, 0, 0.416975, 0.115451, 0, 0, 0.320259
1.634, 0.0546039, 0, 0, 0.0269313, 1.318, 0, 0.685172, 0.122744, 0, 0.417043, 0.115475, 0, 0, 0.320274
1.635, 0.0546038, 0, 0, 0.0268003, 1.31765, 0, 0.68491, 0.122672, 0, 0.416844, 0.115415, 0, 0, 0.320176
1.637, 0.0545894, 0, 0, 0.0268989, 1.31773, 0, 0.685061, 0.1227, 0, 0.416948, 0.11544, 0, 0, 0.320238
1.639, 0.0545786, 0, 0, 0.0269622, 1.31718, 0, 0.68503, 0.12269, 0, 0.416923, 0.115432, 0, 0, 0.32022
1.641, 0.0545854, 0, 0, 0.0269471, 1.31808, 0, 0.685215, 0.122759, 0, 0.417078, 0.115487, 0, 0, 0.320304
1.642, 0.0545837, 0, 0, 0.0267748, 1.31764, 0, 0.684873, 0.122667, 0, 0.416819, 0.115409, 0, 0, 0.320163
1.644, 0.0545674, 0, 0, 0.026901, 1.31774, 0, 0.685066, 0.122701, 0, 0.416952, 0.115442, 0, 0, 0.320241
1.646, 0.0545635, 0, 0, 0.0268884, 1.31767, 0, 0.685029, 0.122689, 0, 0.416923, 0.115432, 0, 0, 0.320213
1.648, 0.0545604, 0, 0, 0.0268995, 1.31771, 0, 0.685053, 0.122698, 0, 0.416943, 0.115439, 0, 0, 0.320234
1.649, 0.0545544, 0, 0, 0.026963, 1.3172, 0, 0.685035, 0.122694, 0, 0.416928, 0.115435, 0, 0, 0.320226
1.651, 0.0545638, 0, 0, 0.0269428, 1.31807, 0, 0.685209, 0.122757, 0, 0.417072, 0.115485, 0, 0, 0.32035
1.653, 0.0545534, 0, 0, 0.0268335, 1.31748, 0, 0.684919, 0.122649, 0, 0.416836, 0.1154, 0, 0, 0.320088
1.655, 0.0545534, 0, 0, 0.0269281, 1.31783, 0, 0.685118, 0.122721, 0, 0.416994, 0.115457, 0, 0, 0.320275
1.656, 0.0545576, 0, 0, 0.026855, 1.31767, 0, 0.684981, 0.122686, 0, 0.416893, 0.115427, 0, 0, 0.320207
1.658, 0.0545499, 0, 0, 0.0269708, 1.31722, 0, 0.685052, 0.122698, 0, 0.41694, 0.115438, 0, 0, 0.320234
1.66, 0.0545643, 0, 0, 0.0269396, 1.31806, 0, 0.685202, 0.122754, 0, 0.417066, 0.115483, 0, 0, 0.320345
1.662, 0.0545582, 0, 0, 0.0268349, 1.31749, 0, 0.684924, 0.12265, 0, 0.416837, 0.115401, 0, 0, 0.320145
1.663, 0.0545548, 0, 0, 0.0269575, 1.31774, 0, 0.685143, 0.122708, 0, 0.417002, 0.11545, 0, 0, 0.32021
1.665, 0.0545654, 0, 0, 0.0268898, 1.31767, 0, 0.685029, 0.12269, 0, 0.416923, 0.115432, 0, 0, 0.320216
1.667, 0.0545704, 0, 0, 0.0269682, 1.31723, 0, 0.685051, 0.122698, 0, 0.416942, 0.115439, 0, 0, 0.32023
1.669, 0.054578, 0, 0, 0.0269409, 1.31805, 0, 0.685197, 0.122753, 0, 0.417061, 0.115482, 0, 0, 0.32034
1.67, 0.0545865, 0, 0, 0.0267861, 1.31764, 0, 0.684888, 0.122669, 0, 0.416829, 0.115412, 0, 0, 0.320174
1.672, 0.0545849, 0, 0, 0.0269008, 1.31774, 0, 0.685064, 0.122701, 0, 0.416952, 0.115442, 0, 0, 0.320192
1.674, 0.0545923, 0, 0, 0.0268886, 1.31767, 0, 0.68503, 0.12269, 0, 0.416924, 0.115432, 0, 0, 0.320217
1.676, 0.0545953, 0, 0, 0.0269715, 1.31722, 0, 0.685051, 0.122698, 0, 0.41694, 0.115438, 0, 0, 0.320234
1.677, 0.0546015, 0, 0, 0.0270478, 1.31747, 0, 0.685222, 0.122745, 0, 0.417072, 0.115478, 0, 0, 0.32028
1.679, 0.0546132, 0, 0, 0.0269037, 1.3179, 0, 0.685119, 0.122724, 0, 0.416998, 0.115459, 0, 0, 0.320285
1.681, 0.0546179, 0, 0, 0.0268597, 1.31758, 0, 0.684977, 0.122669, 0, 0.41688, 0.115416, 0, 0, 0.320181
1.683, 0.0546273, 0, 0, 0.0269136, 1.31776, 0, 0.685084, 0.122709, 0, 0.416969, 0.115448, 0, 0, 0.320206
1.684, 0.0546323, 0, 0, 0.0268743, 1.31768, 0, 0.685012, 0.12269, 0, 0.416914, 0.115432, 0, 0, 0.320213
1.686, 0.054633, 0, 0, 0.0269693, 1.31721, 0, 0.685048, 0.122696, 0, 0.416937, 0.115437, 0, 0, 0.320231
1.688, 0.0546517, 0, 0, 0.0269409, 1.31806, 0, 0.685205, 0.122756, 0, 0.417069, 0.115484, 0, 0, 0.320342
1.69, 0.0546492, 0, 0, 0.0268341, 1.31748, 0, 0.684922, 0.122649, 0, 0.416836, 0.1154, 0, 0, 0.320143
1.691, 0.0546462, 0, 0, 0.0269576, 1.31774, 0, 0.685145, 0.122708, 0, 0.417002, 0.11545, 0, 0, 0.32026
1.693, 0.0546533, 0, 0, 0.0269624, 1.31717, 0, 0.685027, 0.122689, 0, 0.416921, 0.115432, 0, 0, 0.320218
1.695, 0.0546694, 0, 0, 0.0269481, 1.31809, 0, 0.685217, 0.12276, 0, 0.417081, 0.115488, 0, 0, 0.320301
1.697, 0.0546625, 0, 0, 0.0268309, 1.31747, 0, 0.684914, 0.122647, 0, 0.41683, 0.115398, 0, 0, 0.320135
1.698, 0.0546573, 0, 0, 0.0269616, 1.31774, 0, 0.685151, 0.122709, 0, 0.417006, 0.115451, 0, 0, 0.320261
1.7, 0.0546654, 0, 0, 0.0268893, 1.31766, 0, 0.685027, 0.122689, 0, 0.416922, 0.115432, 0, 0, 0.320218
1.702, 0.0546592, 0, 0, 0.0269723, 1.31722, 0, 0.685052, 0.122698, 0, 0.416941, 0.115439, 0, 0, 0.320235
1.704, 0.0546633, 0, 0, 0.0269428, 1.31805, 0, 0.685201, 0.122754, 0, 0.417064, 0.115483, 0, 0, 0.320343
1.705, 0.0546674, 0, 0, 0.0267858, 1.31764, 0, 0.684887, 0.12267, 0, 0.416831, 0.115412, 0, 0, 0.320124
1.707, 0.0546519, 0, 0, 0.0269, 1.31774, 0, 0.685066, 0.122701, 0, 0.416952, 0.115442, 0, 0, 0.320239
1.709, 0.0546401, 0, 0, 0.0269607, 1.31718, 0, 0.685029, 0.122689, 0, 0.416922, 0.115432, 0, 0, 0.320213
1.711, 0.0546433, 0, 0, 0.026947, 1.31808, 0, 0.685218, 0.12276, 0, 0.417079, 0.115488, 0, 0, 0.320354
1.712, 0.05464, 0, 0, 0.0267738, 1.31764, 0, 0.684872, 0.122667, 0, 0.416818, 0.115409, 0, 0, 0.320168
1.714, 0.0546164, 0, 0, 0.0269018, 1.31774, 0, 0.685068, 0.122702, 0, 0.416954, 0.115442, 0, 0, 0.320193
1.716, 0.0546018, 0, 0, 0.0268884, 1.31767, 0, 0.68503, 0.122689, 0, 0.416924, 0.115432, 0, 0, 0.320216
1.718, 0.0545801, 0, 0, 0.0269722, 1.31722, 0, 0.685053, 0.122698, 0, 0.416941, 0.115439, 0, 0, 0.320234
1.719, 0.0545726, 0, 0, 0.027047, 1.31747, 0, 0.685222, 0.122745, 0, 0.417071, 0.115478, 0, 0, 0.320329
1.721, 0.0545568, 0, 0, 0.0269045, 1.3179, 0, 0.685119, 0.122725, 0, 0.417, 0.115459, 0, 0, 0.320233
1.723, 0.0545303, 0, 0, 0.0268601, 1.31758, 0, 0.684978, 0.12267, 0, 0.416881, 0.115416, 0, 0, 0.320178
1.725, 0.0545067, 0, 0, 0.0269129, 1.31777, 0, 0.685085, 0.122709, 0, 0.416967, 0.115448, 0, 0, 0.320255
1.726, 0.0544957, 0, 0, 0.0268745, 1.31768, 0, 0.685013, 0.12269, 0, 0.416914, 0.115432, 0, 0, 0.320219
1.728, 0.0544607, 0, 0, 0.0269695, 1.31721, 0, 0.685049, 0.122696, 0, 0.416938, 0.115437, 0, 0, 0.320232
1.729, 0.0544475, 0, 0, 0.0270486, 1.31747, 0, 0.685226, 0.122745, 0, 0.417073, 0.115478, 0, 0, 0.32033
1.731, 0.0544213, 0, 0, 0.0269034, 1.3179, 0, 0.685119, 0.122724, 0, 0.416998, 0.115459, 0, 0, 0.320286
1.733, 0.0543852, 0, 0, 0.0268606, 1.31758, 0, 0.684978, 0.12267, 0, 0.416883, 0.115416, 0, 0, 0.320127
1.736, 0.0543341, 0, 0, 0.0269077, 1.31778, 0, 0.685084, 0.12271, 0, 0.416968, 0.115448, 0, 0, 0.320256
1.738, 0.0542916, 0, 0, 0.026954, 1.31715, 0, 0.685016, 0.122684, 0, 0.416912, 0.115428, 0, 0, 0.320209
1.74, 0.0542657, 0, 0, 0.0269502, 1.3181, 0, 0.685227, 0.122763, 0, 0.417085, 0.11549, 0, 0, 0.320361
1.741, 0.0542491, 0, 0, 0.0267695, 1.31763, 0, 0.684866, 0.122666, 0, 0.416815, 0.115408, 0, 0, 0.320116
1.743, 0.0541965, 0, 0, 0.0269013, 1.31774, 0, 0.68507, 0.122702, 0, 0.416954, 0.115442, 0, 0, 0.320241
1.745, 0.0541572, 0, 0, 0.0268885, 1.31766, 0, 0.68503, 0.122689, 0, 0.416925, 0.115432, 0, 0, 0.320168
1.747, 0.054115, 0, 0, 0.0268999, 1.31771, 0, 0.685056, 0.122699, 0, 0.416945, 0.115439, 0, 0, 0.320234
1.748, 0.0540896, 0, 0, 0.0269624, 1.3172, 0, 0.685036, 0.122693, 0, 0.416929, 0.115435, 0, 0, 0.320225
1.75, 0.0540587, 0, 0, 0.0269429, 1.31807, 0, 0.685211, 0.122757, 0, 0.417073, 0.115485, 0, 0, 0.32035
1.752, 0.0540065, 0, 0, 0.0268328, 1.31748, 0, 0.684921, 0.122648, 0, 0.416835, 0.1154, 0, 0, 0.320137
1.754, 0.053965, 0, 0, 0.026928, 1.31783, 0, 0.685119, 0.122721, 0, 0.416995, 0.115457, 0, 0, 0.320278
1.755, 0.0539476, 0, 0, 0.0268552, 1.31767, 0, 0.684983, 0.122686, 0, 0.416894, 0.115427, 0, 0, 0.320208
1.757, 0.0539062, 0, 0, 0.0268944, 1.31772, 0, 0.685055, 0.122698, 0, 0.416945, 0.115439, 0, 0, 0.320231
1.759, 0.0538646, 0, 0, 0.0268855, 1.31769, 0, 0.685036, 0.122691, 0, 0.416929, 0.115434, 0, 0, 0.320222
1.761, 0.0538185, 0, 0, 0.0268945, 1.3177, 0, 0.685045, 0.122694, 0, 0.416937, 0.115436, 0, 0, 0.32018
1.762, 0.0537924, 0, 0, 0.0269655, 1.31721, 0, 0.68504, 0.122694, 0, 0.416932, 0.115435, 0, 0, 0.320222
1.764, 0.0537653, 0, 0, 0.0269421, 1.31807, 0, 0.685207, 0.122756, 0, 0.41707, 0.115485, 0, 0, 0.320347
1.766, 0.0537187, 0, 0, 0.026834, 1.31748, 0, 0.684919, 0.122648, 0, 0.416835, 0.1154, 0, 0, 0.320093
1.768, 0.0536821, 0, 0, 0.0269281, 1.31783, 0, 0.685117, 0.122721, 0, 0.416994, 0.115457, 0, 0, 0.320276
1.769, 0.0536681, 0, 0, 0.0268555, 1.31767, 0, 0.684981, 0.122685, 0, 0.416893, 0.115427, 0, 0, 0.320207
1.771, 0.0536301, 0, 0, 0.0268982, 1.31771, 0, 0.685053, 0.122697, 0, 0.416942, 0.115438, 0, 0, 0.320235
1.773, 0.0535973, 0, 0, 0.0268914, 1.31768, 0, 0.685038, 0.122692, 0, 0.41693, 0.115434, 0, 0, 0.32022
1.775, 0.0535676, 0, 0, 0.0269645, 1.31722, 0, 0.685046, 0.122695, 0, 0.416937, 0.115437, 0, 0, 0.32023
1.776, 0.0535506, 0, 0, 0.0270441, 1.31748, 0, 0.685221, 0.122743, 0, 0.417069, 0.115477, 0, 0, 0.320328
1.778, 0.0535266, 0, 0, 0.0269023, 1.3179, 0, 0.685116, 0.122723, 0, 0.416996, 0.115458, 0, 0, 0.32028
1.78, 0.0534994, 0, 0, 0.02686, 1.31758, 0, 0.684976, 0.122669, 0, 0.41688, 0.115416, 0, 0, 0.32018
1.782, 0.0534794, 0, 0, 0.0269136, 1.31776, 0, 0.685083, 0.122709, 0, 0.416968, 0.115448, 0, 0, 0.320205
1.783, 0.0534706, 0, 0, 0.0268748, 1.31768, 0, 0.685011, 0.12269, 0, 0.416914, 0.115431, 0, 0, 0.320213
1.785, 0.0534511, 0, 0, 0.0268967, 1.3177, 0, 0.685049, 0.122696, 0, 0.416939, 0.115437, 0, 0, 0.320231
1.787, 0.053432, 0, 0, 0.0269664, 1.3172, 0, 0.685039, 0.122693, 0, 0.416932, 0.115435, 0, 0, 0.320177
1.789, 0.0534313, 0, 0, 0.0269429, 1.31807, 0, 0.68521, 0.122757, 0, 0.417073, 0.115486, 0, 0, 0.320348
1.79, 0.0534281, 0, 0, 0.0267762, 1.31764, 0, 0.684877, 0.122667, 0, 0.416821, 0.11541, 0, 0, 0.320169
1.792, 0.05341, 0, 0, 0.0269001, 1.31774, 0, 0.685066, 0.122701, 0, 0.416951, 0.115441, 0, 0, 0.320242
1.794, 0.0534061, 0, 0, 0.0268881, 1.31767, 0, 0.685029, 0.122689, 0, 0.416924, 0.115432, 0, 0, 0.320214
1.796, 0.0534005, 0, 0, 0.026972, 1.31722, 0, 0.685052, 0.122698, 0, 0.416941, 0.115439, 0, 0, 0.320234
1.797, 0.0534029, 0, 0, 0.0270469, 1.31747, 0, 0.685222, 0.122745, 0, 0.41707, 0.115478, 0, 0, 0.320329
1.799, 0.05341, 0, 0, 0.0269037, 1.3179, 0, 0.685119, 0.122724, 0, 0.416998, 0.115459, 0, 0, 0.320282
1.801, 0.0534134, 0, 0, 0.0268599, 1.31758, 0, 0.684977, 0.122669, 0, 0.41688, 0.115416, 0, 0, 0.320181
1.803, 0.0534245, 0, 0, 0.0269137, 1.31776, 0, 0.685084, 0.122709, 0, 0.416969, 0.115448, 0, 0, 0.320206
1.804, 0.0534314, 0, 0, 0.0268745, 1.31768, 0, 0.685012, 0.12269, 0, 0.416914, 0.115432, 0, 0, 0.320214
1.806, 0.0534386, 0, 0, 0.0269694, 1.31721, 0, 0.685048, 0.122696, 0, 0.416938, 0.115437, 0, 0, 0.320231
1.808, 0.0534674, 0, 0, 0.0269411, 1.31806, 0, 0.685206, 0.122756, 0, 0.417069, 0.115484, 0, 0, 0.320347
1.81, 0.0534775, 0, 0, 0.0268341, 1.31748, 0, 0.684922, 0.12265, 0, 0.416837, 0.1154, 0, 0, 0.320139
1.813, 0.0535146, 0, 0, 0.0269185, 1.31785, 0, 0.685114, 0.122722, 0, 0.416995, 0.115458, 0, 0, 0.320232
1.815, 0.0535386, 0, 0, 0.0268696, 1.3176, 0, 0.684994, 0.122676, 0, 0.416894, 0.115421, 0, 0, 0.320192
1.817, 0.0535679, 0, 0, 0.0269774, 1.31727, 0, 0.685075, 0.122706, 0, 0.41696, 0.115445, 0, 0, 0.32025
1.818, 0.0535817, 0, 0, 0.02703, 1.31747, 0, 0.685199, 0.12274, 0, 0.417055, 0.115474, 0, 0, 0.320321
1.82, 0.0536157, 0, 0, 0.0269049, 1.31791, 0, 0.685121, 0.122725, 0, 0.417001, 0.11546, 0, 0, 0.320239
1.822, 0.0536452, 0, 0, 0.0268594, 1.31758, 0, 0.684975, 0.122669, 0, 0.416879, 0.115415, 0, 0, 0.320173
1.824, 0.0536824, 0, 0, 0.0269137, 1.31777, 0, 0.685085, 0.122709, 0, 0.416968, 0.115448, 0, 0, 0.320255
1.825, 0.053703, 0, 0, 0.0268743, 1.31768, 0, 0.685011, 0.12269, 0, 0.416913, 0.115431, 0, 0, 0.320218
1.827, 0.0537388, 0, 0, 0.026897, 1.3177, 0, 0.68505, 0.122696, 0, 0.416939, 0.115438, 0, 0, 0.320233
1.829, 0.0537732, 0, 0, 0.0269657, 1.3172, 0, 0.68504, 0.122693, 0, 0.416931, 0.115435, 0, 0, 0.320226
1.831, 0.0538256, 0, 0, 0.0269429, 1.31807, 0, 0.68521, 0.122757, 0, 0.417073, 0.115486, 0, 0, 0.32035
1.832, 0.0538482, 0, 0, 0.0267771, 1.31764, 0, 0.684877, 0.122667, 0, 0.416823, 0.11541, 0, 0, 0.32012
1.834, 0.0538781, 0, 0, 0.0269002, 1.31774, 0, 0.685066, 0.122701, 0, 0.416952, 0.115441, 0, 0, 0.320234
1.836, 0.0539219, 0, 0, 0.0268881, 1.31767, 0, 0.68503, 0.122689, 0, 0.416923, 0.115432, 0, 0, 0.320217
1.838, 0.0539602, 0, 0, 0.0269721, 1.31722, 0, 0.685053, 0.122698, 0, 0.416941, 0.115439, 0, 0, 0.320235
1.839, 0.0539835, 0, 0, 0.0270469, 1.31747, 0, 0.685222, 0.122745, 0, 0.41707, 0.115478, 0, 0, 0.32033
1.841, 0.0540313, 0, 0, 0.0269045, 1.3179, 0, 0.685119, 0.122724, 0, 0.417, 0.115459, 0, 0, 0.320238
1.843, 0.0540697, 0, 0, 0.02686, 1.31758, 0, 0.684978, 0.12267, 0, 0.416881, 0.115416, 0, 0, 0.320174
1.845, 0.0541138, 0, 0, 0.0269129, 1.31776, 0, 0.685084, 0.122709, 0, 0.416967, 0.115447, 0, 0, 0.320254
1.846, 0.054137, 0, 0, 0.0268745, 1.31768, 0, 0.685013, 0.12269, 0, 0.416914, 0.115432, 0, 0, 0.320218
1.848, 0.0541717, 0, 0, 0.0269695, 1.31721, 0, 0.685049, 0.122696, 0, 0.416938, 0.115437, 0, 0, 0.320232
1.85, 0.0542245, 0, 0, 0.026941, 1.31806, 0, 0.685206, 0.122755, 0, 0.417069, 0.115484, 0, 0, 0.320347
1.852, 0.0542552, 0, 0, 0.0268342, 1.31748, 0, 0.684923, 0.122649, 0, 0.416836, 0.1154, 0, 0, 0.320144
1.853, 0.0542695, 0, 0, 0.0269584, 1.31774, 0, 0.685146, 0.122708, 0, 0.417004, 0.11545, 0, 0, 0.320211
1.855, 0.0543132, 0, 0, 0.0268896, 1.31766, 0, 0.685029, 0.12269, 0, 0.416924, 0.115432, 0, 0, 0.320212
1.857, 0.0543502, 0, 0, 0.0269683, 1.31723, 0, 0.685053, 0.122698, 0, 0.416942, 0.115439, 0, 0, 0.320234
1.859, 0.0543864, 0, 0, 0.0269409, 1.31804, 0, 0.685198, 0.122753, 0, 0.417062, 0.115482, 0, 0, 0.320341
1.86, 0.0544084, 0, 0, 0.0267862, 1.31764, 0, 0.68489, 0.122669, 0, 0.41683, 0.115412, 0, 0, 0.320174
1.862, 0.0544322, 0, 0, 0.0269009, 1.31774, 0, 0.685065, 0.122701, 0, 0.416952, 0.115442, 0, 0, 0.320192
1.864, 0.0544621, 0, 0, 0.0268886, 1.31767, 0, 0.685031, 0.12269, 0, 0.416925, 0.115432, 0, 0, 0.320212
1.866, 0.0544861, 0, 0, 0.0269716, 1.31722, 0, 0.685052, 0.122698, 0, 0.41694, 0.115438, 0, 0, 0.320233
1.867, 0.0545012, 0, 0, 0.0270472, 1.31747, 0, 0.685223, 0.122745, 0, 0.417071, 0.115478, 0, 0, 0.320329
1.869, 0.0545308, 0, 0, 0.0269037, 1.3179, 0, 0.68512, 0.122724, 0, 0.416998, 0.115459, 0, 0, 0.320287
1.871, 0.0545503, 0, 0, 0.0268599, 1.31758, 0, 0.684978, 0.122669, 0, 0.41688, 0.115416, 0, 0, 0.320181
1.873, 0.0545719, 0, 0, 0.0269129, 1.31777, 0, 0.685085, 0.122709, 0, 0.416967, 0.115448, 0, 0, 0.320255
1.876, 0.0545931, 0, 0, 0.0269599, 1.31715, 0, 0.68502, 0.122685, 0, 0.416914, 0.115429, 0, 0, 0.320203
1.878, 0.0546213, 0, 0, 0.026951, 1.3181, 0, 0.685227, 0.122763, 0, 0.417086, 0.11549, 0, 0, 0.32036
1.879, 0.0546306, 0, 0, 0.0267685, 1.31763, 0, 0.684865, 0.122665, 0, 0.416813, 0.115408, 0, 0, 0.320165
1.881, 0.0546306, 0, 0, 0.0269009, 1.31774, 0, 0.685069, 0.122702, 0, 0.416953, 0.115442, 0, 0, 0.320243
1.882, 0.0546375, 0, 0, 0.0268803, 1.31769, 0, 0.685025, 0.122691, 0, 0.416921, 0.115433, 0, 0, 0.320221
1.884, 0.0546457, 0, 0, 0.0268968, 1.3177, 0, 0.685048, 0.122696, 0, 0.41694, 0.115437, 0, 0, 0.320176
1.886, 0.0546525, 0, 0, 0.0269634, 1.31721, 0, 0.685043, 0.122694, 0, 0.416934, 0.115436, 0, 0, 0.320225
1.888, 0.0546643, 0, 0, 0.0269406, 1.31807, 0, 0.685206, 0.122755, 0, 0.417069, 0.115484, 0, 0, 0.320346
1.891, 0.054658, 0, 0, 0.0268534, 1.31743, 0, 0.684923, 0.122646, 0, 0.416833, 0.115399, 0, 0, 0.320137
1.893, 0.0546615, 0, 0, 0.0269383, 1.31785, 0, 0.685131, 0.122727, 0, 0.417005, 0.115462, 0, 0, 0.320289
1.895, 0.0546597, 0, 0, 0.0268707, 1.3176, 0, 0.68499, 0.122675, 0, 0.416892, 0.115421, 0, 0, 0.320187
1.896, 0.0546562, 0, 0, 0.0269226, 1.31771, 0, 0.685088, 0.1227, 0, 0.416964, 0.115442, 0, 0, 0.320241
1.898, 0.0546561, 0, 0, 0.0269599, 1.3172, 0, 0.685034, 0.122692, 0, 0.416928, 0.115434, 0, 0, 0.320219
1.9, 0.0546591, 0, 0, 0.0269409, 1.31808, 0, 0.685206, 0.122756, 0, 0.41707, 0.115485, 0, 0, 0.320347
1.902, 0.054645, 0, 0, 0.0268321, 1.31748, 0, 0.684917, 0.122647, 0, 0.416832, 0.115399, 0, 0, 0.320141
1.903, 0.0546369, 0, 0, 0.0269597, 1.31774, 0, 0.685145, 0.122708, 0, 0.417003, 0.11545, 0, 0, 0.320211
1.905, 0.0546375, 0, 0, 0.0268895, 1.31767, 0, 0.685026, 0.122689, 0, 0.416922, 0.115432, 0, 0, 0.320215
1.907, 0.0546308, 0, 0, 0.0268993, 1.31771, 0, 0.685052, 0.122698, 0, 0.416942, 0.115439, 0, 0, 0.320235
1.909, 0.0546236, 0, 0, 0.0269604, 1.31721, 0, 0.685034, 0.122692, 0, 0.416929, 0.115434, 0, 0, 0.32022
1.91, 0.0546218, 0, 0, 0.0269764, 1.31797, 0, 0.685228, 0.122744, 0, 0.417076, 0.115478, 0, 0, 0.320328
1.912, 0.0546115, 0, 0, 0.02685, 1.31754, 0, 0.684949, 0.122661, 0, 0.41686, 0.115409, 0, 0, 0.320165
1.914, 0.0545999, 0, 0, 0.0269918, 1.3173, 0, 0.685093, 0.122713, 0, 0.416976, 0.115451, 0, 0, 0.320214
1.916, 0.0545986, 0, 0, 0.0269308, 1.318, 0, 0.685171, 0.122744, 0, 0.417042, 0.115475, 0, 0, 0.320317
1.917, 0.0545998, 0, 0, 0.0268, 1.31765, 0, 0.684908, 0.122672, 0, 0.416843, 0.115415, 0, 0, 0.320178
1.919, 0.0545854, 0, 0, 0.0268991, 1.31773, 0, 0.68506, 0.1227, 0, 0.416948, 0.115441, 0, 0, 0.320239
1.921, 0.0545798, 0, 0, 0.0268894, 1.31767, 0, 0.685031, 0.12269, 0, 0.416925, 0.115433, 0, 0, 0.320221
1.923, 0.0545744, 0, 0, 0.0269674, 1.31723, 0, 0.685049, 0.122697, 0, 0.41694, 0.115439, 0, 0, 0.320234
1.924, 0.0545692, 0, 0, 0.0270432, 1.31747, 0, 0.685217, 0.122743, 0, 0.417067, 0.115477, 0, 0, 0.320327
1.926, 0.0545681, 0, 0, 0.026904, 1.3179, 0, 0.685116, 0.122724, 0, 0.416998, 0.115459, 0, 0, 0.320236
1.928, 0.0545597, 0, 0, 0.0268603, 1.31758, 0, 0.684975, 0.122669, 0, 0.41688, 0.115416, 0, 0, 0.320173
1.93, 0.0545581, 0, 0, 0.0269132, 1.31777, 0, 0.685082, 0.122709, 0, 0.416966, 0.115447, 0, 0, 0.320253
1.931, 0.0545591, 0, 0, 0.0268748, 1.31768, 0, 0.68501, 0.12269, 0, 0.416913, 0.115432, 0, 0, 0.320218
1.933, 0.0545553, 0, 0, 0.0268969, 1.3177, 0, 0.685048, 0.122696, 0, 0.416939, 0.115438, 0, 0, 0.320232
1.935, 0.0545543, 0, 0, 0.0268928, 1.31769, 0, 0.68504, 0.122694, 0, 0.416932, 0.115436, 0, 0, 0.320227
1.937, 0.0545548, 0, 0, 0.0269644, 1.31722, 0, 0.685042, 0.122695, 0, 0.416937, 0.115437, 0, 0, 0.320176
1.938, 0.0545517, 0, 0, 0.0270451, 1.31748, 0, 0.685221, 0.122744, 0, 0.417071, 0.115478, 0, 0, 0.320321
1.94, 0.0545572, 0, 0, 0.0269022, 1.3179, 0, 0.685115, 0.122723, 0, 0.416996, 0.115458, 0, 0, 0.320284
1.942, 0.0545567, 0, 0, 0.02686, 1.31758, 0, 0.684975, 0.122669, 0, 0.416879, 0.115416, 0, 0, 0.320181
1.944, 0.0545613, 0, 0, 0.0269128, 1.31777, 0, 0.685082, 0.122709, 0, 0.416966, 0.115447, 0, 0, 0.320255
1.945, 0.0545655, 0, 0, 0.0268747, 1.31768, 0, 0.68501, 0.12269, 0, 0.416913, 0.115432, 0, 0, 0.320218
1.947, 0.0545677, 0, 0, 0.0268967, 1.3177, 0, 0.685047, 0.122696, 0, 0.416939, 0.115438, 0, 0, 0.320227
1.949, 0.0545739, 0, 0, 0.026962, 1.31721, 0, 0.685038, 0.122693, 0, 0.416932, 0.115435, 0, 0, 0.320226
1.951, 0.0545812, 0, 0, 0.0269441, 1.31806, 0, 0.685204, 0.122756, 0, 0.417068, 0.115484, 0, 0, 0.320341
1.952, 0.0545904, 0, 0, 0.0267821, 1.31764, 0, 0.684881, 0.122669, 0, 0.416825, 0.115411, 0, 0, 0.32017
1.954, 0.0545883, 0, 0, 0.0269005, 1.31774, 0, 0.685065, 0.122701, 0, 0.416951, 0.115442, 0, 0, 0.320242
1.956, 0.0545963, 0, 0, 0.0268882, 1.31767, 0, 0.685029, 0.12269, 0, 0.416924, 0.115432, 0, 0, 0.320214
1.958, 0.0545996, 0, 0, 0.0269718, 1.31722, 0, 0.685051, 0.122698, 0, 0.416941, 0.115439, 0, 0, 0.320234
1.959, 0.0546053, 0, 0, 0.0270468, 1.31747, 0, 0.685221, 0.122745, 0, 0.41707, 0.115478, 0, 0, 0.320329
1.961, 0.0546184, 0, 0, 0.0269044, 1.3179, 0, 0.685118, 0.122725, 0, 0.417, 0.115459, 0, 0, 0.320238
1.963, 0.0546221, 0, 0, 0.0268599, 1.31758, 0, 0.684977, 0.12267, 0, 0.416881, 0.115416, 0, 0, 0.320179
1.965, 0.054631, 0, 0, 0.0269128, 1.31776, 0, 0.685083, 0.122709, 0, 0.416967, 0.115448, 0, 0, 0.320255
1.968, 0.0546418, 0, 0, 0.0269563, 1.31716, 0, 0.685019, 0.122686, 0, 0.416915, 0.115429, 0, 0, 0.320209
1.97, 0.0546556, 0, 0, 0.0269487, 1.3181, 0, 0.685221, 0.122762, 0, 0.417082, 0.115489, 0, 0, 0.320358
1.972, 0.0546517, 0, 0, 0.0268292, 1.31746, 0, 0.684909, 0.122645, 0, 0.416826, 0.115397, 0, 0, 0.320131
1.973, 0.0546481, 0, 0, 0.0269637, 1.31774, 0, 0.685153, 0.122709, 0, 0.417007, 0.115451, 0, 0, 0.32026
1.975, 0.0546603, 0, 0, 0.0268893, 1.31766, 0, 0.685025, 0.122689, 0, 0.416921, 0.115432, 0, 0, 0.320217
1.977, 0.0546639, 0, 0, 0.0269005, 1.31771, 0, 0.685052, 0.122699, 0, 0.416944, 0.11544, 0, 0, 0.320187
1.979, 0.0546595, 0, 0, 0.0269638, 1.31719, 0, 0.685034, 0.122692, 0, 0.416928, 0.115434, 0, 0, 0.320217
1.98, 0.0546612, 0, 0, 0.0270536, 1.31748, 0, 0.685232, 0.122746, 0, 0.417078, 0.115479, 0, 0, 0.32033
1.982, 0.0546664, 0, 0, 0.0269022, 1.3179, 0, 0.685115, 0.122723, 0, 0.416996, 0.115458, 0, 0, 0.320285
1.984, 0.054661, 0, 0, 0.0268599, 1.31758, 0, 0.684976, 0.12267, 0, 0.41688, 0.115416, 0, 0, 0.320182
1.986, 0.0546582, 0, 0, 0.0269123, 1.31776, 0, 0.685082, 0.122709, 0, 0.416966, 0.115447, 0, 0, 0.320255
1.987, 0.0546577, 0, 0, 0.0268745, 1.31768, 0, 0.685011, 0.12269, 0, 0.416913, 0.115432, 0, 0, 0.320218
1.989, 0.0546447, 0, 0, 0.02697, 1.31721, 0, 0.685046, 0.122696, 0, 0.416939, 0.115438, 0, 0, 0.320182
1.991, 0.0546472, 0, 0, 0.026941, 1.31806, 0, 0.685204, 0.122756, 0, 0.417069, 0.115484, 0, 0, 0.320339
1.993, 0.0546278, 0, 0, 0.026834, 1.31748, 0, 0.684921, 0.122649, 0, 0.416836, 0.1154, 0, 0, 0.320142
1.994, 0.054616, 0, 0, 0.0269577, 1.31774, 0, 0.685144, 0.122708, 0, 0.417002, 0.11545, 0, 0, 0.32026
1.996, 0.0546042, 0, 0, 0.0269624, 1.31717, 0, 0.685026, 0.12269, 0, 0.416921, 0.115432, 0, 0, 0.320218
1.998, 0.0546002, 0, 0, 0.0269475, 1.31809, 0, 0.685217, 0.12276, 0, 0.417079, 0.115488, 0, 0, 0.320355
2, 0.0545728, 0, 0, 0.0268315, 1.31747, 0, 0.684912, 0.122647, 0, 0.416831, 0.115398, 0, 0, 0.320084
2.001, 0.0545558, 0, 0, 0.026962, 1.31774, 0, 0.68515, 0.122709, 0, 0.417006, 0.115451, 0, 0, 0.320255
2.003, 0.0545421, 0, 0, 0.0268892, 1.31766, 0, 0.685026, 0.122689, 0, 0.416922, 0.115432, 0, 0, 0.320217
2.004, 0.118196, 0, 0, 0, 0.510371, 0, 0.054994, 0, 0, 0, 0, 0, 0, 0
2.006, 0.0703573, 0, 0, 0, 0.285983, 0, 0.0623648, 0.00115668, 0, 0, 0, 0, 0, 0.00090415
2.007, 0.060337, 0, 0, 0, 0.231965, 0, 0.0688509, 0.00131279, 0, 0.00247856, 0, 0, 0, 0.00339222
2.009, 0.0655093, 0, 0, 0, 0.194601, 0, 0.060838, 0.000906137, 0, 0.00146026, 0, 0, 0, 0.00241317
2.011, 0.0667184, 0, 0, 0, 0.0987705, 0, 0.0498265, 0.000399063, 0, 0.000122197, 0, 0, 0, 0.00191676
2.013, 0.0634903, 0, 0, 0, 0.0808864, 0, 0.0445949, 0.000971593, 0, 0.000622304, 0, 0, 0, 0.00247776
2.016, 0.0665222, 0, 0, 0, 0.0822963, 0, 0.0356276, 0.000342628, 0, 0, 0, 0, 0, 0.00256706
2.018, 0.0671751, 0, 0, 0, 0.0886715, 0, 0.0349045, 0.000281043, 0, 0, 0, 0, 0, 0.00279994
2.02, 0.0685469, 0, 0, 0, 0.0925931, 0, 0.0328221, 0, 0, 0, 0, 0, 0, 0.0031201
2.021, 0.0691757, 0, 0, 0, 0.0873216, 0, 0.0323894, 0, 0, 0, 0, 0, 0, 0.00334277
2.023, 0.0680974, 0, 0, 0, 0.0715788, 0, 0.0274605, 0, 0, 0, 0, 0, 0, 0.00396065
2.025, 0.0652656, 0, 0, 0, 0.0469995, 0, 0.0213218, 0, 0, 0, 0, 0, 0, 0.00483377
2.027, 0.0605326, 0, 0, 0, 0.0139375, 0, 0.0168304, 0, 0, 0, 0, 0, 0, 0.0054173
2.028, 0.0543835, 0, 0, 0, 0.00971667, 0, 0.0136218, 0, 0, 0, 0, 0, 0, 0.0054005
2.03, 0.0525657, 0, 0, 0, 0.00338568, 0, 0.00765632, 0.00135577, 0, 0, 0, 0, 0, 0.00556346
2.032, 0.0502112, 0, 0, 0, 0, 0, 0.00436662, 0.00260462, 0, 0, 0, 0, 0, 0.00559532
2.034, 0.0483667, 0, 0, 0, 0, 0, 0.00388176, 0.00364922, 0, 0, 0, 0, 0, 0.00379891
2.035, 0.047807, 0, 0, 0, 0, 0, 0.00354251, 0.00405063, 0, 0, 0, 0, 0, 0.00381446
2.037, 0.046809, 0, 0, 0, 0, 0, 0.00320674, 0.00468445, 0, 0, 0, 0, 0, 0.00381207
2.039, 0.045975, 0, 0, 0, 0, 0, 0, 0.00508611, 0, 0, 0, 0, 0, 0
2.041, 0.0453698, 0, 0, 0, 0, 0, 0, 0.00535322, 0, 0, 0, 0, 0, 0
2.043, 0.0447704, 0, 0, 0, 0, 0, 0, 0.00544631, 0, 0, 0, 0, 0, 0
2.044, 0.044284, 0, 0, 0, 0, 0, 0, 0, 0, 0, 0, 0, 0, 0
2.046, 0.0437028, 0, 0, 0, 0, 0, 0, 0, 0, 0, 0, 0, 0, 0
2.048, 0.0431173, 0, 0, 0, 0, 0, 0, 0, 0, 0, 0, 0, 0, 0
2.05, 0.042551, 0, 0, 0, 0, 0, 0, 0, 0, 0, 0, 0, 0, 0
2.052, 0.0416868, 0, 0, 0, 0, 0, 0, 0, 0, 0, 0, 0, 0, 0
2.054, 0.0408506, 0, 0, 0, 0, 0, 0, 0, 0, 0, 0, 0, 0, 0
2.056, 0.0402828, 0, 0, 0, 0, 0, 0, 0, 0, 0, 0, 0, 0, 0
2.059, 0.0409512, 0, 0, 0, 0, 0, 0, 0, 0, 0, 0, 0, 0, 0
2.063, 0.0507564, 0, 0, 0, 0, 0, 0, 0, 0, 0, 0, 0, 0, 0
2.065, 0.0588739, 0, 0, 0, 0, 0, 0, 0, 0, 0, 0, 0, 0, 0
2.067, 0.0680245, 0, 0, 0, 0, 0, 0, 0, 0, 0, 0, 0, 0, 0
2.069, 0.0363594, 0, 0, 0, 0, 0, 0, 0, 0, 0, 0, 0, 0, 0
2.071, 0.0438488, 0, 0, 0, 0, 0, 0, 0, 0, 0, 0, 0, 0, 0
2.072, 0.0493693, 0, 0, 0, 0, 0, 0, 0, 0, 0, 0, 0, 0, 0
2.074, 0.0646026, 0, 0, 0, 0, 0, 0, 0, 0, 0, 0, 0, 0, 0
2.076, 0.0340258, 0, 0, 0, 0, 0, 0, 0, 0, 0, 0, 0, 0, 0
2.078, 0.0312316, 0, 0, 0, 0, 0, 0, 0, 0, 0, 0, 0, 0, 0
2.08, 0.0310681, 0, 0, 0, 0, 0, 0, 0, 0, 0, 0, 0, 0, 0
2.082, 0.0312357, 0, 0, 0, 0, 0, 0, 0, 0, 0, 0, 0, 0, 0
2.084, 0.0309599, 0, 0, 0, 0, 0, 0, 0, 0, 0, 0, 0, 0, 0
2.087, 0, 0, 0, 0, 0, 0, 0, 0, 0, 0, 0, 0, 0, 0
2.089, 0.0369376, 0, 0, 0, 0, 0, 0, 0, 0, 0, 0, 0, 0, 0
2.091, 0.0372736, 0, 0, 0, 0, 0, 0, 0, 0, 0, 0, 0, 0, 0
2.093, 0.0357973, 0, 0, 0, 0, 0, 0, 0, 0, 0, 0, 0, 0, 0
2.094, 0.0351169, 0, 0, 0, 0, 0, 0, 0, 0, 0, 0, 0, 0, 0
2.096, 0.0339277, 0, 0, 0, 0, 0, 0, 0, 0, 0, 0, 0, 0, 0
2.098, 0.032901, 0, 0, 0, 0, 0, 0, 0, 0, 0, 0, 0, 0, 0
2.1, 0.0319881, 0, 0, 0, 0, 0, 0, 0, 0, 0, 0, 0, 0, 0
2.102, 0.0311631, 0, 0, 0, 0, 0, 0, 0, 0, 0, 0, 0, 0, 0
2.104, 0, 0, 0, 0, 0, 0, 0, 0, 0, 0, 0, 0, 0, 0
2.106, 0.0350525, 0, 0, 0, 0, 0, 0, 0, 0, 0, 0, 0, 0, 0
2.108, 0, 0, 0, 0, 0, 0, 0, 0, 0, 0, 0, 0, 0, 0
2.111, 0, 0, 0, 0, 0, 0, 0, 0, 0, 0, 0, 0, 0, 0
2.113, 0, 0, 0, 0, 0, 0, 0, 0, 0, 0, 0, 0, 0, 0
2.115, 0, 0, 0, 0, 0, 0, 0, 0, 0, 0, 0, 0, 0, 0
2.117, 0, 0, 0, 0, 0, 0, 0, 0, 0, 0, 0, 0, 0, 0
2.119, 0, 0, 0, 0, 0, 0, 0, 0, 0, 0, 0, 0, 0, 0
2.121, 0, 0, 0, 0, 0, 0, 0, 0, 0, 0, 0, 0, 0, 0
2.123, 0, 0, 0, 0, 0, 0, 0, 0, 0, 0, 0, 0, 0, 0
2.124, 0.16574, 0, 0, 0, 0, 0, 0, 0, 0, 0, 0, 0, 0, 0
2.126, 0.146644, 0, 0, 0, 0, 0, 0, 0, 0, 0, 0, 0, 0, 0
2.128, 0.130845, 0, 0, 0, 0, 0, 0, 0, 0, 0, 0, 0, 0, 0
2.13, 0.146148, 0, 0, 0, 0, 0, 0, 0, 0, 0, 0, 0, 0, 0
2.132, 0.155883, 0, 0, 0, 0, 0, 0, 0, 0, 0, 0, 0, 0, 0
2.134, 0.133549, 0, 0, 0, 0, 0, 0, 0, 0, 0, 0, 0, 0, 0
2.136, 0.115518, 0, 0, 0, 0, 0, 0, 0, 0, 0, 0, 0, 0, 0
2.137, 0.107766, 0, 0, 0, 0, 0, 0, 0, 0, 0, 0, 0, 0, 0
2.139, 0.0947282, 0, 0, 0, 0, 0, 0, 0, 0, 0, 0, 0, 0, 0
2.141, 0.0839255, 0, 0, 0, 0, 0, 0, 0, 0, 0, 0, 0, 0, 0
2.143, 0.0749473, 0, 0, 0, 0, 0, 0, 0, 0, 0, 0, 0, 0, 0
2.144, 0.0710497, 0, 0, 0, 0, 0, 0, 0, 0, 0, 0, 0, 0, 0
2.146, 0.06426, 0, 0, 0, 0, 0, 0, 0, 0, 0, 0, 0, 0, 0
2.148, 0.0531278, 0, 0, 0, 0, 0, 0, 0, 0, 0, 0, 0, 0, 0
2.15, 0.0541362, 0, 0, 0, 0, 0, 0, 0, 0, 0, 0, 0, 0, 0
2.152, 0.0408993, 0, 0, 0, 0, 0, 0, 0, 0, 0, 0, 0, 0, 0
2.154, 0.107944, 0, 0, 0, 0, 0, 0, 0, 0, 0, 0, 0, 0, 0
2.156, 0.0261195, 0, 0, 0, 0, 0, 0, 0, 0, 0, 0, 0, 0, 0
2.158, 0.0271531, 0, 0, 0, 0, 0, 0, 0, 0, 0, 0, 0, 0, 0
2.159, 0.0272834, 0, 0, 0, 0, 0, 0, 0, 0, 0, 0, 0, 0, 0
2.161, 0.0266724, 0, 0, 0, 0, 0, 0, 0, 0, 0, 0, 0, 0, 0
2.163, 0, 0, 0, 0, 0, 0, 0, 0, 0, 0, 0, 0, 0, 0
2.165, 0.342773, 0, 0, 0, 0, 0, 0, 0, 0, 0, 0, 0, 0, 0
2.167, 0.00641316, 0, 0, 0, 0, 0, 0, 0, 0, 0, 0, 0, 0, 0
2.169, 0.000867526, 0, 0, 0, 0, 0, 0, 0, 0, 0, 0, 0, 0, 0
2.171, 0.00666608, 0, 0, 0, 0, 0, 0, 0, 0, 0, 0, 0, 0, 0
2.172, 0.00943433, 0, 0, 0, 0, 0, 0, 0, 0, 0, 0, 0, 0, 0
2.174, 0.0139125, 0, 0, 0, 0, 0, 0, 0, 0, 0, 0, 0, 0, 0
2.176, 0.0174827, 0, 0, 0, 0, 0, 0, 0, 0, 0, 0, 0, 0, 0
2.178, 0.0183724, 0, 0, 0, 0, 0, 0, 0, 0, 0, 0, 0, 0, 0
2.18, 0.0218642, 0, 0, 0, 0, 0, 0, 0, 0, 0, 0, 0, 0, 0
2.182, 0.0302042, 0, 0, 0, 0, 0, 0, 0, 0, 0, 0, 0, 0, 0
2.184, 0.0426962, 0, 0, 0, 0, 0, 0, 0, 0, 0, 0, 0, 0, 0
2.187, 0.037465, 0, 0, 0, 0, 0, 0, 0, 0, 0, 0, 0, 0, 0
2.189, 0.0453319, 0, 0, 0, 0, 0, 0, 0, 0, 0, 0, 0, 0, 0
2.191, 0.0474778, 0, 0, 0, 0, 0, 0, 0, 0, 0, 0, 0, 0, 0
2.193, 0.0463315, 0, 0, 0, 0, 0, 0, 0, 0, 0, 0, 0, 0, 0
2.195, 0, 0, 0, 0, 0, 0, 0, 0, 0, 0, 0, 0, 0, 0
2.197, 0.0505292, 0, 0, 0, 0, 0, 0, 0, 0, 0, 0, 0, 0, 0
2.198, 0.0506383, 0, 0, 0, 0, 0, 0, 0, 0, 0, 0, 0, 0, 0
2.2, 0.0503877, 0, 0, 0, 0, 0, 0, 0, 0, 0, 0, 0, 0, 0
2.202, 0.0499642, 0, 0, 0, 0, 0, 0, 0, 0, 0, 0, 0, 0, 0
2.204, 0.0495263, 0, 0, 0, 0, 0, 0, 0, 0, 0, 0, 0, 0, 0
2.206, 0.0491175, 0, 0, 0, 0, 0, 0, 0, 0, 0, 0, 0, 0, 0
2.208, 0.0487457, 0, 0, 0, 0, 0, 0, 0, 0, 0, 0, 0, 0, 0
2.21, 0.048408, 0, 0, 0, 0, 0, 0, 0, 0, 0, 0, 0, 0, 0
2.212, 0.0480995, 0, 0, 0, 0, 0, 0, 0, 0, 0, 0, 0, 0, 0
2.213, 0.0479551, 0, 0, 0, 0, 0, 0, 0, 0, 0, 0, 0, 0, 0
2.215, 0.0476841, 0, 0, 0, 0, 0, 0, 0, 0, 0, 0, 0, 0, 0
2.217, 0.0474351, 0, 0, 0, 0, 0, 0, 0, 0, 0, 0, 0, 0, 0
2.219, 0, 0, 0, 0, 0, 0, 0, 0, 0, 0, 0, 0, 0, 0
2.221, 0.0613463, 0, 0, 0, 0, 0, 0, 0, 0, 0, 0, 0, 0, 0
2.223, 0.059193, 0, 0, 0, 0, 0, 0, 0, 0, 0, 0, 0, 0, 0
2.224, 0.0117012, 0, 0, 0, 0, 0, 0, 0, 0, 0, 0, 0, 0, 0
2.226, 0.0456584, 0, 0, 0, 0, 0, 0, 0, 0, 0, 0, 0, 0, 0
2.228, 0.040405, 0, 0, 0, 0, 0, 0, 0, 0, 0, 0, 0, 0, 0
2.23, 0.0411008, 0, 0, 0, 0, 0, 0, 0, 0, 0, 0, 0, 0, 0
